barcode,sample_id,slide,gfp_status,celltype,lineage,hypoxia_dynamics,hypoxia_score,v_hypoxia,prolif_score,hypoxia_latent_time,velocity_pseudotime,is_tumor
AGCACTTGTAGCCTGC,edge_gfp_plus,edge,GFP+,Mac_MHCII,Myeloid,non_tumor,-0.4693024553472905,0.592067783476575,-0.26873109966604813,0.042360901832580566,0.9576390981674194,False
CACGGCTGTCATCCTC,edge_gfp_plus,edge,GFP+,cDC,Myeloid,non_tumor,0.24759341147626304,0.7371879744121512,-0.23861201215080205,0.03578144311904907,0.9642185568809509,False
TGGCATTGTTCACTGG,edge_gfp_plus,edge,GFP+,Mac_MHCII,Myeloid,non_tumor,1.6080403703201622,0.9301215380023969,-0.2953664224982106,0.035284221172332764,0.9647157788276672,False
AAAGGTTGTAGCGACG,edge_gfp_plus,edge,GFP+,Mac_MHCII,Myeloid,non_tumor,-0.41840547031917613,0.875265302101341,-0.10730401170603379,0.13729321956634521,0.8627067804336548,False
GGTCATTGTGATCCTG,edge_gfp_plus,edge,GFP+,Mac_MHCII,Myeloid,non_tumor,-0.5049195122372423,0.9319887522466187,0.21400434257330395,0.17232275009155273,0.8276772499084473,False
CGCATATGTCCATCCT,edge_gfp_plus,edge,GFP+,Tumor,Tumor,entering_deep_hypoxia,0.9168348466854898,1.7105550948120505,-0.35320287466632877,0.07703548669815063,0.9229645133018494,True
TCAGCCAGTGCAGGTG,edge_gfp_plus,edge,GFP+,Monocyte,Myeloid,non_tumor,-0.47814499531522814,0.9322472858532134,-0.3360990875725636,0.06325393915176392,0.9367460608482361,False
CTCCGTTGTCTGGTAT,edge_gfp_plus,edge,GFP+,Monocyte,Myeloid,non_tumor,-0.28694369283982973,0.6404888858368891,-0.29150903074397394,0.08566272258758545,0.9143372774124146,False
AGCCTCAGTCATGGAA,edge_gfp_plus,edge,GFP+,Mac_MHCII,Myeloid,non_tumor,0.10323890454251339,0.7371543183748909,-0.3018529421012065,0.044892847537994385,0.9551071524620056,False
ATTGTCAGTTAGAGAT,edge_gfp_plus,edge,GFP+,Mac_MHCII,Myeloid,non_tumor,1.5288915452027245,-0.2326062476461876,-0.30137786809676925,0.04225873947143555,0.9577412605285645,False
CTACCCTGTTAAGGGC,edge_gfp_plus,edge,GFP+,Mac_MHCII,Myeloid,non_tumor,-0.009615721125817515,0.30259410990085245,-0.2791039553669124,0.10515284538269043,0.8948471546173096,False
GTTAGCTGTGGAGAGA,edge_gfp_plus,edge,GFP+,Mac_MHCII,Myeloid,non_tumor,-0.518296436119523,0.8752943990589951,3.8211111711735977,0.20094811916351318,0.7990518808364868,False
CTAGAAGGTTAACGCT,edge_gfp_plus,edge,GFP+,cDC,Myeloid,non_tumor,-0.2539847141194985,0.9716822916537892,0.43597898604532864,0.11877268552780151,0.8812273144721985,False
GGCACGAGTTGGATCT,edge_gfp_plus,edge,GFP+,cDC,Myeloid,non_tumor,-0.6005680765746424,1.0687227955000689,2.1768261668875657,0.1668683886528015,0.8331316113471985,False
GCTTAACGTAGCTAAG,edge_gfp_plus,edge,GFP+,cDC,Myeloid,non_tumor,0.5469059306822813,0.7370186895055599,-0.28935569739133526,0.1048353910446167,0.8951646089553833,False
TAGCCCAGTTGCGCGT,edge_gfp_plus,edge,GFP+,Mac_MHCII,Myeloid,non_tumor,1.8068490948977345,0.43703134295568136,-0.2757948526834584,0.03682208061218262,0.9631779193878174,False
CCCATCTGTTCGAGCC,edge_gfp_plus,edge,GFP+,Tumor_proliferating,Tumor,persistent_hypoxia,0.7844683785484663,-0.029452170048808124,1.4329913890771049,0.5882453918457031,0.4117546081542969,True
CGCCTAAGTTTGACTA,edge_gfp_plus,edge,GFP+,Mac_MHCII,Myeloid,non_tumor,-0.4306485570164233,0.7174536522117362,-0.29331364089185963,0.03971153497695923,0.9602884650230408,False
GTAGAATGTTTCGGGC,edge_gfp_plus,edge,GFP+,Mac_MHCII,Myeloid,non_tumor,-0.4472037192652552,0.830502369401507,0.0696045276092135,0.1487688422203064,0.8512311577796936,False
CCGTAATGTGAACGCG,edge_gfp_plus,edge,GFP+,CD8_exhausted,T_cell,non_tumor,-0.27559113321769757,0.8095861170600291,1.8945768019931406,0.1427065134048462,0.8572934865951538,False
TGAACAGGTTTGCCTC,edge_gfp_plus,edge,GFP+,cDC,Myeloid,non_tumor,0.4694799797658587,0.8558901630452008,-0.32442972855965924,0.302852988243103,0.697147011756897,False
CGCTTAGGTTCGTCCT,edge_gfp_plus,edge,GFP+,cDC,Myeloid,non_tumor,-0.105156254794011,1.1039644948935132,-0.24622724834472187,0.08150678873062134,0.9184932112693787,False
CCGGGTTGTTAAGTGG,edge_gfp_plus,edge,GFP+,Mac_MHCII,Myeloid,non_tumor,-0.4560594471439514,1.2687339189272984,0.29115500619817564,0.15142279863357544,0.8485772013664246,False
GTGTAAGGTGAAGCCG,edge_gfp_plus,edge,GFP+,Mac_MHCII,Myeloid,non_tumor,-0.46772278807175427,1.087604970254951,-0.2583050380817112,0.13528263568878174,0.8647173643112183,False
GGTAGCGGTCATGAGA,edge_gfp_plus,edge,GFP+,Mac_MHCII,Myeloid,non_tumor,1.1981891825904756,0.39391154153510133,-0.31526205831076376,0.035243332386016846,0.9647566676139832,False
TCGCCAAGTGGAGACT,edge_gfp_plus,edge,GFP+,Mac_MHCII,Myeloid,non_tumor,1.4925366236735875,0.6690342319993974,-0.3321797106867061,0.0358806848526001,0.9641193151473999,False
CAAGCCCGTCAGGAAC,edge_gfp_plus,edge,GFP+,cDC,Myeloid,non_tumor,-0.0849902726384034,0.84033896639437,-0.32036126567834006,0.25729405879974365,0.7427059412002563,False
ACGAAATGTCCATAGT,edge_gfp_plus,edge,GFP+,Mac_MHCII,Myeloid,non_tumor,0.17069399451464845,0.6354409494776712,-0.21618311922698735,0.04491668939590454,0.9550833106040955,False
GTTCTAAGTCATGCTG,edge_gfp_plus,edge,GFP+,cDC,Myeloid,non_tumor,0.5452079028053956,1.4396287295365613,0.5845716836895828,0.09129583835601807,0.9087041616439819,False
GTCCGTAGTGAACCAA,edge_gfp_plus,edge,GFP+,Tumor_proliferating,Tumor,entering_deep_hypoxia,0.2956002034704216,1.1900075521615368,0.9089176148441961,0.39353013038635254,0.6064698696136475,True
ATGTACCGTGGCTGAG,edge_gfp_plus,edge,GFP+,Monocyte,Myeloid,non_tumor,-0.7256208874281709,0.728595677028317,-0.20300204656540793,0.0699567198753357,0.9300432801246643,False
TACCATAGTTACACCG,edge_gfp_plus,edge,GFP+,Monocyte,Myeloid,non_tumor,-0.3773673685602215,0.6115366924740216,-0.16819191574165687,0.0681573748588562,0.9318426251411438,False
AATGTCCGTTGCTCCT,edge_gfp_plus,edge,GFP+,Tumor_proliferating,Tumor,persistent_hypoxia,0.6257919027719847,0.026389965509333396,0.01979080510331214,0.5630508661270142,0.43694913387298584,True
TCGATTAGTTATGGTC,edge_gfp_plus,edge,GFP+,Mac_MHCII,Myeloid,non_tumor,-0.4624423700809769,0.7215016141113112,0.2568847499000514,0.16770464181900024,0.8322953581809998,False
TGTAGCTGTGAGCGCA,edge_gfp_plus,edge,GFP+,cDC,Myeloid,non_tumor,-0.058676159407092136,0.9241186817916625,-0.1471597195542766,0.10322874784469604,0.896771252155304,False
AAGCCAAGTAGCTCAT,edge_gfp_plus,edge,GFP+,Mac_MHCII,Myeloid,non_tumor,-0.5974878018498707,1.1821242084831922,4.713482516476004,0.20555436611175537,0.7944456338882446,False
CTGTTCCGTTGCAGGG,edge_gfp_plus,edge,GFP+,Mac_MHCII,Myeloid,non_tumor,0.37754133301035525,1.1745868999234377,4.995671579391614,0.1989848017692566,0.8010151982307434,False
CTTATCTGTTAGAGGC,edge_gfp_plus,edge,GFP+,Monocyte,Myeloid,non_tumor,-0.3032820175869759,0.628948302064858,-0.2941319746042195,0.03373664617538452,0.9662633538246155,False
GGGGTCAGTAGGCTGG,edge_gfp_plus,edge,GFP+,Mac_MHCII,Myeloid,non_tumor,-0.36874292495350103,1.178364360501674,0.22131659609810775,0.08307725191116333,0.9169227480888367,False
CGCATATGTCATGAGA,edge_gfp_plus,edge,GFP+,Mac_MHCII,Myeloid,non_tumor,0.5962458958295802,0.49779662240550027,-0.13212042424152853,0.08709609508514404,0.912903904914856,False
AACCGAAGTCCATTAA,edge_gfp_plus,edge,GFP+,Mac_MHCII,Myeloid,non_tumor,-0.4873453185831733,0.6769205117208235,-0.2891121760686247,0.03326684236526489,0.9667331576347351,False
CGCAGCTGTTTGGCTG,edge_gfp_plus,edge,GFP+,Mac_MHCII,Myeloid,non_tumor,0.6385400244306801,1.0465326180762542,-0.12819825784826935,0.10637891292572021,0.8936210870742798,False
ACCGACCGTTCCTCGT,edge_gfp_plus,edge,GFP+,Mac_MHCII,Myeloid,non_tumor,-0.11901918423318848,0.36172704495211055,-0.27825580605746564,0.035383522510528564,0.9646164774894714,False
TGTGAAGGTCAGGATA,edge_gfp_plus,edge,GFP+,Mac_MHCII,Myeloid,non_tumor,1.1749518817561342,1.0722052159198834,-0.22695630283357543,0.040310800075531006,0.959689199924469,False
GCGACAGGTGGCCATC,edge_gfp_plus,edge,GFP+,Mac_MHCII,Myeloid,non_tumor,0.58725905637209,0.8470925981849806,0.06747347305905442,0.16162705421447754,0.8383729457855225,False
GTTGCCAGTGAGTATG,edge_gfp_plus,edge,GFP+,CD8_T,T_cell,non_tumor,0.13535383794919364,1.0493744687178628,1.2293299641219855,0.1345539689064026,0.8654460310935974,False
ACGGAACGTAACGATG,edge_gfp_plus,edge,GFP+,Mac_MHCII,Myeloid,non_tumor,-0.5687183458076046,1.1394178993316135,1.0286642151566914,0.16734033823013306,0.8326596617698669,False
TCAGCGCGTTTGGGCC,edge_gfp_plus,edge,GFP+,Monocyte,Myeloid,non_tumor,-0.26956533664976884,0.8979716045297221,-0.30882358156122497,0.04857057332992554,0.9514294266700745,False
ACAATGGGTAGCTTAC,edge_gfp_plus,edge,GFP+,NK,NK,non_tumor,0.20977898776584972,0.7508610668853611,0.12656930916700687,0.10917425155639648,0.8908257484436035,False
ACCCCAAGTTCCTGAG,edge_gfp_plus,edge,GFP+,Mac_MHCII,Myeloid,non_tumor,-0.4959403728462454,1.0102618433421866,1.9115541417313666,0.1763629913330078,0.8236370086669922,False
ACGTTTAGTGAAGGAG,edge_gfp_plus,edge,GFP+,Neutrophil,Myeloid,non_tumor,1.0004872464281023,0.7169565702486805,-0.3159062282226305,0.11594128608703613,0.8840587139129639,False
GTAGAATGTGGCTCTA,edge_gfp_plus,edge,GFP+,cDC,Myeloid,non_tumor,-0.0851469906273313,1.3834653434715132,0.5078225166069241,0.08239299058914185,0.9176070094108582,False
CTCGTGAGTCATGGCC,edge_gfp_plus,edge,GFP+,Mac_MHCII,Myeloid,non_tumor,-0.3071667186798443,1.1167827677871958,4.977142701007494,0.20805859565734863,0.7919414043426514,False
TAGGTGAGTTTCGGGC,edge_gfp_plus,edge,GFP+,Mac_MHCII,Myeloid,non_tumor,-0.389523318606713,0.6195741449350971,0.7150559098175513,0.1667863130569458,0.8332136869430542,False
AACTTTGGTTATGGCT,edge_gfp_plus,edge,GFP+,Mac_MHCII,Myeloid,non_tumor,-0.5780473656383609,0.7600800029257742,2.6309117503502955,0.17373311519622803,0.826266884803772,False
CGTTTCCGTTCGGTGC,edge_gfp_plus,edge,GFP+,Mac_MHCII,Myeloid,non_tumor,-0.652200949183081,0.8644197849416126,-0.04559411629368588,0.1520429253578186,0.8479570746421814,False
TATACTGGTTCCGTTC,edge_gfp_plus,edge,GFP+,Mac_MHCII,Myeloid,non_tumor,0.0845395585315146,0.4108883724574099,-0.33786521002058467,0.031487107276916504,0.9685128927230835,False
GGCATCCGTTTACCTT,edge_gfp_plus,edge,GFP+,Monocyte,Myeloid,non_tumor,0.09392458359993994,0.6851396795813753,-0.10660001419058007,0.0671733021736145,0.9328266978263855,False
CCTCGTTGTAGCGGAT,edge_gfp_plus,edge,GFP+,Mac_MHCII,Myeloid,non_tumor,-0.40704711919222086,0.689892795750003,-0.23155529839207348,0.0362585186958313,0.9637414813041687,False
ATCCCAGGTAGTCAAG,edge_gfp_plus,edge,GFP+,Mac_C1q,Myeloid,non_tumor,1.0319696927882307,2.6800845837106575,-0.06588070068813363,0.14519917964935303,0.854800820350647,False
TCTAATGGTGAGAGTC,edge_gfp_plus,edge,GFP+,Monocyte,Myeloid,non_tumor,1.2879432342574555,0.6611227728924702,-0.2842242243673116,0.035307228565216064,0.9646927714347839,False
GGGTTGGGTTGAGCGG,edge_gfp_plus,edge,GFP+,Mac_MHCII,Myeloid,non_tumor,-0.03873922319093019,1.301623409533256,-0.1312663825742765,0.09925484657287598,0.900745153427124,False
ATGCGAAGTCAAGTTC,edge_gfp_plus,edge,GFP+,Mac_MHCII,Myeloid,non_tumor,2.2486767054730965,1.5106049427536405,-0.33175712509582045,0.031226933002471924,0.9687730669975281,False
TGCCCTTGTAGCCTCA,edge_gfp_plus,edge,GFP+,Mac_MHCII,Myeloid,non_tumor,1.3919083164209525,0.12164312714856712,-0.28662356032880093,0.03887641429901123,0.9611235857009888,False
TGGCTTGGTAGCCATT,edge_gfp_plus,edge,GFP+,Mac_MHCII,Myeloid,non_tumor,-0.6354153111084707,0.8433759993839806,0.12505769797219926,0.1628885269165039,0.8371114730834961,False
ATCATCAGTGCGTGAG,edge_gfp_plus,edge,GFP+,Monocyte,Myeloid,non_tumor,1.6639801701611456,1.0766876012961726,-0.2894990181920325,0.05174535512924194,0.9482546448707581,False
TCGGCTAGTTGGCCGT,edge_gfp_plus,edge,GFP+,Mac_MHCII,Myeloid,non_tumor,-0.5734067306011323,1.1660682401496303,4.933244824400576,0.20431679487228394,0.7956832051277161,False
TCGCATGGTTTCGAGT,edge_gfp_plus,edge,GFP+,Mac_MHCII,Myeloid,non_tumor,1.1692160530478077,0.6306607302730333,-0.328649060578483,0.04003643989562988,0.9599635601043701,False
GCGGGTAGTGCAGGCA,edge_gfp_plus,edge,GFP+,Mac_MHCII,Myeloid,non_tumor,-0.31215307215880406,0.9361103816606857,-0.00627450606317454,0.08856987953186035,0.9114301204681396,False
CACGAGGGTAAGCAAT,edge_gfp_plus,edge,GFP+,Mac_MHCII,Myeloid,non_tumor,0.8711165541192514,0.7421367773813664,-0.3010356763437666,0.05415463447570801,0.945845365524292,False
TCGTACGGTTAAGTCC,edge_gfp_plus,edge,GFP+,Mac_MHCII,Myeloid,non_tumor,0.701090521645466,0.7068255044208996,-0.27388813863490125,0.039576590061187744,0.9604234099388123,False
TGGCTTGGTTCGAGCC,edge_gfp_plus,edge,GFP+,Monocyte,Myeloid,non_tumor,0.7466749782613677,0.6748410343605664,-0.2767151698214013,0.029505908489227295,0.9704940915107727,False
GCAATCTGTTCCGTTC,edge_gfp_plus,edge,GFP+,Monocyte,Myeloid,non_tumor,1.4505202904741705,1.7114519717527314,-0.35226606156922724,0.04038959741592407,0.9596104025840759,False
CTGTGATGTAGGTGTA,edge_gfp_plus,edge,GFP+,Mac_MHCII,Myeloid,non_tumor,-0.32964900596257224,0.8346608121715229,-0.01193322586259379,0.14217668771743774,0.8578233122825623,False
GGGGCTAGTGAAGCTA,edge_gfp_plus,edge,GFP+,Mac_MHCII,Myeloid,non_tumor,0.7449683272030249,0.5740780860441878,-0.24747723426260415,0.027499914169311523,0.9725000858306885,False
CCCTGTTGTGCAGCCT,edge_gfp_plus,edge,GFP+,cDC,Myeloid,non_tumor,0.9627949996222487,0.4234307545999186,-0.3827779479625431,0.31169939041137695,0.688300609588623,False
TACGCTGGTGCAGGTG,edge_gfp_plus,edge,GFP+,Mac_MHCII,Myeloid,non_tumor,1.1997194844779928,0.6621094357673115,-0.17224844736006908,0.14481323957443237,0.8551867604255676,False
CCGTCAAGTGCAGCCT,edge_gfp_plus,edge,GFP+,Mac_MHCII,Myeloid,non_tumor,0.02515793129355872,0.7909686732852528,-0.1793044063865097,0.12978273630142212,0.8702172636985779,False
GGATTGAGTATTGGCT,edge_gfp_plus,edge,GFP+,cDC,Myeloid,non_tumor,-0.1993101649719608,1.3462979880514978,0.5170807699338374,0.0831860899925232,0.9168139100074768,False
TGAATGGGTATTGCGT,edge_gfp_plus,edge,GFP+,Mac_MHCII,Myeloid,non_tumor,-0.6434514039633585,1.151311077675177,4.540745208461725,0.2079704999923706,0.7920295000076294,False
TCGCTCTGTAACGATG,edge_gfp_plus,edge,GFP+,Mac_MHCII,Myeloid,non_tumor,0.1594023997527559,0.5008329216458957,-0.28686643336157985,0.020471572875976562,0.9795284271240234,False
TCCACCTGTGAGTCGG,edge_gfp_plus,edge,GFP+,Mac_MHCII,Myeloid,non_tumor,-0.20893468294307338,0.9577273482863614,-0.021718443774473017,0.12890726327896118,0.8710927367210388,False
GCTGAGGGTGAGGACT,edge_gfp_plus,edge,GFP+,Mac_MHCII,Myeloid,non_tumor,0.6632434657520975,0.6101431304365432,-0.2578753957311463,0.055055975914001465,0.9449440240859985,False
GCTTCCTGTCTGGCGT,edge_gfp_plus,edge,GFP+,Mac_MHCII,Myeloid,non_tumor,0.3628677591412966,0.4503853746612068,-0.26225482425070795,0.02757340669631958,0.9724265933036804,False
CTATTGAGTTGCAATC,edge_gfp_plus,edge,GFP+,Monocyte,Myeloid,non_tumor,1.1325839260399537,1.321245014741572,-0.2596909333450215,0.08129751682281494,0.9187024831771851,False
CGGTTTGGTAATGGAT,edge_gfp_plus,edge,GFP+,Treg,T_cell,non_tumor,0.04302180228933277,0.8463591443525613,-0.1979310152455276,0.18643009662628174,0.8135699033737183,False
GCAATAGGTCTGTCGA,edge_gfp_plus,edge,GFP+,Mac_MHCII,Myeloid,non_tumor,0.36229697316506704,1.1086821668599083,4.232177474583372,0.2090977430343628,0.7909022569656372,False
CGATTACGTAATGGCA,edge_gfp_plus,edge,GFP+,cDC,Myeloid,non_tumor,-0.13157332399429575,1.0377783130331257,0.6864052929060945,0.08305209875106812,0.9169479012489319,False
CCTGAATGTAGCTATC,edge_gfp_plus,edge,GFP+,Mac_MHCII,Myeloid,non_tumor,-0.25223959862410356,1.3457623750130256,4.64219394463528,0.20076513290405273,0.7992348670959473,False
ACAGCTTGTGCACGCT,edge_gfp_plus,edge,GFP+,Monocyte,Myeloid,non_tumor,1.1463319757873605,0.9186952670572599,-0.32340902623132495,0.03491532802581787,0.9650846719741821,False
AAGCCAAGTGAGGTAC,edge_gfp_plus,edge,GFP+,Mac_MHCII,Myeloid,non_tumor,1.3622762076693011,0.49862056627838475,-0.2969111979374301,0.036043405532836914,0.9639565944671631,False
TCCCTTAGTAGGTTAG,edge_gfp_plus,edge,GFP+,Mac_MHCII,Myeloid,non_tumor,0.7246908317542189,0.05937506304518664,-0.29999678849442335,0.03720653057098389,0.9627934694290161,False
ATGACAGGTAAGCTGA,edge_gfp_plus,edge,GFP+,Mac_MHCII,Myeloid,non_tumor,-0.16884498164675543,0.597658845608329,-0.2609149119981156,0.036736249923706055,0.963263750076294,False
CAGCCTAGTAACTGCT,edge_gfp_plus,edge,GFP+,Treg,T_cell,non_tumor,-0.5093888188925648,0.833686031570096,-0.08935658537847828,0.05592316389083862,0.9440768361091614,False
CTTGGATGTCAGCGAG,edge_gfp_plus,edge,GFP+,Mac_MHCII,Myeloid,non_tumor,-0.4132524684536225,0.9213786221141512,-0.3279103094632959,0.2094353437423706,0.7905646562576294,False
CACGCTAGTTGGCTTG,edge_gfp_plus,edge,GFP+,Tumor_proliferating,Tumor,transitional,-0.1835347359793051,0.18732835463559147,1.0755768680487996,0.5719607770442963,0.42803922295570374,True
GCACGAGGTTTGCACG,edge_gfp_plus,edge,GFP+,Mac_MHCII,Myeloid,non_tumor,-0.32550303794272795,0.5165807139140703,-0.10440462125171521,0.13169711828231812,0.8683028817176819,False
TAACTTGGTTGAAGGC,edge_gfp_plus,edge,GFP+,Tumor_proliferating,Tumor,persistent_hypoxia,2.1072173864135317,-0.03707263464427607,-0.12279217312619835,0.5220970511436462,0.47790294885635376,True
GGAGGTTGTGATCAGA,edge_gfp_plus,edge,GFP+,Mac_MHCII,Myeloid,non_tumor,1.782535935979876,0.001289687171278108,-0.2952048451999237,0.041451990604400635,0.9585480093955994,False
CGTTCAGGTCATCAAC,edge_gfp_plus,edge,GFP+,cDC,Myeloid,non_tumor,0.9750829148768487,1.0386795091202097,-0.22611719803416122,0.09697675704956055,0.9030232429504395,False
GCAGCGAGTTAGCACT,edge_gfp_plus,edge,GFP+,Mac_MHCII,Myeloid,non_tumor,0.4171943848788765,1.1134032019016635,0.9723195270516122,0.16242194175720215,0.8375780582427979,False
GTTGCATGTTTAATCG,edge_gfp_plus,edge,GFP+,Mac_MHCII,Myeloid,non_tumor,0.06478901764020828,0.2957766659915789,-0.221084405162852,0.06409895420074463,0.9359010457992554,False
AGTCCTGGTCAAGGTA,edge_gfp_plus,edge,GFP+,Neutrophil,Myeloid,non_tumor,0.11274532898607392,0.11361084807282171,-0.3494822665638684,0.1397157907485962,0.8602842092514038,False
GGTGGCAGTTCGATGT,edge_gfp_plus,edge,GFP+,cDC,Myeloid,non_tumor,-0.08570430553247056,0.718444257244909,-0.2328467624554897,0.07439404726028442,0.9256059527397156,False
AACCGGGGTAGGTCCC,edge_gfp_plus,edge,GFP+,NK,NK,non_tumor,0.2512254198742135,0.7468997346474783,0.056077146029748406,0.11161845922470093,0.8883815407752991,False
AACGAATGTTTGCATA,edge_gfp_plus,edge,GFP+,cDC,Myeloid,non_tumor,-0.04290193000113761,0.8145612711815531,2.64030480787083,0.19323766231536865,0.8067623376846313,False
CTCATCCGTGGAAGGA,edge_gfp_plus,edge,GFP+,Mac_MHCII,Myeloid,non_tumor,-0.27254248712735263,1.2899789596190354,0.1395703324828998,0.09388810396194458,0.9061118960380554,False
ACCGATTGTTTCGTAA,edge_gfp_plus,edge,GFP+,Mac_MHCII,Myeloid,non_tumor,-0.3037141457842547,0.5863497745351808,-0.1549430267854479,0.07946914434432983,0.9205308556556702,False
ACAGGTAGTTAACGAG,edge_gfp_plus,edge,GFP+,Mac_MHCII,Myeloid,non_tumor,-0.4538650463828144,0.7043976518958383,-0.2327846838287433,0.054865360260009766,0.9451346397399902,False
CGGTGAGGTGCAGTAA,edge_gfp_plus,edge,GFP+,Mac_MHCII,Myeloid,non_tumor,-0.2791715113331865,0.8830222553849091,-0.03232529876711256,0.1465970277786255,0.8534029722213745,False
TGGGTCCGTAATTGCC,edge_gfp_plus,edge,GFP+,Monocyte,Myeloid,non_tumor,0.896028402056071,1.1003562198309336,-0.19216561471321586,0.0579867959022522,0.9420132040977478,False
AGTGTGAGTTCTGTAA,edge_gfp_plus,edge,GFP+,Tumor_proliferating,Tumor,persistent_hypoxia,2.3087543080095685,0.06844616500950192,0.10245063737725053,0.5024402439594269,0.4975597560405731,True
GTTGTACGTTAAGCAG,edge_gfp_plus,edge,GFP+,Mac_MHCII,Myeloid,non_tumor,-0.22372272657407277,0.8251296763022027,-0.09052795456210837,0.14040899276733398,0.859591007232666,False
ATAGCAGGTCTTGAAC,edge_gfp_plus,edge,GFP+,cDC,Myeloid,non_tumor,0.5683719729973338,1.3852624035835956,0.5077425999547601,0.11723160743713379,0.8827683925628662,False
AGAGTATGTATGGATG,edge_gfp_plus,edge,GFP+,NK,NK,non_tumor,0.6679835923234094,0.8122189918099862,0.08895144843457703,0.11104434728622437,0.8889556527137756,False
ACCGAAAGTTCCCGAA,edge_gfp_plus,edge,GFP+,Tumor_proliferating,Tumor,normoxic_stable,-0.6168086858661898,-0.03653407065408216,-0.14303928778566757,0.6063649356365204,0.3936350643634796,True
GGATTAGGTATTAGCC,edge_gfp_plus,edge,GFP+,cDC,Myeloid,non_tumor,-0.11306266959054392,1.4030311185250637,0.5159174799394822,0.09696197509765625,0.9030380249023438,False
ATGCGAAGTGAGCGCA,edge_gfp_plus,edge,GFP+,Monocyte,Myeloid,non_tumor,1.2883921469184911,1.5312702305441175,-0.25463759288782983,0.037021100521087646,0.9629788994789124,False
GTCGCTAGTGATGAGC,edge_gfp_plus,edge,GFP+,Mac_MHCII,Myeloid,non_tumor,-0.20028432752294906,0.8018044068896171,-0.06184192992401566,0.13390833139419556,0.8660916686058044,False
AGTGTGAGTGAGGATC,edge_gfp_plus,edge,GFP+,cDC,Myeloid,non_tumor,-0.24458981526921805,0.752128485348884,-0.35729464996310745,0.33966612815856934,0.6603338718414307,False
GTAGTAGGTCAACTAC,edge_gfp_plus,edge,GFP+,Mac_MHCII,Myeloid,non_tumor,-0.38376650009697844,0.4995116904020241,-0.31739710527741105,0.03586888313293457,0.9641311168670654,False
AGACGCGGTAGGCCAG,edge_gfp_plus,edge,GFP+,Mac_MHCII,Myeloid,non_tumor,-0.6492434292979429,0.8108115983905553,-0.032967533982346336,0.14340615272521973,0.8565938472747803,False
GTGCTATGTATGGCTT,edge_gfp_plus,edge,GFP+,Monocyte,Myeloid,non_tumor,0.00040799724820825864,0.819023983255747,-0.3676229790087855,0.03677552938461304,0.963224470615387,False
TGCCTCTGTCATCGTG,edge_gfp_plus,edge,GFP+,NK,NK,non_tumor,-0.4294982392726674,0.8377426223464934,0.09562729692625305,0.12316399812698364,0.8768360018730164,False
AAGCTAGGTAGCTAAG,edge_gfp_plus,edge,GFP+,Neutrophil,Myeloid,non_tumor,1.1456117924170885,0.5970738968280009,-0.3303839050952369,0.1785946488380432,0.8214053511619568,False
TACCCCTGTAGCGCAG,edge_gfp_plus,edge,GFP+,Mac_MHCII,Myeloid,non_tumor,0.09150874786348508,0.6744672023874947,-0.28254470852743346,0.02621006965637207,0.9737899303436279,False
GGCGCTTGTTGGGACG,edge_gfp_plus,edge,GFP+,Mac_MHCII,Myeloid,non_tumor,-0.38325118081995124,0.7601992288034978,0.17372816090901821,0.15368753671646118,0.8463124632835388,False
CTTGCGAGTTTACACA,edge_gfp_plus,edge,GFP+,Neutrophil,Myeloid,non_tumor,1.2552797418748904,0.3783564975832518,-0.3237190798842002,0.13111555576324463,0.8688844442367554,False
GTAAGGCGTTTACGCG,edge_gfp_plus,edge,GFP+,cDC,Myeloid,non_tumor,-0.5537859623570103,1.1382605841401652,3.252850174833079,0.17464005947113037,0.8253599405288696,False
TGAGCAAGTCAAGTCT,edge_gfp_plus,edge,GFP+,Mac_MHCII,Myeloid,non_tumor,-0.5906503986836129,1.3616100321536075,1.211261083095146,0.16754794120788574,0.8324520587921143,False
TCTGCAGGTAACGTGA,edge_gfp_plus,edge,GFP+,Mac_MHCII,Myeloid,non_tumor,-0.32322794251439735,0.5557331769200277,-0.25745941488484014,0.04343467950820923,0.9565653204917908,False
GCAATAGGTGAGCCAG,edge_gfp_plus,edge,GFP+,Mac_MHCII,Myeloid,non_tumor,-0.8407277693207578,1.2362566196153193,4.271778127217487,0.18491899967193604,0.815081000328064,False
GGCTGAGGTTCCTCGT,edge_gfp_plus,edge,GFP+,Tumor_proliferating,Tumor,normoxic_stable,-0.6013512019356814,0.19608999385784173,-0.15856629031364547,0.5512923896312714,0.44870761036872864,True
TAGGCTTGTCTGTCCT,edge_gfp_plus,edge,GFP+,Monocyte,Myeloid,non_tumor,0.46818198582960713,1.717357165559295,-0.35222449479537044,0.04180485010147095,0.958195149898529,False
CTGATTAGTGGCTAGG,edge_gfp_plus,edge,GFP+,Mac_MHCII,Myeloid,non_tumor,0.47066654536095726,0.4441230880586557,-0.2611064291177955,0.04399466514587402,0.956005334854126,False
TCTACAAGTCAACTTA,edge_gfp_plus,edge,GFP+,Mac_MHCII,Myeloid,non_tumor,0.8907134319934816,0.9682812020510779,-0.33400820893838323,0.03922927379608154,0.9607707262039185,False
CAGCGAGGTAACGGTA,edge_gfp_plus,edge,GFP+,Mac_MHCII,Myeloid,non_tumor,-0.39383730906338,0.4601957099536022,-0.19427436532363254,0.2441248893737793,0.7558751106262207,False
AACTGAGGTGGGTAAC,edge_gfp_plus,edge,GFP+,Monocyte,Myeloid,non_tumor,-0.08298866517614313,0.7947218704439168,-0.20675534845329752,0.06621265411376953,0.9337873458862305,False
GCATTACGTGGCAGTG,edge_gfp_plus,edge,GFP+,Neutrophil,Myeloid,non_tumor,0.32025730222552173,0.4999440517784007,-0.2686265668645867,0.12595468759536743,0.8740453124046326,False
CACTAACGTCTTGGTG,edge_gfp_plus,edge,GFP+,Mac_MHCII,Myeloid,non_tumor,0.31852990584050805,0.7472516737619526,-0.2756479423221541,0.026409804821014404,0.9735901951789856,False
TATAGGGGTCAGTAAG,edge_gfp_plus,edge,GFP+,Mac_MHCII,Myeloid,non_tumor,0.7791424307004342,0.7659235549978199,-0.20312221153702462,0.13920074701309204,0.860799252986908,False
ACGGGATGTTTCGGCA,edge_gfp_plus,edge,GFP+,Mac_MHCII,Myeloid,non_tumor,-0.38094922806451254,0.6469695540265342,-0.17918402335672834,0.07473540306091309,0.9252645969390869,False
CGAATAGGTAGCCTCA,edge_gfp_plus,edge,GFP+,Mac_MHCII,Myeloid,non_tumor,-0.6280085652283672,0.7261406144912133,-0.13819746268468128,0.11865586042404175,0.8813441395759583,False
ACAGTGAGTTAGCGCC,edge_gfp_plus,edge,GFP+,Monocyte,Myeloid,non_tumor,-0.34373024231301075,0.8832910464846928,-0.3102863343900206,0.026499688625335693,0.9735003113746643,False
GGCTTTGGTTTCCTTG,edge_gfp_plus,edge,GFP+,Mac_MHCII,Myeloid,non_tumor,-0.7439884458082332,0.4792580383625125,-0.2277284845970409,0.04661095142364502,0.953389048576355,False
GGCTTTGGTTAGACCT,edge_gfp_plus,edge,GFP+,Neutrophil,Myeloid,non_tumor,0.7195768643453899,0.4477633509601252,-0.4119386753765271,0.2650730013847351,0.7349269986152649,False
ATCGTTAGTAACCGGG,edge_gfp_plus,edge,GFP+,Mac_MHCII,Myeloid,non_tumor,-0.18802531352971444,0.48746623886935836,-0.23433349374158144,0.053189098834991455,0.9468109011650085,False
CGCAGCTGTCAAGGAC,edge_gfp_plus,edge,GFP+,Mac_Il1b,Myeloid,non_tumor,1.8874488812208727,0.5909009286734774,-0.2536602867868863,0.03458893299102783,0.9654110670089722,False
ACTCGATGTCATGCGC,edge_gfp_plus,edge,GFP+,Mac_MHCII,Myeloid,non_tumor,1.5689585620441922,0.7664603148681811,0.6075954959124259,0.1033753752708435,0.8966246247291565,False
CGCAGCTGTTAAGCCT,edge_gfp_plus,edge,GFP+,Monocyte,Myeloid,non_tumor,-0.5812089441512177,0.6965784479775007,-0.218869211190603,0.05137324333190918,0.9486267566680908,False
GTACAAGGTTTGATTG,edge_gfp_plus,edge,GFP+,Mac_MHCII,Myeloid,non_tumor,-0.7052594526284957,0.6494117340163706,-0.09410216422693171,0.15936022996902466,0.8406397700309753,False
GGCGCTTGTGAGTCGG,edge_gfp_plus,edge,GFP+,Mac_MHCII,Myeloid,non_tumor,-0.5967150583635776,0.5078917829966083,-0.2791659051454842,0.03497046232223511,0.9650295376777649,False
ATGCCTGGTAACTGCT,edge_gfp_plus,edge,GFP+,cDC,Myeloid,non_tumor,-0.18553780854284999,0.7775663124762316,-0.32166011333759587,0.2068805694580078,0.7931194305419922,False
TACATCAGTGGCCTAC,edge_gfp_plus,edge,GFP+,Mac_MHCII,Myeloid,non_tumor,1.2948936445093615,1.2934567368256893,-0.2793357100169459,0.051931560039520264,0.9480684399604797,False
GGAGGTTGTAAGTAGT,edge_gfp_plus,edge,GFP+,Mac_MHCII,Myeloid,non_tumor,0.24641035690932872,0.6482010071828982,-0.24394178572028308,0.05150026082992554,0.9484997391700745,False
CCACATGGTTGAGTAG,edge_gfp_plus,edge,GFP+,Mac_MHCII,Myeloid,non_tumor,-0.03904579488015161,0.9069313025084953,0.017440017430532233,0.13868993520736694,0.8613100647926331,False
ACGAAATGTGAAGTCA,edge_gfp_plus,edge,GFP+,NK,NK,non_tumor,-0.27259945975991917,0.8973567050759229,0.04578941106170255,0.12564128637313843,0.8743587136268616,False
AGGTTAGGTGAGAGCT,edge_gfp_plus,edge,GFP+,Mac_MHCII,Myeloid,non_tumor,-0.266647811929137,0.7648258843062145,-0.04124059219122584,0.15303343534469604,0.846966564655304,False
GGTGGCAGTCCATACG,edge_gfp_plus,edge,GFP+,Mac_MHCII,Myeloid,non_tumor,-0.6135989300029286,0.8420803210262799,-0.048283608894604736,0.1352461576461792,0.8647538423538208,False
AACTGAGGTTCAATGC,edge_gfp_plus,edge,GFP+,Mac_MHCII,Myeloid,non_tumor,-0.5983914468509132,0.673431535771393,0.401489139696552,0.1686687469482422,0.8313312530517578,False
CGCCTAAGTCTAATTG,edge_gfp_plus,edge,GFP+,Neutrophil,Myeloid,non_tumor,1.2733353496256095,0.602689471554144,-0.352982393851809,0.13568449020385742,0.8643155097961426,False
GGTGGCAGTTGCAGGG,edge_gfp_plus,edge,GFP+,Mac_MHCII,Myeloid,non_tumor,1.5949666851373967,0.16140183440162212,-0.2814529664624527,0.04091876745223999,0.95908123254776,False
ACCCTAGGTCAATGCT,edge_gfp_plus,edge,GFP+,CD8_exhausted,T_cell,non_tumor,0.07379524214539289,0.7195959455144995,0.19851015940721042,0.19292020797729492,0.8070797920227051,False
CTTCATTGTAGTGTGA,edge_gfp_plus,edge,GFP+,cDC,Myeloid,non_tumor,0.028032748955339245,1.3719372690076346,0.5305930961917259,0.08582186698913574,0.9141781330108643,False
CAAGACAGTAAGGTTG,edge_gfp_plus,edge,GFP+,Mac_MHCII,Myeloid,non_tumor,-0.35951365368725063,0.9559811228011766,3.9784107463552325,0.18819034099578857,0.8118096590042114,False
CGCCTAAGTCTGGGCT,edge_gfp_plus,edge,GFP+,Monocyte,Myeloid,non_tumor,0.14619176689187707,0.6388113909266685,-0.3586347425326477,0.034322261810302734,0.9656777381896973,False
ACAGACAGTTTACTCT,edge_gfp_plus,edge,GFP+,cDC,Myeloid,non_tumor,-0.4300736508436641,1.069100177909131,2.8023363507036545,0.16126984357833862,0.8387301564216614,False
AGACATGGTAGCTGGG,edge_gfp_plus,edge,GFP+,Mac_MHCII,Myeloid,non_tumor,-0.05588999992601592,0.1935754862130595,-0.2345061564968828,0.051844656467437744,0.9481553435325623,False
TCCTTATGTAACGGCG,edge_gfp_plus,edge,GFP+,cDC,Myeloid,non_tumor,0.571710660688934,1.101502913095766,-0.2753439222423946,0.0835186243057251,0.9164813756942749,False
ACGCTTGGTGGCGAAT,edge_gfp_plus,edge,GFP+,Monocyte,Myeloid,non_tumor,-0.046904474439271114,0.6667455297470423,-0.34352545944446417,0.025031745433807373,0.9749682545661926,False
ACGGGCAGTCATGGAA,edge_gfp_plus,edge,GFP+,Mac_MHCII,Myeloid,non_tumor,-0.7466122566603239,0.5888257303545092,-0.29580899326130794,0.04283994436264038,0.9571600556373596,False
AGTACCTGTTAATTCG,edge_gfp_plus,edge,GFP+,CD8_exhausted,T_cell,non_tumor,-0.11681889727356957,0.9494559672292124,0.6147217130146652,0.1842670440673828,0.8157329559326172,False
TCGTTCCGTAATCCTA,edge_gfp_plus,edge,GFP+,Treg,T_cell,non_tumor,0.3731771354555976,1.101147784752882,-0.15948697139314502,0.02723449468612671,0.9727655053138733,False
AATGAACGTAGGTCCC,edge_gfp_plus,edge,GFP+,Mac_MHCII,Myeloid,non_tumor,0.002823139498286961,0.7701056010223585,-0.29170598277695275,0.027260661125183105,0.9727393388748169,False
GGTAGCGGTGAAGCGT,edge_gfp_plus,edge,GFP+,CD8_exhausted,T_cell,non_tumor,0.1194650170525575,1.1488437472452697,-0.015972864917263106,0.1166534423828125,0.8833465576171875,False
ACGCGAGGTGGCTGTC,edge_gfp_plus,edge,GFP+,cDC,Myeloid,non_tumor,0.21936355895189802,0.9237181546341523,-0.31953320576101824,0.17270737886428833,0.8272926211357117,False
CCAGAGGGTTAGCGAA,edge_gfp_plus,edge,GFP+,Mac_MHCII,Myeloid,non_tumor,-0.4722093287367847,0.38820918928145476,-0.28980131542066434,0.038389623165130615,0.9616103768348694,False
ACGGGCAGTGCGGATG,edge_gfp_plus,edge,GFP+,Mac_MHCII,Myeloid,non_tumor,0.7073158179437775,0.400924593429695,-0.33957329326334396,0.03421032428741455,0.9657896757125854,False
CATCCCTGTTGCAATC,edge_gfp_plus,edge,GFP+,Monocyte,Myeloid,non_tumor,0.08130250187840808,0.9476050342662955,-0.3094278026867779,0.05486178398132324,0.9451382160186768,False
AGAGTATGTGGAGAGA,edge_gfp_plus,edge,GFP+,Mac_MHCII,Myeloid,non_tumor,-0.3662521536183388,0.5440086738853233,-0.2774794708354471,0.027689218521118164,0.9723107814788818,False
CTATATGGTATTGGTC,edge_gfp_plus,edge,GFP+,Monocyte,Myeloid,non_tumor,-0.3030359161448211,0.670283333847082,-0.14754528146838644,0.04585742950439453,0.9541425704956055,False
CTGTAACGTTGCAGTT,edge_gfp_plus,edge,GFP+,Mac_MHCII,Myeloid,non_tumor,-0.7199365813341864,0.7060049659953,-0.24031806429177288,0.03435760736465454,0.9656423926353455,False
ATCCACGGTAACGGGT,edge_gfp_plus,edge,GFP+,Mac_MHCII,Myeloid,non_tumor,-0.6780825122346049,0.7003490324467645,-0.24393608760439547,0.04030948877334595,0.959690511226654,False
ATGCAAGGTCAAGTAG,edge_gfp_plus,edge,GFP+,Monocyte,Myeloid,non_tumor,0.09229732837745423,1.2018902121543005,-0.3386764102060647,0.040041327476501465,0.9599586725234985,False
TGCTAACGTGAAGGTC,edge_gfp_plus,edge,GFP+,Mac_MHCII,Myeloid,non_tumor,-0.5868914281536824,0.3626708380756856,-0.19156761818430237,0.07640039920806885,0.9235996007919312,False
GTAACCTGTAACGGGT,edge_gfp_plus,edge,GFP+,Mac_MHCII,Myeloid,non_tumor,1.4860398562556787,0.45732837129148535,-0.331100395169377,0.03886151313781738,0.9611384868621826,False
AATGTCCGTTCAATGC,edge_gfp_plus,edge,GFP+,Monocyte,Myeloid,non_tumor,-0.09591386671151393,1.0184656232192544,-0.22867789349424852,0.08348977565765381,0.9165102243423462,False
TGAGGCGGTCTTACGG,edge_gfp_plus,edge,GFP+,Monocyte,Myeloid,non_tumor,0.05259023582445959,0.6340437962887933,0.04597631887956023,0.07049882411956787,0.9295011758804321,False
TCACTCCGTTGTCAGT,edge_gfp_plus,edge,GFP+,Mac_MHCII,Myeloid,non_tumor,-0.13520361937879027,0.49792675164311767,-0.21847233469226798,0.052056312561035156,0.9479436874389648,False
ATCATCAGTTGTGCAT,edge_gfp_plus,edge,GFP+,Mac_MHCII,Myeloid,non_tumor,0.40107028626168617,0.7766760528793532,-0.29155628580900367,0.036740005016326904,0.9632599949836731,False
GCTAAAGGTGCAGTAA,edge_gfp_plus,edge,GFP+,Mac_MHCII,Myeloid,non_tumor,1.9945842704563326,0.5179768792965546,-0.3210406160634088,0.03388571739196777,0.9661142826080322,False
GTGAACAGTGAACCGG,edge_gfp_plus,edge,GFP+,Mac_MHCII,Myeloid,non_tumor,-0.1599350292445855,0.5389651039267946,-0.29427603684330483,0.03904527425765991,0.9609547257423401,False
GTCCTCTGTTCGATGT,edge_gfp_plus,edge,GFP+,Mac_MHCII,Myeloid,non_tumor,-0.5154506761780676,0.8856952661123212,0.030398057665175136,0.17294764518737793,0.8270523548126221,False
CCTCCTGGTAGTGATG,edge_gfp_plus,edge,GFP+,Mac_MHCII,Myeloid,non_tumor,-0.5941540747272124,0.20996091910397602,-0.2732645181724503,0.04753166437149048,0.9524683356285095,False
GTCTAACGTAACGGTA,edge_gfp_plus,edge,GFP+,Mac_MHCII,Myeloid,non_tumor,-0.3465822262180809,0.6249456155259061,-0.2534341910637395,0.04016834497451782,0.9598316550254822,False
GTGCCTAGTTTCCTCA,edge_gfp_plus,edge,GFP+,Mac_MHCII,Myeloid,non_tumor,0.6533941711640048,0.4983851928519885,-0.2562032722363767,0.04387408494949341,0.9561259150505066,False
GTAGCGGGTAGCTTAC,edge_gfp_plus,edge,GFP+,Mac_MHCII,Myeloid,non_tumor,0.24663191909934593,0.7855739942137385,0.6644383449872072,0.2508748769760132,0.7491251230239868,False
CGAGGATGTGAGATAT,edge_gfp_plus,edge,GFP+,Monocyte,Myeloid,non_tumor,-0.3312474598799516,0.6271117147883875,-0.2987723816932092,0.07172799110412598,0.928272008895874,False
AAGCTCTGTAACTGCT,edge_gfp_plus,edge,GFP+,Monocyte,Myeloid,non_tumor,-0.5938607243589162,0.9254893049245495,-0.31488304643536236,0.026720106601715088,0.9732798933982849,False
CGCCTAAGTCAGGATA,edge_gfp_plus,edge,GFP+,cDC,Myeloid,non_tumor,-0.2140036702486085,1.285134834833382,0.49378701252584134,0.085177481174469,0.914822518825531,False
GTTGCTGGTTTACTAG,edge_gfp_plus,edge,GFP+,cDC,Myeloid,non_tumor,-0.32477481778385,0.9362445395441849,-0.3246844811572804,0.07712751626968384,0.9228724837303162,False
TCCTTTGGTGGCTTGC,edge_gfp_plus,edge,GFP+,Mac_MHCII,Myeloid,non_tumor,0.5915906607054092,-0.36679343124409386,-0.24118535127274301,0.04978412389755249,0.9502158761024475,False
AGGGTACGTTGTGCCA,edge_gfp_plus,edge,GFP+,Mac_MHCII,Myeloid,non_tumor,0.0824979721321113,0.7343896768780765,-0.23260141356943312,0.047046959400177,0.952953040599823,False
TATGGCTGTTCCCTGT,edge_gfp_plus,edge,GFP+,cDC,Myeloid,non_tumor,-0.5521727793684097,0.31203895490950856,-0.3125230612847646,0.1364414095878601,0.8635585904121399,False
GTAATGGGTCAGGAAC,edge_gfp_plus,edge,GFP+,Mac_MHCII,Myeloid,non_tumor,0.48655052333160703,0.5679567099801054,-0.293313813505428,0.033190131187438965,0.966809868812561,False
CTAAACCGTGAGAGTC,edge_gfp_plus,edge,GFP+,cDC,Myeloid,non_tumor,0.8025728074049769,0.9438820299811168,-0.28297986825642923,0.07853066921234131,0.9214693307876587,False
GCGCTTAGTGAGCATA,edge_gfp_plus,edge,GFP+,Mac_MHCII,Myeloid,non_tumor,-0.5513925566135162,0.8773841905827109,-0.03814716500408499,0.13721728324890137,0.8627827167510986,False
AGGGTACGTTTAGTTG,edge_gfp_plus,edge,GFP+,Mac_MHCII,Myeloid,non_tumor,0.8163456522795992,0.624513011252035,-0.15811932455337024,0.11382383108139038,0.8861761689186096,False
CCGACTAGTATGGACA,edge_gfp_plus,edge,GFP+,cDC,Myeloid,non_tumor,-0.31151898928009664,1.0176084297657209,3.680147541509371,0.18176931142807007,0.8182306885719299,False
GCGTTTGGTTGGCGAG,edge_gfp_plus,edge,GFP+,Monocyte,Myeloid,non_tumor,-0.036996469714690075,0.8226458590086888,-0.27064722659968526,0.029353737831115723,0.9706462621688843,False
GTGCTCAGTCAGGCGA,edge_gfp_plus,edge,GFP+,Mac_MHCII,Myeloid,non_tumor,-0.5699322340018069,0.6067971034115907,-0.20732204854042072,0.04186469316482544,0.9581353068351746,False
CGACTTGGTAACCACT,edge_gfp_plus,edge,GFP+,Monocyte,Myeloid,non_tumor,0.639445527642437,0.7462215590885826,-0.22909572488269628,0.07388031482696533,0.9261196851730347,False
AACGTAGGTAGTGCTT,edge_gfp_plus,edge,GFP+,Mac_MHCII,Myeloid,non_tumor,-0.43889601351276947,0.9496416856421717,0.028452370076933818,0.16785359382629395,0.832146406173706,False
AGCTAAGGTCAGGCTC,edge_gfp_plus,edge,GFP+,Mac_MHCII,Myeloid,non_tumor,-0.6997966697950332,1.249979472595853,4.435331277355144,0.20405906438827515,0.7959409356117249,False
AGCGCAGGTCAGTAGA,edge_gfp_plus,edge,GFP+,Mac_MHCII,Myeloid,non_tumor,-0.6826963471661038,0.6014528340271361,-0.22026343273800242,0.040572941303253174,0.9594270586967468,False
TGCCATGGTAACCCAT,edge_gfp_plus,edge,GFP+,Mac_MHCII,Myeloid,non_tumor,1.284499123041033,0.8779594956524636,-0.32054776006734803,0.034925222396850586,0.9650747776031494,False
CCTCGTTGTGATTGCT,edge_gfp_plus,edge,GFP+,Tumor_proliferating,Tumor,transitional,-0.11696878809128981,-0.10066805870682802,-0.01853356260875375,0.5841297805309296,0.41587021946907043,True
TGGTTTAGTTCGGTGC,edge_gfp_plus,edge,GFP+,Treg,T_cell,non_tumor,-0.230944985455591,0.5726536073231021,-0.1309430324328529,0.2476370930671692,0.7523629069328308,False
ACAGCTTGTAGCTGCC,edge_gfp_plus,edge,GFP+,Monocyte,Myeloid,non_tumor,-0.15023701873221923,1.2089594783409037,-0.3412974490266247,0.10446029901504517,0.8955397009849548,False
TCAGCCAGTCAACCTG,edge_gfp_plus,edge,GFP+,Mac_MHCII,Myeloid,non_tumor,1.0352673385879465,0.6207137552880652,-0.27760131081410205,0.03855180740356445,0.9614481925964355,False
GGACCCTGTGAAGTCA,edge_gfp_plus,edge,GFP+,Mac_MHCII,Myeloid,non_tumor,1.4618170226586271,0.28139397612580036,-0.3268232831540199,0.029621124267578125,0.9703788757324219,False
GTATCCGGTCTAGCGC,edge_gfp_plus,edge,GFP+,Mac_MHCII,Myeloid,non_tumor,-0.7644904037259421,0.7746931606650321,-0.06089057224837791,0.16245198249816895,0.837548017501831,False
AATCGAGGTCATCAAC,edge_gfp_plus,edge,GFP+,cDC,Myeloid,non_tumor,1.9333787145660906,1.0088348920536407,-0.1628336329291385,0.08050328493118286,0.9194967150688171,False
TCTACAAGTCTTGCTC,edge_gfp_plus,edge,GFP+,Mac_MHCII,Myeloid,non_tumor,0.18551182957799725,0.37654339211255666,-0.25913803556490395,0.030260443687438965,0.969739556312561,False
TGAAACGGTGATTCGT,edge_gfp_plus,edge,GFP+,Mac_MHCII,Myeloid,non_tumor,0.15692769810597548,0.966359854621521,-0.06909723220324408,0.14690184593200684,0.8530981540679932,False
GCACCTAGTAGCCATT,edge_gfp_plus,edge,GFP+,cDC,Myeloid,non_tumor,0.29707873220742637,0.7961093040712429,-0.25622301629752053,0.11247789859771729,0.8875221014022827,False
TGTAACCGTAGGTAGC,edge_gfp_plus,edge,GFP+,Monocyte,Myeloid,non_tumor,-0.37257372494478525,0.6342541950401397,0.25941519389659,0.04793578386306763,0.9520642161369324,False
GTGCCTAGTCTAGTAC,edge_gfp_plus,edge,GFP+,Mac_MHCII,Myeloid,non_tumor,-0.43663606385891746,1.0983709542657167,4.713820719325263,0.17931461334228516,0.8206853866577148,False
CTGGTCAGTTGTCCCT,edge_gfp_plus,edge,GFP+,cDC,Myeloid,non_tumor,-0.06188008818345937,0.7938494705261324,-0.3243865435674604,0.2964628338813782,0.7035371661186218,False
AGCACTTGTCATCAGT,edge_gfp_plus,edge,GFP+,Mac_MHCII,Myeloid,non_tumor,1.1180144627300803,0.0013910575547890988,-0.2610564032362065,0.04381000995635986,0.9561899900436401,False
ACATGAGGTAACCCTG,edge_gfp_plus,edge,GFP+,Mac_MHCII,Myeloid,non_tumor,-0.10801400046834715,0.801291878180367,1.6969603763102417,0.17128115892410278,0.8287188410758972,False
GGTAATGGTAGTGCCC,edge_gfp_plus,edge,GFP+,Mac_MHCII,Myeloid,non_tumor,0.7530999909956596,0.7779291312362714,-0.33259306938921585,0.027425944805145264,0.9725740551948547,False
CGAGGATGTAGTGTCT,edge_gfp_plus,edge,GFP+,Monocyte,Myeloid,non_tumor,-0.5262910315837984,0.728665694715884,-0.35098926327209573,0.04334914684295654,0.9566508531570435,False
GGTCTATGTTATGCGT,edge_gfp_plus,edge,GFP+,Mac_MHCII,Myeloid,non_tumor,-0.44453934930326694,0.7072154628346624,-0.31171579593398147,0.03145939111709595,0.968540608882904,False
CTTATAGGTAGTAAGT,edge_gfp_plus,edge,GFP+,cDC,Myeloid,non_tumor,0.1369500313429454,0.8258906143435848,-0.30375048496621454,0.09669387340545654,0.9033061265945435,False
TAAGCGAGTCATTACA,edge_gfp_plus,edge,GFP+,Monocyte,Myeloid,non_tumor,-0.37298153378875837,0.84248030153365,-0.3008345316777334,0.04265487194061279,0.9573451280593872,False
TCGTTCCGTTTCACTT,edge_gfp_plus,edge,GFP+,Mac_MHCII,Myeloid,non_tumor,-0.5541903700539758,0.7332822170512651,-0.21909725962050206,0.05424422025680542,0.9457557797431946,False
TCGGTTGGTTATCCTT,edge_gfp_plus,edge,GFP+,Mac_MHCII,Myeloid,non_tumor,-0.6944651267239371,0.704002349214086,0.2081581383254366,0.16070276498794556,0.8392972350120544,False
CAAGTGAGTTGCAGTT,edge_gfp_plus,edge,GFP+,Mac_MHCII,Myeloid,non_tumor,0.707045325328477,0.6365012980014907,-0.2901217177837577,0.03886896371841431,0.9611310362815857,False
AACTTTGGTGAAGCGT,edge_gfp_plus,edge,GFP+,Monocyte,Myeloid,non_tumor,1.6998433558645463,0.8624424172939238,-0.3329544888163177,0.03880685567855835,0.9611931443214417,False
TCCCTTAGTAAGTGTG,edge_gfp_plus,edge,GFP+,Mac_MHCII,Myeloid,non_tumor,0.38722584210857486,1.1772024921592015,-0.3003276151344328,0.048612236976623535,0.9513877630233765,False
GGATAATGTCTTGAAC,edge_gfp_plus,edge,GFP+,Mac_Spp1,Myeloid,non_tumor,0.1629491436982529,0.3330436847122114,-0.2575104230875852,0.037962496280670166,0.9620375037193298,False
CAACCCAGTGGCTTGC,edge_gfp_plus,edge,GFP+,Mac_MHCII,Myeloid,non_tumor,1.539842721220815,1.3023744196408638,-0.320663621896514,0.03832131624221802,0.961678683757782,False
AAACCCTGTCAGGAGT,edge_gfp_plus,edge,GFP+,Mac_MHCII,Myeloid,non_tumor,0.5677546745989611,1.0003002587616852,-0.3459398745884439,0.03380674123764038,0.9661932587623596,False
TCACTCCGTTGACTAC,edge_gfp_plus,edge,GFP+,Mac_MHCII,Myeloid,non_tumor,-0.1506661910770729,0.5189879124798152,-0.2821716087373145,0.03125983476638794,0.9687401652336121,False
AGTACAGGTCATCATA,edge_gfp_plus,edge,GFP+,Monocyte,Myeloid,non_tumor,0.48386939540076795,1.1444679968333633,-0.32022547932139656,0.032023072242736816,0.9679769277572632,False
AGAGACCGTCTAACCG,edge_gfp_plus,edge,GFP+,Mac_MHCII,Myeloid,non_tumor,0.3084385111700434,0.8243128843917266,-0.24152258307657776,0.02758246660232544,0.9724175333976746,False
CGTGGCTGTAGCAGCG,edge_gfp_plus,edge,GFP+,Mac_MHCII,Myeloid,non_tumor,1.3103822316639404,0.9466208749967854,-0.28957201813404526,0.03500097990036011,0.9649990200996399,False
AGTCTTAGTTGGCCTA,edge_gfp_plus,edge,GFP+,cDC,Myeloid,non_tumor,-0.622660906799568,0.816287559717111,-0.351696445157092,0.3425924777984619,0.6574075222015381,False
CCATCAGGTAGCCTTG,edge_gfp_plus,edge,GFP+,Mac_MHCII,Myeloid,non_tumor,-0.784665171299821,0.688522828074174,-0.06391576627995584,0.13797956705093384,0.8620204329490662,False
AGACGTAGTAACCACT,edge_gfp_plus,edge,GFP+,Mac_MHCII,Myeloid,non_tumor,-0.0015237703308150494,0.43768426397557986,-0.27041966394643796,0.034432411193847656,0.9655675888061523,False
CTCGTCTGTAAGTCAG,edge_gfp_plus,edge,GFP+,Mac_MHCII,Myeloid,non_tumor,-0.290403044463855,0.6720589949165787,-0.21276094550164287,0.051772475242614746,0.9482275247573853,False
CTTGCAGGTGGACATA,edge_gfp_plus,edge,GFP+,Mac_MHCII,Myeloid,non_tumor,1.5351995612895175,0.4096768255615421,-0.25506264566667713,0.04506397247314453,0.9549360275268555,False
CACGATTGTGCATTCG,edge_gfp_plus,edge,GFP+,Mac_MHCII,Myeloid,non_tumor,0.4814651476887552,0.8011414662172923,-0.26586352306995387,0.023913562297821045,0.976086437702179,False
GCCGAAGGTTCCGGTA,edge_gfp_plus,edge,GFP+,Neutrophil,Myeloid,non_tumor,-0.022569412156295043,0.6255533631916669,-0.36234118014114675,0.18750852346420288,0.8124914765357971,False
ACGAAATGTTGCAGGG,edge_gfp_plus,edge,GFP+,Monocyte,Myeloid,non_tumor,-0.5259731705328773,0.8514947600812366,-0.35906388891504676,0.03299301862716675,0.9670069813728333,False
CAGCCTAGTTCCGCTT,edge_gfp_plus,edge,GFP+,Monocyte,Myeloid,non_tumor,2.851269862868433,1.1450328599264028,-0.3503014453039028,0.029863595962524414,0.9701364040374756,False
TGCTATAGTTAAGTCC,edge_gfp_plus,edge,GFP+,Tumor_proliferating,Tumor,normoxic_stable,-0.6862035227746709,0.3603556447499463,0.14417502571619342,0.6038220226764679,0.3961779773235321,True
ATGCAAGGTTATGGGA,edge_gfp_plus,edge,GFP+,Mac_MHCII,Myeloid,non_tumor,0.9699615102673689,-0.25635853346967996,-0.24257986528474945,0.046213626861572266,0.9537863731384277,False
AGGATTGGTGATCCAT,edge_gfp_plus,edge,GFP+,Mac_MHCII,Myeloid,non_tumor,1.4448435654650544,0.34784229739126693,-0.24273413977536054,0.03918641805648804,0.960813581943512,False
GCTTGATGTGAGTCCC,edge_gfp_plus,edge,GFP+,Mac_MHCII,Myeloid,non_tumor,1.0233616080397394,0.3289883950852068,-0.3281269976020302,0.03214836120605469,0.9678516387939453,False
GTAGTCTGTCTAGGCC,edge_gfp_plus,edge,GFP+,Mac_MHCII,Myeloid,non_tumor,1.769026176111816,0.6875867412354303,-0.26081052437094376,0.0330771803855896,0.9669228196144104,False
CAAGCCCGTCATCAGT,edge_gfp_plus,edge,GFP+,cDC,Myeloid,non_tumor,-0.7341258910436591,0.868715138331683,-0.2756413514336004,0.07536286115646362,0.9246371388435364,False
GCGGGTAGTTCTGTGG,edge_gfp_plus,edge,GFP+,Mac_Il1b,Myeloid,non_tumor,0.22750025795577497,1.0432876651800795,-0.10559621621407038,0.15729546546936035,0.8427045345306396,False
CCGGCATGTTATGGAG,edge_gfp_plus,edge,GFP+,Monocyte,Myeloid,non_tumor,1.0882525788038189,0.7957116936017377,-0.31100300123743285,0.033231496810913086,0.9667685031890869,False
AGGGTACGTTAGTTCA,edge_gfp_plus,edge,GFP+,cDC,Myeloid,non_tumor,-0.266822025785425,1.0606190966270985,0.20730805199377342,0.07801449298858643,0.9219855070114136,False
ACTGCATGTTTGCCTC,edge_gfp_plus,edge,GFP+,Mac_MHCII,Myeloid,non_tumor,0.5255740997172652,0.36078602483561034,-0.19988996643203238,0.034572064876556396,0.9654279351234436,False
GGTCTATGTGAAGTGC,edge_gfp_plus,edge,GFP+,Mac_MHCII,Myeloid,non_tumor,0.351416444273481,0.47812926702688585,-0.2757808296134445,0.03429335355758667,0.9657066464424133,False
GGTGCGAGTAATGAAC,edge_gfp_plus,edge,GFP+,cDC,Myeloid,non_tumor,-0.5006297855143609,0.9173176178571483,-0.22433166600037444,0.07683467864990234,0.9231653213500977,False
ATGGTGAGTGGGTAAC,edge_gfp_plus,edge,GFP+,Mac_MHCII,Myeloid,non_tumor,0.21708877027410892,0.4493270878889846,-0.3172477787647762,0.028218090534210205,0.9717819094657898,False
ACCCAATGTTTCGCCT,edge_gfp_plus,edge,GFP+,Mac_MHCII,Myeloid,non_tumor,0.20531108836648845,0.6227448861078204,-0.2164392805697734,0.045764803886413574,0.9542351961135864,False
AGCATGAGTTTGGCTG,edge_gfp_plus,edge,GFP+,Monocyte,Myeloid,non_tumor,1.8668689109617138,1.6292442259923428,-0.3314076216803216,0.037251949310302734,0.9627480506896973,False
AATGCCTGTTAACGTC,edge_gfp_plus,edge,GFP+,cDC,Myeloid,non_tumor,-0.5788415449154921,0.7121011520373077,-0.28532635695264486,0.10332947969436646,0.8966705203056335,False
TGGAATGGTTGTCCCT,edge_gfp_plus,edge,GFP+,Mac_MHCII,Myeloid,non_tumor,-0.48917344720980455,1.406097313163621,4.4427531027814355,0.1788407564163208,0.8211592435836792,False
TAAGGATGTCATGATC,edge_gfp_plus,edge,GFP+,Treg,T_cell,non_tumor,1.1314477058990928,0.7108023439985732,-0.31301081674839676,0.19085252285003662,0.8091474771499634,False
TAGGTAGGTGAGCACG,edge_gfp_plus,edge,GFP+,Mac_MHCII,Myeloid,non_tumor,0.010341525681563692,0.6742409809481028,-0.2964931498925786,0.034880757331848145,0.9651192426681519,False
GTAGCAAGTCAGCACC,edge_gfp_plus,edge,GFP+,Mac_MHCII,Myeloid,non_tumor,-0.08723440998557154,0.5882320519114638,-0.27797956558919534,0.030763328075408936,0.9692366719245911,False
ACACGGGGTTCCAGCA,edge_gfp_plus,edge,GFP+,Mac_MHCII,Myeloid,non_tumor,-0.4728055462789588,0.9663632206611721,0.07563695398485616,0.17183589935302734,0.8281641006469727,False
AAAGCATGTTCCGTCT,edge_gfp_plus,edge,GFP+,Mac_MHCII,Myeloid,non_tumor,-0.5502764226477176,0.39280601651848296,-0.3008424352123317,0.03167998790740967,0.9683200120925903,False
TCTATGAGTTGGGTCC,edge_gfp_plus,edge,GFP+,Mac_MHCII,Myeloid,non_tumor,1.115918091092703,0.387178623861478,-0.3185093047978918,0.033285319805145264,0.9667146801948547,False
AAGTAACGTGGCCAGA,edge_gfp_plus,edge,GFP+,Mac_MHCII,Myeloid,non_tumor,-0.02624508365755553,0.7010592479811981,-0.32981358902381963,0.025890707969665527,0.9741092920303345,False
GCCAATTGTAAGGTGC,edge_gfp_plus,edge,GFP+,Mac_MHCII,Myeloid,non_tumor,-0.41181578128388385,0.5359610601833323,-0.32370962636579265,0.026720106601715088,0.9732798933982849,False
GTCATTAGTTGCATAC,edge_gfp_plus,edge,GFP+,Mac_MHCII,Myeloid,non_tumor,0.2460806793978738,0.3613817824672593,-0.2051448083310317,0.046226322650909424,0.9537736773490906,False
GCGGTGAGTTCACGGC,edge_gfp_plus,edge,GFP+,Mac_MHCII,Myeloid,non_tumor,0.3913204521628849,0.8551170818727937,-0.12037479407354602,0.14632809162139893,0.8536719083786011,False
TCTATCTGTTGCCTCT,edge_gfp_plus,edge,GFP+,Monocyte,Myeloid,non_tumor,-0.5470915565677327,0.7862807872126214,-0.28067635275006436,0.0783376693725586,0.9216623306274414,False
AGCAAATGTATGGGTA,edge_gfp_plus,edge,GFP+,Mac_MHCII,Myeloid,non_tumor,-0.2625876323630077,0.662985149762469,-0.297836466553767,0.034192800521850586,0.9658071994781494,False
AGAGTTGGTTAGTTCA,edge_gfp_plus,edge,GFP+,Tumor,Tumor,entering_hypoxia,-0.985329801293202,1.9642127788455142,-0.2191471475320624,0.04457050561904907,0.9554294943809509,True
GCCCTAAGTGGACCCT,edge_gfp_plus,edge,GFP+,Mac_MHCII,Myeloid,non_tumor,0.9186894992154702,0.7885542217968342,-0.25465704750738594,0.029551029205322266,0.9704489707946777,False
CTGCCTTGTTTCAGGT,edge_gfp_plus,edge,GFP+,cDC,Myeloid,non_tumor,-0.6849700678934533,0.7646671350130589,-0.3029277900206253,0.0867471694946289,0.9132528305053711,False
AATGGCAGTCATCATA,edge_gfp_plus,edge,GFP+,Monocyte,Myeloid,non_tumor,2.4523803525807906,1.9395511562942855,-0.3503936516195534,0.035298168659210205,0.9647018313407898,False
CCACATGGTTGTCCGA,edge_gfp_plus,edge,GFP+,Mac_MHCII,Myeloid,non_tumor,-0.47367369607973275,0.6902316449040228,-0.057536022276465336,0.13318824768066406,0.8668117523193359,False
ACCGAGGGTTCGCTTC,edge_gfp_plus,edge,GFP+,Mac_MHCII,Myeloid,non_tumor,0.29947423283672314,0.13949433674010858,-0.31525772506880034,0.03803598880767822,0.9619640111923218,False
TGCCTCTGTCAACTGT,edge_gfp_plus,edge,GFP+,Neutrophil,Myeloid,non_tumor,1.5626315052840327,0.40886097751620454,-0.3306003400908262,0.23887735605239868,0.7611226439476013,False
AATGAACGTCATGGAA,edge_gfp_plus,edge,GFP+,Neutrophil,Myeloid,non_tumor,0.7091295190912614,0.3230437397645829,-0.3338094773826632,0.18647843599319458,0.8135215640068054,False
CGTTCCTGTCTTGAAC,edge_gfp_plus,edge,GFP+,Mac_MHCII,Myeloid,non_tumor,-0.4669435849696564,0.5831140147773448,-0.31656573709795005,0.030598819255828857,0.9694011807441711,False
CTTCATTGTTCGCTCT,edge_gfp_plus,edge,GFP+,Mac_MHCII,Myeloid,non_tumor,-0.19428424325788482,0.4761526885780916,-0.35939878778060536,0.02982306480407715,0.9701769351959229,False
TGATCCGGTAAGCTCT,edge_gfp_plus,edge,GFP+,Monocyte,Myeloid,non_tumor,-0.58913593175062,0.7720060320656578,-0.31002795585801585,0.024826526641845703,0.9751734733581543,False
GCCAATTGTAAGTCCT,edge_gfp_plus,edge,GFP+,cDC,Myeloid,non_tumor,0.37713851906283374,1.5012165317432702,0.4064970469335957,0.10462009906768799,0.895379900932312,False
CCACCTTGTGAACGCG,edge_gfp_plus,edge,GFP+,Mac_MHCII,Myeloid,non_tumor,-0.16046853078513182,0.8304994511441716,-0.03375095547236407,0.1479014754295349,0.8520985245704651,False
GGACATAGTGAGATAT,edge_gfp_plus,edge,GFP+,cDC,Myeloid,non_tumor,-0.3751022895243682,0.8006607640546259,-0.28409514568069666,0.0626288652420044,0.9373711347579956,False
ACAATCCGTGAGTGAC,edge_gfp_plus,edge,GFP+,cDC,Myeloid,non_tumor,-0.122229522179871,1.3077822694061705,0.5345893898352644,0.08332204818725586,0.9166779518127441,False
GGTGCCTGTAACCGGG,edge_gfp_plus,edge,GFP+,Mac_MHCII,Myeloid,non_tumor,2.187467118308595,1.6075230539003398,-0.33772878640618414,0.04062920808792114,0.9593707919120789,False
CTGACCAGTTACACGT,edge_gfp_plus,edge,GFP+,Mac_MHCII,Myeloid,non_tumor,3.373975826877397,2.0906046264733575,-0.34806728282354976,0.044117271900177,0.955882728099823,False
ACAGCCCGTGCGGTCT,edge_gfp_plus,edge,GFP+,Mac_MHCII,Myeloid,non_tumor,-0.6534761467053471,0.9753595489073306,-0.28209588149342363,0.021214544773101807,0.9787854552268982,False
AGTCCTGGTTGCGCTA,edge_gfp_plus,edge,GFP+,Mac_MHCII,Myeloid,non_tumor,-0.5794129157437071,0.9069654715424741,-0.2587111744105596,0.026295125484466553,0.9737048745155334,False
TCACCCTGTTTCACTT,edge_gfp_plus,edge,GFP+,cDC,Myeloid,non_tumor,0.40494320231086844,1.1802720249382002,-0.29283961368479006,0.0864095687866211,0.9135904312133789,False
CCTCGTTGTTCGTCAG,edge_gfp_plus,edge,GFP+,Mac_MHCII,Myeloid,non_tumor,0.48357995460770625,0.51364349732199,-0.22055666773876342,0.033215880393981934,0.9667841196060181,False
GGCTTTGGTCATCAAC,edge_gfp_plus,edge,GFP+,Mac_MHCII,Myeloid,non_tumor,-0.5846415519602185,0.516757961080742,-0.1452724611848682,0.1636320948600769,0.8363679051399231,False
AACGGCGGTCTAATGC,edge_gfp_plus,edge,GFP+,Mac_MHCII,Myeloid,non_tumor,0.21333180224472065,0.6443689877820086,-0.14653270200959007,0.15416961908340454,0.8458303809165955,False
TGTATTGGTAAGTCGA,edge_gfp_plus,edge,GFP+,Mac_MHCII,Myeloid,non_tumor,-0.07378631904471529,0.72529931504308,-0.02124774882490552,0.16821420192718506,0.8317857980728149,False
CGCATCAGTCAACCAT,edge_gfp_plus,edge,GFP+,Mac_MHCII,Myeloid,non_tumor,0.2284165173318807,1.0384767673069673,-0.050859038759450075,0.139637291431427,0.860362708568573,False
TCAGCTGGTAGTCCAT,edge_gfp_plus,edge,GFP+,Mac_MHCII,Myeloid,non_tumor,-0.0703932329764913,0.4704775680455601,-0.29749241793928843,0.037155091762542725,0.9628449082374573,False
GCACCTAGTAAGCGAC,edge_gfp_plus,edge,GFP+,Monocyte,Myeloid,non_tumor,-0.020488629433970305,0.6537719117868986,-0.20299092801470245,0.07578772306442261,0.9242122769355774,False
ATCCATAGTTGACGGG,edge_gfp_plus,edge,GFP+,Mac_MHCII,Myeloid,non_tumor,1.436210883533605,0.4335459344433221,-0.35206405413454317,0.03276640176773071,0.9672335982322693,False
ACAGAATGTGAGTAAT,edge_gfp_plus,edge,GFP+,Monocyte,Myeloid,non_tumor,-0.014902257703195327,1.006993182220713,-0.26890085576927814,0.021762967109680176,0.9782370328903198,False
TCAAAGGGTCTAACTA,edge_gfp_plus,edge,GFP+,cDC,Myeloid,non_tumor,0.8098003433688148,0.7156390537845816,-0.35199214144922436,0.08209288120269775,0.9179071187973022,False
TACTATGGTCAGGAAC,edge_gfp_plus,edge,GFP+,Mac_MHCII,Myeloid,non_tumor,1.2398264030450665,0.5868333452597153,-0.28034045044800326,0.028785526752471924,0.9712144732475281,False
TGAGCGGGTTGTCCGA,edge_gfp_plus,edge,GFP+,Mac_MHCII,Myeloid,non_tumor,-0.511991977024394,0.8203896096401755,-0.2536442703897345,0.03384387493133545,0.9661561250686646,False
CAGGATAGTAGTGCGG,edge_gfp_plus,edge,GFP+,Mac_MHCII,Myeloid,non_tumor,0.7754946224892145,1.2408575863975877,-0.09130433759951492,0.11314153671264648,0.8868584632873535,False
ACCCAATGTATTGCTA,edge_gfp_plus,edge,GFP+,Mac_MHCII,Myeloid,non_tumor,-0.20383947837291988,0.6339244439927756,-0.2614093852151285,0.029382646083831787,0.9706173539161682,False
GGTACTTGTAAGTCCT,edge_gfp_plus,edge,GFP+,Mac_MHCII,Myeloid,non_tumor,0.1510688670952939,0.6368032351061073,-0.27339643448935985,0.029832005500793457,0.9701679944992065,False
ACTGAAGGTAGCAGCG,edge_gfp_plus,edge,GFP+,Mac_MHCII,Myeloid,non_tumor,-0.5670801318039479,0.8137621804041935,-0.12478346152746007,0.08600956201553345,0.9139904379844666,False
GCGCAAGGTGAGGTTA,edge_gfp_plus,edge,GFP+,Neutrophil,Myeloid,non_tumor,0.4258396194383375,0.5589157095193636,-0.36106139639478874,0.19086694717407227,0.8091330528259277,False
AACCGGGGTAAGTACG,edge_gfp_plus,edge,GFP+,Monocyte,Myeloid,non_tumor,-0.8455140996852458,0.9923417284568802,-0.24695271048723916,0.08123815059661865,0.9187618494033813,False
GGGTATAGTTGACGAA,edge_gfp_plus,edge,GFP+,Mac_MHCII,Myeloid,non_tumor,-0.04983569438050434,0.5811548668829255,-0.2546589086347605,0.03234058618545532,0.9676594138145447,False
ACTGAAGGTCCATAGT,edge_gfp_plus,edge,GFP+,Mac_MHCII,Myeloid,non_tumor,1.6348098362138337,0.3703379393388404,-0.31852864781758417,0.02736639976501465,0.9726336002349854,False
TATCCGGGTCTTGCTC,edge_gfp_plus,edge,GFP+,Monocyte,Myeloid,non_tumor,-0.2503040793147861,0.7608909619833506,-0.27575037070425834,0.035354435443878174,0.9646455645561218,False
TGTGTACGTCAAGTCT,edge_gfp_plus,edge,GFP+,Mac_MHCII,Myeloid,non_tumor,-0.22361122918903406,0.6694605071631763,0.030215197375066203,0.15902018547058105,0.840979814529419,False
AGGCTCCGTTAACGAG,edge_gfp_plus,edge,GFP+,Mac_Spp1,Myeloid,non_tumor,2.253420005633522,-0.3509231520293208,-0.26151080261921655,0.041725993156433105,0.9582740068435669,False
GTCGGCTGTTGCTAAC,edge_gfp_plus,edge,GFP+,Neutrophil,Myeloid,non_tumor,1.797501275754568,0.7801923268105216,-0.37515299806556657,0.24917447566986084,0.7508255243301392,False
TGGCTTGGTCAATTCA,edge_gfp_plus,edge,GFP+,Mac_MHCII,Myeloid,non_tumor,-0.515998744282743,0.9170680262960049,0.12518343574848104,0.17118573188781738,0.8288142681121826,False
CGTAAAGGTTCTGTGG,edge_gfp_plus,edge,GFP+,Mac_MHCII,Myeloid,non_tumor,-0.36255323284526036,0.7643459886050787,-0.008241386684323572,0.16477477550506592,0.8352252244949341,False
CTGTTCCGTGGCCAAG,edge_gfp_plus,edge,GFP+,Neutrophil,Myeloid,non_tumor,0.9515144919634345,0.6823675298841186,-0.35273160000689124,0.20115435123443604,0.798845648765564,False
GCCGTACGTTCGTTGG,edge_gfp_plus,edge,GFP+,Tumor_proliferating,Tumor,persistent_hypoxia,0.9531642732061488,-0.029452170048808124,1.4329913890771049,0.5882588028907776,0.4117411971092224,True
ACTGAAGGTTTGGCAT,edge_gfp_plus,edge,GFP+,Mac_MHCII,Myeloid,non_tumor,0.511740797107213,0.7665013193829083,-0.31722341719168706,0.025183558464050293,0.9748164415359497,False
ACGCGAGGTAATCGGA,edge_gfp_plus,edge,GFP+,Mac_MHCII,Myeloid,non_tumor,-0.0907426201036158,0.423300239830097,-0.2598627031011503,0.044892191886901855,0.9551078081130981,False
GCTAAAGGTTTACGGT,edge_gfp_plus,edge,GFP+,cDC,Myeloid,non_tumor,-0.3652375184193467,0.7377675283571722,-0.28714048823372806,0.2535865306854248,0.7464134693145752,False
AGTCGAAGTTTCGCTC,edge_gfp_plus,edge,GFP+,Neutrophil,Myeloid,non_tumor,-0.550669965497246,0.8877653201657595,-0.27799922427735363,0.23740243911743164,0.7625975608825684,False
CGAATCTGTTAGGTGA,edge_gfp_plus,edge,GFP+,Mac_MHCII,Myeloid,non_tumor,1.681666934360583,-0.41155618957386725,-0.3071618312541188,0.04269152879714966,0.9573084712028503,False
CGATGGGGTAATGAAC,edge_gfp_plus,edge,GFP+,Mac_MHCII,Myeloid,non_tumor,2.158048196953855,0.1632813201132337,-0.34958781627583857,0.04101365804672241,0.9589863419532776,False
CTCACCTGTGAGTTGA,edge_gfp_plus,edge,GFP+,Monocyte,Myeloid,non_tumor,-0.22125102126991564,0.878383912728876,-0.2757948674777149,0.03184950351715088,0.9681504964828491,False
ACATCCGGTGAACGTA,edge_gfp_plus,edge,GFP+,Mac_MHCII,Myeloid,non_tumor,-0.118618170848789,0.5855896682389881,-0.28411225663902784,0.02974599599838257,0.9702540040016174,False
ATCATCAGTTGCGGCT,edge_gfp_plus,edge,GFP+,Monocyte,Myeloid,non_tumor,-0.2263548861724506,0.7628136208501339,-0.277763667368231,0.06341713666915894,0.9365828633308411,False
CACGTATGTTCGTATA,edge_gfp_plus,edge,GFP+,Monocyte,Myeloid,non_tumor,3.35619109961144,3.6667985873410753,-0.3758033650183929,0.0386660099029541,0.9613339900970459,False
ATTCGTAGTTGAGCTT,edge_gfp_plus,edge,GFP+,Monocyte,Myeloid,non_tumor,-0.0835891882044839,0.9671148014819885,-0.18885696715020667,0.049293577671051025,0.950706422328949,False
ATGATCCGTATGGAGC,edge_gfp_plus,edge,GFP+,Mac_MHCII,Myeloid,non_tumor,0.856150756895388,0.8608627692713983,-0.3334629660329946,0.027747809886932373,0.9722521901130676,False
AACGGCGGTAGCGGAT,edge_gfp_plus,edge,GFP+,Monocyte,Myeloid,non_tumor,0.2982044958300519,1.0598903657821426,-0.30673858247410385,0.029663443565368652,0.9703365564346313,False
GTGCGAGGTGATGGCG,edge_gfp_plus,edge,GFP+,Mac_MHCII,Myeloid,non_tumor,0.49432492881217915,0.6836684970601294,-0.2951835800285811,0.03672587871551514,0.9632741212844849,False
GGGGCTAGTGATAGCA,edge_gfp_plus,edge,GFP+,Mac_MHCII,Myeloid,non_tumor,-0.7324675911042836,0.8007103133998063,0.05661662599357115,0.16103482246398926,0.8389651775360107,False
CCCGATAGTCTAATGC,edge_gfp_plus,edge,GFP+,Mac_MHCII,Myeloid,non_tumor,1.1465068303935306,-0.5270151658726879,-0.1985328432740924,0.048811137676239014,0.951188862323761,False
CTGTGATGTCATGAGA,edge_gfp_plus,edge,GFP+,Monocyte,Myeloid,non_tumor,-0.31399205440321204,0.8207789733648464,-0.23951097912700492,0.05517679452896118,0.9448232054710388,False
GGTTTACGTTCGTGGC,edge_gfp_plus,edge,GFP+,Monocyte,Myeloid,non_tumor,1.5707644266789351,0.6960631621288512,-0.3285807300088855,0.03482401371002197,0.965175986289978,False
TGGAGCGGTTCGTATA,edge_gfp_plus,edge,GFP+,Mac_MHCII,Myeloid,non_tumor,1.7805788793568178,-0.14442875035419306,-0.31169886263636676,0.04213005304336548,0.9578699469566345,False
ATAACGGGTGATGGAC,edge_gfp_plus,edge,GFP+,Monocyte,Myeloid,non_tumor,0.982665762195043,1.3287835360450984,-0.3473300631034899,0.03573518991470337,0.9642648100852966,False
CTCAACGGTAACCCAT,edge_gfp_plus,edge,GFP+,Mac_MHCII,Myeloid,non_tumor,-0.5498963701792352,0.965783522860851,-0.05464398709502929,0.1387544870376587,0.8612455129623413,False
TGCTATAGTTAGAGGC,edge_gfp_plus,edge,GFP+,Mac_MHCII,Myeloid,non_tumor,-0.7511661971677691,0.7600417205020641,-0.040549052667920624,0.1259879469871521,0.8740120530128479,False
CGTTCAGGTAATCCGT,edge_gfp_plus,edge,GFP+,Monocyte,Myeloid,non_tumor,1.5791795479811703,0.948558761426597,-0.3708070528076803,0.03527432680130005,0.9647256731987,False
GCATGTTGTCATGCTG,edge_gfp_plus,edge,GFP+,cDC,Myeloid,non_tumor,1.366210634137447,0.7874799393614665,-0.3303919942812092,0.13444948196411133,0.8655505180358887,False
TCGACCAGTGCAACCC,edge_gfp_plus,edge,GFP+,Mac_MHCII,Myeloid,non_tumor,2.060030371719702,0.6806447399094581,-0.34722789945144966,0.03263223171234131,0.9673677682876587,False
ATCCTCCGTTCGTTGG,edge_gfp_plus,edge,GFP+,Mac_MHCII,Myeloid,non_tumor,-0.32904485749895146,0.7321040606270552,-0.19992195912062227,0.036094844341278076,0.9639051556587219,False
AACTGAGGTTTGGTCG,edge_gfp_plus,edge,GFP+,Mac_MHCII,Myeloid,non_tumor,0.33820839543702613,0.5256693749434952,-0.2732303169695333,0.03505450487136841,0.9649454951286316,False
GGCATCCGTGCATCTG,edge_gfp_plus,edge,GFP+,Mac_Spp1,Myeloid,non_tumor,-0.23862495699813965,0.38202253778516027,-0.2882489658064772,0.03557169437408447,0.9644283056259155,False
CCGATTGGTCATTGGT,edge_gfp_plus,edge,GFP+,Monocyte,Myeloid,non_tumor,1.135639077466951,1.0665437265924747,-0.32838121915819735,0.09190785884857178,0.9080921411514282,False
ACTGCATGTCAGCATT,edge_gfp_plus,edge,GFP+,Monocyte,Myeloid,non_tumor,1.7546461218816902,1.3732245966087597,-0.3734422371106015,0.041369736194610596,0.9586302638053894,False
TATCGTAGTTATCGAC,edge_gfp_plus,edge,GFP+,Mac_MHCII,Myeloid,non_tumor,0.48345189657292875,0.7193255315525612,-0.15193378251967268,0.13124823570251465,0.8687517642974854,False
CAATCCGGTTGCTGAT,edge_gfp_plus,edge,GFP+,Monocyte,Myeloid,non_tumor,0.45538622046725136,1.6393102071487582,-0.35863385948025595,0.04137152433395386,0.9586284756660461,False
AGCGCCTGTTGGGTAA,edge_gfp_plus,edge,GFP+,Monocyte,Myeloid,non_tumor,0.8688889888586055,0.9366998141927539,-0.3211561041256357,0.03210049867630005,0.9678995013237,False
CGAATAGGTAACGAAT,edge_gfp_plus,edge,GFP+,cDC,Myeloid,non_tumor,-0.70993216990543,0.5370292426308676,-0.3698192971671966,0.3241503834724426,0.6758496165275574,False
CCAATTAGTTCCCGAA,edge_gfp_plus,edge,GFP+,Mac_MHCII,Myeloid,non_tumor,2.320922160412786,0.6210297821910641,-0.3112864295713403,0.03622657060623169,0.9637734293937683,False
TCTATGAGTTGGCTAT,edge_gfp_plus,edge,GFP+,Monocyte,Myeloid,non_tumor,2.2761689479060516,1.211933450746813,-0.35930477598963156,0.039241909980773926,0.9607580900192261,False
CCCACTTGTAGTCATC,edge_gfp_plus,edge,GFP+,Monocyte,Myeloid,non_tumor,2.178905201486299,2.5127472797976997,-0.3140037888113279,0.03932267427444458,0.9606773257255554,False
ATAGCGAGTAGCTCGC,edge_gfp_plus,edge,GFP+,Mac_MHCII,Myeloid,non_tumor,2.604533994383054,-0.23575499081516688,-0.28267955078627477,0.043672800064086914,0.9563271999359131,False
CCGGTTAGTCAACGAA,edge_gfp_plus,edge,GFP+,cDC,Myeloid,non_tumor,1.3444646696967397,0.5764528521273882,-0.30983015278970333,0.15962058305740356,0.8403794169425964,False
TAAGCAGGTGGGTTAA,edge_gfp_plus,edge,GFP+,Mac_MHCII,Myeloid,non_tumor,1.262306653834785,-0.25292358277051713,-0.22194956150176207,0.04865509271621704,0.951344907283783,False
GCGCAAGGTCAGCCTA,edge_gfp_plus,edge,GFP+,Mac_MHCII,Myeloid,non_tumor,1.6639153586706115,0.238824576242908,-0.3491398882977517,0.030326247215270996,0.969673752784729,False
ATTGGCTGTTGGATTC,edge_gfp_plus,edge,GFP+,Monocyte,Myeloid,non_tumor,-0.15333237097520322,0.6361134837291789,0.04909476446605471,0.0809137225151062,0.9190862774848938,False
TGGGCGAGTCTGGTTG,edge_gfp_plus,edge,GFP+,Mac_MHCII,Myeloid,non_tumor,-0.7337805253322481,0.5783015200232169,-0.2814372727714252,0.03675347566604614,0.9632465243339539,False
GTAAACGGTTGTCTAA,edge_gfp_plus,edge,GFP+,Neutrophil,Myeloid,non_tumor,1.659209413135053,-0.32769319974359007,-0.3726816829753316,0.22182023525238037,0.7781797647476196,False
CTAGAAGGTAGGTCGG,edge_gfp_plus,edge,GFP+,Mac_MHCII,Myeloid,non_tumor,0.5526645322348591,0.5936244945125798,-0.30840900706834573,0.03661394119262695,0.963386058807373,False
GGTGATAGTAGTAACG,edge_gfp_plus,edge,GFP+,Mac_MHCII,Myeloid,non_tumor,0.7662692830722884,0.3719747873673282,-0.27743156290220417,0.04028970003128052,0.9597102999687195,False
TGTAACCGTGCGAGCA,edge_gfp_plus,edge,GFP+,Monocyte,Myeloid,non_tumor,1.3529640039281186,0.7552510331652038,-0.25739336261207185,0.04820716381072998,0.95179283618927,False
TCAGCATGTGGAAGCT,edge_gfp_plus,edge,GFP+,Mac_MHCII,Myeloid,non_tumor,-0.7883509496640815,0.8223927612143656,3.8485551613023823,0.17938292026519775,0.8206170797348022,False
TAAGCAGGTGCAGGCA,edge_gfp_plus,edge,GFP+,Mac_MHCII,Myeloid,non_tumor,-0.22557279017866055,0.28956746914392,-0.25912085840934823,0.03350841999053955,0.9664915800094604,False
TCTGTAAGTCAGCACC,edge_gfp_plus,edge,GFP+,Mac_MHCII,Myeloid,non_tumor,1.521087083456358,0.33135480570383985,-0.311888305911586,0.040716350078582764,0.9592836499214172,False
GCGCAAGGTAGTAACG,edge_gfp_plus,edge,GFP+,Mac_MHCII,Myeloid,non_tumor,-0.4434749933841353,0.9278071914939591,-0.11559742499294597,0.144275963306427,0.855724036693573,False
CTGGCTAGTTGCTCCT,edge_gfp_plus,edge,GFP+,cDC,Myeloid,non_tumor,-0.33854200740620544,0.8230790366113194,-0.3644654311482013,0.329433798789978,0.670566201210022,False
TCTACTTGTCATTCGG,edge_gfp_plus,edge,GFP+,Mac_MHCII,Myeloid,non_tumor,-0.33110099627287876,0.8769076370325279,-0.07205375471398559,0.16534405946731567,0.8346559405326843,False
GTGCTTGGTCATCGTG,edge_gfp_plus,edge,GFP+,Mac_MHCII,Myeloid,non_tumor,1.1232461084125709,0.5725802482692475,-0.3441711335317568,0.027663588523864746,0.9723364114761353,False
CCTGCAAGTTGCTCTC,edge_gfp_plus,edge,GFP+,Mac_MHCII,Myeloid,non_tumor,-0.6715700040529979,0.842004161763621,-0.07203986577034065,0.1524330973625183,0.8475669026374817,False
CATGGTTGTTGGTCTG,edge_gfp_plus,edge,GFP+,Monocyte,Myeloid,non_tumor,1.91693947481017,0.7452245056761961,-0.2562782519806142,0.03856170177459717,0.9614382982254028,False
AGCATAGGTTCCGGTA,edge_gfp_plus,edge,GFP+,Mac_C1q,Myeloid,non_tumor,0.6951776724346388,0.681419398084694,-0.05578910639226548,0.1570259928703308,0.8429740071296692,False
AGCCTCAGTTTGCATA,edge_gfp_plus,edge,GFP+,Monocyte,Myeloid,non_tumor,0.7908356012070223,1.1311862205935785,-0.34460418702620516,0.040746986865997314,0.9592530131340027,False
CGAATAGGTCCATCTC,edge_gfp_plus,edge,GFP+,Mac_MHCII,Myeloid,non_tumor,0.20821792808894082,0.5966735670573995,-0.20899572432735192,0.034017086029052734,0.9659829139709473,False
ACGCTTGGTATAGACG,edge_gfp_plus,edge,GFP+,Mac_Spp1,Myeloid,non_tumor,2.0494446314874675,-0.3530685322052682,-0.27372884193477953,0.04507261514663696,0.954927384853363,False
TGCTTAAGTCTTGGTG,edge_gfp_plus,edge,GFP+,Mac_MHCII,Myeloid,non_tumor,-0.4647064576476934,0.6554042286349898,-0.27975482199066765,0.04237550497055054,0.9576244950294495,False
CTATTGAGTTGCTCTC,edge_gfp_plus,edge,GFP+,Mac_Il1b,Myeloid,non_tumor,0.9808545935446928,1.1729238996988804,-0.30573064523487814,0.04181778430938721,0.9581822156906128,False
GGAGAAGGTAGCCAGG,edge_gfp_plus,edge,GFP+,Mac_MHCII,Myeloid,non_tumor,-0.5903515883816923,0.7545437742495189,-0.020765579738271773,0.1621747612953186,0.8378252387046814,False
GTCGAGGGTTTGGTCG,edge_gfp_plus,edge,GFP+,Mac_MHCII,Myeloid,non_tumor,1.9200701486732303,-0.6654514545586953,-0.2713609953500514,0.048004090785980225,0.9519959092140198,False
ACCGTTGGTTGGTCAT,edge_gfp_plus,edge,GFP+,Mac_MHCII,Myeloid,non_tumor,-0.18631901677617976,0.21795061579031524,3.778297185266766,0.1786487102508545,0.8213512897491455,False
ATGGTAGGTGAGATTG,edge_gfp_plus,edge,GFP+,Mac_MHCII,Myeloid,non_tumor,1.3187414360044318,0.7147189225038695,-0.26106041940917135,0.02526777982711792,0.9747322201728821,False
TCGCATGGTATAGTCC,edge_gfp_plus,edge,GFP+,Mac_MHCII,Myeloid,non_tumor,0.018722808352080813,0.5574869672759246,-0.19949247450431815,0.03481912612915039,0.9651808738708496,False
AGGGTACGTAGGTTGA,edge_gfp_plus,edge,GFP+,Monocyte,Myeloid,non_tumor,1.9809981880941854,1.3633698543186432,-0.33216389667377555,0.03627669811248779,0.9637233018875122,False
CTACATAGTTGAGCGG,edge_gfp_plus,edge,GFP+,Monocyte,Myeloid,non_tumor,0.23391827649029132,1.8186721131662273,-0.3020942878695346,0.03868305683135986,0.9613169431686401,False
CATTTAGGTTTAGCAC,edge_gfp_plus,edge,GFP+,cDC,Myeloid,non_tumor,0.7096407689802507,1.442953929103987,-0.3067867731397898,0.06503820419311523,0.9349617958068848,False
GGTATAGGTTGCATAC,edge_gfp_plus,edge,GFP+,Monocyte,Myeloid,non_tumor,-0.08595642575192508,1.034629645889493,-0.20608603620930713,0.03394895792007446,0.9660510420799255,False
AGTTTCAGTAATCCAC,edge_gfp_plus,edge,GFP+,Mac_MHCII,Myeloid,non_tumor,2.2366424269900196,-0.3742006292238274,-0.26407892612244815,0.050395846366882324,0.9496041536331177,False
CTGTGATGTTGAGCGG,edge_gfp_plus,edge,GFP+,Mac_MHCII,Myeloid,non_tumor,-0.5605076913500816,0.8332959422044176,4.335868264275926,0.18033641576766968,0.8196635842323303,False
GTTAGAGGTAACCGGG,edge_gfp_plus,edge,GFP+,Monocyte,Myeloid,non_tumor,0.07695023701627039,0.7950861598410484,-0.36455707070762344,0.0337870717048645,0.9662129282951355,False
ATGGATGGTCTGGTCA,edge_gfp_plus,edge,GFP+,Monocyte,Myeloid,non_tumor,-0.39300870027339097,1.3237704205151462,-0.24858368325382768,0.03315913677215576,0.9668408632278442,False
AGGGTTAGTTGCGGCT,edge_gfp_plus,edge,GFP+,Mac_MHCII,Myeloid,non_tumor,1.642968887725482,2.2642529903872766,-0.3178432183736413,0.037920594215393066,0.9620794057846069,False
GGGACCAGTTCACGGC,edge_gfp_plus,edge,GFP+,Monocyte,Myeloid,non_tumor,-0.7674439007024435,0.9930882893380198,-0.29209688019388597,0.02325737476348877,0.9767426252365112,False
CGTGAGGGTTCGTCTC,edge_gfp_plus,edge,GFP+,Mac_MHCII,Myeloid,non_tumor,-0.4732414852930681,0.7653566521238108,-0.03943901326414352,0.1667909026145935,0.8332090973854065,False
AATGCCTGTCAGGAAC,edge_gfp_plus,edge,GFP+,Mac_MHCII,Myeloid,non_tumor,-0.5008603680698969,0.773055104600764,-0.1538303634275197,0.135353684425354,0.864646315574646,False
TCACACGGTAATCCCG,edge_gfp_plus,edge,GFP+,Mac_MHCII,Myeloid,non_tumor,0.9426559778758756,1.1366002142879732,-0.3379861329178842,0.03448331356048584,0.9655166864395142,False
TGCTTAAGTGCGATGG,edge_gfp_plus,edge,GFP+,Mac_MHCII,Myeloid,non_tumor,-0.08405069712631688,1.125500842219118,-0.3298366929264965,0.03487896919250488,0.9651210308074951,False
ATGCCCAGTAAGCAGC,edge_gfp_plus,edge,GFP+,Mac_MHCII,Myeloid,non_tumor,0.8928688881915514,0.5818090048314773,-0.10804581082451852,0.08913636207580566,0.9108636379241943,False
CGCGTTAGTTGTGGTT,edge_gfp_plus,edge,GFP+,Mac_MHCII,Myeloid,non_tumor,0.022651376005486067,1.5692881843932316,-0.33877970030551247,0.02823847532272339,0.9717615246772766,False
AAGCCGGGTTCCGTTC,edge_gfp_plus,edge,GFP+,Mac_MHCII,Myeloid,non_tumor,-0.5366566583666041,0.5613935753883367,-0.28778531087641956,0.028466880321502686,0.9715331196784973,False
TCTACGGGTGAAGGTC,edge_gfp_plus,edge,GFP+,Monocyte,Myeloid,non_tumor,-0.028644133884062215,0.8557299077178313,-0.3618152500781812,0.04187476634979248,0.9581252336502075,False
CACCAATGTTGGGACG,edge_gfp_plus,edge,GFP+,Mac_MHCII,Myeloid,non_tumor,-0.8979433088053254,0.7554283345609644,0.6903413417149599,0.17002439498901367,0.8299756050109863,False
GGATAATGTAAGTAAC,edge_gfp_plus,edge,GFP+,Mac_MHCII,Myeloid,non_tumor,1.1282755668670297,0.11486598469393616,-0.31674785206778777,0.036115944385528564,0.9638840556144714,False
CACGAAAGTCAAGGGT,edge_gfp_plus,edge,GFP+,Neutrophil,Myeloid,non_tumor,0.02674550522943783,0.4826695050762743,-0.307117052436194,0.10698837041854858,0.8930116295814514,False
ATGCGAAGTTCGCCTT,edge_gfp_plus,edge,GFP+,Mac_MHCII,Myeloid,non_tumor,-0.011819141157212972,0.6206618292789579,-0.25669054206090763,0.02778249979019165,0.9722175002098083,False
AACACGAGTGCATTAC,edge_gfp_plus,edge,GFP+,Mac_MHCII,Myeloid,non_tumor,0.6874012509953923,0.7412500697026237,-0.2933262620827006,0.042913615703582764,0.9570863842964172,False
AGAAGGGGTTCACTGG,edge_gfp_plus,edge,GFP+,Mac_MHCII,Myeloid,non_tumor,0.2936909267430856,0.6613078464849451,-0.2974175166326904,0.03829127550125122,0.9617087244987488,False
GGTTTACGTGCGTGAG,edge_gfp_plus,edge,GFP+,Mac_MHCII,Myeloid,non_tumor,-0.40375282102982635,0.6712685468348688,-0.06295458058680915,0.1545623540878296,0.8454376459121704,False
GTGTAAGGTGACTCCA,edge_gfp_plus,edge,GFP+,Mac_MHCII,Myeloid,non_tumor,2.598164422068641,1.199233812093238,-0.3520691932785492,0.05100691318511963,0.9489930868148804,False
TGACGTTGTAAGTGAT,edge_gfp_plus,edge,GFP+,Monocyte,Myeloid,non_tumor,0.06330956925404445,1.0405179892708736,-0.3059323208797841,0.03071492910385132,0.9692850708961487,False
GTAGTCTGTATGGAGC,edge_gfp_plus,edge,GFP+,Neutrophil,Myeloid,non_tumor,0.07127563112068143,0.6391383248513325,-0.32389251748427317,0.1704401969909668,0.8295598030090332,False
GGCATAAGTGAACCGG,edge_gfp_plus,edge,GFP+,Mac_MHCII,Myeloid,non_tumor,-0.09632308184013035,0.4563602209372454,-0.2925344535543045,0.03159111738204956,0.9684088826179504,False
TAGCCTGGTTCACCTC,edge_gfp_plus,edge,GFP+,Mac_MHCII,Myeloid,non_tumor,1.1013954500886514,0.4097343669840832,-0.04090575385914678,0.021721601486206055,0.978278398513794,False
TCTAGCGGTTAACCGT,edge_gfp_plus,edge,GFP+,Monocyte,Myeloid,non_tumor,0.19725153281085278,0.7588271878676475,-0.21044920879922863,0.07544398307800293,0.9245560169219971,False
TGGACAAGTATGGGAC,edge_gfp_plus,edge,GFP+,cDC,Myeloid,non_tumor,2.0241808168100843,1.9071446207121783,-0.2249322770243857,0.045854806900024414,0.9541451930999756,False
CTCCGTTGTTATGCTA,edge_gfp_plus,edge,GFP+,Monocyte,Myeloid,non_tumor,0.4107288913711367,0.8109069894503158,-0.35078783525854035,0.03964358568191528,0.9603564143180847,False
CATGCCAGTGCGATCC,edge_gfp_plus,edge,GFP+,Mac_MHCII,Myeloid,non_tumor,1.8380800279884961,0.22339854486280733,-0.3034648353242976,0.03283292055130005,0.9671670794487,False
GGACGATGTATGTGGA,edge_gfp_plus,edge,GFP+,Monocyte,Myeloid,non_tumor,1.948306727909776,0.5192592232269756,-0.31997576190951005,0.041266560554504395,0.9587334394454956,False
ACTGGTTGTAACGATG,edge_gfp_plus,edge,GFP+,Mac_MHCII,Myeloid,non_tumor,0.10031252245367595,0.7855068134398736,-0.3158773193355288,0.02989739179611206,0.9701026082038879,False
GTGCCTAGTTAGGCCC,edge_gfp_plus,edge,GFP+,Mac_MHCII,Myeloid,non_tumor,0.32906372461292216,0.733620604124624,-0.07774832882471001,0.12719237804412842,0.8728076219558716,False
TCCACCTGTGCAGGCA,edge_gfp_plus,edge,GFP+,Mac_MHCII,Myeloid,non_tumor,-0.47951540071148097,0.6945959060726316,-0.23988862844056896,0.03932607173919678,0.9606739282608032,False
GTGCATTGTAAGTCAG,edge_gfp_plus,edge,GFP+,Monocyte,Myeloid,non_tumor,-0.024046219333856637,0.5803920881911829,-0.35482749283138976,0.02813941240310669,0.9718605875968933,False
CCGTATGGTTAACCCG,edge_gfp_plus,edge,GFP+,Monocyte,Myeloid,non_tumor,1.4659496620499264,0.5888373371232277,-0.33467031382559204,0.04039609432220459,0.9596039056777954,False
GGCATCCGTAGGCGTG,edge_gfp_plus,edge,GFP+,Monocyte,Myeloid,non_tumor,-0.022506462319946408,0.849201920899192,-0.34259480646520446,0.07999265193939209,0.9200073480606079,False
GTCCATGGTTGCCTCT,edge_gfp_plus,edge,GFP+,Mac_MHCII,Myeloid,non_tumor,1.347890872167026,0.526690916364092,-0.2864037201883912,0.03378403186798096,0.966215968132019,False
GCTAGGGGTCATGATC,edge_gfp_plus,edge,GFP+,Mac_MHCII,Myeloid,non_tumor,0.5695510632710774,0.536259634910069,-0.29189202771584793,0.033094704151153564,0.9669052958488464,False
GCATTTAGTCAGCTAT,edge_gfp_plus,edge,GFP+,Mac_MHCII,Myeloid,non_tumor,2.568818070803055,1.2575347735303177,-0.3226436923583971,0.037250638008117676,0.9627493619918823,False
TACTATGGTGACTTCG,edge_gfp_plus,edge,GFP+,cDC,Myeloid,non_tumor,-0.22080668516765597,0.46006656486060726,-0.30578585890880755,0.0372738242149353,0.9627261757850647,False
TGGCTATGTCAGTCCA,edge_gfp_plus,edge,GFP+,Mac_MHCII,Myeloid,non_tumor,0.7458112285008559,0.42438777125141464,-0.29192777801769987,0.037818074226379395,0.9621819257736206,False
CACGAAAGTTATCGAC,edge_gfp_plus,edge,GFP+,Mac_MHCII,Myeloid,non_tumor,1.2448704735385798,0.5898074498381305,-0.28603782475055056,0.029533982276916504,0.9704660177230835,False
CCATCCTGTAAGTTCC,edge_gfp_plus,edge,GFP+,Mac_MHCII,Myeloid,non_tumor,0.1338446175646741,0.6710339915527972,-0.31638292573655014,0.034216344356536865,0.9657836556434631,False
CACCCTTGTCTCAGGC,edge_gfp_plus,edge,GFP+,cDC,Myeloid,non_tumor,-0.48300593039923945,0.8055880567331569,-0.3671305837768351,0.3346604108810425,0.6653395891189575,False
CTGTATAGTGGCCAAG,edge_gfp_plus,edge,GFP+,cDC,Myeloid,non_tumor,1.1465917840582687,1.4697131547832794,-0.24968803263082667,0.08343446254730225,0.9165655374526978,False
CTACTCCGTCTAGGCC,edge_gfp_plus,edge,GFP+,Monocyte,Myeloid,non_tumor,-0.45458832868029825,0.8217304784402797,-0.38529171869700446,0.03918039798736572,0.9608196020126343,False
GCGAATAGTCCCGTAA,edge_gfp_plus,edge,GFP+,Monocyte,Myeloid,non_tumor,0.9141049075111832,1.2461883661654087,-0.3125383103488308,0.03953522443771362,0.9604647755622864,False
GCCAATTGTTGGATCT,edge_gfp_plus,edge,GFP+,Mac_MHCII,Myeloid,non_tumor,2.899035933672086,-0.36443453876499665,-0.2581173183997842,0.051320016384124756,0.9486799836158752,False
AACACGAGTCTAGCGC,edge_gfp_plus,edge,GFP+,Monocyte,Myeloid,non_tumor,0.18132983432862151,0.7654219163963389,-0.33281474919125076,0.03956472873687744,0.9604352712631226,False
TATCATGGTTGCACCA,edge_gfp_plus,edge,GFP+,Mac_MHCII,Myeloid,non_tumor,-0.40484677692781057,0.9920723256669236,-0.06958861263794237,0.16491234302520752,0.8350876569747925,False
CCGCTAAGTTGTAGTC,edge_gfp_plus,edge,GFP+,Mac_MHCII,Myeloid,non_tumor,-0.10399318226807237,1.1702578330847646,1.0474388905556251,0.15055745840072632,0.8494425415992737,False
TGAACAGGTGGCCTAC,edge_gfp_plus,edge,GFP+,Monocyte,Myeloid,non_tumor,0.0684664974241116,-0.16981378337108638,-0.3268591789683497,0.033659398555755615,0.9663406014442444,False
AATGGGCGTGAACTAG,edge_gfp_plus,edge,GFP+,Monocyte,Myeloid,non_tumor,0.02324713975136712,0.5681983392811683,-0.3087803735076072,0.02308344841003418,0.9769165515899658,False
TGATCCGGTGGACTGG,edge_gfp_plus,edge,GFP+,Mac_Spp1,Myeloid,non_tumor,1.6422244249738203,-0.09235586934486263,-0.32858996690174147,0.03316009044647217,0.9668399095535278,False
CCTCCTGGTCAGCACC,edge_gfp_plus,edge,GFP+,Mac_MHCII,Myeloid,non_tumor,-0.34918200291980894,0.9075319231467663,0.024284735314913094,0.17307758331298828,0.8269224166870117,False
GGGCGTAGTGAGAGCT,edge_gfp_plus,edge,GFP+,Mac_MHCII,Myeloid,non_tumor,-0.39574412386272895,0.7486755127192856,-0.08726096272511516,0.0564236044883728,0.9435763955116272,False
ACATTTGGTCATCGGC,edge_gfp_plus,edge,GFP+,Mac_MHCII,Myeloid,non_tumor,0.2537155618566217,0.6881792594200921,-0.24044370419481248,0.03578615188598633,0.9642138481140137,False
TCCAGGCGTCTGTCGA,edge_gfp_plus,edge,GFP+,Mac_MHCII,Myeloid,non_tumor,0.11094815040960514,1.0388846457318652,-0.25379058198722115,0.04230773448944092,0.9576922655105591,False
TGTGCATGTTGAATCC,edge_gfp_plus,edge,GFP+,Mac_MHCII,Myeloid,non_tumor,0.9739955404291762,0.6417039471613296,-0.31189081587864437,0.032843589782714844,0.9671564102172852,False
ATGGTGAGTTGCGTGC,edge_gfp_plus,edge,GFP+,Mac_MHCII,Myeloid,non_tumor,0.3419093653059687,0.44942622005839683,-0.2992654583936468,0.028868257999420166,0.9711317420005798,False
GCAGTAAGTTTGCCCT,edge_gfp_plus,edge,GFP+,Mac_MHCII,Myeloid,non_tumor,0.5076087770893964,-0.004790856306956956,-0.2994546688251987,0.04252588748931885,0.9574741125106812,False
GTAAGGCGTGCGGAAT,edge_gfp_plus,edge,GFP+,Mac_MHCII,Myeloid,non_tumor,0.050164960647098966,0.6141163036221361,-0.28263569230916447,0.02734774351119995,0.9726522564888,False
TGTAACCGTGAGCCAG,edge_gfp_plus,edge,GFP+,Mac_MHCII,Myeloid,non_tumor,0.42433756425338,0.9194508885554923,0.022556866458946178,0.1367945671081543,0.8632054328918457,False
TCTATCTGTCTGGCGT,edge_gfp_plus,edge,GFP+,Neutrophil,Myeloid,non_tumor,0.7074447876190038,0.9456000610480816,-0.35258629548204407,0.1308988332748413,0.8691011667251587,False
TCAGCGCGTATTGAGG,edge_gfp_plus,edge,GFP+,Monocyte,Myeloid,non_tumor,-0.35802783924580384,1.0003202307596943,-0.3519211482035271,0.05314433574676514,0.9468556642532349,False
GGTGCGAGTCAGGCGA,edge_gfp_plus,edge,GFP+,Mac_MHCII,Myeloid,non_tumor,-0.10680848243328189,0.08796691387724584,-0.3004384056746138,0.03802770376205444,0.9619722962379456,False
GTAGCTTGTCTCACCT,edge_gfp_plus,edge,GFP+,Mac_MHCII,Myeloid,non_tumor,1.579142197931876,0.09103626077775984,-0.36125811040530337,0.040685176849365234,0.9593148231506348,False
CGAATCTGTTTCGAGT,edge_gfp_plus,edge,GFP+,Monocyte,Myeloid,non_tumor,-0.15974260439221083,1.0125861772445894,-0.33990517075034843,0.038195252418518066,0.9618047475814819,False
CTTCTATGTTGAATGG,edge_gfp_plus,edge,GFP+,Tumor_proliferating,Tumor,exiting_hypoxia,0.16819445045658657,-0.724644185637379,3.8398593851177316,0.5562677681446075,0.44373223185539246,True
CAAATCCGTAATCCCG,edge_gfp_plus,edge,GFP+,CD8_exhausted,T_cell,non_tumor,0.17324000669407327,0.7542648638884119,2.0016969688542163,0.15157300233840942,0.8484269976615906,False
AGTATCCGTATGTACC,edge_gfp_plus,edge,GFP+,Mac_MHCII,Myeloid,non_tumor,0.310579778942164,0.45637272466555595,-0.2687020397411456,0.03273510932922363,0.9672648906707764,False
TATCGTAGTTCCCGTT,edge_gfp_plus,edge,GFP+,Monocyte,Myeloid,non_tumor,-0.35455262557742595,0.7436028812002252,-0.33606788671407056,0.035562753677368164,0.9644372463226318,False
TAGCCTGGTGAGCGAT,edge_gfp_plus,edge,GFP+,Mac_MHCII,Myeloid,non_tumor,0.530731952241416,0.6518372037745529,-0.2869264448117575,0.033715248107910156,0.9662847518920898,False
GGGCATGGTGGACTAA,edge_gfp_plus,edge,GFP+,Mac_MHCII,Myeloid,non_tumor,-0.0034239518727377473,0.38930413387153173,-0.2641185397704394,0.03326505422592163,0.9667349457740784,False
AGCTAAGGTTGCAATC,edge_gfp_plus,edge,GFP+,Monocyte,Myeloid,non_tumor,0.4465336293824947,0.8436232195122988,-0.26158271664730864,0.03628265857696533,0.9637173414230347,False
CGGTATTGTGGCGTCT,edge_gfp_plus,edge,GFP+,Mac_MHCII,Myeloid,non_tumor,0.4446965318285941,0.9063895966313632,-0.060176291870726005,0.16581153869628906,0.8341884613037109,False
AGTGCTTGTTAAGGTG,edge_gfp_plus,edge,GFP+,cDC,Myeloid,non_tumor,1.566400736315003,1.1146224263113027,-0.28403066356379736,0.09618401527404785,0.9038159847259521,False
CCGACTAGTTCCTTGC,edge_gfp_plus,edge,GFP+,Monocyte,Myeloid,non_tumor,2.476673866952783,3.4604483450673866,-0.348455096208754,0.04115563631057739,0.9588443636894226,False
CAGGGCAGTGGGTTGG,edge_gfp_plus,edge,GFP+,Mac_MHCII,Myeloid,non_tumor,-0.3450469260379363,0.8907780705550912,-0.2746462795709088,0.04755133390426636,0.9524486660957336,False
CTCAATAGTCTCAGGC,edge_gfp_plus,edge,GFP+,Mac_MHCII,Myeloid,non_tumor,-0.27542673497899467,0.4882149844329882,-0.31554947851819043,0.02956676483154297,0.970433235168457,False
AATGGCAGTAGTCAAG,edge_gfp_plus,edge,GFP+,Monocyte,Myeloid,non_tumor,1.4204803389913947,1.3299340168020186,-0.37579570777444904,0.034512996673583984,0.965487003326416,False
CGGTTTGGTAGTCAGA,edge_gfp_plus,edge,GFP+,Mac_MHCII,Myeloid,non_tumor,0.5487275591720053,0.5058014629572387,-0.3400055537613963,0.03791236877441406,0.9620876312255859,False
CACGTTGGTCAGTAGA,edge_gfp_plus,edge,GFP+,Monocyte,Myeloid,non_tumor,-0.4286902911923349,0.7399603640426113,-0.21954518045314816,0.024625062942504883,0.9753749370574951,False
CAAGTAGGTGCATCGC,edge_gfp_plus,edge,GFP+,Monocyte,Myeloid,non_tumor,0.17392123254021793,0.9175582434841419,-0.3143439370342631,0.04109233617782593,0.9589076638221741,False
GGTCATTGTAGCTGGG,edge_gfp_plus,edge,GFP+,Mac_MHCII,Myeloid,non_tumor,1.1895412411064104,0.6939520432286447,-0.30706079847802675,0.0382847785949707,0.9617152214050293,False
TAGTTTGGTAATGAGT,edge_gfp_plus,edge,GFP+,Mac_MHCII,Myeloid,non_tumor,-0.5281491529605837,0.677147088352029,-0.18254002219537938,0.0591314435005188,0.9408685564994812,False
GCTCCAAGTCAACCAT,edge_gfp_plus,edge,GFP+,cDC,Myeloid,non_tumor,0.011455642074302452,0.8074839987936143,-0.28681970649150795,0.16120415925979614,0.8387958407402039,False
CAAATCCGTGGCGACA,edge_gfp_plus,edge,GFP+,Mac_MHCII,Myeloid,non_tumor,-0.4496469828692881,0.8351274198278152,-0.04748105649815756,0.1478360891342163,0.8521639108657837,False
CCGATTGGTAAGTAGT,edge_gfp_plus,edge,GFP+,Mac_MHCII,Myeloid,non_tumor,1.1272632216423182,0.5714205475209991,-0.26029754066905114,0.03495621681213379,0.9650437831878662,False
GCTAAAGGTTGCACAT,edge_gfp_plus,edge,GFP+,Mac_MHCII,Myeloid,non_tumor,2.9349999216947755,1.393167908999171,-0.3052690145676285,0.04554951190948486,0.9544504880905151,False
CCGAATTGTGAGGTCG,edge_gfp_plus,edge,GFP+,Mac_MHCII,Myeloid,non_tumor,-0.4427211946305065,0.9113394611655078,-0.04931929612881826,0.16646885871887207,0.8335311412811279,False
GCCGGTTGTAAGCTGA,edge_gfp_plus,edge,GFP+,Mac_MHCII,Myeloid,non_tumor,2.3674416912801846,-0.09359254784883475,-0.29821223538082436,0.04702961444854736,0.9529703855514526,False
ATGAGGCGTAACTCTA,edge_gfp_plus,edge,GFP+,Mac_MHCII,Myeloid,non_tumor,0.5185069720155905,0.3972620503937233,-0.2856119359828981,0.022400379180908203,0.9775996208190918,False
TACGGTTGTTCGCTAG,edge_gfp_plus,edge,GFP+,cDC,Myeloid,non_tumor,1.3404991934695938,0.8259155496110008,-0.2951240829425966,0.1194421648979187,0.8805578351020813,False
CGCAATTGTCTCCACT,edge_gfp_plus,edge,GFP+,Mac_MHCII,Myeloid,non_tumor,-0.2930379780485946,0.6791049220193011,-0.32817854471177815,0.022110939025878906,0.9778890609741211,False
CGCATATGTTAGCAGA,edge_gfp_plus,edge,GFP+,Mac_MHCII,Myeloid,non_tumor,2.3915323301054037,0.03652353598866585,-0.3006383419330102,0.041937053203582764,0.9580629467964172,False
GGGCATGGTCTCCACT,edge_gfp_plus,edge,GFP+,Mac_MHCII,Myeloid,non_tumor,1.0504176962039526,0.7140875864050412,-0.3139441928655612,0.03732043504714966,0.9626795649528503,False
TAGCAAGGTCTAGTGT,edge_gfp_plus,edge,GFP+,Mac_MHCII,Myeloid,non_tumor,-0.5505134166103959,0.6816143563671682,-0.013721705368571794,0.15267658233642578,0.8473234176635742,False
GTCCCAAGTTCGTCTC,edge_gfp_plus,edge,GFP+,Mac_MHCII,Myeloid,non_tumor,0.04077908439344624,0.3439923595485727,-0.3384193995204208,0.03543573617935181,0.9645642638206482,False
CACCTCTGTTGACCGC,edge_gfp_plus,edge,GFP+,NK,NK,non_tumor,-0.0012974299559924945,0.902098314738617,0.39058237580433747,0.12473446130752563,0.8752655386924744,False
AGCTAAGGTTATCATG,edge_gfp_plus,edge,GFP+,Monocyte,Myeloid,non_tumor,0.9641033251502559,0.9112505721909396,-0.29210765450453885,0.03835326433181763,0.9616467356681824,False
TCATTAGGTAACTCGT,edge_gfp_plus,edge,GFP+,Mac_MHCII,Myeloid,non_tumor,0.6266104555105527,0.9720994237234368,-0.33710043066558276,0.03359502553939819,0.9664049744606018,False
TCGCCTTGTAATCGCT,edge_gfp_plus,edge,GFP+,Mac_MHCII,Myeloid,non_tumor,0.07650338330400579,0.6825806772307315,-0.2733486937330178,0.03568685054779053,0.9643131494522095,False
GCACCTAGTTCCATCC,edge_gfp_plus,edge,GFP+,Tumor,Tumor,entering_hypoxia,-0.977270431740871,2.194516895297986,-0.1748467724491178,0.041357576847076416,0.9586424231529236,True
CACCTCTGTGAGGAAG,edge_gfp_plus,edge,GFP+,Monocyte,Myeloid,non_tumor,1.1439528790826952,1.5835465351536273,-0.341352919993056,0.08115231990814209,0.9188476800918579,False
TGACGGGGTAAGCACA,edge_gfp_plus,edge,GFP+,Mac_MHCII,Myeloid,non_tumor,2.452734982290126,0.017678387408391488,-0.3408291874906701,0.038196563720703125,0.9618034362792969,False
GGCATGGGTAATGAGT,edge_gfp_plus,edge,GFP+,Mac_MHCII,Myeloid,non_tumor,-0.12086008282974045,0.6671458063347752,-0.36938100218788117,0.025349199771881104,0.9746508002281189,False
AGTACCTGTTAACTGC,edge_gfp_plus,edge,GFP+,Mac_MHCII,Myeloid,non_tumor,1.8808313109382053,0.2056218369721281,-0.31680457371018816,0.039831578731536865,0.9601684212684631,False
GCCAATTGTCATCGTG,edge_gfp_plus,edge,GFP+,Monocyte,Myeloid,non_tumor,1.420379730375329,1.1761057714356866,-0.31970684810158273,0.040692150592803955,0.959307849407196,False
CAACGGGGTTTCCTGC,edge_gfp_plus,edge,GFP+,Mac_MHCII,Myeloid,non_tumor,0.2605171427354693,0.4105522776528685,-0.3274350882853055,0.03649193048477173,0.9635080695152283,False
GCATAAGGTGAGATAT,edge_gfp_plus,edge,GFP+,Mac_MHCII,Myeloid,non_tumor,-0.04299742389527292,0.37169283690780586,-0.31311660815840925,0.036671340465545654,0.9633286595344543,False
AGCCAAAGTGAGCGAT,edge_gfp_plus,edge,GFP+,Mac_MHCII,Myeloid,non_tumor,2.7326875196474627,2.118038715552243,-0.34848441441114597,0.03508871793746948,0.9649112820625305,False
TCGGTCAGTTGTGAGA,edge_gfp_plus,edge,GFP+,Mac_MHCII,Myeloid,non_tumor,1.8110035543691116,0.7438122755800223,-0.29514179320802,0.04201066493988037,0.9579893350601196,False
GTTCCAGGTGAGCCAG,edge_gfp_plus,edge,GFP+,Mac_MHCII,Myeloid,non_tumor,-0.7183496732787278,0.7028769158445307,-0.32467445437617254,0.032223284244537354,0.9677767157554626,False
AAAGCATGTTATCATG,edge_gfp_plus,edge,GFP+,Monocyte,Myeloid,non_tumor,2.068593951122574,1.3835599955509568,-0.3060149050936057,0.03385716676712036,0.9661428332328796,False
ATAACGGGTTTCGGGC,edge_gfp_plus,edge,GFP+,cDC,Myeloid,non_tumor,-0.5696005490118615,0.8425427343851329,3.2033347100528147,0.15721535682678223,0.8427846431732178,False
TCTGGGCGTGCGCATC,edge_gfp_plus,edge,GFP+,Mac_MHCII,Myeloid,non_tumor,2.8682806521856508,0.18986820156322032,-0.30290587860650964,0.04488116502761841,0.9551188349723816,False
ATCAAGGGTTATGTGC,edge_gfp_plus,edge,GFP+,Mac_MHCII,Myeloid,non_tumor,1.0313631791487121,0.8906300497286586,-0.09592227410477114,0.138250470161438,0.861749529838562,False
TAGCAAGGTCTAACTA,edge_gfp_plus,edge,GFP+,Mac_MHCII,Myeloid,non_tumor,-0.6696620543209001,0.8461720224349838,-0.0789957731945982,0.15461105108261108,0.8453889489173889,False
CTAGCTGGTTCGGGTC,edge_gfp_plus,edge,GFP+,Mac_MHCII,Myeloid,non_tumor,-0.5961323619387736,0.5926724064308486,-0.21955552011834012,0.04681599140167236,0.9531840085983276,False
AAGTGATGTTAGACCT,edge_gfp_plus,edge,GFP+,Mac_MHCII,Myeloid,non_tumor,-0.3720015488190328,0.8526491530048381,0.7559780628621651,0.15473484992980957,0.8452651500701904,False
CACTAACGTGACTCGC,edge_gfp_plus,edge,GFP+,Monocyte,Myeloid,non_tumor,2.218704977211684,0.7389229966209379,-0.3322940752261142,0.03555542230606079,0.9644445776939392,False
CAAGATGGTTAGTCGT,edge_gfp_plus,edge,GFP+,Mac_MHCII,Myeloid,non_tumor,-0.21828451151280956,0.4958552562467579,-0.2882101944319389,0.03389769792556763,0.9661023020744324,False
AAAGGTTGTGGGTTGG,edge_gfp_plus,edge,GFP+,cDC,Myeloid,non_tumor,-0.47629830320096095,0.8478096097925288,-0.2562030970438936,0.23088687658309937,0.7691131234169006,False
CTAATTGGTAAGTTCC,edge_gfp_plus,edge,GFP+,Monocyte,Myeloid,non_tumor,3.4975715016877187,2.671741427228545,-0.35119284631359665,0.03854888677597046,0.9614511132240295,False
ACATCCGGTAGGTAGC,edge_gfp_plus,edge,GFP+,Mac_Il1b,Myeloid,non_tumor,1.1091904478441943,0.8665023734124921,-0.2856058271157921,0.03248476982116699,0.967515230178833,False
GCTTCAGGTTGGCGCT,edge_gfp_plus,edge,GFP+,Mac_MHCII,Myeloid,non_tumor,-0.34150364953611806,0.659142391781393,-0.09853372962081328,0.13753587007522583,0.8624641299247742,False
TGGACAAGTGGAGCCA,edge_gfp_plus,edge,GFP+,Tumor_proliferating,Tumor,normoxic_stable,-0.5790838474806183,0.15901717351495898,0.03401599926449533,0.5683664977550507,0.43163350224494934,True
CCGGCATGTGATCCTG,edge_gfp_plus,edge,GFP+,Mac_MHCII,Myeloid,non_tumor,-0.45763215384642486,0.24540641795226564,-0.3398545615187357,0.023000895977020264,0.9769991040229797,False
GGGCAATGTTAAGCCT,edge_gfp_plus,edge,GFP+,Mac_MHCII,Myeloid,non_tumor,0.6629713936187955,0.35458758208707325,-0.2361862170346251,0.029457449913024902,0.9705425500869751,False
AGAGTATGTAAGTCCT,edge_gfp_plus,edge,GFP+,Monocyte,Myeloid,non_tumor,0.5824677165606694,1.3190227879361864,-0.3307331129032502,0.03196924924850464,0.9680307507514954,False
TGTAGAGGTAGTCCCA,edge_gfp_plus,edge,GFP+,Mac_MHCII,Myeloid,non_tumor,1.436954375332482,0.7217151396665856,-0.30384791780986997,0.03903007507324219,0.9609699249267578,False
ATTCCGGGTGGCTGCT,edge_gfp_plus,edge,GFP+,Mac_MHCII,Myeloid,non_tumor,0.7060811440227298,0.6928474416758676,-0.280935471064013,0.02746438980102539,0.9725356101989746,False
GTTAGCTGTAAGTAGT,edge_gfp_plus,edge,GFP+,Mac_MHCII,Myeloid,non_tumor,0.9706220963414377,0.8497346289324534,-0.2896456288540841,0.027509987354278564,0.9724900126457214,False
CAAATCCGTAGTCATC,edge_gfp_plus,edge,GFP+,Tumor_proliferating,Tumor,transitional,-0.5133061981831349,-0.11394675038383202,0.370909863531251,0.607893168926239,0.392106831073761,True
ACGGATAGTTAGAGGC,edge_gfp_plus,edge,GFP+,Mac_MHCII,Myeloid,non_tumor,2.325795187041674,0.2556639160236377,-0.3260678347494563,0.034071922302246094,0.9659280776977539,False
CCGTATGGTGATGGTA,edge_gfp_plus,edge,GFP+,Mac_MHCII,Myeloid,non_tumor,1.4646141427825448,0.5142791365251754,-0.3484305587206181,0.03363591432571411,0.9663640856742859,False
CGCATCAGTTCGCTCT,edge_gfp_plus,edge,GFP+,Mac_MHCII,Myeloid,non_tumor,0.21683396533250918,0.7623682387382169,-0.2897038315887803,0.03833186626434326,0.9616681337356567,False
GTTGCATGTTGTCCCT,edge_gfp_plus,edge,GFP+,Monocyte,Myeloid,non_tumor,2.807059214181628,0.9105052608456546,-0.24467106440589645,0.0325620174407959,0.9674379825592041,False
GCTGATTGTTCCGGGT,edge_gfp_plus,edge,GFP+,Mac_MHCII,Myeloid,non_tumor,2.8431586992725544,0.06717504981350784,-0.3085570251802984,0.03966480493545532,0.9603351950645447,False
CGGCTTAGTGATGACA,edge_gfp_plus,edge,GFP+,Monocyte,Myeloid,non_tumor,0.11906140262145884,1.0983632361237212,-0.31345250613076675,0.05906796455383301,0.940932035446167,False
TCAGCATGTTTGGCGC,edge_gfp_plus,edge,GFP+,Mac_MHCII,Myeloid,non_tumor,0.20095799432165254,0.9061289189705025,-0.2600201893174919,0.0397074818611145,0.9602925181388855,False
CTGGAAAGTTGCGCGT,edge_gfp_plus,edge,GFP+,Monocyte,Myeloid,non_tumor,2.193620474653548,0.6070971871368323,-0.3394483054497968,0.034159839153289795,0.9658401608467102,False
GCATTTAGTTTGCAGT,edge_gfp_plus,edge,GFP+,Monocyte,Myeloid,non_tumor,0.21811969019282879,1.3437631169479203,-0.31196798650533264,0.031206488609313965,0.968793511390686,False
CAAGCAAGTTGAAGTG,edge_gfp_plus,edge,GFP+,Mac_MHCII,Myeloid,non_tumor,0.06412074812505446,0.7843977333664582,-0.22656354274004625,0.03219795227050781,0.9678020477294922,False
GCCAATTGTCTAGGTT,edge_gfp_plus,edge,GFP+,Mac_MHCII,Myeloid,non_tumor,1.34913312462035,0.7719098228615726,-0.3447144644072481,0.036829352378845215,0.9631706476211548,False
TGCCCAAGTAGGCCAG,edge_gfp_plus,edge,GFP+,Mac_MHCII,Myeloid,non_tumor,0.9003119956231675,0.6265152693540342,-0.3479154105446641,0.02567446231842041,0.9743255376815796,False
ACCTAACGTTCTGTAA,edge_gfp_plus,edge,GFP+,Mac_Spp1,Myeloid,non_tumor,-0.23911046117973664,0.15192097395441476,-0.18019545043209106,0.06581324338912964,0.9341867566108704,False
GGCGATGGTGAGTTGA,edge_gfp_plus,edge,GFP+,Mac_MHCII,Myeloid,non_tumor,-0.2310842322584426,0.5509882235370501,-0.3273233819095172,0.027760446071624756,0.9722395539283752,False
TCCCGAAGTGCATCGC,edge_gfp_plus,edge,GFP+,cDC,Myeloid,non_tumor,0.65982447177431,0.4443923712307506,-0.2660333009850836,0.14020979404449463,0.8597902059555054,False
CGAATCTGTAGTGAGC,edge_gfp_plus,edge,GFP+,Monocyte,Myeloid,non_tumor,0.17365750871035499,0.8227132706485142,-0.2168367448498946,0.05247682332992554,0.9475231766700745,False
TGTGAAGGTTATGGAG,edge_gfp_plus,edge,GFP+,Monocyte,Myeloid,non_tumor,0.4885449067386164,0.46161477448430405,-0.3043462242650237,0.04475432634353638,0.9552456736564636,False
CTTAGCGGTTTACGAC,edge_gfp_plus,edge,GFP+,Mac_MHCII,Myeloid,non_tumor,-0.040385823065450376,0.5949197564745755,-0.3214648929128505,0.030413687229156494,0.9695863127708435,False
CTCTATTGTCAGGAGT,edge_gfp_plus,edge,GFP+,Tumor_proliferating,Tumor,entering_hypoxia,0.032482408275291065,0.6151229784366284,0.2928252682645918,0.584624707698822,0.415375292301178,True
AACGCCCGTCCATATA,edge_gfp_plus,edge,GFP+,Mac_MHCII,Myeloid,non_tumor,-0.5355346445177636,0.5349226861232986,-0.2510549484048666,0.030815184116363525,0.9691848158836365,False
CAGGTAAGTGAGTCGG,edge_gfp_plus,edge,GFP+,Monocyte,Myeloid,non_tumor,-0.1826711295386353,1.0566327325207858,-0.3245111037154844,0.030916273593902588,0.9690837264060974,False
AACAGGCGTTTGAGTC,edge_gfp_plus,edge,GFP+,Monocyte,Myeloid,non_tumor,3.0321359428760113,3.071869343909101,-0.39031797816730285,0.03766059875488281,0.9623394012451172,False
GTTGCTGGTTGTAGAG,edge_gfp_plus,edge,GFP+,Neutrophil,Myeloid,non_tumor,-0.2358111320921532,1.1773873798731918,-0.23931434216783426,0.12026238441467285,0.8797376155853271,False
CGATTTAGTTGTGACT,edge_gfp_plus,edge,GFP+,Mac_MHCII,Myeloid,non_tumor,-0.48721888688055437,0.8099475237713176,-0.20204999401326693,0.04903852939605713,0.9509614706039429,False
ACCCCTTGTGCACCGT,edge_gfp_plus,edge,GFP+,Tumor,Tumor,entering_hypoxia,-1.0675992427313656,2.003541092313957,-0.24232668415758418,0.045053303241729736,0.9549466967582703,True
TGTGTTAGTAGTGTGA,edge_gfp_plus,edge,GFP+,Mac_MHCII,Myeloid,non_tumor,-0.4327113422682177,0.6572756016051586,-0.3658100794197715,0.03300553560256958,0.9669944643974304,False
TGTGAAGGTCAGCATT,edge_gfp_plus,edge,GFP+,Mac_MHCII,Myeloid,non_tumor,-0.3699708978729568,0.27109783799772386,2.9869447314495305,0.3246777057647705,0.6753222942352295,False
AATCGAGGTTAGCCCA,edge_gfp_plus,edge,GFP+,Monocyte,Myeloid,non_tumor,0.47168155948352064,0.81048141298737,-0.35088724051357373,0.05601680278778076,0.9439831972122192,False
AACCAAGGTGACTCTG,edge_gfp_plus,edge,GFP+,Mac_MHCII,Myeloid,non_tumor,1.9821327828270925,0.6045890070328117,-0.3242561313988422,0.03964650630950928,0.9603534936904907,False
AGCATCTGTTATGCGT,edge_gfp_plus,edge,GFP+,Mac_MHCII,Myeloid,non_tumor,0.2974494054352336,0.1154722784621311,-0.3287495538844505,0.038210511207580566,0.9617894887924194,False
GTGCGAGGTCATTGCG,edge_gfp_plus,edge,GFP+,Mac_MHCII,Myeloid,non_tumor,0.967804346606735,0.4959222401568244,-0.30808958020478433,0.03658151626586914,0.9634184837341309,False
TGGGCAGGTTGGATTC,edge_gfp_plus,edge,GFP+,Mac_MHCII,Myeloid,non_tumor,-0.2590445066493471,0.21606765296532382,-0.2393579551167396,0.12629061937332153,0.8737093806266785,False
GGACATAGTGAGACTA,edge_gfp_plus,edge,GFP+,Mac_MHCII,Myeloid,non_tumor,2.627678380040392,4.840704689708523,-0.2059802358430356,0.044699132442474365,0.9553008675575256,False
TATCATGGTTTAATCG,edge_gfp_plus,edge,GFP+,Monocyte,Myeloid,non_tumor,-0.6564461645410163,0.9478694209527168,-0.3206022049701164,0.046257615089416504,0.9537423849105835,False
AAGCTAGGTGCATCAT,edge_gfp_plus,edge,GFP+,Mac_MHCII,Myeloid,non_tumor,1.9393119403352133,0.87072571776531,-0.2613677657933874,0.03743070363998413,0.9625692963600159,False
AAGTCAGGTTCGCGTA,edge_gfp_plus,edge,GFP+,Monocyte,Myeloid,non_tumor,-0.4320063545201742,1.053463613163997,-0.2623932763241278,0.0814441442489624,0.9185558557510376,False
GGGTACGGTCAACCTG,edge_gfp_plus,edge,GFP+,Mac_MHCII,Myeloid,non_tumor,-0.7554634270042199,0.4234152639124687,1.8101276132000266,0.16801106929779053,0.8319889307022095,False
CCCTGTTGTCAAGGTA,edge_gfp_plus,edge,GFP+,Monocyte,Myeloid,non_tumor,0.8288263303459049,0.7033114479537925,-0.29605977769639036,0.03114175796508789,0.9688582420349121,False
AACGAATGTTCGGTCA,edge_gfp_plus,edge,GFP+,Monocyte,Myeloid,non_tumor,-0.46170776593582974,1.0098394887148519,-0.32477796955537686,0.07190269231796265,0.9280973076820374,False
CGCATCAGTCTTGAGT,edge_gfp_plus,edge,GFP+,Mac_MHCII,Myeloid,non_tumor,-0.04549486025813483,1.139763775424708,0.41546468794787755,0.1401005983352661,0.8598994016647339,False
CAAATGGGTTCCGCAA,edge_gfp_plus,edge,GFP+,Mac_MHCII,Myeloid,non_tumor,-0.0196611267733536,0.5289187101080346,-0.28102156476827495,0.029688119888305664,0.9703118801116943,False
ATCCCAGGTGACTCCA,edge_gfp_plus,edge,GFP+,Mac_MHCII,Myeloid,non_tumor,0.019490980372818788,0.6016441750027016,-0.318169317969684,0.03240787982940674,0.9675921201705933,False
GTGCTTGGTTATGTCA,edge_gfp_plus,edge,GFP+,Mac_MHCII,Myeloid,non_tumor,1.4978912927820782,0.23491117502167225,-0.2075572961187962,0.040898025035858154,0.9591019749641418,False
AGTAACGGTCATCCCT,edge_gfp_plus,edge,GFP+,Mac_MHCII,Myeloid,non_tumor,-0.6504072826172992,0.8935883661443004,-0.0812071842048659,0.1674078106880188,0.8325921893119812,False
AGCCTCAGTAGTAAGT,edge_gfp_plus,edge,GFP+,Mac_MHCII,Myeloid,non_tumor,0.343014697498403,-0.0688595238964226,-0.2365392223050279,0.04216885566711426,0.9578311443328857,False
ATCGCATGTTTAGTTG,edge_gfp_plus,edge,GFP+,Mac_MHCII,Myeloid,non_tumor,0.7452247172895358,0.6240330316789,-0.037468421157457465,0.10915482044219971,0.8908451795578003,False
GGAGTTAGTCAGGCGA,edge_gfp_plus,edge,GFP+,Monocyte,Myeloid,non_tumor,-0.2862130790085645,1.2159330987130874,-0.3287956980371107,0.04390084743499756,0.9560991525650024,False
CAGGATAGTGAGCCCT,edge_gfp_plus,edge,GFP+,Monocyte,Myeloid,non_tumor,0.015595171565590066,0.6500507218222012,-0.35194485834820327,0.03551828861236572,0.9644817113876343,False
GTTCCCTGTCATGTGT,edge_gfp_plus,edge,GFP+,Mac_MHCII,Myeloid,non_tumor,1.1805292859112138,0.12111612956042264,-0.32066121409480086,0.0496101975440979,0.9503898024559021,False
AATTGGGGTGATGAAT,edge_gfp_plus,edge,GFP+,Mac_MHCII,Myeloid,non_tumor,0.20413359483519025,0.38857466997484075,-0.31650330343944516,0.028343915939331055,0.971656084060669,False
CTAGCGCGTCAGCCAC,edge_gfp_plus,edge,GFP+,Mac_MHCII,Myeloid,non_tumor,2.1587476993695103,0.7308294170528835,-0.3119192484544963,0.03770732879638672,0.9622926712036133,False
ACCCCTTGTTAGTCCG,edge_gfp_plus,edge,GFP+,Mac_MHCII,Myeloid,non_tumor,1.2353956679609708,0.4838672842352617,-0.2572642115961288,0.03844672441482544,0.9615532755851746,False
GTCGGCTGTGAGCCCT,edge_gfp_plus,edge,GFP+,Mac_MHCII,Myeloid,non_tumor,-0.33876601593361716,0.8411237690709956,-0.1036262189663842,0.13352644443511963,0.8664735555648804,False
CTCTATTGTTGCGATT,edge_gfp_plus,edge,GFP+,Mac_MHCII,Myeloid,non_tumor,-0.8542295858856529,0.6719960468015664,-0.23362221910421652,0.07000601291656494,0.9299939870834351,False
ACGCATTGTGAAGGTC,edge_gfp_plus,edge,GFP+,cDC,Myeloid,non_tumor,0.42941583586645804,0.7566784686794082,-0.2104614610547009,0.10880327224731445,0.8911967277526855,False
AAAGCTGGTGCATTAC,edge_gfp_plus,edge,GFP+,Mac_MHCII,Myeloid,non_tumor,1.0956578035645066,1.0897521980560614,4.697794413625908,0.1790372133255005,0.8209627866744995,False
CCGGGTTGTTTGGACT,edge_gfp_plus,edge,GFP+,Mac_MHCII,Myeloid,non_tumor,3.509160336292875,2.1700262284672704,-0.35406909982067497,0.04328638315200806,0.9567136168479919,False
ACATCCGGTCAGCCGT,edge_gfp_plus,edge,GFP+,Monocyte,Myeloid,non_tumor,2.3131101853685037,1.724646678046421,-0.33437531490357786,0.03574168682098389,0.9642583131790161,False
AGCAAATGTAAGTCCT,edge_gfp_plus,edge,GFP+,Mac_MHCII,Myeloid,non_tumor,-0.8394890016862271,0.5283172819620126,-0.27879734205048157,0.03887432813644409,0.9611256718635559,False
CCGGAAGGTTATGTGC,edge_gfp_plus,edge,GFP+,Mac_MHCII,Myeloid,non_tumor,-0.12378813766305781,0.90133845482732,-0.11407830712876975,0.151300311088562,0.848699688911438,False
CCATATAGTTCTGTCC,edge_gfp_plus,edge,GFP+,Mac_MHCII,Myeloid,non_tumor,1.2530544459946196,0.21243615686739464,-0.3094964801274912,0.04673224687576294,0.9532677531242371,False
TCGTTCCGTCAAGCAA,edge_gfp_plus,edge,GFP+,cDC,Myeloid,non_tumor,1.4108302611294066,0.8508464637040872,-0.33286369042909275,0.04653078317642212,0.9534692168235779,False
AGAAGTTGTCATGAAG,edge_gfp_plus,edge,GFP+,cDC,Myeloid,non_tumor,-0.7478989417422873,0.8172486078044097,-0.36570219032462076,0.3215268850326538,0.6784731149673462,False
GTGCTATGTTGGCCGT,edge_gfp_plus,edge,GFP+,Mac_MHCII,Myeloid,non_tumor,-0.39885099438502125,0.7181844455057697,-0.2680897779957595,0.03237283229827881,0.9676271677017212,False
ATGGCAAGTTGCACCA,edge_gfp_plus,edge,GFP+,cDC,Myeloid,non_tumor,0.6854925269221819,0.807667404710829,-0.24780688216451568,0.1420188546180725,0.8579811453819275,False
TATACTGGTGCAGCGA,edge_gfp_plus,edge,GFP+,Mac_MHCII,Myeloid,non_tumor,0.19404629483180072,0.6433483715689536,-0.2996056648430039,0.026675820350646973,0.973324179649353,False
AGCTAAGGTAAGTGTG,edge_gfp_plus,edge,GFP+,Tumor,Tumor,entering_hypoxia,-1.1768242809522838,2.0151817467150672,-0.2930753660137036,0.04514431953430176,0.9548556804656982,True
TATGTCAGTTCGTAGT,edge_gfp_plus,edge,GFP+,Mac_C1q,Myeloid,non_tumor,0.26821726499965154,2.731505765685475,-0.09636278767764203,0.1418396234512329,0.8581603765487671,False
ACGATAGGTTCACGGC,edge_gfp_plus,edge,GFP+,Mac_MHCII,Myeloid,non_tumor,-0.1509966612038891,0.580708239071295,-0.33735979268815786,0.03391474485397339,0.9660852551460266,False
ATGCAAGGTAACGTGA,edge_gfp_plus,edge,GFP+,cDC,Myeloid,non_tumor,-0.9870187302460932,0.6773312288031241,-0.31003155077230804,0.08003449440002441,0.9199655055999756,False
CTCACCTGTAATCCCG,edge_gfp_plus,edge,GFP+,Mac_MHCII,Myeloid,non_tumor,2.333532461819798,2.7869166322956698,-0.294036961066647,0.04377269744873047,0.9562273025512695,False
TCCTTTGGTTAGTACC,edge_gfp_plus,edge,GFP+,Mac_MHCII,Myeloid,non_tumor,0.7337352638840698,0.5042001682866414,-0.19102776440804714,0.03021240234375,0.96978759765625,False
GTCGATTGTTAACCGT,edge_gfp_plus,edge,GFP+,cDC,Myeloid,non_tumor,-0.3146517335658537,0.6569974679318944,-0.22753663482415412,0.07413679361343384,0.9258632063865662,False
AATCGAGGTGACCGAG,edge_gfp_plus,edge,GFP+,Monocyte,Myeloid,non_tumor,1.1782362645737587,0.41022593327337964,-0.24406924306338204,0.036000609397888184,0.9639993906021118,False
CAGGGCAGTGAGACCG,edge_gfp_plus,edge,GFP+,Mac_MHCII,Myeloid,non_tumor,0.19919384511401575,0.5416423284810928,-0.23502748141628046,0.030353844165802002,0.969646155834198,False
GTAGAATGTGGGTCGA,edge_gfp_plus,edge,GFP+,Mac_MHCII,Myeloid,non_tumor,0.7329347413366992,0.675903058580669,-0.3243479468624249,0.03147721290588379,0.9685227870941162,False
GTGGTAAGTTTACCGG,edge_gfp_plus,edge,GFP+,Mac_MHCII,Myeloid,non_tumor,-0.491194576751268,0.8049662836115661,-0.05288925837586546,0.16006183624267578,0.8399381637573242,False
AGAGTCAGTAGCTATC,edge_gfp_plus,edge,GFP+,Mac_MHCII,Myeloid,non_tumor,1.45240349787519,0.3424368945610215,-0.3007356928544738,0.0345342755317688,0.9654657244682312,False
AATGTCCGTAGCAGTA,edge_gfp_plus,edge,GFP+,Mac_Il1b,Myeloid,non_tumor,0.9585345871603456,1.029748729021038,-0.3245051940714892,0.030260443687438965,0.969739556312561,False
CAGTTACGTCATCCTC,edge_gfp_plus,edge,GFP+,Monocyte,Myeloid,non_tumor,1.1200141912342416,0.9681038690943364,-0.34461522178194837,0.029560446739196777,0.9704395532608032,False
CGATTACGTGATTAGG,edge_gfp_plus,edge,GFP+,Mac_MHCII,Myeloid,non_tumor,1.6403873996442038,0.9003209612333114,-0.3223911108780172,0.042300403118133545,0.9576995968818665,False
CGCGTACGTCAAGGAC,edge_gfp_plus,edge,GFP+,Mac_MHCII,Myeloid,non_tumor,-0.963863884110517,0.6520787591427101,-0.08603579399940488,0.15810120105743408,0.8418987989425659,False
TGGGCAGGTGGCTCAC,edge_gfp_plus,edge,GFP+,Mac_MHCII,Myeloid,non_tumor,0.5457942136125046,0.21847786185579618,-0.3055532326502605,0.03453737497329712,0.9654626250267029,False
CTGGTCAGTAGTTACC,edge_gfp_plus,edge,GFP+,Tumor_proliferating,Tumor,normoxic_stable,-0.8179511151488437,-0.11459512008359192,-0.2002543467902493,0.5955280661582947,0.4044719338417053,True
CGGTTATGTCTTACCC,edge_gfp_plus,edge,GFP+,Mac_MHCII,Myeloid,non_tumor,-0.2018103121529463,0.8263384950041012,0.08643437582473203,0.16415530443191528,0.8358446955680847,False
ACAGACAGTGGACACG,edge_gfp_plus,edge,GFP+,Mac_MHCII,Myeloid,non_tumor,0.9968772846622938,1.8907812623734623,-0.3143778130538088,0.03577297925949097,0.964227020740509,False
GCTTTGGGTCAAGGCG,edge_gfp_plus,edge,GFP+,Mac_MHCII,Myeloid,non_tumor,1.0727657332820966,0.46046119447392536,-0.3051857184879587,0.04287254810333252,0.9571274518966675,False
GGGACTGGTCCATCGA,edge_gfp_plus,edge,GFP+,cDC,Myeloid,non_tumor,0.2891250375370966,0.9829445663362749,0.5484933886443167,0.08603906631469727,0.9139609336853027,False
GTGTGTTGTTGTGGCC,edge_gfp_plus,edge,GFP+,Monocyte,Myeloid,non_tumor,2.5217675597750318,0.7449589578595409,-0.3565100803793804,0.041646361351013184,0.9583536386489868,False
CCCATCTGTATTAGGG,edge_gfp_plus,edge,GFP+,cDC,Myeloid,non_tumor,2.789302899697365,2.940110039514875,-0.24185457882932285,0.03756910562515259,0.9624308943748474,False
GTTAGCTGTTCGCGGT,edge_gfp_plus,edge,GFP+,Monocyte,Myeloid,non_tumor,2.497826849030238,1.8810908052771875,-0.3628625882538434,0.037379443645477295,0.9626205563545227,False
TGGGTCCGTCTAAGGA,edge_gfp_plus,edge,GFP+,Mac_MHCII,Myeloid,non_tumor,-0.7037997993208868,0.6972922037472761,-0.2046930935805769,0.04281580448150635,0.9571841955184937,False
GTTAGAGGTGATGAAT,edge_gfp_plus,edge,GFP+,Mac_MHCII,Myeloid,non_tumor,0.6810108354863842,0.7337199777965703,-0.3294143133350413,0.03160667419433594,0.9683933258056641,False
GCTGAGGGTTATCTAG,edge_gfp_plus,edge,GFP+,Monocyte,Myeloid,non_tumor,-0.4515818176743288,0.5515853613077293,-0.166312458428284,0.04008805751800537,0.9599119424819946,False
CGGGCTTGTTCGCACA,edge_gfp_plus,edge,GFP+,Monocyte,Myeloid,non_tumor,-0.005308331323066376,0.6832641700302572,-0.33325137629382173,0.03817027807235718,0.9618297219276428,False
AACTGAGGTGCGGATG,edge_gfp_plus,edge,GFP+,Mac_MHCII,Myeloid,non_tumor,0.7333493471043,0.6780745925220164,-0.29230778601643287,0.03797382116317749,0.9620261788368225,False
CGAGCGAGTTAGCGAA,edge_gfp_plus,edge,GFP+,Monocyte,Myeloid,non_tumor,-0.29158537933225276,1.089941673620718,-0.32791694795439513,0.05373352766036987,0.9462664723396301,False
CTCATAAGTTAGGGTA,edge_gfp_plus,edge,GFP+,Mac_MHCII,Myeloid,non_tumor,1.866836109937247,1.3103766254609852,-0.32028698852046583,0.034630000591278076,0.9653699994087219,False
CTGTATAGTTACACTA,edge_gfp_plus,edge,GFP+,Mac_MHCII,Myeloid,non_tumor,0.2258879229298707,0.9888253650738704,-0.0757067078766795,0.17119109630584717,0.8288089036941528,False
ATGGCCCGTAACGTCT,edge_gfp_plus,edge,GFP+,Mac_MHCII,Myeloid,non_tumor,2.897479603853506,0.18588999605767645,-0.31606073785488586,0.0409473180770874,0.9590526819229126,False
GTGAAATGTAGGCTGG,edge_gfp_plus,edge,GFP+,Tumor_proliferating,Tumor,persistent_hypoxia,0.3634173081873187,0.06058905068597865,-0.20704274226494498,0.5941256284713745,0.4058743715286255,True
TCCATGGGTTGCAGGG,edge_gfp_plus,edge,GFP+,Mac_MHCII,Myeloid,non_tumor,-0.23942959436693168,0.8659072306096771,-0.2520921816338487,0.02385890483856201,0.976141095161438,False
TGAGGTAGTCTAGAGA,edge_gfp_plus,edge,GFP+,Mac_MHCII,Myeloid,non_tumor,1.4162373197697082,0.07593380966294626,-0.3239077503044512,0.04243260622024536,0.9575673937797546,False
CATTTAGGTGCAACGG,edge_gfp_plus,edge,GFP+,cDC,Myeloid,non_tumor,-0.6279442641165165,0.8679653239231737,2.804439811499392,0.14894014596939087,0.8510598540306091,False
GGTCATTGTTAGTCCG,edge_gfp_plus,edge,GFP+,Mac_Il1b,Myeloid,non_tumor,0.2512965355413752,0.6767239192421407,-0.15793097080036736,0.06413102149963379,0.9358689785003662,False
ACTTATGGTAATTCGC,edge_gfp_plus,edge,GFP+,Monocyte,Myeloid,non_tumor,-0.16994264453629845,0.8961185032751008,-0.34347197438008353,0.033074796199798584,0.9669252038002014,False
GCGTACCGTGGAGCCA,edge_gfp_plus,edge,GFP+,Mac_MHCII,Myeloid,non_tumor,1.491578910503453,0.47320502791685737,-0.27028612371809263,0.03778386116027832,0.9622161388397217,False
CCGTATGGTTATCTAG,edge_gfp_plus,edge,GFP+,Monocyte,Myeloid,non_tumor,1.3126042395330424,0.8295128374416875,-0.339482321350796,0.03798353672027588,0.9620164632797241,False
GCTAGGGGTAGTGCTT,edge_gfp_plus,edge,GFP+,Mac_MHCII,Myeloid,non_tumor,-0.17169030476535568,0.7953300210788878,-0.32637592583083325,0.01584714651107788,0.9841528534889221,False
TCCCGTTGTTCGAATC,edge_gfp_plus,edge,GFP+,Tumor,Tumor,entering_hypoxia,-0.8183648669188761,1.9642127788455142,-0.2191471475320624,0.04457050561904907,0.9554294943809509,True
TAGGGTAGTCTTGCGA,edge_gfp_plus,edge,GFP+,Mac_MHCII,Myeloid,non_tumor,-0.21101859114620572,0.4259171598938728,-0.3377929526249083,0.04968160390853882,0.9503183960914612,False
GTAGCGGGTAGTTGAG,edge_gfp_plus,edge,GFP+,Mac_MHCII,Myeloid,non_tumor,0.8976327422458082,0.4818456841342826,-0.2774942889594293,0.03517603874206543,0.9648239612579346,False
AGGCATAGTTCGAGTT,edge_gfp_plus,edge,GFP+,CD8_exhausted,T_cell,non_tumor,-0.4640199330484667,0.8000081567264666,1.121179826832153,0.18700742721557617,0.8129925727844238,False
ACTGCATGTAAGCGTA,edge_gfp_plus,edge,GFP+,cDC,Myeloid,non_tumor,0.521896652563893,1.1632411839358192,-0.26253740434521544,0.05786818265914917,0.9421318173408508,False
ACCCTCTGTGGACCTC,edge_gfp_plus,edge,GFP+,Mac_MHCII,Myeloid,non_tumor,-0.39646104710897906,1.2586625558389604,-0.3269431405328819,0.03068608045578003,0.96931391954422,False
GCCGAAGGTCTGGTCA,edge_gfp_plus,edge,GFP+,Mac_MHCII,Myeloid,non_tumor,1.2303844892777422,0.449190942535534,-0.3220558965607378,0.028330504894256592,0.9716694951057434,False
GGTCGAGGTTGGATCT,edge_gfp_plus,edge,GFP+,CD8_exhausted,T_cell,non_tumor,0.08339254719892501,1.0272681598930145,4.023164692623136,0.1637142300605774,0.8362857699394226,False
ATCATCAGTGAACCAA,edge_gfp_plus,edge,GFP+,Mac_MHCII,Myeloid,non_tumor,-0.6600437092730125,0.6063607085069707,3.6220789847787604,0.23019695281982422,0.7698030471801758,False
CTTATGAGTAGCTTCG,edge_gfp_plus,edge,GFP+,Mac_MHCII,Myeloid,non_tumor,1.7413841293493681,0.5482841632560447,-0.31241778491901717,0.03919321298599243,0.9608067870140076,False
TACGCTGGTTTCGATA,edge_gfp_plus,edge,GFP+,Mac_MHCII,Myeloid,non_tumor,-0.32257019465934506,0.8692014161950018,-0.22049375350092354,0.030764281749725342,0.9692357182502747,False
TGTGTACGTGGAGACT,edge_gfp_plus,edge,GFP+,Mac_MHCII,Myeloid,non_tumor,0.7279733700338461,0.8187722588000216,-0.17858812626954174,0.03296172618865967,0.9670382738113403,False
AGTTGAGGTATGTGTC,edge_gfp_plus,edge,GFP+,Monocyte,Myeloid,non_tumor,-0.1061241387590921,0.63780861242208,-0.347601678341009,0.030741870403289795,0.9692581295967102,False
AGCGGATGTTGTGCAT,edge_gfp_plus,edge,GFP+,Mac_MHCII,Myeloid,non_tumor,1.5900501539230638,0.6438616933132397,-0.30870677179090766,0.03358721733093262,0.9664127826690674,False
GGTCATTGTTGTGCAT,edge_gfp_plus,edge,GFP+,Mac_MHCII,Myeloid,non_tumor,0.801787803375592,0.43485077315779,-0.29830009994002793,0.031154751777648926,0.9688452482223511,False
ACGATAGGTGGGTCTC,edge_gfp_plus,edge,GFP+,Mac_MHCII,Myeloid,non_tumor,1.1457176272764655,0.547360274300525,-0.2586379657604317,0.03164786100387573,0.9683521389961243,False
GGCATAAGTGAAGGCT,edge_gfp_plus,edge,GFP+,Mac_MHCII,Myeloid,non_tumor,0.8848132943178963,0.29158323935629066,-0.31625079750930807,0.03489488363265991,0.9651051163673401,False
ACGAAATGTTATGTCA,edge_gfp_plus,edge,GFP+,Mac_MHCII,Myeloid,non_tumor,2.7248008897960023,1.2699841315122695,-0.3421421283782292,0.04400259256362915,0.9559974074363708,False
TGAATCCGTTTCACTT,edge_gfp_plus,edge,GFP+,Monocyte,Myeloid,non_tumor,-0.6109979298256648,0.9775227141319861,-0.30659059583786685,0.06758910417556763,0.9324108958244324,False
CAAGATGGTAGTGCTT,edge_gfp_plus,edge,GFP+,Monocyte,Myeloid,non_tumor,-0.04832718791377442,0.9872951935098399,-0.3600007776805759,0.03210955858230591,0.9678904414176941,False
CCGTATGGTCTGGCAC,edge_gfp_plus,edge,GFP+,Monocyte,Myeloid,non_tumor,0.3093424991820209,0.7272679448326586,-0.2973908251811489,0.023366689682006836,0.9766333103179932,False
AAGTTGGGTCATCAGT,edge_gfp_plus,edge,GFP+,Mac_MHCII,Myeloid,non_tumor,0.15308244009619112,0.6425085363062198,-0.3128415402867443,0.028666257858276367,0.9713337421417236,False
TCGCTCTGTAGGTCAA,edge_gfp_plus,edge,GFP+,Mac_MHCII,Myeloid,non_tumor,0.03904035867890454,0.5655589465783434,-0.30973764329217374,0.03486502170562744,0.9651349782943726,False
ACATGAGGTGAGTTAG,edge_gfp_plus,edge,GFP+,Mac_MHCII,Myeloid,non_tumor,2.7352942342056203,-0.45920704131096896,-0.31278823586219323,0.04132026433944702,0.958679735660553,False
TCTACGGGTTCGAGCC,edge_gfp_plus,edge,GFP+,Mac_MHCII,Myeloid,non_tumor,1.5337811375184338,0.473179588719966,-0.275126530793181,0.029588520526885986,0.970411479473114,False
TGAGTGAGTAGGTCAA,edge_gfp_plus,edge,GFP+,Monocyte,Myeloid,non_tumor,1.277452549741925,0.5735091004941739,-0.22948196700127294,0.041891276836395264,0.9581087231636047,False
CAACGGGGTTGAGCGG,edge_gfp_plus,edge,GFP+,Mac_Il1b,Myeloid,non_tumor,-0.30712868254202164,1.280954420215131,-0.3115628362630743,0.03490787744522095,0.965092122554779,False
CGCCTAAGTTCCGTGA,edge_gfp_plus,edge,GFP+,Monocyte,Myeloid,non_tumor,0.3961763265679194,0.5333889035296816,-0.2530870474535167,0.03240126371383667,0.9675987362861633,False
CAAGGTAGTTAGCACT,edge_gfp_plus,edge,GFP+,Monocyte,Myeloid,non_tumor,1.3060298388181821,0.8080467593324623,-0.34433720223697273,0.034136831760406494,0.9658631682395935,False
AAGTTGGGTGCAAGGT,edge_gfp_plus,edge,GFP+,Mac_MHCII,Myeloid,non_tumor,1.8524115650014936,0.36585029879766284,-0.33640644107114415,0.039848923683166504,0.9601510763168335,False
CTTACTTGTGGCCTAC,edge_gfp_plus,edge,GFP+,Mac_MHCII,Myeloid,non_tumor,0.4828236284757076,0.8110600364937472,-0.3291930986777282,0.03001093864440918,0.9699890613555908,False
GTAGCCCGTTATCGGT,edge_gfp_plus,edge,GFP+,Mac_MHCII,Myeloid,non_tumor,0.6214382354503902,0.23218205689109805,-0.33734040865953746,0.033709704875946045,0.966290295124054,False
GGCGATGGTCAAGGAC,edge_gfp_plus,edge,GFP+,Monocyte,Myeloid,non_tumor,0.18960377243892018,1.350551174270869,-0.3312699127490203,0.037840306758880615,0.9621596932411194,False
GCCTATGGTTGCTCGA,edge_gfp_plus,edge,GFP+,Monocyte,Myeloid,non_tumor,2.243794847380714,2.3255049419075293,-0.3407816437856973,0.032093822956085205,0.9679061770439148,False
GTGCTTGGTTGTGCAT,edge_gfp_plus,edge,GFP+,Mac_MHCII,Myeloid,non_tumor,-0.053324191633373395,0.8016144188513523,-0.008628114793098485,0.16059452295303345,0.8394054770469666,False
CTCGTAGGTAACGTGA,edge_gfp_plus,edge,GFP+,Monocyte,Myeloid,non_tumor,-0.4788824291340919,0.7017846003190435,-0.23913027903620443,0.07306826114654541,0.9269317388534546,False
CACCGTAGTTCCAGTG,edge_gfp_plus,edge,GFP+,Monocyte,Myeloid,non_tumor,-0.207900948060964,0.7596005084501479,-0.37444099893434574,0.04383271932601929,0.9561672806739807,False
CGTGAGGGTAACTTCA,edge_gfp_plus,edge,GFP+,Mac_MHCII,Myeloid,non_tumor,0.6176138622901093,0.705007572038185,-0.3406864676900026,0.033443987369537354,0.9665560126304626,False
CCCACTTGTGAGCCGA,edge_gfp_plus,edge,GFP+,Mac_MHCII,Myeloid,non_tumor,2.54041978412151,2.026934638241869,-0.3484500155380822,0.04000955820083618,0.9599904417991638,False
TAGGTGAGTCAAGTAG,edge_gfp_plus,edge,GFP+,Mac_MHCII,Myeloid,non_tumor,1.627286684426407,0.28773163244337574,-0.28017538255419305,0.046077847480773926,0.9539221525192261,False
ATATGGGGTCTCACAG,edge_gfp_plus,edge,GFP+,Mac_MHCII,Myeloid,non_tumor,0.46860440078097704,0.6842696936427108,-0.2762385630417671,0.043235957622528076,0.9567640423774719,False
TCGCTAGGTTGCCTAG,edge_gfp_plus,edge,GFP+,Mac_MHCII,Myeloid,non_tumor,-0.8193294537398846,0.8452263025222384,-0.012094491641096657,0.14876657724380493,0.8512334227561951,False
AGCGCCTGTTAGAGTG,edge_gfp_plus,edge,GFP+,Neutrophil,Myeloid,non_tumor,0.9180574903337265,0.6069432460980998,-0.35757865958643587,0.22355222702026367,0.7764477729797363,False
CGATAAGGTCAAGTAG,edge_gfp_plus,edge,GFP+,Mac_Il1b,Myeloid,non_tumor,0.5302137702091383,0.38779192102878973,-0.2943328479499823,0.04572618007659912,0.9542738199234009,False
GGTGATAGTCATGGAA,edge_gfp_plus,edge,GFP+,Mac_MHCII,Myeloid,non_tumor,1.0471520598382447,0.34902973204640503,-0.29874909831561824,0.044503986835479736,0.9554960131645203,False
CTTACAAGTGAGGACT,edge_gfp_plus,edge,GFP+,Mac_MHCII,Myeloid,non_tumor,0.16677276358846693,0.44690314561253386,-0.3293510418769413,0.03066110610961914,0.9693388938903809,False
TGGCTTGGTAGTAAGT,edge_gfp_plus,edge,GFP+,Mac_MHCII,Myeloid,non_tumor,0.633442914709079,0.5313002089680176,-0.3591812296662634,0.029717624187469482,0.9702823758125305,False
CTAGGTTGTTAGGTGA,edge_gfp_plus,edge,GFP+,Mac_MHCII,Myeloid,non_tumor,0.8496318138053854,0.4221594833427202,-0.3541587407982404,0.03382617235183716,0.9661738276481628,False
CTCGAATGTGATGCGG,edge_gfp_plus,edge,GFP+,Mac_MHCII,Myeloid,non_tumor,-0.3245836185719539,0.6298438822153977,-0.2037780005671887,0.044939398765563965,0.955060601234436,False
CTTGTCCGTTTCGTAA,edge_gfp_plus,edge,GFP+,Mac_MHCII,Myeloid,non_tumor,0.18614466132993154,0.25106803945218026,-0.3367264512477938,0.03608834743499756,0.9639116525650024,False
AGTGTGAGTCAGCTCA,edge_gfp_plus,edge,GFP+,Mac_MHCII,Myeloid,non_tumor,1.628936943833804,0.3159142158186337,-0.2960022362094338,0.03896111249923706,0.9610388875007629,False
TACCCCTGTAACGATG,edge_gfp_plus,edge,GFP+,Monocyte,Myeloid,non_tumor,3.595104881543144,3.3388338217524343,-0.3793742585115191,0.0397108793258667,0.9602891206741333,False
CTTGAACGTAAGTGCA,edge_gfp_plus,edge,GFP+,Mac_MHCII,Myeloid,non_tumor,-0.5308526783334186,0.7547009025985905,0.3744023059416207,0.15940171480178833,0.8405982851982117,False
GCTCCTTGTAGCCTGC,edge_gfp_plus,edge,GFP+,Mac_MHCII,Myeloid,non_tumor,1.3302099263937945,-0.03403150674816065,-0.31119609655494246,0.043790221214294434,0.9562097787857056,False
CAACCCAGTGGCTGTC,edge_gfp_plus,edge,GFP+,Mac_MHCII,Myeloid,non_tumor,2.6711070544771296,2.5899426964371095,-0.309298396470572,0.04336893558502197,0.956631064414978,False
GGGTACGGTTCACTAA,edge_gfp_plus,edge,GFP+,Monocyte,Myeloid,non_tumor,-0.5566738326990073,0.5419993801257461,-0.3466756884932836,0.03320002555847168,0.9667999744415283,False
CATCCCTGTTGTGGTT,edge_gfp_plus,edge,GFP+,Monocyte,Myeloid,non_tumor,-0.5510181123871593,1.1031559989874136,-0.3128307029995276,0.034270644187927246,0.9657293558120728,False
CCTCGTTGTAGTGTGA,edge_gfp_plus,edge,GFP+,Mac_MHCII,Myeloid,non_tumor,-0.6225034153038485,0.5133804813586158,-0.2781730685176079,0.034049391746520996,0.965950608253479,False
TATAGGGGTATGTACC,edge_gfp_plus,edge,GFP+,Mac_MHCII,Myeloid,non_tumor,0.46958330754586824,0.3476608712717212,-0.3048028921278835,0.033724963665008545,0.9662750363349915,False
TACCCAGGTTGCAATC,edge_gfp_plus,edge,GFP+,Mac_MHCII,Myeloid,non_tumor,0.8708165837167198,0.14596370976033368,-0.3143632324428816,0.034405648708343506,0.9655943512916565,False
AGTGACAGTTGAAGGC,edge_gfp_plus,edge,GFP+,Monocyte,Myeloid,non_tumor,0.40558616797873104,0.8471159233192563,-0.32342585837440885,0.07653701305389404,0.923462986946106,False
GCTAGTTGTCAACTCG,edge_gfp_plus,edge,GFP+,Mac_MHCII,Myeloid,non_tumor,1.4273869275173463,0.28544969261071357,-0.3811404487767947,0.03343147039413452,0.9665685296058655,False
GTCCATGGTCAGTGCC,edge_gfp_plus,edge,GFP+,Mac_C1q,Myeloid,non_tumor,0.13235451529300607,0.8532104491839164,-0.16101109693530816,0.12793195247650146,0.8720680475234985,False
CTAGAAGGTAAGGTCA,edge_gfp_plus,edge,GFP+,Mac_MHCII,Myeloid,non_tumor,2.9776867506790365,2.676118455772996,-0.29312248820257686,0.04333961009979248,0.9566603899002075,False
ATGAAACGTTGGTGAA,edge_gfp_plus,edge,GFP+,Mac_MHCII,Myeloid,non_tumor,1.989344851207448,1.3603777721869728,-0.32701505270418274,0.04610109329223633,0.9538989067077637,False
CTTCTATGTCTTGATA,edge_gfp_plus,edge,GFP+,Mac_MHCII,Myeloid,non_tumor,-0.3488049511150039,0.6356856342653072,-0.2522333277551594,0.05581122636795044,0.9441887736320496,False
ATCCCAGGTGGAGCTG,edge_gfp_plus,edge,GFP+,Mac_MHCII,Myeloid,non_tumor,2.064818662595483,0.8491423656768203,-0.2723366824410814,0.05033373832702637,0.9496662616729736,False
CCTGTGAGTGATAGGC,edge_gfp_plus,edge,GFP+,Monocyte,Myeloid,non_tumor,0.9498873571862143,0.7953862137490096,-0.32012045596250543,0.05718183517456055,0.9428181648254395,False
TAGGTGAGTCAGTAAG,edge_gfp_plus,edge,GFP+,Monocyte,Myeloid,non_tumor,0.6966518879691405,1.1420874413154085,-0.34707601653421216,0.032009661197662354,0.9679903388023376,False
CGGATAAGTTAGGCAA,edge_gfp_plus,edge,GFP+,Mac_MHCII,Myeloid,non_tumor,-0.07565194879429503,0.6316530748219313,-0.32591846554901865,0.02890831232070923,0.9710916876792908,False
ATGAACGGTTGACGAA,edge_gfp_plus,edge,GFP+,Mac_MHCII,Myeloid,non_tumor,2.3470017792929223,0.34430733500010585,-0.3295027036104522,0.035496413707733154,0.9645035862922668,False
CAGCTTGGTGAAGCGT,edge_gfp_plus,edge,GFP+,Mac_MHCII,Myeloid,non_tumor,1.7229536143892878,-0.045775511679190514,-0.2336469331455244,0.04635673761367798,0.953643262386322,False
TCGTTCCGTTGTCACG,edge_gfp_plus,edge,GFP+,Monocyte,Myeloid,non_tumor,-0.2685378660223769,0.9097711879995201,-0.3296397824821771,0.040314674377441406,0.9596853256225586,False
ACAATGGGTCTCAGTG,edge_gfp_plus,edge,GFP+,Mac_MHCII,Myeloid,non_tumor,1.217624888019095,0.6620909347551343,-0.29555946764771573,0.04105651378631592,0.9589434862136841,False
CATAGCTGTAGCGGAT,edge_gfp_plus,edge,GFP+,Mac_MHCII,Myeloid,non_tumor,0.5716996281692885,0.8570429517642442,-0.09568566433691031,0.12352603673934937,0.8764739632606506,False
GGAGTTAGTGCAACGG,edge_gfp_plus,edge,GFP+,Mac_MHCII,Myeloid,non_tumor,0.30750691250953216,0.6994311847163669,0.0027807166989048315,0.16079944372177124,0.8392005562782288,False
GCGTATTGTCAGTAAG,edge_gfp_plus,edge,GFP+,Monocyte,Myeloid,non_tumor,-0.637169932268047,0.6195088470091472,-0.27678430499616613,0.03947049379348755,0.9605295062065125,False
CGCATATGTGGCTGCT,edge_gfp_plus,edge,GFP+,Monocyte,Myeloid,non_tumor,0.44843176992974515,0.7591539582331944,-0.28644464195802916,0.036432743072509766,0.9635672569274902,False
ACATGAGGTTTGCGTG,edge_gfp_plus,edge,GFP+,Tumor_proliferating,Tumor,transitional,-0.11889100962629154,0.015555517709796445,0.22186564662188454,0.6175624132156372,0.3824375867843628,True
CAAAGGCGTTCACTCC,edge_gfp_plus,edge,GFP+,Mac_MHCII,Myeloid,non_tumor,-0.25594101679310693,0.6866364437598521,-0.23304265711710093,0.03267395496368408,0.9673260450363159,False
CTAGCCAGTTGGTGAA,edge_gfp_plus,edge,GFP+,Monocyte,Myeloid,non_tumor,2.180166339539283,1.3093053948504194,-0.33702074908160856,0.03267914056777954,0.9673208594322205,False
GTAGCGGGTCTAGTGT,edge_gfp_plus,edge,GFP+,Tumor_proliferating,Tumor,normoxic_stable,-1.081400970074381,0.32013777325166576,-0.2894877292860158,0.6317411959171295,0.3682588040828705,True
AATGGGCGTAGTAAGT,edge_gfp_plus,edge,GFP+,Mac_MHCII,Myeloid,non_tumor,1.8024484987696079,1.3701630855500322,-0.23990654294715705,0.04306352138519287,0.9569364786148071,False
CTTCGAGGTTAATCGC,edge_gfp_plus,edge,GFP+,Mac_MHCII,Myeloid,non_tumor,-0.5795135414778524,0.34947009631108616,-0.2983094670007616,0.04102146625518799,0.958978533744812,False
CCATCAGGTTAACGTC,edge_gfp_plus,edge,GFP+,Mac_MHCII,Myeloid,non_tumor,2.210607181979812,1.6331926808268753,-0.3352281024273721,0.03976619243621826,0.9602338075637817,False
AGCGAACGTTTGAGAG,edge_gfp_plus,edge,GFP+,Tumor_proliferating,Tumor,entering_hypoxia,-0.18061657595530176,0.4747272733154101,0.09046030477890792,0.5505072176456451,0.44949278235435486,True
GCCGAAGGTATTGAGG,edge_gfp_plus,edge,GFP+,Mac_MHCII,Myeloid,non_tumor,1.3535839998031187,0.7073665921561666,-0.3381899382012083,0.03148353099822998,0.96851646900177,False
ATAGGGCGTTGGAAGC,edge_gfp_plus,edge,GFP+,Neutrophil,Myeloid,non_tumor,0.5454100869140903,0.7544053143078829,-0.4173017597067837,0.289824903011322,0.710175096988678,False
ACTGCATGTTCCGTCT,edge_gfp_plus,edge,GFP+,Mac_MHCII,Myeloid,non_tumor,1.8714375200067568,0.6104187819519938,-0.32597251685256756,0.03336679935455322,0.9666332006454468,False
GCTTCAGGTTTCCATT,edge_gfp_plus,edge,GFP+,Mac_MHCII,Myeloid,non_tumor,-0.3295050552789751,0.8197127172705563,-0.07644367420128417,0.14474433660507202,0.855255663394928,False
CGAGCCTGTCAGTAGA,edge_gfp_plus,edge,GFP+,Mac_MHCII,Myeloid,non_tumor,0.6168098258112885,0.5048776238715564,-0.3276153435557201,0.03091597557067871,0.9690840244293213,False
AACAGGCGTTCGCATG,edge_gfp_plus,edge,GFP+,Mac_MHCII,Myeloid,non_tumor,1.9817014654153597,0.047609172579101876,-0.31454417758211406,0.04314655065536499,0.956853449344635,False
GCAATCTGTTAGCCCA,edge_gfp_plus,edge,GFP+,Mac_MHCII,Myeloid,non_tumor,2.5368824122355558,2.586615781591397,-0.29175979705364663,0.047922492027282715,0.9520775079727173,False
CCCACTTGTATGGGTA,edge_gfp_plus,edge,GFP+,Monocyte,Myeloid,non_tumor,1.6889485848235817,1.4313901188911344,-0.3595062356926119,0.03567081689834595,0.964329183101654,False
CTGTGATGTGAGAGGA,edge_gfp_plus,edge,GFP+,cDC,Myeloid,non_tumor,0.05390670103797284,0.735628718619481,-0.30702422524913475,0.10449683666229248,0.8955031633377075,False
CACGGCTGTATGGAGC,edge_gfp_plus,edge,GFP+,Mac_MHCII,Myeloid,non_tumor,-0.0901478249304376,0.5872253992528672,-0.23908809752422447,0.030258655548095703,0.9697413444519043,False
CGTTTGGGTTGCTCTC,edge_gfp_plus,edge,GFP+,Monocyte,Myeloid,non_tumor,1.1912037849516715,1.1589321890092,-0.37709721897262927,0.06067025661468506,0.9393297433853149,False
GGACCCTGTGGCCAAG,edge_gfp_plus,edge,GFP+,Mac_MHCII,Myeloid,non_tumor,-0.41651580343604183,0.43687170019033494,-0.3371556441703481,0.03564804792404175,0.9643519520759583,False
CGCGTTAGTTTGGCAT,edge_gfp_plus,edge,GFP+,Mac_MHCII,Myeloid,non_tumor,-0.3585416815166544,0.8858748398987124,-0.05852848533621715,0.1492498517036438,0.8507501482963562,False
TCTATGAGTAAGTACG,edge_gfp_plus,edge,GFP+,Monocyte,Myeloid,non_tumor,0.4779491110376263,0.6412226875375794,-0.3487246460766351,0.0581321120262146,0.9418678879737854,False
CTTAGCGGTGATGGCG,edge_gfp_plus,edge,GFP+,Monocyte,Myeloid,non_tumor,2.3147456839811245,3.0282215443649685,-0.34407762970605427,0.03991818428039551,0.9600818157196045,False
AACCGAAGTTATGACC,edge_gfp_plus,edge,GFP+,Mac_MHCII,Myeloid,non_tumor,2.6450769140170785,1.650230988006514,-0.28565664099098736,0.03809714317321777,0.9619028568267822,False
TAGTTTGGTGGAAGTC,edge_gfp_plus,edge,GFP+,Mac_MHCII,Myeloid,non_tumor,-0.236897056776153,1.060340135044786,0.1538997186425727,0.04723823070526123,0.9527617692947388,False
TAACCTAGTGCAAGGT,edge_gfp_plus,edge,GFP+,Mac_MHCII,Myeloid,non_tumor,0.2594597960297987,1.227116462922097,-0.3063085906634494,0.023055553436279297,0.9769444465637207,False
CTCGTGAGTCAGCCAC,edge_gfp_plus,edge,GFP+,Monocyte,Myeloid,non_tumor,-0.10004233474937098,0.6654993341251587,-0.37023885783971483,0.03513479232788086,0.9648652076721191,False
GTAGCGGGTGCGTAGG,edge_gfp_plus,edge,GFP+,Mac_MHCII,Myeloid,non_tumor,-0.42217661569885323,0.3728695293209863,-0.26376479775882206,0.025794804096221924,0.9742051959037781,False
ACGGGATGTCTAGGAA,edge_gfp_plus,edge,GFP+,Monocyte,Myeloid,non_tumor,0.23700933725536502,1.9628681080806072,-0.3497469497720752,0.043430447578430176,0.9565695524215698,False
AGCATAGGTTTCGGGC,edge_gfp_plus,edge,GFP+,Mac_MHCII,Myeloid,non_tumor,-0.41529528442659164,0.8249341975250974,-0.13815245201433313,0.13362479209899902,0.866375207901001,False
GGGCATGGTGATTGAG,edge_gfp_plus,edge,GFP+,Mac_MHCII,Myeloid,non_tumor,-0.43236512902218355,0.618547464480072,-0.27750663716464,0.028903424739837646,0.9710965752601624,False
TATCCTTGTCAAGCAA,edge_gfp_plus,edge,GFP+,Mac_MHCII,Myeloid,non_tumor,1.1145033316039668,0.4104812654456604,-0.25606605106341535,0.03898787498474121,0.9610121250152588,False
GGCATCCGTTAATGCC,edge_gfp_plus,edge,GFP+,Mac_MHCII,Myeloid,non_tumor,-0.37927208157108366,0.6316545963750807,-0.3019676923185194,0.02669137716293335,0.9733086228370667,False
GGCTTATGTTGGGCCT,edge_gfp_plus,edge,GFP+,Monocyte,Myeloid,non_tumor,-0.47574352148785753,0.8194091890391362,-0.36119871790928915,0.029031097888946533,0.9709689021110535,False
GTGTGTTGTGAGCGTG,edge_gfp_plus,edge,GFP+,Mac_MHCII,Myeloid,non_tumor,-0.21884709645524864,0.7020486292852852,-0.17674497417622922,0.10465657711029053,0.8953434228897095,False
GGTGTCCGTTGAATCC,edge_gfp_plus,edge,GFP+,Mac_MHCII,Myeloid,non_tumor,-0.2127125732510147,0.6521684474296364,-0.2284354862984793,0.06108081340789795,0.938919186592102,False
TGTCCAGGTTCGCATG,edge_gfp_plus,edge,GFP+,Mac_MHCII,Myeloid,non_tumor,-0.5876651596948214,0.49113777591305946,-0.32494670383972146,0.02728140354156494,0.9727185964584351,False
GTTGTACGTAAGGTGC,edge_gfp_plus,edge,GFP+,Mac_MHCII,Myeloid,non_tumor,0.3718733423213125,0.599734247417158,-0.26924909963165916,0.037194669246673584,0.9628053307533264,False
GGAGCCAGTTACTGCG,edge_gfp_plus,edge,GFP+,cDC,Myeloid,non_tumor,-0.5326912788891467,0.8207340299176337,-0.35655784088916936,0.3119357228279114,0.6880642771720886,False
GGCGGTAGTTTCCTAT,edge_gfp_plus,edge,GFP+,Monocyte,Myeloid,non_tumor,-0.6132084049230452,1.0291890849982845,-0.3505615306087998,0.037546515464782715,0.9624534845352173,False
TGAATCCGTTGTGCTG,edge_gfp_plus,edge,GFP+,Tumor_proliferating,Tumor,exiting_hypoxia,-0.504384490680919,-0.8465309271212876,3.729944134105724,0.5667948126792908,0.43320518732070923,True
AGCTAAGGTTGCCTGA,edge_gfp_plus,edge,GFP+,Monocyte,Myeloid,non_tumor,2.539642256329467,2.301353150211972,-0.3361788509917924,0.038047611713409424,0.9619523882865906,False
AGCATCTGTTGACGTT,edge_gfp_plus,edge,GFP+,Mac_MHCII,Myeloid,non_tumor,0.20547273105755165,0.6602317148550839,-0.2915695273436179,0.03482156991958618,0.9651784300804138,False
TGTAGAGGTGAACCTT,edge_gfp_plus,edge,GFP+,Mac_MHCII,Myeloid,non_tumor,0.018865922622363557,0.8926320276179702,-0.2865389711035751,0.02441418170928955,0.9755858182907104,False
GCGCTTAGTAGTGACA,edge_gfp_plus,edge,GFP+,Mac_MHCII,Myeloid,non_tumor,1.439553676161344,0.04033479018214038,-0.3318930774790002,0.040303826332092285,0.9596961736679077,False
CTGTAACGTTGCACCA,edge_gfp_plus,edge,GFP+,Mac_MHCII,Myeloid,non_tumor,-0.6707844829944531,0.8099982449268981,0.19610401432152616,0.17426353693008423,0.8257364630699158,False
GGCTGAGGTTGACTCG,edge_gfp_plus,edge,GFP+,Mac_MHCII,Myeloid,non_tumor,2.807700306241777,2.1975236776976215,-0.31032721321623963,0.0478060245513916,0.9521939754486084,False
ACAGCGGGTATAGCAG,edge_gfp_plus,edge,GFP+,Monocyte,Myeloid,non_tumor,0.07999269711876145,0.955910614872184,-0.3126395156104396,0.028666138648986816,0.9713338613510132,False
GTTAGAGGTTAGCTGT,edge_gfp_plus,edge,GFP+,Mac_MHCII,Myeloid,non_tumor,1.454025061451683,0.4908052481968492,-0.2512418325262985,0.03668630123138428,0.9633136987686157,False
TCAGTTAGTGGCTGAG,edge_gfp_plus,edge,GFP+,Monocyte,Myeloid,non_tumor,-0.10711085523850866,0.9850037492882807,-0.3174190959959106,0.03531146049499512,0.9646885395050049,False
CTATTGAGTTGCACAT,edge_gfp_plus,edge,GFP+,Neutrophil,Myeloid,non_tumor,0.5269063712322356,1.1039500865210299,-0.3632831842670038,0.19763237237930298,0.802367627620697,False
TGTCTAAGTTTCAGCG,edge_gfp_plus,edge,GFP+,Mac_MHCII,Myeloid,non_tumor,1.187989175085438,0.8918541634747988,-0.2841157017142499,0.040444791316986084,0.9595552086830139,False
AGTAACGGTTGACGTT,edge_gfp_plus,edge,GFP+,Mac_MHCII,Myeloid,non_tumor,1.3475461117328658,0.6836679885970326,-0.30857425531774707,0.04028809070587158,0.9597119092941284,False
TCCATGGGTTTGCGTG,edge_gfp_plus,edge,GFP+,Mac_MHCII,Myeloid,non_tumor,-0.3963561117061775,0.7907115775341784,0.06496883691937617,0.17402136325836182,0.8259786367416382,False
TAGGCAAGTGAGTATG,edge_gfp_plus,edge,GFP+,Mac_MHCII,Myeloid,non_tumor,1.8502836059946215,0.4055194746968461,-0.38043793871344056,0.044366300106048584,0.9556336998939514,False
GTGAGTAGTGATTGAG,edge_gfp_plus,edge,GFP+,Monocyte,Myeloid,non_tumor,1.9586499074821122,1.2907682838857042,-0.36315366201116017,0.03637641668319702,0.963623583316803,False
AGAGAGGGTGCAGCCT,edge_gfp_plus,edge,GFP+,Monocyte,Myeloid,non_tumor,-0.1920855672171152,0.9062368986767932,-0.34051968227980123,0.03156614303588867,0.9684338569641113,False
TGAGTCTGTGGAAGGA,edge_gfp_plus,edge,GFP+,Monocyte,Myeloid,non_tumor,0.8062774026611205,-0.13413897150222917,-0.3125498303091261,0.03865015506744385,0.9613498449325562,False
GCGTTATGTTCGCACA,edge_gfp_plus,edge,GFP+,Tumor_proliferating,Tumor,transitional,-0.2998258462096725,0.07788638495038189,0.05567989709602274,0.5837898254394531,0.4162101745605469,True
CTCACGAGTCTCACTC,edge_gfp_plus,edge,GFP+,Mac_MHCII,Myeloid,non_tumor,-0.5076683738672543,0.8902928788864727,-0.2512639625459246,0.03458976745605469,0.9654102325439453,False
ATCGTACGTGAAGCAC,edge_gfp_plus,edge,GFP+,Mac_C1q,Myeloid,non_tumor,0.314014779117853,0.9387192102561662,-0.06054934086868597,0.15287351608276367,0.8471264839172363,False
ACAATGGGTAATGAGT,edge_gfp_plus,edge,GFP+,Mac_MHCII,Myeloid,non_tumor,0.41173426226274523,0.6748933722317569,-0.24235935432166653,0.02635854482650757,0.9736414551734924,False
AGCGATAGTTCCTTCA,edge_gfp_plus,edge,GFP+,cDC,Myeloid,non_tumor,0.9273691289700353,0.6861051843930548,-0.32881235466780195,0.09636634588241577,0.9036336541175842,False
CGTGACCGTTAGCGCC,edge_gfp_plus,edge,GFP+,Mac_MHCII,Myeloid,non_tumor,1.509128012294949,0.8126795765500129,-0.31681658226861814,0.03407031297683716,0.9659296870231628,False
TACAAGGGTATGGATG,edge_gfp_plus,edge,GFP+,Mac_MHCII,Myeloid,non_tumor,0.10732451603223121,0.6110474341468483,-0.2902732905855305,0.03321945667266846,0.9667805433273315,False
TAAGGATGTAGTGCAA,edge_gfp_plus,edge,GFP+,Mac_MHCII,Myeloid,non_tumor,0.6887236181912756,0.5041650327194163,-0.30702890535234756,0.03742927312850952,0.9625707268714905,False
GCTTATAGTCCATCGA,edge_gfp_plus,edge,GFP+,Neutrophil,Myeloid,non_tumor,-0.12986124080395525,0.26900414145649937,-0.41535736020494074,0.32506752014160156,0.6749324798583984,False
TCTGATAGTTGTGAAG,edge_gfp_plus,edge,GFP+,Mac_MHCII,Myeloid,non_tumor,1.637441678685617,1.4147349323776994,-0.29545083375043807,0.02710103988647461,0.9728989601135254,False
AGTGCTTGTAACGGTA,edge_gfp_plus,edge,GFP+,Tumor_proliferating,Tumor,entering_deep_hypoxia,0.45883383056982635,1.0916157880185722,0.15974459492950124,0.5971265435218811,0.4028734564781189,True
TGGAGTAGTTGTCAGT,edge_gfp_plus,edge,GFP+,Monocyte,Myeloid,non_tumor,0.33275921098018546,0.6934323637775766,-0.263155619926633,0.026166796684265137,0.9738332033157349,False
GCGGTGAGTAGTGCGG,edge_gfp_plus,edge,GFP+,Mac_MHCII,Myeloid,non_tumor,-0.298396005979811,0.7432840476367297,-0.2507924420837558,0.031149864196777344,0.9688501358032227,False
GCGACAGGTTTGCACG,edge_gfp_plus,edge,GFP+,Tumor_proliferating,Tumor,normoxic_stable,-0.6363867892936633,0.4183377931011145,-0.27097692480609703,0.5904523432254791,0.4095476567745209,True
GGTGATAGTGATAGTG,edge_gfp_plus,edge,GFP+,Mac_MHCII,Myeloid,non_tumor,-0.6271615257725449,0.7780864187852083,-0.05382525530796583,0.16550546884536743,0.8344945311546326,False
CGTCAATGTTCAAGCT,edge_gfp_plus,edge,GFP+,Mac_MHCII,Myeloid,non_tumor,1.0834275896340684,0.3175818171459818,-0.3200932746565414,0.03437429666519165,0.9656257033348083,False
CAACGGGGTTCGCACA,edge_gfp_plus,edge,GFP+,Mac_MHCII,Myeloid,non_tumor,0.00902877755687293,0.8168913810922156,-0.033214402105898364,0.14772886037826538,0.8522711396217346,False
TGTATCAGTCTAACCG,edge_gfp_plus,edge,GFP+,Mac_MHCII,Myeloid,non_tumor,-0.08247240131106628,0.36641351060622773,-0.230918576696223,0.03955012559890747,0.9604498744010925,False
TCTGTAAGTCTGGGTC,edge_gfp_plus,edge,GFP+,Neutrophil,Myeloid,non_tumor,0.5816076301224298,0.9907058194111691,-0.3323893693652112,0.30044806003570557,0.6995519399642944,False
TGAAACGGTTCGCTGA,edge_gfp_plus,edge,GFP+,Mac_MHCII,Myeloid,non_tumor,0.6034617122607562,0.876964278879926,-0.2522459148125705,0.030636250972747803,0.9693637490272522,False
GCTTAACGTTGGTGCC,edge_gfp_plus,edge,GFP+,Mac_MHCII,Myeloid,non_tumor,0.12623922281187075,0.792695299401248,-0.1952007346692621,0.029776692390441895,0.9702233076095581,False
GGACCCTGTAACGGCG,edge_gfp_plus,edge,GFP+,Mac_MHCII,Myeloid,non_tumor,1.0631168451715975,0.47008457559274164,-0.35828260015461216,0.029159605503082275,0.9708403944969177,False
TGTGGTTGTTGTGACT,edge_gfp_plus,edge,GFP+,Mac_MHCII,Myeloid,non_tumor,-0.19833369427510972,0.8171944320727798,-0.13132175378868144,0.1638743281364441,0.8361256718635559,False
GGATTAGGTAGCTATC,edge_gfp_plus,edge,GFP+,Monocyte,Myeloid,non_tumor,1.1560235686460596,0.7228888360533836,-0.2547381802714241,0.03415566682815552,0.9658443331718445,False
GTGCTTGGTTTCCGTC,edge_gfp_plus,edge,GFP+,Mac_MHCII,Myeloid,non_tumor,1.03949396491019,0.7875443427690051,0.009653471426586029,0.155498206615448,0.844501793384552,False
TGAGGCGGTAGTGACA,edge_gfp_plus,edge,GFP+,Monocyte,Myeloid,non_tumor,-0.1435268883182346,0.49830075292951836,-0.33620877006217526,0.06177610158920288,0.9382238984107971,False
CGTCCTTGTTCCCAGA,edge_gfp_plus,edge,GFP+,Mac_MHCII,Myeloid,non_tumor,0.7761143965777982,0.538702075408776,-0.34796350796337794,0.04026305675506592,0.9597369432449341,False
AGAGAGGGTGCGTGAG,edge_gfp_plus,edge,GFP+,Monocyte,Myeloid,non_tumor,1.2752501367407103,0.7610425641964593,-0.183407509545136,0.03731977939605713,0.9626802206039429,False
TGAAACGGTTAGCTCG,edge_gfp_plus,edge,GFP+,Mac_MHCII,Myeloid,non_tumor,1.2739051850351197,-0.16703573735022814,-0.33089815579183146,0.04124093055725098,0.958759069442749,False
CTAGTTAGTGGCGCTT,edge_gfp_plus,edge,GFP+,Monocyte,Myeloid,non_tumor,-0.5352037213716039,1.3330054088889742,-0.1973624129601959,0.03428524732589722,0.9657147526741028,False
TACGCTGGTATAGCAG,edge_gfp_plus,edge,GFP+,Tumor_proliferating,Tumor,persistent_hypoxia,0.18778357737189982,-0.27562005552265306,-0.23248193775664625,0.6347814798355103,0.36521852016448975,True
TCTGGGCGTTGTCCGA,edge_gfp_plus,edge,GFP+,Mac_MHCII,Myeloid,non_tumor,0.4795506159703007,0.7135279132624877,-0.28149682497419987,0.04502427577972412,0.9549757242202759,False
AATGGATGTTGCGCGT,edge_gfp_plus,edge,GFP+,Mac_MHCII,Myeloid,non_tumor,0.3182651157711155,0.8024303701237658,-0.31235944466117177,0.022745907306671143,0.9772540926933289,False
ACGCTATGTTCCGCTT,edge_gfp_plus,edge,GFP+,Mac_MHCII,Myeloid,non_tumor,2.3273831449077793,0.9461725242345854,-0.32983909663292205,0.039570748805999756,0.9604292511940002,False
CCATTAAGTTAGACAG,edge_gfp_plus,edge,GFP+,Monocyte,Myeloid,non_tumor,-0.4090910118270294,0.7779346469100306,-0.2917694751851045,0.023589253425598145,0.9764107465744019,False
CCGCGATGTTAGACCT,edge_gfp_plus,edge,GFP+,Monocyte,Myeloid,non_tumor,1.778867212792691,0.9583187642778698,-0.3484247246316275,0.038090288639068604,0.9619097113609314,False
CACGTATGTAGCGCAG,edge_gfp_plus,edge,GFP+,Mac_MHCII,Myeloid,non_tumor,-0.11408829767540855,0.7862303191115915,-0.14787691928274424,0.1257692575454712,0.8742307424545288,False
TACGAAGGTTATCCAA,edge_gfp_plus,edge,GFP+,Mac_MHCII,Myeloid,non_tumor,-0.022401861489106063,0.5691943862295646,-0.28498516282986247,0.02974909543991089,0.9702509045600891,False
GTAGTCTGTAATGACG,edge_gfp_plus,edge,GFP+,Monocyte,Myeloid,non_tumor,2.8516641795772633,2.8021012085703982,-0.34378326172390566,0.03688859939575195,0.963111400604248,False
CCCATCTGTGCGGAAT,edge_gfp_plus,edge,GFP+,Mac_MHCII,Myeloid,non_tumor,2.7986575883290685,1.1394231766414997,-0.3278135089867998,0.044802308082580566,0.9551976919174194,False
GGGATTAGTCAATCTA,edge_gfp_plus,edge,GFP+,Mac_C1q,Myeloid,non_tumor,0.008293237448633247,2.5895685582702113,-0.07717279719443239,0.1384180784225464,0.8615819215774536,False
ATGTGAGGTGATAGCA,edge_gfp_plus,edge,GFP+,Monocyte,Myeloid,non_tumor,0.1915779718381948,0.4443707360911028,-0.357011226780001,0.03023284673690796,0.969767153263092,False
GTCGAGGGTTAGGTTC,edge_gfp_plus,edge,GFP+,Mac_MHCII,Myeloid,non_tumor,2.1608625004953526,0.22053567617719572,-0.33315056381700353,0.044138193130493164,0.9558618068695068,False
GTGGAACGTAGTTAGG,edge_gfp_plus,edge,GFP+,Monocyte,Myeloid,non_tumor,-0.04682664711487011,0.973820154736421,-0.327670077286205,0.02532130479812622,0.9746786952018738,False
ACAGCTTGTCTTGCTC,edge_gfp_plus,edge,GFP+,Mac_MHCII,Myeloid,non_tumor,1.853235687652748,0.19952738713281443,-0.2673001231906805,0.044493794441223145,0.9555062055587769,False
GCTCCAAGTGGCGAAT,edge_gfp_plus,edge,GFP+,Mac_MHCII,Myeloid,non_tumor,0.948183885734457,0.20447950557436329,-0.23782181862555105,0.04265177249908447,0.9573482275009155,False
CGAGTCCGTAGCCTGC,edge_gfp_plus,edge,GFP+,Mac_MHCII,Myeloid,non_tumor,0.43820706852853364,0.5003389936884974,-0.08694399252202072,0.029805898666381836,0.9701941013336182,False
TATGAGGGTCTTGAGT,edge_gfp_plus,edge,GFP+,Mac_MHCII,Myeloid,non_tumor,2.423251036060285,0.6888902090524812,-0.31062988556532883,0.03984975814819336,0.9601502418518066,False
AGAGTATGTAACGCAA,edge_gfp_plus,edge,GFP+,Tumor_proliferating,Tumor,entering_deep_hypoxia,0.0797003343406941,0.5844328519202834,0.9938757994617226,0.5747671127319336,0.4252328872680664,True
AGTCGGGGTTCCAGAT,edge_gfp_plus,edge,GFP+,Monocyte,Myeloid,non_tumor,-0.3036547332820528,0.2633781172557305,-0.2921199799282463,0.03993654251098633,0.9600634574890137,False
CGAGCAGGTAGTCATC,edge_gfp_plus,edge,GFP+,Tumor_proliferating,Tumor,entering_deep_hypoxia,1.0405895918435697,0.8532349282992537,1.2057141183912001,0.38573676347732544,0.6142632365226746,True
GTACGAAGTAACGGCG,edge_gfp_plus,edge,GFP+,Mac_MHCII,Myeloid,non_tumor,-0.18669702238531485,0.626933565692577,-0.2845129026868424,0.039656221866607666,0.9603437781333923,False
CCATCCTGTTATGACC,edge_gfp_plus,edge,GFP+,Mac_MHCII,Myeloid,non_tumor,-0.1531676033316075,0.3198239132454107,2.781393327178549,0.16838401556015015,0.8316159844398499,False
AACCAAGGTTTGACAC,edge_gfp_plus,edge,GFP+,Mac_MHCII,Myeloid,non_tumor,1.9557684301915466,0.4046582546898717,-0.24936470278699757,0.02719736099243164,0.9728026390075684,False
TCATTAGGTTAGAGCA,edge_gfp_plus,edge,GFP+,Monocyte,Myeloid,non_tumor,-0.16732765708587974,1.4272474810234177,-0.3147289626641095,0.04447251558303833,0.9555274844169617,False
ATAGCGAGTCCATCGA,edge_gfp_plus,edge,GFP+,Mac_MHCII,Myeloid,non_tumor,0.47138780115303824,0.7174328467248371,-0.044596551990926166,0.16001135110855103,0.839988648891449,False
TCTGATAGTGAACGGT,edge_gfp_plus,edge,GFP+,Monocyte,Myeloid,non_tumor,-0.5560802456991942,0.5025239455803835,-0.3789459847732278,0.03172898292541504,0.968271017074585,False
AGGTATGGTCATTCCC,edge_gfp_plus,edge,GFP+,Mac_MHCII,Myeloid,non_tumor,2.04021525871457,1.5547875488747147,-0.2867793824041877,0.03625917434692383,0.9637408256530762,False
GGCGTAGGTAGTAGGC,edge_gfp_plus,edge,GFP+,cDC,Myeloid,non_tumor,-0.15083237747296016,0.6770377652987909,-0.29594513871196465,0.07919788360595703,0.920802116394043,False
GCTTCCTGTCCCGTAA,edge_gfp_plus,edge,GFP+,Mac_MHCII,Myeloid,non_tumor,-0.19079018689445956,0.5968212942446499,-0.19310169349411624,0.03271251916885376,0.9672874808311462,False
CCCTTACGTTGAATGG,edge_gfp_plus,edge,GFP+,Mac_MHCII,Myeloid,non_tumor,-0.6909976936297704,0.1687597730135863,3.185020191370303,0.1755465269088745,0.8244534730911255,False
GTTGAAGGTGATGCGG,edge_gfp_plus,edge,GFP+,Mac_Il1b,Myeloid,non_tumor,1.2692622264591273,0.5319634286324393,-0.3106113237357845,0.03568929433822632,0.9643107056617737,False
CATGCTGGTTTAATCG,edge_gfp_plus,edge,GFP+,Mac_MHCII,Myeloid,non_tumor,0.725827995587248,1.0164142023504994,-0.31067121979017637,0.02988976240158081,0.9701102375984192,False
CTTATGAGTGGGTAGT,edge_gfp_plus,edge,GFP+,Mac_MHCII,Myeloid,non_tumor,1.1584887915411768,0.5609870870415624,-0.30940744218564104,0.026018381118774414,0.9739816188812256,False
CTAGCGCGTTGACTGT,edge_gfp_plus,edge,GFP+,Mac_MHCII,Myeloid,non_tumor,0.3474485431574037,0.6658188139040991,-0.3293337081846411,0.030257821083068848,0.9697421789169312,False
AAGCCAAGTGAGTCGG,edge_gfp_plus,edge,GFP+,Mac_MHCII,Myeloid,non_tumor,0.8940456780558231,0.5363801424077386,-0.301007165091174,0.032228946685791016,0.967771053314209,False
AAGCCGGGTTTGGCAT,edge_gfp_plus,edge,GFP+,Monocyte,Myeloid,non_tumor,2.459934286545718,2.3476118505653862,-0.375172803976453,0.05303370952606201,0.946966290473938,False
AACGAATGTTATGACC,edge_gfp_plus,edge,GFP+,Mac_MHCII,Myeloid,non_tumor,0.0028923972988682428,0.8529478182296362,0.41868765641743194,0.13022089004516602,0.869779109954834,False
TCGCATGGTCAAGGCG,edge_gfp_plus,edge,GFP+,Monocyte,Myeloid,non_tumor,0.7498916008699059,1.0335172824278354,-0.34657455173740603,0.0382346510887146,0.9617653489112854,False
ACACGGGGTCTTGGAT,edge_gfp_plus,edge,GFP+,Monocyte,Myeloid,non_tumor,0.06908670955193164,0.768077199791533,-0.3206842044301332,0.035513103008270264,0.9644868969917297,False
AAGCTCTGTTGAGCTT,edge_gfp_plus,edge,GFP+,Mac_MHCII,Myeloid,non_tumor,-0.34310502321589603,1.1812568994736992,-0.3218797498790904,0.03229320049285889,0.9677067995071411,False
CGGTAAAGTCTCAGTG,edge_gfp_plus,edge,GFP+,Mac_MHCII,Myeloid,non_tumor,0.8618911714233171,0.500510118896709,-0.213050911127098,0.026065587997436523,0.9739344120025635,False
GCATTACGTTAGCCAT,edge_gfp_plus,edge,GFP+,Mac_MHCII,Myeloid,non_tumor,0.5870989673808201,1.2807057828069597,-0.2843897398067696,0.037378787994384766,0.9626212120056152,False
TATGGCTGTGAGGTTA,edge_gfp_plus,edge,GFP+,Monocyte,Myeloid,non_tumor,1.5346542893395942,1.38440641153978,-0.34286139266821186,0.03416860103607178,0.9658313989639282,False
AGAAGGGGTTGGGTAA,edge_gfp_plus,edge,GFP+,Tumor_proliferating,Tumor,normoxic_stable,-0.8754953375661286,-0.04825433344483615,-0.0010897372864543398,0.6061586439609528,0.39384135603904724,True
ACCGATTGTCCCGTAA,edge_gfp_plus,edge,GFP+,Tumor_proliferating,Tumor,exiting_hypoxia,1.9219671079757334,-1.0616288325081236,4.224808249633691,0.5671665370464325,0.4328334629535675,True
CAGGATAGTAAGCGTA,edge_gfp_plus,edge,GFP+,Tumor,Tumor,entering_hypoxia,-1.053525562701713,1.970980287005553,-0.26989582288487796,0.04488813877105713,0.9551118612289429,True
CCTACAGGTCATGAAG,edge_gfp_plus,edge,GFP+,Mac_MHCII,Myeloid,non_tumor,2.0577467493027357,3.029931630608859,-0.185133448954277,0.04770475625991821,0.9522952437400818,False
AACGGTAGTCATCACG,edge_gfp_plus,edge,GFP+,Monocyte,Myeloid,non_tumor,0.31903072986177133,1.243594265911473,-0.23031092966640992,0.046272873878479004,0.953727126121521,False
ATACTTGGTCTGGTAT,edge_gfp_plus,edge,GFP+,Mac_MHCII,Myeloid,non_tumor,0.8082626118695038,0.5272366667547814,-0.2413921203432737,0.031699299812316895,0.9683007001876831,False
ATGAGGCGTTCCGCAA,edge_gfp_plus,edge,GFP+,Tumor_proliferating,Tumor,entering_hypoxia,-0.7476121864879501,0.8726374500155928,0.13137071840263734,0.5948507487773895,0.4051492512226105,True
CAGCGAGGTTCGCCTT,edge_gfp_plus,edge,GFP+,Monocyte,Myeloid,non_tumor,0.36688803372955603,0.48758443195321266,-0.3328205942951442,0.03442203998565674,0.9655779600143433,False
ATAGGATGTTGTAGCT,edge_gfp_plus,edge,GFP+,Monocyte,Myeloid,non_tumor,-0.39481518171770624,0.6033216362595004,-0.32934087361743314,0.03957188129425049,0.9604281187057495,False
TCTGTAAGTTCCTTGC,edge_gfp_plus,edge,GFP+,Monocyte,Myeloid,non_tumor,0.5622224949943951,1.024501097616648,-0.3658137782156438,0.06586259603500366,0.9341374039649963,False
AGCTTACGTGCGGTGA,edge_gfp_plus,edge,GFP+,Mac_MHCII,Myeloid,non_tumor,1.003323679133479,0.6568717197420513,-0.32971245174740915,0.030186116695404053,0.969813883304596,False
CCGAATTGTTAGGGAC,edge_gfp_plus,edge,GFP+,Mac_MHCII,Myeloid,non_tumor,1.4305397165964717,0.47943026715883813,-0.3106380578841575,0.03412306308746338,0.9658769369125366,False
GTACGTTGTCATTCCC,edge_gfp_plus,edge,GFP+,Mac_MHCII,Myeloid,non_tumor,1.2354205266626825,1.2487179585641395,-0.15354795320090137,0.14082622528076172,0.8591737747192383,False
AGTGTGAGTGATCCGC,edge_gfp_plus,edge,GFP+,Mac_MHCII,Myeloid,non_tumor,-0.5055086937705316,0.9647976606933284,0.08867357607952171,0.17105793952941895,0.828942060470581,False
GTCGGCTGTTCGGGTC,edge_gfp_plus,edge,GFP+,Mac_MHCII,Myeloid,non_tumor,0.9642704297291131,0.6743280209025476,-0.2623164053336659,0.03844118118286133,0.9615588188171387,False
CCAATTAGTAGCCTGC,edge_gfp_plus,edge,GFP+,Mac_MHCII,Myeloid,non_tumor,-0.33156822899297506,0.8137617793966465,-0.14787856148520498,0.12863194942474365,0.8713680505752563,False
AGGGTACGTGAGAGGA,edge_gfp_plus,edge,GFP+,Mac_MHCII,Myeloid,non_tumor,0.5723034684014607,0.7255525981927777,-0.18605322625701798,0.13978785276412964,0.8602121472358704,False
AGTAACGGTTGGCGTC,edge_gfp_plus,edge,GFP+,Monocyte,Myeloid,non_tumor,0.9398458633945013,1.4513551874340158,-0.35696730093282997,0.03617137670516968,0.9638286232948303,False
GCGCTTAGTTCGCATG,edge_gfp_plus,edge,GFP+,Mac_MHCII,Myeloid,non_tumor,-0.026179973166037752,0.7627804575826651,-0.1026290925755102,0.17009204626083374,0.8299079537391663,False
AGTAACGGTGAGGTGT,edge_gfp_plus,edge,GFP+,Mac_MHCII,Myeloid,non_tumor,1.8363678738360083,0.160626264619709,-0.2755704397591821,0.04328298568725586,0.9567170143127441,False
ATCCCCTGTTTACTTC,edge_gfp_plus,edge,GFP+,Mac_MHCII,Myeloid,non_tumor,2.2397834884236376,0.5510512375639454,-0.26936889543054177,0.03276705741882324,0.9672329425811768,False
CTTGTAAGTTACACTA,edge_gfp_plus,edge,GFP+,Mac_MHCII,Myeloid,non_tumor,-0.15780605033735592,0.9535543583452939,-0.1304044082945575,0.16581737995147705,0.834182620048523,False
CGTGAAAGTTTAGCCG,edge_gfp_plus,edge,GFP+,Mac_MHCII,Myeloid,non_tumor,-0.8428976299884274,0.755516052117465,-0.04980616554820831,0.14282381534576416,0.8571761846542358,False
ACCCTAGGTTATCCGG,edge_gfp_plus,edge,GFP+,Mac_MHCII,Myeloid,non_tumor,-0.3194752333472619,0.8167092691752212,0.0011390802330717312,0.16221481561660767,0.8377851843833923,False
TAATGGGGTGAGGCAT,edge_gfp_plus,edge,GFP+,Tumor_proliferating,Tumor,entering_deep_hypoxia,0.1783090947540719,1.0005750926559214,0.335974617213086,0.4957647919654846,0.5042352080345154,True
TGGGAACGTCCCGAAC,edge_gfp_plus,edge,GFP+,Mac_MHCII,Myeloid,non_tumor,0.8688212788174482,0.7521365214546851,-0.30317199423769103,0.02845752239227295,0.971542477607727,False
CATGTTAGTTTCGAGT,edge_gfp_plus,edge,GFP+,Tumor_proliferating,Tumor,entering_deep_hypoxia,0.8163494169267698,0.5913018891405883,0.07065509835298807,0.5854483246803284,0.41455167531967163,True
AGCTTTAGTTGTAAGG,edge_gfp_plus,edge,GFP+,Mac_MHCII,Myeloid,non_tumor,0.9561009204062947,0.770958179074756,-0.2958364011728216,0.03698831796646118,0.9630116820335388,False
ATCCACGGTTCAAGCT,edge_gfp_plus,edge,GFP+,Tumor_proliferating,Tumor,persistent_hypoxia,0.4197092990904879,0.05619440910888428,0.2884740941399669,0.5547888278961182,0.44521117210388184,True
TGCGTATGTGGCTACC,edge_gfp_plus,edge,GFP+,Mac_MHCII,Myeloid,non_tumor,2.5021106884450637,2.1883834990337716,-0.39329877587015616,0.03641664981842041,0.9635833501815796,False
AGCGATAGTAGGCCAG,edge_gfp_plus,edge,GFP+,Mac_MHCII,Myeloid,non_tumor,0.1727041948964162,0.5774307515117202,-0.28856806452073186,0.03533303737640381,0.9646669626235962,False
GTAGATGGTAGTTAGG,edge_gfp_plus,edge,GFP+,Mac_MHCII,Myeloid,non_tumor,0.8349845291771052,0.675198095769943,-0.28014542393941955,0.026913166046142578,0.9730868339538574,False
CAGGCGAGTTAACGCT,edge_gfp_plus,edge,GFP+,cDC,Myeloid,non_tumor,-0.6317636297022968,0.8427343204378187,-0.3785824845137112,0.3321334719657898,0.6678665280342102,False
TAATGGGGTGGCAGCA,edge_gfp_plus,edge,GFP+,Mac_MHCII,Myeloid,non_tumor,0.4662612368833997,0.19777612549153736,-0.3140093295858809,0.03149634599685669,0.9685036540031433,False
CAGCCTAGTGAGGTGT,edge_gfp_plus,edge,GFP+,Treg,T_cell,non_tumor,-0.7642527828282408,0.9160893124291195,-0.07046378434190506,0.11076921224594116,0.8892307877540588,False
TAATGGGGTAAGTCGA,edge_gfp_plus,edge,GFP+,Tumor_proliferating,Tumor,entering_hypoxia,-0.2283568266332509,0.5098524902824803,-0.3287684725047962,0.5756056308746338,0.4243943691253662,True
TGTGTACGTGGACACG,edge_gfp_plus,edge,GFP+,Mac_MHCII,Myeloid,non_tumor,1.2692058812254696,0.8140313452226097,-0.26137869079391485,0.029998600482940674,0.9700013995170593,False
ATTCCAAGTTTGGCGC,edge_gfp_plus,edge,GFP+,Mac_C1q,Myeloid,non_tumor,1.360583378128782,4.133976490925142,-0.069128965686917,0.12455326318740845,0.8754467368125916,False
TCTATAGGTTCCGTAG,edge_gfp_plus,edge,GFP+,Monocyte,Myeloid,non_tumor,0.4699352741013276,2.1901460786869467,-0.3613896811324051,0.03694242238998413,0.9630575776100159,False
TCTAATGGTCAAGTTC,edge_gfp_plus,edge,GFP+,Mac_MHCII,Myeloid,non_tumor,0.7063871505791899,0.6501374058873522,-0.29119900985930236,0.04057776927947998,0.95942223072052,False
GTTGGTTGTTTGCAGT,edge_gfp_plus,edge,GFP+,Mac_MHCII,Myeloid,non_tumor,1.3974195949839463,2.2276003227266026,-0.336858228405069,0.03489553928375244,0.9651044607162476,False
CGGAACGGTGAGGTTA,edge_gfp_plus,edge,GFP+,Monocyte,Myeloid,non_tumor,-0.2747719199013535,0.8907948163582378,-0.32109266083877774,0.025459349155426025,0.974540650844574,False
CTCACGAGTAAGGTAT,edge_gfp_plus,edge,GFP+,Mac_MHCII,Myeloid,non_tumor,2.284397943998582,0.8829747231525906,-0.35613588529615814,0.028736650943756104,0.9712633490562439,False
ACACGTTGTTGACCGC,edge_gfp_plus,edge,GFP+,Mac_MHCII,Myeloid,non_tumor,1.5265114707837142,0.30983854423989377,-0.35311600803675375,0.04613757133483887,0.9538624286651611,False
TCGGCTAGTTTCCGCT,edge_gfp_plus,edge,GFP+,Mac_Il1b,Myeloid,non_tumor,1.395225803821574,1.8107399941714017,-0.30853270122375864,0.04328376054763794,0.9567162394523621,False
GTGATAGGTGGCGCTT,edge_gfp_plus,edge,GFP+,Mac_MHCII,Myeloid,non_tumor,2.202569859616287,1.1869620022406828,-0.27549725472581693,0.04393202066421509,0.9560679793357849,False
CTCGTGAGTTCGGCAC,edge_gfp_plus,edge,GFP+,Monocyte,Myeloid,non_tumor,1.9593557091832596,1.7988437467404004,-0.337211148819231,0.03861832618713379,0.9613816738128662,False
GGGATTAGTTAAGCAG,edge_gfp_plus,edge,GFP+,Mac_MHCII,Myeloid,non_tumor,2.5717919307692276,7.868219409519136,-0.32182680496567617,0.03810006380081177,0.9618999361991882,False
GCCTATGGTTTCGGGC,edge_gfp_plus,edge,GFP+,Monocyte,Myeloid,non_tumor,0.5948826111816449,0.8753195172406047,-0.3111816333522327,0.026254713535308838,0.9737452864646912,False
GGGCCTTGTGCGGATG,edge_gfp_plus,edge,GFP+,Tumor_proliferating,Tumor,entering_deep_hypoxia,1.1067936806136969,0.8174406575942719,1.2349502547383526,0.6474446952342987,0.3525553047657013,True
CGCCATAGTGAGTCCC,edge_gfp_plus,edge,GFP+,Monocyte,Myeloid,non_tumor,2.271225034273172,0.4271454069079313,-0.2577574298997826,0.04490065574645996,0.95509934425354,False
AGCCCTAGTTTAGGAG,edge_gfp_plus,edge,GFP+,Mac_Il1b,Myeloid,non_tumor,2.3169288145018485,1.5967332587859393,-0.19761415632808116,0.046093106269836426,0.9539068937301636,False
TGAGTGAGTGGAGCTG,edge_gfp_plus,edge,GFP+,Mac_MHCII,Myeloid,non_tumor,3.692335585799152,0.49615250209926215,-0.35281467886893036,0.027505457401275635,0.9724945425987244,False
GCTACTGGTAGCGAGT,edge_gfp_plus,edge,GFP+,Monocyte,Myeloid,non_tumor,2.413539524569004,0.9257772605145913,-0.29704358609747794,0.02725464105606079,0.9727453589439392,False
GGCTTTGGTATTAGGG,edge_gfp_plus,edge,GFP+,Mac_MHCII,Myeloid,non_tumor,0.07413697231590662,0.4851491095891223,-0.21877390279166958,0.02896881103515625,0.9710311889648438,False
AGAAGGGGTTGTAAGG,edge_gfp_plus,edge,GFP+,Mac_MHCII,Myeloid,non_tumor,2.441126756110832,0.7589077236444591,-0.2979874105383944,0.04041862487792969,0.9595813751220703,False
GTCTAACGTGATGCGG,edge_gfp_plus,edge,GFP+,Mac_MHCII,Myeloid,non_tumor,1.867785550528597,1.0754931137208203,-0.28295356484187384,0.03883165121078491,0.9611683487892151,False
AACTGAGGTTGCGCTA,edge_gfp_plus,edge,GFP+,NK,NK,non_tumor,-0.7265181016858554,0.9967065214541739,0.28108205751519394,0.12854242324829102,0.871457576751709,False
GGTGGATGTCATGGAA,edge_gfp_plus,edge,GFP+,Tumor_proliferating,Tumor,persistent_hypoxia,0.8510911613433136,0.3680629488505762,0.9649785413181292,0.5487965643405914,0.45120343565940857,True
GGGCATGGTCATGTCG,edge_gfp_plus,edge,GFP+,Mac_MHCII,Myeloid,non_tumor,-0.38689952263123395,0.7651180636622359,-0.048356554659332196,0.15491777658462524,0.8450822234153748,False
CTGGTCAGTAATCCAC,edge_gfp_plus,edge,GFP+,Tumor_proliferating,Tumor,transitional,-0.35430694937473123,0.17217108453799407,-0.26206239111662405,0.611390233039856,0.38860976696014404,True
TGCGACCGTTATAGCC,edge_gfp_plus,edge,GFP+,Tumor,Tumor,entering_hypoxia,-0.6029155644626873,0.9119281263385315,-0.3206489297729708,0.050130605697631836,0.9498693943023682,True
AGCCATTGTAACGGCG,edge_gfp_plus,edge,GFP+,CD8_T,T_cell,non_tumor,-0.36103674639725225,0.969164564047874,0.020961188483156205,0.1282731294631958,0.8717268705368042,False
ACTTATGGTTTGGTGT,edge_gfp_plus,edge,GFP+,cDC,Myeloid,non_tumor,0.5742577590243421,1.0695273367803773,-0.2824234030908709,0.0987744927406311,0.9012255072593689,False
AGCGCAGGTGATCAAG,edge_gfp_plus,edge,GFP+,Mac_MHCII,Myeloid,non_tumor,-0.6523570483039852,0.6388715077950057,1.9085253500778998,0.16722333431243896,0.832776665687561,False
CGTTCCTGTTGCGGTC,edge_gfp_plus,edge,GFP+,Mac_MHCII,Myeloid,non_tumor,0.9029220530622325,0.798020578142395,-0.11675669570603418,0.15666425228118896,0.843335747718811,False
TGTACCGGTTCGTGAT,edge_gfp_plus,edge,GFP+,Monocyte,Myeloid,non_tumor,-0.7101248693133517,0.9645706279100442,-0.08798323276536467,0.051583945751190186,0.9484160542488098,False
AGACACAGTAGGCCAG,edge_gfp_plus,edge,GFP+,Mac_MHCII,Myeloid,non_tumor,-0.29432211937319885,0.7775324049973438,-0.21853504018161818,0.018523097038269043,0.981476902961731,False
GGTGAACGTCTGTGGC,edge_gfp_plus,edge,GFP+,CD8_exhausted,T_cell,non_tumor,-0.17248707473555502,0.678894646852735,1.3945564143962261,0.15230458974838257,0.8476954102516174,False
GGCATGGGTTTGACCG,edge_gfp_plus,edge,GFP+,Mac_MHCII,Myeloid,non_tumor,0.1344824160195573,0.5931912715737334,-0.2742975263124679,0.03293853998184204,0.967061460018158,False
AGACGTAGTCTAAGTC,edge_gfp_plus,edge,GFP+,Monocyte,Myeloid,non_tumor,-0.11136642177196669,0.8459102495557721,-0.23129225561071148,0.0812978744506836,0.9187021255493164,False
CAAATGGGTGCACGAG,edge_gfp_plus,edge,GFP+,Mac_MHCII,Myeloid,non_tumor,1.982614030387369,0.42980853782770573,-0.33131973978236423,0.0313112735748291,0.9686887264251709,False
CATAGCTGTTAGCGTT,edge_gfp_plus,edge,GFP+,Monocyte,Myeloid,non_tumor,1.3416433041629032,0.8821775367142562,-0.3158255591901725,0.03189772367477417,0.9681022763252258,False
GGTTGGGGTAGTAAGT,edge_gfp_plus,edge,GFP+,Mac_MHCII,Myeloid,non_tumor,-0.1879916270302456,0.8602303970656696,3.375822530674438,0.1927574872970581,0.8072425127029419,False
CCACATGGTTTCGTCC,edge_gfp_plus,edge,GFP+,Mac_MHCII,Myeloid,non_tumor,0.1399832571460061,0.5540672708184093,0.048251998813738206,0.17759650945663452,0.8224034905433655,False
CCAGTATGTTGCTTCC,edge_gfp_plus,edge,GFP+,Mac_MHCII,Myeloid,non_tumor,-0.12066358904006277,0.8012573018179264,-0.316435928677901,0.03219634294509888,0.9678036570549011,False
TGGCATTGTGCAGGTG,edge_gfp_plus,edge,GFP+,Mac_MHCII,Myeloid,non_tumor,0.5785067763655681,0.886483259412317,-0.21132599921328585,0.06347894668579102,0.936521053314209,False
CGTGATTGTTGCGCTA,edge_gfp_plus,edge,GFP+,Mac_MHCII,Myeloid,non_tumor,1.6317485109092387,-0.2546856518681546,-0.30703653756685734,0.044256627559661865,0.9557433724403381,False
GGCTGAGGTGATGCAA,edge_gfp_plus,edge,GFP+,Neutrophil,Myeloid,non_tumor,-0.5079433455697788,1.21004327057064,-0.4414291307945827,0.38048481941223145,0.6195151805877686,False
CTCACGAGTATGTCAC,edge_gfp_plus,edge,GFP+,Monocyte,Myeloid,non_tumor,0.5804156228092175,1.227686632793563,-0.27626780965835923,0.044129133224487305,0.9558708667755127,False
TGGAGTAGTTGTGACT,edge_gfp_plus,edge,GFP+,Mac_MHCII,Myeloid,non_tumor,1.562678606178877,0.5056513069694132,-0.2910037466699413,0.03267037868499756,0.9673296213150024,False
GTACGTTGTGATCAAG,edge_gfp_plus,edge,GFP+,Monocyte,Myeloid,non_tumor,1.34497283038474,0.5491758519899403,-0.24905988597994733,0.028345882892608643,0.9716541171073914,False
CCAGAGGGTTAGTGGA,edge_gfp_plus,edge,GFP+,Neutrophil,Myeloid,non_tumor,-0.4160039975617799,0.22628805485250855,-0.4223935751128698,0.33070462942123413,0.6692953705787659,False
ACCGTTGGTCTAGTCG,edge_gfp_plus,edge,GFP+,Tumor_proliferating,Tumor,entering_hypoxia,-0.9299972672770073,0.5619335663359221,-0.32881805744449466,0.5886990129947662,0.41130098700523376,True
CGTTCAGGTGAGTGAC,edge_gfp_plus,edge,GFP+,Mac_MHCII,Myeloid,non_tumor,0.6352463835130941,2.6119836555481,-0.24255220422808063,0.03898900747299194,0.9610109925270081,False
TAAGGATGTAACTCTA,edge_gfp_plus,edge,GFP+,Neutrophil,Myeloid,non_tumor,0.4328336382386964,1.4970495586155161,-0.4117696101753382,0.21791201829910278,0.7820879817008972,False
GGACGATGTTAGCCCA,edge_gfp_plus,edge,GFP+,Mac_MHCII,Myeloid,non_tumor,2.7935368118134667,1.1656242849079197,-0.21687283177399128,0.030039310455322266,0.9699606895446777,False
ATCGCATGTCAGTCAT,edge_gfp_plus,edge,GFP+,Mac_MHCII,Myeloid,non_tumor,0.3464817655557527,0.7081115816143195,-0.06966485605214377,0.16174596548080444,0.8382540345191956,False
AGCGATAGTTCCCTTA,edge_gfp_plus,edge,GFP+,Mac_MHCII,Myeloid,non_tumor,1.2580277662327588,0.6614500947905192,-0.2386803369745482,0.03442347049713135,0.9655765295028687,False
TGCCTCTGTAGCCATT,edge_gfp_plus,edge,GFP+,Mac_MHCII,Myeloid,non_tumor,2.723380102235569,0.3802350518099992,-0.32194928685630414,0.03854936361312866,0.9614506363868713,False
ATGTGAGGTCCCGAAC,edge_gfp_plus,edge,GFP+,Mac_MHCII,Myeloid,non_tumor,0.8299778484424184,0.9853286941736625,-0.2573057401463524,0.031036019325256348,0.9689639806747437,False
GTCGATTGTGAACCAA,edge_gfp_plus,edge,GFP+,Neutrophil,Myeloid,non_tumor,-0.3465643230351432,1.0596933689392891,-0.44270584503749294,0.37060874700546265,0.6293912529945374,False
TGGAGTAGTAGCCCTA,edge_gfp_plus,edge,GFP+,Mac_Il1b,Myeloid,non_tumor,1.912610352972473,0.3249783848293367,-0.2336009555121253,0.0520743727684021,0.9479256272315979,False
CGTACTGGTGGGTTGG,edge_gfp_plus,edge,GFP+,cDC,Myeloid,non_tumor,0.20679369776824894,1.2808977426218706,-0.30297236344812956,0.19839364290237427,0.8016063570976257,False
TCTGTAAGTAATCGTC,edge_gfp_plus,edge,GFP+,Tumor_proliferating,Tumor,transitional,-0.42730683506080885,0.21289240676771304,-0.21047392875933255,0.6237998604774475,0.3762001395225525,True
TAAGCGAGTCAGCTTG,edge_gfp_plus,edge,GFP+,Tumor_proliferating,Tumor,entering_hypoxia,-1.053414807286764,1.004534586684625,-0.31161552590358593,0.611167311668396,0.388832688331604,True
GCGATAAGTTAGAGTG,edge_gfp_plus,edge,GFP+,Mac_MHCII,Myeloid,non_tumor,1.302169620104989,1.476596929063632,-0.29694918038007273,0.03288900852203369,0.9671109914779663,False
ATAGGGCGTTCCGTAG,edge_gfp_plus,edge,GFP+,Monocyte,Myeloid,non_tumor,-0.11375585002730398,0.795242334385888,-0.3120329786221979,0.02942723035812378,0.9705727696418762,False
TACGCTGGTCCATCGA,edge_gfp_plus,edge,GFP+,Mac_MHCII,Myeloid,non_tumor,-0.10866156579325272,1.034684422151612,1.6592864485041634,0.1660912036895752,0.8339087963104248,False
CGTGAGGGTTCGCATG,edge_gfp_plus,edge,GFP+,Mac_MHCII,Myeloid,non_tumor,0.43315121569904125,0.512888595274628,-0.09877955095884154,0.34968507289886475,0.6503149271011353,False
AAGTAACGTTAGAGAT,edge_gfp_plus,edge,GFP+,Mac_MHCII,Myeloid,non_tumor,-0.4157284744395598,0.7641296821960767,-0.3217002727538313,0.04199528694152832,0.9580047130584717,False
CGTTTAAGTAGTAACG,edge_gfp_plus,edge,GFP+,Mac_MHCII,Myeloid,non_tumor,3.0128026957306395,3.266991337899573,-0.31947032126027713,0.035928547382354736,0.9640714526176453,False
GCAGCGAGTGCGGTTC,edge_gfp_plus,edge,GFP+,Neutrophil,Myeloid,non_tumor,-0.2927518852404262,0.8859061250262579,-0.3446222887591585,0.29323363304138184,0.7067663669586182,False
CGTGAGGGTTAGGGTA,edge_gfp_plus,edge,GFP+,Mac_MHCII,Myeloid,non_tumor,1.210476622200809,0.7716241143785026,-0.1494032130990712,0.15435457229614258,0.8456454277038574,False
TGCGGCTGTTGGCATT,edge_gfp_plus,edge,GFP+,Tumor_proliferating,Tumor,exiting_hypoxia,4.742753873871493,-0.9309464660309197,-0.20580719729515726,0.5541757941246033,0.44582420587539673,True
AGTTTCAGTATGGTCT,edge_gfp_plus,edge,GFP+,Mac_MHCII,Myeloid,non_tumor,1.1658782968098171,1.4764242713169573,-0.2579187519624787,0.03250616788864136,0.9674938321113586,False
GTATGAGGTGATTGCT,edge_gfp_plus,edge,GFP+,Monocyte,Myeloid,non_tumor,-0.24433255289797484,0.786851459182677,-0.27698285246671667,0.07298099994659424,0.9270190000534058,False
AGACACAGTGCAGCGA,edge_gfp_plus,edge,GFP+,Mac_MHCII,Myeloid,non_tumor,0.555029731591319,0.7840805671294829,-0.28687384897500445,0.036712050437927246,0.9632879495620728,False
TGCATTAGTAACGTGA,edge_gfp_plus,edge,GFP+,Mac_MHCII,Myeloid,non_tumor,2.2530853237403927,0.15036070611791238,-0.32216242796737393,0.048617422580718994,0.951382577419281,False
ATTGTCAGTGATTACC,edge_gfp_plus,edge,GFP+,Mac_MHCII,Myeloid,non_tumor,2.015543708960575,2.033598353669514,-0.30611105518627324,0.041373491287231445,0.9586265087127686,False
AACCTTAGTAAGTAGT,edge_gfp_plus,edge,GFP+,Mac_MHCII,Myeloid,non_tumor,0.21628612208643147,0.9014340983749284,-0.27373312543255673,0.03451770544052124,0.9654822945594788,False
TGATCCGGTAGTCCTG,edge_gfp_plus,edge,GFP+,Neutrophil,Myeloid,non_tumor,0.8270884643974921,1.823478315776716,-0.4007608332757435,0.29056596755981445,0.7094340324401855,False
TCGTATAGTCATCATA,edge_gfp_plus,edge,GFP+,Tumor_proliferating,Tumor,normoxic_stable,-0.7082169983481493,0.38386030615723665,0.23456962593207148,0.550147533416748,0.44985246658325195,True
ACACGGGGTTGAAGCA,edge_gfp_plus,edge,GFP+,cDC,Myeloid,non_tumor,-0.6523135417589013,0.7252225069494252,3.492695539760188,0.18609881401062012,0.8139011859893799,False
CTGGTCAGTGGCTCTA,edge_gfp_plus,edge,GFP+,Mac_MHCII,Myeloid,non_tumor,-0.6749600680412677,0.5799885662278808,3.362134023097119,0.19889914989471436,0.8011008501052856,False
CCAGTATGTTCCTGAG,edge_gfp_plus,edge,GFP+,Mac_MHCII,Myeloid,non_tumor,-0.5724206029712152,0.6990247392646276,0.031706897274542914,0.16412723064422607,0.8358727693557739,False
TGGCTCAGTGAGGCCA,edge_gfp_plus,edge,GFP+,Neutrophil,Myeloid,non_tumor,-0.4101739320201778,0.8443923580032642,-0.4413330899548765,0.3658561110496521,0.6341438889503479,False
AGTCTTAGTCAATCTA,edge_gfp_plus,edge,GFP+,Mac_MHCII,Myeloid,non_tumor,1.4353726297927771,0.402360348139494,-0.3394031059031735,0.038266777992248535,0.9617332220077515,False
TCGCATGGTAGCTAGA,edge_gfp_plus,edge,GFP+,Mac_MHCII,Myeloid,non_tumor,-0.2537074526489652,0.6785448643907637,-0.20280182377835196,0.07321017980575562,0.9267898201942444,False
ACAGGTAGTTGGGCAG,edge_gfp_plus,edge,GFP+,Tumor_proliferating,Tumor,entering_hypoxia,-0.27383111957429657,0.8746561113489582,0.8604594140680278,0.6207605004310608,0.3792394995689392,True
AGTCGAAGTGGGTAGT,edge_gfp_plus,edge,GFP+,Neutrophil,Myeloid,non_tumor,-0.3812574821629406,1.0218639174955229,-0.4450271360069363,0.3820993900299072,0.6179006099700928,False
GCCGTACGTTGCTCTC,edge_gfp_plus,edge,GFP+,Mac_MHCII,Myeloid,non_tumor,-0.4522989308113079,0.8820684905606745,-0.2210295111820754,0.11030930280685425,0.8896906971931458,False
TGTACCGGTGCAGGCA,edge_gfp_plus,edge,GFP+,Neutrophil,Myeloid,non_tumor,-0.6292748582855324,0.45225981915999436,-0.3923187549742684,0.3006880283355713,0.6993119716644287,False
CGTGTTGGTTTGAGTC,edge_gfp_plus,edge,GFP+,Monocyte,Myeloid,non_tumor,-0.3077341237195046,1.0417561956053174,-0.2917470016073951,0.04625290632247925,0.9537470936775208,False
CACCTCTGTCCCGTAA,edge_gfp_plus,edge,GFP+,Mac_MHCII,Myeloid,non_tumor,-0.4400915493875494,0.7708351215893191,-0.16636099594490933,0.03160780668258667,0.9683921933174133,False
AGTGGCGGTCAGCGGA,edge_gfp_plus,edge,GFP+,Mac_MHCII,Myeloid,non_tumor,0.49190244095557917,0.45407896637892164,-0.2375245178076884,0.029039382934570312,0.9709606170654297,False
CTTGGATGTAAGTCAG,edge_gfp_plus,edge,GFP+,Mac_MHCII,Myeloid,non_tumor,-0.6236283351185686,0.8405691652148457,-0.2322835136223668,0.04767364263534546,0.9523263573646545,False
TCTACGGGTTAGCTTA,edge_gfp_plus,edge,GFP+,CD8_exhausted,T_cell,non_tumor,-0.15185489715845296,0.7637110787918571,0.10449531509411315,0.20617133378982544,0.7938286662101746,False
CTGGAAAGTGAAGTCA,edge_gfp_plus,edge,GFP+,Monocyte,Myeloid,non_tumor,0.5767040276687762,1.1320226279152896,-0.3208228217975959,0.036374807357788086,0.9636251926422119,False
TGCTTAAGTCTAGTAC,edge_gfp_plus,edge,GFP+,Mac_MHCII,Myeloid,non_tumor,-0.6160577951334165,0.37803095879344323,3.230051546486635,0.33408766984939575,0.6659123301506042,False
AGTCCTGGTTCACCAG,edge_gfp_plus,edge,GFP+,Mac_MHCII,Myeloid,non_tumor,0.29317040764107305,0.712230398439308,-0.22631976605177306,0.06302356719970703,0.936976432800293,False
ATCGAAGGTCTTGCCT,edge_gfp_plus,edge,GFP+,Mac_MHCII,Myeloid,non_tumor,0.6478674622704075,0.37270994026161863,-0.044613667543029,0.028682470321655273,0.9713175296783447,False
AAGGTTGGTGATAGTG,edge_gfp_plus,edge,GFP+,Neutrophil,Myeloid,non_tumor,0.019579214367583996,0.9713840178897772,-0.4258841137388897,0.36745208501815796,0.632547914981842,False
AAGTACGGTGCGTGCT,edge_gfp_plus,edge,GFP+,Mac_MHCII,Myeloid,non_tumor,1.8584359563250574,5.248470458295147,-0.3085225591211717,0.06407278776168823,0.9359272122383118,False
TCATATGGTGGCCTGT,edge_gfp_plus,edge,GFP+,Mac_MHCII,Myeloid,non_tumor,0.815839359738793,0.6833315454011099,-0.3306757560889086,0.03239929676055908,0.9676007032394409,False
TACGCTGGTCAGCATT,edge_gfp_plus,edge,GFP+,Mac_MHCII,Myeloid,non_tumor,0.10081565166265591,0.7285488346911436,-0.3212263297762146,0.029494106769561768,0.9705058932304382,False
TCGTTAAGTCAACGGG,edge_gfp_plus,edge,GFP+,Neutrophil,Myeloid,non_tumor,0.9006106256592258,0.3218406091884335,-0.4014852778550068,0.2917793393135071,0.7082206606864929,False
CCCATAGGTTCAAGTC,edge_gfp_plus,edge,GFP+,NK,NK,non_tumor,0.17857667306918806,0.7393027491550497,0.14269345004564982,0.1001552939414978,0.8998447060585022,False
CGTGACCGTGAGTATG,edge_gfp_plus,edge,GFP+,Tumor_proliferating,Tumor,transitional,-0.4777606382959461,0.25340849418273786,0.4266007078247506,0.5742499530315399,0.4257500469684601,True
GTAGCTTGTAGCAGCG,edge_gfp_plus,edge,GFP+,Mac_MHCII,Myeloid,non_tumor,0.9140524803148827,0.499139616427904,-0.2542444953928761,0.028413832187652588,0.9715861678123474,False
AAGCATGGTAAGGTAT,edge_gfp_plus,edge,GFP+,Mac_MHCII,Myeloid,non_tumor,0.09426994237024372,0.016781067567756432,-0.15703620275421162,0.03219795227050781,0.9678020477294922,False
GCGACAGGTGACGTGG,edge_gfp_plus,edge,GFP+,Monocyte,Myeloid,non_tumor,-0.6739537614635412,1.174737066896577,-0.17734028813964114,0.07452809810638428,0.9254719018936157,False
TGCGAAAGTGCGGACA,edge_gfp_plus,edge,GFP+,Neutrophil,Myeloid,non_tumor,1.3544911164438385,1.0397606024501471,-0.342272235433625,0.21628981828689575,0.7837101817131042,False
GCTTAACGTGATTGCT,edge_gfp_plus,edge,GFP+,Mac_MHCII,Myeloid,non_tumor,0.6019293651832156,0.6227473597215011,-0.18384218626579943,0.03226512670516968,0.9677348732948303,False
AGAGTATGTTCGCGGT,edge_gfp_plus,edge,GFP+,Mac_MHCII,Myeloid,non_tumor,0.4842423111544513,0.2906170534551542,-0.34945071932976257,0.034739792346954346,0.9652602076530457,False
GGTGAACGTTGACTAC,edge_gfp_plus,edge,GFP+,Neutrophil,Myeloid,non_tumor,0.25637223296085676,0.40211820741104315,-0.37571640429688574,0.2676315903663635,0.7323684096336365,False
GGGCCTTGTGAACCGG,edge_gfp_plus,edge,GFP+,Neutrophil,Myeloid,non_tumor,-1.1768242809522838,0.9316887526549313,-0.40289888249352873,0.25237780809402466,0.7476221919059753,False
GTTGGTTGTGACCGAG,edge_gfp_plus,edge,GFP+,Mac_MHCII,Myeloid,non_tumor,0.46089012952550384,0.45244462230450505,-0.23440082651938557,0.030014634132385254,0.9699853658676147,False
AGTGAATGTTGGCGTC,edge_gfp_plus,edge,GFP+,Mac_MHCII,Myeloid,non_tumor,2.367651777023645,0.754257997064645,-0.3278718061735522,0.04430091381072998,0.95569908618927,False
GGTGGCAGTTCCTTCA,edge_gfp_plus,edge,GFP+,Mac_MHCII,Myeloid,non_tumor,0.7960725250589878,0.7519539369948264,-0.30784600909640425,0.029954612255096436,0.9700453877449036,False
CCAGACCGTTGTAGTC,edge_gfp_plus,edge,GFP+,Tumor_proliferating,Tumor,normoxic_stable,-0.8929966737926,-0.0019302715204000205,-0.23746868059393722,0.5315110385417938,0.4684889614582062,True
GGGCGTAGTTCAATCA,edge_gfp_plus,edge,GFP+,Mac_MHCII,Myeloid,non_tumor,1.455821533298703,0.8111817269179085,-0.3003926252808948,0.03357213735580444,0.9664278626441956,False
CCGAATTGTAACGGGT,edge_gfp_plus,edge,GFP+,Neutrophil,Myeloid,non_tumor,0.03978094902808311,1.402902822439894,-0.4086724305362805,0.2892034649848938,0.7107965350151062,False
TGACGAAGTGAGTGGT,edge_gfp_plus,edge,GFP+,CD8_exhausted,T_cell,non_tumor,-0.17418472640058466,0.8542313171873391,0.048446058922033235,0.20295608043670654,0.7970439195632935,False
TGTGAAGGTTAGTAGG,edge_gfp_plus,edge,GFP+,Mac_C1q,Myeloid,non_tumor,-0.35748918898579435,0.7522086212079616,-0.10395135564235572,0.1511405110359192,0.8488594889640808,False
CCATCAGGTAACTCTA,edge_gfp_plus,edge,GFP+,Neutrophil,Myeloid,non_tumor,1.516219974638206,0.6642033289979644,-0.42553691187356474,0.32662642002105713,0.6733735799789429,False
CGAATCTGTATGGCAA,edge_gfp_plus,edge,GFP+,Neutrophil,Myeloid,non_tumor,-0.13083005360811392,0.432328618252442,-0.17926849805949135,0.3018683195114136,0.6981316804885864,False
TGTAGAGGTCTAACGT,edge_gfp_plus,edge,GFP+,cDC,Myeloid,non_tumor,-0.8001338159055662,0.8082821655840224,-0.3403811465983773,0.07984286546707153,0.9201571345329285,False
TGTAGCTGTTCACCAG,edge_gfp_plus,edge,GFP+,Treg,T_cell,non_tumor,0.28228017955273615,0.660285402001804,-0.19309029675369685,0.26601552963256836,0.7339844703674316,False
GCTCAATGTAGTGTGA,edge_gfp_plus,edge,GFP+,Mac_MHCII,Myeloid,non_tumor,-0.3593411808353724,0.7529214896084983,-0.28447903027359706,0.03137308359146118,0.9686269164085388,False
ACAGATGGTTGACTAC,edge_gfp_plus,edge,GFP+,Mac_MHCII,Myeloid,non_tumor,0.032431345143606786,0.8185065533528315,-0.07363634420288385,0.13680344820022583,0.8631965517997742,False
GCACGAGGTGAAGTAT,edge_gfp_plus,edge,GFP+,Tumor_proliferating,Tumor,persistent_hypoxia,0.1278066038605673,-0.1544628903169395,3.682027240581346,0.6162566840648651,0.3837433159351349,True
TCACTCCGTTTGACAC,edge_gfp_plus,edge,GFP+,Mac_MHCII,Myeloid,non_tumor,-0.4221191304269806,0.8260937233801748,-0.27212474442261086,0.043102920055389404,0.9568970799446106,False
TGTAACCGTTTAGGTC,edge_gfp_plus,edge,GFP+,Treg,T_cell,non_tumor,-0.3778537275890767,0.6009469550945197,-0.13840893524466633,0.25581347942352295,0.744186520576477,False
CCAGAGGGTTCTGGAT,edge_gfp_plus,edge,GFP+,Tumor_proliferating,Tumor,transitional,-0.012570009152129337,0.114678380991881,-0.197408824346282,0.5895034372806549,0.4104965627193451,True
GCCTAATGTGAGTAGC,edge_gfp_plus,edge,GFP+,Tumor_proliferating,Tumor,exiting_hypoxia,0.6151060077400152,-1.6317182923487097,-0.3244232493411815,0.5235906839370728,0.47640931606292725,True
TCTAGCGGTGATCAAG,edge_gfp_plus,edge,GFP+,Treg,T_cell,non_tumor,-0.17518334374368313,0.47708843801076795,-0.15436669776999642,0.26989078521728516,0.7301092147827148,False
GTCGGCTGTTTAGGCT,edge_gfp_plus,edge,GFP+,Mac_MHCII,Myeloid,non_tumor,0.28351249253269956,1.5230817577428257,-0.32919554751117025,0.042261481285095215,0.9577385187149048,False
TATACTGGTGCGCGAA,edge_gfp_plus,edge,GFP+,Neutrophil,Myeloid,non_tumor,0.08389498299280605,0.5490845157315707,-0.23248009813800405,0.30409395694732666,0.6959060430526733,False
GTGCTATGTCATTCCC,edge_gfp_plus,edge,GFP+,Tumor_proliferating,Tumor,persistent_hypoxia,4.342815942239607,-0.446696591732041,0.47938522447403425,0.5805892944335938,0.41941070556640625,True
AATGGGCGTAATGAGT,edge_gfp_plus,edge,GFP+,Mac_MHCII,Myeloid,non_tumor,-0.3385144351680074,0.707404211450536,-0.24859134201147662,0.02883434295654297,0.971165657043457,False
CATAAGGGTTCGATAC,edge_gfp_plus,edge,GFP+,Neutrophil,Myeloid,non_tumor,0.2776724105896407,0.8193161031515777,-0.28448905239524114,0.29087984561920166,0.7091201543807983,False
GTAGTAGGTTAGCCCA,edge_gfp_plus,edge,GFP+,cDC,Myeloid,non_tumor,-0.764946829983634,0.7985144712693736,-0.34073706559039646,0.08437663316726685,0.9156233668327332,False
AATGCAGGTAACGATG,edge_gfp_plus,edge,GFP+,Tumor_proliferating,Tumor,entering_hypoxia,-0.7969433577710427,0.507924106497865,0.3005178890036455,0.5589642822742462,0.4410357177257538,True
TCGGCTAGTTTACATG,edge_gfp_plus,edge,GFP+,Neutrophil,Myeloid,non_tumor,-0.1737220178764062,0.8262963107015435,-0.43758065967876814,0.36927980184555054,0.6307201981544495,False
GCCCTAAGTGCACGCT,edge_gfp_plus,edge,GFP+,Neutrophil,Myeloid,non_tumor,-0.24892334993503232,0.9440218285617086,-0.447083139519503,0.37260890007019043,0.6273910999298096,False
CGACCTAGTTTAGGTC,edge_gfp_plus,edge,GFP+,Neutrophil,Myeloid,non_tumor,-0.48296870264989294,0.6637888756011888,-0.34134593780528083,0.25987255573272705,0.740127444267273,False
CGCCTAAGTAGGTCGG,edge_gfp_plus,edge,GFP+,Mac_MHCII,Myeloid,non_tumor,2.4778718021371406,5.276120128054842,-0.34428697088093546,0.04205352067947388,0.9579464793205261,False
CAAGCAAGTGACTCTG,edge_gfp_plus,edge,GFP+,Treg,T_cell,non_tumor,1.2420264602245232,0.7533460836705224,-0.22378084950905577,0.22891736030578613,0.7710826396942139,False
GTAGTGAGTTGAAGTG,edge_gfp_plus,edge,GFP+,Mac_MHCII,Myeloid,non_tumor,-1.044782376255908,0.2724783573290342,0.13871424997161544,0.15283215045928955,0.8471678495407104,False
GTACAAGGTAACGACA,edge_gfp_plus,edge,GFP+,cDC,Myeloid,non_tumor,-0.46812802843760903,0.7817338915399464,-0.2757422171554662,0.19167643785476685,0.8083235621452332,False
GTCGAGGGTTTCGGAT,edge_gfp_plus,edge,GFP+,cDC,Myeloid,non_tumor,0.5770117243519205,0.6462962226422941,-0.28654291893570116,0.08480113744735718,0.9151988625526428,False
CACGACCGTCAGCCGT,edge_gfp_plus,edge,GFP+,Mac_C1q,Myeloid,non_tumor,1.0002037370083865,2.1911231383050667,-0.10600903531188688,0.1452014446258545,0.8547985553741455,False
CAAGCCCGTGCGGTCT,edge_gfp_plus,edge,GFP+,Mac_Spp1,Myeloid,non_tumor,-0.4294034500954078,-0.1766677555412596,-0.05040521949877193,0.056985557079315186,0.9430144429206848,False
ACAGACAGTTCCCATC,edge_gfp_plus,edge,GFP+,cDC,Myeloid,non_tumor,-0.48663323632268246,1.3195561817668964,0.5381860701499496,0.07504034042358398,0.924959659576416,False
TGCATTAGTTGGACCC,edge_gfp_plus,edge,GFP+,Mac_MHCII,Myeloid,non_tumor,-0.032347262735141435,0.747668253252878,-0.2629351399410542,0.04017531871795654,0.9598246812820435,False
CCTACGAGTTATCGTA,edge_gfp_plus,edge,GFP+,Tumor_proliferating,Tumor,normoxic_stable,-0.6656311856769358,0.3502870448494692,0.04694910667681322,0.5930381715297699,0.4069618284702301,True
ACCCCAAGTCAATGCT,edge_gfp_plus,edge,GFP+,Mac_MHCII,Myeloid,non_tumor,1.4491357723665266,1.3159596032736165,-0.2892785788075515,0.04731953144073486,0.9526804685592651,False
AAGTCAGGTCCCGTAA,edge_gfp_plus,edge,GFP+,Neutrophil,Myeloid,non_tumor,-0.2273922274713095,0.4040156626548871,-0.44441660126739135,0.3749251961708069,0.6250748038291931,False
GTACGGGGTGCGTGGA,edge_gfp_plus,edge,GFP+,Tumor_proliferating,Tumor,entering_hypoxia,-0.8281623406155242,0.5049834882946411,-0.2819445155352687,0.643962174654007,0.35603782534599304,True
CCAGTTGGTTAATCTG,edge_gfp_plus,edge,GFP+,Mac_MHCII,Myeloid,non_tumor,-0.2573185724002666,0.8301653490406835,-0.021420669166322282,0.15083426237106323,0.8491657376289368,False
CAGGCGAGTGGACTAA,edge_gfp_plus,edge,GFP+,Neutrophil,Myeloid,non_tumor,0.6172455679112282,0.9300963103163892,-0.43200493335348517,0.35306745767593384,0.6469325423240662,False
ACATTCAGTTGAGTCT,edge_gfp_plus,edge,GFP+,Mac_MHCII,Myeloid,non_tumor,-0.5592689880160262,0.28803221225144,-0.2563482836787769,0.04177170991897583,0.9582282900810242,False
ATGAGGCGTTTGGTGT,edge_gfp_plus,edge,GFP+,Tumor_proliferating,Tumor,exiting_hypoxia,1.1220635693142256,-2.1548126813154576,-0.31567957658009976,0.5089863240718842,0.49101367592811584,True
CACCTCTGTAGTAGCA,edge_gfp_plus,edge,GFP+,Tumor_proliferating,Tumor,transitional,-0.2624789046548631,0.002888354390208711,-0.0906047001270355,0.6027122735977173,0.3972877264022827,True
CTGGTCAGTGAACCTT,edge_gfp_plus,edge,GFP+,Tumor_proliferating,Tumor,transitional,-0.48725657400850014,-0.1733487619786631,-0.25267187854497003,0.6287943720817566,0.3712056279182434,True
CCAGTATGTTAGACTC,edge_gfp_plus,edge,GFP+,Tumor_proliferating,Tumor,normoxic_stable,-1.029224217374833,0.28801135881277423,-0.2960236993472173,0.6649768948554993,0.33502310514450073,True
TAGGCTTGTGCATCCA,edge_gfp_plus,edge,GFP+,Mac_MHCII,Myeloid,non_tumor,1.4654088171959911,0.30133590680785105,-0.27132158608337986,0.031765639781951904,0.9682343602180481,False
AACGCCCGTTGTAGAG,edge_gfp_plus,edge,GFP+,Mac_MHCII,Myeloid,non_tumor,0.415032834504249,1.2459404516955088,-0.24820254987079457,0.04226827621459961,0.9577317237854004,False
AGAGGCTGTTTAGCCG,edge_gfp_plus,edge,GFP+,Tumor_proliferating,Tumor,normoxic_stable,-0.5735250524768389,-0.3325713809201631,-0.015853063310250975,0.5846667289733887,0.41533327102661133,True
CTTACAAGTCTAGTGT,edge_gfp_plus,edge,GFP+,Mac_MHCII,Myeloid,non_tumor,0.7775184788550127,0.8687595607175619,-0.24289526256456884,0.03513854742050171,0.9648614525794983,False
CGTGTATGTTGCCTCT,edge_gfp_plus,edge,GFP+,Mac_MHCII,Myeloid,non_tumor,0.8002319263175836,1.1244189049380868,-0.3303287258626387,0.040843963623046875,0.9591560363769531,False
CACCCAAGTGCGCAAG,edge_gfp_plus,edge,GFP+,Mac_MHCII,Myeloid,non_tumor,-0.3891320897986046,0.8345729934803872,-0.18933752439376533,0.05547124147415161,0.9445287585258484,False
GCTTGATGTGACGATA,edge_gfp_plus,edge,GFP+,Mac_MHCII,Myeloid,non_tumor,0.2660511759830268,0.8317618722053481,-0.20860887781642193,0.16732782125473022,0.8326721787452698,False
GGCTGAGGTTAGTGTC,edge_gfp_plus,edge,GFP+,Monocyte,Myeloid,non_tumor,-0.42747867529194505,1.0689231793941658,-0.2976812927607423,0.035453081130981445,0.9645469188690186,False
AGCGAACGTTCGCTCT,edge_gfp_plus,edge,GFP+,Mac_MHCII,Myeloid,non_tumor,-0.38531002926519176,1.1847269894018584,-0.28414820331699464,0.040356993675231934,0.9596430063247681,False
ACAGCTTGTGGCGAAT,edge_gfp_plus,edge,GFP+,Tumor_proliferating,Tumor,persistent_hypoxia,0.6200698519901048,-0.36233909677946485,1.3528667930165204,0.562525600194931,0.43747439980506897,True
GTCCAATGTTGCCTGA,edge_gfp_plus,edge,GFP+,Mac_MHCII,Myeloid,non_tumor,-0.35069531421147015,0.7546758532931547,-0.13125547168010906,0.13071614503860474,0.8692838549613953,False
TGCCGTAGTTTCCGAG,edge_gfp_plus,edge,GFP+,Mac_MHCII,Myeloid,non_tumor,1.6428918569165643,1.8420008675388455,-0.32831343306730926,0.042082250118255615,0.9579177498817444,False
CACGCTAGTTGCCCTT,edge_gfp_plus,edge,GFP+,Tumor_proliferating,Tumor,entering_hypoxia,-0.27758377353161945,0.4817861787817482,-0.03009593159491478,0.5922269821166992,0.4077730178833008,True
CATCTAAGTTAACGCT,edge_gfp_plus,edge,GFP+,Tumor_proliferating,Tumor,normoxic_stable,-0.8210101652703758,0.2256580783170434,-0.2586900254667241,0.6319191753864288,0.36808082461357117,True
CTCTATTGTTCCGTGA,edge_gfp_plus,edge,GFP+,Tumor_proliferating,Tumor,normoxic_stable,-0.706893709371994,0.2666639278470413,-0.23381173762995272,0.6104639172554016,0.3895360827445984,True
TGCCTAGGTTACACTA,edge_gfp_plus,edge,GFP+,Mac_MHCII,Myeloid,non_tumor,-0.28316378298732897,0.8945228658667519,-0.28410099995898064,0.030083298683166504,0.9699167013168335,False
ATAGCCTGTTGGTGCC,edge_gfp_plus,edge,GFP+,Neutrophil,Myeloid,non_tumor,-0.3391961638991366,1.08712116456676,-0.27862338319250524,0.2902606725692749,0.7097393274307251,False
AAGCCCCGTATAGCTC,edge_gfp_plus,edge,GFP+,Mac_MHCII,Myeloid,non_tumor,0.8420225050109417,0.8067940251820437,-0.21197922386315815,0.036498427391052246,0.9635015726089478,False
CCCGTAAGTCAACTCG,edge_gfp_plus,edge,GFP+,Neutrophil,Myeloid,non_tumor,0.3810290147425839,0.8182608713428184,-0.3334194158264832,0.2866063117980957,0.7133936882019043,False
GGCGTAGGTTTCCTAT,edge_gfp_plus,edge,GFP+,Mac_MHCII,Myeloid,non_tumor,-0.8755804211915408,0.9185645177161142,0.2104516670863877,0.16325366497039795,0.836746335029602,False
CGACTATGTAGGCGTG,edge_gfp_plus,edge,GFP+,Mac_MHCII,Myeloid,non_tumor,-0.6139010009151308,0.5730642868286547,-0.004338862417781634,0.14341068267822266,0.8565893173217773,False
GGCAATAGTCTAGGCC,edge_gfp_plus,edge,GFP+,Mac_MHCII,Myeloid,non_tumor,-0.07212031061856419,0.003667327962891155,-0.015074834931610454,0.12349945306777954,0.8765005469322205,False
CCTGTGAGTTACACAC,edge_gfp_plus,edge,GFP+,Neutrophil,Myeloid,non_tumor,0.7159606240937899,0.7778805724874058,-0.2809364103415512,0.2890521287918091,0.7109478712081909,False
CTAGGTTGTGAGCAAC,edge_gfp_plus,edge,GFP+,Mac_MHCII,Myeloid,non_tumor,0.8326000430050576,0.9769025720679427,-0.3272924859188124,0.02804774045944214,0.9719522595405579,False
AGCGCCTGTTCAAGGA,edge_gfp_plus,edge,GFP+,Tumor_proliferating,Tumor,transitional,-0.45971149498586367,0.41940890182700796,0.05088682636505049,0.5811389982700348,0.4188610017299652,True
CTTATCTGTAAGCTAG,edge_gfp_plus,edge,GFP+,Neutrophil,Myeloid,non_tumor,0.8446920767223065,0.9120144864677023,-0.21103394835099554,0.29865020513534546,0.7013497948646545,False
TATGAGGGTTATCCGG,edge_gfp_plus,edge,GFP+,Neutrophil,Myeloid,non_tumor,1.4072101383846916,1.1280160557139058,-0.42003567136814113,0.27032196521759033,0.7296780347824097,False
ATGGCAAGTTGCGGAG,edge_gfp_plus,edge,GFP+,Mac_MHCII,Myeloid,non_tumor,0.8512603705801183,0.5671059417145675,-0.37015047714466204,0.029179394245147705,0.9708206057548523,False
TGGTTTAGTGAGGTGT,edge_gfp_plus,edge,GFP+,Monocyte,Myeloid,non_tumor,-0.8081941813604123,1.1495310808941217,-0.18792998383470755,0.07621729373931885,0.9237827062606812,False
CGAGCAGGTTTAGTGC,edge_gfp_plus,edge,GFP+,Mac_MHCII,Myeloid,non_tumor,2.1347793444535794,1.7779427357371855,-0.31379394783492104,0.03216242790222168,0.9678375720977783,False
AATGCAGGTCATCAGT,edge_gfp_plus,edge,GFP+,Monocyte,Myeloid,non_tumor,-0.5262889189173675,1.079311116733123,-0.20600711110017605,0.0768924355506897,0.9231075644493103,False
CTTGATAGTTCCTTGC,edge_gfp_plus,edge,GFP+,Mac_MHCII,Myeloid,non_tumor,0.56640259334961,1.1032767668195838,-0.20107759963947952,0.17471110820770264,0.8252888917922974,False
CGGGTAGGTTGCACAT,edge_gfp_plus,edge,GFP+,Mac_MHCII,Myeloid,non_tumor,2.5308838282625525,5.311397693887621,-0.29557036845804696,0.03376680612564087,0.9662331938743591,False
GCTTCCTGTTAGCCAT,edge_gfp_plus,edge,GFP+,Mac_MHCII,Myeloid,non_tumor,2.1668009053671486,6.665301641217857,-0.3379446345761687,0.04260373115539551,0.9573962688446045,False
TATAGGGGTTTCGATA,edge_gfp_plus,edge,GFP+,Neutrophil,Myeloid,non_tumor,-0.4058818915645016,-0.1833322235500864,-0.44562273568261535,0.31810706853866577,0.6818929314613342,False
GTAGTGAGTTCCTCAC,edge_gfp_plus,edge,GFP+,Neutrophil,Myeloid,non_tumor,0.5679685958787368,0.43084906274243784,-0.3557404465326522,0.2823934555053711,0.7176065444946289,False
AGGATCAGTCTAGTAC,edge_gfp_plus,edge,GFP+,Tumor_proliferating,Tumor,transitional,-0.3528526002872273,0.18436275495688548,3.603977443073268,0.577442079782486,0.42255792021751404,True
TAGGATGGTCAGTTAC,edge_gfp_plus,edge,GFP+,Monocyte,Myeloid,non_tumor,2.851164747014345,2.872036264258165,-0.3481025964357524,0.03829699754714966,0.9617030024528503,False
GGAGCCAGTTAATTCG,edge_gfp_plus,edge,GFP+,Mac_MHCII,Myeloid,non_tumor,-0.7928383681770611,0.5611900941152596,1.7957720856348087,0.172296941280365,0.827703058719635,False
TCTACTTGTTAAGGTG,edge_gfp_plus,edge,GFP+,cDC,Myeloid,non_tumor,-0.12066618857555389,0.8176676638733068,-0.236994315804932,0.031384289264678955,0.968615710735321,False
AGACATGGTAACGTGA,edge_gfp_plus,edge,GFP+,Tumor_proliferating,Tumor,entering_hypoxia,-0.6808549452609505,1.066333027924624,-0.10853788910555141,0.5989940166473389,0.40100598335266113,True
GGTTGGGGTTCCGGGT,edge_gfp_plus,edge,GFP+,Mac_MHCII,Myeloid,non_tumor,-0.6095733210656272,0.15262065387541263,-0.33275571547526756,0.056071937084198,0.943928062915802,False
AATGCAGGTTTGATGC,edge_gfp_plus,edge,GFP+,Neutrophil,Myeloid,non_tumor,0.7177436203822268,0.2576612582848865,-0.41356756448577275,0.3259677290916443,0.6740322709083557,False
CTGTTAAGTGGCCAAG,edge_gfp_plus,edge,GFP+,Neutrophil,Myeloid,non_tumor,2.3776740870006443,-0.1367261860568392,-0.43975644542752695,0.2545778751373291,0.7454221248626709,False
TCGGTATGTGCGATGG,edge_gfp_plus,edge,GFP+,NK,NK,non_tumor,-0.37750757207395447,0.7362622516067036,0.10758256413768974,0.10172253847122192,0.8982774615287781,False
TCGCTCTGTTGCGTGC,edge_gfp_plus,edge,GFP+,Monocyte,Myeloid,non_tumor,-0.8202183058603272,1.252027907377319,-0.2398765474814029,0.04233771562576294,0.9576622843742371,False
TACTATGGTGGCCTGT,edge_gfp_plus,edge,GFP+,Neutrophil,Myeloid,non_tumor,0.3629907617400061,0.5663217751399232,-0.4245894701809138,0.30163490772247314,0.6983650922775269,False
TCAGCTGGTTTGGATC,edge_gfp_plus,edge,GFP+,Mac_MHCII,Myeloid,non_tumor,-0.261797798487232,0.2646520084230905,2.714571613327663,0.17304092645645142,0.8269590735435486,False
AAAGCCAGTTCCCGAA,edge_gfp_plus,edge,GFP+,Neutrophil,Myeloid,non_tumor,-0.126167812500956,1.2998001995791,-0.3531880921969933,0.3026791214942932,0.6973208785057068,False
CGCGAAGGTGCGAGTG,edge_gfp_plus,edge,GFP+,Mac_MHCII,Myeloid,non_tumor,1.9633541954584421,2.36045297692233,-0.3168631239567052,0.04137378931045532,0.9586262106895447,False
TCGGCTAGTTGCTCGA,edge_gfp_plus,edge,GFP+,Neutrophil,Myeloid,non_tumor,0.2149449740460141,0.6056446001363366,-0.416123995388492,0.3352043032646179,0.6647956967353821,False
TAGCAAGGTCAGTAGA,edge_gfp_plus,edge,GFP+,Mac_MHCII,Myeloid,non_tumor,-0.35483013325912827,0.35700361912245343,-0.3447923497785609,0.03614318370819092,0.9638568162918091,False
TCTGTCCGTGCGGTAG,edge_gfp_plus,edge,GFP+,Tumor_proliferating,Tumor,entering_hypoxia,-0.7171958511960131,1.415800655335529,0.04751253994044356,0.5567037463188171,0.44329625368118286,True
GGTTGGGGTTATGCAC,edge_gfp_plus,edge,GFP+,Neutrophil,Myeloid,non_tumor,-0.4713690124627825,0.6253299072614372,-0.35677382207397235,0.27933573722839355,0.7206642627716064,False
ACTTATGGTTATAGGG,edge_gfp_plus,edge,GFP+,Mac_Spp1,Myeloid,non_tumor,3.1223375758630807,2.6747960663631813,-0.281350847081933,0.04800945520401001,0.95199054479599,False
GGGTACGGTTCGTCCT,edge_gfp_plus,edge,GFP+,Mac_MHCII,Myeloid,non_tumor,-0.5048575857505959,0.6318047155708235,-0.32746773012620106,0.025094985961914062,0.9749050140380859,False
TGGTGTTGTGAGGTAC,edge_gfp_plus,edge,GFP+,Neutrophil,Myeloid,non_tumor,0.3449386954312852,0.6701611100249053,-0.4170329338221924,0.3503962755203247,0.6496037244796753,False
CCATATAGTCAACTAC,edge_gfp_plus,edge,GFP+,Mac_MHCII,Myeloid,non_tumor,0.4458327150840998,0.7824479287429998,-0.26982029291204335,0.03059929609298706,0.9694007039070129,False
ATAGCCTGTCATCCAG,edge_gfp_plus,edge,GFP+,Mac_MHCII,Myeloid,non_tumor,1.2625558978124718,1.5696350531750818,-0.3357181265311951,0.04700416326522827,0.9529958367347717,False
CCTCGAAGTTAGACCT,edge_gfp_plus,edge,GFP+,Tumor_proliferating,Tumor,entering_hypoxia,-0.7266874485382562,0.929408890354357,0.1467356071121792,0.5847052931785583,0.41529470682144165,True
AGCGAACGTTGCCTGA,edge_gfp_plus,edge,GFP+,cDC,Myeloid,non_tumor,-0.8530402437076553,0.8891058942804612,-0.2681802299184938,0.032458364963531494,0.9675416350364685,False
CTCATCCGTTGTCACG,edge_gfp_plus,edge,GFP+,Mac_MHCII,Myeloid,non_tumor,-0.5038089539907615,0.10860340166228194,-0.09188917094644451,0.06915920972824097,0.930840790271759,False
CTGTTAAGTGAGGTGT,edge_gfp_plus,edge,GFP+,Mac_MHCII,Myeloid,non_tumor,-1.0173430483814554,0.7768178989131973,-0.2210942763640433,0.09424400329589844,0.9057559967041016,False
TCTGCAGGTTTGGTGT,edge_gfp_plus,edge,GFP+,Tumor_proliferating,Tumor,persistent_hypoxia,0.8845307939952808,-0.24223906218528615,-0.32886775995913187,0.5880251526832581,0.41197484731674194,True
AGTCCTGGTGAGACGT,edge_gfp_plus,edge,GFP+,Mac_MHCII,Myeloid,non_tumor,-0.6842244373694502,0.7774564670102918,0.19589782634147543,0.1486322283744812,0.8513677716255188,False
CTACGATGTGAGAGGA,edge_gfp_plus,edge,GFP+,Mac_MHCII,Myeloid,non_tumor,-0.6372195860572477,0.3088723611286783,2.7258079098041077,0.21294903755187988,0.7870509624481201,False
GGGGTCAGTCATGGCC,edge_gfp_plus,edge,GFP+,Neutrophil,Myeloid,non_tumor,0.27106248438282854,0.47024929706047514,-0.4467418293947663,0.3031386733055115,0.6968613266944885,False
AATGCCTGTAGTAAGT,edge_gfp_plus,edge,GFP+,Neutrophil,Myeloid,non_tumor,-0.3529661587326419,0.8714885611483452,-0.3262242256925415,0.28200268745422363,0.7179973125457764,False
TCAGCGCGTCTAGCTG,edge_gfp_plus,edge,GFP+,Mac_MHCII,Myeloid,non_tumor,1.1396555366808205,0.8474527766335617,-0.06274896045648662,0.06827855110168457,0.9317214488983154,False
TAGCCTGGTGCGGATG,edge_gfp_plus,edge,GFP+,Tumor_proliferating,Tumor,entering_hypoxia,-0.3266551164490293,1.1279801605906963,-0.30859844959016225,0.6004689633846283,0.3995310366153717,True
CTAAACCGTTCGCTAG,edge_gfp_plus,edge,GFP+,Mac_MHCII,Myeloid,non_tumor,-0.2072637025201469,0.30282534831562996,-0.07181973574986844,0.05829811096191406,0.9417018890380859,False
CACGATTGTTGTAACC,edge_gfp_plus,edge,GFP+,Mac_MHCII,Myeloid,non_tumor,-1.0764123503390783,0.36210615384273587,0.7913841067663684,0.16643482446670532,0.8335651755332947,False
AGTGACAGTTCAATCA,edge_gfp_plus,edge,GFP+,Monocyte,Myeloid,non_tumor,-0.8704995693441198,0.7387128215863792,-0.29477997554065416,0.022706806659698486,0.9772931933403015,False
ATCCACGGTTCGCAAT,edge_gfp_plus,edge,GFP+,Mac_MHCII,Myeloid,non_tumor,0.896892467283079,0.5521298618138238,-0.2182458364737187,0.03280824422836304,0.967191755771637,False
GTACGAAGTAAGTCTC,edge_gfp_plus,edge,GFP+,Mac_MHCII,Myeloid,non_tumor,-0.512046982042264,0.8210955074231667,-0.2800411537616111,0.03866523504257202,0.961334764957428,False
GGCGATGGTGCGCAAG,edge_gfp_plus,edge,GFP+,Mac_MHCII,Myeloid,non_tumor,0.08776402449903582,0.6499071322621204,-0.2859824088074127,0.04123866558074951,0.9587613344192505,False
CGGAACGGTTCACCAG,edge_gfp_plus,edge,GFP+,Mac_MHCII,Myeloid,non_tumor,-0.4442789350892545,0.16437999796630962,0.002679313235396798,0.13807839155197144,0.8619216084480286,False
ATCCATAGTAGTTGAG,edge_gfp_plus,edge,GFP+,Mac_MHCII,Myeloid,non_tumor,-0.6832388690159925,-0.056537825025808876,1.2843833948484227,0.17171698808670044,0.8282830119132996,False
CTTGAACGTTCACCGA,edge_gfp_plus,edge,GFP+,Neutrophil,Myeloid,non_tumor,0.10222434215878273,0.6638269177429552,-0.38640745187992603,0.2763479948043823,0.7236520051956177,False
GCCCTAAGTTGCTGTG,edge_gfp_plus,edge,GFP+,Neutrophil,Myeloid,non_tumor,0.05802717471442537,1.35219613643576,-0.3693479426420546,0.2669607996940613,0.7330392003059387,False
GCTCATGGTTAGTGTC,edge_gfp_plus,edge,GFP+,Mac_MHCII,Myeloid,non_tumor,-0.6177282198163013,0.9075492630723021,0.8996586061499146,0.16306078433990479,0.8369392156600952,False
GGATTGAGTTCGGCTA,edge_gfp_plus,edge,GFP+,Mac_MHCII,Myeloid,non_tumor,-0.7633178259134998,1.7935525894302058,-0.28303122562808486,0.04690098762512207,0.9530990123748779,False
GTTATCAGTGAGAGGA,edge_gfp_plus,edge,GFP+,cDC,Myeloid,non_tumor,0.9145457744824963,0.9118360615184559,-0.26117915619441573,0.1460086703300476,0.8539913296699524,False
AGAGGCTGTTAGAGCA,edge_gfp_plus,edge,GFP+,Monocyte,Myeloid,non_tumor,-0.13572573326146525,0.6501853723011217,-0.22158542879383683,0.04099762439727783,0.9590023756027222,False
GTAAACGGTTCGTGAT,edge_gfp_plus,edge,GFP+,Neutrophil,Myeloid,non_tumor,-0.4650060645182626,0.604625470951159,-0.4281005285549946,0.2868425250053406,0.7131574749946594,False
TGAACAGGTGAGACCG,edge_gfp_plus,edge,GFP+,Neutrophil,Myeloid,non_tumor,-0.35402683600058815,0.1840237868824843,-0.438619082497532,0.33135318756103516,0.6686468124389648,False
CCAGTATGTTTGCCCT,edge_gfp_plus,edge,GFP+,Neutrophil,Myeloid,non_tumor,-0.06442497268262497,0.32373187185394275,-0.10134260449306919,0.29807543754577637,0.7019245624542236,False
CAAGCAAGTTCGTCTC,edge_gfp_plus,edge,GFP+,Mac_MHCII,Myeloid,non_tumor,-0.1899673273111091,0.654469650446011,-0.28393716668367663,0.02674269676208496,0.973257303237915,False
TGCGAAAGTTCCATCC,edge_gfp_plus,edge,GFP+,Neutrophil,Myeloid,non_tumor,0.15012604160954535,1.0906688940722082,-0.4201037076900208,0.2897144556045532,0.7102855443954468,False
ACATTCAGTCTGTGCA,edge_gfp_plus,edge,GFP+,Tumor_proliferating,Tumor,normoxic_stable,-0.5302409428523875,0.04966440793460973,0.2881651244339484,0.5964162647724152,0.40358373522758484,True
AGCTGTTGTTGTCTCC,edge_gfp_plus,edge,GFP+,Neutrophil,Myeloid,non_tumor,0.0983761215145182,0.8327127170721392,-0.3511729836818932,0.27702462673187256,0.7229753732681274,False
GGCGTAGGTTATCCTT,edge_gfp_plus,edge,GFP+,Neutrophil,Myeloid,non_tumor,0.3165422475345216,0.7132101144981171,-0.2529391576441513,0.28816235065460205,0.711837649345398,False
TATCCAAGTTGACCAT,edge_gfp_plus,edge,GFP+,Mac_MHCII,Myeloid,non_tumor,-0.565544761834133,0.9680235368073855,-0.3238669186976,0.04128652811050415,0.9587134718894958,False
GTGCTCAGTAATGCTC,edge_gfp_plus,edge,GFP+,Mac_MHCII,Myeloid,non_tumor,0.32510675896478586,2.8621330307003965,-0.22105258891337481,0.04510778188705444,0.9548922181129456,False
TAGGCAAGTGAGGCAT,edge_gfp_plus,edge,GFP+,Mac_MHCII,Myeloid,non_tumor,1.9076944042720505,1.0176057967778047,-0.2323391373284162,0.03652876615524292,0.9634712338447571,False
AGACACAGTCAGGGCA,edge_gfp_plus,edge,GFP+,Mac_MHCII,Myeloid,non_tumor,-0.338947709629495,1.1668178141454184,-0.24574646740896977,0.026548027992248535,0.9734519720077515,False
GGCCGAAGTGACTTCG,edge_gfp_plus,edge,GFP+,cDC,Myeloid,non_tumor,-0.7543040171075975,0.9473852711452108,2.8195887306873906,0.15256202220916748,0.8474379777908325,False
ACTCCCTGTGCAAGTA,edge_gfp_plus,edge,GFP+,cDC,Myeloid,non_tumor,-0.6850690304903431,0.783277643044302,-0.28209122998023606,0.033014118671417236,0.9669858813285828,False
AACCCTGGTGGCCAGA,edge_gfp_plus,edge,GFP+,Neutrophil,Myeloid,non_tumor,-0.741354493223467,1.9712355822985659,-0.30875015639990083,0.29073822498321533,0.7092617750167847,False
CATATTGGTAGCTGAA,edge_gfp_plus,edge,GFP+,Neutrophil,Myeloid,non_tumor,0.24461961453152767,1.5499677563848075,-0.30261348813015526,0.23974460363388062,0.7602553963661194,False
TGGAATGGTGAGAGGA,edge_gfp_plus,edge,GFP+,Neutrophil,Myeloid,non_tumor,-0.1953301230577696,0.736311763985431,-0.39493523585417317,0.22528332471847534,0.7747166752815247,False
CTGGAAAGTGAACTGA,edge_gfp_plus,edge,GFP+,Mac_C1q,Myeloid,non_tumor,-0.4399227115733034,0.3278613311812142,0.6764316326166099,0.17777156829833984,0.8222284317016602,False
CTTGTCCGTTACTGCG,edge_gfp_plus,edge,GFP+,Tumor,Tumor,entering_hypoxia,-0.6653558622547966,0.8938154123104868,-0.3206489297729708,0.05095762014389038,0.9490423798561096,True
ACCAAAGGTAGCGCAG,edge_gfp_plus,edge,GFP+,Monocyte,Myeloid,non_tumor,0.47470137551111236,0.8456993636144761,-0.21433991803601948,0.07933223247528076,0.9206677675247192,False
GCGTGAGGTTCGCAAT,edge_gfp_plus,edge,GFP+,Mac_MHCII,Myeloid,non_tumor,2.0516477190687707,0.5853724760300778,-0.26943894303147287,0.03083515167236328,0.9691648483276367,False
GCACGAGGTCATGCTG,edge_gfp_plus,edge,GFP+,Neutrophil,Myeloid,non_tumor,-0.4161262258095386,0.17943475468464834,-0.4052681546538242,0.2833114266395569,0.7166885733604431,False
TCAATTGGTTATCCGG,edge_gfp_plus,edge,GFP+,Neutrophil,Myeloid,non_tumor,-0.6057972972485018,0.8198175602338256,-0.3872623956443305,0.26980042457580566,0.7301995754241943,False
TACGCTGGTTCCGCTT,edge_gfp_plus,edge,GFP+,Mac_MHCII,Myeloid,non_tumor,0.01769262045772763,0.2272668541607237,-0.34647662261585715,0.03465753793716431,0.9653424620628357,False
CACGTATGTAACTGCT,edge_gfp_plus,edge,GFP+,Neutrophil,Myeloid,non_tumor,0.14031939102905883,0.8899783603716835,-0.35346580136553485,0.2786442041397095,0.7213557958602905,False
AATTGGGGTTGACCGC,edge_gfp_plus,edge,GFP+,Neutrophil,Myeloid,non_tumor,-0.41022203760024495,0.7510462569570365,-0.36574334191449387,0.2840999960899353,0.7159000039100647,False
CGGGTAGGTAGCAGCG,edge_gfp_plus,edge,GFP+,Mac_C1q,Myeloid,non_tumor,0.9168814390086906,0.7890823590676953,-0.15977612539740024,0.1513640284538269,0.8486359715461731,False
CCGGAAGGTCAGGCAG,edge_gfp_plus,edge,GFP+,Tumor_proliferating,Tumor,entering_hypoxia,-1.1768242809522838,0.5895705416064603,-0.2774919346084064,0.5803631842136383,0.4196368157863617,True
TAACTTGGTAGTCAGA,edge_gfp_plus,edge,GFP+,Monocyte,Myeloid,non_tumor,0.2104362389088035,0.9099034719279772,-0.34147323550155023,0.027034640312194824,0.9729653596878052,False
CTGCCTTGTGCGTACC,edge_gfp_plus,edge,GFP+,Mac_MHCII,Myeloid,non_tumor,1.6846889110656842,2.0525908086820825,-0.31160034066233927,0.03258717060089111,0.9674128293991089,False
TAGCAAGGTTATCTCT,edge_gfp_plus,edge,GFP+,Mac_MHCII,Myeloid,non_tumor,2.0404095704899308,0.789749656899096,-0.2100196135603251,0.03403902053833008,0.9659609794616699,False
CTACCCTGTCTAGGAA,edge_gfp_plus,edge,GFP+,Neutrophil,Myeloid,non_tumor,-0.2744225736038713,0.6938539319959377,-0.4144263648458076,0.31049585342407227,0.6895041465759277,False
GTGTGTTGTTACACAC,edge_gfp_plus,edge,GFP+,Mac_MHCII,Myeloid,non_tumor,-1.0724539116378498,0.21294823360944753,2.96624909565366,0.16899347305297852,0.8310065269470215,False
AGAGGAGGTTCGTTCC,edge_gfp_plus,edge,GFP+,Neutrophil,Myeloid,non_tumor,-0.3085556802694071,0.44693917866246125,-0.4212173065254738,0.3551862835884094,0.6448137164115906,False
TCCCGTTGTAGTTGCT,edge_gfp_plus,edge,GFP+,Neutrophil,Myeloid,non_tumor,0.9419417642811247,0.2842460002142287,-0.421110997249711,0.30165743827819824,0.6983425617218018,False
ACCCTCTGTAAGCATG,edge_gfp_plus,edge,GFP+,Neutrophil,Myeloid,non_tumor,1.152503248776389,0.4236207839638877,-0.44683494102057025,0.29614484310150146,0.7038551568984985,False
ACATGAGGTTTCGCAG,edge_gfp_plus,edge,GFP+,Mac_MHCII,Myeloid,non_tumor,-0.42144663379262054,0.46276703050281204,-0.3678805684666195,0.02872222661972046,0.9712777733802795,False
CGGCAAGGTTGACCTG,edge_gfp_plus,edge,GFP+,cDC,Myeloid,non_tumor,-0.6279322277500639,0.8570209558529409,-0.296094192186575,0.06447899341583252,0.9355210065841675,False
TGGACAAGTGACCGAG,edge_gfp_plus,edge,GFP+,Monocyte,Myeloid,non_tumor,-0.09303407424180012,1.0521095515251022,-0.2809413222446174,0.045629680156707764,0.9543703198432922,False
ACAGCAAGTATTGCGT,edge_gfp_plus,edge,GFP+,Neutrophil,Myeloid,non_tumor,0.06794059052582567,1.0265013843779263,-0.2919511142242395,0.3026633858680725,0.6973366141319275,False
AACCCTGGTCTCCATC,edge_gfp_plus,edge,GFP+,Neutrophil,Myeloid,non_tumor,-0.45141444259498537,0.6983442466763657,-0.3743175512957855,0.2790539860725403,0.7209460139274597,False
GTACAAGGTGCATCTG,edge_gfp_plus,edge,GFP+,Neutrophil,Myeloid,non_tumor,-0.4731391098896041,0.5783146268975673,-0.4009710421417006,0.31152838468551636,0.6884716153144836,False
AACCTTAGTTTGAGCT,edge_gfp_plus,edge,GFP+,Neutrophil,Myeloid,non_tumor,-0.7262783515846777,0.6018101007572592,-0.3900480882429645,0.2884267568588257,0.7115732431411743,False
GGTAAATGTTTCAGGT,edge_gfp_plus,edge,GFP+,Neutrophil,Myeloid,non_tumor,1.1386255551426094,1.869356564023335,-0.42112379984213727,0.2990380525588989,0.7009619474411011,False
GTCCATGGTTGCAGTT,edge_gfp_plus,edge,GFP+,Mac_MHCII,Myeloid,non_tumor,3.3374528664930887,5.771360577966921,-0.3144168438656765,0.043308913707733154,0.9566910862922668,False
TCCAATAGTTACACTA,edge_gfp_plus,edge,GFP+,Monocyte,Myeloid,non_tumor,-0.4371444189334324,0.8489375819901674,-0.36275253421786663,0.04766356945037842,0.9523364305496216,False
TGGACAAGTCTAGCCA,edge_gfp_plus,edge,GFP+,Neutrophil,Myeloid,non_tumor,-0.2286738244899297,0.4411109052438715,-0.433215426357292,0.3022574782371521,0.6977425217628479,False
CAAGTAGGTAGGTGTA,edge_gfp_plus,edge,GFP+,cDC,Myeloid,non_tumor,-0.31225657004969265,0.8007281702889795,-0.28405005203630385,0.03239947557449341,0.9676005244255066,False
ACGCATTGTCAATGTC,edge_gfp_plus,edge,GFP+,Neutrophil,Myeloid,non_tumor,0.32471483450351446,1.6347433669413587,-0.43138447892349324,0.2823905348777771,0.7176094651222229,False
CAGGCGAGTTAGGCAA,edge_gfp_plus,edge,GFP+,Neutrophil,Myeloid,non_tumor,0.42121895548832317,1.1757566804817834,-0.2957649267544418,0.29539620876312256,0.7046037912368774,False
AACGCCCGTAGCTTCG,edge_gfp_plus,edge,GFP+,Mac_MHCII,Myeloid,non_tumor,-0.48553163207991645,1.0600516251323215,-0.06808839056244796,0.09744769334793091,0.9025523066520691,False
TCGTTCCGTGATAGCA,edge_gfp_plus,edge,GFP+,Neutrophil,Myeloid,non_tumor,0.03594733834638823,1.0364673152193749,-0.4281420706560008,0.27979713678359985,0.7202028632164001,False
ACAGTGAGTGCATCCA,edge_gfp_plus,edge,GFP+,Neutrophil,Myeloid,non_tumor,-0.43602923300949864,0.702840884538304,-0.446197469398987,0.347095251083374,0.652904748916626,False
CTCAACGGTTAGCCGC,edge_gfp_plus,edge,GFP+,Mac_MHCII,Myeloid,non_tumor,-0.714931221821281,0.23588764666394751,-0.13479347061757868,0.06040078401565552,0.9395992159843445,False
TGACGGGGTGATCCTG,edge_gfp_plus,edge,GFP+,Monocyte,Myeloid,non_tumor,2.594959658522181,2.610222918288986,-0.3579854540244484,0.03517085313796997,0.96482914686203,False
ATCCCAGGTCCATCCT,edge_gfp_plus,edge,GFP+,Mac_MHCII,Myeloid,non_tumor,1.4075383808282278,0.43313893867967135,-0.22290473864168675,0.04695647954940796,0.953043520450592,False
CTGTGATGTCTAGGAA,edge_gfp_plus,edge,GFP+,Tumor_proliferating,Tumor,entering_hypoxia,-0.648539672916196,0.8076967875264012,-0.013176545662002255,0.5759478509426117,0.4240521490573883,True
TCAGCTGGTGCGTGTC,edge_gfp_plus,edge,GFP+,Mac_MHCII,Myeloid,non_tumor,0.7417570386228063,0.5414068166048684,-0.2905716105666586,0.04363662004470825,0.9563633799552917,False
GTGCTTGGTAACCGGG,edge_gfp_plus,edge,GFP+,Mac_MHCII,Myeloid,non_tumor,-0.5163841199275476,0.8341310319859503,-0.1887675934441706,0.03207552433013916,0.9679244756698608,False
TAAGTCCGTGAGCACG,edge_gfp_plus,edge,GFP+,Mac_MHCII,Myeloid,non_tumor,-0.8182178188410791,0.5414094114057413,1.6306912230780348,0.17255181074142456,0.8274481892585754,False
CCATCCTGTTGACCCA,edge_gfp_plus,edge,GFP+,Mac_MHCII,Myeloid,non_tumor,2.58265787589257,2.8451570381493396,-0.19861906705374235,0.055691540241241455,0.9443084597587585,False
AACACCTGTAGGTGCG,edge_gfp_plus,edge,GFP+,Neutrophil,Myeloid,non_tumor,-0.8109407137147671,0.7172892195880082,-0.414925793909004,0.2983066439628601,0.7016933560371399,False
TGAGTCTGTTTCCTCA,edge_gfp_plus,edge,GFP+,Neutrophil,Myeloid,non_tumor,-0.33107948657345465,1.8905348586457682,-0.39965155563567134,0.2924352288246155,0.7075647711753845,False
ACACCCAGTTCGGTCA,edge_gfp_plus,edge,GFP+,Treg,T_cell,non_tumor,-0.2080006767300521,0.9373880159429531,-0.012448847139643837,0.08961862325668335,0.9103813767433167,False
GCTAGTTGTCCATCTC,edge_gfp_plus,edge,GFP+,Neutrophil,Myeloid,non_tumor,-0.15614381978082553,1.1025791915452183,-0.39816110623256756,0.2801559567451477,0.7198440432548523,False
CAGGATAGTTTGGATC,edge_gfp_plus,edge,GFP+,Neutrophil,Myeloid,non_tumor,0.5871684254282092,1.071794473641109,-0.3438180702647165,0.28882449865341187,0.7111755013465881,False
TGCCGTAGTTAGACTC,edge_gfp_plus,edge,GFP+,Monocyte,Myeloid,non_tumor,0.49243235702538174,1.8635069951379755,-0.3722009082981134,0.037499964237213135,0.9625000357627869,False
AGTGGCGGTAAGCATG,edge_gfp_plus,edge,GFP+,Mac_MHCII,Myeloid,non_tumor,-0.4623118553329512,-0.4846350467830942,-0.3353240389704508,0.042643189430236816,0.9573568105697632,False
ACGAATGGTTAGACTC,edge_gfp_plus,edge,GFP+,Neutrophil,Myeloid,non_tumor,-0.6644710546420302,2.1505084312487286,-0.4350565481734138,0.2947017550468445,0.7052982449531555,False
CGGTAAAGTATGGGTA,edge_gfp_plus,edge,GFP+,Tumor_proliferating,Tumor,normoxic_stable,-0.5950363810403055,-0.11047007188293034,0.21523832603460422,0.5382284820079803,0.46177151799201965,True
CATATTGGTGATTCGT,edge_gfp_plus,edge,GFP+,Mac_MHCII,Myeloid,non_tumor,-0.7962682809177779,0.8978247460105214,0.6626835395234032,0.16663658618927002,0.83336341381073,False
AAACTCCGTGAACTGA,edge_gfp_plus,edge,GFP+,Monocyte,Myeloid,non_tumor,1.1264304653443142,2.0199975276473583,-0.35781522002689464,0.03494340181350708,0.9650565981864929,False
AGTCTTAGTTCGTAAC,edge_gfp_plus,edge,GFP+,Mac_MHCII,Myeloid,non_tumor,-0.24370921843456825,0.7246056327546889,-0.3437804387901745,0.03889185190200806,0.9611081480979919,False
AGTGCAAGTAGTAGCA,edge_gfp_plus,edge,GFP+,Monocyte,Myeloid,non_tumor,2.136324170783107,1.7851250531832938,-0.2618229762010495,0.03433942794799805,0.965660572052002,False
GGCATGGGTCTAACTA,edge_gfp_plus,edge,GFP+,Neutrophil,Myeloid,non_tumor,-0.09869769872429518,0.9465190518614119,-0.4434528420080551,0.290793240070343,0.709206759929657,False
GCAATAGGTTTCGTCC,edge_gfp_plus,edge,GFP+,Mac_MHCII,Myeloid,non_tumor,0.3111756942917817,0.506956317961501,-0.015614096971714135,0.14422762393951416,0.8557723760604858,False
TGTGTTAGTGAAGTTG,edge_gfp_plus,edge,GFP+,Monocyte,Myeloid,non_tumor,0.36106692742439245,1.2500234420990919,-0.26637907811592276,0.033834636211395264,0.9661653637886047,False
TGGGAACGTGGAGCAT,edge_gfp_plus,edge,GFP+,Mac_MHCII,Myeloid,non_tumor,0.04596683740835617,0.3046261230331147,-0.3403939283708683,0.0407179594039917,0.9592820405960083,False
CTCAATAGTTCCCATC,edge_gfp_plus,edge,GFP+,cDC,Myeloid,non_tumor,1.7408433797731646,0.5188802196122744,-0.22459420410320424,0.04399561882019043,0.9560043811798096,False
ATATGGGGTTTACAGC,edge_gfp_plus,edge,GFP+,Neutrophil,Myeloid,non_tumor,-0.5522859772371806,0.7600819175962253,-0.40900713867849314,0.2880293130874634,0.7119706869125366,False
CGCGGTTGTAGGTGAC,edge_gfp_plus,edge,GFP+,Tumor_proliferating,Tumor,entering_hypoxia,-0.4218316861608487,1.3134016202903473,1.1393277387662863,0.6279884278774261,0.37201157212257385,True
CAGGCGAGTCTGGTCA,edge_gfp_plus,edge,GFP+,Neutrophil,Myeloid,non_tumor,0.07194955214715656,0.8163263596711611,-0.41910170390312024,0.28150123357772827,0.7184987664222717,False
GGGTCAGGTTTCAGCG,edge_gfp_plus,edge,GFP+,Neutrophil,Myeloid,non_tumor,-0.06993621189398444,0.5174056680870863,-0.42679082933875384,0.2930503487586975,0.7069496512413025,False
CCCGTAAGTAGTCAGA,edge_gfp_plus,edge,GFP+,Neutrophil,Myeloid,non_tumor,0.20127864381368182,0.6248321567635691,-0.3381617917605869,0.2866927981376648,0.7133072018623352,False
ACTGCGCGTCTGGTGC,edge_gfp_plus,edge,GFP+,Mac_MHCII,Myeloid,non_tumor,0.722433084331897,0.4373429098212685,-0.37103247267877165,0.03563767671585083,0.9643623232841492,False
TCTGGGCGTTATGGCT,edge_gfp_plus,edge,GFP+,Neutrophil,Myeloid,non_tumor,0.7430549583647642,0.9074708147230791,-0.20675455537424542,0.3017992377281189,0.6982007622718811,False
TGACCCAGTTGGCATT,edge_gfp_plus,edge,GFP+,Mac_MHCII,Myeloid,non_tumor,-0.0155291097927373,0.8228990894986283,-0.2789097511740112,0.04421430826187134,0.9557856917381287,False
GCGCTTAGTTCCATCC,edge_gfp_plus,edge,GFP+,Tumor_proliferating,Tumor,normoxic_stable,-0.6377709169551102,0.35367612763495015,-0.26848312909545,0.5785018503665924,0.4214981496334076,True
GGTCATTGTCTAACTA,edge_gfp_plus,edge,GFP+,Monocyte,Myeloid,non_tumor,1.8153423966530582,2.154963212885378,-0.29941672461754154,0.03949546813964844,0.9605045318603516,False
GTAGTAGGTGGACACG,edge_gfp_plus,edge,GFP+,Mac_MHCII,Myeloid,non_tumor,1.4954931316377273,1.2968473337099995,-0.18478029055178638,0.04859846830368042,0.9514015316963196,False
CGCCTAAGTAACGAAT,edge_gfp_plus,edge,GFP+,Neutrophil,Myeloid,non_tumor,-0.2990102789097975,1.5031042764928055,-0.4077208345362591,0.29261869192123413,0.7073813080787659,False
CGGTATTGTTGGCTTG,edge_gfp_plus,edge,GFP+,Neutrophil,Myeloid,non_tumor,0.8919897792559442,0.9771097221306889,-0.44229296061267187,0.2937266230583191,0.7062733769416809,False
CAACGGGGTCCATATA,edge_gfp_plus,edge,GFP+,Tumor_proliferating,Tumor,exiting_hypoxia,-0.49953244505071503,-0.6597840750106372,3.397972569962523,0.5460596680641174,0.45394033193588257,True
AGGCATAGTTAAGCGA,edge_gfp_plus,edge,GFP+,Mac_MHCII,Myeloid,non_tumor,0.6726609163438471,0.6459103870342457,-0.35866269107036974,0.0209963321685791,0.9790036678314209,False
TCTACTTGTGATGATG,edge_gfp_plus,edge,GFP+,Mac_MHCII,Myeloid,non_tumor,-0.9863450948813086,0.9137684288742921,0.1592451635969065,0.17258405685424805,0.827415943145752,False
CGCAATTGTGAAGTCA,edge_gfp_plus,edge,GFP+,cDC,Myeloid,non_tumor,-0.5747342784015916,0.7669929641387321,-0.37993046832489574,0.3399362564086914,0.6600637435913086,False
GTTCGATGTGATGCGG,edge_gfp_plus,edge,GFP+,Monocyte,Myeloid,non_tumor,-0.7550779045006857,1.0047082155417602,-0.09447675191074346,0.05170220136642456,0.9482977986335754,False
GCAATAGGTCAACCTG,edge_gfp_plus,edge,GFP+,Mac_MHCII,Myeloid,non_tumor,-0.5405428756416505,0.1602881457275033,-0.26482512189257,0.04530066251754761,0.9546993374824524,False
TATAGGGGTAGGTGAC,edge_gfp_plus,edge,GFP+,Monocyte,Myeloid,non_tumor,-0.7040446530121056,1.3253646021078584,-0.20916907691729417,0.08135366439819336,0.9186463356018066,False
TATCCGGGTTTGGACT,edge_gfp_plus,edge,GFP+,Monocyte,Myeloid,non_tumor,2.197712728264459,2.7135280649132616,-0.355280222616062,0.034216463565826416,0.9657835364341736,False
TCTACTTGTGGGTTGG,edge_gfp_plus,edge,GFP+,Neutrophil,Myeloid,non_tumor,-0.48588196154560814,0.9282832636955894,-0.32222472975179367,0.2891877293586731,0.7108122706413269,False
ATGATCCGTTGTCCTC,edge_gfp_plus,edge,GFP+,Neutrophil,Myeloid,non_tumor,-0.6900679113245204,1.1178218623443201,-0.27698906649878846,0.2641422152519226,0.7358577847480774,False
GTTGGTTGTTCGTAAC,edge_gfp_plus,edge,GFP+,Tumor,Tumor,entering_hypoxia,-0.7762345972081633,0.8993479448209734,-0.2962938921229063,0.04006648063659668,0.9599335193634033,True
AGCCCTAGTTAATCCA,edge_gfp_plus,edge,GFP+,Mac_MHCII,Myeloid,non_tumor,1.5688271796694553,0.8475346681375951,-0.35953408459343456,0.04144340753555298,0.958556592464447,False
ATGGATGGTAACGGCG,edge_gfp_plus,edge,GFP+,Mac_MHCII,Myeloid,non_tumor,-0.7794614073135238,1.3241221550935391,2.1798624544462846,0.1604166030883789,0.8395833969116211,False
AGCCCTAGTAGGTTGA,edge_gfp_plus,edge,GFP+,cDC,Myeloid,non_tumor,-0.7288826096458925,0.8873659428044294,-0.28574793680289085,0.03653883934020996,0.96346116065979,False
AGTCTTAGTGCATCTG,edge_gfp_plus,edge,GFP+,Mac_MHCII,Myeloid,non_tumor,-0.6941704521355238,0.7930895563857466,-0.2679787344693311,0.046544551849365234,0.9534554481506348,False
GGGTATAGTCTCACGA,edge_gfp_plus,edge,GFP+,Neutrophil,Myeloid,non_tumor,-0.5946613361506733,0.3962381888050991,-0.41603802050064675,0.2766733765602112,0.7233266234397888,False
TGTATTGGTCAAGGTA,edge_gfp_plus,edge,GFP+,cDC,Myeloid,non_tumor,-0.8381806846698903,0.8651888972770689,-0.25088699433363293,0.08393198251724243,0.9160680174827576,False
CCGGAAGGTGGACATA,edge_gfp_plus,edge,GFP+,Neutrophil,Myeloid,non_tumor,0.7130391046668981,1.0961088261849778,-0.2840826714356381,0.29047298431396484,0.7095270156860352,False
GCAGCGAGTGAACCTT,edge_gfp_plus,edge,GFP+,Monocyte,Myeloid,non_tumor,0.7054478107291763,2.1004057663606033,-0.4086314510173646,0.035680174827575684,0.9643198251724243,False
TGTGCGCGTAACGAGC,edge_gfp_plus,edge,GFP+,Mac_MHCII,Myeloid,non_tumor,1.178316716828262,0.6509713831878977,-0.3075175621907377,0.027670085430145264,0.9723299145698547,False
GCAATGAGTCAGGAGT,edge_gfp_plus,edge,GFP+,Mac_MHCII,Myeloid,non_tumor,-0.20094857358388024,0.6254027111210188,-0.3337050950774633,0.04876130819320679,0.9512386918067932,False
CCTGGTAGTAATCAGG,edge_gfp_plus,edge,GFP+,Neutrophil,Myeloid,non_tumor,0.28910639208350764,1.110589355789279,-0.3667415356167324,0.29289430379867554,0.7071056962013245,False
TCGCATGGTGCATTAC,edge_gfp_plus,edge,GFP+,Mac_MHCII,Myeloid,non_tumor,-0.34748037795861736,0.7594874711402475,-0.27697016266466,0.036868929862976074,0.9631310701370239,False
GGCTATTGTAAGTCCT,edge_gfp_plus,edge,GFP+,Neutrophil,Myeloid,non_tumor,-0.07621393909003699,0.8874517128217224,-0.4518463502926232,0.2923852205276489,0.7076147794723511,False
GTAAGGCGTTGCTTAA,edge_gfp_plus,edge,GFP+,Neutrophil,Myeloid,non_tumor,-0.03415723125508516,1.0572348518697283,-0.4107706202775901,0.346108615398407,0.653891384601593,False
TACCATAGTCTGGGTC,edge_gfp_plus,edge,GFP+,Tumor_proliferating,Tumor,normoxic_stable,-0.7730922641452503,-0.2913843514811451,-0.18181867446727598,0.5960089266300201,0.40399107336997986,True
CCACGTAGTTCGGTAT,edge_gfp_plus,edge,GFP+,Neutrophil,Myeloid,non_tumor,-0.059990650406425754,1.1691529709359318,-0.24754038814349758,0.2694395184516907,0.7305604815483093,False
TCGGCTAGTAGTTACC,edge_gfp_plus,edge,GFP+,Mac_MHCII,Myeloid,non_tumor,0.2804040986457153,2.835792523335194,-0.1952156234174231,0.04854607582092285,0.9514539241790771,False
ACTGCTGGTCAAGGGT,edge_gfp_plus,edge,GFP+,Mac_MHCII,Myeloid,non_tumor,2.7071185894001526,4.549154792517876,-0.3073053924004619,0.043530821800231934,0.9564691781997681,False
TAATGGGGTTCGTCCT,edge_gfp_plus,edge,GFP+,Monocyte,Myeloid,non_tumor,0.09097405841524382,1.921682572818639,-0.24313441901284258,0.03663402795791626,0.9633659720420837,False
CTAGCGCGTAGTTAGG,edge_gfp_plus,edge,GFP+,Mac_MHCII,Myeloid,non_tumor,3.176664827069736,5.473446263885487,-0.39304969612049684,0.04191172122955322,0.9580882787704468,False
TCCAGGCGTTTGACGT,edge_gfp_plus,edge,GFP+,Mac_MHCII,Myeloid,non_tumor,-1.0409449007519391,0.18099564345293673,0.1476647386184934,0.15992116928100586,0.8400788307189941,False
TGCGAAAGTTTACCGG,edge_gfp_plus,edge,GFP+,cDC,Myeloid,non_tumor,-0.7344228589655429,1.4107588759831533,1.0037792372366585,0.09264594316482544,0.9073540568351746,False
ATACTTGGTTCCCAGA,edge_gfp_plus,edge,GFP+,Neutrophil,Myeloid,non_tumor,0.2832672386888688,1.8193938202107693,-0.3496591196266614,0.29714834690093994,0.7028516530990601,False
TGGAGCGGTTGGAATG,edge_gfp_plus,edge,GFP+,Neutrophil,Myeloid,non_tumor,-1.1768242809522838,0.33265557296457615,-0.15384037316877533,0.3004570007324219,0.6995429992675781,False
GTCGAGGGTAAGTAGT,edge_gfp_plus,edge,GFP+,Neutrophil,Myeloid,non_tumor,0.26545796280599926,0.6471590565313651,-0.3902746470467374,0.28379976749420166,0.7162002325057983,False
ACGCGAGGTAGTGTCT,edge_gfp_plus,edge,GFP+,cDC,Myeloid,non_tumor,-0.2783911642790186,0.7323408680728304,-0.2806830906284639,0.04326367378234863,0.9567363262176514,False
CGTATTAGTTGTGCCA,edge_gfp_plus,edge,GFP+,Monocyte,Myeloid,non_tumor,0.04281676673670229,1.040421614938341,-0.36723729514194897,0.0285569429397583,0.9714430570602417,False
ATTCCAAGTCAGCACC,edge_gfp_plus,edge,GFP+,Neutrophil,Myeloid,non_tumor,0.4986121143619925,0.8162573492322495,-0.3516419238946247,0.26817387342453003,0.73182612657547,False
AGAGACCGTTAGTGGA,edge_gfp_plus,edge,GFP+,Neutrophil,Myeloid,non_tumor,-0.2985665343095783,-0.06529709124590348,-0.3878102823889287,0.2704465985298157,0.7295534014701843,False
AGGTTAGGTAGTGCTT,edge_gfp_plus,edge,GFP+,Tumor,Tumor,entering_hypoxia,-1.0056467507711586,0.8788967684691749,-0.33630267451430074,0.0563734769821167,0.9436265230178833,True
CTTGCAGGTTGAGCTT,edge_gfp_plus,edge,GFP+,Tumor_proliferating,Tumor,normoxic_stable,-0.8535179318889882,-0.020416578372978358,-0.26248418225662495,0.5479714274406433,0.4520285725593567,True
TCTAGCGGTTGCTTGG,edge_gfp_plus,edge,GFP+,Neutrophil,Myeloid,non_tumor,-0.85939943909215,1.1105100932626502,-0.4419983872140083,0.2911972999572754,0.7088027000427246,False
CTGCAATGTGGGAACT,edge_gfp_plus,edge,GFP+,Neutrophil,Myeloid,non_tumor,0.6118938903889133,1.4618823585689384,-0.4274820306374624,0.24763256311416626,0.7523674368858337,False
GGATTAGGTCAACTAC,edge_gfp_plus,edge,GFP+,Mac_MHCII,Myeloid,non_tumor,-0.28828481699958763,0.7305483705277557,-0.32200529328073496,0.03986155986785889,0.9601384401321411,False
GCCAATTGTTGCGGCT,edge_gfp_plus,edge,GFP+,Monocyte,Myeloid,non_tumor,-0.7518740982090947,0.9082057282944612,-0.353208670100621,0.04659616947174072,0.9534038305282593,False
AGCATAGGTTGCCCAA,edge_gfp_plus,edge,GFP+,Neutrophil,Myeloid,non_tumor,0.07566143213284897,1.598362519275607,-0.4420827318743798,0.2775847315788269,0.7224152684211731,False
AGCTTACGTATAGCAG,edge_gfp_plus,edge,GFP+,Mac_C1q,Myeloid,non_tumor,-0.7479568326355623,0.5238469218425876,0.541599211726844,0.15090936422348022,0.8490906357765198,False
ACGAAATGTAGGTCGG,edge_gfp_plus,edge,GFP+,Mac_MHCII,Myeloid,non_tumor,1.864798870164114,1.1355187068291415,-0.3698928687733805,0.03187757730484009,0.9681224226951599,False
GTATCCGGTCATCCAG,edge_gfp_plus,edge,GFP+,Mac_MHCII,Myeloid,non_tumor,-0.9058081319061617,0.5674823173980844,3.615629164078901,0.2311232089996338,0.7688767910003662,False
CATCCAGGTTGGTTAC,edge_gfp_plus,edge,GFP+,Neutrophil,Myeloid,non_tumor,-1.1768242809522838,0.9919940858207007,-0.4485611636194691,0.2819216847419739,0.7180783152580261,False
CGCAATTGTTGTCATA,edge_gfp_plus,edge,GFP+,Neutrophil,Myeloid,non_tumor,-0.15958937233284834,1.2022649845922946,-0.32194512770807737,0.2897590398788452,0.7102409601211548,False
TAGCCCAGTGCGTGAG,edge_gfp_plus,edge,GFP+,Monocyte,Myeloid,non_tumor,-0.25512461587058577,1.0607719129789397,-0.34514059830482674,0.046709537506103516,0.9532904624938965,False
CATGCGCGTTTCGACG,edge_gfp_plus,edge,GFP+,Tumor_proliferating,Tumor,entering_hypoxia,-0.6197283850881685,0.8749438362474097,-0.2609509492644217,0.5408340990543365,0.45916590094566345,True
GTGAACAGTAATTCGC,edge_gfp_plus,edge,GFP+,Neutrophil,Myeloid,non_tumor,0.17352922315875582,0.7784462376827244,-0.45391393205043923,0.28478342294692993,0.7152165770530701,False
GCGTACCGTCCATCAG,edge_gfp_plus,edge,GFP+,Neutrophil,Myeloid,non_tumor,-0.6340405868363227,1.0029733679209967,-0.39178109097262365,0.2692999839782715,0.7307000160217285,False
AACTGAGGTGAGTATG,edge_gfp_plus,edge,GFP+,Mac_MHCII,Myeloid,non_tumor,0.08733182992718086,0.29601432506073044,-0.2098250364716258,0.022198736667633057,0.9778012633323669,False
TACGCTGGTTCGTATA,edge_gfp_plus,edge,GFP+,Tumor_proliferating,Tumor,normoxic_stable,-0.7445146109687135,0.4537197208101651,-0.3449335870665187,0.631393313407898,0.36860668659210205,True
CACCCAAGTTAATCTG,edge_gfp_plus,edge,GFP+,Tumor_proliferating,Tumor,entering_hypoxia,-0.9138012483224608,0.45519759661337483,0.11522368918452144,0.555298924446106,0.44470107555389404,True
GGTACGGGTTCGCTGA,edge_gfp_plus,edge,GFP+,Tumor_proliferating,Tumor,exiting_hypoxia,0.5662156435277271,-0.6225313685845846,-0.089945501348585,0.588520348072052,0.411479651927948,True
CTCACGAGTTGGGTCC,edge_gfp_plus,edge,GFP+,Neutrophil,Myeloid,non_tumor,0.7875455920077261,0.7348015663374802,-0.41790955962736176,0.2744795083999634,0.7255204916000366,False
GCACTTGGTCTTGGGC,edge_gfp_plus,edge,GFP+,Monocyte,Myeloid,non_tumor,0.9113568014848699,1.7387599013028008,-0.38443179771968206,0.037146806716918945,0.962853193283081,False
CAAGTGAGTCATCCGA,edge_gfp_plus,edge,GFP+,Mac_MHCII,Myeloid,non_tumor,1.1771804882252164,1.011008854272453,-0.36229936019617176,0.03893756866455078,0.9610624313354492,False
ACCGAGGGTGGGTCCT,edge_gfp_plus,edge,GFP+,Neutrophil,Myeloid,non_tumor,0.1329316550497516,0.5609891517574508,-0.19160507964149048,0.2932780981063843,0.7067219018936157,False
CAGTTTAGTTAAGGTG,edge_gfp_plus,edge,GFP+,Neutrophil,Myeloid,non_tumor,-0.1952537632976584,0.5079554723587485,-0.25803667095342137,0.22868376970291138,0.7713162302970886,False
ACATCCGGTCATTCCC,edge_gfp_plus,edge,GFP+,Mac_MHCII,Myeloid,non_tumor,1.6858150020261349,1.4410837868377064,-0.33210618411669257,0.03916710615158081,0.9608328938484192,False
GTGGGCAGTCAAGCGG,edge_gfp_plus,edge,GFP+,Neutrophil,Myeloid,non_tumor,0.2093086373663667,1.8437023154899301,-0.4380985201951398,0.2819175124168396,0.7180824875831604,False
AAAGCATGTTTCAGCG,edge_gfp_plus,edge,GFP+,Mac_MHCII,Myeloid,non_tumor,-0.39874688113404705,0.395258800649189,-0.1550468834595115,0.03521949052810669,0.9647805094718933,False
GCGGTGAGTATAGCCT,edge_gfp_plus,edge,GFP+,Mac_MHCII,Myeloid,non_tumor,-0.12628576387791746,0.887166833642661,3.689204586178326,0.2062874436378479,0.7937125563621521,False
AGTATGGGTTGTAGCT,edge_gfp_plus,edge,GFP+,Neutrophil,Myeloid,non_tumor,-0.2983390443959895,1.9924361091909197,-0.3353547258358075,0.3001909852027893,0.6998090147972107,False
CGATGGGGTTGGTCAT,edge_gfp_plus,edge,GFP+,Mac_MHCII,Myeloid,non_tumor,0.14929690645341193,0.04393308587177776,-0.14877451520164603,0.08684206008911133,0.9131579399108887,False
ACGAAATGTAAGTGCA,edge_gfp_plus,edge,GFP+,Monocyte,Myeloid,non_tumor,3.1447812652161535,4.401888358274552,-0.2467816701725293,0.038648366928100586,0.9613516330718994,False
AATACGGGTGAGGAGA,edge_gfp_plus,edge,GFP+,Mac_C1q,Myeloid,non_tumor,-0.9514590285271286,0.4179504636647564,0.17668958817376676,0.12939000129699707,0.8706099987030029,False
AGTCTTAGTTGAGCAA,edge_gfp_plus,edge,GFP+,Mac_MHCII,Myeloid,non_tumor,3.3760194033610396,1.586528472783908,-0.2825324499570609,0.040447354316711426,0.9595526456832886,False
GGAATATGTTGACGTT,edge_gfp_plus,edge,GFP+,Monocyte,Myeloid,non_tumor,1.7171204933512105,3.6566603821055303,-0.38080663089251987,0.037770748138427734,0.9622292518615723,False
GTATGAGGTGAGCATA,edge_gfp_plus,edge,GFP+,Neutrophil,Myeloid,non_tumor,-0.7507716365115231,0.21803942808564925,-0.314465438794303,0.2750505208969116,0.7249494791030884,False
TCTCATTGTTGACGTT,edge_gfp_plus,edge,GFP+,Mac_MHCII,Myeloid,non_tumor,0.2844651120031535,0.8607136466005523,-0.30828238209165815,0.0398709774017334,0.9601290225982666,False
GCGAATAGTAGTCATC,edge_gfp_plus,edge,GFP+,Neutrophil,Myeloid,non_tumor,0.6519701393922053,1.049487034182379,-0.39102759004396026,0.2852076292037964,0.7147923707962036,False
CTTACAAGTGACGAGT,edge_gfp_plus,edge,GFP+,Mac_MHCII,Myeloid,non_tumor,-0.22175504746797467,0.7689415122515334,-0.24830024946495113,0.022369861602783203,0.9776301383972168,False
GCGACAGGTTTCCGTC,edge_gfp_plus,edge,GFP+,Mac_C1q,Myeloid,non_tumor,-0.6571349743283019,3.7494897946703407,-0.11176408074234466,0.132110595703125,0.867889404296875,False
TGCCTCTGTCCATCAG,edge_gfp_plus,edge,GFP+,Mac_MHCII,Myeloid,non_tumor,-0.21370121240783246,0.3815975592371525,1.5129229129098394,0.17118799686431885,0.8288120031356812,False
ACGGGATGTTTGCACG,edge_gfp_plus,edge,GFP+,Mac_MHCII,Myeloid,non_tumor,0.8808474692790367,0.8821638695889008,-0.29546952963414125,0.026263117790222168,0.9737368822097778,False
CAAAGGCGTTGCATCG,edge_gfp_plus,edge,GFP+,Mac_MHCII,Myeloid,non_tumor,0.7794182610207558,0.33423338120859153,-0.03679207043858111,0.14272791147232056,0.8572720885276794,False
CAAATCCGTGAGGATC,edge_gfp_plus,edge,GFP+,Neutrophil,Myeloid,non_tumor,-0.29756564315397904,0.8887368165070936,-0.44354069558299797,0.2761915922164917,0.7238084077835083,False
CTCCCTGGTATGTGCT,edge_gfp_plus,edge,GFP+,Monocyte,Myeloid,non_tumor,1.1786455059900107,3.0113410647583443,-0.18433802860887336,0.037538766860961914,0.9624612331390381,False
TGTATTGGTTGAGGTA,edge_gfp_plus,edge,GFP+,Neutrophil,Myeloid,non_tumor,0.11556533286497456,-0.062040668984618144,-0.39263214758833354,0.2876344919204712,0.7123655080795288,False
TGAGCTTGTAATCGGA,edge_gfp_plus,edge,GFP+,Tumor_proliferating,Tumor,transitional,-0.49732234290891053,0.133600288493453,-0.0015389129613470529,0.5466715693473816,0.4533284306526184,True
CTACTCCGTTGTCCGA,edge_gfp_plus,edge,GFP+,Mac_MHCII,Myeloid,non_tumor,1.554799530997223,3.2383497166210966,-0.1219980278659292,0.04976367950439453,0.9502363204956055,False
AGCTGTTGTCAATCGT,edge_gfp_plus,edge,GFP+,Monocyte,Myeloid,non_tumor,2.1247151809168354,4.1215341105355385,-0.35896954289151195,0.036552608013153076,0.9634473919868469,False
GGGGTATGTTATATCG,edge_gfp_plus,edge,GFP+,Mac_MHCII,Myeloid,non_tumor,1.5593288941861987,2.047742639557242,-0.2603099866002218,0.04165363311767578,0.9583463668823242,False
GTAATGGGTGAGTGTA,edge_gfp_plus,edge,GFP+,Mac_MHCII,Myeloid,non_tumor,-0.7908962753379868,2.159720633204583,-0.23177481996993296,0.030231356620788574,0.9697686433792114,False
CTTGTCCGTATAGCCT,edge_gfp_plus,edge,GFP+,Monocyte,Myeloid,non_tumor,-0.4574666738044418,1.1105980014056271,-0.13608963823961506,0.0578993558883667,0.9421006441116333,False
GTCCCTTGTATTGGCT,edge_gfp_plus,edge,GFP+,Neutrophil,Myeloid,non_tumor,-1.1768242809522838,0.9135379251677653,-0.3883100947534646,0.27817344665527344,0.7218265533447266,False
TCTGCGAGTTTCCTGC,edge_gfp_plus,edge,GFP+,cDC,Myeloid,non_tumor,-0.8212778453696616,0.7993283902151375,-0.14418114043562405,0.10973572731018066,0.8902642726898193,False
TGTAGAGGTAGTCCAT,edge_gfp_plus,edge,GFP+,Tumor_proliferating,Tumor,transitional,-0.3261359772869196,-0.021679893821788573,-0.16194574441036474,0.6270191073417664,0.37298089265823364,True
AAGCCAAGTTGGGCAG,edge_gfp_plus,edge,GFP+,cDC,Myeloid,non_tumor,-0.1920074738415229,1.4678295005809974,1.1346957623353493,0.09960085153579712,0.9003991484642029,False
GGGTCAGGTAGTAAGT,edge_gfp_plus,edge,GFP+,Mac_MHCII,Myeloid,non_tumor,0.3939710214753406,0.6326127120810693,-0.22573344861521522,0.14960849285125732,0.8503915071487427,False
GCGGCTTGTCTCACAG,edge_gfp_plus,edge,GFP+,Mac_MHCII,Myeloid,non_tumor,-0.3484928530616955,0.4812128383394691,2.0554677099979686,0.17089778184890747,0.8291022181510925,False
CGAACTTGTAACGTAG,edge_gfp_plus,edge,GFP+,Mac_MHCII,Myeloid,non_tumor,-0.5148753204374255,0.5274617289820099,-0.24169273618605078,0.045006752014160156,0.9549932479858398,False
TCTGTCCGTAATGCGA,edge_gfp_plus,edge,GFP+,cDC,Myeloid,non_tumor,-1.1768242809522838,0.40298880157427547,-0.31739107449726367,0.27168285846710205,0.728317141532898,False
TGTAGCTGTAGCTGCC,edge_gfp_plus,edge,GFP+,Neutrophil,Myeloid,non_tumor,-0.3658624977508073,1.156345379864981,-0.44270584503749294,0.3787822723388672,0.6212177276611328,False
CAGCTATGTGAACGCG,edge_gfp_plus,edge,GFP+,Mac_MHCII,Myeloid,non_tumor,-0.06959609310293415,0.32054526701620983,-0.34370088030376433,0.035881996154785156,0.9641180038452148,False
TGTAACCGTTTGCGGC,edge_gfp_plus,edge,GFP+,Mac_MHCII,Myeloid,non_tumor,-0.7975198310954663,0.33536851888231833,-0.22337263012695655,0.04672044515609741,0.9532795548439026,False
CACGTTGGTCTCAGTG,edge_gfp_plus,edge,GFP+,Mac_MHCII,Myeloid,non_tumor,0.2521287186353015,0.6410093935457455,-0.40268790415680494,0.032063841819763184,0.9679361581802368,False
GCGTTTGGTGATTGCT,edge_gfp_plus,edge,GFP+,Mac_MHCII,Myeloid,non_tumor,-0.1074915323850512,1.1416882304774865,-0.3436646407932926,0.032581329345703125,0.9674186706542969,False
GGCGAATGTGCGGTGA,edge_gfp_plus,edge,GFP+,Monocyte,Myeloid,non_tumor,0.525014720805355,0.9901281999276011,-0.40078770687322246,0.0446280837059021,0.9553719162940979,False
CGTTTGGGTAGTAGCA,edge_gfp_plus,edge,GFP+,Monocyte,Myeloid,non_tumor,1.0016905224538954,1.077946615384326,-0.3350512503319374,0.025966942310333252,0.9740330576896667,False
GCGGATGGTTTCGGAT,edge_gfp_plus,edge,GFP+,Mac_MHCII,Myeloid,non_tumor,-0.050743695747146045,0.10682295378587975,0.11510476495874332,0.17924433946609497,0.820755660533905,False
CTCTATTGTTGCAGCC,edge_gfp_plus,edge,GFP+,Mac_C1q,Myeloid,non_tumor,-0.11883124909856299,0.4603235826682645,0.19356336174195704,0.15938615798950195,0.840613842010498,False
GGCGTCTGTTGTGCCA,edge_gfp_plus,edge,GFP+,Mac_MHCII,Myeloid,non_tumor,0.10542865296924582,0.12274804605485455,-0.2886991141224521,0.1315024495124817,0.8684975504875183,False
GTTAAGGGTGACCGAG,edge_gfp_plus,edge,GFP+,Mac_MHCII,Myeloid,non_tumor,0.7892098303389136,0.6252626335483299,-0.271108464071249,0.03675812482833862,0.9632418751716614,False
ACACGAAGTGATGCCC,edge_gfp_plus,edge,GFP+,Mac_MHCII,Myeloid,non_tumor,2.773390297065336,4.193093041468019,-0.2567548023092346,0.044511497020721436,0.9554885029792786,False
AAGTACGGTTTCACTT,edge_gfp_plus,edge,GFP+,Mac_MHCII,Myeloid,non_tumor,-0.1394293481482212,0.26089395741223254,1.9213638624520342,0.17217206954956055,0.8278279304504395,False
AAGGTTGGTTAGGTAG,edge_gfp_plus,edge,GFP+,Mac_MHCII,Myeloid,non_tumor,2.2877330820973296,1.1072392028199507,-0.3308258640726128,0.02919936180114746,0.9708006381988525,False
GCGTGAGGTAGCTGCC,edge_gfp_plus,edge,GFP+,Monocyte,Myeloid,non_tumor,0.5840355962542809,1.9052208934800332,-0.37934499163933966,0.033236026763916016,0.966763973236084,False
AGGGGTTGTTAACCGT,edge_gfp_plus,edge,GFP+,Monocyte,Myeloid,non_tumor,0.2711242288309503,0.6743443171796778,-0.36881822185182517,0.03515183925628662,0.9648481607437134,False
ATAGCCTGTTGCTTAA,edge_gfp_plus,edge,GFP+,cDC,Myeloid,non_tumor,-1.0069083934263587,0.8746698878915266,-0.39179250498547796,0.3368130326271057,0.6631869673728943,False
CACGCTAGTGACGAAC,edge_gfp_plus,edge,GFP+,Tumor_proliferating,Tumor,entering_deep_hypoxia,0.8312122672965042,0.634691174258833,0.22549250852558161,0.6561745703220367,0.34382542967796326,True
CACGAGGGTTTCCTCA,edge_gfp_plus,edge,GFP+,Monocyte,Myeloid,non_tumor,-0.7613429066885734,0.8911658496918358,-0.211187639498215,0.04484093189239502,0.955159068107605,False
TAGCCTGGTGGACTAA,edge_gfp_plus,edge,GFP+,Monocyte,Myeloid,non_tumor,1.8405686970934347,2.1969859145019313,-0.3188602244180993,0.03530043363571167,0.9646995663642883,False
TCATTAGGTTCACCAG,edge_gfp_plus,edge,GFP+,Monocyte,Myeloid,non_tumor,-0.4558850362069466,0.9891840795114222,-0.3487668508652909,0.028262674808502197,0.9717373251914978,False
ACAACAGGTCTTGCCT,edge_gfp_plus,edge,GFP+,cDC,Myeloid,non_tumor,-1.1768242809522838,0.878035138278429,-0.31739107449726367,0.311120867729187,0.688879132270813,False
AACGGTAGTCTGTGGC,edge_gfp_plus,edge,GFP+,Neutrophil,Myeloid,non_tumor,1.028693242182773,0.6256270763911148,-0.2727380266409969,0.29196637868881226,0.7080336213111877,False
AGCACTTGTGGGAACT,edge_gfp_plus,edge,GFP+,Monocyte,Myeloid,non_tumor,-0.4026021345941473,0.6347179644749544,-0.3565061756379886,0.02173525094985962,0.9782647490501404,False
GTTGCCAGTTGCTGGC,edge_gfp_plus,edge,GFP+,Mac_MHCII,Myeloid,non_tumor,-0.0576375434414474,0.5188081983255252,-0.24495778973054788,0.03666144609451294,0.9633385539054871,False
GTGCTTGGTGAGCATA,edge_gfp_plus,edge,GFP+,Neutrophil,Myeloid,non_tumor,-0.4327102082502579,0.8230630772171464,-0.42110851273996996,0.24817144870758057,0.7518285512924194,False
CGGGTAGGTTATGTGC,edge_gfp_plus,edge,GFP+,Mac_MHCII,Myeloid,non_tumor,-0.5967877926532672,0.693265929123997,-0.23281057336746372,0.022374093532562256,0.9776259064674377,False
CTTAGCGGTTGAGCGG,edge_gfp_plus,edge,GFP+,Mac_MHCII,Myeloid,non_tumor,0.6796782150627384,0.871405023590939,-0.3105581058548007,0.029286444187164307,0.9707135558128357,False
TACGGTTGTAGCTGGG,edge_gfp_plus,edge,GFP+,cDC,Myeloid,non_tumor,0.49674918135998364,0.7381754662422608,-0.28627673846198803,0.040944576263427734,0.9590554237365723,False
GGGTCAGGTTGGGCAG,edge_gfp_plus,edge,GFP+,Mac_MHCII,Myeloid,non_tumor,0.8518591035161148,1.139037092730485,-0.26733784550737405,0.054632723331451416,0.9453672766685486,False
CGTGTTGGTTGCTTCC,edge_gfp_plus,edge,GFP+,Mac_C1q,Myeloid,non_tumor,-0.8022566035343458,0.5292872696535819,0.01973769543389196,0.13012456893920898,0.869875431060791,False
GGTAACAGTAGTCCGC,edge_gfp_plus,edge,GFP+,Mac_MHCII,Myeloid,non_tumor,-1.0047697103132345,0.8088790403610576,-0.1708445982631868,0.11391550302505493,0.8860844969749451,False
TGTGCATGTAACCGGG,edge_gfp_plus,edge,GFP+,Mac_MHCII,Myeloid,non_tumor,1.8744783588178346,5.579747455375432,-0.22890352761897234,0.04492288827896118,0.9550771117210388,False
GGAGCTGGTGGCGAAT,edge_gfp_plus,edge,GFP+,Mac_MHCII,Myeloid,non_tumor,-0.5977998989098984,0.7972441845491303,-0.32320342033770494,0.02995169162750244,0.9700483083724976,False
CCCGTAAGTGAGGACT,edge_gfp_plus,edge,GFP+,Mac_MHCII,Myeloid,non_tumor,3.127846005967362,7.375331234044871,-0.32037181857486713,0.046661555767059326,0.9533384442329407,False
TACATCAGTAAGCTGA,edge_gfp_plus,edge,GFP+,Mac_MHCII,Myeloid,non_tumor,-0.4181596910292727,0.49417636358613104,-0.18047293617664148,0.024780750274658203,0.9752192497253418,False
ACGGGCAGTTTGAGGA,edge_gfp_plus,edge,GFP+,Monocyte,Myeloid,non_tumor,2.293515583253949,2.349452675993366,-0.3971756137319244,0.03572040796279907,0.9642795920372009,False
TGTGTTAGTGAAGTAT,edge_gfp_plus,edge,GFP+,Mac_MHCII,Myeloid,non_tumor,-0.591127551903057,0.29091091757470183,3.3113865812283327,0.3691334128379822,0.6308665871620178,False
GCTGATTGTCTTGCCT,edge_gfp_plus,edge,GFP+,Mac_MHCII,Myeloid,non_tumor,0.7763576148100645,1.0355661541806733,-0.2886427479412706,0.03157275915145874,0.9684272408485413,False
TGTAGAGGTGAGAGGA,edge_gfp_plus,edge,GFP+,Neutrophil,Myeloid,non_tumor,0.5877012002549357,0.8447898724820511,-0.4231229466086845,0.28209805488586426,0.7179019451141357,False
GCGGTAGGTTTACGAC,edge_gfp_plus,edge,GFP+,Neutrophil,Myeloid,non_tumor,-1.1768242809522838,0.9889990893550213,-0.3570064436023605,0.2850274443626404,0.7149725556373596,False
TGGATAGGTAATGGTG,edge_gfp_plus,edge,GFP+,Mac_MHCII,Myeloid,non_tumor,-0.24244638014758807,0.5442037127267655,-0.05361375700499993,0.07488948106765747,0.9251105189323425,False
CTTGTCCGTAATCCTA,edge_gfp_plus,edge,GFP+,Monocyte,Myeloid,non_tumor,-0.4460192045288907,0.9524438004856144,-0.27369361481732535,0.025185048580169678,0.9748149514198303,False
CGAATAGGTGAAGGTC,edge_gfp_plus,edge,GFP+,Mac_MHCII,Myeloid,non_tumor,-0.9229102756442429,0.5969577055124431,-0.15238482817920887,0.15092700719833374,0.8490729928016663,False
GGTCGAGGTCATCCCT,edge_gfp_plus,edge,GFP+,Mac_MHCII,Myeloid,non_tumor,0.674844032809957,1.0409640899618107,-0.27163994797811497,0.03159773349761963,0.9684022665023804,False
TGAGCCCGTGAGCGCA,edge_gfp_plus,edge,GFP+,Mac_MHCII,Myeloid,non_tumor,-0.9642390366892977,0.3993489175571515,-0.2087061550295013,0.048669517040252686,0.9513304829597473,False
GCAATAGGTTGGATTC,edge_gfp_plus,edge,GFP+,Mac_MHCII,Myeloid,non_tumor,2.3059021208512487,3.6986513201230915,-0.3338107257952288,0.044280171394348145,0.9557198286056519,False
GTCATTAGTTTGCATA,edge_gfp_plus,edge,GFP+,Neutrophil,Myeloid,non_tumor,-1.1768242809522838,0.7785088461248585,-0.30889152497431127,0.27847063541412354,0.7215293645858765,False
AATGGCAGTCTCAGTG,edge_gfp_plus,edge,GFP+,Mac_MHCII,Myeloid,non_tumor,-0.8190375037701898,0.4631263881915176,3.236907510247018,0.22407621145248413,0.7759237885475159,False
GTCATTAGTAGCTAAG,edge_gfp_plus,edge,GFP+,Monocyte,Myeloid,non_tumor,2.449152165786023,2.3116923553038533,-0.3836862698592122,0.03882646560668945,0.9611735343933105,False
AGTGTGAGTAAGCTCT,edge_gfp_plus,edge,GFP+,cDC,Myeloid,non_tumor,-0.9083786328631531,0.8246885744521649,-0.36307353958688104,0.3376864194869995,0.6623135805130005,False
AGTATCCGTTCGTCAG,edge_gfp_plus,edge,GFP+,Monocyte,Myeloid,non_tumor,1.621086928300908,2.110320731536054,-0.3554313257752873,0.03508681058883667,0.9649131894111633,False
GGTTAAGGTTGTCCCT,edge_gfp_plus,edge,GFP+,Neutrophil,Myeloid,non_tumor,-0.510638487134345,-0.7017589021936279,-0.3564086391229701,0.2770887017250061,0.7229112982749939,False
GTCGGCTGTTCGATGT,edge_gfp_plus,edge,GFP+,Mac_MHCII,Myeloid,non_tumor,-0.6687154893310018,0.627379444759167,-0.056517844047712935,0.03205084800720215,0.9679491519927979,False
GGAAATTGTTGTAGAG,edge_gfp_plus,edge,GFP+,Neutrophil,Myeloid,non_tumor,0.014107479087597102,0.5454848172347952,-0.3899944822834299,0.261122465133667,0.738877534866333,False
AACCGAAGTTTGACTA,edge_gfp_plus,edge,GFP+,Mac_MHCII,Myeloid,non_tumor,-0.0967660631527228,0.8325710072213125,0.13264796943525195,0.09848219156265259,0.9015178084373474,False
TCCATAAGTTGCGTGC,edge_gfp_plus,edge,GFP+,Monocyte,Myeloid,non_tumor,0.9160029902491456,2.0919454290128385,-0.30048903828209966,0.034364938735961914,0.9656350612640381,False
CCTCGAAGTAACGAAT,edge_gfp_plus,edge,GFP+,Mac_MHCII,Myeloid,non_tumor,-0.43418866223260366,0.9805941881728701,-0.38896983778485644,0.028830766677856445,0.9711692333221436,False
CAGCCTAGTTGGACGG,edge_gfp_plus,edge,GFP+,Monocyte,Myeloid,non_tumor,1.186328534603412,1.2509394655699146,-0.3719841651438539,0.036111533641815186,0.9638884663581848,False
TCTATAGGTCCCGATA,edge_gfp_plus,edge,GFP+,Mac_MHCII,Myeloid,non_tumor,4.101693783640314,8.221343618253638,-0.3573609301841127,0.04689836502075195,0.953101634979248,False
ACGCATTGTTATGCGT,edge_gfp_plus,edge,GFP+,Mac_MHCII,Myeloid,non_tumor,0.6440765672128471,1.4428167082360022,-0.3281250749752678,0.028368771076202393,0.9716312289237976,False
GTCCTCTGTTATCGAC,edge_gfp_plus,edge,GFP+,Mac_MHCII,Myeloid,non_tumor,-0.2656827209631304,0.21087144677922665,1.783637022612856,0.1847246289253235,0.8152753710746765,False
GCTGGCTGTAGTCATC,edge_gfp_plus,edge,GFP+,Monocyte,Myeloid,non_tumor,1.3358465054790898,1.2200005921518984,-0.40299610294437027,0.03611266613006592,0.9638873338699341,False
CGAGCGAGTTAGCCTG,edge_gfp_plus,edge,GFP+,Mac_MHCII,Myeloid,non_tumor,-0.6347671536886661,0.45328789544735504,3.307878069548291,0.19759875535964966,0.8024012446403503,False
AAAGCATGTATTGCAC,edge_gfp_plus,edge,GFP+,Tumor_proliferating,Tumor,normoxic_stable,-1.1768242809522838,-0.38372924439955064,-0.09518346617976466,0.5805370211601257,0.41946297883987427,True
CGTGATTGTAAGTGAT,edge_gfp_plus,edge,GFP+,Mac_MHCII,Myeloid,non_tumor,-0.8050793875178573,0.2908870349793421,2.5644322744817023,0.16470134258270264,0.8352986574172974,False
CTCACGAGTCATCACG,edge_gfp_plus,edge,GFP+,Neutrophil,Myeloid,non_tumor,-0.9777678822612839,0.40081365065296337,-0.3767345901208813,0.23743796348571777,0.7625620365142822,False
GGCTTATGTATGTGCT,edge_gfp_plus,edge,GFP+,Mac_MHCII,Myeloid,non_tumor,1.379667853730148,3.8955686017539795,-0.3338481929965937,0.030267059803009033,0.969732940196991,False
GGGCATGGTTTCACTT,edge_gfp_plus,edge,GFP+,Treg,T_cell,non_tumor,-0.6420481339040605,0.8007060342713324,-0.12751704132594627,0.09130197763442993,0.9086980223655701,False
CATAGAGGTTTAGGAG,edge_gfp_plus,edge,GFP+,cDC,Myeloid,non_tumor,-0.9426558605979017,0.7819585764303637,-0.24135193949390904,0.08365136384963989,0.9163486361503601,False
CGAGTAAGTTCAATCA,edge_gfp_plus,edge,GFP+,Mac_MHCII,Myeloid,non_tumor,0.34379802003865184,0.7668049778687638,-0.3675251238048597,0.024433612823486328,0.9755663871765137,False
GGTCGAGGTGGACCTC,edge_gfp_plus,edge,GFP+,Mac_MHCII,Myeloid,non_tumor,-0.3939129493628134,0.8972702784681665,-0.2537680150245381,0.15633106231689453,0.8436689376831055,False
CGTGCTAGTCATGATC,edge_gfp_plus,edge,GFP+,Mac_MHCII,Myeloid,non_tumor,-0.03979048869303403,0.7782312986837381,0.07311303456722833,0.16225194931030273,0.8377480506896973,False
GGGGTCAGTTGAGTTC,edge_gfp_plus,edge,GFP+,Monocyte,Myeloid,non_tumor,-0.18186788873493756,1.2099934394434417,-0.2971100170263484,0.033164799213409424,0.9668352007865906,False
CTCACGAGTTGACGCC,edge_gfp_plus,edge,GFP+,cDC,Myeloid,non_tumor,-0.5477250380514151,0.441323011415954,-0.3221293036848135,0.301848828792572,0.698151171207428,False
GGCGCTTGTTCCGGGT,edge_gfp_plus,edge,GFP+,Mac_MHCII,Myeloid,non_tumor,-0.6443492785596905,0.9008958293316921,3.417230837825688,0.19674336910247803,0.803256630897522,False
GCGTTTGGTATTAGCC,edge_gfp_plus,edge,GFP+,Tumor_proliferating,Tumor,persistent_hypoxia,0.6004549257874581,-0.15216873751804288,-0.26356713804561,0.633325845003128,0.36667415499687195,True
GGGATTAGTAACTCCG,edge_gfp_plus,edge,GFP+,Neutrophil,Myeloid,non_tumor,-0.9333741589742223,0.5083513741760293,-0.41915740098775833,0.23731780052185059,0.7626821994781494,False
CCACCAAGTTCGCCTT,edge_gfp_plus,edge,GFP+,Mac_MHCII,Myeloid,non_tumor,-0.9045162529891483,0.7051775212947075,-0.22110944540520133,0.023345470428466797,0.9766545295715332,False
GTGGCGAGTTATCATG,edge_gfp_plus,edge,GFP+,Mac_MHCII,Myeloid,non_tumor,0.5783116146339639,2.9321414297487127,-0.1592940314088218,0.034880101680755615,0.9651198983192444,False
GCGCAAGGTTCCGCAA,edge_gfp_plus,edge,GFP+,Tumor_proliferating,Tumor,entering_hypoxia,-0.8350923498900573,0.7080860576735787,0.944339954434504,0.7151724696159363,0.2848275303840637,True
CAGGTCCGTATTGGAG,edge_gfp_plus,edge,GFP+,Mac_MHCII,Myeloid,non_tumor,-0.9776296943290959,0.8487505054088057,0.07009427172509089,0.16420233249664307,0.8357976675033569,False
CACGCTAGTTTCCTGC,edge_gfp_plus,edge,GFP+,Tumor_proliferating,Tumor,entering_hypoxia,-0.129120921160625,1.9249595648185014,0.4286739072910152,0.6670892238616943,0.33291077613830566,True
CGAATAGGTGGGTTAA,edge_gfp_plus,edge,GFP+,Mac_MHCII,Myeloid,non_tumor,-0.556231414607139,0.45373444662334383,0.0404001042720448,0.14919644594192505,0.850803554058075,False
ATTGAGGGTGATTGAG,edge_gfp_plus,edge,GFP+,Monocyte,Myeloid,non_tumor,1.8181516795254908,3.8088636230066353,-0.39483927141028047,0.03326702117919922,0.9667329788208008,False
CTTACAAGTCATCCTC,edge_gfp_plus,edge,GFP+,Monocyte,Myeloid,non_tumor,-1.1768242809522838,1.1449049306286558,-0.13223212516901414,0.04974597692489624,0.9502540230751038,False
CCCGATAGTAACGCAA,edge_gfp_plus,edge,GFP+,Mac_MHCII,Myeloid,non_tumor,-1.1768242809522838,0.36732493851050907,0.6409167506748528,0.1656055450439453,0.8343944549560547,False
ACATGAGGTGATTGCT,edge_gfp_plus,edge,GFP+,Monocyte,Myeloid,non_tumor,2.4530491040325395,3.1454085827172342,-0.288499731495227,0.041436731815338135,0.9585632681846619,False
ACTCTAAGTTTGAGAG,edge_gfp_plus,edge,GFP+,Mac_MHCII,Myeloid,non_tumor,-0.8470298841117638,0.7340990340710298,1.1045918738026759,0.13509106636047363,0.8649089336395264,False
GCTTTGGGTTCGAGCC,edge_gfp_plus,edge,GFP+,Tumor_proliferating,Tumor,entering_hypoxia,-1.1768242809522838,1.5187511044853406,0.2757190925502968,0.5413879454135895,0.4586120545864105,True
ACCATTAGTAGCTAAG,edge_gfp_plus,edge,GFP+,Neutrophil,Myeloid,non_tumor,-0.953906623667684,0.21032541373466893,-0.3821473803494606,0.20126914978027344,0.7987308502197266,False
ATCAAGGGTAGGTCAA,edge_gfp_plus,edge,GFP+,Mac_MHCII,Myeloid,non_tumor,-0.32970141880335,0.6455524384300005,-0.29481475301882004,0.02664726972579956,0.9733527302742004,False
ACCTAACGTTGCGAGG,edge_gfp_plus,edge,GFP+,Monocyte,Myeloid,non_tumor,-0.486749856437195,0.7551325617867327,-0.31231506369011186,0.02539151906967163,0.9746084809303284,False
CTCGTAGGTTCGTTAA,edge_gfp_plus,edge,GFP+,Mac_MHCII,Myeloid,non_tumor,0.564421521668897,1.0190451668764418,-0.352381321349401,0.03318345546722412,0.9668165445327759,False
TCAATTGGTTGGCCGT,edge_gfp_plus,edge,GFP+,Mac_MHCII,Myeloid,non_tumor,-0.25189712666351993,1.5490077731754694,-0.22796267133151152,0.039390504360198975,0.960609495639801,False
ATAGCGAGTTATCGAC,edge_gfp_plus,edge,GFP+,Mac_MHCII,Myeloid,non_tumor,0.7085219207689112,0.5289769232040493,-0.2566148689870969,0.03557056188583374,0.9644294381141663,False
AGAAGGGGTTGCTCTC,edge_gfp_plus,edge,GFP+,Mac_MHCII,Myeloid,non_tumor,0.8277607051227514,0.4065948807728848,-0.03123753857188195,0.1512603759765625,0.8487396240234375,False
TGTAAGGGTGGACACG,edge_gfp_plus,edge,GFP+,Neutrophil,Myeloid,non_tumor,-0.1635349923219823,1.038039656438878,-0.3583170529618673,0.29287272691726685,0.7071272730827332,False
CTGCCTTGTTATGTGC,edge_gfp_plus,edge,GFP+,Mac_MHCII,Myeloid,non_tumor,-0.4614795620035482,0.9355184838846998,-0.06501963501290989,0.16578298807144165,0.8342170119285583,False
AAGGAAAGTCATGAAG,edge_gfp_plus,edge,GFP+,Tumor_proliferating,Tumor,exiting_hypoxia,1.352270829915657,-1.0738700587238876,4.153025698358866,0.5657146871089935,0.43428531289100647,True
CGCGTTAGTGAGTTGA,edge_gfp_plus,edge,GFP+,Mac_MHCII,Myeloid,non_tumor,-0.0908356173239389,-0.08568040869867104,-0.3161989783326966,0.035001158714294434,0.9649988412857056,False
ACGGGCAGTTATCCAA,edge_gfp_plus,edge,GFP+,cDC,Myeloid,non_tumor,0.12293271442690357,0.7612919001310937,-0.11582729304250436,0.08264797925949097,0.917352020740509,False
AGCTTACGTTGAAGGC,edge_gfp_plus,edge,GFP+,Mac_MHCII,Myeloid,non_tumor,1.6376739523789496,3.5298593507185148,-0.3384412440945564,0.03408914804458618,0.9659108519554138,False
GTTCTAAGTAAGCAAT,edge_gfp_plus,edge,GFP+,Neutrophil,Myeloid,non_tumor,-0.9117347155399596,0.9371322090481822,-0.4269790603755896,0.35538792610168457,0.6446120738983154,False
TCTACGGGTAGCTAAG,edge_gfp_plus,edge,GFP+,Tumor_proliferating,Tumor,entering_hypoxia,-0.8638603496131334,0.6716763495831605,0.9408311538077898,0.6796219646930695,0.32037803530693054,True
GCGGGTAGTTGGCTAT,edge_gfp_plus,edge,GFP+,Mac_C1q,Myeloid,non_tumor,-0.4717566813913309,0.8227949082697393,-0.10590003403019095,0.11129868030548096,0.888701319694519,False
AACGAATGTTGGCTAT,edge_gfp_plus,edge,GFP+,Neutrophil,Myeloid,non_tumor,-0.8622476078820498,0.9207159316628636,-0.46254532817999205,0.290524423122406,0.709475576877594,False
GTTGTACGTGAAGTCA,edge_gfp_plus,edge,GFP+,Tumor_proliferating,Tumor,entering_hypoxia,-0.17711568507701683,0.6640687375433094,-0.19470954262208653,0.6067118942737579,0.39328810572624207,True
ACCGAGGGTGACGATA,edge_gfp_plus,edge,GFP+,Mac_MHCII,Myeloid,non_tumor,-0.8129773755069183,1.2606639549940408,-0.1298200220131634,0.03717601299285889,0.9628239870071411,False
CGTCATGGTGATTCCG,edge_gfp_plus,edge,GFP+,Mac_MHCII,Myeloid,non_tumor,-0.5849279772271863,5.46458203246871,-0.10326893079125285,0.035041213035583496,0.9649587869644165,False
CGCTATGGTCTAGAGA,edge_gfp_plus,edge,GFP+,Monocyte,Myeloid,non_tumor,-0.3374824081663744,2.4477580000148946,-0.3084179311443805,0.03115832805633545,0.9688416719436646,False
CGTTATAGTTCGCGTA,edge_gfp_plus,edge,GFP+,Mac_MHCII,Myeloid,non_tumor,-0.8463196161941423,0.8283424858213932,-0.3243579767649421,0.03408151865005493,0.9659184813499451,False
ATGGGTAGTTGCACGC,edge_gfp_plus,edge,GFP+,Neutrophil,Myeloid,non_tumor,-0.609991888589535,0.47529285655680015,-0.23714808083806707,0.2928198575973511,0.7071801424026489,False
GCATAAGGTATGTCAC,edge_gfp_plus,edge,GFP+,Mac_MHCII,Myeloid,non_tumor,-1.1768242809522838,0.781355835626525,-0.21449794298272407,0.02683967351913452,0.9731603264808655,False
CGTGATTGTCTGGGCT,edge_gfp_plus,edge,GFP+,Monocyte,Myeloid,non_tumor,-0.41040380765914103,1.02695944572162,-0.2529175755629852,0.06329530477523804,0.936704695224762,False
AAAGCTGGTTCGTAAC,edge_gfp_plus,edge,GFP+,Mac_MHCII,Myeloid,non_tumor,-0.2622423081824839,0.7155119812541277,-0.2771243519744836,0.08582526445388794,0.9141747355461121,False
GGATTGAGTAATCCTA,edge_gfp_plus,edge,GFP+,Mac_MHCII,Myeloid,non_tumor,-1.1768242809522838,0.9679881673663164,1.2961013616064032,0.16975396871566772,0.8302460312843323,False
GGTAATGGTTGACCAT,edge_gfp_plus,edge,GFP+,Tumor_proliferating,Tumor,entering_deep_hypoxia,0.2829577837683066,0.6112415673101953,1.85299172909402,0.2924076318740845,0.7075923681259155,True
AAAGCCAGTTCTGGTG,edge_gfp_plus,edge,GFP+,Mac_MHCII,Myeloid,non_tumor,-1.1768242809522838,0.3871005702424799,1.0423088473459656,0.16173964738845825,0.8382603526115417,False
AAGGTCAGTCATCCAG,edge_gfp_plus,edge,GFP+,Treg,T_cell,non_tumor,0.03043410960954389,0.9434556366816218,-0.09756369632239334,0.07759290933609009,0.9224070906639099,False
CTGGTATGTTCGCGTA,edge_gfp_plus,edge,GFP+,Neutrophil,Myeloid,non_tumor,-0.7226065606253042,1.5417337381236687,-0.3896161433430831,0.22458624839782715,0.7754137516021729,False
AGGTTAGGTTCACGCA,edge_gfp_plus,edge,GFP+,Neutrophil,Myeloid,non_tumor,-1.1768242809522838,0.6147214813347577,-0.34173037465934153,0.28585654497146606,0.7141434550285339,False
GTTGTACGTGAGTGAC,edge_gfp_plus,edge,GFP+,Mac_MHCII,Myeloid,non_tumor,-1.1768242809522838,0.3891022921565426,0.2878951820540449,0.16262292861938477,0.8373770713806152,False
ACGCTATGTTCAAGTC,edge_gfp_plus,edge,GFP+,Neutrophil,Myeloid,non_tumor,-0.8639130245323426,0.8382932380978007,-0.3537154074123263,0.28363490104675293,0.7163650989532471,False
AGCGTAAGTTTACCGG,edge_gfp_plus,edge,GFP+,Mac_MHCII,Myeloid,non_tumor,-0.5606306997934378,0.21770242407201898,2.0240388187899616,0.16971194744110107,0.8302880525588989,False
CCAGTTGGTGGACCGA,edge_gfp_plus,edge,GFP+,Tumor_proliferating,Tumor,transitional,-0.46794866285625863,0.4447254365298579,0.3267741721962594,0.4998224377632141,0.5001775622367859,True
CCGATTGGTAAGCAGC,edge_gfp_plus,edge,GFP+,cDC,Myeloid,non_tumor,-1.1768242809522838,0.8549408002803329,-0.21492715434072504,0.09904897212982178,0.9009510278701782,False
TGATCCGGTCTTGCCT,edge_gfp_plus,edge,GFP+,Tumor_proliferating,Tumor,entering_deep_hypoxia,0.6156109330645357,1.3186977314539656,-0.029935192657112204,0.6476317346096039,0.3523682653903961,True
CTTGCCTGTGGCGATG,edge_gfp_plus,edge,GFP+,Mac_C1q,Myeloid,non_tumor,-0.9325874350605591,0.9458424169491874,-0.04248766473548512,0.16741377115249634,0.8325862288475037,False
TATGGCTGTAAGCATG,edge_gfp_plus,edge,GFP+,Mac_MHCII,Myeloid,non_tumor,-0.9780665358767785,0.7798205923349097,-0.18913569941970731,0.05452454090118408,0.9454754590988159,False
ACATTTGGTGGCCAAG,edge_gfp_plus,edge,GFP+,Neutrophil,Myeloid,non_tumor,0.5764546468954403,1.1485123007978055,-0.442761686208703,0.30381155014038086,0.6961884498596191,False
AGTGCGGGTATGGACA,edge_gfp_plus,edge,GFP+,Neutrophil,Myeloid,non_tumor,-0.8655109304558869,0.6190314175981496,-0.41283838668167017,0.3028160333633423,0.6971839666366577,False
GTTAGAGGTTCCGGTA,edge_gfp_plus,edge,GFP+,Neutrophil,Myeloid,non_tumor,0.13574446280196129,1.1758318177615168,-0.422783152229962,0.25390416383743286,0.7460958361625671,False
CCGCGATGTTAGTGTC,edge_gfp_plus,edge,GFP+,Mac_MHCII,Myeloid,non_tumor,1.6720284598461033,3.270251498654959,-0.3419418725217819,0.02764981985092163,0.9723501801490784,False
GCTCATGGTCAATCTA,edge_gfp_plus,edge,GFP+,Mac_MHCII,Myeloid,non_tumor,1.398147668217834,6.362875715245525,-0.39227248302172807,0.04443395137786865,0.9555660486221313,False
CAAAGGCGTAGGTCCC,edge_gfp_plus,edge,GFP+,Treg,T_cell,non_tumor,-0.3753036740990237,0.773481995203672,-0.1513144513041655,0.08933472633361816,0.9106652736663818,False
AGAAGTTGTAGGTGTA,edge_gfp_plus,edge,GFP+,Monocyte,Myeloid,non_tumor,0.3620325242950067,1.8406047089567936,-0.3951589236578177,0.03255796432495117,0.9674420356750488,False
ACTCGATGTTATCTAG,edge_gfp_plus,edge,GFP+,Tumor_proliferating,Tumor,entering_hypoxia,-0.8828085302764533,0.8766150320391884,0.634669623543311,0.7005259394645691,0.2994740605354309,True
CAAGGTAGTTGCATTA,edge_gfp_plus,edge,GFP+,cDC,Myeloid,non_tumor,-0.6841773938616589,0.42956081150310144,-0.36200422958696016,0.232438325881958,0.767561674118042,False
CCTCGAAGTTCATCGG,edge_gfp_plus,edge,GFP+,CD8_exhausted,T_cell,non_tumor,0.0318198530969724,0.8989543969995116,-0.08317873545387033,0.1085505485534668,0.8914494514465332,False
GGTGCCTGTTAGAGAT,edge_gfp_plus,edge,GFP+,Tumor_proliferating,Tumor,persistent_hypoxia,0.49609148378486134,-0.09438254849696898,2.0308419424316244,0.5627195537090302,0.43728044629096985,True
GGAGCCAGTTGGTGCC,edge_gfp_plus,edge,GFP+,Mac_C1q,Myeloid,non_tumor,-0.22131507464947367,0.5625256853439226,-0.013781793076509627,0.13766080141067505,0.862339198589325,False
GCGGTAGGTTAATTCG,edge_gfp_plus,edge,GFP+,Mac_MHCII,Myeloid,non_tumor,-0.5765951763885131,-0.022375916156393817,-0.319049771877297,0.0396081805229187,0.9603918194770813,False
TGACGTTGTGAGGCAT,edge_gfp_plus,edge,GFP+,Neutrophil,Myeloid,non_tumor,-0.8229195405640621,0.8498663006476275,-0.3689455679533683,0.19444876909255981,0.8055512309074402,False
GTACCCAGTTGGCCGT,edge_gfp_plus,edge,GFP+,Mac_MHCII,Myeloid,non_tumor,-0.0651731544602388,0.8495189846065717,-0.3586522935588899,0.029295027256011963,0.970704972743988,False
AAGCATGGTTGCTCTC,edge_gfp_plus,edge,GFP+,Mac_Spp1,Myeloid,non_tumor,-0.5953209660994117,0.12440639216812244,-0.3517034491942867,0.07167154550552368,0.9283284544944763,False
TCTGCAGGTGAACTAG,edge_gfp_plus,edge,GFP+,Mac_MHCII,Myeloid,non_tumor,-0.1906291899591355,0.2822711440185237,0.67703441524248,0.2261551022529602,0.7738448977470398,False
GGCGTGAGTATGTCCG,edge_gfp_plus,edge,GFP+,Neutrophil,Myeloid,non_tumor,1.345023395540486,0.7966697423496228,-0.442761686208703,0.29891085624694824,0.7010891437530518,False
AGCGCAGGTTCCTTCA,edge_gfp_plus,edge,GFP+,Mac_MHCII,Myeloid,non_tumor,0.12908655777950906,1.4504401365993913,-0.21747073980756101,0.04257780313491821,0.9574221968650818,False
CGCATATGTCAAGTAG,edge_gfp_plus,edge,GFP+,Neutrophil,Myeloid,non_tumor,-0.8344983418143707,0.003929419721351326,-0.2998743311057206,0.1788555383682251,0.8211444616317749,False
GCGTATTGTTGAAGTG,edge_gfp_plus,edge,GFP+,Mac_MHCII,Myeloid,non_tumor,-0.8799283933613327,0.4822007001828475,-0.29040000818904826,0.07722628116607666,0.9227737188339233,False
GGTAAATGTGAAGCCG,edge_gfp_plus,edge,GFP+,Neutrophil,Myeloid,non_tumor,-0.4004239432764492,0.3567179111624937,-0.32787027194954904,0.12644505500793457,0.8735549449920654,False
GGCATGGGTGCGCATC,edge_gfp_plus,edge,GFP+,Mac_MHCII,Myeloid,non_tumor,0.03184716037245945,0.24455931642754866,-0.21250158764984922,0.09889209270477295,0.901107907295227,False
GGAATTGGTCTCCACT,edge_gfp_plus,edge,GFP+,Neutrophil,Myeloid,non_tumor,0.49278596304893096,-0.024783490663989553,-0.29028446452366213,0.2068004012107849,0.7931995987892151,False
TCCCGTTGTAGTGCCC,edge_gfp_plus,edge,GFP+,Mac_MHCII,Myeloid,non_tumor,-1.1768242809522838,0.5670495162604148,-0.17519041017455309,0.1581357717514038,0.8418642282485962,False
GTCGGCTGTATAGTCC,edge_gfp_plus,edge,GFP+,Mac_MHCII,Myeloid,non_tumor,-0.45632056033084034,0.9810018045195669,-0.1296498757575901,0.03024238348007202,0.969757616519928,False
CTATCAAGTAGTGTCT,edge_gfp_plus,edge,GFP+,Neutrophil,Myeloid,non_tumor,1.171920706077821,-0.5036186422272501,-0.3725971697397141,0.26435959339141846,0.7356404066085815,False
AGGGTTAGTTGACGCC,edge_gfp_plus,edge,GFP+,Monocyte,Myeloid,non_tumor,-1.1768242809522838,0.7623493122630917,-0.3492243098547255,0.04351627826690674,0.9564837217330933,False
ATAGCGAGTGCGTGTC,edge_gfp_plus,edge,GFP+,Mac_MHCII,Myeloid,non_tumor,-0.4803173967138842,2.09299948818294,-0.39693441280553726,0.034011125564575195,0.9659888744354248,False
TCGTGATGTAATGGAT,edge_gfp_plus,edge,GFP+,Mac_MHCII,Myeloid,non_tumor,-0.543851985621401,0.26213085135041464,-0.29364934035745965,0.06150710582733154,0.9384928941726685,False
TCTACGGGTTATGACC,edge_gfp_plus,edge,GFP+,Mac_MHCII,Myeloid,non_tumor,-1.1768242809522838,0.36067383182554374,-0.3165774147047551,0.042213618755340576,0.9577863812446594,False
GCTGGCTGTCAAGGAC,edge_gfp_plus,edge,GFP+,cDC,Myeloid,non_tumor,-1.1768242809522838,0.38975470907259563,-0.39506702244730374,0.3266288638114929,0.6733711361885071,False
CAGTAAGGTGAGTTGA,edge_gfp_plus,edge,GFP+,Neutrophil,Myeloid,non_tumor,-0.8290291949549106,0.2424830772065033,-0.33958132904419897,0.2609850764274597,0.7390149235725403,False
AGCCATTGTCATCGGC,edge_gfp_plus,edge,GFP+,Treg,T_cell,non_tumor,1.714167958367723,0.745290177451556,-0.2829068804904786,0.2380448579788208,0.7619551420211792,False
CGACTGACAGGCTAAT,edge_gfp_minus,edge,GFP-,cDC,Myeloid,non_tumor,-0.7074226965994969,1.2004328249204046,3.9513565398276684,0.12539011240005493,0.8746098875999451,False
GTCGGGTCAAGTGCTG,edge_gfp_minus,edge,GFP-,cDC,Myeloid,non_tumor,-0.06682801277971405,0.9339336403318466,-0.328924301373115,0.29177725315093994,0.7082227468490601,False
ACCTGTCCAAGCGCAC,edge_gfp_minus,edge,GFP-,Tumor_proliferating,Tumor,transitional,-0.5037624795459849,-0.37946579406092823,0.6285196643353484,0.5331896543502808,0.46681034564971924,True
TACTGTTCAGCCTATC,edge_gfp_minus,edge,GFP-,Mac_MHCII,Myeloid,non_tumor,-0.2907939498182963,0.7606995735791287,-0.2781453542908844,0.033157527446746826,0.9668424725532532,False
TACCGTCCACCTCACG,edge_gfp_minus,edge,GFP-,cDC,Myeloid,non_tumor,-0.3713165168762145,0.7497828391530007,-0.26817122503737195,0.0834205150604248,0.9165794849395752,False
CAAAGCTCAGGGATGG,edge_gfp_minus,edge,GFP-,Tumor_proliferating,Tumor,transitional,-0.15441529991600952,-0.2580210953279047,0.07782956866725664,0.5199357867240906,0.4800642132759094,True
TAATCCTCAATCTACT,edge_gfp_minus,edge,GFP-,cDC,Myeloid,non_tumor,-0.21952509352662664,1.0977358046936616,-0.28513965400629476,0.06587684154510498,0.934123158454895,False
GGATTCGCAACCTACC,edge_gfp_minus,edge,GFP-,Mac_MHCII,Myeloid,non_tumor,0.19926985950493875,0.7384265985372602,-0.12443424079867872,0.04677993059158325,0.9532200694084167,False
TGAGGAACATTAACCT,edge_gfp_minus,edge,GFP-,cDC,Myeloid,non_tumor,-0.5586915074590882,0.6279303812642008,-0.3183534606862722,0.30189478397369385,0.6981052160263062,False
GGGTTTGCATTACTCG,edge_gfp_minus,edge,GFP-,Tumor_proliferating,Tumor,persistent_hypoxia,0.6566132748056039,-0.3886172654530174,2.9911873098651616,0.5510601699352264,0.44893983006477356,True
TCCAACCCAAACCCGA,edge_gfp_minus,edge,GFP-,Mac_MHCII,Myeloid,non_tumor,-0.2873356142126881,0.5676693306831141,-0.24051368591127878,0.03111952543258667,0.9688804745674133,False
TCCTGACCACAATTAG,edge_gfp_minus,edge,GFP-,NK,NK,non_tumor,-0.4651342909071674,0.7717050332463378,0.14363891607000895,0.1168828010559082,0.8831171989440918,False
TGCATAACATGGTAGT,edge_gfp_minus,edge,GFP-,CD8_exhausted,T_cell,non_tumor,-0.36455239407316026,1.0070868039474679,-0.23114702890916586,0.11767232418060303,0.882327675819397,False
AGCCAATCACTAATGA,edge_gfp_minus,edge,GFP-,CD4_T,T_cell,non_tumor,-0.15403564031459877,1.00077165906628,-0.24226680665861972,0.14919501543045044,0.8508049845695496,False
CATCCACCAAGCTATA,edge_gfp_minus,edge,GFP-,Monocyte,Myeloid,non_tumor,-0.14564123200249418,0.8095938283144072,-0.3394804658090327,0.07592982053756714,0.9240701794624329,False
AAACTTGCAGGACACC,edge_gfp_minus,edge,GFP-,Monocyte,Myeloid,non_tumor,-0.1885517517356125,0.7288206219044947,-0.2215737465612869,0.07146227359771729,0.9285377264022827,False
GCCGAGTCAGGACAGG,edge_gfp_minus,edge,GFP-,NK,NK,non_tumor,-0.2875478099579392,0.8752178712652129,0.344965527628928,0.12058305740356445,0.8794169425964355,False
TCCTGGTCATTAGCTT,edge_gfp_minus,edge,GFP-,cDC,Myeloid,non_tumor,0.03167457662452956,0.8154815956642923,-0.3135614129054241,0.13931888341903687,0.8606811165809631,False
AACCACGCACCATTCA,edge_gfp_minus,edge,GFP-,cDC,Myeloid,non_tumor,-0.40482337178463845,0.7929777554467614,-0.23628866396226086,0.0731663703918457,0.9268336296081543,False
CCTCGATCAATATCGA,edge_gfp_minus,edge,GFP-,Monocyte,Myeloid,non_tumor,-0.037186369363589995,0.770946043398051,-0.21666188248415263,0.07380378246307373,0.9261962175369263,False
ACAAGCTCAAGCTCTC,edge_gfp_minus,edge,GFP-,cDC,Myeloid,non_tumor,0.9131883100927384,1.3510160771110782,0.5412714733652825,0.08471566438674927,0.9152843356132507,False
GCATCCTCAAACTGCG,edge_gfp_minus,edge,GFP-,cDC,Myeloid,non_tumor,-0.4664821208944244,0.7825706281159246,-0.30203922633014385,0.08378112316131592,0.9162188768386841,False
CGATAGTCAACTGTCC,edge_gfp_minus,edge,GFP-,Mac_MHCII,Myeloid,non_tumor,-0.5301133295740877,0.951475275061374,-0.22929632465489996,0.04162931442260742,0.9583706855773926,False
GTCATCCCACTCAACC,edge_gfp_minus,edge,GFP-,Monocyte,Myeloid,non_tumor,-0.6989170049248634,0.8503199416230982,-0.23884355431209295,0.047186970710754395,0.9528130292892456,False
AATGACCCATTCGTCA,edge_gfp_minus,edge,GFP-,cDC,Myeloid,non_tumor,-0.5843632157069524,0.8479560836077832,-0.39877845927566646,0.353481650352478,0.646518349647522,False
ATCTGTTCAGGGCCAT,edge_gfp_minus,edge,GFP-,Tumor_proliferating,Tumor,exiting_hypoxia,-0.03215049427502072,-0.5214162980651679,0.022364237098387897,0.4984937310218811,0.5015062689781189,True
TAGGCCACAACCAGAT,edge_gfp_minus,edge,GFP-,cDC,Myeloid,non_tumor,-0.37810689366555505,0.8136496639812568,-0.36760583211582626,0.34588295221328735,0.6541170477867126,False
ATATTCCCACAGCGAC,edge_gfp_minus,edge,GFP-,Tumor_proliferating,Tumor,exiting_hypoxia,-0.3300381889021285,-0.592794230259122,3.891130533148254,0.5615106523036957,0.4384893476963043,True
TGCGATGCAATCAGTA,edge_gfp_minus,edge,GFP-,Tumor_proliferating,Tumor,persistent_hypoxia,0.23569152588456363,-0.36187417022492746,0.28971750805747903,0.5557817816734314,0.4442182183265686,True
GCCAAGCCACCTATGC,edge_gfp_minus,edge,GFP-,cDC,Myeloid,non_tumor,-0.23497576029177536,0.5389645461169705,-0.3186575449355553,0.08892220258712769,0.9110777974128723,False
CATGCCTCATCACATT,edge_gfp_minus,edge,GFP-,Mac_MHCII,Myeloid,non_tumor,-0.3971889536303358,0.7506362592384213,-0.3038308019681045,0.03744709491729736,0.9625529050827026,False
CCTCAGTCACCTACCG,edge_gfp_minus,edge,GFP-,cDC,Myeloid,non_tumor,-0.03124223199169881,0.4667146684136102,-0.34791238890671927,0.25005125999450684,0.7499487400054932,False
TCAGTAACACCATCTA,edge_gfp_minus,edge,GFP-,Mac_MHCII,Myeloid,non_tumor,0.09027589480026367,0.7456912088872816,-0.3332950410215017,0.031545042991638184,0.9684549570083618,False
CAAAGCTCAATACCAA,edge_gfp_minus,edge,GFP-,cDC,Myeloid,non_tumor,-0.01603836182804387,0.6802705150806396,-0.278602348241351,0.08354395627975464,0.9164560437202454,False
GGATGGGCAAACCAGT,edge_gfp_minus,edge,GFP-,cDC,Myeloid,non_tumor,-0.3189662078001379,0.8516911162884871,-0.35060763970999337,0.3234037756919861,0.6765962243080139,False
ACTGCCTCAAATCGCG,edge_gfp_minus,edge,GFP-,cDC,Myeloid,non_tumor,-0.22846540738149942,0.8209028623339175,-0.30221857135444885,0.11529207229614258,0.8847079277038574,False
GCCATTCCATCCAGAG,edge_gfp_minus,edge,GFP-,Mac_MHCII,Myeloid,non_tumor,0.04454509465592231,0.5828650812888105,-0.3051355303301184,0.0391576886177063,0.9608423113822937,False
TCCTCAACATAACGGT,edge_gfp_minus,edge,GFP-,Mac_MHCII,Myeloid,non_tumor,0.26794109461585075,0.49595278909397367,-0.28309909178700127,0.026940107345581055,0.973059892654419,False
AGAGATGCAGGCATCA,edge_gfp_minus,edge,GFP-,Mac_MHCII,Myeloid,non_tumor,-0.4669652406741406,0.6900108453272974,-0.30817364769418826,0.027407944202423096,0.9725920557975769,False
CCTGAGACACAGCATG,edge_gfp_minus,edge,GFP-,cDC,Myeloid,non_tumor,-0.1767263726007742,1.3702407419540321,4.1893063819181275,0.12611395120620728,0.8738860487937927,False
TGCACCTCAGCTCACT,edge_gfp_minus,edge,GFP-,cDC,Myeloid,non_tumor,-0.18000405094535743,1.0631391262229621,-0.2625419677026444,0.06680458784103394,0.9331954121589661,False
TGAGCTGCAACATAGC,edge_gfp_minus,edge,GFP-,Mac_MHCII,Myeloid,non_tumor,2.2460773898006994,0.42387890187225774,-0.2583204234821127,0.033478379249572754,0.9665216207504272,False
GGCCTAACATAACCGG,edge_gfp_minus,edge,GFP-,Mac_MHCII,Myeloid,non_tumor,-0.24095802321930357,0.9465915060218367,-0.27709010038174436,0.022802352905273438,0.9771976470947266,False
GGCGAGACATGGCTAG,edge_gfp_minus,edge,GFP-,Monocyte,Myeloid,non_tumor,-0.34415021678286306,0.725106478233949,-0.27660024182683013,0.07370531558990479,0.9262946844100952,False
CGATCCTCAAACCAAC,edge_gfp_minus,edge,GFP-,cDC,Myeloid,non_tumor,-0.5039977363206652,0.8436806420144585,-0.2993248970856161,0.28168582916259766,0.7183141708374023,False
TAGCAGTCATAAGTTG,edge_gfp_minus,edge,GFP-,cDC,Myeloid,non_tumor,-0.6283791216055611,0.8449283046116625,-0.2806179130610379,0.2728537321090698,0.7271462678909302,False
CTTATCGCAGCTCTCG,edge_gfp_minus,edge,GFP-,Treg,T_cell,non_tumor,0.30132835834833144,0.5946659550970574,-0.15128310220898428,0.25281822681427,0.74718177318573,False
TCTACTGCATTGGAGT,edge_gfp_minus,edge,GFP-,cDC,Myeloid,non_tumor,-0.5435115381927912,0.8202029734304019,-0.2813219673864292,0.3023303151130676,0.6976696848869324,False
TCTCAGCCAAGTAACC,edge_gfp_minus,edge,GFP-,cDC,Myeloid,non_tumor,-0.2744445022479091,0.7548167762118977,-0.34342262989521505,0.32288503646850586,0.6771149635314941,False
ACCAGGCCACCTTACA,edge_gfp_minus,edge,GFP-,Mac_MHCII,Myeloid,non_tumor,-0.3613365637194757,0.7570796223485464,-0.28882065434903376,0.03220963478088379,0.9677903652191162,False
TATCATCCACCATCGT,edge_gfp_minus,edge,GFP-,Monocyte,Myeloid,non_tumor,-0.6372577504144515,1.1636886035618952,-0.2181603867756155,0.06970560550689697,0.930294394493103,False
TCTCAGCCATGGTAAC,edge_gfp_minus,edge,GFP-,cDC,Myeloid,non_tumor,0.5872893556040577,1.3097909523474252,-0.2540282908361715,0.07114154100418091,0.9288584589958191,False
CGCATTCCACTAGCAG,edge_gfp_minus,edge,GFP-,Mac_MHCII,Myeloid,non_tumor,0.3982380674669919,0.7672335894169856,-0.2802872019530081,0.03704428672790527,0.9629557132720947,False
GGCATCACATCACGCT,edge_gfp_minus,edge,GFP-,CD8_exhausted,T_cell,non_tumor,-0.03532779122798568,0.7499518579708794,0.28741489800725734,0.15930616855621338,0.8406938314437866,False
ACCATAACAGGCAATT,edge_gfp_minus,edge,GFP-,Mac_MHCII,Myeloid,non_tumor,0.8638802665692271,0.6463059845757707,-0.3154255109885335,0.02633875608444214,0.9736612439155579,False
ACTTGGGCATGGTATA,edge_gfp_minus,edge,GFP-,cDC,Myeloid,non_tumor,0.006941369267896879,0.7326924389177366,-0.29579337067807776,0.0900954008102417,0.9099045991897583,False
AGCCAGCCATCGGTTC,edge_gfp_minus,edge,GFP-,cDC,Myeloid,non_tumor,-0.2984342795290519,0.7059067808296873,-0.3031579498693002,0.080422043800354,0.919577956199646,False
TAATTCCCATAAGTGC,edge_gfp_minus,edge,GFP-,cDC,Myeloid,non_tumor,1.308251600482746,1.1462496996510922,-0.30087702904896435,0.20195555686950684,0.7980444431304932,False
GGCAACCCAATGGAGA,edge_gfp_minus,edge,GFP-,Mac_MHCII,Myeloid,non_tumor,0.009170083314448527,0.5791554768196842,-0.20053743185400694,0.03450655937194824,0.9654934406280518,False
GTGAATCCATTCGTAT,edge_gfp_minus,edge,GFP-,cDC,Myeloid,non_tumor,-0.4897150397836461,0.8011034160545031,-0.368009529333186,0.3298865556716919,0.6701134443283081,False
TGGTCCTCAGCTATCC,edge_gfp_minus,edge,GFP-,cDC,Myeloid,non_tumor,0.14352353837601534,1.0157237704944093,-0.2328729519788941,0.055080950260162354,0.9449190497398376,False
TAACGCGCATGGTAGT,edge_gfp_minus,edge,GFP-,cDC,Myeloid,non_tumor,-0.5832065030787108,0.8569590236179021,-0.2812435722110148,0.2683117389678955,0.7316882610321045,False
GCGGGAACATGCTCAC,edge_gfp_minus,edge,GFP-,Mac_MHCII,Myeloid,non_tumor,-0.16797338010500693,0.6499090876479807,-0.28299803179991745,0.02918863296508789,0.9708113670349121,False
GGGTTTGCACCTTAGC,edge_gfp_minus,edge,GFP-,Mac_MHCII,Myeloid,non_tumor,0.3519310841637956,0.8171748208464261,-0.2563772779489139,0.03924417495727539,0.9607558250427246,False
GGTGAGGCACCTACTA,edge_gfp_minus,edge,GFP-,Monocyte,Myeloid,non_tumor,-0.5289737609951981,0.8339272826624974,-0.27357451494246326,0.0628284215927124,0.9371715784072876,False
GTGTAACCATAGGTTA,edge_gfp_minus,edge,GFP-,cDC,Myeloid,non_tumor,-0.8916580434187815,0.8340744344285477,-0.34219974028216454,0.23788654804229736,0.7621134519577026,False
ATCCTCACAAATGCTA,edge_gfp_minus,edge,GFP-,Mac_MHCII,Myeloid,non_tumor,0.23227510438856547,0.5685482210032967,-0.33944850035170787,0.032365381717681885,0.9676346182823181,False
AATCGGTCAACCGTGA,edge_gfp_minus,edge,GFP-,Mac_MHCII,Myeloid,non_tumor,-0.2576375070861113,0.758236823676345,-0.2341627338777605,0.02430903911590576,0.9756909608840942,False
CAGCAGCCAGGCTCAA,edge_gfp_minus,edge,GFP-,Mac_MHCII,Myeloid,non_tumor,-0.09389090391597223,0.7337945825501384,-0.26146116748819165,0.030283629894256592,0.9697163701057434,False
CTATGGGCACAATCAA,edge_gfp_minus,edge,GFP-,cDC,Myeloid,non_tumor,-0.7091099347503508,0.7286818389423213,-0.3520367143101724,0.3156580328941345,0.6843419671058655,False
ACCTTCACAAACCATA,edge_gfp_minus,edge,GFP-,cDC,Myeloid,non_tumor,-0.6855081796005831,0.7255091587745234,-0.2719654047908729,0.07970356941223145,0.9202964305877686,False
CTTCAGCCAGGATTAC,edge_gfp_minus,edge,GFP-,Mac_MHCII,Myeloid,non_tumor,-0.28588043169257166,0.5853982855889781,-0.287329036124384,0.028086960315704346,0.9719130396842957,False
TCCAAGGCAGGACATT,edge_gfp_minus,edge,GFP-,Mac_MHCII,Myeloid,non_tumor,1.882283947537616,0.1260720621726786,-0.29046869921376484,0.027714848518371582,0.9722851514816284,False
AAATTCGCAACGTGCA,edge_gfp_minus,edge,GFP-,Mac_MHCII,Myeloid,non_tumor,-0.14004576974051242,0.6693018298848559,-0.27778614020863696,0.024545252323150635,0.9754547476768494,False
CCTCGATCAACCCTGT,edge_gfp_minus,edge,GFP-,Monocyte,Myeloid,non_tumor,-0.0009705790084573721,0.7408599292465177,-0.3524674222031785,0.03452974557876587,0.9654702544212341,False
CGTCCCACATAGATTG,edge_gfp_minus,edge,GFP-,Mac_MHCII,Myeloid,non_tumor,0.5967965005278122,1.0052958846258122,-0.25704716563712915,0.025980234146118164,0.9740197658538818,False
TCGGCAACACAATTAG,edge_gfp_minus,edge,GFP-,Mac_MHCII,Myeloid,non_tumor,0.923712342771945,0.6771158424577473,-0.2826829283601509,0.026961028575897217,0.9730389714241028,False
CATTCGCCAGCTCTCG,edge_gfp_minus,edge,GFP-,cDC,Myeloid,non_tumor,-0.549153531253681,0.7853421351069338,-0.2708507936809946,0.08248692750930786,0.9175130724906921,False
AACCTAACACTTAACT,edge_gfp_minus,edge,GFP-,Mac_MHCII,Myeloid,non_tumor,0.04159854884194182,0.49254518554890603,-0.20887104946702711,0.027074873447418213,0.9729251265525818,False
AAACGGACAATTGGTA,edge_gfp_minus,edge,GFP-,Monocyte,Myeloid,non_tumor,0.4486866410593789,0.8337969464476179,-0.3174656263332764,0.025489211082458496,0.9745107889175415,False
GCCATCTCAGGAAGCG,edge_gfp_minus,edge,GFP-,cDC,Myeloid,non_tumor,0.14254620708347188,0.7446867236485393,-0.11996906747032862,0.09410446882247925,0.9058955311775208,False
TCACATTCAATCTGCC,edge_gfp_minus,edge,GFP-,cDC,Myeloid,non_tumor,-0.6570471342594931,0.7857665045149309,-0.2915584895902823,0.08275735378265381,0.9172426462173462,False
AGTCACGCAATAGTTG,edge_gfp_minus,edge,GFP-,Mac_MHCII,Myeloid,non_tumor,1.1236786842922408,0.6072642367936159,-0.3289437006482027,0.027761220932006836,0.9722387790679932,False
AACGCGCCATTCCTTC,edge_gfp_minus,edge,GFP-,Mac_MHCII,Myeloid,non_tumor,0.04111817604473365,0.5107189448786761,-0.3159331765471461,0.029813826084136963,0.970186173915863,False
AAGCCTGCAGCTCAGA,edge_gfp_minus,edge,GFP-,Monocyte,Myeloid,non_tumor,-0.058247614562097635,0.8314496152266534,-0.31708363042538135,0.029012620449066162,0.9709873795509338,False
ATGCACGCAATACTTC,edge_gfp_minus,edge,GFP-,Mac_MHCII,Myeloid,non_tumor,0.20683208709036996,0.8131151428481046,-0.30991154275965077,0.026061832904815674,0.9739381670951843,False
TAGTCAACAGGTTAGT,edge_gfp_minus,edge,GFP-,Mac_MHCII,Myeloid,non_tumor,0.10375704184536648,0.46981213056833665,-0.2248060205360735,0.02991020679473877,0.9700897932052612,False
CCCTACGCAGCCATCT,edge_gfp_minus,edge,GFP-,Mac_MHCII,Myeloid,non_tumor,-0.07997805926355517,0.5822195943620786,-0.257580695448083,0.031170785427093506,0.9688292145729065,False
TCACTTGCATGGTTAA,edge_gfp_minus,edge,GFP-,CD8_exhausted,T_cell,non_tumor,-0.19845295908765057,1.0660748982462749,-0.28748830633066713,0.17590618133544922,0.8240938186645508,False
CGACTAGCATTCCTCT,edge_gfp_minus,edge,GFP-,Mac_MHCII,Myeloid,non_tumor,-0.07632119011442312,0.7305624885740879,-0.3475905284121397,0.027728021144866943,0.9722719788551331,False
CCAAAGTCAACGTGAT,edge_gfp_minus,edge,GFP-,Monocyte,Myeloid,non_tumor,-0.4353832855889155,0.5644864859613695,-0.3694802833929017,0.03803187608718872,0.9619681239128113,False
CATCCACCAGTTGCAG,edge_gfp_minus,edge,GFP-,Mac_MHCII,Myeloid,non_tumor,-0.37769513201336175,0.5531246395225485,-0.2599555561375033,0.03431302309036255,0.9656869769096375,False
TGCTCCGCATCCACGT,edge_gfp_minus,edge,GFP-,Tumor_proliferating,Tumor,exiting_hypoxia,-0.3088329636617324,-0.7452869474315681,4.237016922749136,0.5783534348011017,0.4216465651988983,True
ACACAACCACTCAATT,edge_gfp_minus,edge,GFP-,Monocyte,Myeloid,non_tumor,1.0311205793992493,1.090970394902933,-0.23743853285541738,0.02697575092315674,0.9730242490768433,False
CCTCAGTCAAGCGATT,edge_gfp_minus,edge,GFP-,Mac_MHCII,Myeloid,non_tumor,0.031040913816497838,0.7783549103172277,-0.19320441306186273,0.018574059009552002,0.981425940990448,False
CGTTACCCACAGCGTA,edge_gfp_minus,edge,GFP-,cDC,Myeloid,non_tumor,0.5481408540837018,0.7636754996271976,-0.34936511783004026,0.067005455493927,0.932994544506073,False
CAACACGCATCCGCTG,edge_gfp_minus,edge,GFP-,cDC,Myeloid,non_tumor,-0.7658666622747772,0.8766231861063356,-0.2511556216288095,0.2082604169845581,0.7917395830154419,False
CGTGATGCAACCGCAA,edge_gfp_minus,edge,GFP-,Mac_MHCII,Myeloid,non_tumor,-0.08529429343936037,0.8305311983523778,-0.3127728897757482,0.03138232231140137,0.9686176776885986,False
CCTGTCGCATCCCTAA,edge_gfp_minus,edge,GFP-,Mac_MHCII,Myeloid,non_tumor,-0.06898967898587714,0.6233393000437818,-0.26596021317191737,0.025416016578674316,0.9745839834213257,False
GTTCTCACATAGATGC,edge_gfp_minus,edge,GFP-,cDC,Myeloid,non_tumor,0.011775097370308133,0.8960588584265179,-0.2141703373172436,0.08465224504470825,0.9153477549552917,False
AGTCGATCACTCATGC,edge_gfp_minus,edge,GFP-,cDC,Myeloid,non_tumor,-0.221987740844759,0.7935223767041228,-0.36802597212307836,0.33556658029556274,0.6644334197044373,False
AAGCCTGCAATTGACA,edge_gfp_minus,edge,GFP-,Mac_MHCII,Myeloid,non_tumor,-0.3980731091546122,0.7860845507976025,-0.2582353273070203,0.028426051139831543,0.9715739488601685,False
TAGGACTCATGAGTTA,edge_gfp_minus,edge,GFP-,Mac_MHCII,Myeloid,non_tumor,0.5801740270717458,0.4654567244345189,-0.3203408983667453,0.03378838300704956,0.9662116169929504,False
AGGAAATCATTGGAGT,edge_gfp_minus,edge,GFP-,Monocyte,Myeloid,non_tumor,0.11795835191901877,1.0940285671237389,-0.19822508293441116,0.08061164617538452,0.9193883538246155,False
ACACCAGCACCACAGA,edge_gfp_minus,edge,GFP-,Mac_MHCII,Myeloid,non_tumor,-0.19641565789146692,0.69065035624331,-0.32315909444493174,0.029515981674194336,0.9704840183258057,False
ATCGGGCCAAGCTTAA,edge_gfp_minus,edge,GFP-,Mac_MHCII,Myeloid,non_tumor,-0.13229657423054736,0.5129302550720433,-0.3351883042607987,0.02734452486038208,0.9726554751396179,False
GTAACCGCATTCGTCA,edge_gfp_minus,edge,GFP-,Mac_MHCII,Myeloid,non_tumor,1.802370816148092,1.0154546180998598,-0.21026386287512458,0.11970984935760498,0.880290150642395,False
CGAGTCACATAACCGG,edge_gfp_minus,edge,GFP-,cDC,Myeloid,non_tumor,-0.48610061839379504,1.1502550134237481,-0.22986308939610675,0.06831473112106323,0.9316852688789368,False
ATATCCTCATCGACCT,edge_gfp_minus,edge,GFP-,Mac_MHCII,Myeloid,non_tumor,0.5839379762964567,0.7457261212608292,-0.3292867896978639,0.02868133783340454,0.9713186621665955,False
CAGCGGTCATCGCTAC,edge_gfp_minus,edge,GFP-,Mac_MHCII,Myeloid,non_tumor,-0.06943044418189935,0.3822638736214111,-0.3476023967329554,0.02405416965484619,0.9759458303451538,False
TGCTACCCATCACTTG,edge_gfp_minus,edge,GFP-,Monocyte,Myeloid,non_tumor,1.9126787093273376,0.5289021550657343,-0.3546224794847384,0.034126460552215576,0.9658735394477844,False
TATCCGCCATGGTATA,edge_gfp_minus,edge,GFP-,Mac_MHCII,Myeloid,non_tumor,-0.05620209877303822,0.4946327603060405,-0.2892891063274957,0.03036552667617798,0.969634473323822,False
GTATCCCCAAATCGGT,edge_gfp_minus,edge,GFP-,cDC,Myeloid,non_tumor,-0.23601148476678055,0.6892677452559368,-0.29624367690023384,0.08828920125961304,0.911710798740387,False
ACTAATGCAATCTCTG,edge_gfp_minus,edge,GFP-,Monocyte,Myeloid,non_tumor,-0.3593091360906872,0.6818987567260428,-0.33356670083453055,0.014575004577636719,0.9854249954223633,False
AGTGCGCCAATCTCCA,edge_gfp_minus,edge,GFP-,Mac_MHCII,Myeloid,non_tumor,0.7090235344254832,0.6502553667102857,-0.24668856361793642,0.029649972915649414,0.9703500270843506,False
CGATTCCCACTTGCAC,edge_gfp_minus,edge,GFP-,cDC,Myeloid,non_tumor,-0.7427661245754014,0.8271470869881041,-0.36570185803397454,0.33321791887283325,0.6667820811271667,False
CCATGTCCAGGCTATG,edge_gfp_minus,edge,GFP-,Tumor_proliferating,Tumor,exiting_hypoxia,-0.4560931921963608,-0.8005436417883302,0.3738925149086717,0.5121903419494629,0.4878096580505371,True
ACACTCCCATTAGATG,edge_gfp_minus,edge,GFP-,cDC,Myeloid,non_tumor,-0.5676883143317875,0.6755951320388386,-0.28680183381106705,0.09591078758239746,0.9040892124176025,False
TAACCAACAACCGCTT,edge_gfp_minus,edge,GFP-,Monocyte,Myeloid,non_tumor,-0.6024804720164242,1.0417228258836966,-0.24852856905054246,0.07573854923248291,0.9242614507675171,False
TGCGATGCATGCAGGC,edge_gfp_minus,edge,GFP-,CD4_T,T_cell,non_tumor,0.01647630771830611,1.0045469840689947,-0.22313581968668045,0.15623712539672852,0.8437628746032715,False
ACGTCCTCACTAACGG,edge_gfp_minus,edge,GFP-,Tumor_proliferating,Tumor,exiting_hypoxia,0.5027023308560685,-0.7012032570866608,-0.07857823759763771,0.5139252841472626,0.4860747158527374,True
GCTAGGCCACATGAGT,edge_gfp_minus,edge,GFP-,Tumor_proliferating,Tumor,exiting_hypoxia,-0.30696903529055036,-0.5338448917115548,1.2103474817383173,0.5152021944522858,0.48479780554771423,True
CCCTAACCACATGACG,edge_gfp_minus,edge,GFP-,Monocyte,Myeloid,non_tumor,-0.4787833779812317,1.0694806282722256,-0.27319014335987574,0.02572423219680786,0.9742757678031921,False
TGTATAGCATCACTTG,edge_gfp_minus,edge,GFP-,Monocyte,Myeloid,non_tumor,-0.03296587519546033,0.7539933641676982,-0.2764421992740501,0.07817107439041138,0.9218289256095886,False
ATGCCAGCAATAGACC,edge_gfp_minus,edge,GFP-,Mac_MHCII,Myeloid,non_tumor,-0.2582609518353428,0.9812189939385562,-0.27145658642709974,0.031722187995910645,0.9682778120040894,False
AGGGAGTCACAAGGAA,edge_gfp_minus,edge,GFP-,cDC,Myeloid,non_tumor,-0.08022704666845473,0.7965009864817956,-0.2633979705664138,0.0780801773071289,0.9219198226928711,False
AGTGTCGCATCCCAGT,edge_gfp_minus,edge,GFP-,cDC,Myeloid,non_tumor,-0.5103767050552936,0.8242773458552912,-0.2823148086948675,0.2578503489494324,0.7421496510505676,False
ACCCGTTCACAGCAGC,edge_gfp_minus,edge,GFP-,cDC,Myeloid,non_tumor,-0.5786725253339388,0.7920094595807058,-0.3413117103326102,0.30895233154296875,0.6910476684570312,False
GCCAAGCCATGGAACT,edge_gfp_minus,edge,GFP-,Tumor_proliferating,Tumor,exiting_hypoxia,2.375220750302601,-0.9465561617446648,4.18420254822354,0.5467109084129333,0.45328909158706665,True
CATCACCCAGCCATGA,edge_gfp_minus,edge,GFP-,cDC,Myeloid,non_tumor,-0.8289224130789352,0.8322530217937921,-0.35389694771563096,0.32471615076065063,0.6752838492393494,False
AAATGGGCAAGCCTCT,edge_gfp_minus,edge,GFP-,Mac_MHCII,Myeloid,non_tumor,-0.2924650155942898,0.6373048201759797,-0.3779829905291306,0.022176802158355713,0.9778231978416443,False
CTGTGGACAATAGTGC,edge_gfp_minus,edge,GFP-,Monocyte,Myeloid,non_tumor,2.512688377474045,1.9017452720104393,-0.3346967587126572,0.034417808055877686,0.9655821919441223,False
CTCACACCAACTACTT,edge_gfp_minus,edge,GFP-,cDC,Myeloid,non_tumor,-0.5479688728437433,1.0819169734524745,-0.2759621271592305,0.07690608501434326,0.9230939149856567,False
GTGGTTGCATAAGTCA,edge_gfp_minus,edge,GFP-,Mac_MHCII,Myeloid,non_tumor,-0.11834048457416707,0.7786043969075945,-0.2551103117152665,0.0329093337059021,0.9670906662940979,False
CTTCGCGCAATGACGT,edge_gfp_minus,edge,GFP-,Mac_MHCII,Myeloid,non_tumor,-0.2903595052971691,0.509498901278492,-0.20897365637484372,0.02704036235809326,0.9729596376419067,False
ATACGCGCAATAGTCA,edge_gfp_minus,edge,GFP-,Tumor_proliferating,Tumor,entering_deep_hypoxia,0.06094028206653727,0.49823088197435733,0.6119517918854219,0.5411572754383087,0.4588427245616913,True
GGATGGGCAAACCCAG,edge_gfp_minus,edge,GFP-,Mac_MHCII,Myeloid,non_tumor,-0.4950316816981525,0.6002125150250373,-0.2956806397787668,0.035935044288635254,0.9640649557113647,False
GCCTCCACAATCTGGG,edge_gfp_minus,edge,GFP-,Monocyte,Myeloid,non_tumor,0.776548799389261,0.9905563443384304,-0.3073094041406704,0.06050962209701538,0.9394903779029846,False
ATAGTCACACCTACGT,edge_gfp_minus,edge,GFP-,Mac_MHCII,Myeloid,non_tumor,0.09730272153566419,0.6322754057533463,-0.23154067764211317,0.032490313053131104,0.9675096869468689,False
GCCTACTCAATTACCT,edge_gfp_minus,edge,GFP-,cDC,Myeloid,non_tumor,-0.6481649877824571,0.9573263866858451,-0.32946749420809135,0.04391467571258545,0.9560853242874146,False
AGACTCGCATTCAGCC,edge_gfp_minus,edge,GFP-,Monocyte,Myeloid,non_tumor,0.024561153054583385,0.6171331897205669,-0.3204751637908275,0.023876726627349854,0.9761232733726501,False
GCATCCTCACATTCAT,edge_gfp_minus,edge,GFP-,Mac_MHCII,Myeloid,non_tumor,-0.13905077430264912,0.9379193385188974,-0.2573214963792476,0.03631901741027832,0.9636809825897217,False
GGCTCAACACCTTCAA,edge_gfp_minus,edge,GFP-,Mac_MHCII,Myeloid,non_tumor,-0.8362275980772679,0.563731593853101,-0.36535358095806514,0.022918999195098877,0.9770810008049011,False
GTCATAACAAATGACC,edge_gfp_minus,edge,GFP-,Mac_MHCII,Myeloid,non_tumor,0.38909813136027666,0.6396885978782855,-0.27788675260913986,0.03221940994262695,0.967780590057373,False
GTATCCCCAACCTTGC,edge_gfp_minus,edge,GFP-,Mac_MHCII,Myeloid,non_tumor,0.8301293611160229,0.6180766121333929,-0.27183085778809996,0.028900861740112305,0.9710991382598877,False
ATGGACTCACCTATCA,edge_gfp_minus,edge,GFP-,Mac_MHCII,Myeloid,non_tumor,0.031085313195191273,0.7561691366964803,-0.3587430351602827,0.026761651039123535,0.9732383489608765,False
CAGTTCCCACATAGAC,edge_gfp_minus,edge,GFP-,Mac_MHCII,Myeloid,non_tumor,0.4975521818411109,0.9115840036671744,-0.285630181343501,0.037541329860687256,0.9624586701393127,False
TGAGCTGCATAGAGCT,edge_gfp_minus,edge,GFP-,cDC,Myeloid,non_tumor,-0.4717906217339548,0.7889604667230038,-0.31822559989638294,0.13880836963653564,0.8611916303634644,False
AGTACCGCAGGTAGGG,edge_gfp_minus,edge,GFP-,Mac_MHCII,Myeloid,non_tumor,0.08568587857240587,0.5383984716751196,-0.3195327395116569,0.03559291362762451,0.9644070863723755,False
GTCGCAACATTAGACA,edge_gfp_minus,edge,GFP-,cDC,Myeloid,non_tumor,-0.5079502995617986,0.6276052733864046,-0.3027579239357105,0.09368109703063965,0.9063189029693604,False
ACAGTTACAATTAGCA,edge_gfp_minus,edge,GFP-,cDC,Myeloid,non_tumor,-0.5529416081805347,0.6609059503480886,-0.31296411232176075,0.09736108779907227,0.9026389122009277,False
TCACTTGCAAGCTACG,edge_gfp_minus,edge,GFP-,cDC,Myeloid,non_tumor,-0.740344834725571,0.8234029467847613,-0.3542209225241132,0.3290814757347107,0.6709185242652893,False
TCAAATGCATCCTTGA,edge_gfp_minus,edge,GFP-,CD8_exhausted,T_cell,non_tumor,0.11830730468524088,0.7695472804683654,0.01812555196079573,0.194862961769104,0.805137038230896,False
ATTACAGCATTAGTAG,edge_gfp_minus,edge,GFP-,Treg,T_cell,non_tumor,-0.4242238986156452,0.6301161162520292,-0.17908874869723262,0.23995012044906616,0.7600498795509338,False
TGAGGTTCAGTTGCAG,edge_gfp_minus,edge,GFP-,Mac_MHCII,Myeloid,non_tumor,-0.3115756254585801,0.6854111734170993,-0.1769784997966329,0.04483217000961304,0.955167829990387,False
TACCTTGCATTACGAA,edge_gfp_minus,edge,GFP-,NK,NK,non_tumor,-0.3041591974965486,0.939431383443271,0.2715221998082159,0.12257564067840576,0.8774243593215942,False
CTTCGGTCATAATTCC,edge_gfp_minus,edge,GFP-,Mac_MHCII,Myeloid,non_tumor,0.953774124058901,0.7949833910096508,-0.258417782279592,0.026921570301055908,0.9730784296989441,False
TCTATCGCATCATACT,edge_gfp_minus,edge,GFP-,Monocyte,Myeloid,non_tumor,-0.5372822347375771,1.025823494001265,-0.2640364981047069,0.06027489900588989,0.9397251009941101,False
CAACCCTCATCGGTAG,edge_gfp_minus,edge,GFP-,cDC,Myeloid,non_tumor,-0.8687994721910863,0.8336558359066897,-0.3617410686081932,0.3250160813331604,0.6749839186668396,False
ATGATTGCAGGAAGGT,edge_gfp_minus,edge,GFP-,cDC,Myeloid,non_tumor,-0.273197913543382,0.6473256694783317,-0.33646209039049474,0.2840970754623413,0.7159029245376587,False
CTCTTCTCAATCTCAT,edge_gfp_minus,edge,GFP-,Mac_MHCII,Myeloid,non_tumor,-0.8099979337123536,0.7188256992505386,-0.265417231449413,0.027720868587493896,0.9722791314125061,False
CTACACCCAAATGGGA,edge_gfp_minus,edge,GFP-,Monocyte,Myeloid,non_tumor,-0.3732720356576954,0.8037863690140346,-0.23235258244384704,0.05184513330459595,0.948154866695404,False
TGCGGGTCAGGACTTG,edge_gfp_minus,edge,GFP-,Mac_MHCII,Myeloid,non_tumor,0.3041546691239997,0.5513410158442313,-0.24308434237043625,0.03403317928314209,0.9659668207168579,False
CTGTGTCCATGGCAAT,edge_gfp_minus,edge,GFP-,Monocyte,Myeloid,non_tumor,-0.2555223082052023,0.8633930021313619,-0.31137650314467974,0.027441859245300293,0.9725581407546997,False
TCATGTTCACCTTCGG,edge_gfp_minus,edge,GFP-,cDC,Myeloid,non_tumor,-0.8266980449557138,0.7777678421559973,-0.3406966570880963,0.30664604902267456,0.6933539509773254,False
TGCCTCGCAAGTAGCT,edge_gfp_minus,edge,GFP-,Mac_MHCII,Myeloid,non_tumor,0.07405916882822298,0.690699065647908,-0.3029269617700128,0.02792149782180786,0.9720785021781921,False
ACAGTTACAAGTAGGA,edge_gfp_minus,edge,GFP-,NK,NK,non_tumor,-0.488380339275764,0.8955860852192503,0.3294246750011155,0.12319397926330566,0.8768060207366943,False
AGCGAGGCAACATCCC,edge_gfp_minus,edge,GFP-,Monocyte,Myeloid,non_tumor,-0.20966359547908703,0.6935260946599894,-0.33841351116554635,0.024975299835205078,0.9750247001647949,False
CTTCAATCAGGCAAGG,edge_gfp_minus,edge,GFP-,Mac_MHCII,Myeloid,non_tumor,0.838452456993914,-0.025594765505745957,-0.3345406706769749,0.029064834117889404,0.9709351658821106,False
GTCTTCACACTCGCCA,edge_gfp_minus,edge,GFP-,Mac_MHCII,Myeloid,non_tumor,0.5417468930364301,0.5297903724404623,-0.34706182047638945,0.026844382286071777,0.9731556177139282,False
ACACAGTCATCCTGTA,edge_gfp_minus,edge,GFP-,cDC,Myeloid,non_tumor,-0.08880461906242437,0.7821034027972849,-0.31146166310948076,0.1404026746749878,0.8595973253250122,False
CGACAATCAATAGTGC,edge_gfp_minus,edge,GFP-,Tumor_proliferating,Tumor,entering_deep_hypoxia,0.04561070328643467,0.9665906163085526,1.1990106942999117,0.6024618744850159,0.39753812551498413,True
GCTATCCCAGCACGTA,edge_gfp_minus,edge,GFP-,cDC,Myeloid,non_tumor,-0.8973463711483747,0.514205723503787,-0.3208387326458882,0.3117108941078186,0.6882891058921814,False
GCGGAGACACCTCAAC,edge_gfp_minus,edge,GFP-,cDC,Myeloid,non_tumor,-0.5829838339422444,0.8222125651012278,-0.2818920418100106,0.2924155592918396,0.7075844407081604,False
GTTCGTCCACAAGCCA,edge_gfp_minus,edge,GFP-,Monocyte,Myeloid,non_tumor,-0.14317392092139486,0.8025168991739329,-0.27581855110623793,0.03318685293197632,0.9668131470680237,False
GCCGAGTCAGCAGGTC,edge_gfp_minus,edge,GFP-,CD8_exhausted,T_cell,non_tumor,0.1713338403002933,0.8185261511526905,-0.05689473342828342,0.1932673454284668,0.8067326545715332,False
AAGCCATCACCATCTA,edge_gfp_minus,edge,GFP-,Mac_MHCII,Myeloid,non_tumor,0.01780308714628676,0.9203140554041941,-0.31781486632905454,0.020153582096099854,0.9798464179039001,False
CCTGGTTCAAATGCAC,edge_gfp_minus,edge,GFP-,CD8_exhausted,T_cell,non_tumor,-0.17936386144277805,1.0300917009807724,4.28797965004432,0.16901862621307373,0.8309813737869263,False
CGCCTCACACATATAG,edge_gfp_minus,edge,GFP-,Tumor_proliferating,Tumor,exiting_hypoxia,-0.1410524385658578,-0.6464628155477196,4.03056111539243,0.56870236992836,0.43129763007164,True
CCATCCGCAAGTATCA,edge_gfp_minus,edge,GFP-,NK,NK,non_tumor,-0.24650687517042896,0.8972366964509969,0.3075211377844224,0.1227271556854248,0.8772728443145752,False
ATACAGCCAGGCAAGG,edge_gfp_minus,edge,GFP-,Tumor_proliferating,Tumor,exiting_hypoxia,0.43609939108420814,-0.5035373189952442,0.18469417700717214,0.531353771686554,0.46864622831344604,True
CTCTGACCAATGAGTC,edge_gfp_minus,edge,GFP-,cDC,Myeloid,non_tumor,-0.6322909189600763,0.7649419201708632,-0.3378325086260597,0.08765476942062378,0.9123452305793762,False
AGCGCACCAAATCGTA,edge_gfp_minus,edge,GFP-,NK,NK,non_tumor,-0.23524824450822854,0.8612681788777922,0.07895014920000878,0.12279170751571655,0.8772082924842834,False
TGGGTTGCAAATGCTA,edge_gfp_minus,edge,GFP-,Mac_MHCII,Myeloid,non_tumor,-0.24426896618687388,0.5294755671741084,-0.3186757857224641,0.030163884162902832,0.9698361158370972,False
CATGCCTCATTCATAC,edge_gfp_minus,edge,GFP-,Mac_MHCII,Myeloid,non_tumor,-0.27043603987919523,0.7292721251902066,-0.3221094476037724,0.025366902351379395,0.9746330976486206,False
GTCTCCGCAGGTTGGC,edge_gfp_minus,edge,GFP-,Tumor_proliferating,Tumor,exiting_hypoxia,0.7503065729213095,-1.041443151138852,0.5960010634903891,0.5169889628887177,0.48301103711128235,True
CCAATCCCATGAGCTG,edge_gfp_minus,edge,GFP-,Mac_MHCII,Myeloid,non_tumor,-0.46154701875453946,0.5160797822088152,-0.16525462185359055,0.05705159902572632,0.9429484009742737,False
ACGGACCCAGGTTGGC,edge_gfp_minus,edge,GFP-,Mac_MHCII,Myeloid,non_tumor,0.25431634645015017,0.4878279690371094,-0.3245542887021463,0.03495180606842041,0.9650481939315796,False
CGATCCTCAAGTTCAA,edge_gfp_minus,edge,GFP-,cDC,Myeloid,non_tumor,-0.6431372289471392,0.8014978794931534,-0.3779861266183059,0.33052295446395874,0.6694770455360413,False
TGTGCCTCACTTACTG,edge_gfp_minus,edge,GFP-,cDC,Myeloid,non_tumor,-0.5190785214481837,0.7589741833981233,-0.05992193264412513,0.09849399328231812,0.9015060067176819,False
CCCTACGCATGCTGCT,edge_gfp_minus,edge,GFP-,CD8_exhausted,T_cell,non_tumor,-0.1816875523412808,0.712490456388973,0.20787099060366337,0.19826370477676392,0.8017362952232361,False
TCCTTCTCAATCGCTC,edge_gfp_minus,edge,GFP-,Monocyte,Myeloid,non_tumor,-0.5431050047096357,0.9374043543304529,-0.3181785342927392,0.02768939733505249,0.9723106026649475,False
CCCATCGCATTCAGCC,edge_gfp_minus,edge,GFP-,Mac_MHCII,Myeloid,non_tumor,0.6717915048774943,0.6598682474384184,-0.23765419134383545,0.02654862403869629,0.9734513759613037,False
AATGTTGCAAGCTAGT,edge_gfp_minus,edge,GFP-,Mac_MHCII,Myeloid,non_tumor,-0.011758256836435018,0.5678771398646896,-0.30072341313203355,0.02741020917892456,0.9725897908210754,False
AATCGGTCATGCAGAT,edge_gfp_minus,edge,GFP-,Mac_MHCII,Myeloid,non_tumor,0.15210465794416048,0.9007228659143008,-0.24404368205418733,0.03933584690093994,0.9606641530990601,False
GGTATCGCAAGTTCCC,edge_gfp_minus,edge,GFP-,Tumor_proliferating,Tumor,entering_hypoxia,-0.05178093338435054,1.3840038057167767,0.44072914893680004,0.6207927763462067,0.37920722365379333,True
CAGGGCTCACCATAGG,edge_gfp_minus,edge,GFP-,Monocyte,Myeloid,non_tumor,-0.562896639070873,0.8736400376503537,-0.3463576284567821,0.02927219867706299,0.970727801322937,False
GTAGACTCATCCATCA,edge_gfp_minus,edge,GFP-,Mac_MHCII,Myeloid,non_tumor,-0.3576108508351662,0.7467148954083649,-0.28101707460925496,0.027786731719970703,0.9722132682800293,False
TGATTAGCATCCGTTA,edge_gfp_minus,edge,GFP-,Mac_MHCII,Myeloid,non_tumor,-0.29685598575886135,0.96415186757277,-0.24758466670973803,0.046030640602111816,0.9539693593978882,False
CTGCCATCAACTCGTC,edge_gfp_minus,edge,GFP-,Mac_MHCII,Myeloid,non_tumor,0.04808780143928423,0.8689316484485083,-0.3394706128798833,0.021970808506011963,0.978029191493988,False
TGACCCTCAAGGTCGC,edge_gfp_minus,edge,GFP-,cDC,Myeloid,non_tumor,-0.4239063064639764,0.8963262446267227,-0.287182232799867,0.2573680281639099,0.7426319718360901,False
AGGCTCACAAAGGTTC,edge_gfp_minus,edge,GFP-,Mac_MHCII,Myeloid,non_tumor,-0.305603262197259,0.47571012062458373,-0.33704387591233737,0.031042635440826416,0.9689573645591736,False
CAATCTTCAACATGCG,edge_gfp_minus,edge,GFP-,Treg,T_cell,non_tumor,0.01737262777436894,0.4569940604670346,-0.18165311979956972,0.26413118839263916,0.7358688116073608,False
TCCAACCCAGCACGAC,edge_gfp_minus,edge,GFP-,Mac_MHCII,Myeloid,non_tumor,-0.7535804229237532,0.6706740865164712,-0.30539220313691434,0.0264623761177063,0.9735376238822937,False
AAGCCATCATCCTGAC,edge_gfp_minus,edge,GFP-,Monocyte,Myeloid,non_tumor,-0.19456600946127178,0.8093890734859994,-0.3343803306576216,0.024320900440216064,0.9756790995597839,False
ACTCTCACAAATTCCT,edge_gfp_minus,edge,GFP-,Mac_MHCII,Myeloid,non_tumor,-0.5543364042363961,0.7865029126992881,-0.16130805151718428,0.1474897265434265,0.8525102734565735,False
AGGGAGTCAAGCATTA,edge_gfp_minus,edge,GFP-,Mac_MHCII,Myeloid,non_tumor,0.27249152273113353,0.7775142408681237,-0.27050671014128386,0.02407526969909668,0.9759247303009033,False
CGACTAGCATGGAATC,edge_gfp_minus,edge,GFP-,Monocyte,Myeloid,non_tumor,0.3881157241445974,0.6410979009986209,-0.26849141767086115,0.02596336603164673,0.9740366339683533,False
TGGCTCTCACTAGGCA,edge_gfp_minus,edge,GFP-,Monocyte,Myeloid,non_tumor,1.0961958525643969,0.7849716738161161,-0.32652273816105204,0.029288411140441895,0.9707115888595581,False
CTTACGCCACTAGGGC,edge_gfp_minus,edge,GFP-,Tumor_proliferating,Tumor,transitional,-0.12462779704502062,-0.2071727526558123,0.6105813933976584,0.5313532650470734,0.46864673495292664,True
GCTAAACCATTAACTC,edge_gfp_minus,edge,GFP-,DN_T,T_cell,non_tumor,-0.8775905907416878,1.1018006322757998,-0.2856258422925636,0.15704679489135742,0.8429532051086426,False
ATCACTTCAGGATCAT,edge_gfp_minus,edge,GFP-,Mac_MHCII,Myeloid,non_tumor,0.6983945532932423,0.3922301667166608,-0.29837055469244333,0.03637516498565674,0.9636248350143433,False
ACACCCTCAATGAGCT,edge_gfp_minus,edge,GFP-,Mac_MHCII,Myeloid,non_tumor,-0.2935053682886445,0.6165229361826641,-0.2711442600464344,0.026195526123046875,0.9738044738769531,False
TCCAACCCAGCCTATC,edge_gfp_minus,edge,GFP-,Mac_MHCII,Myeloid,non_tumor,-0.0024132932269293923,0.6249815223319095,-0.33166634368792963,0.03145742416381836,0.9685425758361816,False
CTCTAATCATCAAGCG,edge_gfp_minus,edge,GFP-,Tumor,Tumor,entering_hypoxia,-1.1768242809522838,2.1816124147181584,-0.28318621749461664,0.043203651905059814,0.9567963480949402,True
CCTCCAGCAGGCAACC,edge_gfp_minus,edge,GFP-,Mac_MHCII,Myeloid,non_tumor,0.4034730987093655,0.5635739722111278,-0.29718949585965987,0.03531241416931152,0.9646875858306885,False
ATCACAACAAGCGGTC,edge_gfp_minus,edge,GFP-,Mac_MHCII,Myeloid,non_tumor,2.161004167132683,1.3818753889578117,-0.16383471921447285,0.14511042833328247,0.8548895716667175,False
AAACTTGCACAATGGT,edge_gfp_minus,edge,GFP-,Treg,T_cell,non_tumor,-0.06149739137003866,0.5905401137741749,-0.19072890719571683,0.2468796968460083,0.7531203031539917,False
GTGGTTGCATCGGGAC,edge_gfp_minus,edge,GFP-,CD8_exhausted,T_cell,non_tumor,0.0873974594997814,0.7828016174866629,0.24204768323417106,0.19355559349060059,0.8064444065093994,False
CACTCCGCAGGGCAAG,edge_gfp_minus,edge,GFP-,Mac_MHCII,Myeloid,non_tumor,-0.06726101437243764,0.47477963681899954,-0.3675919726388006,0.023121416568756104,0.9768785834312439,False
GTTGCCTCAATTGCTT,edge_gfp_minus,edge,GFP-,Monocyte,Myeloid,non_tumor,-0.6588167706186958,0.9656493820656179,-0.23305034978689218,0.0838320255279541,0.9161679744720459,False
GCATTAACAAACTTAG,edge_gfp_minus,edge,GFP-,Monocyte,Myeloid,non_tumor,-0.33381387182408423,0.5229295433420232,-0.3426860920216899,0.023942112922668457,0.9760578870773315,False
GGGACCTCAGGTAGGG,edge_gfp_minus,edge,GFP-,Mac_MHCII,Myeloid,non_tumor,0.17164642226571303,0.8102377540188008,-0.2552266882180027,0.022766828536987305,0.9772331714630127,False
TAATCAGCAGGAACGG,edge_gfp_minus,edge,GFP-,Monocyte,Myeloid,non_tumor,0.1515513167781006,1.7552282279768596,-0.31766279531132807,0.03469586372375488,0.9653041362762451,False
ACTTCATCACCTTCAA,edge_gfp_minus,edge,GFP-,CD8_exhausted,T_cell,non_tumor,-0.14202810915406835,0.8377283614910814,0.10299967501623307,0.20465421676635742,0.7953457832336426,False
CAGGCACCACTAGGTG,edge_gfp_minus,edge,GFP-,cDC,Myeloid,non_tumor,-0.9282837183284987,0.8370154709455471,-0.36390778788036865,0.32510918378829956,0.6748908162117004,False
TCACAGGCACATTACT,edge_gfp_minus,edge,GFP-,CD8_exhausted,T_cell,non_tumor,-0.1394678345190773,0.7633146740913214,0.44675688747711156,0.18199676275253296,0.818003237247467,False
CAAGTTACAAGCTATA,edge_gfp_minus,edge,GFP-,Monocyte,Myeloid,non_tumor,-0.4414360408596726,1.141253875005096,-0.16931224949442808,0.07559806108474731,0.9244019389152527,False
TGTCGTCCATGAATTG,edge_gfp_minus,edge,GFP-,Mac_MHCII,Myeloid,non_tumor,0.8441307125156443,0.7499946930225035,-0.3039725431325735,0.03071349859237671,0.9692865014076233,False
CCACAGACACAATCCC,edge_gfp_minus,edge,GFP-,Mac_MHCII,Myeloid,non_tumor,-0.352603556347473,0.8434191379266953,-0.3498680198784272,0.020082533359527588,0.9799174666404724,False
CCTGCATCAAGCATTA,edge_gfp_minus,edge,GFP-,Tumor,Tumor,entering_hypoxia,-1.0423589713380734,2.010308606053838,-0.2930753660137036,0.04457962512969971,0.9554203748703003,True
GCTGATGCATGAAGGA,edge_gfp_minus,edge,GFP-,Fibroblast,Stroma,non_tumor,-0.44013468527788996,0.12230618290513191,-0.24875657086912098,0.9434767030179501,0.05652329698204994,False
GGGGATGCACCATGAG,edge_gfp_minus,edge,GFP-,Mac_MHCII,Myeloid,non_tumor,-0.17423466917749975,0.40001769265170634,-0.25111219664853385,0.028637707233428955,0.971362292766571,False
CACTACCCACAACGGC,edge_gfp_minus,edge,GFP-,Tumor_proliferating,Tumor,exiting_hypoxia,2.720103708021676,-1.7168778428491944,-0.26102755543454303,0.5001276135444641,0.4998723864555359,True
CAGCTCTCAAGCTATA,edge_gfp_minus,edge,GFP-,cDC,Myeloid,non_tumor,-1.1015853348870994,0.8228565964738782,-0.37579660865529224,0.35015469789505005,0.64984530210495,False
TCCTGACCAATCGAAC,edge_gfp_minus,edge,GFP-,Monocyte,Myeloid,non_tumor,-0.6310433186557862,0.7363499097030135,-0.3287523335605265,0.02724277973175049,0.9727572202682495,False
TACAAGCCAAGTTAGC,edge_gfp_minus,edge,GFP-,Mac_MHCII,Myeloid,non_tumor,0.785998751526573,0.5467580510270265,-0.3097554117610232,0.030021965503692627,0.9699780344963074,False
CTAGAACCATTAGCGG,edge_gfp_minus,edge,GFP-,cDC,Myeloid,non_tumor,-0.5490795218613063,0.822034232698891,-0.27856993114357365,0.27739542722702026,0.7226045727729797,False
TACTCCACACCATTCA,edge_gfp_minus,edge,GFP-,CD8_exhausted,T_cell,non_tumor,-0.35507115851875587,0.8614096800948414,-0.16911333511053286,0.2089274525642395,0.7910725474357605,False
CTTCGGTCATCCTGTA,edge_gfp_minus,edge,GFP-,Mac_MHCII,Myeloid,non_tumor,0.47794147639932427,0.48240425804797377,-0.2484298471574342,0.028203308582305908,0.9717966914176941,False
ACATCTTCACTAGCCT,edge_gfp_minus,edge,GFP-,Mac_MHCII,Myeloid,non_tumor,-0.7638193372000153,0.7170947416078661,-0.2543769389675344,0.032434821128845215,0.9675651788711548,False
GTGTTCCCAATTGGTA,edge_gfp_minus,edge,GFP-,Tumor_proliferating,Tumor,normoxic_stable,-0.5238078951687803,-0.18165369253296534,2.6733119944207044,0.5539568662643433,0.44604313373565674,True
ATCTCGCCAAGTATCA,edge_gfp_minus,edge,GFP-,DN_T,T_cell,non_tumor,-0.14481276258014394,1.0448386383076829,-0.355591462902253,0.1473580002784729,0.8526419997215271,False
AAGTGGACACCTAATT,edge_gfp_minus,edge,GFP-,Mac_MHCII,Myeloid,non_tumor,1.3554093844206196,0.5699455748921145,-0.1321168924886727,0.04802924394607544,0.9519707560539246,False
CAATTTCCAATCTGGG,edge_gfp_minus,edge,GFP-,Neutrophil,Myeloid,non_tumor,0.10393318766583855,0.24111621418960455,-0.37581892139907935,0.30833572149276733,0.6916642785072327,False
TCATCGCCATCCTGTA,edge_gfp_minus,edge,GFP-,CD8_exhausted,T_cell,non_tumor,0.0924234477829517,0.7954635405935948,0.17604570076761306,0.20135676860809326,0.7986432313919067,False
GCACGGTCAGGATCGC,edge_gfp_minus,edge,GFP-,Tumor_proliferating,Tumor,persistent_hypoxia,0.10633885214851449,-0.0254483721622746,2.164748347555921,0.5287677049636841,0.4712322950363159,True
AAGTTTGCAATTAGGC,edge_gfp_minus,edge,GFP-,Tumor_proliferating,Tumor,exiting_hypoxia,-0.10132765271454063,-0.9837505971838426,-0.3086322231359314,0.5185675323009491,0.4814324676990509,True
AACCAACCAATCAGAC,edge_gfp_minus,edge,GFP-,CD4_T,T_cell,non_tumor,-0.08157448347776461,1.0102262409427165,0.20426791121645055,0.156122624874115,0.843877375125885,False
CACCCATCACATGACG,edge_gfp_minus,edge,GFP-,Monocyte,Myeloid,non_tumor,0.25408186861870263,0.8319976303356907,-0.3263359500474783,0.030537188053131104,0.9694628119468689,False
TGATCCCCATTACAGA,edge_gfp_minus,edge,GFP-,CD8_exhausted,T_cell,non_tumor,-0.1490224386479505,0.9440224461804635,0.0718005321735253,0.1773168444633484,0.8226831555366516,False
CCGTCCACAAATCATG,edge_gfp_minus,edge,GFP-,CD8_exhausted,T_cell,non_tumor,-0.06952958379902069,0.9025799452474863,0.5698230971774316,0.18439066410064697,0.815609335899353,False
CGTAGGCCACTAACTT,edge_gfp_minus,edge,GFP-,Tumor_proliferating,Tumor,normoxic_stable,-0.5480151921036128,-0.26084731129598576,0.05028541191740725,0.5255020558834076,0.4744979441165924,True
GCACTGACATAACGTA,edge_gfp_minus,edge,GFP-,Treg,T_cell,non_tumor,0.22045189961658507,0.6747069373322185,-0.15630164591406445,0.21804261207580566,0.7819573879241943,False
GGCGAGACAATACTCT,edge_gfp_minus,edge,GFP-,Treg,T_cell,non_tumor,-0.2719169992292295,0.6043457498128624,-0.2203907271628733,0.2555519938468933,0.7444480061531067,False
ACCCAGACAACCCTGT,edge_gfp_minus,edge,GFP-,Tumor_proliferating,Tumor,transitional,-0.1696553122637665,0.33516064971744197,0.3922449460036034,0.5487025678157806,0.45129743218421936,True
GGATGGGCAAACTGCG,edge_gfp_minus,edge,GFP-,Monocyte,Myeloid,non_tumor,-0.5156191014696667,0.5536145213970589,-0.3212009707230187,0.02938765287399292,0.9706123471260071,False
ATGGGTTCATCAAGGT,edge_gfp_minus,edge,GFP-,CD8_exhausted,T_cell,non_tumor,-0.551102041010446,0.7338132835647753,0.13609615892070787,0.1732233762741089,0.8267766237258911,False
AATATCGCAATTGGCG,edge_gfp_minus,edge,GFP-,Tumor_proliferating,Tumor,persistent_hypoxia,0.3065929314394633,0.000363847886629948,1.1212227065552816,0.5499836504459381,0.4500163495540619,True
ATAGCACCATTACATC,edge_gfp_minus,edge,GFP-,Mac_MHCII,Myeloid,non_tumor,-0.04011285678081237,0.7585189157243567,-0.35014732532588405,0.025061726570129395,0.9749382734298706,False
CCTTTAGCAATAGCCG,edge_gfp_minus,edge,GFP-,CD8_T,T_cell,non_tumor,-0.049955361354304874,1.1090358182011932,-0.09807752270237777,0.1495504379272461,0.8504495620727539,False
GCCACTTCACTATACT,edge_gfp_minus,edge,GFP-,Mac_MHCII,Myeloid,non_tumor,0.5175707217135236,0.9935994921373287,-0.3233042559775146,0.036517441272735596,0.9634825587272644,False
ACCCGAACACTCAGGA,edge_gfp_minus,edge,GFP-,Neutrophil,Myeloid,non_tumor,-0.8876583087419215,0.7214837910499298,-0.22017213675994593,0.28173142671585083,0.7182685732841492,False
ACTATCTCACTTGGAG,edge_gfp_minus,edge,GFP-,CD8_exhausted,T_cell,non_tumor,-0.940675043362372,0.9436087063059762,0.2609119017820372,0.1605643630027771,0.8394356369972229,False
TGAAAGGCACATGAGT,edge_gfp_minus,edge,GFP-,CD8_exhausted,T_cell,non_tumor,0.09050180343384445,0.7312211081819392,0.15445235758856,0.20160335302352905,0.798396646976471,False
CCGGAACCAATCGACG,edge_gfp_minus,edge,GFP-,Mac_MHCII,Myeloid,non_tumor,1.599669062668617,0.48020913148867755,-0.328669882664613,0.0330999493598938,0.9669000506401062,False
CACCCTGCAAGTCGTG,edge_gfp_minus,edge,GFP-,Mac_MHCII,Myeloid,non_tumor,-0.6628543719407924,0.6434456069408458,-0.16428959340069355,0.10178303718566895,0.898216962814331,False
TAGGCTGCAGGTTGCA,edge_gfp_minus,edge,GFP-,NK,NK,non_tumor,-0.750666391055751,0.8704851407875632,0.12260568542228681,0.12213468551635742,0.8778653144836426,False
ACTTCATCAGGACAGG,edge_gfp_minus,edge,GFP-,CD8_exhausted,T_cell,non_tumor,-0.5914995337300369,0.9107971552809969,-0.03305517436044438,0.17688614130020142,0.8231138586997986,False
GTATGGTCATCCAGAG,edge_gfp_minus,edge,GFP-,cDC,Myeloid,non_tumor,-0.10466133779446739,0.8146729813609217,-0.2686275350836148,0.03965264558792114,0.9603473544120789,False
TAACTAGCAAACCAAC,edge_gfp_minus,edge,GFP-,Tumor,Tumor,entering_hypoxia,-1.1768242809522838,2.1831005318853265,-0.2411568515760139,0.03880375623703003,0.96119624376297,True
CTGGATGCATGATTGA,edge_gfp_minus,edge,GFP-,Tumor_proliferating,Tumor,exiting_hypoxia,0.16644949373841328,-1.024823947631137,2.0437580863927214,0.5412115454673767,0.4587884545326233,True
CATCCACCATCGACCT,edge_gfp_minus,edge,GFP-,Tumor_proliferating,Tumor,transitional,-0.21313581976175663,-0.1374350242421636,1.7754671877249133,0.5415732264518738,0.4584267735481262,True
GCGGGTTCATGCTGAG,edge_gfp_minus,edge,GFP-,gdT,T_cell,non_tumor,-0.30543415544410846,0.5349787609192594,0.03891381645840005,0.18042093515396118,0.8195790648460388,False
GTACTAACATGGCCTT,edge_gfp_minus,edge,GFP-,Monocyte,Myeloid,non_tumor,-0.045090373168598666,0.9399485207532247,-0.2978117195436054,0.02321094274520874,0.9767890572547913,False
TATAGGCCAGTAATTG,edge_gfp_minus,edge,GFP-,Treg,T_cell,non_tumor,0.4102706361347468,0.4998176381924061,-0.19257027055022582,0.24770653247833252,0.7522934675216675,False
CTTCGCGCACTTCAGC,edge_gfp_minus,edge,GFP-,Treg,T_cell,non_tumor,-0.02115913016247623,0.8240143853415963,-0.04439492175355515,0.09006422758102417,0.9099357724189758,False
TCGGGGTCACCTTCAA,edge_gfp_minus,edge,GFP-,Monocyte,Myeloid,non_tumor,0.42638980440517726,0.687005163377115,-0.29317707720331937,0.036202847957611084,0.9637971520423889,False
TGTCCACCAATATCTC,edge_gfp_minus,edge,GFP-,Treg,T_cell,non_tumor,-0.4041160059289306,0.9825631812624701,-0.032345572605177834,0.08580511808395386,0.9141948819160461,False
CATCGTCCACTACCAC,edge_gfp_minus,edge,GFP-,Tumor_proliferating,Tumor,normoxic_stable,-0.6183658836717519,0.11459811670925371,0.1458475844305384,0.5903662443161011,0.4096337556838989,True
GTAATCACATAAGGAG,edge_gfp_minus,edge,GFP-,Mac_C1q,Myeloid,non_tumor,2.1123834747977894,4.873010493101542,-0.141117721677714,0.11631602048873901,0.883683979511261,False
GTACCCTCAAGCATCG,edge_gfp_minus,edge,GFP-,Mac_MHCII,Myeloid,non_tumor,0.1169974741013878,0.6849957414555432,-0.3247210319294772,0.029852092266082764,0.9701479077339172,False
CTACTTGCAGGTTCGA,edge_gfp_minus,edge,GFP-,Treg,T_cell,non_tumor,0.25168747182669965,0.5357818468198565,-0.1734090797321121,0.2486286163330078,0.7513713836669922,False
CCACATCCATCCGGTT,edge_gfp_minus,edge,GFP-,Tumor_proliferating,Tumor,transitional,-0.18794733526644428,0.20848149149441136,-0.09410598754641687,0.5182401835918427,0.48175981640815735,True
TCCCGATCAGCTATGG,edge_gfp_minus,edge,GFP-,Mac_MHCII,Myeloid,non_tumor,-0.30575314400446824,0.6717053434881086,-0.22474267797729458,0.03424668312072754,0.9657533168792725,False
GGTGAGGCATTACACT,edge_gfp_minus,edge,GFP-,Neutrophil,Myeloid,non_tumor,1.131058195891619,0.6400746381096,-0.10060280470388429,0.29807335138320923,0.7019266486167908,False
AAACGTCCATGGTCCT,edge_gfp_minus,edge,GFP-,Treg,T_cell,non_tumor,-0.5793483614505015,0.48130300474910176,0.19300058819619212,0.27533429861068726,0.7246657013893127,False
CCTGAGACACTTACTG,edge_gfp_minus,edge,GFP-,CD8_exhausted,T_cell,non_tumor,0.10152110830902822,0.7954440643296683,0.44402656210237074,0.1982557773590088,0.8017442226409912,False
CTTCAGCCAATGGAAG,edge_gfp_minus,edge,GFP-,Tumor_proliferating,Tumor,entering_deep_hypoxia,0.20286954022130466,0.7743778528641633,-0.11011097984064865,0.571226567029953,0.428773432970047,True
GCGTAATCAGGTATCG,edge_gfp_minus,edge,GFP-,Treg,T_cell,non_tumor,0.5475766695567468,0.5661054509451751,-0.16541175359029986,0.2643725872039795,0.7356274127960205,False
TATGGCGCACAACCTC,edge_gfp_minus,edge,GFP-,NK,NK,non_tumor,-0.6619579149771438,0.874598526682642,0.0950681455793106,0.12250781059265137,0.8774921894073486,False
GGCCAACCATTAGGCG,edge_gfp_minus,edge,GFP-,CD8_T,T_cell,non_tumor,-0.5698696934252557,1.0632057037636022,0.10715943124992387,0.13492125272750854,0.8650787472724915,False
CCCGATTCATCGGTGA,edge_gfp_minus,edge,GFP-,CD8_exhausted,T_cell,non_tumor,-0.5178011918203221,0.7998199238972326,-0.20265681558823062,0.2010980248451233,0.7989019751548767,False
GGGTTTGCAACTTAGA,edge_gfp_minus,edge,GFP-,Mac_MHCII,Myeloid,non_tumor,1.0655478611796954,0.7528722666840716,-0.2958867140171961,0.029735982418060303,0.9702640175819397,False
TAGCACGCATAAGCTA,edge_gfp_minus,edge,GFP-,Tumor,Tumor,entering_hypoxia,-0.8305340241393728,1.9712747656051943,-0.24871739321167619,0.04470384120941162,0.9552961587905884,True
AACAGCTCACAGCGGT,edge_gfp_minus,edge,GFP-,CD8_T,T_cell,non_tumor,-0.46750746606551513,1.0903452396996454,-0.16998399714759635,0.07041466236114502,0.929585337638855,False
ACCGCAACACAACCCT,edge_gfp_minus,edge,GFP-,Treg,T_cell,non_tumor,1.696119380715846,0.6051859648535882,-0.1966233895204259,0.26846766471862793,0.7315323352813721,False
TCGTTTGCACCTTCGG,edge_gfp_minus,edge,GFP-,CD8_exhausted,T_cell,non_tumor,-0.3665972820649406,0.7603655152425257,0.23058259275718854,0.202928364276886,0.797071635723114,False
ACACGATCAAATCGCG,edge_gfp_minus,edge,GFP-,Mac_MHCII,Myeloid,non_tumor,0.27711245768067627,1.0783752778486055,-0.3483286947028757,0.014575004577636719,0.9854249954223633,False
GCCGAACCAATACCTT,edge_gfp_minus,edge,GFP-,CD4_T,T_cell,non_tumor,-0.8217951364196945,1.0768806001822748,-0.31421419977390236,0.1326897144317627,0.8673102855682373,False
ACATCTTCACCAGCTT,edge_gfp_minus,edge,GFP-,Monocyte,Myeloid,non_tumor,-0.28503508713925557,0.7674173576751863,-0.36773330792148445,0.04004877805709839,0.9599512219429016,False
CTCGACTCATCGACTC,edge_gfp_minus,edge,GFP-,Mac_MHCII,Myeloid,non_tumor,0.2886316350805041,0.7274684215788128,-0.31608528930554713,0.02575230598449707,0.9742476940155029,False
CTATTCGCATGACTCC,edge_gfp_minus,edge,GFP-,CD8_exhausted,T_cell,non_tumor,0.29245574544474306,0.7281906250549175,0.2822878468375714,0.18650519847869873,0.8134948015213013,False
ACCTGGACATCCACTA,edge_gfp_minus,edge,GFP-,Monocyte,Myeloid,non_tumor,-0.423224764255468,0.5485831249099459,-0.32222125495813675,0.02376270294189453,0.9762372970581055,False
CCTCAACCACCTATAT,edge_gfp_minus,edge,GFP-,Tumor_proliferating,Tumor,exiting_hypoxia,-0.4991111629581335,-0.6599543984653099,3.9852773758594466,0.5630201697349548,0.43697983026504517,True
GTCATCCCAATAGTGC,edge_gfp_minus,edge,GFP-,Tumor_proliferating,Tumor,exiting_hypoxia,0.22768813501829907,-0.6084197739445714,3.09058341759997,0.5800939202308655,0.4199060797691345,True
TACATTCCAAGCGCGT,edge_gfp_minus,edge,GFP-,Tumor_proliferating,Tumor,entering_hypoxia,-0.34759362667019006,1.0299612146332708,-0.1156124936427748,0.554507315158844,0.445492684841156,True
TGCAAACCAAGGTGCC,edge_gfp_minus,edge,GFP-,Neutrophil,Myeloid,non_tumor,-0.22686843091320683,0.010754093187710295,-0.3837490260889358,0.17913633584976196,0.820863664150238,False
ACAGTCGCATGGTATA,edge_gfp_minus,edge,GFP-,Neutrophil,Myeloid,non_tumor,0.5817166784526698,0.3471731011058306,-0.2646628644014183,0.289897084236145,0.710102915763855,False
AACCCAGCAGCTACCT,edge_gfp_minus,edge,GFP-,Neutrophil,Myeloid,non_tumor,-0.3465173395788186,0.36643675134539416,-0.4301851235146626,0.3042505383491516,0.6957494616508484,False
GGTTCAGCAGCCATTC,edge_gfp_minus,edge,GFP-,Mac_MHCII,Myeloid,non_tumor,0.03658822326039494,0.2233114773578929,0.15089912244481862,0.09538978338241577,0.9046102166175842,False
GCCATAGCAATGGAGA,edge_gfp_minus,edge,GFP-,NK,NK,non_tumor,-0.7177401413705248,0.8627541376923493,0.10127346770883053,0.12200522422790527,0.8779947757720947,False
TAGCAGTCACTTAGGG,edge_gfp_minus,edge,GFP-,gdT,T_cell,non_tumor,-0.14623483566463313,0.9050244290145644,-0.010384586913126184,0.08585381507873535,0.9141461849212646,False
TGAGCTGCAGGCAATT,edge_gfp_minus,edge,GFP-,Mac_MHCII,Myeloid,non_tumor,-1.0392362929210286,0.7438556025295875,-0.299706191791069,0.028194069862365723,0.9718059301376343,False
ATCAGGTCATTCGGTC,edge_gfp_minus,edge,GFP-,cDC,Myeloid,non_tumor,-0.8767463347401397,0.9434906563799417,-0.3568722386004545,0.09007608890533447,0.9099239110946655,False
ACAGGTTCATTGCCCG,edge_gfp_minus,edge,GFP-,CD8_T,T_cell,non_tumor,-0.08130947524964903,0.9919725386943411,-0.33136558150531964,0.08931738138198853,0.9106826186180115,False
TGCCATCCATTGCACC,edge_gfp_minus,edge,GFP-,CD8_exhausted,T_cell,non_tumor,-0.7967958470019538,0.7799171698085631,0.2014010002664381,0.19231557846069336,0.8076844215393066,False
TGTCATTCACATGAAC,edge_gfp_minus,edge,GFP-,CD8_exhausted,T_cell,non_tumor,-0.19242566753735008,0.7555014899505882,0.17068717406712902,0.20389890670776367,0.7961010932922363,False
AGCATCGCAATTAGGC,edge_gfp_minus,edge,GFP-,CD8_exhausted,T_cell,non_tumor,-0.22580879239263696,0.813194303716988,-0.1829302812707763,0.20070141553878784,0.7992985844612122,False
TGTATGACAAGGTATC,edge_gfp_minus,edge,GFP-,Tumor_proliferating,Tumor,exiting_hypoxia,-0.2523562544248832,-0.7541126202224583,3.8417912778742562,0.5557366609573364,0.4442633390426636,True
CGTCGTTCAGTTAAGC,edge_gfp_minus,edge,GFP-,Tumor_proliferating,Tumor,exiting_hypoxia,1.9630455604092507,-1.2465120587360308,4.345951128407223,0.567434698343277,0.432565301656723,True
CATCAGGCAATACATG,edge_gfp_minus,edge,GFP-,Mac_MHCII,Myeloid,non_tumor,-0.31717580955476826,0.6589136313395476,-0.31745669688292244,0.02646106481552124,0.9735389351844788,False
TGCTGTCCAGCTACCT,edge_gfp_minus,edge,GFP-,Neutrophil,Myeloid,non_tumor,-0.4434684618775755,0.6135977254923711,-0.4600775463483552,0.29542607069015503,0.704573929309845,False
TGTAGCGCAAGGTCCA,edge_gfp_minus,edge,GFP-,Treg,T_cell,non_tumor,0.01207314351571912,0.44616487166852753,-0.21125177503513481,0.24976396560668945,0.7502360343933105,False
CATAAGCCATGAGTTA,edge_gfp_minus,edge,GFP-,CD8_exhausted,T_cell,non_tumor,-0.0532380539932973,0.7483530051786117,0.2779403754451754,0.20358598232269287,0.7964140176773071,False
TACGCCTCAATTAACG,edge_gfp_minus,edge,GFP-,Tumor_proliferating,Tumor,exiting_hypoxia,2.4028688857049487,-2.3639317381102525,-0.2863856628384239,0.5288856029510498,0.4711143970489502,True
ACCACAGCAAAGGAGC,edge_gfp_minus,edge,GFP-,cDC,Myeloid,non_tumor,-0.3791833633256251,0.8587367900315113,-0.3428779391681967,0.045482337474823,0.954517662525177,False
AGTTAGCCAGCTAGTG,edge_gfp_minus,edge,GFP-,Monocyte,Myeloid,non_tumor,-0.5981932246668333,1.2067050860135362,-0.18671446126020422,0.077259361743927,0.922740638256073,False
TATCGTTCAATCTCAT,edge_gfp_minus,edge,GFP-,Monocyte,Myeloid,non_tumor,-0.3289456690258253,0.8408512970192312,-0.29784906843481174,0.034650444984436035,0.965349555015564,False
AATCGCGCAAACCAGT,edge_gfp_minus,edge,GFP-,Treg,T_cell,non_tumor,0.8470010609165192,0.40876300019970413,-0.19645534954734906,0.2642437815666199,0.7357562184333801,False
ATTGCCCCAAACTGTA,edge_gfp_minus,edge,GFP-,CD4_T,T_cell,non_tumor,-0.743614968844709,1.1091046765894121,-0.01776214000791302,0.13872283697128296,0.861277163028717,False
TACACAACAACGGGTC,edge_gfp_minus,edge,GFP-,Neutrophil,Myeloid,non_tumor,-0.7377348551580315,0.6966546107275609,-0.43635677636934095,0.3791416883468628,0.6208583116531372,False
CTAATCTCAGTTGGAT,edge_gfp_minus,edge,GFP-,Treg,T_cell,non_tumor,-0.2649137089604449,0.6554506691363584,-0.22461964939343135,0.2438056468963623,0.7561943531036377,False
ATTACCTCATGAGCGC,edge_gfp_minus,edge,GFP-,DN_T,T_cell,non_tumor,-0.238863598498984,1.1387450898805573,0.017799406678902455,0.14880144596099854,0.8511985540390015,False
TAACGGTCAACCCTTA,edge_gfp_minus,edge,GFP-,CD8_exhausted,T_cell,non_tumor,-0.6224903318906775,0.4864468995682576,-0.10290754239802827,0.11190378665924072,0.8880962133407593,False
CGACCAACAGGAAGTA,edge_gfp_minus,edge,GFP-,Tumor_proliferating,Tumor,exiting_hypoxia,0.014393282179027328,-1.8982153949587435,-0.33421355108339673,0.5415439307689667,0.4584560692310333,True
CAAATCACATCGCGTT,edge_gfp_minus,edge,GFP-,CD8_T,T_cell,non_tumor,-0.9776891123042641,1.1547983832030186,-0.2810548870200216,0.07165873050689697,0.928341269493103,False
ATGCTAACACATGCCT,edge_gfp_minus,edge,GFP-,Neutrophil,Myeloid,non_tumor,-0.7499191010636723,0.08833413286576666,-0.4422831083185046,0.3524515628814697,0.6475484371185303,False
ATTGCCCCAATTGCTT,edge_gfp_minus,edge,GFP-,Neutrophil,Myeloid,non_tumor,-0.13614510917752248,0.8616434878524629,-0.30200269814266195,0.27883970737457275,0.7211602926254272,False
AGTCAGTCATTGCGTC,edge_gfp_minus,edge,GFP-,Mac_MHCII,Myeloid,non_tumor,-0.9571934740731192,0.8232486831614165,-0.032719643378793406,0.15602803230285645,0.8439719676971436,False
ACTTCGCCATTGCCGT,edge_gfp_minus,edge,GFP-,CD4_T,T_cell,non_tumor,-0.21326311907013154,0.9165209405793909,0.1561711603996064,0.13874214887619019,0.8612578511238098,False
CACCCTGCAAGCTTAA,edge_gfp_minus,edge,GFP-,CD8_T,T_cell,non_tumor,-0.16571228181137726,0.9074461733564003,-0.12351577833971572,0.14952200651168823,0.8504779934883118,False
ACAGACTCAATGGAAG,edge_gfp_minus,edge,GFP-,Neutrophil,Myeloid,non_tumor,-0.5836964563082169,0.6164536232116973,-0.2613438438610743,0.2907116413116455,0.7092883586883545,False
GCATAACCATTCGTCA,edge_gfp_minus,edge,GFP-,CD8_T,T_cell,non_tumor,-0.8174197792167793,0.9793865959899785,0.10780287693739567,0.1411581039428711,0.8588418960571289,False
CGCCATTCAACTCGTC,edge_gfp_minus,edge,GFP-,Treg,T_cell,non_tumor,-0.3188209659129773,0.5291135036108013,-0.17172756784643545,0.249550461769104,0.750449538230896,False
AGGCTCACAAACTGTA,edge_gfp_minus,edge,GFP-,CD8_exhausted,T_cell,non_tumor,-0.41204259397027065,0.983697434008139,4.379358181812425,0.1613723635673523,0.8386276364326477,False
GGATGTTCAACCTGAG,edge_gfp_minus,edge,GFP-,Tumor_proliferating,Tumor,normoxic_stable,-0.724259682372088,0.3977555284763649,2.089429193273574,0.5688660442829132,0.4311339557170868,True
ACACAGTCAAACCGAT,edge_gfp_minus,edge,GFP-,Mac_MHCII,Myeloid,non_tumor,-0.0036775578414840054,0.8348264698321122,-0.16211973924987247,0.02663135528564453,0.9733686447143555,False
GCACCAACAAACTTAG,edge_gfp_minus,edge,GFP-,gdT,T_cell,non_tumor,0.017933538209632695,0.6528785710710481,-0.28913590095057046,0.26079219579696655,0.7392078042030334,False
CATAGGTCAATATCGA,edge_gfp_minus,edge,GFP-,cDC,Myeloid,non_tumor,-0.046206777665837806,0.8232510991457922,-0.2895341577990957,0.2957969307899475,0.7042030692100525,False
TCGACCTCACTTGAGG,edge_gfp_minus,edge,GFP-,Monocyte,Myeloid,non_tumor,-0.85093120604066,1.0035511358806712,-0.07809107284949575,0.06590914726257324,0.9340908527374268,False
AGGGAGTCAACGTTCC,edge_gfp_minus,edge,GFP-,Mac_MHCII,Myeloid,non_tumor,-0.49319913820360384,0.9062218114816637,-0.36057610362924697,0.02974879741668701,0.970251202583313,False
CGCACTTCATTGGCCT,edge_gfp_minus,edge,GFP-,Treg,T_cell,non_tumor,-0.20725643119066026,0.6115675689653298,-0.26110677746894495,0.24996334314346313,0.7500366568565369,False
GGCCGATCAATCGAGT,edge_gfp_minus,edge,GFP-,cDC,Myeloid,non_tumor,-0.6219519867862029,0.6837719984201519,-0.24722297789444944,0.06530159711837769,0.9346984028816223,False
TGCAAACCAATACCTT,edge_gfp_minus,edge,GFP-,Tumor_proliferating,Tumor,exiting_hypoxia,1.9931361103335454,-1.9163481612822102,-0.32177409430926857,0.5218351781368256,0.47816482186317444,True
AATGGCTCACCTCATA,edge_gfp_minus,edge,GFP-,NK,NK,non_tumor,-0.7366817100820102,0.8230754494704313,0.49002625405824485,0.10819655656814575,0.8918034434318542,False
TGCCAGACACCTCATA,edge_gfp_minus,edge,GFP-,Mac_MHCII,Myeloid,non_tumor,0.25063626967555713,0.7050467974551832,-0.30643161540303365,0.02372276782989502,0.976277232170105,False
AACGATCCAGGGACAG,edge_gfp_minus,edge,GFP-,cDC,Myeloid,non_tumor,-0.37255838500248045,0.8133422724067725,-0.20687361414237884,0.061355769634246826,0.9386442303657532,False
CACTGGACATCCAGAG,edge_gfp_minus,edge,GFP-,gdT,T_cell,non_tumor,-0.00816142929590819,1.211164713655727,-0.21587743561785386,0.14942193031311035,0.8505780696868896,False
GTTCCCGCAAGCCTCT,edge_gfp_minus,edge,GFP-,Neutrophil,Myeloid,non_tumor,0.3084392536603762,0.7214176595697012,-0.4298549704307582,0.28826940059661865,0.7117305994033813,False
CCACCATCAGGCAATT,edge_gfp_minus,edge,GFP-,Mac_MHCII,Myeloid,non_tumor,-0.6252774989583797,0.8842716409326825,-0.3385281832333527,0.029045701026916504,0.9709542989730835,False
GGGTTTGCATAACTAG,edge_gfp_minus,edge,GFP-,Treg,T_cell,non_tumor,-0.23194208048581685,0.6563813002846439,-0.2415038293223462,0.25974780321121216,0.7402521967887878,False
CACATCCCACTTACCA,edge_gfp_minus,edge,GFP-,Tumor_proliferating,Tumor,transitional,-0.19149368903174904,0.3673993539417838,-0.26128879930885046,0.32428938150405884,0.6757106184959412,True
TCACGGACATAGACGT,edge_gfp_minus,edge,GFP-,Fibroblast,Stroma,non_tumor,-0.6225951761580224,0.1957380713085232,-0.33844217498332846,0.8443098068237305,0.15569019317626953,False
GTGTTCCCAAGGTGAA,edge_gfp_minus,edge,GFP-,CD8_exhausted,T_cell,non_tumor,0.18285573726176868,0.7113938776026875,0.4648835005922824,0.20059514045715332,0.7994048595428467,False
ACAGGGGCAATTACCT,edge_gfp_minus,edge,GFP-,Mac_MHCII,Myeloid,non_tumor,-0.5512062537914555,0.45628805387712545,0.053104293558647174,0.0560154914855957,0.9439845085144043,False
ATGTCAACAACGGTAT,edge_gfp_minus,edge,GFP-,cDC,Myeloid,non_tumor,-0.5289249504626361,0.715167522266516,-0.27517770820401605,0.03943836688995361,0.9605616331100464,False
ACTATCTCATTGGCGA,edge_gfp_minus,edge,GFP-,Tumor_proliferating,Tumor,normoxic_stable,-0.8626800182048456,0.2935798264208067,-0.26846543288617575,0.5587027072906494,0.4412972927093506,True
ATCTCATCATAGGTAC,edge_gfp_minus,edge,GFP-,Mac_MHCII,Myeloid,non_tumor,0.4966117530661828,0.47021999992599145,-0.31475438913884846,0.02624952793121338,0.9737504720687866,False
GGTCGGTCATGACTCC,edge_gfp_minus,edge,GFP-,Tumor_proliferating,Tumor,exiting_hypoxia,1.9929663684215613,-1.2661967077885223,-0.26560643999957884,0.5136680901050568,0.48633190989494324,True
ACAGTCGCATGCAGAT,edge_gfp_minus,edge,GFP-,gdT,T_cell,non_tumor,-0.013550839546154467,0.8915823630965082,-0.04774422804963278,0.08824121952056885,0.9117587804794312,False
TCATGGGCACTATGAA,edge_gfp_minus,edge,GFP-,Tumor_proliferating,Tumor,exiting_hypoxia,0.6902473886324967,-1.51429036873243,-0.340043401186407,0.5417481362819672,0.45825186371803284,True
CAATTTCCAGGCTTAG,edge_gfp_minus,edge,GFP-,CD8_exhausted,T_cell,non_tumor,0.09124229187876981,0.7393706826844666,0.007669482533357118,0.11259275674819946,0.8874072432518005,False
CATACTTCATGGCCTT,edge_gfp_minus,edge,GFP-,Neutrophil,Myeloid,non_tumor,0.38719529276496933,0.49399533075825713,-0.17385404731196735,0.2948354482650757,0.7051645517349243,False
TAGGGTTCAATATGGC,edge_gfp_minus,edge,GFP-,cDC,Myeloid,non_tumor,0.3811775410182974,0.6532729731314371,0.0013499879815616542,0.0928913950920105,0.9071086049079895,False
TCCAATTCATCCGGTT,edge_gfp_minus,edge,GFP-,DN_T,T_cell,non_tumor,0.31708853488833866,0.9965117578994651,0.004198050942239123,0.12654757499694824,0.8734524250030518,False
CGGTTAGCACCAGGAC,edge_gfp_minus,edge,GFP-,Mac_MHCII,Myeloid,non_tumor,-0.3246325731100125,0.5248140123755988,-0.01185423292884837,0.05401301383972168,0.9459869861602783,False
ACAACCGCATGCGTAG,edge_gfp_minus,edge,GFP-,Tumor_proliferating,Tumor,exiting_hypoxia,-0.3341483576436245,-0.8198752443020921,4.226885765060785,0.5759764015674591,0.4240235984325409,True
GTCGCAACAGGGACAG,edge_gfp_minus,edge,GFP-,Treg,T_cell,non_tumor,-0.13114219837393892,0.6016764986783284,-0.17977492200518674,0.27686625719070435,0.7231337428092957,False
TCTGGCTCAACCGGAC,edge_gfp_minus,edge,GFP-,Treg,T_cell,non_tumor,-0.5171576985669748,0.7214913652494401,-0.16000595151558233,0.24650061130523682,0.7534993886947632,False
CTGCATCCATAGGGTT,edge_gfp_minus,edge,GFP-,Treg,T_cell,non_tumor,-0.20672608570371315,0.6073925946057869,-0.18492619003514496,0.26629793643951416,0.7337020635604858,False
TACACTTCACAGGCTA,edge_gfp_minus,edge,GFP-,Mac_MHCII,Myeloid,non_tumor,-0.5713531858236233,0.26751839118853477,0.0385976896542226,0.13061219453811646,0.8693878054618835,False
ATGGCTGCAATCTACT,edge_gfp_minus,edge,GFP-,Neutrophil,Myeloid,non_tumor,-0.5487146860840273,0.3269910209142369,-0.4212396027309402,0.29122716188430786,0.7087728381156921,False
TATAGGCCACCATCCG,edge_gfp_minus,edge,GFP-,Tumor_proliferating,Tumor,exiting_hypoxia,0.5546380749347729,-0.8480144306310204,-0.15292519510540087,0.511218398809433,0.488781601190567,True
GTCATAACATCGCTAC,edge_gfp_minus,edge,GFP-,Mac_MHCII,Myeloid,non_tumor,0.8122444804919721,0.5950373310678246,-0.34874667362848283,0.026992499828338623,0.9730075001716614,False
ACGCAATCATGGAACT,edge_gfp_minus,edge,GFP-,Neutrophil,Myeloid,non_tumor,-0.7329191081316024,0.6997159843826806,-0.4463596882283255,0.36644357442855835,0.6335564255714417,False
GTTCATTCATTAAGCA,edge_gfp_minus,edge,GFP-,Mac_MHCII,Myeloid,non_tumor,0.7551376359028671,0.5610590084142669,-0.22310768082945923,0.014994978904724121,0.9850050210952759,False
GGGCAGACACATGACG,edge_gfp_minus,edge,GFP-,Monocyte,Myeloid,non_tumor,-0.22616669871894327,0.7676878087779475,-0.286497608039492,0.02625793218612671,0.9737420678138733,False
AACGACTCACTTCGAC,edge_gfp_minus,edge,GFP-,Mac_MHCII,Myeloid,non_tumor,0.5097228122227592,0.8337659879151962,-0.3023565861477625,0.03264814615249634,0.9673518538475037,False
CATACCCCATTCGCCG,edge_gfp_minus,edge,GFP-,Neutrophil,Myeloid,non_tumor,0.058831325425486226,-0.08716781478473175,-0.43459328173558953,0.32628363370895386,0.6737163662910461,False
CAGTTCCCACAACCGA,edge_gfp_minus,edge,GFP-,Tumor_proliferating,Tumor,transitional,-0.08884412797204472,-0.45079792621474657,0.37782142353052706,0.5218745172023773,0.4781254827976227,True
CCTTAGCCATGGTATA,edge_gfp_minus,edge,GFP-,Mac_MHCII,Myeloid,non_tumor,-0.7291350205972121,0.8264196501433684,4.458511764117254,0.1940685510635376,0.8059314489364624,False
CAATTTCCATAGATCA,edge_gfp_minus,edge,GFP-,Monocyte,Myeloid,non_tumor,-0.7891579855395255,1.0811443718849192,-0.20832620367334326,0.05025440454483032,0.9497455954551697,False
ATGGAGACAGCTCTGT,edge_gfp_minus,edge,GFP-,CD8_exhausted,T_cell,non_tumor,-0.5495401220666959,0.7525848199058669,0.21032185974414963,0.20021378993988037,0.7997862100601196,False
CGTAGGCCACATACCC,edge_gfp_minus,edge,GFP-,Tumor_proliferating,Tumor,entering_hypoxia,-0.46843875137616464,1.2707378862046321,0.8939426183760375,0.5876308083534241,0.4123691916465759,True
GTAGCATCATAATCTC,edge_gfp_minus,edge,GFP-,Neutrophil,Myeloid,non_tumor,0.41660734026548796,0.32675790279020533,-0.39743356272625674,0.33868634700775146,0.6613136529922485,False
CCTTAATCACCTGCCA,edge_gfp_minus,edge,GFP-,Neutrophil,Myeloid,non_tumor,0.8690614301091665,0.37684842942966684,-0.12516353927742577,0.28924548625946045,0.7107545137405396,False
TGACTAACAAGTCGGC,edge_gfp_minus,edge,GFP-,Treg,T_cell,non_tumor,1.0871227763741789,0.502113470610912,-0.12690117410520527,0.26194965839385986,0.7380503416061401,False
TGCCGTTCAAACTGTA,edge_gfp_minus,edge,GFP-,Neutrophil,Myeloid,non_tumor,0.4195568919587695,0.8477743353395504,-0.3284025337868774,0.2872884273529053,0.7127115726470947,False
GGCAACCCATCCCGTG,edge_gfp_minus,edge,GFP-,Neutrophil,Myeloid,non_tumor,0.06791360720013613,-0.10095248465450919,-0.4159413785481016,0.2993028163909912,0.7006971836090088,False
ACGGTCACATAATCCT,edge_gfp_minus,edge,GFP-,Neutrophil,Myeloid,non_tumor,-0.5744211759222088,0.27375793949924926,-0.14351409750384223,0.2940009832382202,0.7059990167617798,False
GTGTTCCCATTAACTC,edge_gfp_minus,edge,GFP-,CD8_exhausted,T_cell,non_tumor,-0.34733963814806423,0.7660378465515668,0.26243491968147553,0.19336777925491333,0.8066322207450867,False
GTGGACCCATTGGGCA,edge_gfp_minus,edge,GFP-,CD8_T,T_cell,non_tumor,-0.2687295422649883,1.1485649072424822,-0.21524039732205766,0.15048640966415405,0.849513590335846,False
GCACAATCAGCTCTCG,edge_gfp_minus,edge,GFP-,DN_T,T_cell,non_tumor,0.22053285708026915,1.126868086539747,-0.3347587974536495,0.06374108791351318,0.9362589120864868,False
GCTAGGCCACCTGTCG,edge_gfp_minus,edge,GFP-,Neutrophil,Myeloid,non_tumor,-0.23682203941075378,0.07578139226980388,-0.42798201523049206,0.3280271291732788,0.6719728708267212,False
CGTGATGCATTACATC,edge_gfp_minus,edge,GFP-,CD8_T,T_cell,non_tumor,-0.8532637130263454,1.098408718592384,-0.2176168107277668,0.11542773246765137,0.8845722675323486,False
GGCCGATCAGGTTACG,edge_gfp_minus,edge,GFP-,Treg,T_cell,non_tumor,0.6374854987619982,0.5970568540726411,-0.23434417175497874,0.24782788753509521,0.7521721124649048,False
AGCGACCCAATAGGGA,edge_gfp_minus,edge,GFP-,Mac_MHCII,Myeloid,non_tumor,-0.08886860015608167,0.8774763268509189,-0.21332474428226003,0.03816556930541992,0.9618344306945801,False
TGCTGGACACATGATA,edge_gfp_minus,edge,GFP-,Neutrophil,Myeloid,non_tumor,-0.08543451055172356,0.4892028251775893,-0.4600775463483552,0.29646754264831543,0.7035324573516846,False
AATTACGCACAATCCC,edge_gfp_minus,edge,GFP-,Tumor_proliferating,Tumor,entering_hypoxia,-0.3038101750902215,1.0289799711799152,0.9432284696823585,0.6049433648586273,0.3950566351413727,True
CCACGTTCAACTGTGG,edge_gfp_minus,edge,GFP-,Tumor_proliferating,Tumor,persistent_hypoxia,0.5792311097659442,-0.3439475262270692,0.25801594498304553,0.5312833487987518,0.46871665120124817,True
AACCGATCACATTGAA,edge_gfp_minus,edge,GFP-,Tumor_proliferating,Tumor,transitional,-0.2129420311649027,0.2897909142632059,1.8704472593018924,0.572281688451767,0.42771831154823303,True
AAGTGGACACTTAACT,edge_gfp_minus,edge,GFP-,Neutrophil,Myeloid,non_tumor,-0.5178143246865632,0.30544051892458707,-0.4366563338900112,0.34749114513397217,0.6525088548660278,False
ATAGGCTCATTCATGT,edge_gfp_minus,edge,GFP-,Mac_MHCII,Myeloid,non_tumor,0.10913934613723128,0.8889344651452339,-0.19774666366398083,0.03127491474151611,0.9687250852584839,False
TAGCCCTCAACTAGAC,edge_gfp_minus,edge,GFP-,Neutrophil,Myeloid,non_tumor,0.003286814950960682,-0.029529015980766037,-0.405514747219467,0.29295384883880615,0.7070461511611938,False
TGTATGACATGGCTTC,edge_gfp_minus,edge,GFP-,Tumor_proliferating,Tumor,transitional,-0.08756488428886855,-0.4379180774984292,0.9227245964632756,0.5338557064533234,0.46614429354667664,True
CGATTAACAGCCTAGA,edge_gfp_minus,edge,GFP-,DN_T,T_cell,non_tumor,-0.36667340789310293,1.1607192455109014,-0.244222901175754,0.14782178401947021,0.8521782159805298,False
CATATTCCAATCTCTG,edge_gfp_minus,edge,GFP-,Neutrophil,Myeloid,non_tumor,-0.2807061180212808,0.46251792508539785,-0.1963679205913298,0.2918987274169922,0.7081012725830078,False
CTGCCTGCACCTTGCG,edge_gfp_minus,edge,GFP-,Neutrophil,Myeloid,non_tumor,0.3023208514714063,0.08828890632876046,-0.4180600827003655,0.29088926315307617,0.7091107368469238,False
TGTATTCCAAAGGTGA,edge_gfp_minus,edge,GFP-,Tumor_proliferating,Tumor,transitional,-0.440528726827528,-0.3281161911703865,3.1535551890562643,0.553445965051651,0.446554034948349,True
CCCTAACCACAATGCG,edge_gfp_minus,edge,GFP-,Neutrophil,Myeloid,non_tumor,0.09573047235711155,0.6024061331961237,-0.3729100919062275,0.28544723987579346,0.7145527601242065,False
ACTACTTCAAGCACAT,edge_gfp_minus,edge,GFP-,Neutrophil,Myeloid,non_tumor,-0.702483302797653,0.16170256730659965,-0.3316372047123399,0.28323376178741455,0.7167662382125854,False
TCTGGCTCATCCCTGG,edge_gfp_minus,edge,GFP-,Neutrophil,Myeloid,non_tumor,0.0616826470154256,0.3574642866882589,-0.413063964654144,0.30372458696365356,0.6962754130363464,False
GGACGGACATTCCTCT,edge_gfp_minus,edge,GFP-,Mac_MHCII,Myeloid,non_tumor,0.08635022673246048,0.5898894435230195,-0.1912467730194585,0.032312989234924316,0.9676870107650757,False
GTCGATGCAACTGTAA,edge_gfp_minus,edge,GFP-,CD8_exhausted,T_cell,non_tumor,-0.4767470127413231,0.8215763569285344,-0.12954842148565723,0.10291725397109985,0.8970827460289001,False
TGAGCATCAAACTCAA,edge_gfp_minus,edge,GFP-,Treg,T_cell,non_tumor,0.12829755807382953,0.47073677890547044,-0.1483317609774664,0.27395927906036377,0.7260407209396362,False
TACATAGCATAGATTG,edge_gfp_minus,edge,GFP-,DN_T,T_cell,non_tumor,-0.2144421927975412,1.0688149890052494,-0.018228804456582377,0.1300351619720459,0.8699648380279541,False
ATGAACCCAAGTCGTG,edge_gfp_minus,edge,GFP-,Neutrophil,Myeloid,non_tumor,-0.09815537727098068,0.27909252428334913,-0.4051851377676268,0.3101215958595276,0.6898784041404724,False
ATTCGTTCAAGTGGAA,edge_gfp_minus,edge,GFP-,CD8_T,T_cell,non_tumor,-0.8339915342426776,1.0558160305852613,0.07528106214626816,0.1425105333328247,0.8574894666671753,False
GGTTACGCAATAGGTC,edge_gfp_minus,edge,GFP-,Neutrophil,Myeloid,non_tumor,0.4996948948859568,0.5208456847596219,-0.4118453141256753,0.2970008850097656,0.7029991149902344,False
ACGCCAACAACTCGTC,edge_gfp_minus,edge,GFP-,Treg,T_cell,non_tumor,1.1346321843782061,0.7153358093404352,-0.19047362062956028,0.25813406705856323,0.7418659329414368,False
TGCATCCCAACCCTTA,edge_gfp_minus,edge,GFP-,Neutrophil,Myeloid,non_tumor,-0.2172326326975165,0.8416401238081169,-0.38478846506181064,0.28556114435195923,0.7144388556480408,False
ACGGTCACAGGTTCGA,edge_gfp_minus,edge,GFP-,CD8_T,T_cell,non_tumor,0.13142647330243337,1.2346524140545216,-0.3101870989168044,0.15055245161056519,0.8494475483894348,False
TACTACTCATGGCTAG,edge_gfp_minus,edge,GFP-,Mac_MHCII,Myeloid,non_tumor,0.2680249502014643,0.6748827302525842,-0.3195540610859954,0.022801339626312256,0.9771986603736877,False
GGTAATCCACCTGCTG,edge_gfp_minus,edge,GFP-,Neutrophil,Myeloid,non_tumor,-0.6938030791952764,0.22837807732936966,-0.37785308348804353,0.2897193431854248,0.7102806568145752,False
AACCCAGCATTACGTT,edge_gfp_minus,edge,GFP-,Neutrophil,Myeloid,non_tumor,0.3487163688487845,0.7290219426017426,-0.2400629881610639,0.2852538824081421,0.7147461175918579,False
TGGTTCCCAACCGTAG,edge_gfp_minus,edge,GFP-,Neutrophil,Myeloid,non_tumor,0.2558462790574981,-0.030002682747409488,-0.3913327284682534,0.2932818531990051,0.7067181468009949,False
AAGTACCCATGGCAAT,edge_gfp_minus,edge,GFP-,Mac_MHCII,Myeloid,non_tumor,0.5549344817783078,0.6194966876617065,-0.342809736643133,0.02764981985092163,0.9723501801490784,False
ATGGCTGCAAACCGCA,edge_gfp_minus,edge,GFP-,Neutrophil,Myeloid,non_tumor,0.11722457891011774,0.5145757459269582,-0.2538582341199152,0.29594308137893677,0.7040569186210632,False
CCTTTAGCAGTTGGGC,edge_gfp_minus,edge,GFP-,Mac_MHCII,Myeloid,non_tumor,0.7538472781222831,0.6874881677476924,-0.3171465991789191,0.03286856412887573,0.9671314358711243,False
TGCCGTTCAGTACCTC,edge_gfp_minus,edge,GFP-,DN_T,T_cell,non_tumor,-0.1671367074584742,1.0681351950742282,-0.29988332288671427,0.15156245231628418,0.8484375476837158,False
AAGGCCCCAACCGTGA,edge_gfp_minus,edge,GFP-,cDC,Myeloid,non_tumor,-0.810874211358093,0.7835104643033053,-0.32817182872052514,0.31361061334609985,0.6863893866539001,False
TGTCGTCCAATGGGCC,edge_gfp_minus,edge,GFP-,Mac_MHCII,Myeloid,non_tumor,-0.45211662106337447,0.9084711303377457,-0.3055921458794656,0.021729886531829834,0.9782701134681702,False
AGACTTACAGCATGAT,edge_gfp_minus,edge,GFP-,Neutrophil,Myeloid,non_tumor,-0.6667321988314676,0.31245043817385576,-0.4039775429672164,0.2836373448371887,0.7163626551628113,False
AATCAGCCAATCCATT,edge_gfp_minus,edge,GFP-,Neutrophil,Myeloid,non_tumor,-0.1056563280946516,0.3829020683050207,-0.337776837753151,0.29460960626602173,0.7053903937339783,False
CCTCAGTCATCGTTGC,edge_gfp_minus,edge,GFP-,Treg,T_cell,non_tumor,-0.2717352937535091,0.5436949382049215,-0.17416307656667523,0.26855361461639404,0.731446385383606,False
TGTACCCCATCACGGA,edge_gfp_minus,edge,GFP-,Tumor_proliferating,Tumor,exiting_hypoxia,0.6045370211193866,-0.46500330125826994,0.30630850278148597,0.5274447202682495,0.4725552797317505,True
ACGTTAACAAGGGAAC,edge_gfp_minus,edge,GFP-,Mac_MHCII,Myeloid,non_tumor,-0.4119232065486524,0.9337669599908515,-0.361295563924872,0.02891331911087036,0.9710866808891296,False
CGAGGGACACTCGCTG,edge_gfp_minus,edge,GFP-,Treg,T_cell,non_tumor,-0.021669746711247048,0.5919758526162984,-0.18633558610332993,0.2684634327888489,0.7315365672111511,False
CACCATCCAGCCAATG,edge_gfp_minus,edge,GFP-,Mac_MHCII,Myeloid,non_tumor,0.8936417269960019,0.6594793898228487,-0.20416513320715796,0.021791696548461914,0.9782083034515381,False
TAGTCAACATGACCCT,edge_gfp_minus,edge,GFP-,Treg,T_cell,non_tumor,-0.1730555267768186,0.44422390847899534,-0.1916121682623199,0.27766215801239014,0.7223378419876099,False
CATACAACAATTCGGG,edge_gfp_minus,edge,GFP-,Mac_MHCII,Myeloid,non_tumor,-0.8032192237949975,0.4082958274100452,3.2970537677195444,0.2488642930984497,0.7511357069015503,False
GCTCATCCAAGTCGAT,edge_gfp_minus,edge,GFP-,Neutrophil,Myeloid,non_tumor,0.2655656371175462,-0.06583196582716869,-0.3713401058481604,0.2852829098701477,0.7147170901298523,False
ATGGACTCACAACCGA,edge_gfp_minus,edge,GFP-,Tumor_proliferating,Tumor,exiting_hypoxia,0.6928123237060622,-1.6660888441501454,-0.30198259888922413,0.4264141321182251,0.5735858678817749,True
CAGCGGTCATAGGTTA,edge_gfp_minus,edge,GFP-,Neutrophil,Myeloid,non_tumor,1.655249875044256,0.009633364148021848,-0.4255473548971795,0.27472901344299316,0.7252709865570068,False
GGCCGATCAGGTAATC,edge_gfp_minus,edge,GFP-,Mac_MHCII,Myeloid,non_tumor,0.8474860651889493,0.5560335903790541,-0.3241050208217637,0.030020177364349365,0.9699798226356506,False
AGCAATCCAACCCTTA,edge_gfp_minus,edge,GFP-,Mac_MHCII,Myeloid,non_tumor,-0.48750260333081236,0.3524785076758281,2.530356283379734,0.21292877197265625,0.7870712280273438,False
CAATGGTCATTCCTTC,edge_gfp_minus,edge,GFP-,cDC,Myeloid,non_tumor,-0.7070131347732224,0.7909443448256479,-0.33907125101143276,0.07353919744491577,0.9264608025550842,False
CTACATTCAGTAAGTC,edge_gfp_minus,edge,GFP-,Tumor_proliferating,Tumor,normoxic_stable,-0.5340303801074744,-0.21496572652184845,4.204144187411616,0.549623429775238,0.45037657022476196,True
ACCAAGTCATTACGAA,edge_gfp_minus,edge,GFP-,cDC,Myeloid,non_tumor,1.6704151103858724,2.7694789172399403,-0.27259129919020403,0.05825686454772949,0.9417431354522705,False
TGGGTTGCAGGATCGC,edge_gfp_minus,edge,GFP-,Fibroblast,Stroma,non_tumor,0.15768930377176152,0.11986237900692046,-0.2315254555041187,0.792828306555748,0.20717169344425201,False
CCTGCCACAACCAGGC,edge_gfp_minus,edge,GFP-,Monocyte,Myeloid,non_tumor,-0.3459365628790905,0.8873859069557858,-0.2551968633122243,0.03277045488357544,0.9672295451164246,False
CCAATTTCAGTTAGCG,edge_gfp_minus,edge,GFP-,Mac_MHCII,Myeloid,non_tumor,0.30601939824744245,0.5285575680904981,-0.23824927077818234,0.029579579830169678,0.9704204201698303,False
TGTACTTCACTAATGA,edge_gfp_minus,edge,GFP-,CD8_T,T_cell,non_tumor,-0.03805242231790166,1.1352807712962587,-0.1304009793453553,0.1228228211402893,0.8771771788597107,False
AGTGAGACATTCGTGC,edge_gfp_minus,edge,GFP-,Mac_C1q,Myeloid,non_tumor,-0.6975772492867307,0.8560030871889319,0.06673284389141713,0.13230609893798828,0.8676939010620117,False
GTCATAACATAACCAA,edge_gfp_minus,edge,GFP-,Neutrophil,Myeloid,non_tumor,-0.006897890041830025,-0.03869327689369521,-0.3762957671170884,0.29206180572509766,0.7079381942749023,False
ATCATCTCATAATCGA,edge_gfp_minus,edge,GFP-,cDC,Myeloid,non_tumor,-0.5755373451857785,0.2988689676643599,-0.36528821062652683,0.1352919340133667,0.8647080659866333,False
ACAGGTTCAGGCAGAG,edge_gfp_minus,edge,GFP-,Tumor_proliferating,Tumor,entering_hypoxia,-0.7278881270506279,1.5470629332163783,0.6009547950136672,0.6096620261669159,0.3903379738330841,True
CGCACTTCATTAGCCC,edge_gfp_minus,edge,GFP-,Neutrophil,Myeloid,non_tumor,-0.8137362364181547,0.7863078432559003,-0.4105253226462241,0.2902069687843323,0.7097930312156677,False
CAGTAACCAGCAGTCA,edge_gfp_minus,edge,GFP-,Neutrophil,Myeloid,non_tumor,0.09340428036713008,0.3017762023707283,-0.1278766267032125,0.29455286264419556,0.7054471373558044,False
AGTTAGCCAATTACGA,edge_gfp_minus,edge,GFP-,Tumor_proliferating,Tumor,exiting_hypoxia,-0.319829540365747,-0.814929850441933,0.20842899132336803,0.5187647938728333,0.48123520612716675,True
AGGACAACATGAATGC,edge_gfp_minus,edge,GFP-,Neutrophil,Myeloid,non_tumor,-0.2223834418692415,0.1272421953072868,-0.42945459921947676,0.32539159059524536,0.6746084094047546,False
ATACGGTCAAATGAGG,edge_gfp_minus,edge,GFP-,Neutrophil,Myeloid,non_tumor,0.2753102076376261,0.5319339327160865,-0.39230963734640795,0.3002007007598877,0.6997992992401123,False
GGTGGCTCAGTTAGAC,edge_gfp_minus,edge,GFP-,Mac_MHCII,Myeloid,non_tumor,2.0371833495004585,0.3600439728154995,-0.2745349081000311,0.02963876724243164,0.9703612327575684,False
TACATTCCACAGCCAA,edge_gfp_minus,edge,GFP-,Mac_MHCII,Myeloid,non_tumor,-0.15638742040345388,0.06641631022985064,0.16897783622637877,0.2072385549545288,0.7927614450454712,False
GGTCAGCCACTATGCC,edge_gfp_minus,edge,GFP-,Tumor_proliferating,Tumor,entering_hypoxia,-0.6982641230943231,0.4789041790849301,-0.3102770370320963,0.5908594727516174,0.40914052724838257,True
TCCCTAACACTTCAGC,edge_gfp_minus,edge,GFP-,Mac_C1q,Myeloid,non_tumor,-0.8862404687903821,0.6267052411758833,0.2344663953953234,0.4079449772834778,0.5920550227165222,False
GTCGGGTCACTATCCA,edge_gfp_minus,edge,GFP-,Mac_MHCII,Myeloid,non_tumor,0.3718404008820668,0.7543725243667139,-0.26985509238444927,0.030777573585510254,0.9692224264144897,False
GTGCAATCATCCACAC,edge_gfp_minus,edge,GFP-,Neutrophil,Myeloid,non_tumor,-0.37370775532161443,0.8422475442684589,-0.4115674420001966,0.2868282198905945,0.7131717801094055,False
TCACATTCAACATCCC,edge_gfp_minus,edge,GFP-,Treg,T_cell,non_tumor,0.3845348451323543,0.7800638476367884,-0.14564737934960129,0.2357105016708374,0.7642894983291626,False
TCAAATGCAAGGGATA,edge_gfp_minus,edge,GFP-,Mac_MHCII,Myeloid,non_tumor,-0.6370008991626934,0.7980373298741237,-0.2739007522057479,0.030645012855529785,0.9693549871444702,False
TACAGGTCACAGCACA,edge_gfp_minus,edge,GFP-,Treg,T_cell,non_tumor,-0.43494714527891337,0.6583809718683482,-0.2098742737599863,0.2812679409980774,0.7187320590019226,False
AGCACCACACCATCCG,edge_gfp_minus,edge,GFP-,Neutrophil,Myeloid,non_tumor,-0.7212916653917354,0.5775366491523014,-0.21513216501128002,0.28491371870040894,0.7150862812995911,False
GGAGAACCAACCAGCA,edge_gfp_minus,edge,GFP-,Neutrophil,Myeloid,non_tumor,-0.2184258636881853,0.5759216208341705,-0.4180976411104998,0.27981334924697876,0.7201866507530212,False
TATCGGGCAAGGTCGC,edge_gfp_minus,edge,GFP-,Mac_MHCII,Myeloid,non_tumor,0.7831596194890451,0.44400023388870963,-0.2923578295981001,0.024625539779663086,0.9753744602203369,False
ATCTCCACATTCAGGG,edge_gfp_minus,edge,GFP-,Neutrophil,Myeloid,non_tumor,-0.6094197199530957,0.24526878748900827,-0.3748678748080208,0.30448979139328003,0.69551020860672,False
TGTATCTCATCCGTAC,edge_gfp_minus,edge,GFP-,Treg,T_cell,non_tumor,0.7814411287845283,0.616936749292577,-0.13610543222012544,0.25294578075408936,0.7470542192459106,False
CACTTCACAGGATCGC,edge_gfp_minus,edge,GFP-,cDC,Myeloid,non_tumor,0.1252848850630135,1.1715247942628033,-0.30839171744882127,0.08108144998550415,0.9189185500144958,False
AGTATCACATGCTCCG,edge_gfp_minus,edge,GFP-,cDC,Myeloid,non_tumor,-0.04538061334427764,1.1548324501869196,-0.26872225900420615,0.06617450714111328,0.9338254928588867,False
GGCCGATCAATATGCA,edge_gfp_minus,edge,GFP-,Mac_MHCII,Myeloid,non_tumor,-0.9159230589533054,0.5936262640199554,-0.19168068770530877,0.14691096544265747,0.8530890345573425,False
CAATCCCCAACCGGAC,edge_gfp_minus,edge,GFP-,Mac_MHCII,Myeloid,non_tumor,-0.09241835451894848,0.32149489177209395,1.1053701479446665,0.1532941460609436,0.8467058539390564,False
CCAACCTCAGCTAACG,edge_gfp_minus,edge,GFP-,Neutrophil,Myeloid,non_tumor,-0.1066249143136506,0.3342330921030309,-0.38333090556454624,0.29378098249435425,0.7062190175056458,False
CATCTTGCAAGGGCTC,edge_gfp_minus,edge,GFP-,CD8_exhausted,T_cell,non_tumor,-0.007791378517886838,1.0458132858647535,0.015233620101471205,0.18915879726409912,0.8108412027359009,False
GTATGGTCAGGGCTTA,edge_gfp_minus,edge,GFP-,Treg,T_cell,non_tumor,-0.18407641408647324,0.511003351514873,-0.2964403062200346,0.26535725593566895,0.734642744064331,False
ACCCGTTCAACTGCGA,edge_gfp_minus,edge,GFP-,Neutrophil,Myeloid,non_tumor,-0.11351734699568258,0.33858006692130505,-0.39379127621283605,0.27884697914123535,0.7211530208587646,False
CTCAATTCAACTGGGC,edge_gfp_minus,edge,GFP-,Tumor_proliferating,Tumor,normoxic_stable,-0.8121743850741086,-0.44289701300908885,0.4830594449145367,0.39614295959472656,0.6038570404052734,True
TCGCCTGCAACCTCGT,edge_gfp_minus,edge,GFP-,Mac_C1q,Myeloid,non_tumor,-0.853379337089998,0.31670416031960835,0.29465420629651495,0.1641562581062317,0.8358437418937683,False
ACTACAACAGTTGCAG,edge_gfp_minus,edge,GFP-,Mac_MHCII,Myeloid,non_tumor,0.10975763540607697,0.34186846141535987,-0.373726073631851,0.02246379852294922,0.9775362014770508,False
GCTGGGTCAATAGAGG,edge_gfp_minus,edge,GFP-,Neutrophil,Myeloid,non_tumor,-0.16107438066455748,0.4054734648895274,-0.43462037003345955,0.2984203100204468,0.7015796899795532,False
GTTAGGTCAGGTATGT,edge_gfp_minus,edge,GFP-,Mac_MHCII,Myeloid,non_tumor,-0.3014894641454433,0.23998578459470088,-0.21301808729035793,0.07962310314178467,0.9203768968582153,False
CTCAATTCAGGATGGG,edge_gfp_minus,edge,GFP-,Mac_MHCII,Myeloid,non_tumor,0.8702453553373736,0.8364304219024341,-0.31816812514810927,0.029490530490875244,0.9705094695091248,False
GCCACTTCAGCTCGTT,edge_gfp_minus,edge,GFP-,DN_T,T_cell,non_tumor,-0.6062279721075617,1.190457015753464,-0.35964693368305106,0.18287891149520874,0.8171210885047913,False
GTGGTCACAACCGCTT,edge_gfp_minus,edge,GFP-,Mac_MHCII,Myeloid,non_tumor,-0.7339952569515618,0.8226292476448591,-0.06933853229296064,0.1253330111503601,0.8746669888496399,False
TCGCTCGCAAGGTACT,edge_gfp_minus,edge,GFP-,Mac_MHCII,Myeloid,non_tumor,-0.5240396856403229,0.34246578890066504,0.08428415753573912,0.06299209594726562,0.9370079040527344,False
CAATTTCCAGGAGCGA,edge_gfp_minus,edge,GFP-,Neutrophil,Myeloid,non_tumor,-0.8277839694604995,0.11402481706956881,-0.42411441289311064,0.2978280782699585,0.7021719217300415,False
TGTGAACCAGTAATTG,edge_gfp_minus,edge,GFP-,Mac_MHCII,Myeloid,non_tumor,-0.7701483741512807,0.6044322561949215,3.2697351600756552,0.2654576301574707,0.7345423698425293,False
CATACCCCAACATTGA,edge_gfp_minus,edge,GFP-,Neutrophil,Myeloid,non_tumor,-0.16478597460509925,0.802395172132059,-0.33801514931823007,0.28015613555908203,0.719843864440918,False
GTATCTTCACTTAATC,edge_gfp_minus,edge,GFP-,Mac_MHCII,Myeloid,non_tumor,-0.008315632706581366,0.6637616681175121,-0.29347771425156255,0.032937049865722656,0.9670629501342773,False
AATTCCTCAGTAAGTC,edge_gfp_minus,edge,GFP-,DN_T,T_cell,non_tumor,-0.5723835793664064,1.0926517659288246,-0.3121317511385004,0.1322019100189209,0.8677980899810791,False
GCCAATGCACCTTCGG,edge_gfp_minus,edge,GFP-,Tumor_proliferating,Tumor,entering_hypoxia,-0.18425455511838693,1.3698717396829008,1.3226220602400416,0.6596459150314331,0.3403540849685669,True
GCAATCGCATCACTCA,edge_gfp_minus,edge,GFP-,Tumor_proliferating,Tumor,persistent_hypoxia,0.5076507584142422,0.3999055052650742,0.37031128334977137,0.5457488596439362,0.45425114035606384,True
GCAACATCATCGAAGT,edge_gfp_minus,edge,GFP-,Neutrophil,Myeloid,non_tumor,-0.6830354487555483,0.7679509484568798,-0.4458218128664158,0.28771233558654785,0.7122876644134521,False
ATCAGGTCACTTCACA,edge_gfp_minus,edge,GFP-,Tumor_proliferating,Tumor,transitional,0.0051121408408294515,-0.1289034150501704,0.6888154639951546,0.5467711091041565,0.4532288908958435,True
TAGGTTACATGGATCG,edge_gfp_minus,edge,GFP-,Mac_MHCII,Myeloid,non_tumor,-0.8128355093482369,1.1864295531469615,-0.2719097967017516,0.02038133144378662,0.9796186685562134,False
TACTGTTCAATCGACG,edge_gfp_minus,edge,GFP-,Tumor_proliferating,Tumor,exiting_hypoxia,0.6534369651170495,-0.5242532942442873,0.25722704175142574,0.5369811654090881,0.46301883459091187,True
AGAGATGCAAAGGTCT,edge_gfp_minus,edge,GFP-,Mac_MHCII,Myeloid,non_tumor,-0.531654279084724,0.5820135239987482,-0.19634240878526513,0.02690941095352173,0.9730905890464783,False
AATCGCGCAAGCGTAT,edge_gfp_minus,edge,GFP-,Tumor_proliferating,Tumor,exiting_hypoxia,-0.0947909708858196,-0.6164664621774653,0.13432634999470655,0.5346850454807281,0.46531495451927185,True
AGTGTCGCATGATCCC,edge_gfp_minus,edge,GFP-,NK,NK,non_tumor,-0.5740496653954793,0.9370043161065928,0.19311258820022575,0.12403935194015503,0.875960648059845,False
CCTCCAGCAATTCGCC,edge_gfp_minus,edge,GFP-,Mac_MHCII,Myeloid,non_tumor,0.4253661116752952,0.21024969510515326,0.024377482417490576,0.06474131345748901,0.935258686542511,False
TCGCTTACAATACTAG,edge_gfp_minus,edge,GFP-,Fibroblast,Stroma,non_tumor,-0.912107598224029,0.2191796802512181,-0.2333196567666572,0.9924278799444437,0.007572120055556297,False
ACTATCTCAGTTGCCT,edge_gfp_minus,edge,GFP-,Neutrophil,Myeloid,non_tumor,-0.8193021103723979,0.5919441666119835,-0.42143275357801324,0.28082478046417236,0.7191752195358276,False
GTGTCCTCATCCGCAT,edge_gfp_minus,edge,GFP-,Neutrophil,Myeloid,non_tumor,-0.49720827521124256,0.2813134750486307,-0.38868505877988646,0.29577404260635376,0.7042259573936462,False
TGCTCCGCAAGGTAGA,edge_gfp_minus,edge,GFP-,Neutrophil,Myeloid,non_tumor,0.3300644308723148,0.6470057813247092,-0.2979062368777301,0.2793125510215759,0.7206874489784241,False
TCACATTCAACGGGCT,edge_gfp_minus,edge,GFP-,CD4_T,T_cell,non_tumor,-0.5633567580903804,1.2819985152696705,-0.3224905000148325,0.18794649839401245,0.8120535016059875,False
TGCTACCCAGCACGAC,edge_gfp_minus,edge,GFP-,Neutrophil,Myeloid,non_tumor,-0.1082750090161317,0.8319716778805257,-0.3167108269048763,0.3009151220321655,0.6990848779678345,False
CATACTTCAATGTAGC,edge_gfp_minus,edge,GFP-,Mac_MHCII,Myeloid,non_tumor,0.16005694150676084,0.3599477958698755,-0.06409916467023356,0.07338863611221313,0.9266113638877869,False
AATCAGCCACATGCGA,edge_gfp_minus,edge,GFP-,Tumor_proliferating,Tumor,exiting_hypoxia,-0.4042428587691526,-1.0017925752940404,3.704067782963789,0.5776834487915039,0.4223165512084961,True
ATCAAGCCATAGGCGC,edge_gfp_minus,edge,GFP-,Neutrophil,Myeloid,non_tumor,-0.5278557774904908,-0.15970415826033554,-0.39319676507091905,0.2830515503883362,0.7169484496116638,False
GGAATCTCAGGATTCG,edge_gfp_minus,edge,GFP-,Neutrophil,Myeloid,non_tumor,0.026730133120127172,0.3255740505679637,-0.32526541532571723,0.28293853998184204,0.717061460018158,False
CTTAATCCAAACTTGA,edge_gfp_minus,edge,GFP-,Neutrophil,Myeloid,non_tumor,0.20336109590574689,0.43201628450732804,-0.31701327209353947,0.2951887249946594,0.7048112750053406,False
ACCCTCGCATTACTGT,edge_gfp_minus,edge,GFP-,Treg,T_cell,non_tumor,-0.8013132031956032,0.9856951886545813,-0.309381820450338,0.26074516773223877,0.7392548322677612,False
GTTAGGTCATTAGGCG,edge_gfp_minus,edge,GFP-,Neutrophil,Myeloid,non_tumor,-0.3005648454421104,0.21003679239973552,-0.3552470241543881,0.28782087564468384,0.7121791243553162,False
TATGCAACAGCTACAG,edge_gfp_minus,edge,GFP-,DN_T,T_cell,non_tumor,-0.35848148492752163,0.8678810943781817,0.09308877301452165,0.13683152198791504,0.863168478012085,False
CGACAATCAGTACCCT,edge_gfp_minus,edge,GFP-,cDC,Myeloid,non_tumor,-0.8403683587105049,0.9632694056306347,-0.36449244977461,0.021703481674194336,0.9782965183258057,False
AGGTTCGCATCCTTGA,edge_gfp_minus,edge,GFP-,Tumor,Tumor,entering_hypoxia,-0.6856936051501431,0.9119477090117877,-0.28644741863771633,0.04310828447341919,0.9568917155265808,True
TGACACGCACCTACTA,edge_gfp_minus,edge,GFP-,Mac_MHCII,Myeloid,non_tumor,-0.07333328656388127,0.4862230122464979,-0.16949912980826026,0.043215811252593994,0.956784188747406,False
CTGTGGACATTGACGG,edge_gfp_minus,edge,GFP-,Neutrophil,Myeloid,non_tumor,-0.7788503671959752,0.7056069429662312,-0.4287976772040447,0.2840754985809326,0.7159245014190674,False
TGTAAGCCAACCTGGA,edge_gfp_minus,edge,GFP-,Neutrophil,Myeloid,non_tumor,-0.6695672942050944,0.685557306164515,-0.2986500364875882,0.23364752531051636,0.7663524746894836,False
ATGCTAACAGCTCAGA,edge_gfp_minus,edge,GFP-,Mac_MHCII,Myeloid,non_tumor,-1.0194285112661647,0.21245069584305334,-0.029692285455135973,0.10440206527709961,0.8955979347229004,False
CAACTAACAGGTTCGA,edge_gfp_minus,edge,GFP-,Mac_MHCII,Myeloid,non_tumor,1.0548214257337167,0.24487956718371226,-0.15483141027826594,0.10965704917907715,0.8903429508209229,False
AGCATCGCATAAGGCT,edge_gfp_minus,edge,GFP-,CD8_exhausted,T_cell,non_tumor,-0.06755573431218495,0.6355060149683301,-0.18137214196817378,0.1071893572807312,0.8928106427192688,False
CCACGAACACTCATGC,edge_gfp_minus,edge,GFP-,Mac_MHCII,Myeloid,non_tumor,-0.466114096236433,0.9346693040432297,-0.14161619215604987,0.034071922302246094,0.9659280776977539,False
TGGACATCAACCGTAG,edge_gfp_minus,edge,GFP-,Monocyte,Myeloid,non_tumor,-0.5238757950993864,0.817233769958467,-0.2894353607345564,0.028088271617889404,0.9719117283821106,False
CATAGCGCACCTGTAC,edge_gfp_minus,edge,GFP-,Neutrophil,Myeloid,non_tumor,1.6852998665063113,0.05132341180444085,-0.43841168011853987,0.27039289474487305,0.729607105255127,False
CGCATAGCATGCGTAG,edge_gfp_minus,edge,GFP-,Mac_MHCII,Myeloid,non_tumor,-0.6848481013010526,0.6777110098467408,-0.34510941533454786,0.022209584712982178,0.9777904152870178,False
CATCCCGCAACGTTCC,edge_gfp_minus,edge,GFP-,Neutrophil,Myeloid,non_tumor,-0.2207023633123215,0.5209408103409651,-0.48100718018358996,0.30921125411987305,0.690788745880127,False
AGGAAATCAAGTGAAG,edge_gfp_minus,edge,GFP-,Mac_MHCII,Myeloid,non_tumor,0.2244751104672534,0.7060408785555154,-0.06567818620711066,0.07039827108383179,0.9296017289161682,False
TAGGCTGCAGTTAGCG,edge_gfp_minus,edge,GFP-,Treg,T_cell,non_tumor,-0.43419999086187844,0.6363218297089862,-0.18331686658567584,0.24614983797073364,0.7538501620292664,False
CCGTCCACAACTGTGG,edge_gfp_minus,edge,GFP-,Neutrophil,Myeloid,non_tumor,0.1745070464400175,0.4235382904472198,-0.4340155707929686,0.2911643981933594,0.7088356018066406,False
AGTGAGACAAGTCGAT,edge_gfp_minus,edge,GFP-,Mac_MHCII,Myeloid,non_tumor,-0.3750623599148809,0.33844293018687444,2.208069815930511,0.21274834871292114,0.7872516512870789,False
TATCATCCATGATTAG,edge_gfp_minus,edge,GFP-,CD8_exhausted,T_cell,non_tumor,-0.3030592217074086,0.8382253557459965,0.022413108937205013,0.21239537000656128,0.7876046299934387,False
GCTTCACCATGGCTTC,edge_gfp_minus,edge,GFP-,Tumor_proliferating,Tumor,normoxic_stable,-0.7232969586949577,-0.25169967334249543,-0.16627632331359252,0.5698533952236176,0.43014660477638245,True
TGGCTCTCATAACTCT,edge_gfp_minus,edge,GFP-,Neutrophil,Myeloid,non_tumor,-0.006582772800459212,-0.05757855447662213,-0.4102962860339145,0.285899817943573,0.714100182056427,False
ACGCGGTCAGGTTGCA,edge_gfp_minus,edge,GFP-,Tumor_proliferating,Tumor,persistent_hypoxia,0.4408962651471166,-0.07368712589823699,-0.31716615137679655,0.6438097357749939,0.3561902642250061,True
CCTCCAGCAATACTGA,edge_gfp_minus,edge,GFP-,cDC,Myeloid,non_tumor,0.07310677737004993,0.843427756166944,-0.28933067290184383,0.05283355712890625,0.9471664428710938,False
TAACAGCCATGGCCTT,edge_gfp_minus,edge,GFP-,Mac_MHCII,Myeloid,non_tumor,0.1789836987386838,0.40053806766494654,3.1326578780579664,0.24630558490753174,0.7536944150924683,False
TATAGGCCATAGATGC,edge_gfp_minus,edge,GFP-,Neutrophil,Myeloid,non_tumor,-0.16308084444783635,0.9496446423481054,-0.3661736420499965,0.2832708954811096,0.7167291045188904,False
CGCATAGCATTCGTTG,edge_gfp_minus,edge,GFP-,CD8_exhausted,T_cell,non_tumor,-0.16883126673321922,0.8166039383245223,1.3656902472064245,0.18304890394210815,0.8169510960578918,False
CAAACCGCAGTTGACG,edge_gfp_minus,edge,GFP-,Neutrophil,Myeloid,non_tumor,1.0282110378981095,-0.05102561390734038,-0.368978507241402,0.28966498374938965,0.7103350162506104,False
TATCATCCATGCTCTA,edge_gfp_minus,edge,GFP-,Treg,T_cell,non_tumor,-0.2970060625934534,0.5888403892967697,-0.1483212531344094,0.2692161202430725,0.7307838797569275,False
CTTCGCGCATCCTGCG,edge_gfp_minus,edge,GFP-,Mac_MHCII,Myeloid,non_tumor,-0.6229872002834396,-0.06395409268987817,1.7404303053958874,0.23736906051635742,0.7626309394836426,False
CACTTCACAAATCGTA,edge_gfp_minus,edge,GFP-,Neutrophil,Myeloid,non_tumor,-0.31813791581620343,-0.03769114896380304,-0.345840614560049,0.2861013412475586,0.7138986587524414,False
GCCATTCCAATAGGCT,edge_gfp_minus,edge,GFP-,NK,NK,non_tumor,-0.2805305643131302,0.8618824388293939,0.3303246597153697,0.12429988384246826,0.8757001161575317,False
CAGCTCTCAAGTAACC,edge_gfp_minus,edge,GFP-,Neutrophil,Myeloid,non_tumor,-0.4757411259757493,0.09714279672908877,-0.35290077410924214,0.28375107049942017,0.7162489295005798,False
TGGCTGACATCGCTTA,edge_gfp_minus,edge,GFP-,Mac_MHCII,Myeloid,non_tumor,-0.5461283398636325,0.38232872080075414,0.1936658982294074,0.1483425498008728,0.8516574501991272,False
AACGATCCAGGAACCC,edge_gfp_minus,edge,GFP-,Mac_MHCII,Myeloid,non_tumor,-0.8851519521864574,0.3709078970019425,3.170711852446425,0.24348068237304688,0.7565193176269531,False
TAAGTCACATAACTTC,edge_gfp_minus,edge,GFP-,Tumor,Tumor,entering_hypoxia,-1.1768242809522838,0.9347738876310336,-0.29139261257723587,0.02944737672805786,0.9705526232719421,True
TGTATTCCAACTAAGC,edge_gfp_minus,edge,GFP-,Neutrophil,Myeloid,non_tumor,-1.1768242809522838,0.8215243885475024,-0.277408074028715,0.30340975522994995,0.69659024477005,False
AGCCCAACAATCTGGG,edge_gfp_minus,edge,GFP-,Mac_MHCII,Myeloid,non_tumor,-0.38981531839833794,0.8030706003162786,-0.3564630443969688,0.024344265460968018,0.975655734539032,False
CACGCAACAAGCCTAG,edge_gfp_minus,edge,GFP-,Mac_MHCII,Myeloid,non_tumor,-0.6579848823261655,0.20751024659470468,-0.024545337058228794,0.12180376052856445,0.8781962394714355,False
TGTCGTCCACTTACAT,edge_gfp_minus,edge,GFP-,Treg,T_cell,non_tumor,0.040245197989404485,0.6385606340504097,-0.2681594440040739,0.2571721076965332,0.7428278923034668,False
GCATCCTCACATAGGT,edge_gfp_minus,edge,GFP-,CD8_exhausted,T_cell,non_tumor,-0.7459020049519451,0.6714593076812425,0.3551382151519054,0.1856948733329773,0.8143051266670227,False
AACGACTCAAACTAGC,edge_gfp_minus,edge,GFP-,Tumor_proliferating,Tumor,exiting_hypoxia,0.006421768847093473,-0.7931660466137966,4.489441047066154,0.5589475631713867,0.4410524368286133,True
CTCTAGCCAGGAAGCG,edge_gfp_minus,edge,GFP-,Neutrophil,Myeloid,non_tumor,-0.4238500129221988,0.23637617751922782,-0.380328232103511,0.28671127557754517,0.7132887244224548,False
AGCTTAACAATACCAA,edge_gfp_minus,edge,GFP-,Mac_MHCII,Myeloid,non_tumor,-0.4396443814519963,1.0483088378274252,-0.19448914539918238,0.08702456951141357,0.9129754304885864,False
CTAAAGCCAATACTTC,edge_gfp_minus,edge,GFP-,Tumor,Tumor,entering_hypoxia,-0.8799931799452155,0.9573218050253159,-0.33440609889314826,0.04631209373474121,0.9536879062652588,True
CAAGCCACAGCAGGCT,edge_gfp_minus,edge,GFP-,Monocyte,Myeloid,non_tumor,0.08692158428370166,0.8058213642230744,-0.20590078061965073,0.03779637813568115,0.9622036218643188,False
ACGAATCCAGTTGGAT,edge_gfp_minus,edge,GFP-,Fibroblast,Stroma,non_tumor,-0.5429977106718402,0.25630857085644004,-0.24537431661509443,0.880774512887001,0.11922548711299896,False
TCACATTCACCTACGT,edge_gfp_minus,edge,GFP-,Tumor_proliferating,Tumor,exiting_hypoxia,0.5000470081644687,-0.6136483732055794,-0.06597980314026364,0.5241583287715912,0.4758416712284088,True
GTTACTTCACTAATCT,edge_gfp_minus,edge,GFP-,Treg,T_cell,non_tumor,0.3077761930255278,0.9257908864886123,-0.31053964882741697,0.23875993490219116,0.7612400650978088,False
CCTACCGCATGCTCAC,edge_gfp_minus,edge,GFP-,cDC,Myeloid,non_tumor,0.027226927702319773,0.9409838670515249,-0.2744684866091077,0.0646941065788269,0.9353058934211731,False
TGAAACCCAACCCTAC,edge_gfp_minus,edge,GFP-,Mac_MHCII,Myeloid,non_tumor,-0.5405700877747762,0.213268274162503,0.2729981080047951,0.19117742776870728,0.8088225722312927,False
ATAGCACCAAAGGAAT,edge_gfp_minus,edge,GFP-,Neutrophil,Myeloid,non_tumor,-0.5578011747442774,1.1848893547813322,-0.41279413904774004,0.2921587824821472,0.7078412175178528,False
TAGCAGTCAAATCGAC,edge_gfp_minus,edge,GFP-,Mac_MHCII,Myeloid,non_tumor,-0.5542016626935564,0.36234388322661437,2.7655979283649943,0.2561614513397217,0.7438385486602783,False
CACATCCCAAACTGTA,edge_gfp_minus,edge,GFP-,cDC,Myeloid,non_tumor,0.07694735622868223,1.3365045183544806,0.46485077595005836,0.08129751682281494,0.9187024831771851,False
TATGGGTCATTAGTCT,edge_gfp_minus,edge,GFP-,Mac_MHCII,Myeloid,non_tumor,-0.06517331254648763,0.83150832213868,-0.11749964988872712,0.08276170492172241,0.9172382950782776,False
ATCTCGCCAATCGAAC,edge_gfp_minus,edge,GFP-,Mac_MHCII,Myeloid,non_tumor,-0.7243232475702966,0.5219173141545165,1.6887812079136861,0.18454748392105103,0.815452516078949,False
TCGCCATCAATCTGCC,edge_gfp_minus,edge,GFP-,Mac_MHCII,Myeloid,non_tumor,0.40997263503582104,0.43942615252861567,-0.05911816386501816,0.08366203308105469,0.9163379669189453,False
TAGCCAGCATCCAGCT,edge_gfp_minus,edge,GFP-,Mac_MHCII,Myeloid,non_tumor,-0.28458265088599694,0.6793244656084795,-0.023286794330751513,0.1753828525543213,0.8246171474456787,False
GGAGAGTCATGTCGGA,edge_gfp_minus,edge,GFP-,Treg,T_cell,non_tumor,-0.4283895001395817,0.9241463996565067,-0.31080000224934995,0.2542874813079834,0.7457125186920166,False
GCACTGACAATTGGCG,edge_gfp_minus,edge,GFP-,Mac_MHCII,Myeloid,non_tumor,-0.9270741126644484,0.2818599895289259,-0.10701701957992761,0.07002532482147217,0.9299746751785278,False
AGCCTGACAAGGTTAC,edge_gfp_minus,edge,GFP-,CD8_exhausted,T_cell,non_tumor,-0.35003308990201004,0.7624819757951709,0.2306234394429998,0.1833890676498413,0.8166109323501587,False
GGCCAACCATCGAAGT,edge_gfp_minus,edge,GFP-,Tumor_proliferating,Tumor,exiting_hypoxia,-0.44067456615416456,-0.801785794465987,-0.3046242846541273,0.4971216917037964,0.5028783082962036,True
CCTCAGTCAAGCCTAG,edge_gfp_minus,edge,GFP-,cDC,Myeloid,non_tumor,0.251224340327818,1.0194678369392163,-0.2995412381717902,0.09342366456985474,0.9065763354301453,False
ACACCCTCACAGCAAT,edge_gfp_minus,edge,GFP-,Neutrophil,Myeloid,non_tumor,-0.0793430466905363,0.6571517528283866,-0.44116830417968866,0.28314661979675293,0.7168533802032471,False
TAGTTAGCAAGGTGCC,edge_gfp_minus,edge,GFP-,Monocyte,Myeloid,non_tumor,2.0420732808923057,5.886459731880824,-0.41566018810988703,0.04134786128997803,0.958652138710022,False
ACGAATCCATCCCATA,edge_gfp_minus,edge,GFP-,CD8_exhausted,T_cell,non_tumor,1.2613294747333743,0.8500739716409299,-0.15838691121679185,0.2080511450767517,0.7919488549232483,False
AGTACACCACAGCGGT,edge_gfp_minus,edge,GFP-,Monocyte,Myeloid,non_tumor,2.617936834563842,8.075744504601865,-0.4316285936312608,0.03992664813995361,0.9600733518600464,False
CACCATCCAATGTCAA,edge_gfp_minus,edge,GFP-,Tumor_proliferating,Tumor,exiting_hypoxia,-0.21298524378244243,-1.4527457409014832,0.10817302233915808,0.4879395365715027,0.5120604634284973,True
TCTGGCTCAATCAAGC,edge_gfp_minus,edge,GFP-,Mac_C1q,Myeloid,non_tumor,-0.08718478338209937,0.3952609394723532,0.11259930167453402,0.12345290184020996,0.87654709815979,False
CTCGCTGCAAACCCAG,edge_gfp_minus,edge,GFP-,Mac_MHCII,Myeloid,non_tumor,1.314574442879477,0.8056225586395815,-0.32731707262280324,0.029091298580169678,0.9709087014198303,False
CGCCTTGCATGATCGG,edge_gfp_minus,edge,GFP-,Neutrophil,Myeloid,non_tumor,0.04069552550942826,0.792236251123011,-0.28564922724133984,0.296085000038147,0.703914999961853,False
GTATCTTCAATGACGT,edge_gfp_minus,edge,GFP-,Mac_MHCII,Myeloid,non_tumor,-0.7077184062550681,0.7257573189318387,-0.18633266876657967,0.19793087244033813,0.8020691275596619,False
GTACGATCAAGTAGCT,edge_gfp_minus,edge,GFP-,Neutrophil,Myeloid,non_tumor,-0.2840712019749529,0.10675788969018124,-0.43947423655589724,0.29787367582321167,0.7021263241767883,False
CATCTTGCAATGGAAG,edge_gfp_minus,edge,GFP-,CD4_T,T_cell,non_tumor,-0.2722053721764201,1.2296118427815188,-0.32601310504218534,0.13820260763168335,0.8617973923683167,False
ATATCCTCAATCCTTG,edge_gfp_minus,edge,GFP-,Mac_MHCII,Myeloid,non_tumor,1.1864685910600044,0.6792344216066294,-0.3396864650432364,0.03803062438964844,0.9619693756103516,False
GGTCGGTCACAACCTC,edge_gfp_minus,edge,GFP-,cDC,Myeloid,non_tumor,-1.1768242809522838,0.3495785424572891,-0.36901490185428937,0.1252967119216919,0.8747032880783081,False
GTAGTCGCAGGATCTG,edge_gfp_minus,edge,GFP-,Neutrophil,Myeloid,non_tumor,-0.7155844777836352,0.14678278033876255,-0.36580016484735856,0.28339433670043945,0.7166056632995605,False
CCAACCTCAAGCACGC,edge_gfp_minus,edge,GFP-,Tumor_proliferating,Tumor,reverted_stable,-0.7013016543943277,-1.4709953358630796,-0.2912998213835259,0.46079546213150024,0.5392045378684998,True
ACCCGAACAACGTGGC,edge_gfp_minus,edge,GFP-,Neutrophil,Myeloid,non_tumor,0.40363449224350445,0.0683982652922806,-0.36511854441478253,0.2782748341560364,0.7217251658439636,False
TGTCCCGCAGTAAGCT,edge_gfp_minus,edge,GFP-,Treg,T_cell,non_tumor,0.24961732146444496,0.6760301448863577,-0.2885744868813121,0.25279295444488525,0.7472070455551147,False
CGATTCCCACAATCGG,edge_gfp_minus,edge,GFP-,Tumor_proliferating,Tumor,normoxic_stable,-0.7359674187185259,0.1047046748804458,-0.1605458808742255,0.5325596034526825,0.4674403965473175,True
TCAATCTCATGAAGTC,edge_gfp_minus,edge,GFP-,Tumor_proliferating,Tumor,normoxic_stable,-0.8396487793000522,-0.07072097207147818,2.1533611934373296,0.5448766648769379,0.45512333512306213,True
CACATCCCATCCTGGT,edge_gfp_minus,edge,GFP-,Mac_MHCII,Myeloid,non_tumor,-0.17463983949821618,0.20415402188549392,1.5171446078726458,0.17011916637420654,0.8298808336257935,False
TGCATAACAAGCTACG,edge_gfp_minus,edge,GFP-,Monocyte,Myeloid,non_tumor,-0.8480217182569811,0.908439991157941,-0.30767933644456774,0.02641141414642334,0.9735885858535767,False
AGTACACCATTAACTC,edge_gfp_minus,edge,GFP-,Mac_C1q,Myeloid,non_tumor,-0.5949985611164782,0.3678574676836807,0.44611145709212024,0.1312515139579773,0.8687484860420227,False
CCAAAGTCAGGACAGG,edge_gfp_minus,edge,GFP-,Neutrophil,Myeloid,non_tumor,0.4313132236261601,-0.41284256075520953,-0.35386532371831864,0.274635910987854,0.725364089012146,False
ATTACCTCATCGAACG,edge_gfp_minus,edge,GFP-,Mac_MHCII,Myeloid,non_tumor,0.6485446603945398,0.7214551812822253,-0.37813709647122107,0.02560746669769287,0.9743925333023071,False
ATGGACTCAATAGAGG,edge_gfp_minus,edge,GFP-,CD8_exhausted,T_cell,non_tumor,0.015827364338185452,0.8976063250593861,0.050697964772776084,0.20782387256622314,0.7921761274337769,False
CTATTCGCAATCTGCC,edge_gfp_minus,edge,GFP-,Treg,T_cell,non_tumor,0.5353764711367606,0.6249101603383598,-0.2567344567597555,0.2563399076461792,0.7436600923538208,False
CAACGATCATCGCGTT,edge_gfp_minus,edge,GFP-,CD8_exhausted,T_cell,non_tumor,-0.5976395602734135,0.7675020619426685,-0.1629604762715986,0.10978615283966064,0.8902138471603394,False
AGCACGCCAACTATCT,edge_gfp_minus,edge,GFP-,Neutrophil,Myeloid,non_tumor,-0.6160326752312207,0.7186182582513463,-0.4011385360799574,0.283618688583374,0.716381311416626,False
CTATCGCCATAGAGCT,edge_gfp_minus,edge,GFP-,Neutrophil,Myeloid,non_tumor,-0.3749854159409407,0.5487130426366796,-0.4367426117648559,0.3003023862838745,0.6996976137161255,False
GTGTAACCACATGCGA,edge_gfp_minus,edge,GFP-,Mac_MHCII,Myeloid,non_tumor,-0.9195280635185084,0.49042125428538164,1.9776454232695577,0.19337522983551025,0.8066247701644897,False
ACCTACCCAGTTAATG,edge_gfp_minus,edge,GFP-,Mac_MHCII,Myeloid,non_tumor,0.6813487280959127,0.8616954785528627,-0.2866634217225706,0.01607459783554077,0.9839254021644592,False
GGCGAGACAGCTCAAG,edge_gfp_minus,edge,GFP-,Tumor,Tumor,entering_hypoxia,-0.9689248258155715,0.9097120159989491,-0.346791147779394,0.05060529708862305,0.949394702911377,True
AGCTAACCAGGAATCT,edge_gfp_minus,edge,GFP-,Tumor_proliferating,Tumor,exiting_hypoxia,-0.40482973167678377,-2.3576215796025046,-0.34441780826194507,0.526112973690033,0.47388702630996704,True
CAGTTCCCATCCGTCG,edge_gfp_minus,edge,GFP-,Mac_MHCII,Myeloid,non_tumor,1.09005209277337,0.6974768766373515,-0.3471283379350966,0.03259235620498657,0.9674076437950134,False
CCTGATCCATAACTAG,edge_gfp_minus,edge,GFP-,DN_T,T_cell,non_tumor,-1.1768242809522838,1.1366753046185676,-0.27581564804590736,0.1420743465423584,0.8579256534576416,False
AACACACCACTCGGTT,edge_gfp_minus,edge,GFP-,Neutrophil,Myeloid,non_tumor,-0.8512320811985524,-0.2893096832471614,-0.27800107707035976,0.28412532806396484,0.7158746719360352,False
GTCTCCGCAAGGGTAA,edge_gfp_minus,edge,GFP-,Treg,T_cell,non_tumor,0.5564596110853414,0.884225302568577,-0.15034691131897165,0.1944659948348999,0.8055340051651001,False
GGCTGGTCAGCTCAAG,edge_gfp_minus,edge,GFP-,Treg,T_cell,non_tumor,-0.44916270873796194,0.5888039686221974,-0.2938106648119795,0.27801185846328735,0.7219881415367126,False
TGAGCATCAACCTGTC,edge_gfp_minus,edge,GFP-,Neutrophil,Myeloid,non_tumor,-0.9512286447684718,0.40339003656525063,-0.26125592798418773,0.29929065704345703,0.700709342956543,False
CAGTTAACACAGGGCT,edge_gfp_minus,edge,GFP-,Tumor_proliferating,Tumor,entering_hypoxia,-1.1768242809522838,0.7681941970455112,-0.3272179010767684,0.620414525270462,0.37958547472953796,True
TGACTAACATGATTAG,edge_gfp_minus,edge,GFP-,Mac_MHCII,Myeloid,non_tumor,-0.9510893265877397,0.7839842473747792,-0.35791655799129235,0.02785015106201172,0.9721498489379883,False
GTCTCACCATAGACCG,edge_gfp_minus,edge,GFP-,Mac_MHCII,Myeloid,non_tumor,-0.8717510498052071,0.36641545587862456,3.3357460006258135,0.3315838575363159,0.6684161424636841,False
GCACAGCCAGGATGCC,edge_gfp_minus,edge,GFP-,Mac_MHCII,Myeloid,non_tumor,-0.5634243635541234,0.3424755869287442,-0.36616679006462677,0.02331918478012085,0.9766808152198792,False
TGGCGGTCAGGCAAGG,edge_gfp_minus,edge,GFP-,Mac_MHCII,Myeloid,non_tumor,-0.9904188974335935,0.35072231415175503,3.2127117316148808,0.30569350719451904,0.694306492805481,False
GCTAAACCAATAGTTG,edge_gfp_minus,edge,GFP-,Mac_MHCII,Myeloid,non_tumor,-0.7674749985117035,0.6906464751144995,-0.22721667331649836,0.04842489957809448,0.9515751004219055,False
ATATTCCCAATACTCT,edge_gfp_minus,edge,GFP-,Mac_C1q,Myeloid,non_tumor,-0.7426191687622965,0.23695595605288697,0.007800401119906232,0.1416204571723938,0.8583795428276062,False
CTTACGCCAACTGGAT,edge_gfp_minus,edge,GFP-,Tumor_proliferating,Tumor,transitional,-0.5107366470213316,-0.202216781682143,1.4809542687070092,0.5425945520401001,0.4574054479598999,True
CTCCAACCAGGCTCAA,edge_gfp_minus,edge,GFP-,CD8_exhausted,T_cell,non_tumor,-0.5703351428991367,0.9286983042835444,0.018305253409048983,0.08462220430374146,0.9153777956962585,False
CTATCGCCAAACTGAC,edge_gfp_minus,edge,GFP-,Mac_MHCII,Myeloid,non_tumor,1.3600826001760395,1.0410549489693244,-0.2741829710425282,0.02316230535507202,0.976837694644928,False
GTATGGTCAAGGGCAG,edge_gfp_minus,edge,GFP-,Mac_MHCII,Myeloid,non_tumor,-0.35989364383431877,0.3263294724124765,-0.17011348197401308,0.034142374992370605,0.9658576250076294,False
GGACAGGCAACTAATG,edge_gfp_minus,edge,GFP-,Neutrophil,Myeloid,non_tumor,-0.3674269790820477,0.9849625361397759,-0.43204878589852547,0.28512412309646606,0.7148758769035339,False
ACGGATTCATGCGGAC,edge_gfp_minus,edge,GFP-,Mac_MHCII,Myeloid,non_tumor,-0.5258639826027631,0.2519362564065792,2.9597784284084336,0.2770543098449707,0.7229456901550293,False
GGCAAGGCAATCGTGG,edge_gfp_minus,edge,GFP-,Mac_C1q,Myeloid,non_tumor,-0.9126230985100464,0.6774508826721617,-0.06305608664573385,0.14697325229644775,0.8530267477035522,False
GTCTGTCCATCACATT,edge_gfp_minus,edge,GFP-,Neutrophil,Myeloid,non_tumor,0.7613488972236121,-0.06602764303740295,-0.36515369801380615,0.28212952613830566,0.7178704738616943,False
TGACCCTCAGGTTCCT,edge_gfp_minus,edge,GFP-,DN_T,T_cell,non_tumor,-1.1768242809522838,1.1046360143112677,-0.2678394850783164,0.13781476020812988,0.8621852397918701,False
GCGAATTCAGGGCACT,edge_gfp_minus,edge,GFP-,Treg,T_cell,non_tumor,-0.40077116690336306,0.5200349481982427,-0.25315608691970815,0.23546373844146729,0.7645362615585327,False
GTGAATCCACCAACTC,edge_gfp_minus,edge,GFP-,Mac_MHCII,Myeloid,non_tumor,-0.8613744160608355,0.45064670272239377,1.4011986047888807,0.2567681670188904,0.7432318329811096,False
TGAATTGCAGGGATGG,edge_gfp_minus,edge,GFP-,Fibroblast,Stroma,non_tumor,-0.9089361833020545,0.04775901818821942,-0.23869348268260646,1.0,0.0,False
CAACGATCATTACGCC,edge_gfp_minus,edge,GFP-,Treg,T_cell,non_tumor,-0.4446483311457369,0.8275019846393978,-0.32048800011988093,0.26471710205078125,0.7352828979492188,False
CACATAACAACCCTGT,edge_gfp_minus,edge,GFP-,Neutrophil,Myeloid,non_tumor,-0.6770305569979471,-0.033694995199174224,-0.3894824432222942,0.2958664894104004,0.7041335105895996,False
ACTGCCTCACAGCAGC,edge_gfp_minus,edge,GFP-,Neutrophil,Myeloid,non_tumor,-0.07888201916553542,0.37849804457244185,-0.420741818303312,0.2807921767234802,0.7192078232765198,False
TACGAGTCAAGGTCTG,edge_gfp_minus,edge,GFP-,cDC,Myeloid,non_tumor,-1.1768242809522838,0.6735460845209793,-0.30436978454109526,0.057807862758636475,0.9421921372413635,False
ATTCCGCCATTCGGTC,edge_gfp_minus,edge,GFP-,Mac_C1q,Myeloid,non_tumor,-0.9098358599604828,0.3241021829467495,0.29110319606131796,0.12005990743637085,0.8799400925636292,False
GCATTCCCAGGCAAGG,edge_gfp_minus,edge,GFP-,Mac_MHCII,Myeloid,non_tumor,-0.2069316379879226,0.4495769722174598,-0.08441474365343289,0.12264490127563477,0.8773550987243652,False
ACTAAGCCATCAAGCG,edge_gfp_minus,edge,GFP-,Neutrophil,Myeloid,non_tumor,-0.29410275598032476,0.2378429884086826,-0.36688751021271343,0.2657621502876282,0.7342378497123718,False
TGTCTCACATTAGTTC,edge_gfp_minus,edge,GFP-,Mac_MHCII,Myeloid,non_tumor,0.17661913568419335,1.5320224612421498,-0.36112436454791513,0.03638923168182373,0.9636107683181763,False
CAGTTCCCATGACAGT,edge_gfp_minus,edge,GFP-,Mac_MHCII,Myeloid,non_tumor,-0.5587546766752165,0.7078183799266324,-0.09911838633422228,0.014533460140228271,0.9854665398597717,False
ACAACCGCACTTGATT,edge_gfp_minus,edge,GFP-,Monocyte,Myeloid,non_tumor,-0.5869015863817969,0.9434375699380806,-0.3811434930282252,0.04553508758544922,0.9544649124145508,False
TACTACTCAACCAACG,edge_gfp_minus,edge,GFP-,CD8_T,T_cell,non_tumor,-0.8076273928392959,1.1328532328552692,0.1854998978358081,0.12047696113586426,0.8795230388641357,False
TCTACGCCAAGGTCGC,edge_gfp_minus,edge,GFP-,Neutrophil,Myeloid,non_tumor,-0.3394575486514072,-0.2645803133065556,-0.3669575836737747,0.27581673860549927,0.7241832613945007,False
GTCTGGACATAGAGTC,edge_gfp_minus,edge,GFP-,Neutrophil,Myeloid,non_tumor,-0.6929893631530185,0.8302838721198776,-0.3465534679937688,0.28266972303390503,0.717330276966095,False
ATATGGCCATCCAGAG,edge_gfp_minus,edge,GFP-,Treg,T_cell,non_tumor,-0.24133596306321342,0.747508916506988,-0.2604922694027209,0.24708342552185059,0.7529165744781494,False
CGTCCTGCAATTCAAG,edge_gfp_minus,edge,GFP-,Mac_MHCII,Myeloid,non_tumor,-0.7914406388439837,0.49438607026270676,-0.06581461124262494,0.05551505088806152,0.9444849491119385,False
CTGGGGTCATCGGTCT,edge_gfp_minus,edge,GFP-,Mac_MHCII,Myeloid,non_tumor,-0.989430245523919,1.0418137133135301,2.476912718409348,0.24684029817581177,0.7531597018241882,False
ATATTCCCATCGGTCT,edge_gfp_minus,edge,GFP-,Mac_MHCII,Myeloid,non_tumor,-0.27510980779467525,0.6870363947986817,3.847168624873537,0.21046298742294312,0.7895370125770569,False
GTTGCCTCATCGTACC,edge_gfp_minus,edge,GFP-,Tumor_proliferating,Tumor,entering_hypoxia,-0.5445950110520067,1.346821892663506,-0.08102848347895313,0.6195701658725739,0.38042983412742615,True
GTACCCTCAAATGGAG,edge_gfp_minus,edge,GFP-,Neutrophil,Myeloid,non_tumor,-0.28577077743980017,0.04318576090103218,-0.31587003050724266,0.2697659134864807,0.7302340865135193,False
ACGTTCCCACTACCAC,edge_gfp_minus,edge,GFP-,CD8_exhausted,T_cell,non_tumor,-0.8314767270662674,0.7583606942493748,0.013878254246240892,0.19965314865112305,0.800346851348877,False
CTATGTTCAAGTCCAG,edge_gfp_minus,edge,GFP-,Mac_MHCII,Myeloid,non_tumor,0.5820703754777452,0.231502428655227,0.2114769166106615,0.3119152784347534,0.6880847215652466,False
TACATTCCAAATGGCT,edge_gfp_minus,edge,GFP-,Tumor_proliferating,Tumor,exiting_hypoxia,0.7990744361433116,-1.3628684500815396,0.2724266758236612,0.5128062069416046,0.4871937930583954,True
ACTACTTCAAGCGTAT,edge_gfp_minus,edge,GFP-,Tumor_proliferating,Tumor,entering_hypoxia,-0.9776633769279072,1.9081543755885242,0.2245170758498055,0.628772646188736,0.37122735381126404,True
ATTCGTTCACCATGCT,edge_gfp_minus,edge,GFP-,Mac_MHCII,Myeloid,non_tumor,-0.8530707462423878,0.39720827257457175,3.1602326464933177,0.30273425579071045,0.6972657442092896,False
CTGATTTCATAGAGTC,edge_gfp_minus,edge,GFP-,Tumor_proliferating,Tumor,exiting_hypoxia,0.4924671558997763,-0.5371030430263617,0.12203310246029853,0.5382323265075684,0.46176767349243164,True
AAGTACCCATTGGCCT,edge_gfp_minus,edge,GFP-,CD8_exhausted,T_cell,non_tumor,-0.6602851157684819,1.1864634305906063,-0.04437160071339368,0.14342933893203735,0.8565706610679626,False
TCAAATGCATAAGTTG,edge_gfp_minus,edge,GFP-,Neutrophil,Myeloid,non_tumor,0.10536998971223156,0.6094102646671536,-0.1928509120220215,0.301550030708313,0.698449969291687,False
TGCGGGTCATTAGAGC,edge_gfp_minus,edge,GFP-,Tumor_proliferating,Tumor,exiting_hypoxia,0.7792543199548673,-2.8479131309905754,-0.38603790458728565,0.4380035996437073,0.5619964003562927,True
TGCGATGCAAGCATTA,edge_gfp_minus,edge,GFP-,CD8_exhausted,T_cell,non_tumor,-0.4208021993064487,1.0587213456516318,0.16917877969320302,0.17782169580459595,0.822178304195404,False
AACCCAGCACCAGGGT,edge_gfp_minus,edge,GFP-,Treg,T_cell,non_tumor,-0.31995032751701635,0.7415246755208207,-0.197585914135556,0.23042148351669312,0.7695785164833069,False
TAGTTCTCATAGGCGC,edge_gfp_minus,edge,GFP-,Mac_MHCII,Myeloid,non_tumor,-0.5108187413465879,0.3766926609055135,0.13113195088183763,0.1503491997718811,0.8496508002281189,False
TCGCCATCAAGTTAGC,edge_gfp_minus,edge,GFP-,cDC,Myeloid,non_tumor,-0.14527611150975484,0.7336713385759217,-0.3448326961402274,0.04432344436645508,0.9556765556335449,False
AGACGTTCACTAACTT,edge_gfp_minus,edge,GFP-,Tumor_proliferating,Tumor,exiting_hypoxia,0.2675225524943381,-0.5284975164475796,3.418043264107813,0.5447262227535248,0.4552737772464752,True
CCTCACGCAGGACTCA,edge_gfp_minus,edge,GFP-,Tumor,Tumor,entering_hypoxia,-1.1768242809522838,0.9390262076671284,-0.2964374309540262,0.04424232244491577,0.9557576775550842,True
GGCGGTTCATTCGGCT,edge_gfp_minus,edge,GFP-,Mac_MHCII,Myeloid,non_tumor,-0.3398816907475737,0.45726984223692063,-0.35805395216056757,0.03397625684738159,0.9660237431526184,False
AGCTACGCAAACCAAC,edge_gfp_minus,edge,GFP-,cDC,Myeloid,non_tumor,-0.7100374963237873,0.8393592984616975,-0.2680979157280881,0.26833575963974,0.73166424036026,False
ATGGGTTCAATGAAGG,edge_gfp_minus,edge,GFP-,Tumor_proliferating,Tumor,exiting_hypoxia,-0.23508896138306734,-0.8582704807334087,0.2808379869491678,0.5237017273902893,0.4762982726097107,True
GGTATGTCATGCTTCA,edge_gfp_minus,edge,GFP-,Mac_C1q,Myeloid,non_tumor,-0.8943439121879942,0.8942076776837448,0.024383961081711387,0.1585170030593872,0.8414829969406128,False
AATCAGCCATTACCTG,edge_gfp_minus,edge,GFP-,Mac_MHCII,Myeloid,non_tumor,1.2075694403158557,1.8813897191536921,-0.25017651605870206,0.032167792320251465,0.9678322076797485,False
CCACAGACATTCGCTA,edge_gfp_minus,edge,GFP-,Mac_MHCII,Myeloid,non_tumor,1.8188731700907559,1.1505239726162702,-0.1929981933608708,0.016876399517059326,0.9831236004829407,False
TCGTGGACAATCCTCA,edge_gfp_minus,edge,GFP-,Mac_MHCII,Myeloid,non_tumor,-0.7163347701457724,0.2240289623801559,0.5559113049398225,0.19299203157424927,0.8070079684257507,False
AATCGCGCAAAGGGAC,edge_gfp_minus,edge,GFP-,Mac_MHCII,Myeloid,non_tumor,-0.20955165420009575,1.1726265814828012,-0.43672513851150424,0.022143542766571045,0.977856457233429,False
CACCGTTCAGGAAGCG,edge_gfp_minus,edge,GFP-,Neutrophil,Myeloid,non_tumor,0.7304462793017877,-0.07997415718172779,-0.4090770327114714,0.28206008672714233,0.7179399132728577,False
GCGTTCTCAAATCGAC,edge_gfp_minus,edge,GFP-,Treg,T_cell,non_tumor,-0.20455621145591563,0.8487797277385334,-0.3174271966212447,0.23938918113708496,0.760610818862915,False
GTGTTCCCAAGCATGT,edge_gfp_minus,edge,GFP-,Tumor_proliferating,Tumor,exiting_hypoxia,-0.1778448465937037,-1.4457548190087695,0.2843303909389089,0.4880062937736511,0.5119937062263489,True
CAGGAGGCAGCCTATC,edge_gfp_minus,edge,GFP-,Tumor_proliferating,Tumor,exiting_hypoxia,-0.10546886775867574,-1.2216638466190197,-0.17814234637051304,0.4971522092819214,0.5028477907180786,True
GGCTAATCATCCCGTG,edge_gfp_minus,edge,GFP-,Treg,T_cell,non_tumor,-0.540444322763264,0.7808995087418248,-0.3042455724719034,0.25413936376571655,0.7458606362342834,False
TGTAAGCCATCACGAG,edge_gfp_minus,edge,GFP-,Treg,T_cell,non_tumor,-0.3991442135757983,0.8097335333454614,-0.27343867298945657,0.24520069360733032,0.7547993063926697,False
CAAGGAACAATCTAAG,edge_gfp_minus,edge,GFP-,Fibroblast,Stroma,non_tumor,-1.1768242809522838,0.35489446903460203,-0.24343102222365123,0.6675195395946503,0.33248046040534973,False
CGTCATCCATCCGCAT,edge_gfp_minus,edge,GFP-,Mac_MHCII,Myeloid,non_tumor,-1.1768242809522838,0.2850735988835848,-0.09497623441215851,0.1205945611000061,0.8794054388999939,False
ATAGCACCATCGGCTT,edge_gfp_minus,edge,GFP-,Fibroblast,Stroma,non_tumor,-0.885960372054668,0.15416612013494488,-0.1925793374944036,0.7478042542934418,0.2521957457065582,False
CATAGGTCAGGATCTG,edge_gfp_minus,edge,GFP-,Mac_MHCII,Myeloid,non_tumor,-0.5040301760368348,0.9334446106038227,-0.40217353679707124,0.03210115432739258,0.9678988456726074,False
CGCTCATCACATGACG,edge_gfp_minus,edge,GFP-,Tumor_proliferating,Tumor,normoxic_stable,-0.9705043081010003,-0.3872087822207072,0.48001280647585703,0.44643253087997437,0.5535674691200256,True
ATGTTCTCATAGGGCC,edge_gfp_minus,edge,GFP-,Mac_MHCII,Myeloid,non_tumor,-0.1508411196248879,0.7386954081202703,-0.3414461687648989,0.034874141216278076,0.9651258587837219,False
TACTCCACAAACCGAT,edge_gfp_minus,edge,GFP-,Tumor_proliferating,Tumor,normoxic_stable,-0.7265296073731384,0.22512326110352815,1.4590205091716582,0.5471265912055969,0.4528734087944031,True
ACGGCACCAAGTGTGT,edge_gfp_minus,edge,GFP-,NK,NK,non_tumor,-0.508544222198656,0.8708090602026184,0.11035393920554913,0.12194925546646118,0.8780507445335388,False
GGACACCCACCTTGAC,edge_gfp_minus,edge,GFP-,Treg,T_cell,non_tumor,-0.3374660463117655,0.7096930007135513,-0.19000181883482975,0.2625913619995117,0.7374086380004883,False
AGACTTACATTAGGGT,edge_gfp_minus,edge,GFP-,cDC,Myeloid,non_tumor,-0.7033508684728611,1.3006533322154754,0.4714365817780583,0.07306027412414551,0.9269397258758545,False
TCCCAACCACTAGTCC,edge_gfp_minus,edge,GFP-,Treg,T_cell,non_tumor,-1.1768242809522838,0.5382051085299605,-0.09164450533389656,0.08390635251998901,0.916093647480011,False
GTAGCCACATGACACG,edge_gfp_minus,edge,GFP-,Treg,T_cell,non_tumor,-0.13157600454746549,0.8252158331594752,-0.10037629163489273,0.08385688066482544,0.9161431193351746,False
TCCATCACACAATCCC,edge_gfp_minus,edge,GFP-,Tumor,Tumor,entering_hypoxia,-0.5186886169329956,1.029642974974202,-0.33595804158072495,0.03823435306549072,0.9617656469345093,True
TCGCTCGCAATACTGA,edge_gfp_minus,edge,GFP-,cDC,Myeloid,non_tumor,-0.9246831038998415,0.7739569606785274,-0.03480875169564173,0.08922570943832397,0.910774290561676,False
CCCTACGCATCGAAGT,edge_gfp_minus,edge,GFP-,Monocyte,Myeloid,non_tumor,-0.4894057243553182,0.6569838913046004,-0.37845766816182413,0.03249841928482056,0.9675015807151794,False
AAACTTGCACTTGATT,edge_gfp_minus,edge,GFP-,Fibroblast,Stroma,non_tumor,-0.877064265823951,-0.16253640808640354,-0.13608794247224046,0.9137352481484413,0.08626475185155869,False
GTGGACCCACAGCAAT,edge_gfp_minus,edge,GFP-,CD8_exhausted,T_cell,non_tumor,-0.6989130711454045,0.7321388087440055,0.14698120608869442,0.1899387240409851,0.8100612759590149,False
CCTCGATCAATTCGTT,edge_gfp_minus,edge,GFP-,Mac_MHCII,Myeloid,non_tumor,-0.008248153317725299,0.9267591001391843,-0.1811744648257027,0.023912250995635986,0.976087749004364,False
ACTTTCGCAATCCCGT,edge_gfp_minus,edge,GFP-,Treg,T_cell,non_tumor,-0.703718543893495,0.7812329410899098,-0.3273022515407659,0.2285226583480835,0.7714773416519165,False
TACAGGTCAGGATTAC,edge_gfp_minus,edge,GFP-,Tumor_proliferating,Tumor,normoxic_stable,-0.5213381781120745,-0.16921023889563805,2.5121812578276854,0.5048429369926453,0.49515706300735474,True
GGCGATCCAACGTGGC,edge_gfp_minus,edge,GFP-,Mac_MHCII,Myeloid,non_tumor,-0.5476591438136877,0.8661488354989315,-0.23173606490000673,0.03005164861679077,0.9699483513832092,False
CCTGCATCACATGCTC,edge_gfp_minus,edge,GFP-,Mac_MHCII,Myeloid,non_tumor,-0.3728557898359069,0.5590515744857568,0.0030492287822498276,0.07338100671768188,0.9266189932823181,False
GCCACAACAGGTAACT,edge_gfp_minus,edge,GFP-,Mac_MHCII,Myeloid,non_tumor,-0.46656286265086133,1.8062418178424184,-0.09506838796992198,0.04515385627746582,0.9548461437225342,False
CCAGCAACATAGGTTA,edge_gfp_minus,edge,GFP-,Mac_MHCII,Myeloid,non_tumor,2.693738475371083,1.9024177318931161,-0.26004058378892403,0.031344056129455566,0.9686559438705444,False
GCCAAATCAGTACCTC,edge_gfp_minus,edge,GFP-,NK,NK,non_tumor,-0.7052088262025331,0.7424157355634626,0.1510528920882986,0.10461199283599854,0.8953880071640015,False
AGTAACCCATGCGGAC,edge_gfp_minus,edge,GFP-,Mac_C1q,Myeloid,non_tumor,-0.9033497850104112,0.2969796004014101,0.19582385197344437,0.1389579176902771,0.8610420823097229,False
TAGCACGCATCGACTC,edge_gfp_minus,edge,GFP-,CD8_exhausted,T_cell,non_tumor,-0.33812292390485355,0.956793630700817,0.9483318707396028,0.1825171709060669,0.8174828290939331,False
GTAACCGCAGCAGGGA,edge_gfp_minus,edge,GFP-,Tumor,Tumor,entering_hypoxia,-1.1768242809522838,0.9198487487229244,-0.32567552657693793,0.03007107973098755,0.9699289202690125,True
GCACGGTCAATTCATC,edge_gfp_minus,edge,GFP-,Monocyte,Myeloid,non_tumor,-0.9573200218754745,1.1234419063494883,-0.20933278327546218,0.07310700416564941,0.9268929958343506,False
TCCAAGGCATAGATTG,edge_gfp_minus,edge,GFP-,Mac_MHCII,Myeloid,non_tumor,0.001128420860497131,0.875522531594252,-0.26756687449258093,0.03499418497085571,0.9650058150291443,False
GTGTGGCCAAGTCGCA,edge_gfp_minus,edge,GFP-,Tumor_proliferating,Tumor,persistent_hypoxia,0.6861855485167666,0.4453739843486348,0.9004496914156872,0.7253395020961761,0.27466049790382385,True
AGGCTCACATCCACTA,edge_gfp_minus,edge,GFP-,CD8_T,T_cell,non_tumor,-0.7461464306584532,0.9968545315568479,1.0328873691227831,0.13522684574127197,0.864773154258728,False
CGCGAACCACATTGGG,edge_gfp_minus,edge,GFP-,Mac_MHCII,Myeloid,non_tumor,-0.4821277670046234,0.37261938064749917,-0.14994389772377328,0.023232698440551758,0.9767673015594482,False
GCTAGGCCATCCCTGG,edge_gfp_minus,edge,GFP-,Fibroblast,Stroma,non_tumor,-0.9444779621771403,-0.6693890342812837,-0.18982813955319483,0.5298245847225189,0.4701754152774811,False
GTACAACCAATACGGT,edge_gfp_minus,edge,GFP-,CD8_exhausted,T_cell,non_tumor,-0.4397693557548093,0.8973752927500204,-0.15514857985688219,0.12357133626937866,0.8764286637306213,False
CGGATCACACCACACT,edge_gfp_minus,edge,GFP-,Fibroblast,Stroma,non_tumor,-0.47903764791852355,0.16826564575120878,-0.15208215119898297,0.707230806350708,0.292769193649292,False
GTACCCTCATTAACTC,edge_gfp_minus,edge,GFP-,CD8_exhausted,T_cell,non_tumor,-0.372758013589866,0.8880703721299548,0.06401224269641728,0.20372486114501953,0.7962751388549805,False
CACTACCCAAGCTGTG,edge_gfp_minus,edge,GFP-,CD8_exhausted,T_cell,non_tumor,-0.33322060245722407,0.5378875462985774,0.04016480047050681,0.08693695068359375,0.9130630493164062,False
TAAATCGCAACGGGCT,edge_gfp_minus,edge,GFP-,Neutrophil,Myeloid,non_tumor,-0.2916831519796334,0.7606175262754459,-0.46051923114472143,0.24389594793319702,0.756104052066803,False
TACCGTCCAGTTGCAG,edge_gfp_minus,edge,GFP-,Fibroblast,Stroma,non_tumor,-0.4120548911029365,-0.40934669666527235,-0.09996510957538582,0.45077139139175415,0.5492286086082458,False
CGCATAGCACAACCAG,edge_gfp_minus,edge,GFP-,Mac_MHCII,Myeloid,non_tumor,1.2546169644150598,2.1538664360147033,-0.05357046253435471,0.02709352970123291,0.9729064702987671,False
TGGTTAACATTCGTTG,edge_gfp_minus,edge,GFP-,Fibroblast,Stroma,non_tumor,-0.07191375021155544,0.10321047710231822,0.07088976451073656,0.6500052213668823,0.3499947786331177,False
TAACAGCCAGTTAGCG,edge_gfp_minus,edge,GFP-,Mac_MHCII,Myeloid,non_tumor,-1.1768242809522838,0.4624075322718376,0.16752818673848793,0.06742137670516968,0.9325786232948303,False
GGGCAGACATGGTCGA,edge_gfp_minus,edge,GFP-,CD8_exhausted,T_cell,non_tumor,-0.6616540671192228,0.9320410099075813,0.09808635524158282,0.14393514394760132,0.8560648560523987,False
TCCCGATCAGCCAGGT,edge_gfp_minus,edge,GFP-,Monocyte,Myeloid,non_tumor,2.119893717567556,3.4787223033626002,-0.3166731997649092,0.039282143115997314,0.9607178568840027,False
TGAGCTGCATTACACT,edge_gfp_minus,edge,GFP-,Mac_MHCII,Myeloid,non_tumor,-0.48503859431513063,-0.31606040472422475,-0.11104383190419602,0.13712239265441895,0.862877607345581,False
CGGTCAACAAGCATAC,edge_gfp_minus,edge,GFP-,Tumor_proliferating,Tumor,entering_hypoxia,-0.06338800200689472,1.229052229709451,-0.04855174176782008,0.5672497153282166,0.43275028467178345,True
TCCTGGTCAAGTCGGC,edge_gfp_minus,edge,GFP-,Mac_MHCII,Myeloid,non_tumor,-0.3556580856615626,1.0755609694811903,-0.11984226686725442,0.022779762744903564,0.9772202372550964,False
TAATCAGCAAGCTGAT,edge_gfp_minus,edge,GFP-,Mac_MHCII,Myeloid,non_tumor,-0.3563253902353513,0.5357557975021229,-0.2417202519107163,0.007338821887969971,0.99266117811203,False
AGTATTGCACTATGCC,edge_gfp_minus,edge,GFP-,Tumor_proliferating,Tumor,exiting_hypoxia,-0.13926261761413902,-0.7333092118144835,1.9082989821598548,0.5482248067855835,0.4517751932144165,True
GCAATCGCACTAGCTC,edge_gfp_minus,edge,GFP-,CD8_exhausted,T_cell,non_tumor,-0.7242471473555178,1.165780884305412,0.3493429968348329,0.17388510704040527,0.8261148929595947,False
AGCATCGCAGCACTTC,edge_gfp_minus,edge,GFP-,Mac_MHCII,Myeloid,non_tumor,-0.7107702065676863,0.37154546421488877,0.1291558570204025,0.35366249084472656,0.6463375091552734,False
CAGTACGCATGACCGA,edge_gfp_minus,edge,GFP-,Fibroblast,Stroma,non_tumor,-1.1768242809522838,-0.09812530158647911,-0.2250160723917763,0.8628948777914047,0.13710512220859528,False
GGTAATCCATTGCGTC,edge_gfp_minus,edge,GFP-,Treg,T_cell,non_tumor,-0.9043842890128001,0.7992965199888535,-0.3113325117547749,0.2649843096733093,0.7350156903266907,False
GGAGAGTCAGGATACT,edge_gfp_minus,edge,GFP-,Fibroblast,Stroma,non_tumor,-0.9467838461951095,0.058719373900574995,-0.2301722089354492,0.9073369055986404,0.09266309440135956,False
CAGGGCTCATAGGTAC,edge_gfp_minus,edge,GFP-,Treg,T_cell,non_tumor,-0.012945082763686059,0.7191549179461075,-0.2664419105908618,0.24080079793930054,0.7591992020606995,False
AAGCCTGCAAACCAAC,edge_gfp_minus,edge,GFP-,CD8_T,T_cell,non_tumor,0.10609110809899586,0.9496514684128705,-0.27251784784937694,0.05178654193878174,0.9482134580612183,False
GCCATTCCACATTAGA,edge_gfp_minus,edge,GFP-,DN_T,T_cell,non_tumor,-1.1768242809522838,0.9180205359609503,-0.18312527086661998,0.1431368589401245,0.8568631410598755,False
CAGGACCCACCTTCCC,edge_gfp_minus,edge,GFP-,CD8_T,T_cell,non_tumor,-0.7798009390441566,0.9870990848208904,-0.3095164470789244,0.10341089963912964,0.8965891003608704,False
CGATCCTCATAAGGCT,edge_gfp_minus,edge,GFP-,CD8_T,T_cell,non_tumor,-0.6435596432127679,1.1346922885143185,-0.26437296408912014,0.14328902959823608,0.8567109704017639,False
ACGGTTGCACTTAGCC,edge_gfp_minus,edge,GFP-,Tumor_proliferating,Tumor,normoxic_stable,-0.7993662666794906,-0.044147996459459986,1.334000043276287,0.5046922564506531,0.4953077435493469,True
GGCGAGACAGGTTCCT,edge_gfp_minus,edge,GFP-,Treg,T_cell,non_tumor,-0.7865723361028253,0.8229480701358557,-0.25636974908691806,0.2595447301864624,0.7404552698135376,False
CACATAACAAGCGTGC,edge_gfp_minus,edge,GFP-,Mac_MHCII,Myeloid,non_tumor,-0.5323327172327009,1.092474439292998,-0.11259516802260336,0.04177594184875488,0.9582240581512451,False
CACACAGCACCATCAC,edge_gfp_minus,edge,GFP-,Fibroblast,Stroma,non_tumor,-0.14056912195388457,0.07826462507487429,-0.2312562746031587,0.8503385782241821,0.14966142177581787,False
CTATGTTCATTACACT,edge_gfp_minus,edge,GFP-,Mac_MHCII,Myeloid,non_tumor,0.29166775062998185,0.6310028441576989,-0.21400330702369502,0.03923332691192627,0.9607666730880737,False
GCCAAATCATTAGCCC,edge_gfp_minus,edge,GFP-,Mac_MHCII,Myeloid,non_tumor,-1.1768242809522838,0.5066097871088284,-0.34951707067106214,0.017929375171661377,0.9820706248283386,False
ACACCAGCACAGGATT,edge_gfp_minus,edge,GFP-,Treg,T_cell,non_tumor,-0.6398190484807466,0.9371870640383836,0.056128253749861,0.1402100920677185,0.8597899079322815,False
GTGTGGCCATAGACAC,edge_gfp_minus,edge,GFP-,Mac_MHCII,Myeloid,non_tumor,-0.9332451692089406,-0.006074155087830206,2.320474923547603,0.19402718544006348,0.8059728145599365,False
CTGACCTCAATGAAGG,edge_gfp_minus,edge,GFP-,Tumor_proliferating,Tumor,persistent_hypoxia,0.1608582525499259,0.05309395598450713,2.5170518257158996,0.4942331910133362,0.5057668089866638,True
AATGGGACATAATTCC,edge_gfp_minus,edge,GFP-,Fibroblast,Stroma,non_tumor,-0.8449514059614562,-0.04135627215356249,-0.15579761943315654,0.8889370560646057,0.11106294393539429,False
ATTATCCCATCACGCT,edge_gfp_minus,edge,GFP-,Tumor_proliferating,Tumor,exiting_hypoxia,0.7007687356266714,-0.48598844197961694,0.9574987985757658,0.4764731526374817,0.5235268473625183,True
CAATAGCCAATTCAGA,edge_gfp_minus,edge,GFP-,Tumor_proliferating,Tumor,transitional,-0.40359095905811493,-0.09927596177019185,2.259363668618773,0.38397490978240967,0.6160250902175903,True
TGCTCCGCAGCTCACT,edge_gfp_minus,edge,GFP-,Mac_MHCII,Myeloid,non_tumor,-0.3818848123455254,-0.07862035221556249,-0.10700360233926677,0.13726317882537842,0.8627368211746216,False
AAATGGGCACATGCCT,edge_gfp_minus,edge,GFP-,Mac_MHCII,Myeloid,non_tumor,-0.2364868399296152,0.6108788210881008,-0.3778414749852928,0.034593164920806885,0.9654068350791931,False
CTAAAGCCATAAGTGC,edge_gfp_minus,edge,GFP-,Fibroblast,Stroma,non_tumor,-0.2928631522913616,-0.27554134653378193,1.0892566964065573,0.6210726201534271,0.3789273798465729,False
GGACTTGCATGGTTCC,edge_gfp_minus,edge,GFP-,Treg,T_cell,non_tumor,0.250740504087334,0.7086081586888645,-0.26107013401464607,0.23821520805358887,0.7617847919464111,False
CCGACTTCAGTACCGA,edge_gfp_minus,edge,GFP-,NK,NK,non_tumor,-0.759385032099382,0.6481524769435375,0.08315463844703429,0.10054284334182739,0.8994571566581726,False
ATGGAGACAGCTAAGT,edge_gfp_minus,edge,GFP-,Fibroblast,Stroma,non_tumor,-0.47779508555864025,0.2532977263318715,-0.1366222119865803,0.7384597361087799,0.2615402638912201,False
AGTCGATCAAGTAACC,edge_gfp_minus,edge,GFP-,Mac_MHCII,Myeloid,non_tumor,-0.5457589586314517,1.1350023756319783,-0.41745995914760975,0.034619927406311035,0.965380072593689,False
CTCTAATCAGCTACGA,edge_gfp_minus,edge,GFP-,Neutrophil,Myeloid,non_tumor,0.8793400182757758,0.6523172405410678,-0.3649346039122369,0.2733091115951538,0.7266908884048462,False
ACTCGTCCAATCGACG,edge_gfp_minus,edge,GFP-,CD8_exhausted,T_cell,non_tumor,-0.10018667390850089,1.0260314641264063,0.24348273904413542,0.14254188537597656,0.8574581146240234,False
CCAGAATCAACCCTTA,edge_gfp_minus,edge,GFP-,CD8_exhausted,T_cell,non_tumor,0.833345613571141,1.0849512170442246,-0.16200256065126453,0.17110270261764526,0.8288972973823547,False
TACGAACCAGGAGCCT,edge_gfp_minus,edge,GFP-,Mac_MHCII,Myeloid,non_tumor,-0.916376682294768,0.531918325375066,0.17280044064820488,0.22199249267578125,0.7780075073242188,False
ACGCAATCATTACCAT,edge_gfp_minus,edge,GFP-,Neutrophil,Myeloid,non_tumor,-0.41071985878944894,-0.680610610991609,-0.4164999080628732,0.27788323163986206,0.7221167683601379,False
CGTACAGCAATGCCAG,edge_gfp_minus,edge,GFP-,Tumor_proliferating,Tumor,transitional,-0.2994258534607629,-0.4349044275339545,-0.013995103578902015,0.33743923902511597,0.662560760974884,True
TATCGAACACATTCGC,edge_gfp_minus,edge,GFP-,Mac_MHCII,Myeloid,non_tumor,1.0439639391398414,1.6491828073742683,-0.30602905192800495,0.03160262107849121,0.9683973789215088,False
ATTCGGGCATGAAGCT,edge_gfp_minus,edge,GFP-,Mac_MHCII,Myeloid,non_tumor,-0.7667646650965844,0.3662146317873095,-0.19824519375486815,0.09355360269546509,0.9064463973045349,False
AAGCGGGCAACATGAC,edge_gfp_minus,edge,GFP-,Fibroblast,Stroma,non_tumor,-1.1768242809522838,-0.06460209926398673,0.07528407174701367,0.5028538107872009,0.4971461892127991,False
GGATTCGCATGGTCAG,edge_gfp_minus,edge,GFP-,Mac_MHCII,Myeloid,non_tumor,0.4310770329952869,0.978887146081499,-0.16216707522604082,0.044299304485321045,0.955700695514679,False
ACCTGGACATGATCCC,edge_gfp_minus,edge,GFP-,Fibroblast,Stroma,non_tumor,-0.8159365712629411,-0.11175928494752142,-0.05049895273201368,0.5550669431686401,0.44493305683135986,False
CGTATCCCAAGGTACT,edge_gfp_minus,edge,GFP-,Tumor_proliferating,Tumor,normoxic_stable,-0.6244325371092182,0.2016579325578877,-0.08777046357925242,0.6113211810588837,0.38867881894111633,True
ACTGAACCAAGCGCGT,edge_gfp_minus,edge,GFP-,Mac_MHCII,Myeloid,non_tumor,-0.8621922644329222,0.2895929803556464,0.11038952208546796,0.1844717264175415,0.8155282735824585,False
TCCCGATCATGATCGG,edge_gfp_minus,edge,GFP-,CD8_exhausted,T_cell,non_tumor,-0.6473184085109523,0.9518118465064762,-0.08972326210288369,0.11650437116622925,0.8834956288337708,False
CACTACCCAGGATACT,edge_gfp_minus,edge,GFP-,Monocyte,Myeloid,non_tumor,-0.7617806234119648,0.4985112903922481,-0.36704559046875324,0.023955047130584717,0.9760449528694153,False
GTGTAGTCACCTTGGT,edge_gfp_minus,edge,GFP-,Mac_MHCII,Myeloid,non_tumor,-0.7403632953375873,0.39036528275392973,-0.3462092929799995,0.0358271598815918,0.9641728401184082,False
TATCGGGCAAAGGTTC,edge_gfp_minus,edge,GFP-,Treg,T_cell,non_tumor,-0.3766362853331216,0.776340246395707,-0.31566654732220645,0.22595345973968506,0.7740465402603149,False
CAACGATCACCACACT,edge_gfp_minus,edge,GFP-,Fibroblast,Stroma,non_tumor,-0.7097695822197838,0.17387614613421623,-0.14493158900150574,0.7056888341903687,0.29431116580963135,False
AGCCAGCCATTACCTG,edge_gfp_minus,edge,GFP-,Mac_MHCII,Myeloid,non_tumor,0.31723888273187895,0.7045962335881731,-0.3836502359828434,0.03842818737030029,0.9615718126296997,False
CGGTAATCAGCTCAGA,edge_gfp_minus,edge,GFP-,Fibroblast,Stroma,non_tumor,-1.1768242809522838,0.06937299366987432,-0.23869348268260646,0.9483819417655468,0.0516180582344532,False
GGTGAGGCACATTAGA,edge_gfp_minus,edge,GFP-,CD8_exhausted,T_cell,non_tumor,-0.8570545235957957,1.1212844611603028,-0.06539525357218377,0.1793481707572937,0.8206518292427063,False
ACTACAACAATCTCGC,edge_gfp_minus,edge,GFP-,Tumor_proliferating,Tumor,reverted_stable,-0.8977211795795184,-0.8184484917954153,3.4915590804180074,0.5439519286155701,0.45604807138442993,True
ATCAAGCCAAACCGAT,edge_gfp_minus,edge,GFP-,Mac_C1q,Myeloid,non_tumor,-0.899789150547224,0.024872148412841428,0.30451951051975784,0.14033794403076172,0.8596620559692383,False
ACTTTCGCAGCATGGC,edge_gfp_minus,edge,GFP-,Mac_MHCII,Myeloid,non_tumor,-0.9025588869657687,0.9499576513412793,-0.2818830984239135,0.057268619537353516,0.9427313804626465,False
TCCACACCAGGCTTGA,edge_gfp_minus,edge,GFP-,Fibroblast,Stroma,non_tumor,-0.8950584595227944,-0.03179416380221558,0.024055558340151502,0.6909774243831635,0.30902257561683655,False
GGCGGTTCAACTATCT,edge_gfp_minus,edge,GFP-,CD8_T,T_cell,non_tumor,-0.6706792091359028,1.21422270488041,0.03384136013772193,0.11031162738800049,0.8896883726119995,False
TATGCAACAATCTCGC,edge_gfp_minus,edge,GFP-,CD8_T,T_cell,non_tumor,-0.5665466405143477,0.9838313217052291,-0.21726398500728034,0.11597388982772827,0.8840261101722717,False
AACTCTTCAGTTGCAG,edge_gfp_minus,edge,GFP-,cDC,Myeloid,non_tumor,-1.1768242809522838,0.7329898497243182,-0.36707374524400055,0.02507263422012329,0.9749273657798767,False
GTTCAGGCAAAGGCCC,edge_gfp_minus,edge,GFP-,Neutrophil,Myeloid,non_tumor,1.0362877155706558,-0.49408963384703997,-0.4257812430258586,0.288360059261322,0.711639940738678,False
TCGGCAACAATTAGGC,edge_gfp_minus,edge,GFP-,Mac_MHCII,Myeloid,non_tumor,-0.322808969187234,0.9702790700380597,-0.3802934986524623,0.0,1.0,False
CGACTAGCATAGGCCA,edge_gfp_minus,edge,GFP-,Mac_MHCII,Myeloid,non_tumor,1.3711765007017476,2.1012219751775967,-0.1504287109041021,0.047521114349365234,0.9524788856506348,False
ATAGTCACACTCGGAA,edge_gfp_minus,edge,GFP-,cDC,Myeloid,non_tumor,-1.1768242809522838,0.4878708982485662,-0.3144691088099818,0.21463841199874878,0.7853615880012512,False
GCCACAACATGCTGAG,edge_gfp_minus,edge,GFP-,CD8_exhausted,T_cell,non_tumor,-0.6805414640001345,0.9627256227445249,-0.09312584112760126,0.13252848386764526,0.8674715161323547,False
GCTCATCCAATTACTC,edge_gfp_minus,edge,GFP-,Fibroblast,Stroma,non_tumor,-0.9034417564162149,-0.02381020615768322,-0.13549871072568792,0.9493220299482346,0.05067797005176544,False
ACAGCCACAAGCTCAG,edge_gfp_minus,edge,GFP-,Mac_MHCII,Myeloid,non_tumor,0.16800555144866208,0.37402728253002704,0.14193205467377004,0.15894931554794312,0.8410506844520569,False
CCGTTCGCAGGGCTTA,edge_gfp_minus,edge,GFP-,Mac_MHCII,Myeloid,non_tumor,-1.1768242809522838,0.44191502672825894,-0.40214748535487077,0.021507322788238525,0.9784926772117615,False
ATTGGCGCACCAGCTT,edge_gfp_minus,edge,GFP-,Fibroblast,Stroma,non_tumor,-0.9022629416357726,0.050207477418310664,-0.2542233288957358,0.9063447862863541,0.09365521371364594,False
TCTGACCCAAATCCTT,edge_gfp_minus,edge,GFP-,Tumor,Tumor,entering_hypoxia,-0.7523604008706135,0.8094240419195214,-0.3258477204633099,0.038905322551727295,0.9610946774482727,True
GGCCTAACACTAGGGC,edge_gfp_minus,edge,GFP-,Mac_MHCII,Myeloid,non_tumor,-1.1768242809522838,0.5614216331004291,-0.3338315754118294,0.028169572353363037,0.971830427646637,False
GGCTAATCACTTACTG,edge_gfp_minus,edge,GFP-,Neutrophil,Myeloid,non_tumor,0.9552517821683274,0.11106490900401317,-0.4271076318384295,0.28212690353393555,0.7178730964660645,False
CCTATCACAAACCGGC,edge_gfp_minus,edge,GFP-,Tumor_proliferating,Tumor,entering_hypoxia,-0.01232483884968275,1.3634568674200986,0.21634173196493803,0.5701107680797577,0.4298892319202423,True
TGTGCCTCAAGGGAAC,edge_gfp_minus,edge,GFP-,Treg,T_cell,non_tumor,-0.34201211937179155,0.9694072512956875,-0.3185256021810405,0.24088221788406372,0.7591177821159363,False
CACAAGTCAGGGCTTA,edge_gfp_minus,edge,GFP-,Tumor_proliferating,Tumor,entering_hypoxia,-0.833822157561624,1.408344425192215,0.3629229560081427,0.6295321583747864,0.3704678416252136,True
TAGCCCTCAAGCTTAA,edge_gfp_minus,edge,GFP-,Mac_C1q,Myeloid,non_tumor,-1.1768242809522838,0.3995710158420888,0.15171333383920355,0.1434262990951538,0.8565737009048462,False
GTCTCACCAATTGGAC,edge_gfp_minus,edge,GFP-,CD4_T,T_cell,non_tumor,-0.8398766710421023,1.0100315576854206,1.1405146611329118,0.1071312427520752,0.8928687572479248,False
TGGCTCTCAAAGGGTA,edge_gfp_minus,edge,GFP-,Mac_MHCII,Myeloid,non_tumor,-0.7355413611927966,0.46666210856933243,-0.07230613214288019,0.03786301612854004,0.96213698387146,False
TGCAAACCAGGATGCC,edge_gfp_minus,edge,GFP-,Neutrophil,Myeloid,non_tumor,-0.4926325567500075,-0.46020432192754457,-0.42489569392097204,0.2119160294532776,0.7880839705467224,False
TAACGGTCAATCTAAG,edge_gfp_minus,edge,GFP-,Fibroblast,Stroma,non_tumor,-0.8896089157579486,0.21714710721669103,-0.2839989880564605,0.7670793235301971,0.23292067646980286,False
GCACGGTCACTATACT,edge_gfp_minus,edge,GFP-,Mac_MHCII,Myeloid,non_tumor,-1.1768242809522838,0.9543182775916034,-0.1382440985176777,0.045481860637664795,0.9545181393623352,False
GTAGCGCCAATCGTCC,edge_gfp_minus,edge,GFP-,Mac_MHCII,Myeloid,non_tumor,-0.734354346639116,0.6660249814787385,-0.24574513866255243,0.0270424485206604,0.9729575514793396,False
CCTGCCACATAAGTGC,edge_gfp_minus,edge,GFP-,Monocyte,Myeloid,non_tumor,-0.5522049870324186,0.34405729321546585,-0.2242325066578031,0.029272794723510742,0.9707272052764893,False
ACAGACTCATCGACTC,edge_gfp_minus,edge,GFP-,cDC,Myeloid,non_tumor,-1.1768242809522838,0.47336547470255347,-0.37368381546186175,0.24878430366516113,0.7512156963348389,False
GGCGAGACAGTTGCGA,edge_gfp_minus,edge,GFP-,Neutrophil,Myeloid,non_tumor,-1.1768242809522838,0.8405015054464241,-0.33806603649965766,0.306141197681427,0.693858802318573,False
CAGGCACCAATATGCA,edge_gfp_minus,edge,GFP-,CD8_T,T_cell,non_tumor,-0.7071604057656183,0.9857880195259261,0.015532775213267054,0.12872815132141113,0.8712718486785889,False
GCAACATCATAATTGG,edge_gfp_minus,edge,GFP-,Mac_MHCII,Myeloid,non_tumor,-0.09489945244564489,0.5523567863133003,-0.17469862330146904,0.04330927133560181,0.9566907286643982,False
ACTTACTCAAGTCGAT,edge_gfp_minus,edge,GFP-,Fibroblast,Stroma,non_tumor,-0.8803834375182017,0.0950961923101496,-0.20159698122111652,0.8049773573875427,0.19502264261245728,False
TCCCTAACAACGGTGC,edge_gfp_minus,edge,GFP-,Fibroblast,Stroma,non_tumor,-1.1768242809522838,0.09684858195134916,-0.17154578415718486,0.8962176144123077,0.10378238558769226,False
AAACGGACAAGTGCAT,edge_gfp_minus,edge,GFP-,CD8_exhausted,T_cell,non_tumor,0.10954218224769369,0.7313174719650831,-0.020277420703378565,0.13609135150909424,0.8639086484909058,False
CATTCATCACTTGGAG,edge_gfp_minus,edge,GFP-,Mac_MHCII,Myeloid,non_tumor,-0.7879664370046301,0.29571422128293184,-0.06368640899617979,0.13073158264160156,0.8692684173583984,False
CCTGGTTCATGCGTTC,edge_gfp_minus,edge,GFP-,Neutrophil,Myeloid,non_tumor,0.18104715976450753,-0.28816845369380995,-0.4173870462099507,0.29333895444869995,0.7066610455513,False
ATACTGACAATTGGAC,edge_gfp_minus,edge,GFP-,Mac_MHCII,Myeloid,non_tumor,-0.6749912502276483,1.0000856608305377,-0.19849359251358362,0.04081428050994873,0.9591857194900513,False
ACTTGGGCAGGATGGG,edge_gfp_minus,edge,GFP-,Mac_MHCII,Myeloid,non_tumor,1.9797908176285348,3.1355048985872287,-0.3200063083794572,0.038188278675079346,0.9618117213249207,False
CTGCATCCAACTAGGT,edge_gfp_minus,edge,GFP-,CD8_exhausted,T_cell,non_tumor,-1.1768242809522838,1.0248457133629443,-0.20306502303602916,0.11197775602340698,0.888022243976593,False
ATAATCGCATGGTACG,edge_gfp_minus,edge,GFP-,Fibroblast,Stroma,non_tumor,-0.18035348817714442,0.240258663974927,0.06661972470104932,0.601737916469574,0.398262083530426,False
CTAAATGCAAGCGCAC,edge_gfp_minus,edge,GFP-,Mac_MHCII,Myeloid,non_tumor,-1.1768242809522838,0.8605862023131291,0.0823158659527684,0.05306422710418701,0.946935772895813,False
GCGAATTCATGAAGTC,edge_gfp_minus,edge,GFP-,Mac_MHCII,Myeloid,non_tumor,-0.6539530004053333,0.347958064115727,-0.15496962773174103,0.019905269145965576,0.9800947308540344,False
GGCGGTTCATCATATC,edge_gfp_minus,edge,GFP-,CD8_exhausted,T_cell,non_tumor,-0.8166692074498645,1.0937389925076837,-0.01058338421118101,0.15251189470291138,0.8474881052970886,False
GGGCATCCATGGCTGA,edge_gfp_minus,edge,GFP-,Tumor_proliferating,Tumor,reverted_stable,-0.7799004035345073,-0.49169792954333114,1.8791233829828227,0.5605944395065308,0.43940556049346924,True
CATACTTCATAACTTC,edge_gfp_minus,edge,GFP-,Tumor_proliferating,Tumor,entering_deep_hypoxia,0.4862100897564696,1.100305698547035,0.7294194541048541,0.20280200242996216,0.7971979975700378,True
CTTCAATCATTACATC,edge_gfp_minus,edge,GFP-,Mac_MHCII,Myeloid,non_tumor,-1.1768242809522838,0.3008296027610267,-0.14479526274326412,0.04287290573120117,0.9571270942687988,False
ATGCCAGCATAATCAG,edge_gfp_minus,edge,GFP-,Neutrophil,Myeloid,non_tumor,-1.1768242809522838,0.8901855483599179,-0.33420057684678256,0.2995487451553345,0.7004512548446655,False
ACGGACCCAATGCCGA,edge_gfp_minus,edge,GFP-,Mac_MHCII,Myeloid,non_tumor,-0.144481875001886,0.5454209482714926,-0.02828772315886602,0.12381577491760254,0.8761842250823975,False
AGAGATGCAACCAGCA,edge_gfp_minus,edge,GFP-,Neutrophil,Myeloid,non_tumor,-0.6902431695006125,0.6148011312244762,-0.40587798390585306,0.2915855050086975,0.7084144949913025,False
AGTACCGCAACATTGA,edge_gfp_minus,edge,GFP-,Mac_MHCII,Myeloid,non_tumor,-0.8531479720059898,-0.16134410536791163,1.9981235495618717,0.461786150932312,0.538213849067688,False
AGTGGTTCAGCCAAGC,edge_gfp_minus,edge,GFP-,Mac_MHCII,Myeloid,non_tumor,-0.7969783311836702,0.9292186684858409,-0.33664670442001104,0.040547311305999756,0.9594526886940002,False
TGCCTCGCATTCGTGC,edge_gfp_minus,edge,GFP-,Tumor_proliferating,Tumor,normoxic_stable,-0.7262790458664026,-0.45210883335606594,0.48384604716249324,0.5327673256397247,0.46723267436027527,True
GCTTTCACAATTAGGC,edge_gfp_minus,edge,GFP-,Mac_MHCII,Myeloid,non_tumor,1.1190783829515625,0.5625931343425333,-0.33537949345079765,0.02378946542739868,0.9762105345726013,False
GCGTAGCCACCTGGAA,edge_gfp_minus,edge,GFP-,Tumor_proliferating,Tumor,exiting_hypoxia,-0.15333773230706407,-0.6720644408533295,0.6306721055802532,0.531491219997406,0.468508780002594,True
GCGAATTCATCGAACG,edge_gfp_minus,edge,GFP-,Mac_MHCII,Myeloid,non_tumor,-0.6807312691168972,1.4072327327065508,0.0020106176254560204,0.014198660850524902,0.9858013391494751,False
GGACTTGCAACTTAGA,edge_gfp_minus,edge,GFP-,Mac_MHCII,Myeloid,non_tumor,-1.1768242809522838,0.9446892213376075,-0.38630260826569923,0.025439739227294922,0.9745602607727051,False
TGTATTCCAATGAGCT,edge_gfp_minus,edge,GFP-,Tumor_proliferating,Tumor,exiting_hypoxia,1.072022079824876,-1.9745162502918783,0.029089221772282233,0.4360278844833374,0.5639721155166626,True
GGACATTCATCCAAGG,edge_gfp_minus,edge,GFP-,Tumor_proliferating,Tumor,entering_hypoxia,-0.836316112004274,1.3824507369225993,-0.10956784341378493,0.11846739053726196,0.881532609462738,True
AGCGCACCAGTACTAA,edge_gfp_minus,edge,GFP-,Fibroblast,Stroma,non_tumor,-0.7849798153936584,0.002086370203247413,-0.17179388020777048,0.8198028951883316,0.1801971048116684,False
CAAGCGCCATCCCAGT,edge_gfp_minus,edge,GFP-,Mac_MHCII,Myeloid,non_tumor,-1.1768242809522838,0.9698076019906963,-0.14752163273396515,0.0186614990234375,0.9813385009765625,False
TAAATCGCAACGGCTA,edge_gfp_minus,edge,GFP-,Fibroblast,Stroma,non_tumor,-0.6276493714792959,-0.10471084621844516,0.5196509732900861,0.6814517080783844,0.3185482919216156,False
CTGTGGACAATTGCTT,edge_gfp_minus,edge,GFP-,Mac_MHCII,Myeloid,non_tumor,-0.6631067476447658,0.15053897369817912,-0.1375104118657264,0.11147099733352661,0.8885290026664734,False
GTTCCCGCATGCTCGT,edge_gfp_minus,edge,GFP-,Tumor_proliferating,Tumor,exiting_hypoxia,-0.12664778718437386,-0.6843752228503698,0.48814449515656844,0.4814869165420532,0.5185130834579468,True
TGCTGTCCATAATCAG,edge_gfp_minus,edge,GFP-,Tumor_proliferating,Tumor,transitional,-0.4741191844480572,0.08832645081837376,0.3106750438263079,0.5225304961204529,0.4774695038795471,True
AGACTCGCATCCTTAG,edge_gfp_minus,edge,GFP-,Mac_MHCII,Myeloid,non_tumor,-1.1768242809522838,1.1616779061233296,-0.19600043673481352,0.03229045867919922,0.9677095413208008,False
GGCGATCCAACCCTTA,edge_gfp_minus,edge,GFP-,Mac_MHCII,Myeloid,non_tumor,-0.23249468502914372,0.4508466253204952,0.15697422686571602,0.12022149562835693,0.8797785043716431,False
TCACAGGCATTCCTTC,edge_gfp_minus,edge,GFP-,Tumor_proliferating,Tumor,exiting_hypoxia,0.6189597028988827,-0.6003837821814941,4.508054572966421,0.5495684742927551,0.4504315257072449,True
GTGGATTCAAATCGCG,edge_gfp_minus,edge,GFP-,Mac_MHCII,Myeloid,non_tumor,-0.8408143302032801,0.49041909279410956,0.28452465037233166,0.36139625310897827,0.6386037468910217,False
ATCGCCTCAGTTAGAC,edge_gfp_minus,edge,GFP-,Mac_MHCII,Myeloid,non_tumor,-1.1768242809522838,0.6297131595964638,0.07690312686690837,0.14004188776016235,0.8599581122398376,False
GTACAACCACAAGGTT,edge_gfp_minus,edge,GFP-,Tumor_proliferating,Tumor,transitional,-0.03516340632478641,0.014430957759875065,2.43616946300784,0.5632516145706177,0.4367483854293823,True
TGTAAGCCAAGCTAGT,edge_gfp_minus,edge,GFP-,Mac_C1q,Myeloid,non_tumor,-0.7626811881074157,0.32686466120859103,0.12215627513237146,0.11810886859893799,0.881891131401062,False
GCCAAGCCATCCCGAT,edge_gfp_minus,edge,GFP-,cDC,Myeloid,non_tumor,-1.1768242809522838,0.38962062041401063,-0.29251689860341007,0.08745086193084717,0.9125491380691528,False
CACACCTCAACTCGTC,edge_gfp_minus,edge,GFP-,Tumor_proliferating,Tumor,exiting_hypoxia,1.2522975037271573,-0.9165737208384412,-0.18479214419638348,0.3710169792175293,0.6289830207824707,True
GCACAGCCAAATCGGT,edge_gfp_minus,edge,GFP-,Mac_MHCII,Myeloid,non_tumor,-1.1768242809522838,0.6240967974151268,-0.4039174804002946,0.02172243595123291,0.9782775640487671,False
CTGATTTCATCCTCAA,edge_gfp_minus,edge,GFP-,Mac_MHCII,Myeloid,non_tumor,0.5280895310455705,0.8103959400966604,-0.270648227981325,0.04084479808807373,0.9591552019119263,False
GGCGTTACAGTTGGGC,edge_gfp_minus,edge,GFP-,Mac_MHCII,Myeloid,non_tumor,-0.7724561060232332,0.7830592229214246,-0.16891057769731418,0.09897679090499878,0.9010232090950012,False
GGACTCACACATTAGA,edge_gfp_minus,edge,GFP-,Mac_MHCII,Myeloid,non_tumor,-1.1768242809522838,0.832123925524414,-0.2807745727667169,0.05133026838302612,0.9486697316169739,False
TATCGTTCATCGGGTA,edge_gfp_minus,edge,GFP-,Mac_C1q,Myeloid,non_tumor,-1.1768242809522838,0.38239914468337755,0.17148582475311216,0.137506365776062,0.862493634223938,False
GTCATCCCACTATACT,edge_gfp_minus,edge,GFP-,Tumor_proliferating,Tumor,reverted_stable,-0.6618242471927289,-0.6045789884376217,3.633906249849139,0.4071791172027588,0.5928208827972412,True
GCCATCTCAATAGCGT,edge_gfp_minus,edge,GFP-,Mac_MHCII,Myeloid,non_tumor,-1.1768242809522838,0.6252111708404738,-0.3768348395046412,0.030806303024291992,0.969193696975708,False
TGTATTCCAAGGGATA,edge_gfp_minus,edge,GFP-,Neutrophil,Myeloid,non_tumor,-1.1768242809522838,-0.12438913163557264,-0.4298853315469023,0.287006676197052,0.712993323802948,False
TCATGTTCAAGCTAGT,edge_gfp_minus,edge,GFP-,CD8_T,T_cell,non_tumor,-0.06652582194148289,1.090703709234447,-0.06549901398860572,0.05034685134887695,0.949653148651123,False
ATTCCGCCAACGGCTA,edge_gfp_minus,edge,GFP-,CD8_exhausted,T_cell,non_tumor,-0.6744876064415314,0.8201584137716927,0.16596356194291648,0.15231835842132568,0.8476816415786743,False
CATCGTCCAATCGGCA,edge_gfp_minus,edge,GFP-,Mac_MHCII,Myeloid,non_tumor,-1.1768242809522838,0.7239005391664174,-0.31567673238927846,0.0319361686706543,0.9680638313293457,False
CATAAGCCAGTAATGC,edge_gfp_minus,edge,GFP-,CD8_T,T_cell,non_tumor,-1.1768242809522838,0.945612911947183,0.09326123442011426,0.11047136783599854,0.8895286321640015,False
TGCCTCGCAAGCGCGT,edge_gfp_minus,edge,GFP-,Mac_C1q,Myeloid,non_tumor,-1.1768242809522838,0.454684071640783,1.0550945018898386,0.15827298164367676,0.8417270183563232,False
CCTTGGTCACATAGCG,edge_gfp_minus,edge,GFP-,CD8_T,T_cell,non_tumor,-1.1768242809522838,1.117802398809408,-0.1733335298644831,0.060858070850372314,0.9391419291496277,False
CTGTACCCAACTTCAT,edge_gfp_minus,edge,GFP-,Treg,T_cell,non_tumor,-0.7578673464393452,1.1903535117778907,-0.20412222442953304,0.11503106355667114,0.8849689364433289,False
CTACAGGCACTCAAGG,edge_gfp_minus,edge,GFP-,CD8_T,T_cell,non_tumor,0.40354605577694175,1.2769589447500382,0.1479874655514677,0.0790587067604065,0.9209412932395935,False
CATATAGCACAACCGA,edge_gfp_minus,edge,GFP-,Mac_MHCII,Myeloid,non_tumor,-0.8525675049174524,0.6282644430882048,3.497064172885826,0.16390156745910645,0.8360984325408936,False
AGGCAGGCATGCTACC,edge_gfp_minus,edge,GFP-,CD8_exhausted,T_cell,non_tumor,-1.1768242809522838,0.7091437349352538,0.8253748485695612,0.11298030614852905,0.887019693851471,False
ACGTAACCAAATGACC,edge_gfp_minus,edge,GFP-,Mac_MHCII,Myeloid,non_tumor,-0.5473495283942633,0.6715941726353376,-0.030532188057667237,0.05518770217895508,0.9448122978210449,False
GTAGTTACACATTAAG,edge_gfp_minus,edge,GFP-,Mac_MHCII,Myeloid,non_tumor,-0.7395256225601955,0.928905875101247,-0.2073727652018087,0.03909182548522949,0.9609081745147705,False
ACTTCATCAGGGCATC,edge_gfp_minus,edge,GFP-,Mac_MHCII,Myeloid,non_tumor,-0.7996092598806943,0.08811001171375556,2.0113550489118923,0.1472606658935547,0.8527393341064453,False
CTGGATGCATCGGTCT,edge_gfp_minus,edge,GFP-,Mac_MHCII,Myeloid,non_tumor,-0.5740977637077309,0.41254362018906976,0.17083940769708902,0.1728038787841797,0.8271961212158203,False
CCGTGTTCATAGATGC,edge_gfp_minus,edge,GFP-,Mac_MHCII,Myeloid,non_tumor,0.051255489040269615,1.2873862091637391,-0.35073612556927924,0.021511733531951904,0.9784882664680481,False
AAGGGGTCACTTCGCG,edge_gfp_minus,edge,GFP-,NK,NK,non_tumor,-1.1768242809522838,0.7268387127013908,0.10555647061944287,0.09226948022842407,0.9077305197715759,False
TGGCTCTCATCGTACC,edge_gfp_minus,edge,GFP-,Tumor_proliferating,Tumor,normoxic_stable,-0.664944104126169,-0.32967043975239446,4.791182867399266,0.34977561235427856,0.6502243876457214,True
GCGGGTTCAACTGCCT,edge_gfp_minus,edge,GFP-,Fibroblast,Stroma,non_tumor,-0.8192310856616035,0.02159929107585765,-0.02508896294894437,0.6806692779064178,0.31933072209358215,False
GCCGAACCATAGGTGT,edge_gfp_minus,edge,GFP-,CD8_exhausted,T_cell,non_tumor,-1.1768242809522838,0.5989505436206547,-0.17475526627963717,0.1139751672744751,0.8860248327255249,False
ACTACCCCAGGACTTG,edge_gfp_minus,edge,GFP-,CD8_exhausted,T_cell,non_tumor,-0.8068536807864692,0.9993828648293706,-0.011241190356689024,0.06550377607345581,0.9344962239265442,False
CCCTACGCATTACACT,edge_gfp_minus,edge,GFP-,Treg,T_cell,non_tumor,-0.183055730907247,0.7924120640087486,-0.31473479838453083,0.2177475094795227,0.7822524905204773,False
CTACGTCCACAACCTC,edge_gfp_minus,edge,GFP-,Mac_MHCII,Myeloid,non_tumor,-1.1768242809522838,0.8300493245972738,-0.37036119420218216,0.02249884605407715,0.9775011539459229,False
CAACCCTCAACTAGCG,edge_gfp_minus,edge,GFP-,Mac_MHCII,Myeloid,non_tumor,0.06998452676702394,0.9389106715470736,-0.3887522806568517,0.02439439296722412,0.9756056070327759,False
ACCAAATTCAGGTAGG,core_gfp_plus,core,GFP+,Tumor_proliferating,Tumor,persistent_hypoxia,0.9353350830106355,0.20036145528016158,0.08081641439273299,0.5056606233119965,0.49433937668800354,True
GCGATGTTCCATCTAC,core_gfp_plus,core,GFP+,Tumor_proliferating,Tumor,persistent_hypoxia,2.096811157407813,0.4274011540809564,0.23026910630070635,0.5094179809093475,0.49058201909065247,True
TGCCATTTCCCAGGAT,core_gfp_plus,core,GFP+,Tumor_proliferating,Tumor,persistent_hypoxia,1.6275773791396497,0.042959201881202835,0.730046706948931,0.5660919547080994,0.43390804529190063,True
CCAAATGTCGACTACA,core_gfp_plus,core,GFP+,Monocyte,Myeloid,non_tumor,-0.25650425478580624,0.6473622800419,0.5143951496721939,0.0386999249458313,0.9613000750541687,False
TAACCGATCTAGCCAA,core_gfp_plus,core,GFP+,Tumor_proliferating,Tumor,entering_deep_hypoxia,1.4048159352478016,0.6542063718813255,0.08397832044287577,0.5074962377548218,0.4925037622451782,True
AATATGCTCTATGCCT,core_gfp_plus,core,GFP+,Mac_MHCII,Myeloid,non_tumor,0.095989196086605,0.5984736408072403,4.372329849630603,0.15082722902297974,0.8491727709770203,False
TGTCCCATCAAGTAGA,core_gfp_plus,core,GFP+,Tumor_proliferating,Tumor,transitional,-0.09566721290475795,-0.028732302346851084,0.04828622755561566,0.5591909885406494,0.4408090114593506,True
CATACCTTCTGTCATC,core_gfp_plus,core,GFP+,Tumor_proliferating,Tumor,entering_deep_hypoxia,2.116530654683817,0.6227187330399007,0.1060375573716611,0.4966246485710144,0.5033753514289856,True
TGCCTGCTCCTGTCTG,core_gfp_plus,core,GFP+,Mac_Il1b,Myeloid,non_tumor,1.3370516616830976,0.4793398405890749,-0.3111694595725086,0.029314041137695312,0.9706859588623047,False
CTAAGGCTCGATCGGT,core_gfp_plus,core,GFP+,Tumor_proliferating,Tumor,persistent_hypoxia,2.960212354261117,0.3162691160854783,0.02524232435119362,0.5335972011089325,0.4664027988910675,True
CTCTTAATCGCTGAGT,core_gfp_plus,core,GFP+,Tumor_proliferating,Tumor,entering_deep_hypoxia,2.7136444780458735,0.4851788560752523,0.16166052717469057,0.5278690755367279,0.4721309244632721,True
CCCATTGTCCTTGGTT,core_gfp_plus,core,GFP+,Mac_MHCII,Myeloid,non_tumor,-0.004847851848432284,0.7225094939863947,0.16051617904913165,0.14062392711639404,0.859376072883606,False
TCGTCATTCTAGTCGA,core_gfp_plus,core,GFP+,Tumor_proliferating,Tumor,persistent_hypoxia,1.3715233079206406,0.2708710585741378,0.19509650332951725,0.5458073318004608,0.4541926681995392,True
ATCGTAGTCCTCATTA,core_gfp_plus,core,GFP+,Mac_C1q,Myeloid,non_tumor,0.5844259751439977,1.2105100986306891,-0.03551815919686469,0.11110812425613403,0.888891875743866,False
CTGTCGCTCGTGACCG,core_gfp_plus,core,GFP+,Mac_MHCII,Myeloid,non_tumor,-0.44640938797153884,0.7694355612217536,-0.019958239471159742,0.1183556318283081,0.8816443681716919,False
GTCGGATTCCAGCAAC,core_gfp_plus,core,GFP+,Mac_MHCII,Myeloid,non_tumor,1.0418842196464713,0.4798687025419081,-0.2523864769312078,0.08030086755752563,0.9196991324424744,False
TCATTCATCCACCGCT,core_gfp_plus,core,GFP+,Mac_MHCII,Myeloid,non_tumor,-0.1678950223346694,1.699755737941003,2.2048813087914163,0.16798514127731323,0.8320148587226868,False
GCGTTCCTCTAGCCAA,core_gfp_plus,core,GFP+,Mac_Il1b,Myeloid,non_tumor,0.7706003723725453,1.301193936073824,-0.11800195053406193,0.1336604356765747,0.8663395643234253,False
GGAAGCATCATCGAGC,core_gfp_plus,core,GFP+,Mac_MHCII,Myeloid,non_tumor,-0.48039116994300585,1.3176963283804157,4.302210927115019,0.21042084693908691,0.7895791530609131,False
GCTCAAATCGTGACCG,core_gfp_plus,core,GFP+,Monocyte,Myeloid,non_tumor,-0.044613254211956624,0.6663184644253334,-0.14148919416180325,0.07669031620025635,0.9233096837997437,False
TGGGGTTTCCGCACCT,core_gfp_plus,core,GFP+,Tumor_proliferating,Tumor,normoxic_stable,-0.5938598337478975,0.23533038384964064,0.7482941223870948,0.541831374168396,0.458168625831604,True
TACTTCATCCTGAGTA,core_gfp_plus,core,GFP+,cDC,Myeloid,non_tumor,-0.3336950325814856,0.8260301157975931,-0.39239766551553534,0.34429919719696045,0.6557008028030396,False
CAACTGATCTAGCTCT,core_gfp_plus,core,GFP+,Tumor_proliferating,Tumor,persistent_hypoxia,0.38997327123204534,0.3799831390346083,-0.24111474770546207,0.5691300630569458,0.4308699369430542,True
AATGACTTCCCCTTAG,core_gfp_plus,core,GFP+,Mac_C1q,Myeloid,non_tumor,0.6531118398160182,2.5830713906623153,-0.14328557948351833,0.12320715188980103,0.876792848110199,False
AATGGCCTCTCACTGT,core_gfp_plus,core,GFP+,Tumor_proliferating,Tumor,transitional,-0.37787144207384743,0.31798875362381207,-0.006394682979868838,0.5589214265346527,0.4410785734653473,True
GGTTAGCTCACACCGG,core_gfp_plus,core,GFP+,Tumor_proliferating,Tumor,reverted_stable,-0.5722732835148371,-0.5380152429104942,2.272855298588743,0.5452694892883301,0.4547305107116699,True
GGTAATTTCCAATGAT,core_gfp_plus,core,GFP+,Tumor_proliferating,Tumor,entering_hypoxia,-0.41654327482933123,0.6407478820472546,0.09139388797666495,0.4981447458267212,0.5018552541732788,True
GCAAACCTCCCAGGAT,core_gfp_plus,core,GFP+,Mac_MHCII,Myeloid,non_tumor,0.21513807025811263,1.4300848658734024,4.562576110352227,0.18346452713012695,0.816535472869873,False
GCCTGCTTCCCAGATA,core_gfp_plus,core,GFP+,Mac_MHCII,Myeloid,non_tumor,-0.5873433861213823,1.45128719984988,3.9973981379954617,0.18834137916564941,0.8116586208343506,False
CACAACATCCTGCTAT,core_gfp_plus,core,GFP+,Mac_C1q,Myeloid,non_tumor,3.633743733255557,3.0711707274711033,-0.1665827870587227,0.12307929992675781,0.8769207000732422,False
TGGATATTCACATGAT,core_gfp_plus,core,GFP+,Mac_MHCII,Myeloid,non_tumor,0.7234226288503717,0.6825107652986062,-0.25087138712433815,0.04205137491226196,0.957948625087738,False
CACAACATCCAGCTAA,core_gfp_plus,core,GFP+,cDC,Myeloid,non_tumor,-0.3860488264341698,0.851365975411157,1.9483363064330341,0.1657710075378418,0.8342289924621582,False
CCCTAATTCCCCATCA,core_gfp_plus,core,GFP+,Mac_MHCII,Myeloid,non_tumor,-0.5763759780314932,0.6244982764587982,2.01088581977988,0.16988927125930786,0.8301107287406921,False
CTAATGGTCGTTACTC,core_gfp_plus,core,GFP+,Tumor_proliferating,Tumor,entering_hypoxia,-0.4248522247715425,1.6438532924868674,0.18239309441571463,0.4276108741760254,0.5723891258239746,True
ATCCGGGTCCTGATGA,core_gfp_plus,core,GFP+,Tumor_proliferating,Tumor,entering_deep_hypoxia,2.861614877710058,0.7755266551348796,0.25865272454239224,0.49759089946746826,0.5024091005325317,True
CTGTAAGTCGCGCAAT,core_gfp_plus,core,GFP+,Mac_MHCII,Myeloid,non_tumor,-0.3896496310657877,0.12082454480630812,-0.3219434733699304,0.033858299255371094,0.9661417007446289,False
GTAGCTATCGCTCTGC,core_gfp_plus,core,GFP+,Tumor_proliferating,Tumor,exiting_hypoxia,1.2660094223873448,-0.475396968746161,-0.05535637170910571,0.4822903871536255,0.5177096128463745,True
ACCCTCATCGTGCAAC,core_gfp_plus,core,GFP+,Mac_C1q,Myeloid,non_tumor,-0.4280299486779377,2.3855539569255098,0.18202886238008228,0.15112006664276123,0.8488799333572388,False
AACGCTATCCCATGAA,core_gfp_plus,core,GFP+,Mac_MHCII,Myeloid,non_tumor,-0.004006132747948905,1.1164541140506232,1.6122657047832571,0.16447287797927856,0.8355271220207214,False
AGCGCCATCATCGTTC,core_gfp_plus,core,GFP+,Mac_Spp1,Myeloid,non_tumor,0.7915540875123828,0.9293619269171765,-0.31182188980173814,0.049221038818359375,0.9507789611816406,False
ACATCCTTCACGCAGT,core_gfp_plus,core,GFP+,Mac_C1q,Myeloid,non_tumor,0.46470897688512874,0.7750361015868955,-0.06603890556136083,0.1382136344909668,0.8617863655090332,False
CCTTCCTTCCTTAGAG,core_gfp_plus,core,GFP+,Monocyte,Myeloid,non_tumor,0.15743184815341296,0.6528818113898855,-0.20206349608650845,0.06131261587142944,0.9386873841285706,False
ACAGGCTTCCGCTGTC,core_gfp_plus,core,GFP+,Mac_MHCII,Myeloid,non_tumor,0.5687654942289807,1.0805811571120632,-0.07351691269862519,0.14984160661697388,0.8501583933830261,False
CACCAAATCATCTGGA,core_gfp_plus,core,GFP+,Tumor_proliferating,Tumor,transitional,-0.4670804526906265,0.04672824641217399,0.10513023510962409,0.5693674683570862,0.4306325316429138,True
GGGTCATTCCTGGTAA,core_gfp_plus,core,GFP+,Mac_MHCII,Myeloid,non_tumor,-0.3535636748264121,-0.01708066812457584,-0.25109851331413496,0.05156528949737549,0.9484347105026245,False
ACCTAAGTCCGCCACT,core_gfp_plus,core,GFP+,Mac_MHCII,Myeloid,non_tumor,1.8330092351286889,0.4820794575410021,-0.3431076307577015,0.0439910888671875,0.9560089111328125,False
CCTTCGATCGTGATTG,core_gfp_plus,core,GFP+,Mac_MHCII,Myeloid,non_tumor,0.39139326863122004,0.2695005656956861,-0.2990609559132617,0.04582852125167847,0.9541714787483215,False
CTCTTAATCACCAAGC,core_gfp_plus,core,GFP+,Mac_C1q,Myeloid,non_tumor,1.1351433588988982,3.602257424664589,-0.06326078329054773,0.11164391040802002,0.88835608959198,False
GTTACCTTCAGTTGGC,core_gfp_plus,core,GFP+,Mac_MHCII,Myeloid,non_tumor,-0.3844443261137144,0.6886402722386177,0.9292349007338814,0.1735304594039917,0.8264695405960083,False
ATACTCCTCCTTCCAG,core_gfp_plus,core,GFP+,Mac_MHCII,Myeloid,non_tumor,1.4536469668066085,0.10499071242161645,-0.330127590482686,0.04270416498184204,0.957295835018158,False
AAACGAATCGAATGGG,core_gfp_plus,core,GFP+,Mac_MHCII,Myeloid,non_tumor,2.0499128128225768,1.413026061841872,2.0626375576805187,0.16143351793289185,0.8385664820671082,False
CTATCGTTCTGTGGAC,core_gfp_plus,core,GFP+,Mac_MHCII,Myeloid,non_tumor,0.3848583810624823,0.35968702300296174,-0.3533069793304861,0.04074132442474365,0.9592586755752563,False
TACATCCTCTGTAACG,core_gfp_plus,core,GFP+,Tumor_proliferating,Tumor,exiting_hypoxia,1.5934837984616774,-1.4343805957830422,-0.15270032962132848,0.49729520082473755,0.5027047991752625,True
TCCCAATTCCTGACCC,core_gfp_plus,core,GFP+,cDC,Myeloid,non_tumor,0.5703851917304075,0.7275252215798559,-0.2107650380971984,0.11917436122894287,0.8808256387710571,False
AACTTCCTCATGCCGG,core_gfp_plus,core,GFP+,Mac_MHCII,Myeloid,non_tumor,-0.09604712558605466,1.6299449174340626,2.98096976393863,0.16891872882843018,0.8310812711715698,False
GGTCGATTCAATCTCC,core_gfp_plus,core,GFP+,Mac_C1q,Myeloid,non_tumor,1.3790267357491184,1.9610081786687799,-0.1103302020767132,0.13117331266403198,0.868826687335968,False
CGTTGGGTCCAGATCA,core_gfp_plus,core,GFP+,Mac_C1q,Myeloid,non_tumor,-0.25738496670110966,1.4382456518477207,-0.10628634740383948,0.15063762664794922,0.8493623733520508,False
TATCGCTTCCACCTAT,core_gfp_plus,core,GFP+,Tumor_proliferating,Tumor,transitional,-0.5034920412939433,-0.2056003486630873,-0.19418293547924861,0.6086581945419312,0.39134180545806885,True
GGCGATTTCAGGTCAC,core_gfp_plus,core,GFP+,Mac_MHCII,Myeloid,non_tumor,-0.6234549957054638,0.8040413998748503,-0.12281942114866565,0.15431451797485352,0.8456854820251465,False
CAATCCTTCCCTGTAT,core_gfp_plus,core,GFP+,Mac_MHCII,Myeloid,non_tumor,0.16812906565509741,1.408961543156296,3.2622279073026847,0.1844579577445984,0.8155420422554016,False
GGAAGATTCACCTGCC,core_gfp_plus,core,GFP+,Mac_MHCII,Myeloid,non_tumor,1.2950799118900604,-0.27493973390423576,-0.2300357434425774,0.06474393606185913,0.9352560639381409,False
ATCTTCATCCATGCTT,core_gfp_plus,core,GFP+,Neutrophil,Myeloid,non_tumor,0.03319378997976718,0.7364058586037904,-0.3781712129472762,0.22162699699401855,0.7783730030059814,False
ATCTGGATCATGCCAA,core_gfp_plus,core,GFP+,cDC,Myeloid,non_tumor,0.2180619900232223,0.6983612608350357,-0.3147116948327327,0.13331639766693115,0.8666836023330688,False
ACGTCCCTCAGTATGT,core_gfp_plus,core,GFP+,Mac_MHCII,Myeloid,non_tumor,2.045285678136475,-0.016035425627852314,-0.27693498601282657,0.046800076961517334,0.9531999230384827,False
ATGGACCTCGTGAACC,core_gfp_plus,core,GFP+,Mac_MHCII,Myeloid,non_tumor,2.209851667362564,1.6984667763180397,-0.3389490355642171,0.04639095067977905,0.953609049320221,False
ATACGATTCGACTAGC,core_gfp_plus,core,GFP+,Mac_MHCII,Myeloid,non_tumor,2.2048591621273728,4.652347488238765,-0.3228873926736851,0.04292023181915283,0.9570797681808472,False
GTAAGCCTCGCTGATA,core_gfp_plus,core,GFP+,Mac_C1q,Myeloid,non_tumor,0.3004795952365865,1.5829692837652576,-0.04099391393861967,0.16872775554656982,0.8312722444534302,False
GCGACATTCACTCATC,core_gfp_plus,core,GFP+,cDC,Myeloid,non_tumor,-0.3862718467410994,1.3826139542741893,0.44391992901827376,0.08063632249832153,0.9193636775016785,False
AGCGCCATCTCACATC,core_gfp_plus,core,GFP+,cDC,Myeloid,non_tumor,1.0799241452451396,1.1397837802042887,-0.20505536595555127,0.11893033981323242,0.8810696601867676,False
GTGCGATTCAGGAACG,core_gfp_plus,core,GFP+,Mac_C1q,Myeloid,non_tumor,-0.399316616440621,1.869060945740977,-0.07230174603728226,0.1529722809791565,0.8470277190208435,False
CACAAGCTCATGCGCG,core_gfp_plus,core,GFP+,Mac_MHCII,Myeloid,non_tumor,0.9148378211832884,1.0969755990065344,4.58123353753533,0.19904011487960815,0.8009598851203918,False
CCCTTGATCGCATACA,core_gfp_plus,core,GFP+,Mac_C1q,Myeloid,non_tumor,-0.47461165277025125,1.849479071448465,0.2454599899274031,0.14476364850997925,0.8552363514900208,False
CGCAATATCGATTGAT,core_gfp_plus,core,GFP+,Mac_MHCII,Myeloid,non_tumor,1.8571130747735836,-0.791917844689995,-0.2868711462479925,0.05100661516189575,0.9489933848381042,False
CTTCGATTCTGGTCAA,core_gfp_plus,core,GFP+,Tumor_proliferating,Tumor,transitional,-0.2118877289983163,-0.14283033767195852,0.026577743160947513,0.5896878838539124,0.41031211614608765,True
AATCGGCTCGTACTTC,core_gfp_plus,core,GFP+,Mac_MHCII,Myeloid,non_tumor,0.2671286820408032,0.8719973782164838,-0.13944633878938226,0.14363503456115723,0.8563649654388428,False
ATCACCTTCAGCGACT,core_gfp_plus,core,GFP+,cDC,Myeloid,non_tumor,0.7428979032319839,1.0410142972052299,-0.21751442597091003,0.06024634838104248,0.9397536516189575,False
ATCTTGCTCAAGTCGC,core_gfp_plus,core,GFP+,Mac_C1q,Myeloid,non_tumor,1.4235260259438067,1.729279878878105,-0.21468466966760863,0.11839473247528076,0.8816052675247192,False
CCCATCATCCATTACC,core_gfp_plus,core,GFP+,Mac_MHCII,Myeloid,non_tumor,-0.2917997066656247,0.677884131243407,-0.0269608742913082,0.1591968536376953,0.8408031463623047,False
CAAGGGATCCCTCGGT,core_gfp_plus,core,GFP+,Mac_C1q,Myeloid,non_tumor,0.02949795581969215,0.7408718219821356,-0.16729036967756894,0.1496010422706604,0.8503989577293396,False
ACAGCTATCGTGAGTC,core_gfp_plus,core,GFP+,Mac_MHCII,Myeloid,non_tumor,1.2580985608061144,0.2030193571905567,-0.28293204098605407,0.053412795066833496,0.9465872049331665,False
TCATAGGTCGTTACAG,core_gfp_plus,core,GFP+,Mac_MHCII,Myeloid,non_tumor,1.072800799750347,0.21323911600095766,-0.18205029896375735,0.08743983507156372,0.9125601649284363,False
AGCTATGTCCTCATAC,core_gfp_plus,core,GFP+,Mac_MHCII,Myeloid,non_tumor,0.6870145520034007,1.0634679548527053,-0.1453315813451356,0.09077250957489014,0.9092274904251099,False
AGCAACCTCCGCTGTC,core_gfp_plus,core,GFP+,cDC,Myeloid,non_tumor,1.2644294071008526,1.848570373263891,-0.19024739024660509,0.04990839958190918,0.9500916004180908,False
GGTCTCCTCCAGGTGT,core_gfp_plus,core,GFP+,Mac_MHCII,Myeloid,non_tumor,-0.4505847301106013,-0.3474313333247912,-0.2502079261735302,0.05085766315460205,0.949142336845398,False
ACCTACTTCTAGTAAC,core_gfp_plus,core,GFP+,Mac_MHCII,Myeloid,non_tumor,1.5673411323115398,-0.08871118982412639,-0.23185195472052542,0.0682418942451477,0.9317581057548523,False
GGTAGGATCACATTGG,core_gfp_plus,core,GFP+,Monocyte,Myeloid,non_tumor,2.522031426502745,1.2786301122938672,-0.34534263278987076,0.03967243432998657,0.9603275656700134,False
CTCCTAGTCAGGTTCA,core_gfp_plus,core,GFP+,cDC,Myeloid,non_tumor,0.36414864507998207,1.1580262205879257,0.030886169906304908,0.09363728761672974,0.9063627123832703,False
CGTGGATTCAGGCTCG,core_gfp_plus,core,GFP+,cDC,Myeloid,non_tumor,0.6478743959737137,0.9978766610404743,-0.17815666835636934,0.10691779851913452,0.8930822014808655,False
ACCCAAATCAATTGCG,core_gfp_plus,core,GFP+,Tumor_proliferating,Tumor,transitional,-0.49093382191859686,0.014390744340316886,-0.10878473570673076,0.6087487637996674,0.39125123620033264,True
CTGACAATCACACCTT,core_gfp_plus,core,GFP+,cDC,Myeloid,non_tumor,1.5507962297143314,1.1740088002247226,-0.30646966876200915,0.037609994411468506,0.9623900055885315,False
ACCTGGGTCAATTGCG,core_gfp_plus,core,GFP+,Mac_MHCII,Myeloid,non_tumor,-0.5639200482695339,0.7816713273878078,-0.017948712819491824,0.16743147373199463,0.8325685262680054,False
TATCTGCTCGTTAGCA,core_gfp_plus,core,GFP+,Mac_C1q,Myeloid,non_tumor,-0.3788428513014964,0.7195972859843409,0.244768114800693,0.1548808217048645,0.8451191782951355,False
CGAAGGATCAGGAGCA,core_gfp_plus,core,GFP+,Mac_MHCII,Myeloid,non_tumor,0.039294111834822745,0.7089029050337341,0.22592778202411581,0.16932344436645508,0.8306765556335449,False
GGCTTAATCTGGTAGC,core_gfp_plus,core,GFP+,Mac_MHCII,Myeloid,non_tumor,0.241330836613389,0.856601523842193,0.38526882498068377,0.15923643112182617,0.8407635688781738,False
CTACGGGTCAGGGATG,core_gfp_plus,core,GFP+,Tumor_proliferating,Tumor,transitional,-0.034956948423711186,0.23059720863025315,-0.2044233905297038,0.6040805280208588,0.39591947197914124,True
ATGCAGCTCCCAGTCC,core_gfp_plus,core,GFP+,Mac_MHCII,Myeloid,non_tumor,2.4304155269274235,1.7189129792869677,-0.2876803321535276,0.04954838752746582,0.9504516124725342,False
GGCGCTATCACGTACA,core_gfp_plus,core,GFP+,Monocyte,Myeloid,non_tumor,-0.22971687794394668,0.8520033412266832,-0.2781246917791151,0.058942437171936035,0.941057562828064,False
ACTGTGATCGCATGAC,core_gfp_plus,core,GFP+,Monocyte,Myeloid,non_tumor,0.5846090644391392,1.3603975129702814,-0.3394654789551325,0.035233139991760254,0.9647668600082397,False
CCTTATATCCGCCATC,core_gfp_plus,core,GFP+,cDC,Myeloid,non_tumor,0.6634205172177129,3.859134323875792,-0.2211795257699079,0.060066938400268555,0.9399330615997314,False
CAATCCTTCACGCATA,core_gfp_plus,core,GFP+,Mac_MHCII,Myeloid,non_tumor,-0.16147567427900034,0.6300032937660436,-0.3323782678484361,0.040365755558013916,0.9596342444419861,False
CGTACCCTCCGGAGTT,core_gfp_plus,core,GFP+,Mac_MHCII,Myeloid,non_tumor,0.09692417994002367,1.2632700590573231,3.328997277543569,0.18629348278045654,0.8137065172195435,False
ACCTGGGTCGTCTCTG,core_gfp_plus,core,GFP+,Monocyte,Myeloid,non_tumor,-0.12248862460239222,0.7675083200841459,-0.2657028870355462,0.07431131601333618,0.9256886839866638,False
AATCGGCTCAGGTTGC,core_gfp_plus,core,GFP+,cDC,Myeloid,non_tumor,1.9196419725825595,1.6820496959585916,-0.19531907464948992,0.0852479338645935,0.9147520661354065,False
CCATGCCTCAATCGGC,core_gfp_plus,core,GFP+,Mac_Spp1,Myeloid,non_tumor,2.270731966763985,-0.6656010459362643,-0.2819782186573086,0.048759400844573975,0.951240599155426,False
GCTTACTTCGCGTCGA,core_gfp_plus,core,GFP+,Mac_MHCII,Myeloid,non_tumor,2.189910940809237,2.6524773008715306,-0.33998952729693804,0.03263920545578003,0.96736079454422,False
AGGCGTTTCGACCCGA,core_gfp_plus,core,GFP+,Mac_MHCII,Myeloid,non_tumor,-0.023494780325855554,0.8438535199905199,-0.04229526764507567,0.16607517004013062,0.8339248299598694,False
GCATTGATCCCAGTCC,core_gfp_plus,core,GFP+,Tumor_proliferating,Tumor,transitional,-0.05064482544199118,-0.17491434675064796,-0.1086910683466894,0.597106009721756,0.402893990278244,True
TACCGCCTCACACACA,core_gfp_plus,core,GFP+,Mac_MHCII,Myeloid,non_tumor,2.2308484154407857,0.14486394941792113,-0.22885530300440782,0.04703432321548462,0.9529656767845154,False
CCTCAATTCTAGATAC,core_gfp_plus,core,GFP+,Mac_MHCII,Myeloid,non_tumor,-0.12191417409319336,0.477554343827566,-0.27425378385963,0.025574207305908203,0.9744257926940918,False
CTTGCATTCCTGCGAG,core_gfp_plus,core,GFP+,Mac_MHCII,Myeloid,non_tumor,-0.43948367432090707,1.1479683237506333,-0.057181593910082595,0.13933086395263672,0.8606691360473633,False
GTTGCAATCCTGATAG,core_gfp_plus,core,GFP+,Mac_MHCII,Myeloid,non_tumor,-0.6064703206901357,0.7428975933637061,-0.1309624872427843,0.1237640380859375,0.8762359619140625,False
CACTCCATCCGGTAGT,core_gfp_plus,core,GFP+,cDC,Myeloid,non_tumor,0.08053814562760366,0.7572608768879524,-0.33148683455725886,0.15199345350265503,0.848006546497345,False
GGAGCAATCGCGATGT,core_gfp_plus,core,GFP+,Mac_Il1b,Myeloid,non_tumor,1.3513307605414506,0.4837978852998549,-0.2183353204758621,0.09233498573303223,0.9076650142669678,False
GGATGCTTCTTGACTC,core_gfp_plus,core,GFP+,Tumor_proliferating,Tumor,entering_hypoxia,-0.3456579580032905,1.3096475602614381,0.13920700321066773,0.576325923204422,0.423674076795578,True
ACTGCAATCCTTCCTC,core_gfp_plus,core,GFP+,Mac_MHCII,Myeloid,non_tumor,0.6448853873717247,-0.7606147974821973,-0.27865089851991903,0.04929131269454956,0.9507086873054504,False
AACCTGATCCGTAAGC,core_gfp_plus,core,GFP+,Mac_MHCII,Myeloid,non_tumor,-0.575031046738203,0.8110825168050791,-0.3235969041458106,0.03189057111740112,0.9681094288825989,False
GTTCGAATCTATGGTG,core_gfp_plus,core,GFP+,Mac_C1q,Myeloid,non_tumor,0.3911860437062929,3.0229719021250387,-0.1599579697262254,0.10480988025665283,0.8951901197433472,False
CTTCTCCTCAGGCTTA,core_gfp_plus,core,GFP+,Mac_MHCII,Myeloid,non_tumor,1.9107202302629174,1.5947785351830694,-0.36385964477750854,0.0370478630065918,0.9629521369934082,False
TACTACCTCCCTGTCA,core_gfp_plus,core,GFP+,Mac_Il1b,Myeloid,non_tumor,0.5246375578177491,0.5285151358337142,-0.2535498079503057,0.054031550884246826,0.9459684491157532,False
GCTAAATTCTGGTAAT,core_gfp_plus,core,GFP+,Monocyte,Myeloid,non_tumor,-0.568193829321479,0.8741073134927184,-0.33579976506061293,0.06379538774490356,0.9362046122550964,False
CTGAACATCGTACTTC,core_gfp_plus,core,GFP+,Mac_MHCII,Myeloid,non_tumor,1.9066639944182022,1.2061582662112649,-0.3248676419254745,0.03326296806335449,0.9667370319366455,False
ATATCCCTCGTAGTGC,core_gfp_plus,core,GFP+,Monocyte,Myeloid,non_tumor,-0.546618921290309,0.7558215411402174,-0.377228443896058,0.03893446922302246,0.9610655307769775,False
CACAGGTTCGTAACCA,core_gfp_plus,core,GFP+,Mac_MHCII,Myeloid,non_tumor,0.14131709462975658,0.44901824398626494,-0.2707891200717005,0.027771472930908203,0.9722285270690918,False
CCCACGTTCGAACGCT,core_gfp_plus,core,GFP+,cDC,Myeloid,non_tumor,1.4641536546606624,2.3469955329598835,-0.19574338624607332,0.0693976879119873,0.9306023120880127,False
GGTAGCTTCGCGTGAT,core_gfp_plus,core,GFP+,Neutrophil,Myeloid,non_tumor,-0.29064625894427565,0.7319945909285961,-0.3660178055560151,0.15960627794265747,0.8403937220573425,False
GGCAAAGTCATGTAAC,core_gfp_plus,core,GFP+,Tumor,Tumor,entering_hypoxia,-0.439299407272662,2.072799677607652,-0.3726577807333888,0.07909703254699707,0.9209029674530029,True
ATCCAAGTCAATGGAA,core_gfp_plus,core,GFP+,Monocyte,Myeloid,non_tumor,1.982318587503892,1.6940497434455293,-0.3595716630215545,0.038272976875305176,0.9617270231246948,False
ACAGTTGTCACTCCTG,core_gfp_plus,core,GFP+,Mac_MHCII,Myeloid,non_tumor,1.796309762264251,1.6929979680001128,-0.3040753302366096,0.052816689014434814,0.9471833109855652,False
TGCCATTTCACGGCCA,core_gfp_plus,core,GFP+,Monocyte,Myeloid,non_tumor,-0.18931046928864137,0.936248543255148,-0.3257295455104638,0.07647603750228882,0.9235239624977112,False
AGACGGATCTCACCAT,core_gfp_plus,core,GFP+,Mac_MHCII,Myeloid,non_tumor,0.5560860668683817,0.34902575710650197,-0.32802863350820755,0.028106749057769775,0.9718932509422302,False
ACTGGGTTCTAGTCCT,core_gfp_plus,core,GFP+,Mac_MHCII,Myeloid,non_tumor,0.7438844286689711,0.7657096643116384,-0.22769094137523954,0.04200255870819092,0.9579974412918091,False
ACTCTGTTCCGGTTAA,core_gfp_plus,core,GFP+,Mac_MHCII,Myeloid,non_tumor,2.1063552890590063,2.136074215814687,-0.3190751291919324,0.04283428192138672,0.9571657180786133,False
CTATGGATCTATGTCC,core_gfp_plus,core,GFP+,CD8_T,T_cell,non_tumor,0.7145494277082733,0.9256513673360428,0.3101266900853097,0.08757835626602173,0.9124216437339783,False
GTGTCCCTCGATTAGT,core_gfp_plus,core,GFP+,cDC,Myeloid,non_tumor,1.442749353116722,1.0736459680756212,-0.24684213406569105,0.11576074361801147,0.8842392563819885,False
GTGTTAGTCACGCAGT,core_gfp_plus,core,GFP+,Mac_MHCII,Myeloid,non_tumor,1.336142289913931,0.4726857542249203,-0.3303245889112588,0.04277312755584717,0.9572268724441528,False
GGGATAGTCCCTCTGA,core_gfp_plus,core,GFP+,Mac_MHCII,Myeloid,non_tumor,0.961192807079389,0.9205289405228315,3.1829189917617695,0.16468119621276855,0.8353188037872314,False
CTCGCTATCATCGAAT,core_gfp_plus,core,GFP+,Tumor_proliferating,Tumor,transitional,-0.09551635811581068,-0.297088923465664,-0.1912312224902877,0.597255676984787,0.402744323015213,True
GCGGTCATCCTGGTAA,core_gfp_plus,core,GFP+,Monocyte,Myeloid,non_tumor,0.08299009710757393,0.6036510049133216,-0.3437812837704043,0.03215593099594116,0.9678440690040588,False
CCCACGTTCCAGCCTC,core_gfp_plus,core,GFP+,Mac_C1q,Myeloid,non_tumor,1.0081134675682657,0.8019683002739324,-0.19926414223922623,0.09818238019943237,0.9018176198005676,False
CGATCCCTCCGCACTC,core_gfp_plus,core,GFP+,Tumor_proliferating,Tumor,entering_deep_hypoxia,1.5806213732135457,1.146466192636059,-0.09646230195540625,0.35326558351516724,0.6467344164848328,True
GTGTGGTTCAATTGCG,core_gfp_plus,core,GFP+,Mac_C1q,Myeloid,non_tumor,0.5375045620235883,3.1403828065259165,0.04896767409891117,0.13871753215789795,0.861282467842102,False
AACTTGGTCAGGTCTA,core_gfp_plus,core,GFP+,Mac_C1q,Myeloid,non_tumor,0.6541840620783761,3.52571079682338,-0.013819558905096686,0.14230859279632568,0.8576914072036743,False
AGTGTTGTCAGGTCTA,core_gfp_plus,core,GFP+,cDC,Myeloid,non_tumor,0.35086484476555346,0.8570244633067113,-0.29979395856722285,0.2085878849029541,0.7914121150970459,False
CCCAATTTCCGGTTCC,core_gfp_plus,core,GFP+,Mac_C1q,Myeloid,non_tumor,0.8296444772985377,1.7203309834733305,-0.16953508126668784,0.10962462425231934,0.8903753757476807,False
GGCGATTTCACCTACT,core_gfp_plus,core,GFP+,Mac_C1q,Myeloid,non_tumor,-0.24988987083139114,2.633788838437854,-0.09149554827985927,0.13980960845947266,0.8601903915405273,False
CGCTTGCTCAGGACAG,core_gfp_plus,core,GFP+,Mac_MHCII,Myeloid,non_tumor,1.3633785473512878,0.8514815058641849,-0.3366026912041949,0.025066256523132324,0.9749337434768677,False
TCAACCTTCCCTCAGC,core_gfp_plus,core,GFP+,Mac_MHCII,Myeloid,non_tumor,0.22234049639595344,2.1130649717357697,-0.13990660800688862,0.14585328102111816,0.8541467189788818,False
TCGCATTTCGATGCCG,core_gfp_plus,core,GFP+,Mac_C1q,Myeloid,non_tumor,-0.6335473944740515,0.6602957534804557,-0.1467405397573715,0.1156429648399353,0.8843570351600647,False
CCCTATGTCATGCAAT,core_gfp_plus,core,GFP+,Mac_C1q,Myeloid,non_tumor,0.6503398677741479,0.6457157638910282,-0.12536320725846492,0.1542677879333496,0.8457322120666504,False
CACCTATTCGTGACCG,core_gfp_plus,core,GFP+,Monocyte,Myeloid,non_tumor,0.3367831582097574,0.2131186154780905,-0.3194259019003228,0.03616911172866821,0.9638308882713318,False
CAACCAATCCTGAATG,core_gfp_plus,core,GFP+,Tumor_proliferating,Tumor,exiting_hypoxia,1.4734990927183136,-0.9043084486425708,0.840388392728633,0.571005254983902,0.428994745016098,True
CCTGGCTTCCTGCGAG,core_gfp_plus,core,GFP+,Monocyte,Myeloid,non_tumor,-0.10977772216529169,0.8037811122798155,-0.3235494738824483,0.08223432302474976,0.9177656769752502,False
TACACCTTCAGTAATC,core_gfp_plus,core,GFP+,Monocyte,Myeloid,non_tumor,-0.0796701437648014,0.8598464997552157,-0.34908368886759467,0.08177995681762695,0.918220043182373,False
TAACTGGTCACATTGG,core_gfp_plus,core,GFP+,Mac_MHCII,Myeloid,non_tumor,0.24291110298558638,0.7871363722767152,-0.25275372454364453,0.02411353588104248,0.9758864641189575,False
CTACTGTTCAGCAGGA,core_gfp_plus,core,GFP+,Monocyte,Myeloid,non_tumor,0.8972595518820534,1.9763604302400695,-0.33301646994719875,0.03462624549865723,0.9653737545013428,False
GTCCTCATCAATGTGT,core_gfp_plus,core,GFP+,Mac_C1q,Myeloid,non_tumor,-0.058904488701081927,1.004681548212939,-0.0814095017607892,0.1396428346633911,0.8603571653366089,False
GTCCTGCTCCAGCCGA,core_gfp_plus,core,GFP+,Mac_MHCII,Myeloid,non_tumor,-0.4048942507865165,1.565616953194617,-0.1428345972001816,0.14143550395965576,0.8585644960403442,False
GTATCCTTCCCCAGGA,core_gfp_plus,core,GFP+,Mac_MHCII,Myeloid,non_tumor,-0.6237463263490955,0.8510079767627043,-0.30056895496038255,0.02760159969329834,0.9723984003067017,False
CGTTGCCTCGCATTGA,core_gfp_plus,core,GFP+,Monocyte,Myeloid,non_tumor,1.9543910335311843,0.8709194359279127,-0.35477673203704146,0.033538877964019775,0.9664611220359802,False
GTCAAGCTCACTCAGA,core_gfp_plus,core,GFP+,Mac_MHCII,Myeloid,non_tumor,0.14174823758694777,0.8383331548049043,-0.12684983294080932,0.0676271915435791,0.9323728084564209,False
AAAGTAGTCATCTCAC,core_gfp_plus,core,GFP+,Monocyte,Myeloid,non_tumor,-0.3518732948491076,0.7494729166842707,-0.21350340457502284,0.06981295347213745,0.9301870465278625,False
ATGCTGATCTATGTCC,core_gfp_plus,core,GFP+,Mac_MHCII,Myeloid,non_tumor,0.3551889310422833,1.0370889427419652,-0.36349809076723405,0.04839402437210083,0.9516059756278992,False
GGTAGCTTCGTACAGC,core_gfp_plus,core,GFP+,Mac_MHCII,Myeloid,non_tumor,0.0486487684496692,1.361150232601964,-0.2871405415857801,0.03359520435333252,0.9664047956466675,False
CTTCATATCCCGCGAA,core_gfp_plus,core,GFP+,Mac_C1q,Myeloid,non_tumor,0.45159574074996195,2.200242826394347,0.04608076749495114,0.1444793939590454,0.8555206060409546,False
CAAATGTTCATGAGCC,core_gfp_plus,core,GFP+,Monocyte,Myeloid,non_tumor,-0.1602055855247357,0.7993503404414849,-0.2844307388765128,0.058331966400146484,0.9416680335998535,False
TGCTACTTCCGCTGGA,core_gfp_plus,core,GFP+,Monocyte,Myeloid,non_tumor,-0.7103029516591254,0.7247491764554438,-0.3043728970612136,0.06645029783248901,0.933549702167511,False
CGCTACCTCCCCATGC,core_gfp_plus,core,GFP+,Mac_MHCII,Myeloid,non_tumor,0.4160833700728012,0.3533681602905254,-0.16194712938641567,0.1489623785018921,0.8510376214981079,False
CAAGGGATCCCTCACA,core_gfp_plus,core,GFP+,Monocyte,Myeloid,non_tumor,1.5552699235845844,1.2203948329199812,-0.35647454462394573,0.040403544902801514,0.9595964550971985,False
TGTGCAATCCGTTACT,core_gfp_plus,core,GFP+,Monocyte,Myeloid,non_tumor,-0.2783812088265158,0.8250277535143394,-0.2631109015159071,0.06558889150619507,0.9344111084938049,False
AACACCATCACCTGAA,core_gfp_plus,core,GFP+,Mac_Il1b,Myeloid,non_tumor,-0.019863540464670648,0.5577582417541123,-0.33708102075403723,0.026432156562805176,0.9735678434371948,False
TAGCTAGTCAATCCTC,core_gfp_plus,core,GFP+,Monocyte,Myeloid,non_tumor,-0.10146667772650307,0.607780349679463,-0.13090526094833685,0.05680680274963379,0.9431931972503662,False
CCAGCCTTCTATGCTC,core_gfp_plus,core,GFP+,Mac_MHCII,Myeloid,non_tumor,-0.29587344476501143,0.5778247776302583,-0.3099809022515024,0.027356982231140137,0.9726430177688599,False
GCACCCTTCGACCAGT,core_gfp_plus,core,GFP+,cDC,Myeloid,non_tumor,1.0263070784146149,3.4025681800867797,-0.18354960275156537,0.05704623460769653,0.9429537653923035,False
GGCTGCATCAGGTTGC,core_gfp_plus,core,GFP+,Mac_MHCII,Myeloid,non_tumor,0.9643980174130634,-0.5960196671349962,-0.28084169463605,0.04977601766586304,0.950223982334137,False
CGCACCTTCGTACACA,core_gfp_plus,core,GFP+,Mac_MHCII,Myeloid,non_tumor,-0.11892608858229325,1.2017762158090666,-0.3064261400041392,0.029415249824523926,0.9705847501754761,False
ACACTGATCTAATCGG,core_gfp_plus,core,GFP+,Monocyte,Myeloid,non_tumor,1.4045396558424759,0.7538991026771907,-0.30677419727260774,0.028369426727294922,0.9716305732727051,False
CGTCAAATCCACCGGA,core_gfp_plus,core,GFP+,Mac_MHCII,Myeloid,non_tumor,1.103018591197359,3.349623621051716,-0.3061715369695945,0.04658693075180054,0.9534130692481995,False
CTCAAAGTCCATGTGA,core_gfp_plus,core,GFP+,Mac_MHCII,Myeloid,non_tumor,0.7635787785051189,-0.09454148541230976,-0.33743433326681155,0.053626954555511475,0.9463730454444885,False
GTAAGGGTCCGTCCTA,core_gfp_plus,core,GFP+,Monocyte,Myeloid,non_tumor,1.3806526875730651,0.014964399367981683,-0.34508082779845617,0.03556615114212036,0.9644338488578796,False
ACCCATTTCAGCACGT,core_gfp_plus,core,GFP+,Tumor_proliferating,Tumor,transitional,-0.3671072155881944,-0.17822832224804594,-0.06088314095141835,0.5757943093776703,0.4242056906223297,True
CTCATGTTCATCTGGA,core_gfp_plus,core,GFP+,cDC,Myeloid,non_tumor,0.3559430304346259,0.6688033426734813,-0.1347839646609497,0.09059858322143555,0.9094014167785645,False
CCATAAGTCACGTGCG,core_gfp_plus,core,GFP+,Mac_MHCII,Myeloid,non_tumor,2.272640128620031,-0.1169496915854007,-0.30682443934522247,0.039793312549591064,0.9602066874504089,False
GTGCGATTCTCACTCG,core_gfp_plus,core,GFP+,Mac_C1q,Myeloid,non_tumor,1.6275683665597218,3.46740859980005,-0.16924243813724052,0.14375203847885132,0.8562479615211487,False
CAGTCCCTCCAGCATA,core_gfp_plus,core,GFP+,Mac_MHCII,Myeloid,non_tumor,1.368807384910259,1.5342304552657031,-0.1853249418943994,0.05395936965942383,0.9460406303405762,False
GTTATGGTCAGGGAAT,core_gfp_plus,core,GFP+,Mac_C1q,Myeloid,non_tumor,0.8344137197575942,3.25555562272321,-0.008171490009947645,0.1424480676651001,0.8575519323348999,False
TCACGAATCAATCCAG,core_gfp_plus,core,GFP+,Mac_MHCII,Myeloid,non_tumor,0.5615536697163501,0.9073756697866593,-0.0814985581198193,0.12197375297546387,0.8780262470245361,False
AAACCGCTCCTGCTGC,core_gfp_plus,core,GFP+,cDC,Myeloid,non_tumor,-0.4744251646335571,0.8332682906001965,-0.3508956156117601,0.31692254543304443,0.6830774545669556,False
AACTTCCTCCTTAGAG,core_gfp_plus,core,GFP+,Mac_MHCII,Myeloid,non_tumor,1.2678027280026731,0.928218021655244,-0.3297032506101919,0.04594874382019043,0.9540512561798096,False
CGACCGATCACGCTAA,core_gfp_plus,core,GFP+,Mac_C1q,Myeloid,non_tumor,0.5498384546992553,3.0864325904853027,-0.06036051860444015,0.13038116693496704,0.869618833065033,False
GCTTGGGTCGATGCCG,core_gfp_plus,core,GFP+,Mac_MHCII,Myeloid,non_tumor,1.8218365547260245,0.8179705765784128,-0.3330190526435947,0.046057283878326416,0.9539427161216736,False
ACTCGCCTCGTGCCGA,core_gfp_plus,core,GFP+,Mac_MHCII,Myeloid,non_tumor,-0.06854945842236243,-0.116403282075882,-0.2940101167372046,0.044883787631988525,0.9551162123680115,False
AGGCAAGTCGATAGGG,core_gfp_plus,core,GFP+,Mac_C1q,Myeloid,non_tumor,0.38460192516422864,2.995728858464466,-0.04878410356449623,0.14034992456436157,0.8596500754356384,False
CAAACCATCAGGTCCG,core_gfp_plus,core,GFP+,Mac_MHCII,Myeloid,non_tumor,0.7664692428271525,4.216315315542499,-0.31260428903182796,0.07269269227981567,0.9273073077201843,False
ACTCGCCTCCGGTGTG,core_gfp_plus,core,GFP+,Monocyte,Myeloid,non_tumor,1.669522470019489,1.0969222867554447,-0.297809243755034,0.030177056789398193,0.9698229432106018,False
CATCGCCTCCAGCGTG,core_gfp_plus,core,GFP+,Monocyte,Myeloid,non_tumor,0.053024661769258144,0.8271738782504459,-0.29415122000298993,0.07220262289047241,0.9277973771095276,False
TGGGTTATCGTTGCTT,core_gfp_plus,core,GFP+,Tumor_proliferating,Tumor,exiting_hypoxia,2.9716551411762544,-1.0638240729310695,4.788461290304947,0.5684925317764282,0.4315074682235718,True
TGCTAAGTCGCGCTCT,core_gfp_plus,core,GFP+,Tumor_proliferating,Tumor,exiting_hypoxia,0.8232058792007739,-1.7082797200231885,-0.3079517994641133,0.505952924489975,0.494047075510025,True
CCTTCGATCAAGTAGA,core_gfp_plus,core,GFP+,Mac_MHCII,Myeloid,non_tumor,0.580567936932633,0.2971445161173911,-0.2231093185935605,0.03574573993682861,0.9642542600631714,False
CAGCATATCAGTACCA,core_gfp_plus,core,GFP+,Monocyte,Myeloid,non_tumor,0.15023037372675183,0.9657217503487878,-0.3383302145324999,0.05541253089904785,0.9445874691009521,False
AATTGGTTCTGGGCAT,core_gfp_plus,core,GFP+,Monocyte,Myeloid,non_tumor,0.1088090756443443,0.7510206136599892,-0.27539508747090374,0.07436031103134155,0.9256396889686584,False
TCCTCGATCATCTAGG,core_gfp_plus,core,GFP+,Mac_C1q,Myeloid,non_tumor,0.07711829704162874,0.4797006129420827,-0.16155504272128504,0.12790828943252563,0.8720917105674744,False
GGGTACTTCATCAAGT,core_gfp_plus,core,GFP+,cDC,Myeloid,non_tumor,0.9149846977387404,1.777674749529602,-0.230911078676262,0.08201712369918823,0.9179828763008118,False
GCCATGGTCACGGACT,core_gfp_plus,core,GFP+,cDC,Myeloid,non_tumor,-0.5469714943077818,0.7506706026424607,-0.2967313677104965,0.09426945447921753,0.9057305455207825,False
TCGGTAATCGCTGATA,core_gfp_plus,core,GFP+,Mac_MHCII,Myeloid,non_tumor,1.4790010224149501,1.8024373159551732,-0.2046426225364429,0.07439535856246948,0.9256046414375305,False
GGTCGATTCCGGTTAA,core_gfp_plus,core,GFP+,Monocyte,Myeloid,non_tumor,-0.43425529788229106,0.8657845537740827,-0.3564958925581697,0.08531248569488525,0.9146875143051147,False
GGCTTGGTCTATCAGG,core_gfp_plus,core,GFP+,Mac_MHCII,Myeloid,non_tumor,2.0704208328805143,0.9471441829144461,-0.3545160971943922,0.03622782230377197,0.963772177696228,False
TCATTCATCAGCGGTT,core_gfp_plus,core,GFP+,Mac_C1q,Myeloid,non_tumor,0.11563393022465455,4.1572466358585975,-0.18164269944989106,0.12240302562713623,0.8775969743728638,False
GCTAGGTTCGCTGGAT,core_gfp_plus,core,GFP+,Mac_MHCII,Myeloid,non_tumor,1.6386773765037246,1.5592221101232038,-0.31639741724691345,0.03201758861541748,0.9679824113845825,False
TAAACGTTCCCGGCTT,core_gfp_plus,core,GFP+,Mac_C1q,Myeloid,non_tumor,0.6825094991781208,2.9828733462287755,-0.07561453346615576,0.13683462142944336,0.8631653785705566,False
CGCTGGATCAGGTTGC,core_gfp_plus,core,GFP+,Mac_MHCII,Myeloid,non_tumor,-0.0755249737142983,0.9407863854599028,-0.13576848601611005,0.13911330699920654,0.8608866930007935,False
CTGTCATTCACTCATC,core_gfp_plus,core,GFP+,Monocyte,Myeloid,non_tumor,-0.7276203391713757,0.8838543607356684,-0.2781123137340437,0.056327104568481445,0.9436728954315186,False
CTAACCTTCATGGATT,core_gfp_plus,core,GFP+,Monocyte,Myeloid,non_tumor,2.235570538633152,1.5294243644264234,-0.359057336197389,0.03361320495605469,0.9663867950439453,False
CCCGCATTCTGGCTCC,core_gfp_plus,core,GFP+,Mac_C1q,Myeloid,non_tumor,-0.33353852880172014,0.9292886517353209,-0.16000129193321125,0.12168127298355103,0.878318727016449,False
AGTATGTTCACAGGTC,core_gfp_plus,core,GFP+,Monocyte,Myeloid,non_tumor,0.8932543224025692,1.1937047819361974,-0.32781279465148255,0.02921813726425171,0.9707818627357483,False
CTGCCTATCGTTACCT,core_gfp_plus,core,GFP+,CD8_exhausted,T_cell,non_tumor,0.20486530046291054,0.7757375722884166,-0.19542934410218013,0.20829123258590698,0.791708767414093,False
TATCAGGTCCCGCTAC,core_gfp_plus,core,GFP+,Neutrophil,Myeloid,non_tumor,0.17877078937418764,0.8239883906016917,-0.2600651120026804,0.18535912036895752,0.8146408796310425,False
GGGCAAATCTTGAGCA,core_gfp_plus,core,GFP+,Mac_MHCII,Myeloid,non_tumor,-0.37250083281619184,0.7052598942344784,-0.28068383238037664,0.03856736421585083,0.9614326357841492,False
ACCCAAATCACAGCGT,core_gfp_plus,core,GFP+,Monocyte,Myeloid,non_tumor,-0.7928532285481411,1.0789637836038013,-0.25603724088559143,0.05178654193878174,0.9482134580612183,False
TCCTTGGTCCGCGTCT,core_gfp_plus,core,GFP+,Monocyte,Myeloid,non_tumor,-0.3027309865060833,0.9533564214734433,-0.31751877722508887,0.08364713191986084,0.9163528680801392,False
ACTCCGCTCAGGGACA,core_gfp_plus,core,GFP+,Monocyte,Myeloid,non_tumor,-0.6550895874007241,1.0191962083154353,-0.23172169040389254,0.07689374685287476,0.9231062531471252,False
TCCAACTTCACATACG,core_gfp_plus,core,GFP+,Mac_MHCII,Myeloid,non_tumor,2.8983513734957573,1.0065243189133157,-0.24762716298800955,0.03368145227432251,0.9663185477256775,False
GGGAACATCCTTGAGA,core_gfp_plus,core,GFP+,Mac_MHCII,Myeloid,non_tumor,1.59391543252089,1.0909826402148137,-0.20904816795926437,0.0796089768409729,0.9203910231590271,False
TCGCTTGTCAATCTGG,core_gfp_plus,core,GFP+,Monocyte,Myeloid,non_tumor,1.8384506503054283,3.4541800252607366,-0.35994132873623635,0.03652554750442505,0.963474452495575,False
TCTACTATCTGGCTCC,core_gfp_plus,core,GFP+,Mac_MHCII,Myeloid,non_tumor,1.0829118638510293,1.238190273037538,-0.3230649314325363,0.03690981864929199,0.963090181350708,False
GCAAAGGTCCCTCTCT,core_gfp_plus,core,GFP+,Mac_MHCII,Myeloid,non_tumor,1.1660820691692222,0.5935217214963008,-0.31631241554896367,0.04319065809249878,0.9568093419075012,False
ATGCCAATCCACCGTC,core_gfp_plus,core,GFP+,Mac_Il1b,Myeloid,non_tumor,1.9375549807882424,3.5495667041478662,-0.31771377214444774,0.04640895128250122,0.9535910487174988,False
CGAAACCTCCAGCCGA,core_gfp_plus,core,GFP+,Mac_MHCII,Myeloid,non_tumor,-0.6765040274656456,0.4457894775140822,-0.15910592308798388,0.0810614824295044,0.9189385175704956,False
CGTTGAATCCCAGTAA,core_gfp_plus,core,GFP+,Mac_MHCII,Myeloid,non_tumor,0.23238115315460067,0.06810012378795972,-0.33384213511750643,0.03842347860336304,0.961576521396637,False
CGCATCCTCGTGATGC,core_gfp_plus,core,GFP+,Mac_MHCII,Myeloid,non_tumor,0.9277764722943352,0.8506595892176257,-0.2596535106511144,0.032255589962005615,0.9677444100379944,False
CTCCTGATCCGGTAGT,core_gfp_plus,core,GFP+,Mac_MHCII,Myeloid,non_tumor,0.041965556434890514,0.6097560013513849,-0.177539501071965,0.14548730850219727,0.8545126914978027,False
GGGCCTATCAAGTTAC,core_gfp_plus,core,GFP+,Tumor_proliferating,Tumor,transitional,-0.4764193407403362,0.03460043121404487,-0.20710548462752426,0.5931392014026642,0.4068607985973358,True
TAAGCCATCTCATTGC,core_gfp_plus,core,GFP+,Tumor_proliferating,Tumor,transitional,-0.4604682567858423,0.03512278188366499,-0.1815647441449149,0.6055380702018738,0.3944619297981262,True
ACTTCTATCATGGCTA,core_gfp_plus,core,GFP+,Monocyte,Myeloid,non_tumor,0.7887259213297798,0.09414652465923055,-0.3044204602989033,0.03470134735107422,0.9652986526489258,False
TGATTCCTCTGGATCA,core_gfp_plus,core,GFP+,Mac_MHCII,Myeloid,non_tumor,2.829382831877503,-0.4166379469244229,-0.2635764278958676,0.05017995834350586,0.9498200416564941,False
CTAATCCTCATGATCG,core_gfp_plus,core,GFP+,Mac_MHCII,Myeloid,non_tumor,1.6427344745498962,-0.07166368148512615,-0.31287417613029334,0.04987448453903198,0.950125515460968,False
AGCGCCATCAATCCTC,core_gfp_plus,core,GFP+,Mac_MHCII,Myeloid,non_tumor,-0.30528316935689415,0.5140009088664484,1.1490503603802547,0.16967159509658813,0.8303284049034119,False
GCGATGTTCCTGATTC,core_gfp_plus,core,GFP+,Mac_MHCII,Myeloid,non_tumor,1.101324109230824,0.3228478470329536,-0.285040858312901,0.031215250492095947,0.968784749507904,False
TGCATAGTCGTTCGGG,core_gfp_plus,core,GFP+,Monocyte,Myeloid,non_tumor,-0.4282372261671765,0.6513321814348595,-0.3625564098001692,0.046840786933898926,0.9531592130661011,False
CGCAATATCTGGGACT,core_gfp_plus,core,GFP+,Mac_C1q,Myeloid,non_tumor,2.033950723936626,4.013498273476138,-0.1783302584585042,0.13969814777374268,0.8603018522262573,False
TCTACGTTCCTCTCAG,core_gfp_plus,core,GFP+,Mac_MHCII,Myeloid,non_tumor,2.8484286784536237,0.24042506427760463,-0.3027139182984984,0.039692044258117676,0.9603079557418823,False
GTCACCCTCACACTTC,core_gfp_plus,core,GFP+,Mac_C1q,Myeloid,non_tumor,0.7025006126746239,3.354633027032998,-0.1781168299941324,0.1326897144317627,0.8673102855682373,False
GGTAGCTTCAGCCAGT,core_gfp_plus,core,GFP+,Mac_MHCII,Myeloid,non_tumor,1.0308995212186463,1.8510716008848525,-0.28605073528873043,0.033462464809417725,0.9665375351905823,False
CTTCGGCTCCAGCTCC,core_gfp_plus,core,GFP+,Mac_Il1b,Myeloid,non_tumor,0.2756046715221242,2.0888634448165475,-0.16813023358480497,0.05954456329345703,0.940455436706543,False
GTGTTAGTCCTGACGG,core_gfp_plus,core,GFP+,Mac_Il1b,Myeloid,non_tumor,1.748050414691823,-0.1046432853178479,-0.28349089074221917,0.04875659942626953,0.9512434005737305,False
CCTCTGATCAGCGAAG,core_gfp_plus,core,GFP+,Mac_MHCII,Myeloid,non_tumor,0.4084016984825706,1.5722099392432922,-0.24461023096592666,0.06942528486251831,0.9305747151374817,False
GTCAATGTCGCGACTG,core_gfp_plus,core,GFP+,Monocyte,Myeloid,non_tumor,2.182861252816068,0.7214346009070745,-0.31891822340252673,0.03322678804397583,0.9667732119560242,False
ATTCTCATCCAGCACG,core_gfp_plus,core,GFP+,Mac_MHCII,Myeloid,non_tumor,1.7701106002300457,1.3778738645953141,-0.21959102836678962,0.0467492938041687,0.9532507061958313,False
TGCTGGGTCCGTCCGT,core_gfp_plus,core,GFP+,Monocyte,Myeloid,non_tumor,2.0224993054962974,1.3196931557268754,-0.3163236252143825,0.03392916917800903,0.966070830821991,False
CAATCGATCATGGCTA,core_gfp_plus,core,GFP+,Tumor_proliferating,Tumor,transitional,-0.4652279299056957,-0.007959336074363417,-0.2618136621291585,0.5972900390625,0.4027099609375,True
TATCTGCTCAGCAGTC,core_gfp_plus,core,GFP+,Mac_MHCII,Myeloid,non_tumor,1.6533102405819255,1.1921012201060714,-0.32807907212502135,0.034778892993927,0.965221107006073,False
ATAGCGCTCCCTCATG,core_gfp_plus,core,GFP+,Mac_MHCII,Myeloid,non_tumor,1.6931791821411561,0.6194314500677975,-0.286849225164051,0.04246038198471069,0.9575396180152893,False
GTAGTCATCCTGCCTA,core_gfp_plus,core,GFP+,cDC,Myeloid,non_tumor,0.5220109071445982,0.7173787580038673,-0.25321994174189755,0.0913844108581543,0.9086155891418457,False
CACCACCTCCTCATGT,core_gfp_plus,core,GFP+,Mac_MHCII,Myeloid,non_tumor,1.424058940549118,0.014850016444323086,-0.31355551733312387,0.035468339920043945,0.964531660079956,False
GGTTACATCACTTGCT,core_gfp_plus,core,GFP+,Mac_MHCII,Myeloid,non_tumor,-0.683242214045557,0.7569083508438539,0.23310238988896267,0.16315406560897827,0.8368459343910217,False
TGCTCCATCATCTGTC,core_gfp_plus,core,GFP+,Mac_MHCII,Myeloid,non_tumor,2.3079093143752947,0.19245231459756118,-0.3296389738373433,0.043127596378326416,0.9568724036216736,False
CAGCGCATCCGTCATT,core_gfp_plus,core,GFP+,Monocyte,Myeloid,non_tumor,0.1778673744160037,1.0817964093717203,-0.3220666032375568,0.037546396255493164,0.9624536037445068,False
TAGGGGATCTCATGCT,core_gfp_plus,core,GFP+,Mac_MHCII,Myeloid,non_tumor,-0.446904689802984,1.747757522328589,1.6460525010129206,0.1568431854248047,0.8431568145751953,False
GTATCGATCCACCTCA,core_gfp_plus,core,GFP+,Mac_Spp1,Myeloid,non_tumor,-0.22916380670727896,-0.22065316255021,-0.2773153763939579,0.049419283866882324,0.9505807161331177,False
GCAATCATCCCAATGA,core_gfp_plus,core,GFP+,Mac_C1q,Myeloid,non_tumor,0.06070110098507166,2.981179992187167,-0.04590432170345612,0.13987267017364502,0.860127329826355,False
CGAACTATCACTCATC,core_gfp_plus,core,GFP+,cDC,Myeloid,non_tumor,1.238892085618962,0.8429482487007482,-0.24447178452626542,0.13147813081741333,0.8685218691825867,False
GCTAGGTTCGAATTAC,core_gfp_plus,core,GFP+,Mac_MHCII,Myeloid,non_tumor,1.7253463230791615,0.1353392446651785,-0.2752348576225477,0.040039241313934326,0.9599607586860657,False
CGACTGGTCGACCAGT,core_gfp_plus,core,GFP+,Mac_MHCII,Myeloid,non_tumor,0.993930086722074,0.8181408329006121,-0.3357010091385141,0.03407520055770874,0.9659247994422913,False
GCCCTGTTCCGCAACG,core_gfp_plus,core,GFP+,Neutrophil,Myeloid,non_tumor,-0.25058622567710187,1.8498510036597258,-0.42112379984213727,0.30422312021255493,0.6957768797874451,False
GGTATATTCTATGGAT,core_gfp_plus,core,GFP+,Mac_MHCII,Myeloid,non_tumor,-0.4865077945707462,0.8782505222480138,-0.16929785902180586,0.09085732698440552,0.9091426730155945,False
CGAACTATCACGTGCG,core_gfp_plus,core,GFP+,Mac_MHCII,Myeloid,non_tumor,-0.5788243098811042,0.7458161436407916,-0.17938306752900446,0.13701826333999634,0.8629817366600037,False
ATACTGGTCATGTGAT,core_gfp_plus,core,GFP+,Mac_MHCII,Myeloid,non_tumor,0.33212022620570575,0.8294048519811849,-0.3064685874864482,0.03583657741546631,0.9641634225845337,False
AGGCGAATCGAGTGGA,core_gfp_plus,core,GFP+,Monocyte,Myeloid,non_tumor,1.9284233656119072,0.5890831124212232,-0.34100612190352003,0.04060065746307373,0.9593993425369263,False
TGGATATTCGCTCTCA,core_gfp_plus,core,GFP+,Mac_C1q,Myeloid,non_tumor,1.5898458169898833,5.353769831013317,-0.19639983306050376,0.099978506565094,0.900021493434906,False
CCCAATTTCACGCAAC,core_gfp_plus,core,GFP+,Mac_MHCII,Myeloid,non_tumor,1.4137801650466078,1.9375668525543235,-0.3487368259900169,0.0463523268699646,0.9536476731300354,False
GCGCTAGTCACTAGCA,core_gfp_plus,core,GFP+,Mac_C1q,Myeloid,non_tumor,0.9705715215031387,2.84380810647763,-0.03544131158735595,0.13936328887939453,0.8606367111206055,False
TGGAACCTCGCGTTAA,core_gfp_plus,core,GFP+,Mac_MHCII,Myeloid,non_tumor,1.1949288822087423,0.19029287391740154,-0.25962002982012544,0.034902334213256836,0.9650976657867432,False
ATATGGTTCGAATCCA,core_gfp_plus,core,GFP+,Mac_MHCII,Myeloid,non_tumor,2.006640389308112,1.446108867641222,-0.29366821260707543,0.04701387882232666,0.9529861211776733,False
GTGTGGTTCGATCGGT,core_gfp_plus,core,GFP+,Mac_C1q,Myeloid,non_tumor,0.15632427819222677,2.4866208748039322,-0.10175550229033149,0.14590275287628174,0.8540972471237183,False
TGGTCAATCTAAGTAC,core_gfp_plus,core,GFP+,Mac_C1q,Myeloid,non_tumor,0.9243013343256216,3.3880825975868603,-0.07534691713589145,0.13833093643188477,0.8616690635681152,False
CGACTAATCAGGAGTG,core_gfp_plus,core,GFP+,Monocyte,Myeloid,non_tumor,1.139448431893446,1.104207920206201,-0.30934772312111086,0.02953726053237915,0.9704627394676208,False
CGACTCCTCGACCTGG,core_gfp_plus,core,GFP+,Mac_MHCII,Myeloid,non_tumor,2.4783557116617243,2.741922900942351,-0.33447509156823413,0.03752559423446655,0.9624744057655334,False
CGTCACCTCCCAGATA,core_gfp_plus,core,GFP+,Mac_MHCII,Myeloid,non_tumor,1.624263796105765,2.1975357772361312,-0.3152815133402539,0.04538160562515259,0.9546183943748474,False
TGCCTATTCCATTACC,core_gfp_plus,core,GFP+,cDC,Myeloid,non_tumor,0.7808268005489303,0.7972277084092825,-0.29385104779564586,0.10031461715698242,0.8996853828430176,False
GCTAAATTCCGCCTTA,core_gfp_plus,core,GFP+,Monocyte,Myeloid,non_tumor,0.6209979121522938,0.6831230406573624,-0.2563905896593725,0.03168439865112305,0.968315601348877,False
GGTCTCCTCCGGAACT,core_gfp_plus,core,GFP+,cDC,Myeloid,non_tumor,0.422915110826627,1.022803968463226,-0.18711402487684275,0.06693923473358154,0.9330607652664185,False
TACCGCCTCTTGATCC,core_gfp_plus,core,GFP+,Neutrophil,Myeloid,non_tumor,-0.12650866004354766,1.33514799617966,-0.3359227838996041,0.19050002098083496,0.809499979019165,False
GTCAAATTCCTTCCAG,core_gfp_plus,core,GFP+,cDC,Myeloid,non_tumor,0.2527827408089442,0.7823058045889089,-0.30662894738491503,0.08056443929672241,0.9194355607032776,False
GGTATATTCTAGTGAT,core_gfp_plus,core,GFP+,Mac_MHCII,Myeloid,non_tumor,0.4190236088926594,0.9757181440757607,-0.2838140865234991,0.02938765287399292,0.9706123471260071,False
GGAGTGATCGACTTGA,core_gfp_plus,core,GFP+,Mac_Il1b,Myeloid,non_tumor,-0.3863192640586878,0.8786844609759592,-0.3446950629146946,0.027674615383148193,0.9723253846168518,False
CGCAGATTCAGTTGCA,core_gfp_plus,core,GFP+,Monocyte,Myeloid,non_tumor,2.4264396600267815,2.837852302458437,-0.37560226722184564,0.03969675302505493,0.9603032469749451,False
AGTACCATCCGGTAAC,core_gfp_plus,core,GFP+,Monocyte,Myeloid,non_tumor,0.7568977790041507,1.31168205877736,-0.2496977387593877,0.04402303695678711,0.9559769630432129,False
TGCCTATTCATGCCAA,core_gfp_plus,core,GFP+,Mac_MHCII,Myeloid,non_tumor,1.9171287859889217,-0.10425633443889154,-0.3179346102346586,0.04640054702758789,0.9535994529724121,False
TCTACGTTCCTGGTAA,core_gfp_plus,core,GFP+,Monocyte,Myeloid,non_tumor,1.795145692546345,1.0061724725637138,-0.27187396716161655,0.043500661849975586,0.9564993381500244,False
AGCACGTTCGCTAATG,core_gfp_plus,core,GFP+,Mac_MHCII,Myeloid,non_tumor,0.4030468957577872,1.5589556130359383,-0.3114566896362421,0.03045964241027832,0.9695403575897217,False
ACGGTTATCAGTAGTT,core_gfp_plus,core,GFP+,Mac_MHCII,Myeloid,non_tumor,-0.10386824585797083,0.5257157085560166,-0.2216206003378131,0.030813753604888916,0.9691862463951111,False
GCTAAATTCACCAAGC,core_gfp_plus,core,GFP+,Monocyte,Myeloid,non_tumor,1.9302638727390027,0.7581429693399292,-0.33533850931275827,0.02953040599822998,0.97046959400177,False
CGCATAATCACCTAAG,core_gfp_plus,core,GFP+,Monocyte,Myeloid,non_tumor,2.12985002335529,3.691887634503523,-0.36532107559306315,0.03606647253036499,0.963933527469635,False
ATGGTCATCTAAGTCG,core_gfp_plus,core,GFP+,Mac_MHCII,Myeloid,non_tumor,1.9441830537253335,1.0946555010760153,-0.30995371106692604,0.033448994159698486,0.9665510058403015,False
TCTGTGTTCAGGCATC,core_gfp_plus,core,GFP+,Monocyte,Myeloid,non_tumor,2.505991587345477,1.5315399084900296,-0.31197265943441094,0.03906327486038208,0.9609367251396179,False
TGCCTATTCACGGCCA,core_gfp_plus,core,GFP+,Mac_MHCII,Myeloid,non_tumor,2.106382511992526,0.7517544259100681,-0.25633795995793324,0.046031653881073,0.953968346118927,False
ACTTCTATCATATAGC,core_gfp_plus,core,GFP+,Mac_MHCII,Myeloid,non_tumor,1.533624513419117,2.7892022450592897,-0.18197966357541054,0.05481421947479248,0.9451857805252075,False
ACCTCGCTCGCATTAG,core_gfp_plus,core,GFP+,Tumor_proliferating,Tumor,entering_hypoxia,-0.0009601975274873577,1.2767219699090049,0.10254043285577788,0.5761090219020844,0.42389097809791565,True
ACGATTGTCTAGTTGG,core_gfp_plus,core,GFP+,Monocyte,Myeloid,non_tumor,1.4890788331237212,1.1291322790312266,-0.3523626528120913,0.034101128578186035,0.965898871421814,False
TGTGCAATCAAGTTCG,core_gfp_plus,core,GFP+,Mac_MHCII,Myeloid,non_tumor,0.6166749003419564,0.3665561791436481,-0.3563971314117725,0.026003122329711914,0.9739968776702881,False
TAGCTAGTCAAGTAAG,core_gfp_plus,core,GFP+,Monocyte,Myeloid,non_tumor,3.3884185804415936,2.5062733170087377,-0.35734920217353905,0.04302501678466797,0.956974983215332,False
TCTGCATTCCGTATAG,core_gfp_plus,core,GFP+,Tumor_proliferating,Tumor,transitional,-0.3924426616104232,-0.1450287494503828,-0.2166944849689443,0.6099246144294739,0.3900753855705261,True
GCCTTGCTCACAGACC,core_gfp_plus,core,GFP+,Mac_MHCII,Myeloid,non_tumor,2.2079894119199697,0.6029688992276285,-0.3017352455767908,0.0493316650390625,0.9506683349609375,False
GTCTGGGTCCGGTGTG,core_gfp_plus,core,GFP+,Mac_MHCII,Myeloid,non_tumor,0.3757127677090185,0.6045723770113854,-0.2067760945351746,0.11569875478744507,0.8843012452125549,False
CGGTATATCCTGCATT,core_gfp_plus,core,GFP+,Mac_MHCII,Myeloid,non_tumor,0.7786254937164482,-0.3122553345649519,-0.30812364561225536,0.044210076332092285,0.9557899236679077,False
CTGTCCATCTAGTTGG,core_gfp_plus,core,GFP+,Mac_MHCII,Myeloid,non_tumor,1.7608958669161852,1.6064910446962606,-0.27345191035129945,0.07034730911254883,0.9296526908874512,False
ACGCTAATCATAGAGA,core_gfp_plus,core,GFP+,Mac_C1q,Myeloid,non_tumor,-0.3979213202112292,1.067732601195574,-0.13933295966376674,0.12352818250656128,0.8764718174934387,False
AAGCGGATCCACCTCA,core_gfp_plus,core,GFP+,cDC,Myeloid,non_tumor,1.1769877365794459,1.0211974308336442,-0.2398552960310174,0.08505016565322876,0.9149498343467712,False
TACCCGCTCAGTTCGA,core_gfp_plus,core,GFP+,Mac_MHCII,Myeloid,non_tumor,2.2538208645290223,-0.5899463268839675,-0.300288992689396,0.04588449001312256,0.9541155099868774,False
AGGAATATCCTCTCGA,core_gfp_plus,core,GFP+,cDC,Myeloid,non_tumor,-0.6428738822050062,0.5988746582933611,-0.3137336045113416,0.23811912536621094,0.7618808746337891,False
CATATGGTCCAACCGG,core_gfp_plus,core,GFP+,Monocyte,Myeloid,non_tumor,2.3387552077398785,2.440581507226293,-0.3413922685093259,0.040424346923828125,0.9595756530761719,False
GTGATTGTCATGCGAC,core_gfp_plus,core,GFP+,Tumor_proliferating,Tumor,transitional,-0.18592369534103825,0.2613613578420057,0.2066724035370012,0.5473094880580902,0.4526905119419098,True
AACCAATTCATAGAGA,core_gfp_plus,core,GFP+,Mac_C1q,Myeloid,non_tumor,1.6238659457206555,5.087772442308035,-0.1938546849539847,0.1103360652923584,0.8896639347076416,False
AATGGCCTCGACTGGT,core_gfp_plus,core,GFP+,Monocyte,Myeloid,non_tumor,0.8878686613960489,0.7182508037760585,-0.24718269956457917,0.031141579151153564,0.9688584208488464,False
GGCTATATCTTGACTC,core_gfp_plus,core,GFP+,Mac_MHCII,Myeloid,non_tumor,0.23061600667982557,1.1587679481053537,-0.14643488002101693,0.14231634140014648,0.8576836585998535,False
ACATTGGTCCCTGTGC,core_gfp_plus,core,GFP+,Mac_Spp1,Myeloid,non_tumor,1.4535350677294958,-0.6146337363259884,-0.21417124056476183,0.052202820777893066,0.9477971792221069,False
ACTTCGTTCGCGCCAA,core_gfp_plus,core,GFP+,Monocyte,Myeloid,non_tumor,1.7391438297992978,4.098661611643081,-0.3392889411254901,0.036307334899902344,0.9636926651000977,False
GTAATGTTCATCTCTA,core_gfp_plus,core,GFP+,Mac_MHCII,Myeloid,non_tumor,2.575198253136655,1.3287737071535184,-0.33849030463937657,0.04618912935256958,0.9538108706474304,False
GGTCATATCATGGTGC,core_gfp_plus,core,GFP+,Monocyte,Myeloid,non_tumor,1.5537485249717469,1.217580129081268,-0.31498847221041987,0.04121565818786621,0.9587843418121338,False
GGATCGTTCGCATCAA,core_gfp_plus,core,GFP+,Monocyte,Myeloid,non_tumor,0.3338726587441598,0.5209121282968703,-0.32359803209646915,0.02381378412246704,0.976186215877533,False
AATACGTTCCAGATTG,core_gfp_plus,core,GFP+,cDC,Myeloid,non_tumor,1.0790609508812863,2.0057211777118202,-0.26143552854357865,0.06280714273452759,0.9371928572654724,False
ATGCCAATCCCCATCA,core_gfp_plus,core,GFP+,Mac_MHCII,Myeloid,non_tumor,-0.13131371753035265,0.8446681526765347,-0.32439675912573723,0.026579976081848145,0.9734200239181519,False
AGGTGCTTCGTGCCGA,core_gfp_plus,core,GFP+,Mac_Il1b,Myeloid,non_tumor,1.6660616221426527,2.726424249663083,-0.17058704539034597,0.1411958932876587,0.8588041067123413,False
AGACTGCTCGTACAGC,core_gfp_plus,core,GFP+,Mac_MHCII,Myeloid,non_tumor,0.9877623221360441,0.2924390667947688,-0.3303247634936336,0.033944129943847656,0.9660558700561523,False
CTCGATTTCGAACCTA,core_gfp_plus,core,GFP+,Mac_C1q,Myeloid,non_tumor,0.2237690178417511,2.707019784352659,-0.10758268686178926,0.14256083965301514,0.8574391603469849,False
ATGCTAGTCGCATAGC,core_gfp_plus,core,GFP+,cDC,Myeloid,non_tumor,-0.4672760996614303,0.821127375295455,-0.3379451916991635,0.31489312648773193,0.6851068735122681,False
GGTCTCCTCCTTCGGC,core_gfp_plus,core,GFP+,Tumor_proliferating,Tumor,normoxic_stable,-0.6148102874008614,0.35775085237454707,-0.35161894655320536,0.6309145987033844,0.3690854012966156,True
CCTATGTTCAGCGATC,core_gfp_plus,core,GFP+,Mac_MHCII,Myeloid,non_tumor,1.898450347843552,-0.4245150533856973,-0.2822073652907426,0.048293471336364746,0.9517065286636353,False
ACCAACATCTAAGTCG,core_gfp_plus,core,GFP+,Mac_MHCII,Myeloid,non_tumor,2.1540654187649215,0.631833184447519,-0.2941563096458243,0.04363435506820679,0.9563656449317932,False
ATCCGGGTCACCTGAA,core_gfp_plus,core,GFP+,Mac_MHCII,Myeloid,non_tumor,0.2756899139201559,0.16801687163690987,-0.35099839034775154,0.03601795434951782,0.9639820456504822,False
ATCTACCTCCCGGCAA,core_gfp_plus,core,GFP+,Tumor_proliferating,Tumor,entering_hypoxia,-0.6574347786743984,1.2477874154727349,-0.18897587126508425,0.5774775147438049,0.42252248525619507,True
CGTCTATTCAGCAGGA,core_gfp_plus,core,GFP+,Mac_MHCII,Myeloid,non_tumor,2.3598076907175303,0.8500819263159127,-0.32817530545599416,0.04353475570678711,0.9564652442932129,False
GTAGTTGTCATCACAG,core_gfp_plus,core,GFP+,Mac_Il1b,Myeloid,non_tumor,-0.13726027230223908,2.412419083122489,-0.17307419591332723,0.09677433967590332,0.9032256603240967,False
TAACCCTTCTTGACTC,core_gfp_plus,core,GFP+,Mac_MHCII,Myeloid,non_tumor,0.3500682244441638,0.4045247395344162,-0.10594578576582163,0.13452363014221191,0.8654763698577881,False
GCTCATTTCCTGACCC,core_gfp_plus,core,GFP+,Tumor_proliferating,Tumor,transitional,-0.06914848381092914,0.0820008519725312,-0.24693529864389654,0.5830305516719818,0.4169694483280182,True
TCGCGGATCTAGTTCC,core_gfp_plus,core,GFP+,Mac_MHCII,Myeloid,non_tumor,-0.5596243028741921,1.21317615094646,-0.10799985013136089,0.14897370338439941,0.8510262966156006,False
ACCTGGGTCGCGCTGA,core_gfp_plus,core,GFP+,Mac_MHCII,Myeloid,non_tumor,4.103242838221783,5.602097705125237,-0.3616956131791401,0.0498274564743042,0.9501725435256958,False
ATCACGATCCATGAAT,core_gfp_plus,core,GFP+,Mac_Spp1,Myeloid,non_tumor,1.7891740686180573,4.471816742563798,-0.3241066415509808,0.04858434200286865,0.9514156579971313,False
GGAATGGTCAGGTCAC,core_gfp_plus,core,GFP+,Monocyte,Myeloid,non_tumor,1.039379161750153,0.9429155565437504,-0.30514199001171693,0.026462018489837646,0.9735379815101624,False
ATGCAGCTCACTCGGG,core_gfp_plus,core,GFP+,Mac_MHCII,Myeloid,non_tumor,0.834649914182631,0.413765385693603,-0.35076923167012863,0.0365719199180603,0.9634280800819397,False
CCTATGTTCGAAGCCT,core_gfp_plus,core,GFP+,Mac_C1q,Myeloid,non_tumor,0.9853975758834944,1.5070468941151869,-0.11191623316497286,0.1281389594078064,0.8718610405921936,False
ATCTACCTCCCGTGTC,core_gfp_plus,core,GFP+,Tumor_proliferating,Tumor,entering_hypoxia,-1.1014225645486877,0.5041323550725664,-0.3290007443881929,0.6106432974338531,0.38935670256614685,True
ATGGACCTCCAGATAT,core_gfp_plus,core,GFP+,cDC,Myeloid,non_tumor,-0.9624446356802803,0.8453336113397205,-0.37098230572760266,0.3292973041534424,0.6707026958465576,False
GGTCGATTCAGTGCCG,core_gfp_plus,core,GFP+,Tumor_proliferating,Tumor,transitional,-0.5018001427159567,0.4304969539658945,-0.15471743641167632,0.5688201487064362,0.43117985129356384,True
CGCCAAGTCCGTAATG,core_gfp_plus,core,GFP+,Mac_MHCII,Myeloid,non_tumor,-0.6114248613895952,0.9351450895804804,-0.29613021564401126,0.03484702110290527,0.9651529788970947,False
TGACTGATCTGGGCAT,core_gfp_plus,core,GFP+,Mac_MHCII,Myeloid,non_tumor,1.6503532153423435,-0.6942502673082052,-0.2771902953678392,0.05046802759170532,0.9495319724082947,False
CCGTTCATCGCGATTA,core_gfp_plus,core,GFP+,Mac_MHCII,Myeloid,non_tumor,2.232393814692161,8.239844663212484,-0.35915397210036054,0.04926258325576782,0.9507374167442322,False
GTAAACTTCGCGAGTT,core_gfp_plus,core,GFP+,Mac_MHCII,Myeloid,non_tumor,2.0256433227934694,0.4751604127309974,-0.3144124203048894,0.033557355403900146,0.9664426445960999,False
ATTCGCTTCGCTCTCA,core_gfp_plus,core,GFP+,Monocyte,Myeloid,non_tumor,0.595071387140399,0.5465373497950152,-0.3585324583777963,0.03134113550186157,0.9686588644981384,False
GTAACCATCACTCTGT,core_gfp_plus,core,GFP+,Mac_MHCII,Myeloid,non_tumor,2.806351275902901,6.144178393841412,-0.3192617590219914,0.0424342155456543,0.9575657844543457,False
GGATTGCTCATCGTAG,core_gfp_plus,core,GFP+,Monocyte,Myeloid,non_tumor,0.8580446803068748,1.1873171002431762,-0.388867997549954,0.03614234924316406,0.9638576507568359,False
ATGGCTATCTGGCATA,core_gfp_plus,core,GFP+,Mac_MHCII,Myeloid,non_tumor,-0.02894280338906133,0.4532536899700335,0.6854896851753501,0.18290632963180542,0.8170936703681946,False
AGAATAGTCGCTCAGG,core_gfp_plus,core,GFP+,Tumor_proliferating,Tumor,normoxic_stable,-0.5250671299008867,0.14204566924926373,-0.2611664890088182,0.5519517064094543,0.44804829359054565,True
CGTTCCATCGTTGCTT,core_gfp_plus,core,GFP+,Mac_MHCII,Myeloid,non_tumor,0.4082085190189547,0.8656793767177772,-0.26247852497623075,0.03696936368942261,0.9630306363105774,False
AACACCATCCTGCGAG,core_gfp_plus,core,GFP+,Mac_C1q,Myeloid,non_tumor,0.851557521384921,3.5221699539762925,-0.1344471540147341,0.13568967580795288,0.8643103241920471,False
CACTCGCTCGATAGGG,core_gfp_plus,core,GFP+,Mac_C1q,Myeloid,non_tumor,-0.16397778705857186,0.7901476175036831,-0.09369473214945755,0.15194201469421387,0.8480579853057861,False
CTTATGCTCGTGAACC,core_gfp_plus,core,GFP+,Monocyte,Myeloid,non_tumor,1.7584319241509845,1.555367322002902,-0.304267625705763,0.04173523187637329,0.9582647681236267,False
CCGCCATTCACAGAGG,core_gfp_plus,core,GFP+,Mac_MHCII,Myeloid,non_tumor,1.5416730347012746,0.8807225346884202,-0.3427165127333443,0.03251689672470093,0.9674831032752991,False
AGACGGATCATCTCTA,core_gfp_plus,core,GFP+,Tumor,Tumor,entering_hypoxia,-1.1768242809522838,2.194741155771676,-0.29190553886717324,0.03879094123840332,0.9612090587615967,True
CGACTAATCACTGTCT,core_gfp_plus,core,GFP+,Mac_C1q,Myeloid,non_tumor,1.8622817434693046,1.376331680677804,-0.1321237851821839,0.13226473331451416,0.8677352666854858,False
AGTATGTTCTGTAACG,core_gfp_plus,core,GFP+,Tumor_proliferating,Tumor,exiting_hypoxia,0.09667633011359854,-1.0226182702882096,-0.24869200114695694,0.5132344961166382,0.4867655038833618,True
CCCTATGTCCAGAGCT,core_gfp_plus,core,GFP+,Mac_MHCII,Myeloid,non_tumor,1.8204058068394764,0.051146373184361715,-0.31772534957872145,0.02797520160675049,0.9720247983932495,False
GCACCCTTCGCGATGT,core_gfp_plus,core,GFP+,Mac_MHCII,Myeloid,non_tumor,0.525208722307098,0.278193663708858,-0.33427923364402146,0.027582168579101562,0.9724178314208984,False
GTTACCTTCACCTTCG,core_gfp_plus,core,GFP+,Mac_MHCII,Myeloid,non_tumor,0.9978269242655803,0.2209412675643779,-0.37550960303209363,0.044632136821746826,0.9553678631782532,False
AGGTAAATCCCTCAGC,core_gfp_plus,core,GFP+,Mac_MHCII,Myeloid,non_tumor,1.1636073448110558,0.34362881227041947,-0.3420683132800249,0.029723167419433594,0.9702768325805664,False
CCATGGGTCCCTCTAG,core_gfp_plus,core,GFP+,Mac_MHCII,Myeloid,non_tumor,2.7735863038313378,5.506672910686545,-0.36602895436162,0.057319581508636475,0.9426804184913635,False
TCGCGGATCCATGCTT,core_gfp_plus,core,GFP+,Mac_Spp1,Myeloid,non_tumor,1.9554560817245485,4.937492189310017,-0.3374626176418976,0.07780283689498901,0.922197163105011,False
GCTCCGTTCACATTCC,core_gfp_plus,core,GFP+,Monocyte,Myeloid,non_tumor,1.1079847778968852,1.3803219016754886,-0.3497118659838369,0.03238469362258911,0.9676153063774109,False
TCTCTGGTCGAAGGGC,core_gfp_plus,core,GFP+,Mac_MHCII,Myeloid,non_tumor,1.1725457240376402,3.7661656220653374,-0.24298181685566078,0.09701746702194214,0.9029825329780579,False
GTTAGCATCTATGCTC,core_gfp_plus,core,GFP+,Mac_C1q,Myeloid,non_tumor,0.024643245414110383,2.372611455912988,-0.04172815108216531,0.1523299217224121,0.8476700782775879,False
GCCTTCATCATGCTGA,core_gfp_plus,core,GFP+,Mac_MHCII,Myeloid,non_tumor,0.9294597822402657,0.6311388205465608,-0.290079822212375,0.043574512004852295,0.9564254879951477,False
CGGTATATCCAATGTG,core_gfp_plus,core,GFP+,Mac_MHCII,Myeloid,non_tumor,-0.0687012258382494,0.507599804863637,-0.23637308118426686,0.04667729139328003,0.95332270860672,False
CGCTAAATCAATCTCC,core_gfp_plus,core,GFP+,Neutrophil,Myeloid,non_tumor,-0.7223408760829662,0.3615732219619091,-0.2050359716191979,0.29962271451950073,0.7003772854804993,False
TACCCGCTCAAGTTCG,core_gfp_plus,core,GFP+,Monocyte,Myeloid,non_tumor,-0.4284898216021786,1.0185693198737447,-0.270812454597628,0.18585419654846191,0.8141458034515381,False
ACGCATATCATGAACT,core_gfp_plus,core,GFP+,Neutrophil,Myeloid,non_tumor,-0.9144872946151381,0.2450102216239524,-0.4035004370305895,0.3111586570739746,0.6888413429260254,False
GTATTCCTCACCTCTG,core_gfp_plus,core,GFP+,Mac_Spp1,Myeloid,non_tumor,2.820190249511075,4.207564714468199,-0.3315039468189065,0.03913372755050659,0.9608662724494934,False
GGACTTATCAATCCAG,core_gfp_plus,core,GFP+,Monocyte,Myeloid,non_tumor,-0.3822114234220817,0.8218253252910809,-0.29887751797738826,0.02915668487548828,0.9708433151245117,False
AGGGCAATCCCTGTAT,core_gfp_plus,core,GFP+,Mac_MHCII,Myeloid,non_tumor,-0.23066709792537626,0.7055800055817786,-0.29758768346125825,0.024768292903900146,0.9752317070960999,False
CTAATGGTCCTTCGCA,core_gfp_plus,core,GFP+,Mac_MHCII,Myeloid,non_tumor,1.7282471668304467,1.6078701019346122,-0.27952504235823267,0.04614293575286865,0.9538570642471313,False
ACGATATTCTGTCAAG,core_gfp_plus,core,GFP+,Mac_MHCII,Myeloid,non_tumor,-0.5679442161343267,0.6278614100585528,-0.16780252238594343,0.13663184642791748,0.8633681535720825,False
TATCCGTTCCGCACTC,core_gfp_plus,core,GFP+,Mac_C1q,Myeloid,non_tumor,1.876334667362852,3.7398581166752973,-0.09715055897746759,0.1295728087425232,0.8704271912574768,False
TATCCGTTCATGGCGT,core_gfp_plus,core,GFP+,cDC,Myeloid,non_tumor,1.209023957718335,3.026494371598833,0.2975142007883029,0.05864250659942627,0.9413574934005737,False
ATCTTCATCGTTAGCA,core_gfp_plus,core,GFP+,Mac_MHCII,Myeloid,non_tumor,0.19707266109225535,0.8981545408683633,-0.31778903285295457,0.036971449851989746,0.9630285501480103,False
CTTAGGATCACGGAGA,core_gfp_plus,core,GFP+,Mac_MHCII,Myeloid,non_tumor,0.6996406099073464,0.7744654487103616,-0.2586858222215239,0.0294150710105896,0.9705849289894104,False
CGGAAAGTCCTCATTA,core_gfp_plus,core,GFP+,Mac_MHCII,Myeloid,non_tumor,0.5424904759542952,0.8180670098480259,-0.06318946530665656,0.11611682176589966,0.8838831782341003,False
CATATGGTCCGCATCC,core_gfp_plus,core,GFP+,Neutrophil,Myeloid,non_tumor,0.15044478249579543,0.7722765026978659,-0.30322853869320937,0.2813382148742676,0.7186617851257324,False
GCAATCATCGACCGAT,core_gfp_plus,core,GFP+,Mac_MHCII,Myeloid,non_tumor,0.13076112440515886,1.514363348869127,-0.07233374486762657,0.12407666444778442,0.8759233355522156,False
CCGTTGCTCAGGCAAG,core_gfp_plus,core,GFP+,Mac_Il1b,Myeloid,non_tumor,-0.5657774579925489,0.8681255982568798,-0.07936461062193688,0.11861532926559448,0.8813846707344055,False
TAAGCCATCATGGTGC,core_gfp_plus,core,GFP+,Mac_C1q,Myeloid,non_tumor,1.2213784412767186,3.6862242860425276,-0.026261286364566462,0.13507682085037231,0.8649231791496277,False
TGGTCAATCGATCAAT,core_gfp_plus,core,GFP+,Monocyte,Myeloid,non_tumor,2.454832193346858,1.9717135413586229,-0.3586461894618177,0.04054015874862671,0.9594598412513733,False
TGACGGTTCAATCCGA,core_gfp_plus,core,GFP+,Tumor_proliferating,Tumor,normoxic_stable,-0.6672989594753651,-0.09823450563215076,-0.24286349068629048,0.6609555184841156,0.3390444815158844,True
CGAATCATCATCACTC,core_gfp_plus,core,GFP+,Tumor_proliferating,Tumor,exiting_hypoxia,-0.3542156037854921,-0.49136437252065274,-0.08856448646331251,0.6143987774848938,0.3856012225151062,True
CTTGCCATCCGTATGA,core_gfp_plus,core,GFP+,Tumor_proliferating,Tumor,transitional,-0.5078612090247835,0.03576799171457419,-0.12875932606839718,0.5807658135890961,0.41923418641090393,True
CCGAATATCCGTCCGT,core_gfp_plus,core,GFP+,Mac_C1q,Myeloid,non_tumor,0.2893825524291433,4.162822822306106,-0.13694641822891734,0.12233990430831909,0.8776600956916809,False
CGAGCCATCGCTCATT,core_gfp_plus,core,GFP+,CD8_exhausted,T_cell,non_tumor,-0.07822302352627486,0.8459995911950178,-0.2055293238977653,0.2087942361831665,0.7912057638168335,False
GCTCAAATCACGCCTC,core_gfp_plus,core,GFP+,cDC,Myeloid,non_tumor,-0.4985901384196727,0.8126057233314062,-0.34098784691769884,0.3083694577217102,0.6916305422782898,False
CCGTAAATCGATCGGT,core_gfp_plus,core,GFP+,Monocyte,Myeloid,non_tumor,0.6673860222435308,1.432876239695478,-0.32190947347232685,0.032237231731414795,0.9677627682685852,False
AGGGCAATCGTTCAAG,core_gfp_plus,core,GFP+,Mac_MHCII,Myeloid,non_tumor,0.12257125989129934,2.0836217196748525,1.809036640248865,0.1549854278564453,0.8450145721435547,False
GCGTCCTTCACACTAG,core_gfp_plus,core,GFP+,Tumor_proliferating,Tumor,entering_hypoxia,-0.6391899556625654,0.5498329718408999,-0.26815768732017964,0.5720396935939789,0.4279603064060211,True
GGGCAAATCCTGACGG,core_gfp_plus,core,GFP+,Mac_MHCII,Myeloid,non_tumor,0.4287636962611606,0.783532993002329,-0.07199279900227558,0.14652228355407715,0.8534777164459229,False
CAATGCATCTCACTGT,core_gfp_plus,core,GFP+,Mac_MHCII,Myeloid,non_tumor,1.0234771790374164,4.876473034026664,-0.35276251000569253,0.055919110774993896,0.9440808892250061,False
GGTACTATCGAGTACC,core_gfp_plus,core,GFP+,Mac_MHCII,Myeloid,non_tumor,0.8959474123965383,0.36842468198261824,-0.30002263250885325,0.04623132944107056,0.9537686705589294,False
TGTCGTTTCCGTTAAG,core_gfp_plus,core,GFP+,cDC,Myeloid,non_tumor,0.07267186068228022,3.8069478773896477,-0.15867754919307317,0.055855512619018555,0.9441444873809814,False
TACATCCTCTAGCGCG,core_gfp_plus,core,GFP+,Monocyte,Myeloid,non_tumor,4.285910405324045,2.5621078742696723,-0.37768709862272043,0.03766477108001709,0.9623352289199829,False
CGGTTCCTCCTGCGGA,core_gfp_plus,core,GFP+,Tumor,Tumor,entering_hypoxia,-0.8151300508942427,0.8936914908649918,-0.3331009712122049,0.05237853527069092,0.9476214647293091,True
ACTATGGTCCGTGCTC,core_gfp_plus,core,GFP+,Mac_MHCII,Myeloid,non_tumor,0.6872303762397995,0.519433420312546,-0.31402536662813446,0.0317455530166626,0.9682544469833374,False
CTATCGTTCGATCGTA,core_gfp_plus,core,GFP+,Tumor_proliferating,Tumor,transitional,-0.2846884033145075,-0.013496661102375091,-0.07100143550474954,0.5808524191379547,0.4191475808620453,True
GTAGGCTTCCCTGGTC,core_gfp_plus,core,GFP+,Tumor,Tumor,entering_hypoxia,-1.0787358389273707,2.003541092313957,-0.24232668415758418,0.045053303241729736,0.9549466967582703,True
ACGCATATCGCTGACG,core_gfp_plus,core,GFP+,Tumor_proliferating,Tumor,persistent_hypoxia,0.5842357033910366,0.25291524159327905,0.2925939779858556,0.56224325299263,0.43775674700737,True
AAGTCGCTCAGTTAGT,core_gfp_plus,core,GFP+,Tumor_proliferating,Tumor,exiting_hypoxia,1.3351682955108206,-1.5450317657899262,-0.3333441778904473,0.541942298412323,0.458057701587677,True
ACGAACCTCCAATGAT,core_gfp_plus,core,GFP+,Monocyte,Myeloid,non_tumor,2.286397884678934,1.50738710370442,-0.37060167871893496,0.02642112970352173,0.9735788702964783,False
CTTAACCTCAGTAGGG,core_gfp_plus,core,GFP+,Tumor_proliferating,Tumor,entering_hypoxia,-1.051180090683242,0.8219181410794154,-0.31673609831687666,0.5717564523220062,0.4282435476779938,True
CACCATTTCGCGTGAT,core_gfp_plus,core,GFP+,Monocyte,Myeloid,non_tumor,0.3798379248527939,0.5747393213773192,-0.36286429977396856,0.03267991542816162,0.9673200845718384,False
TCGTCATTCTCACTCG,core_gfp_plus,core,GFP+,Mac_MHCII,Myeloid,non_tumor,2.716021355664172,5.096510435380727,-0.3366712408552834,0.04010605812072754,0.9598939418792725,False
GCAAGCTTCCCGCGAA,core_gfp_plus,core,GFP+,Mac_MHCII,Myeloid,non_tumor,-0.19728031387317213,0.8431316145128489,-0.16097438886901805,0.12340861558914185,0.8765913844108582,False
CATTGGATCGATAGCC,core_gfp_plus,core,GFP+,Mac_Spp1,Myeloid,non_tumor,2.31744775153952,0.7749394486110059,-0.2710172743612306,0.05124831199645996,0.94875168800354,False
GCCATCCTCGCGAATC,core_gfp_plus,core,GFP+,Mac_MHCII,Myeloid,non_tumor,0.9831237403617218,0.6177210646048831,-0.27133844644373056,0.04208528995513916,0.9579147100448608,False
ATTGCCTTCCGGGTAT,core_gfp_plus,core,GFP+,Tumor_proliferating,Tumor,entering_hypoxia,-1.1768242809522838,0.5710706527211161,-0.32235203590346867,0.6149556934833527,0.38504430651664734,True
ACAAGTTTCCGTGCAG,core_gfp_plus,core,GFP+,Tumor_proliferating,Tumor,normoxic_stable,-0.691640750432785,-0.12708705744706622,-0.12758152662552286,0.5975483059883118,0.40245169401168823,True
CCCAAGGTCATGGATT,core_gfp_plus,core,GFP+,Monocyte,Myeloid,non_tumor,-0.7117356009096854,1.1564853355529974,-0.2678914591963469,0.04082435369491577,0.9591756463050842,False
GTGATATTCTAGTGAT,core_gfp_plus,core,GFP+,Monocyte,Myeloid,non_tumor,0.46114392848318664,0.4563945878812431,-0.348119250815301,0.03149425983428955,0.9685057401657104,False
TAGGTCATCGTGATTG,core_gfp_plus,core,GFP+,Mac_MHCII,Myeloid,non_tumor,3.6979118599544467,7.25347486329191,-0.3787485260356344,0.06233900785446167,0.9376609921455383,False
CCGCGAATCATGTGGC,core_gfp_plus,core,GFP+,Neutrophil,Myeloid,non_tumor,-0.4137163433048651,1.2264545454532882,-0.4242128285871067,0.37822985649108887,0.6217701435089111,False
TCGAGGTTCGCATTAG,core_gfp_plus,core,GFP+,Mac_MHCII,Myeloid,non_tumor,2.7627812706959456,6.176662561415711,-0.33296511132130807,0.06598132848739624,0.9340186715126038,False
CTACGGGTCCCATGCC,core_gfp_plus,core,GFP+,Mac_MHCII,Myeloid,non_tumor,-0.02056967071351647,1.3785047577941882,3.46853531395359,0.17788785696029663,0.8221121430397034,False
CGCCACTTCACGCAGT,core_gfp_plus,core,GFP+,Tumor_proliferating,Tumor,normoxic_stable,-0.8489573247734028,-0.34092219887400144,-0.026945146679753593,0.5979858934879303,0.4020141065120697,True
CTCCAGCTCAGGTCCG,core_gfp_plus,core,GFP+,Tumor_proliferating,Tumor,exiting_hypoxia,0.23917937091607913,-0.6374386363051757,2.3856733786981508,0.5385528206825256,0.46144717931747437,True
CGTTACTTCACCTCAT,core_gfp_plus,core,GFP+,Monocyte,Myeloid,non_tumor,0.36506258513569256,0.8318045962268361,-0.30429285033777476,0.02727830410003662,0.9727216958999634,False
GCTTGCCTCAATTGCG,core_gfp_plus,core,GFP+,Mac_MHCII,Myeloid,non_tumor,0.6607308725381442,0.8184986155045596,-0.2593555739670169,0.03179746866226196,0.968202531337738,False
CGAGCCATCAGCATCA,core_gfp_plus,core,GFP+,Mac_C1q,Myeloid,non_tumor,-0.7413627091359515,2.0566114073855166,-0.16178696736909057,0.14340311288833618,0.8565968871116638,False
CTATTCATCGACCGCA,core_gfp_plus,core,GFP+,Tumor_proliferating,Tumor,exiting_hypoxia,2.397391836385206,-0.50139801177977,-0.10645315302808411,0.5791657865047455,0.4208342134952545,True
AGCATATTCTTGAGGC,core_gfp_plus,core,GFP+,Tumor_proliferating,Tumor,normoxic_stable,-0.9232005192058602,0.4328556204613931,-0.28260737168684136,0.5994620621204376,0.4005379378795624,True
TAACCGATCGTAGTGC,core_gfp_plus,core,GFP+,Mac_MHCII,Myeloid,non_tumor,2.002682590636512,-0.2612872504028665,-0.3292299637502677,0.04764509201049805,0.952354907989502,False
ACTCCGCTCGAATCCA,core_gfp_plus,core,GFP+,Tumor_proliferating,Tumor,normoxic_stable,-0.5521659199114948,0.08744477205936589,-0.20340389820810095,0.5825468599796295,0.4174531400203705,True
CCGTTGCTCCATAGCA,core_gfp_plus,core,GFP+,Mac_C1q,Myeloid,non_tumor,0.0029218328853861156,3.8155008725464716,-0.19366574609068307,0.11003613471984863,0.8899638652801514,False
TAACTCCTCCGGTATA,core_gfp_plus,core,GFP+,Tumor_proliferating,Tumor,reverted_stable,-0.5435145990533847,-0.5451492605472769,4.0435240587856836,0.5382892191410065,0.46171078085899353,True
TGCCTCATCACCTGCC,core_gfp_plus,core,GFP+,CD8_exhausted,T_cell,non_tumor,-0.4823404932876924,0.8418083696435167,-0.15932138692422146,0.20744377374649048,0.7925562262535095,False
ATCAGGCTCTTGACAG,core_gfp_plus,core,GFP+,Mac_C1q,Myeloid,non_tumor,-0.017009753734488885,4.242250313474448,-0.1770977968879313,0.12594252824783325,0.8740574717521667,False
TGTCTGTTCTAACCAG,core_gfp_plus,core,GFP+,Tumor,Tumor,entering_hypoxia,-0.918958094260936,2.1831005318853265,-0.2411568515760139,0.03880375623703003,0.96119624376297,True
AAGGTAATCACGCCGA,core_gfp_plus,core,GFP+,Tumor_proliferating,Tumor,entering_hypoxia,-0.6445768967766297,1.3510438464150902,0.6141863358395463,0.6724274158477783,0.3275725841522217,True
TGTCGTTTCCCCATTG,core_gfp_plus,core,GFP+,Mac_C1q,Myeloid,non_tumor,-0.011572757628117155,3.318073099832792,-0.02130877771446388,0.1423547863960266,0.8576452136039734,False
ATCCCGCTCCCAATGA,core_gfp_plus,core,GFP+,Mac_MHCII,Myeloid,non_tumor,0.28024908502912416,-0.19444022432139385,-0.3728005861322346,0.04041963815689087,0.9595803618431091,False
AACCAATTCCACCATT,core_gfp_plus,core,GFP+,Tumor_proliferating,Tumor,persistent_hypoxia,0.04381551998674853,-0.4435705848496426,-0.23169943608520235,0.6126555502414703,0.38734444975852966,True
ACCCTCATCCCATATC,core_gfp_plus,core,GFP+,CD8_exhausted,T_cell,non_tumor,0.005767867432060307,0.7863446870394248,-0.2096179525441315,0.20796644687652588,0.7920335531234741,False
CACATAGTCGCGCGTA,core_gfp_plus,core,GFP+,Mac_Il1b,Myeloid,non_tumor,0.835489630083286,3.62784144914346,-0.21388597190189323,0.045227646827697754,0.9547723531723022,False
TCCCTGATCCACCTGC,core_gfp_plus,core,GFP+,cDC,Myeloid,non_tumor,-0.1945781593395163,0.8524447156171258,-0.2599624290350974,0.2750563621520996,0.7249436378479004,False
AGTACCATCCGCGACA,core_gfp_plus,core,GFP+,Mac_MHCII,Myeloid,non_tumor,1.0964767484209461,4.498711312191742,-0.3421138299056978,0.040934205055236816,0.9590657949447632,False
CAGTCAATCGTTCACT,core_gfp_plus,core,GFP+,Mac_MHCII,Myeloid,non_tumor,2.2329923077516485,-0.1543562196066943,-0.35276656250627586,0.04238766431808472,0.9576123356819153,False
CGAATCATCCTGGTAA,core_gfp_plus,core,GFP+,Mac_MHCII,Myeloid,non_tumor,-0.0761407498433761,0.8120785470139497,0.08462223479079022,0.15475118160247803,0.845248818397522,False
ACTCACTTCGATGAGG,core_gfp_plus,core,GFP+,Tumor_proliferating,Tumor,entering_hypoxia,-0.3918877342903228,0.5035728478431254,-0.02996331046728098,0.5793471932411194,0.4206528067588806,True
GGGTCATTCTAGATAC,core_gfp_plus,core,GFP+,Mac_MHCII,Myeloid,non_tumor,1.0423872882683831,0.24969295645625145,-0.2928561468783081,0.03404921293258667,0.9659507870674133,False
GCGCCAATCAGCAGGA,core_gfp_plus,core,GFP+,Tumor_proliferating,Tumor,entering_deep_hypoxia,3.1834134726949013,0.920990360844189,0.343958671278089,0.5001871585845947,0.4998128414154053,True
ACTGTGATCCCTGGAG,core_gfp_plus,core,GFP+,Tumor,Tumor,entering_hypoxia,-0.8947895943908706,2.1831005318853265,-0.2411568515760139,0.03880375623703003,0.96119624376297,True
TAGCCAATCAGCGACT,core_gfp_plus,core,GFP+,Mac_Il1b,Myeloid,non_tumor,1.819103815306517,1.795329154957207,-0.20862619113507042,0.06049907207489014,0.9395009279251099,False
GGTTTAGTCGTTCGGG,core_gfp_plus,core,GFP+,Mac_MHCII,Myeloid,non_tumor,3.5042610263074727,6.446066266466273,-0.3851512156670525,0.06902813911437988,0.9309718608856201,False
TCCTTGGTCTCATGTC,core_gfp_plus,core,GFP+,Monocyte,Myeloid,non_tumor,0.2770490913798999,0.820043401023375,-0.2852689629540802,0.02896672487258911,0.9710332751274109,False
ATACGATTCAATTGGT,core_gfp_plus,core,GFP+,Mac_MHCII,Myeloid,non_tumor,2.147791822389871,1.7353611017020965,-0.17387712556827253,0.13214141130447388,0.8678585886955261,False
TGCTCGCTCACCTCAT,core_gfp_plus,core,GFP+,Mac_C1q,Myeloid,non_tumor,0.42636854493566684,3.883409485527935,-0.19910666009232375,0.138525128364563,0.861474871635437,False
CGTTGGGTCACCACTT,core_gfp_plus,core,GFP+,Mac_MHCII,Myeloid,non_tumor,2.1385649909538578,0.08534002961072308,-0.3586382245775472,0.032042741775512695,0.9679572582244873,False
GTGTGGTTCACGCACG,core_gfp_plus,core,GFP+,Tumor_proliferating,Tumor,entering_hypoxia,-0.24930406505405556,0.6378261132475893,-0.323434275923542,0.5384614169597626,0.4615385830402374,True
CGATCAATCGCGCTCT,core_gfp_plus,core,GFP+,Tumor_proliferating,Tumor,normoxic_stable,-0.752599214179371,-0.035088765347320076,0.04048749212819199,0.5787426233291626,0.4212573766708374,True
TCTCTCCTCACGGAGA,core_gfp_plus,core,GFP+,Mac_MHCII,Myeloid,non_tumor,2.5593356039780195,6.865753136494865,-0.38514409091463025,0.05904430150985718,0.9409556984901428,False
ACCATAGTCAGGCTAC,core_gfp_plus,core,GFP+,Tumor_proliferating,Tumor,entering_deep_hypoxia,1.8355034713232512,0.8963081959304828,1.7467453549819645,0.4815974235534668,0.5184025764465332,True
ACAACATTCCATCCGC,core_gfp_plus,core,GFP+,cDC,Myeloid,non_tumor,-0.12473282144456509,0.8171101607661582,-0.36730460957257843,0.03843259811401367,0.9615674018859863,False
GGCTCGATCTATGCAG,core_gfp_plus,core,GFP+,Mac_MHCII,Myeloid,non_tumor,1.5999034547840614,-0.49890619142358156,-0.29250928816276767,0.05058157444000244,0.9494184255599976,False
GCACTCCTCGTTACTC,core_gfp_plus,core,GFP+,Monocyte,Myeloid,non_tumor,0.571479030222254,0.8696325322204052,-0.3296440846982424,0.02693021297454834,0.9730697870254517,False
GTACTAGTCATCTACC,core_gfp_plus,core,GFP+,Mac_C1q,Myeloid,non_tumor,0.6467940223314076,0.49853836369816307,-0.16480135304351887,0.09730136394500732,0.9026986360549927,False
GTATCGATCTCACCAT,core_gfp_plus,core,GFP+,Mac_C1q,Myeloid,non_tumor,0.5483682463600484,2.6828075019393545,-0.0733618866325043,0.14761137962341309,0.8523886203765869,False
AGCTAATTCACAGGCT,core_gfp_plus,core,GFP+,Tumor,Tumor,entering_hypoxia,-1.0693094040523219,2.14962206734056,-0.23282136045654664,0.04034984111785889,0.9596501588821411,True
CCCGCATTCACACTAG,core_gfp_plus,core,GFP+,Tumor_proliferating,Tumor,transitional,-0.21660702687801933,-0.0481211279706084,-0.31427957869110246,0.6216087341308594,0.3783912658691406,True
ATAATGCTCACTCAAG,core_gfp_plus,core,GFP+,cDC,Myeloid,non_tumor,-0.298977862013386,0.840360001701009,-0.299977468164975,0.07614785432815552,0.9238521456718445,False
AAACGCCTCCGCCTTA,core_gfp_plus,core,GFP+,Neutrophil,Myeloid,non_tumor,0.6839991123485474,0.9003851478988647,-0.43200493335348517,0.35868334770202637,0.6413166522979736,False
GGAGCAATCGATAGGG,core_gfp_plus,core,GFP+,Neutrophil,Myeloid,non_tumor,-0.01260094258836058,0.6899191953771885,-0.40575834501198343,0.29369354248046875,0.7063064575195312,False
ACGGTTATCACCTGCC,core_gfp_plus,core,GFP+,Mac_C1q,Myeloid,non_tumor,-0.30586525685598753,0.5248460018274117,0.14423658832781244,0.14760607481002808,0.8523939251899719,False
ACCTCCATCGAGTCTA,core_gfp_plus,core,GFP+,Mac_C1q,Myeloid,non_tumor,-0.5874209520636345,0.5357670107176145,0.60254828924835,0.17247456312179565,0.8275254368782043,False
GCGAGTTTCGTGATGC,core_gfp_plus,core,GFP+,Neutrophil,Myeloid,non_tumor,-0.5270503232289735,1.207625880249219,-0.4321586359094714,0.3787972927093506,0.6212027072906494,False
GCTTACTTCGATCCTT,core_gfp_plus,core,GFP+,Mac_MHCII,Myeloid,non_tumor,-0.7371039662442325,1.0179784529735574,-0.03410084561781794,0.17433834075927734,0.8256616592407227,False
ACGCGATTCCTTCATA,core_gfp_plus,core,GFP+,Mac_MHCII,Myeloid,non_tumor,1.1466939600347088,0.07226551276371254,-0.3323618535991466,0.044271230697631836,0.9557287693023682,False
GGAGTAGTCGCGCTGA,core_gfp_plus,core,GFP+,Neutrophil,Myeloid,non_tumor,0.051517792776396745,1.2157589311832422,-0.3644311905403702,0.2887480854988098,0.7112519145011902,False
GGCTATATCGTTACAG,core_gfp_plus,core,GFP+,Tumor_proliferating,Tumor,exiting_hypoxia,2.5846225073607885,-2.3245028741463236,-0.3784015299605071,0.4785308241844177,0.5214691758155823,True
GGTTCAATCGATGACC,core_gfp_plus,core,GFP+,Mac_C1q,Myeloid,non_tumor,-0.06877194883102171,1.2662931019882262,-0.0443821194244391,0.14123356342315674,0.8587664365768433,False
TAGGGCTTCCAACTAG,core_gfp_plus,core,GFP+,Tumor_proliferating,Tumor,exiting_hypoxia,4.088573390230492,-0.6079507435906562,0.03853478105152526,0.4594138264656067,0.5405861735343933,True
GGTCTCCTCAGCCCAG,core_gfp_plus,core,GFP+,Tumor_proliferating,Tumor,normoxic_stable,-0.5559171012501357,0.35584979604021016,-0.3252528936794027,0.5824668407440186,0.41753315925598145,True
GCTAGGTTCCCTGACC,core_gfp_plus,core,GFP+,Mac_C1q,Myeloid,non_tumor,0.5218155400547208,1.287473982169919,-0.015343730893474938,0.14842331409454346,0.8515766859054565,False
CCCAGGATCCAATGAT,core_gfp_plus,core,GFP+,Mac_MHCII,Myeloid,non_tumor,0.5222009745953573,1.209779398450268,-0.2974200425541506,0.041855454444885254,0.9581445455551147,False
CCACCTATCCGCTACC,core_gfp_plus,core,GFP+,cDC,Myeloid,non_tumor,0.8467934474130164,1.0393558553627986,-0.3198473187077832,0.14052236080169678,0.8594776391983032,False
AGCAACCTCCTTGATC,core_gfp_plus,core,GFP+,Mac_Spp1,Myeloid,non_tumor,-0.16503843544281388,3.5668565310727796,-0.11108829370126509,0.11791503429412842,0.8820849657058716,False
GTTAGCATCGCTTCAT,core_gfp_plus,core,GFP+,Tumor_proliferating,Tumor,exiting_hypoxia,0.7365781626310176,-0.9871863100545406,-0.268471931767529,0.5717586874961853,0.4282413125038147,True
TGCCTATTCCGTGATA,core_gfp_plus,core,GFP+,Tumor_proliferating,Tumor,entering_hypoxia,-0.012454112362479175,1.0290321894332441,1.2433571971117832,0.6138441562652588,0.3861558437347412,True
CTGGTAATCCATGACA,core_gfp_plus,core,GFP+,Treg,T_cell,non_tumor,0.2855185392653398,0.46941573545815424,-0.2952757670207196,0.2548907995223999,0.7451092004776001,False
CACCATTTCACCATAG,core_gfp_plus,core,GFP+,Tumor_proliferating,Tumor,normoxic_stable,-1.0070488554313057,0.18549659143762703,-0.053750775311625136,0.5894971191883087,0.4105028808116913,True
GGTACGTTCTATCCTA,core_gfp_plus,core,GFP+,Neutrophil,Myeloid,non_tumor,-0.35424766089001986,1.083506189247414,-0.44270584503749294,0.38351160287857056,0.6164883971214294,False
AGAGTAATCCTGATAG,core_gfp_plus,core,GFP+,Neutrophil,Myeloid,non_tumor,2.6933883778697107,2.0159231940198077,-0.2972625710370786,0.1272401213645935,0.8727598786354065,False
GCATAGCTCTGGTACA,core_gfp_plus,core,GFP+,Tumor_proliferating,Tumor,exiting_hypoxia,0.7348215771381452,-0.520208998649608,-0.2497096584196727,0.6062678098678589,0.3937321901321411,True
CCTAGTTTCTAGTGCA,core_gfp_plus,core,GFP+,Tumor_proliferating,Tumor,normoxic_stable,-1.0071423522582104,0.24330710146398576,-0.2495259931407781,0.6255805194377899,0.3744194805622101,True
GTGAACCTCGATTCAG,core_gfp_plus,core,GFP+,Neutrophil,Myeloid,non_tumor,0.2542600510982049,1.0227773254154355,-0.42087292454403746,0.36030465364456177,0.6396953463554382,False
GGGTAAGTCGTGCCGA,core_gfp_plus,core,GFP+,Mac_MHCII,Myeloid,non_tumor,0.30399988677156925,0.9387183837420786,-0.03300931650910873,0.148695707321167,0.851304292678833,False
CCTACCATCGATGTCA,core_gfp_plus,core,GFP+,Tumor_proliferating,Tumor,normoxic_stable,-0.5792144673677899,0.3791359858091683,-0.30170265301201626,0.6322830021381378,0.3677169978618622,True
ACTCCCATCCTCACGC,core_gfp_plus,core,GFP+,Neutrophil,Myeloid,non_tumor,0.9250059996015273,1.0006176729528868,-0.4185700991947224,0.3011053800582886,0.6988946199417114,False
GGATTCATCATAGGAA,core_gfp_plus,core,GFP+,Mac_C1q,Myeloid,non_tumor,2.954177018738198,6.343747564405523,-0.1770813481363249,0.0857420563697815,0.9142579436302185,False
CTTGTGTTCCCTCACA,core_gfp_plus,core,GFP+,Neutrophil,Myeloid,non_tumor,-0.12959285008454083,0.9402755385498879,-0.44912149666134615,0.37805044651031494,0.6219495534896851,False
ATCCGGGTCCGTCATT,core_gfp_plus,core,GFP+,Mac_C1q,Myeloid,non_tumor,0.900397511473375,4.213231608918749,-0.1976970191007695,0.1146649718284607,0.8853350281715393,False
GGGTAAGTCAGGAGAT,core_gfp_plus,core,GFP+,Mac_MHCII,Myeloid,non_tumor,1.270152254699316,-0.09377796599654946,-0.3316140223255105,0.0533563494682312,0.9466436505317688,False
CTTATGCTCGCTGACG,core_gfp_plus,core,GFP+,Monocyte,Myeloid,non_tumor,0.9752060274166814,1.3492219125882232,-0.30241284670406693,0.03655439615249634,0.9634456038475037,False
ACAACATTCATGTGTG,core_gfp_plus,core,GFP+,Tumor_proliferating,Tumor,persistent_hypoxia,0.7614324488586346,0.05633727485884324,-0.31356477709754194,0.5649682283401489,0.4350317716598511,True
ACAGGCTTCCGCATGG,core_gfp_plus,core,GFP+,Neutrophil,Myeloid,non_tumor,-0.206004000029202,0.2985915190910639,-0.44958725600685584,0.3797292709350586,0.6202707290649414,False
TCAGTAGTCGACTAAT,core_gfp_plus,core,GFP+,Neutrophil,Myeloid,non_tumor,0.3038271737833489,0.8783661475583547,-0.4258841137388897,0.36621761322021484,0.6337823867797852,False
TACTGGATCTATGCTC,core_gfp_plus,core,GFP+,Tumor_proliferating,Tumor,persistent_hypoxia,0.8516688647659288,-0.06312793048108184,0.04136975211516663,0.6030745804309845,0.3969254195690155,True
ATCCCCATCCTGTCCA,core_gfp_plus,core,GFP+,Neutrophil,Myeloid,non_tumor,1.5062848098236932,0.556104188370183,-0.4089695097118181,0.28618764877319336,0.7138123512268066,False
AAGCAAATCCGGTGTG,core_gfp_plus,core,GFP+,Neutrophil,Myeloid,non_tumor,-0.8674312074750792,1.1377911464577881,-0.4260449084649808,0.37443727254867554,0.6255627274513245,False
TGCCTGCTCGATGTCA,core_gfp_plus,core,GFP+,Tumor_proliferating,Tumor,persistent_hypoxia,0.39395083282865717,0.12440182916518978,-0.26691562419879505,0.634427398443222,0.36557260155677795,True
CTTCTGGTCCCGGCAA,core_gfp_plus,core,GFP+,Tumor_proliferating,Tumor,entering_hypoxia,-0.6230041378929903,0.788122505240942,0.7566003080907431,0.6546610891819,0.3453389108181,True
CGGTATATCAGCCACG,core_gfp_plus,core,GFP+,Tumor_proliferating,Tumor,exiting_hypoxia,3.234988696146688,-1.7292994798276409,0.059589974752530965,0.513676106929779,0.48632389307022095,True
CTTAGGATCCTTGACT,core_gfp_plus,core,GFP+,Mac_C1q,Myeloid,non_tumor,0.22247363988507912,0.6094483086398057,-0.1395185949226277,0.14205992221832275,0.8579400777816772,False
TGAGGGATCCAACTTC,core_gfp_plus,core,GFP+,Neutrophil,Myeloid,non_tumor,-0.08829588941149827,0.44126372987829054,-0.2724427183137322,0.2865649461746216,0.7134350538253784,False
TGGGTTATCGCGTTGG,core_gfp_plus,core,GFP+,Mac_MHCII,Myeloid,non_tumor,-0.7693243121085864,0.19248197529362138,2.671086847927556,0.17166054248809814,0.8283394575119019,False
GGTTATGTCATGCTTC,core_gfp_plus,core,GFP+,Mac_MHCII,Myeloid,non_tumor,-0.28012577786308235,0.15579028640329018,-0.20935009718629408,0.03320193290710449,0.9667980670928955,False
CTGTGCCTCACATGCA,core_gfp_plus,core,GFP+,Tumor_proliferating,Tumor,normoxic_stable,-0.5807645246038134,0.4427550342686126,-0.30763385223779627,0.6084282696247101,0.3915717303752899,True
CTGTACTTCAGTTGGC,core_gfp_plus,core,GFP+,Neutrophil,Myeloid,non_tumor,0.8920310011021017,0.6890148805071996,-0.4221414811739237,0.34523266553878784,0.6547673344612122,False
GGAGTAGTCTATCCTA,core_gfp_plus,core,GFP+,cDC,Myeloid,non_tumor,0.662793119982363,1.0901445113374937,-0.012778686771783837,0.1122695803642273,0.8877304196357727,False
CCCTGGTTCTGGGACT,core_gfp_plus,core,GFP+,Fibroblast,Stroma,non_tumor,0.0066753446811569,0.09146623136623457,-0.14183773034617198,0.7019968926906586,0.29800310730934143,False
GCAATATTCATCACCT,core_gfp_plus,core,GFP+,Tumor_proliferating,Tumor,persistent_hypoxia,0.6880086476438029,0.08670589052288315,0.8869875421302333,0.5596121847629547,0.4403878152370453,True
TGCCATTTCGATATAC,core_gfp_plus,core,GFP+,Neutrophil,Myeloid,non_tumor,0.3006238964692653,0.6669078014026083,-0.37835301913774944,0.29070156812667847,0.7092984318733215,False
TGAACCATCAATGTCG,core_gfp_plus,core,GFP+,cDC,Myeloid,non_tumor,-0.4413148505882188,0.732341487958396,-0.3015264785391193,0.08431613445281982,0.9156838655471802,False
ATTGGATTCTAGTAAC,core_gfp_plus,core,GFP+,Tumor_proliferating,Tumor,transitional,-0.1713131218369661,-0.36375466902659154,-0.1475930928431137,0.6210305988788605,0.3789694011211395,True
CTTCGCATCGCGTGTG,core_gfp_plus,core,GFP+,Neutrophil,Myeloid,non_tumor,0.7233120666002517,0.3416855702385644,-0.4097474022779705,0.25550949573516846,0.7444905042648315,False
CTCTTGGTCGTGCCTC,core_gfp_plus,core,GFP+,Neutrophil,Myeloid,non_tumor,-0.1392515804144745,1.1513032270119354,-0.44270584503749294,0.37943094968795776,0.6205690503120422,False
CGCATGGTCCGGTATA,core_gfp_plus,core,GFP+,Mac_MHCII,Myeloid,non_tumor,2.1213373333705876,1.6561972176116344,-0.26655762204198286,0.04350405931472778,0.9564959406852722,False
CACTCCATCCACCGTC,core_gfp_plus,core,GFP+,Tumor_proliferating,Tumor,normoxic_stable,-0.7528399868662717,-0.16937296311779848,0.20641969220201198,0.5551493465900421,0.4448506534099579,True
TACCGCCTCTATCAGG,core_gfp_plus,core,GFP+,Neutrophil,Myeloid,non_tumor,0.44185263406329367,0.6224279646864102,-0.4290855617098546,0.315995454788208,0.684004545211792,False
ATTCGCTTCATCGTTC,core_gfp_plus,core,GFP+,Mac_MHCII,Myeloid,non_tumor,0.6051144912032355,4.196257344723733,-0.23121808115511658,0.08019328117370605,0.919806718826294,False
AGCTGGTTCCATGAGC,core_gfp_plus,core,GFP+,Monocyte,Myeloid,non_tumor,1.0039058763182107,0.7719152991276981,-0.3603861136400232,0.03765052556991577,0.9623494744300842,False
TCCAGTTTCAGTTGAT,core_gfp_plus,core,GFP+,Neutrophil,Myeloid,non_tumor,-0.6678157477517613,0.7940317074664603,-0.43957442657166224,0.2862207293510437,0.7137792706489563,False
GGGCTTGTCACCTCTG,core_gfp_plus,core,GFP+,cDC,Myeloid,non_tumor,-0.4598352993948969,0.7704611166411471,-0.35789862117797844,0.3158215284347534,0.6841784715652466,False
TCTACGTTCTAGTGCA,core_gfp_plus,core,GFP+,Neutrophil,Myeloid,non_tumor,-0.28536781311282466,0.25246691960213913,-0.43644773271976245,0.3406909108161926,0.6593090891838074,False
GCAAGCTTCTAAGTGT,core_gfp_plus,core,GFP+,Tumor_proliferating,Tumor,normoxic_stable,-0.8568694769150198,0.19579221338673147,-0.25774958247213087,0.6118628680706024,0.3881371319293976,True
TAGCCAATCGTTCCAT,core_gfp_plus,core,GFP+,Neutrophil,Myeloid,non_tumor,0.5677334403700276,1.700547222827094,-0.4189083806338433,0.2983468174934387,0.7016531825065613,False
TACTTGCTCGTACCAA,core_gfp_plus,core,GFP+,Neutrophil,Myeloid,non_tumor,-0.23611481436246534,0.8557303739833736,-0.4344031127536142,0.36623769998550415,0.6337623000144958,False
CCCAAGGTCTATGCCT,core_gfp_plus,core,GFP+,Tumor_proliferating,Tumor,entering_hypoxia,-0.14795168014758192,1.411783049519816,0.576348089837215,0.6270479559898376,0.37295204401016235,True
GCGGCTATCCATCCAT,core_gfp_plus,core,GFP+,Tumor_proliferating,Tumor,transitional,-0.47562491992139294,0.37884202578608733,-0.2620468733248034,0.5949671268463135,0.4050328731536865,True
AACCAATTCGATAGTT,core_gfp_plus,core,GFP+,Mac_MHCII,Myeloid,non_tumor,-0.18578630487850828,0.9808475406346671,0.1586423980654365,0.1724875569343567,0.8275124430656433,False
ATCGTAGTCGATTAGT,core_gfp_plus,core,GFP+,Mac_MHCII,Myeloid,non_tumor,0.9854930277093712,0.9126817814219971,-0.2176679174040012,0.14691191911697388,0.8530880808830261,False
AAATGGATCCCGTACC,core_gfp_plus,core,GFP+,Neutrophil,Myeloid,non_tumor,-0.8742863628650215,0.015763195067606074,-0.4371086312301925,0.3251333236694336,0.6748666763305664,False
TCTCGGCTCAGCGGTT,core_gfp_plus,core,GFP+,Mac_MHCII,Myeloid,non_tumor,0.22104422505459048,0.8604883353728771,-0.24932435604616746,0.015538573265075684,0.9844614267349243,False
ACCAACATCCGCCTTA,core_gfp_plus,core,GFP+,Neutrophil,Myeloid,non_tumor,-0.4852097747976142,0.05729914213668704,-0.4021521346552174,0.2948669195175171,0.7051330804824829,False
TCAGCAATCACCATTC,core_gfp_plus,core,GFP+,cDC,Myeloid,non_tumor,-0.8172261520019848,0.7262414145974407,-0.35687958631118233,0.33381515741348267,0.6661848425865173,False
TCATTGCTCCTTCACG,core_gfp_plus,core,GFP+,Tumor_proliferating,Tumor,normoxic_stable,-1.0431531727303414,0.32263901682748786,-0.28975352498442525,0.6663213670253754,0.33367863297462463,True
AGTGGCTTCAAGTGCC,core_gfp_plus,core,GFP+,Tumor_proliferating,Tumor,entering_hypoxia,-0.7647426532557514,0.7440939615201626,-0.3185835590776823,0.6134804487228394,0.38651955127716064,True
CATCGCCTCCAGCGCA,core_gfp_plus,core,GFP+,Tumor_proliferating,Tumor,entering_hypoxia,-0.6313105845289966,0.6047395396599683,-0.3189992130712079,0.6144481003284454,0.38555189967155457,True
CTTGCATTCTATCCAC,core_gfp_plus,core,GFP+,Neutrophil,Myeloid,non_tumor,-0.05090789513816059,0.09734634081898026,-0.4114151371452945,0.3048914670944214,0.6951085329055786,False
CGCTGCTTCCACCTGC,core_gfp_plus,core,GFP+,Neutrophil,Myeloid,non_tumor,1.1424911044629689,1.745035641601753,-0.4128829307617313,0.27468621730804443,0.7253137826919556,False
CTGGTAATCACCTCAT,core_gfp_plus,core,GFP+,CD8_exhausted,T_cell,non_tumor,-0.3330137411409247,0.8432635718461824,-0.0333414299488742,0.19863128662109375,0.8013687133789062,False
TCCAAAGTCACACTGA,core_gfp_plus,core,GFP+,Neutrophil,Myeloid,non_tumor,-0.2771469864587113,1.924692996588251,-0.4083098820689612,0.2825368642807007,0.7174631357192993,False
CAAAGGGTCAGCGACT,core_gfp_plus,core,GFP+,Tumor_proliferating,Tumor,entering_hypoxia,-0.6890037416567095,1.3750168233571303,1.848642085785397,0.6052047908306122,0.3947952091693878,True
AGGCTTATCGACCTAA,core_gfp_plus,core,GFP+,Mac_Il1b,Myeloid,non_tumor,0.19776346362155053,2.5114049644235723,-0.11667936968810182,0.13591724634170532,0.8640827536582947,False
TCCTTAATCATCGACA,core_gfp_plus,core,GFP+,Mac_MHCII,Myeloid,non_tumor,2.641756043549461,6.42511965211235,-0.3860353981999881,0.05754178762435913,0.9424582123756409,False
CCGCGAATCGTGAGGA,core_gfp_plus,core,GFP+,Neutrophil,Myeloid,non_tumor,-0.07235056908750573,1.4717596036641245,-0.3618248973956118,0.2489708662033081,0.7510291337966919,False
GGCGATTTCATGGTTG,core_gfp_plus,core,GFP+,Mac_C1q,Myeloid,non_tumor,-0.857309491780681,0.563932078445908,0.23470511377752387,0.15182751417160034,0.8481724858283997,False
AACTGCATCCCTGTCA,core_gfp_plus,core,GFP+,cDC,Myeloid,non_tumor,-0.018668419102055755,0.5255028937331094,-0.29439339106183743,0.042285799980163574,0.9577142000198364,False
CTACGCCTCAGCAGAG,core_gfp_plus,core,GFP+,Tumor_proliferating,Tumor,entering_hypoxia,-0.7831679580502368,0.6281288452567446,-0.2978225070843659,0.6329432129859924,0.36705678701400757,True
TAACCCTTCACTGTCT,core_gfp_plus,core,GFP+,Tumor_proliferating,Tumor,transitional,-0.3645888016694914,0.030361216439377475,-0.24665236614198713,0.5773508250713348,0.42264917492866516,True
CCTATGTTCACATGAT,core_gfp_plus,core,GFP+,Tumor_proliferating,Tumor,transitional,-0.46850903813267203,0.1319512192815417,-0.07384481540909497,0.581354409456253,0.41864559054374695,True
TCGTACTTCCTTAACC,core_gfp_plus,core,GFP+,Fibroblast,Stroma,non_tumor,-0.6227114494024352,0.45919936465803207,-0.005521303472572149,0.5711076855659485,0.4288923144340515,False
CCATGCCTCCTTGACT,core_gfp_plus,core,GFP+,Neutrophil,Myeloid,non_tumor,0.2554104313880815,0.4446832365339948,-0.39559801267737266,0.29095691442489624,0.7090430855751038,False
ATCTTGCTCTATGCTC,core_gfp_plus,core,GFP+,Neutrophil,Myeloid,non_tumor,-0.7755105050982737,0.9420959970316714,-0.4498228376662214,0.38231098651885986,0.6176890134811401,False
CCGTACCTCAATCCGA,core_gfp_plus,core,GFP+,Mac_C1q,Myeloid,non_tumor,-0.4359943322173097,2.3649198798937476,-0.06191482706435706,0.1503344178199768,0.8496655821800232,False
GTTATCCTCACCTTCG,core_gfp_plus,core,GFP+,Mac_MHCII,Myeloid,non_tumor,1.2398004422404763,4.156854145591554,-0.22698249993768085,0.07081747055053711,0.9291825294494629,False
TGTATGGTCTTGACTC,core_gfp_plus,core,GFP+,Neutrophil,Myeloid,non_tumor,-0.8636828567968932,0.42396626946804655,-0.4182288733911829,0.33081090450286865,0.6691890954971313,False
ATAAGGATCAGGACGA,core_gfp_plus,core,GFP+,Tumor_proliferating,Tumor,normoxic_stable,-1.038200231823869,0.43367459897242994,-0.29070476628179914,0.623275876045227,0.37672412395477295,True
AACACATTCGACTGAC,core_gfp_plus,core,GFP+,Neutrophil,Myeloid,non_tumor,0.6186199298676544,0.8996765710942612,-0.413749185264277,0.28749221563339233,0.7125077843666077,False
CCGACCTTCATCACGA,core_gfp_plus,core,GFP+,Mac_MHCII,Myeloid,non_tumor,-0.9621879454046196,0.3369126981164328,0.002684060906024819,0.13906317949295044,0.8609368205070496,False
CTTCGCATCCCCAGTC,core_gfp_plus,core,GFP+,Neutrophil,Myeloid,non_tumor,-0.10824980415817663,1.7879755748992794,-0.3656582559287456,0.29842549562454224,0.7015745043754578,False
AGTCAATTCTCACATC,core_gfp_plus,core,GFP+,Mac_C1q,Myeloid,non_tumor,-0.7743152377167195,0.3573177080765981,0.358005499522402,0.154404878616333,0.845595121383667,False
CTTAGGATCTGGCCCT,core_gfp_plus,core,GFP+,DN_T,T_cell,non_tumor,-0.22713091893659268,1.2063600880480672,-0.24578211592911622,0.15707695484161377,0.8429230451583862,False
GGATGGATCACCTCAT,core_gfp_plus,core,GFP+,Tumor_proliferating,Tumor,entering_hypoxia,-0.1996309245266027,0.589695605045075,-0.328888359496207,0.6211651265621185,0.37883487343788147,True
GCAACGTTCATGGCCG,core_gfp_plus,core,GFP+,Mac_MHCII,Myeloid,non_tumor,0.40988462469486514,0.5214481174515634,-0.23717970289195342,0.04710686206817627,0.9528931379318237,False
GCGCCAATCCGCGCTT,core_gfp_plus,core,GFP+,Monocyte,Myeloid,non_tumor,-0.07662993110301493,1.5676660036767671,-0.2321002895419344,0.03527170419692993,0.9647282958030701,False
TGAACCATCACCAGCG,core_gfp_plus,core,GFP+,Mac_MHCII,Myeloid,non_tumor,0.20572040280822,0.8658833312747916,3.053526879433082,0.20246052742004395,0.797539472579956,False
AGGGCAATCCCGCTAC,core_gfp_plus,core,GFP+,Mac_MHCII,Myeloid,non_tumor,-0.23265974171140194,0.7632203140817295,-0.13921538698093122,0.16025179624557495,0.839748203754425,False
TCGGTAATCCTGACGG,core_gfp_plus,core,GFP+,Neutrophil,Myeloid,non_tumor,-0.5782620590102636,0.7402206844192176,-0.42770955464200316,0.3039335608482361,0.6960664391517639,False
CCCTCAATCCTCACTG,core_gfp_plus,core,GFP+,Neutrophil,Myeloid,non_tumor,-0.9679287732927028,1.6125417320095976,-0.36816558392552523,0.25143712759017944,0.7485628724098206,False
ATTAAGCTCCACCTGC,core_gfp_plus,core,GFP+,cDC,Myeloid,non_tumor,1.7385382430233491,6.6267654163046545,-0.29539383505684247,0.04674100875854492,0.9532589912414551,False
TAACTCCTCCGTGCTC,core_gfp_plus,core,GFP+,Neutrophil,Myeloid,non_tumor,0.7843329433797986,0.9270836533022249,-0.31945050373320377,0.28173238039016724,0.7182676196098328,False
ATACTGGTCCAGATGC,core_gfp_plus,core,GFP+,cDC,Myeloid,non_tumor,-0.1403653403958153,1.5273019210626269,0.5450229974401856,0.09204965829849243,0.9079503417015076,False
TACAGGCTCGCATACA,core_gfp_plus,core,GFP+,Neutrophil,Myeloid,non_tumor,-0.0897556051789975,0.6147112485149323,-0.4381429381780619,0.2862158417701721,0.7137841582298279,False
CATGCAATCTGTCACT,core_gfp_plus,core,GFP+,Mac_MHCII,Myeloid,non_tumor,1.083411090842751,0.5387010748733679,-0.37749854851986087,0.03343069553375244,0.9665693044662476,False
TCCTTAATCGTACTAG,core_gfp_plus,core,GFP+,Mac_MHCII,Myeloid,non_tumor,-0.2596441431121016,0.29308600744469643,0.017763417622581445,0.13772523403167725,0.8622747659683228,False
TGATTGGTCACTTCAC,core_gfp_plus,core,GFP+,Neutrophil,Myeloid,non_tumor,-0.6447792623798305,0.8356521830380023,-0.4301243507169935,0.3594968318939209,0.6405031681060791,False
TAAATGCTCAGCCAAC,core_gfp_plus,core,GFP+,Neutrophil,Myeloid,non_tumor,-0.6863609137773461,0.45232941565667983,-0.4159141658344206,0.30414313077926636,0.6958568692207336,False
TCAATGGTCCAGCGCA,core_gfp_plus,core,GFP+,Mac_MHCII,Myeloid,non_tumor,0.39651517721625945,0.23797173245053801,-0.08183961241492564,0.11168253421783447,0.8883174657821655,False
TCCTTCCTCACAGAGG,core_gfp_plus,core,GFP+,Neutrophil,Myeloid,non_tumor,-0.14813322363017556,-0.05062779593746289,-0.4304244625964719,0.3243088126182556,0.6756911873817444,False
AGCTATGTCGAGGTCT,core_gfp_plus,core,GFP+,Fibroblast,Stroma,non_tumor,-0.68174003574722,-0.036366357432032724,-0.11383510341301917,0.9449050650000572,0.05509493499994278,False
GGACTTATCATGTCTC,core_gfp_plus,core,GFP+,Neutrophil,Myeloid,non_tumor,-0.4649682063849041,1.0757087741759326,-0.1720885014893285,0.28955078125,0.71044921875,False
GGGTGAATCCTGATGA,core_gfp_plus,core,GFP+,Neutrophil,Myeloid,non_tumor,0.5602222896137673,1.8531652384889965,-0.4319590503836664,0.2937571406364441,0.7062428593635559,False
GCTCAAATCAGCAACC,core_gfp_plus,core,GFP+,Neutrophil,Myeloid,non_tumor,1.0266855492211908,1.7828158202512552,-0.41712383129770403,0.29646962881088257,0.7035303711891174,False
GGATCTATCGATCGGT,core_gfp_plus,core,GFP+,Mac_MHCII,Myeloid,non_tumor,-1.1768242809522838,-0.017931383032875094,-0.06627251831501697,0.13784199953079224,0.8621580004692078,False
CATGGGTTCACTGTCT,core_gfp_plus,core,GFP+,Tumor_proliferating,Tumor,persistent_hypoxia,0.28891609470647217,0.2938897474509837,0.13045766466528635,0.5653916299343109,0.4346083700656891,True
ATGAAAGTCCTTCAAC,core_gfp_plus,core,GFP+,Tumor_proliferating,Tumor,normoxic_stable,-0.903929050620906,0.42236863116325146,-0.2642529751125578,0.6191489994525909,0.38085100054740906,True
AGGTAAATCCCTCTAG,core_gfp_plus,core,GFP+,Monocyte,Myeloid,non_tumor,0.37624369827525983,0.8645012099185487,-0.265153708083195,0.07047045230865479,0.9295295476913452,False
GCGATGTTCACCTAGA,core_gfp_plus,core,GFP+,Mac_MHCII,Myeloid,non_tumor,-0.31571199133987626,0.4196663046437592,-0.11664275680399859,0.15589874982833862,0.8441012501716614,False
CAGCATATCAATGGAA,core_gfp_plus,core,GFP+,Tumor_proliferating,Tumor,persistent_hypoxia,0.7373375810482954,-0.24517897645657513,-0.12458085530395677,0.5784505009651184,0.4215494990348816,True
GTTGGGTTCCGTATAG,core_gfp_plus,core,GFP+,Tumor_proliferating,Tumor,entering_hypoxia,-0.3890881400191852,1.4759854265129848,0.4810872536128436,0.6207858026027679,0.37921419739723206,True
GGGTAAGTCCGGTAAC,core_gfp_plus,core,GFP+,Neutrophil,Myeloid,non_tumor,0.5284948681614804,0.859228882918391,-0.3665680271761624,0.29856956005096436,0.7014304399490356,False
GCTCTCATCGTGAGAG,core_gfp_plus,core,GFP+,Neutrophil,Myeloid,non_tumor,0.021027300342760985,0.5456236892128846,-0.4459909270712664,0.2726072072982788,0.7273927927017212,False
GGTTGGTTCACAGAGG,core_gfp_plus,core,GFP+,Neutrophil,Myeloid,non_tumor,-0.1628101704218823,-0.09841501918598396,-0.2831902293918154,0.29632866382598877,0.7036713361740112,False
TCACGAATCTGGAAGG,core_gfp_plus,core,GFP+,Neutrophil,Myeloid,non_tumor,1.357808393755689,0.3331264581800118,-0.4174351067888567,0.28293055295944214,0.7170694470405579,False
CGCTACCTCAGGGAAT,core_gfp_plus,core,GFP+,Tumor_proliferating,Tumor,entering_hypoxia,-1.0187932754634057,1.1335014762675126,0.405745208644476,0.562940239906311,0.43705976009368896,True
GCGTGCATCGATGCAC,core_gfp_plus,core,GFP+,Mac_MHCII,Myeloid,non_tumor,1.2763428845077074,1.3210430436439977,-0.3239904847530325,0.04103410243988037,0.9589658975601196,False
ATTACCCTCATATCGG,core_gfp_plus,core,GFP+,Neutrophil,Myeloid,non_tumor,-0.04307798140981516,0.758252791789021,-0.41176458495820656,0.29328668117523193,0.7067133188247681,False
AGCTATGTCAGGGAAT,core_gfp_plus,core,GFP+,Neutrophil,Myeloid,non_tumor,-0.5245850633111587,0.7414323946126472,-0.392365812565033,0.28386610746383667,0.7161338925361633,False
TATCTCATCCCTCAAT,core_gfp_plus,core,GFP+,Mac_MHCII,Myeloid,non_tumor,1.7992204283977493,0.5733218748264103,-0.3536470823969822,0.04543274641036987,0.9545672535896301,False
GTGCGATTCAATGGCC,core_gfp_plus,core,GFP+,Neutrophil,Myeloid,non_tumor,0.11642665281359073,0.3971981671320756,-0.4124790297837488,0.2758658528327942,0.7241341471672058,False
TCTCATATCATGCACA,core_gfp_plus,core,GFP+,Mac_MHCII,Myeloid,non_tumor,0.20900671188329242,0.8271672316124732,-0.356227769193168,0.046003103256225586,0.9539968967437744,False
TCTGCCATCCGCAGTG,core_gfp_plus,core,GFP+,Neutrophil,Myeloid,non_tumor,0.6209044715774394,1.8979816594664962,-0.4221999659863688,0.2876432538032532,0.7123567461967468,False
CTACGGGTCCGGATGT,core_gfp_plus,core,GFP+,Mac_MHCII,Myeloid,non_tumor,2.1293397062939414,0.2840577504710987,-0.24095423162577642,0.055302202701568604,0.9446977972984314,False
TGAGGGATCTAGGCCG,core_gfp_plus,core,GFP+,cDC,Myeloid,non_tumor,-0.9551401087208973,4.220126421695792,0.027389960693471157,0.07359856367111206,0.9264014363288879,False
ACTTGGATCCTGATGA,core_gfp_plus,core,GFP+,Neutrophil,Myeloid,non_tumor,0.6485059918829981,1.7183883287198398,-0.4504456969074058,0.26068806648254395,0.739311933517456,False
TACCCATTCGAGTCTA,core_gfp_plus,core,GFP+,Mac_MHCII,Myeloid,non_tumor,-0.8566544448989173,0.8452646702129081,-0.21169522554607953,0.16221755743026733,0.8377824425697327,False
ACGCGATTCACGTTAG,core_gfp_plus,core,GFP+,Tumor_proliferating,Tumor,normoxic_stable,-0.8498588388201741,0.2565849756505528,-0.07183664924988713,0.5727874934673309,0.42721250653266907,True
GCTTACTTCCGGTTAA,core_gfp_plus,core,GFP+,Mac_MHCII,Myeloid,non_tumor,-0.44278470881497145,0.571294865068669,0.07608996816933548,0.1550120711326599,0.8449879288673401,False
CGAAGGATCACAGGAG,core_gfp_plus,core,GFP+,Neutrophil,Myeloid,non_tumor,-0.09918311124233561,1.2174975711348628,-0.3649706822301217,0.28647929430007935,0.7135207056999207,False
GCCTAAATCACTCGCC,core_gfp_plus,core,GFP+,Neutrophil,Myeloid,non_tumor,0.17562767234329466,0.8121030617007793,-0.42460388821643463,0.2681996822357178,0.7318003177642822,False
TCTCTGGTCCCCAAGG,core_gfp_plus,core,GFP+,Tumor_proliferating,Tumor,entering_deep_hypoxia,0.7696005019554173,1.6205738433413446,0.20512625015195615,0.6268446445465088,0.3731553554534912,True
CACATAGTCCCTGATT,core_gfp_plus,core,GFP+,Monocyte,Myeloid,non_tumor,-0.0034502119827660026,0.6243831868132836,-0.22550727476695917,0.028971433639526367,0.9710285663604736,False
AGCCCCTTCGTACTAG,core_gfp_plus,core,GFP+,Neutrophil,Myeloid,non_tumor,1.6624709549706138,1.0238522010577498,-0.3840978969101349,0.292164146900177,0.707835853099823,False
AGGAGATTCTAAGCAT,core_gfp_plus,core,GFP+,Mac_C1q,Myeloid,non_tumor,1.1145745383973222,0.7354399616338445,0.26574716271032756,0.14883923530578613,0.8511607646942139,False
AAGCAAATCACTCCGC,core_gfp_plus,core,GFP+,Neutrophil,Myeloid,non_tumor,0.16607560781668956,0.5083455845669048,-0.42775504452688445,0.2813917398452759,0.7186082601547241,False
CATATGGTCCCATATC,core_gfp_plus,core,GFP+,Mac_MHCII,Myeloid,non_tumor,-0.397077499196541,0.9522650403099263,2.599152504818048,0.17987799644470215,0.8201220035552979,False
TGACTGATCCCAGACG,core_gfp_plus,core,GFP+,Tumor_proliferating,Tumor,exiting_hypoxia,2.3293444388771527,-0.9824470791482142,3.026644077817529,0.4803580045700073,0.5196419954299927,True
ACTCTGTTCTGTCTAC,core_gfp_plus,core,GFP+,Tumor_proliferating,Tumor,transitional,-0.4277201888034437,0.12708854655636848,-0.2302357267194026,0.5490425527095795,0.45095744729042053,True
ACCCAGGTCTCACTAC,core_gfp_plus,core,GFP+,Mac_C1q,Myeloid,non_tumor,1.0819750371792982,0.5961865239274768,-0.2100366143767294,0.1340951919555664,0.8659048080444336,False
ATCACCTTCACTCTCG,core_gfp_plus,core,GFP+,Mac_MHCII,Myeloid,non_tumor,3.2260532919924696,2.5210430498208645,-0.3725358302630172,0.03632938861846924,0.9636706113815308,False
TGGTCAATCAGCAGTC,core_gfp_plus,core,GFP+,Neutrophil,Myeloid,non_tumor,0.37829188207669284,0.4810232759385224,-0.4130823644718909,0.2839673161506653,0.7160326838493347,False
ATCCCCATCCGGGTTG,core_gfp_plus,core,GFP+,Neutrophil,Myeloid,non_tumor,-0.5491975847357624,-0.08878053400733413,-0.4403372191468443,0.2888941168785095,0.7111058831214905,False
AGTTGCATCACTCCAT,core_gfp_plus,core,GFP+,Neutrophil,Myeloid,non_tumor,-0.9624894876611526,0.7807129530910193,-0.130845048184965,0.29561084508895874,0.7043891549110413,False
GCTCATTTCCAGCATA,core_gfp_plus,core,GFP+,Neutrophil,Myeloid,non_tumor,0.7569509107998363,0.8937807551711155,-0.3044381219286324,0.29198551177978516,0.7080144882202148,False
CCTCAGCTCAGTACGC,core_gfp_plus,core,GFP+,cDC,Myeloid,non_tumor,-0.6445639086668941,1.4304808585374849,-0.17064211063137882,0.07464927434921265,0.9253507256507874,False
TCTAAGGTCCCCTTGA,core_gfp_plus,core,GFP+,Neutrophil,Myeloid,non_tumor,-0.2818603800354071,1.1852491306966282,-0.3002410987521518,0.22806799411773682,0.7719320058822632,False
GGCTTCCTCGTTCAAG,core_gfp_plus,core,GFP+,Monocyte,Myeloid,non_tumor,0.05584479895218884,0.8512358632618056,-0.348953130207693,0.027601778507232666,0.9723982214927673,False
AGAAGGTTCCTTCATA,core_gfp_plus,core,GFP+,Mac_MHCII,Myeloid,non_tumor,0.24009853489464292,0.3352734385500059,0.1791782923387256,0.16024672985076904,0.839753270149231,False
GTATTCCTCTGTGAAT,core_gfp_plus,core,GFP+,Tumor_proliferating,Tumor,persistent_hypoxia,0.2079445952234996,0.25079148596399825,0.2585345805602008,0.53395015001297,0.46604984998703003,True
ACTTTCATCGTTGCCC,core_gfp_plus,core,GFP+,Monocyte,Myeloid,non_tumor,0.11529759158412828,1.086591440615532,-0.32753099996479174,0.051777780055999756,0.9482222199440002,False
CCTTCGATCGATCGGT,core_gfp_plus,core,GFP+,Mac_C1q,Myeloid,non_tumor,0.9822954329155217,2.984596325046212,-0.08632675642924978,0.14013367891311646,0.8598663210868835,False
CAGTAGCTCCCCTGAC,core_gfp_plus,core,GFP+,Tumor_proliferating,Tumor,entering_deep_hypoxia,0.27891240459114935,1.262321624028363,0.7604969211433411,0.6199605166912079,0.3800394833087921,True
CTACCGCTCTATGTGG,core_gfp_plus,core,GFP+,Mac_MHCII,Myeloid,non_tumor,1.1357866279802247,1.8006449050720186,-0.20522034554359841,0.14366263151168823,0.8563373684883118,False
GGCTATATCTATGCTC,core_gfp_plus,core,GFP+,Tumor_proliferating,Tumor,persistent_hypoxia,0.23531232355480905,0.09657144183869054,3.1408691289754875,0.6172687709331512,0.38273122906684875,True
AGGTGCTTCCGTTGGG,core_gfp_plus,core,GFP+,Mac_MHCII,Myeloid,non_tumor,-0.9962711029694868,0.8095785483531757,-0.11928717435475149,0.17059248685836792,0.8294075131416321,False
CACTACTTCAGCACTA,core_gfp_plus,core,GFP+,Mac_MHCII,Myeloid,non_tumor,-0.4151922214551199,0.6190548328817468,-0.20225487310598914,0.16902559995651245,0.8309744000434875,False
TGAGCTATCAGGTAGG,core_gfp_plus,core,GFP+,Monocyte,Myeloid,non_tumor,-0.994997898828781,0.8630953527865374,-0.2405313064221876,0.06875109672546387,0.9312489032745361,False
CAGGCCATCGAACCAC,core_gfp_plus,core,GFP+,Tumor_proliferating,Tumor,entering_hypoxia,-0.4202441623416253,1.2485815905401214,-0.2921568239519687,0.6192032098770142,0.38079679012298584,True
CTACCGCTCCTCAGTT,core_gfp_plus,core,GFP+,Mac_MHCII,Myeloid,non_tumor,2.3678058004112827,3.6257302936255407,-0.25272890004392895,0.045896172523498535,0.9541038274765015,False
GGTTAATTCCGTTAAG,core_gfp_plus,core,GFP+,Treg,T_cell,non_tumor,-0.7269600782582025,0.6985115088030682,-0.34115563686291156,0.27006614208221436,0.7299338579177856,False
GTAGGCTTCCATCTAC,core_gfp_plus,core,GFP+,Neutrophil,Myeloid,non_tumor,-0.583101236640534,2.0477867403611363,-0.4276456728897285,0.30233436822891235,0.6976656317710876,False
AAGTCGCTCCGCACTC,core_gfp_plus,core,GFP+,Mac_C1q,Myeloid,non_tumor,-0.929060299230611,4.18559167075214,-0.10544836251166785,0.14358782768249512,0.8564121723175049,False
ATCCAAGTCCAGCGCA,core_gfp_plus,core,GFP+,Tumor_proliferating,Tumor,persistent_hypoxia,0.2056394900456654,0.40860833046848805,0.43012022772704855,0.6196860373020172,0.3803139626979828,True
CATGGGTTCAGCTAAT,core_gfp_plus,core,GFP+,Mac_MHCII,Myeloid,non_tumor,1.7488432641105647,1.7019985111193776,-0.2716580271608118,0.031252384185791016,0.968747615814209,False
AAATGAGTCCGGTAGT,core_gfp_plus,core,GFP+,Mac_MHCII,Myeloid,non_tumor,-0.4516566000666332,0.9385958272218261,0.16204482412849355,0.16726166009902954,0.8327383399009705,False
CTTCTAATCGAAGCTC,core_gfp_plus,core,GFP+,Neutrophil,Myeloid,non_tumor,-0.2779801208153841,0.964126673627369,-0.2919999891607366,0.27946847677230835,0.7205315232276917,False
CGACTCCTCAAGTGCC,core_gfp_plus,core,GFP+,Neutrophil,Myeloid,non_tumor,-0.01291571753232616,1.3497087726295822,-0.3657026846838757,0.28840696811676025,0.7115930318832397,False
CCGTCTATCACTTCGT,core_gfp_plus,core,GFP+,Mac_MHCII,Myeloid,non_tumor,2.415479110920661,-0.2136610894663557,-0.33678246425722425,0.04399043321609497,0.956009566783905,False
CACCTCATCAATCCAG,core_gfp_plus,core,GFP+,Tumor_proliferating,Tumor,normoxic_stable,-1.1768242809522838,-0.17412441005273346,-0.29762832719771126,0.5308755934238434,0.4691244065761566,True
GGAGTAGTCTGGATGC,core_gfp_plus,core,GFP+,Neutrophil,Myeloid,non_tumor,-1.1768242809522838,1.5084755062785606,-0.3896216838569845,0.28494369983673096,0.715056300163269,False
ACACTGATCTAACCGA,core_gfp_plus,core,GFP+,Mac_MHCII,Myeloid,non_tumor,-1.1768242809522838,0.9254958326421407,-0.2931182621045551,0.24059820175170898,0.759401798248291,False
CCCTGGTTCTAGCGCG,core_gfp_plus,core,GFP+,Tumor_proliferating,Tumor,persistent_hypoxia,1.1214842048981495,0.012402294625218422,-0.1806265419950251,0.5088936388492584,0.4911063611507416,True
CGACTGGTCCTGCATT,core_gfp_plus,core,GFP+,Tumor_proliferating,Tumor,entering_hypoxia,-0.7931031855936477,0.8973819702514937,-0.13981137345638234,0.5680496692657471,0.43195033073425293,True
ATATCCCTCTAATCCC,core_gfp_plus,core,GFP+,Mac_MHCII,Myeloid,non_tumor,0.09375306302772395,0.7832083067077471,1.6408390906354407e-06,0.1537225842475891,0.8462774157524109,False
GGGCTTGTCAGGATGG,core_gfp_plus,core,GFP+,Tumor_proliferating,Tumor,persistent_hypoxia,0.08252272513439707,-0.3733479184431194,0.1266945280945785,0.5770438313484192,0.4229561686515808,True
TAGTCCTTCCATCCCA,core_gfp_plus,core,GFP+,Fibroblast,Stroma,non_tumor,-0.6952257880791854,-0.4034373751706326,-0.20060993861200788,0.5016920864582062,0.4983079135417938,False
CTCCTAGTCCGCTGAG,core_gfp_plus,core,GFP+,Mac_C1q,Myeloid,non_tumor,0.13320497636525822,4.715476866160213,-0.1721698089098098,0.1349995732307434,0.8650004267692566,False
CTTAGCTTCAATCTGG,core_gfp_plus,core,GFP+,Mac_MHCII,Myeloid,non_tumor,1.4323339542668387,-0.2593253908796336,-0.2371639883731706,0.049842655658721924,0.9501573443412781,False
AGAAGGTTCCTCAATC,core_gfp_plus,core,GFP+,Mac_MHCII,Myeloid,non_tumor,-1.1768242809522838,0.5987894127812106,-0.3541307366810261,0.02166062593460083,0.9783393740653992,False
AAGTCGCTCACGCACG,core_gfp_plus,core,GFP+,Mac_C1q,Myeloid,non_tumor,-0.3166854036110214,3.123205709496487,-0.1132236917789519,0.13181406259536743,0.8681859374046326,False
GGAGTGATCCAGGTCG,core_gfp_plus,core,GFP+,Neutrophil,Myeloid,non_tumor,0.41318880265972774,1.8236849638280574,-0.40038632147193115,0.28085190057754517,0.7191480994224548,False
CCTTTGGTCCGGGTCA,core_gfp_plus,core,GFP+,Neutrophil,Myeloid,non_tumor,-0.873690089598625,0.48788269194198974,-0.42043171101488946,0.2941166162490845,0.7058833837509155,False
TGATTCCTCACAGGAG,core_gfp_plus,core,GFP+,Neutrophil,Myeloid,non_tumor,-0.6896279105945238,1.9643847432968278,-0.446836615185899,0.2952005863189697,0.7047994136810303,False
TGGTAGCTCGATGAGG,core_gfp_plus,core,GFP+,Neutrophil,Myeloid,non_tumor,-0.9719193784496699,2.0392343357957077,-0.40612340048926626,0.30085980892181396,0.699140191078186,False
GTCCAAATCACGCAAC,core_gfp_plus,core,GFP+,Tumor_proliferating,Tumor,exiting_hypoxia,0.237205884143225,-1.716499249178506,-0.1436565553993598,0.4251682162284851,0.5748317837715149,True
GCGACATTCGCGCTTC,core_gfp_plus,core,GFP+,Mac_MHCII,Myeloid,non_tumor,1.0206425991785963,1.7276396780620906,-0.30560250264295347,0.035453081130981445,0.9645469188690186,False
CATTCTATCGCTCATT,core_gfp_plus,core,GFP+,Mac_MHCII,Myeloid,non_tumor,4.84900530201311,5.174408284023802,-0.24607613306843876,0.04889273643493652,0.9511072635650635,False
TCTCGGCTCGTGCTAA,core_gfp_plus,core,GFP+,Mac_MHCII,Myeloid,non_tumor,3.389590577654008,8.531448554092417,-0.4082141373153408,0.04583537578582764,0.9541646242141724,False
ATACTCCTCAGGTAGG,core_gfp_plus,core,GFP+,Mac_MHCII,Myeloid,non_tumor,1.3666375038324041,0.663834409726982,-0.24767142362636546,0.03293025493621826,0.9670697450637817,False
AGTATGTTCACAGCCG,core_gfp_plus,core,GFP+,Mac_MHCII,Myeloid,non_tumor,4.092131466826818,4.373409832637363,-0.26456162697254454,0.04363757371902466,0.9563624262809753,False
AACTGCATCGATGATT,core_gfp_plus,core,GFP+,Tumor_proliferating,Tumor,transitional,-0.4300191588242819,0.31832126913411807,-0.3872983895767458,0.6176907122135162,0.38230928778648376,True
CCTAGTTTCATGGTAT,core_gfp_plus,core,GFP+,Mac_MHCII,Myeloid,non_tumor,-0.9122871954420886,0.7906389274689904,-0.2749074271650415,0.03420299291610718,0.9657970070838928,False
CTTGGCCTCCGCCATC,core_gfp_plus,core,GFP+,Tumor_proliferating,Tumor,normoxic_stable,-1.1768242809522838,0.4140332362412794,-0.2940750962042467,0.5817937850952148,0.41820621490478516,True
ACGCGCATCAGGTTGC,core_gfp_plus,core,GFP+,Fibroblast,Stroma,non_tumor,-1.1768242809522838,-0.06653278002541121,0.8196067634326888,0.381746768951416,0.618253231048584,False
GGGTCCATCGCGTAAC,core_gfp_plus,core,GFP+,Tumor_proliferating,Tumor,entering_hypoxia,-0.9698065459281021,0.7027893016894761,-0.30374215271535776,0.5645713210105896,0.4354286789894104,True
ACTTCTATCAGCAGGA,core_gfp_plus,core,GFP+,Mac_MHCII,Myeloid,non_tumor,-0.7946866398667363,0.4292656198170969,-0.06509285641935818,0.13529497385025024,0.8647050261497498,False
GTGGTTATCATGACGC,core_gfp_plus,core,GFP+,cDC,Myeloid,non_tumor,-0.591555094916458,0.664549894550279,-0.3453607713545409,0.3280176520347595,0.6719823479652405,False
AAGCGGATCTGGGCAT,core_gfp_plus,core,GFP+,Tumor_proliferating,Tumor,entering_hypoxia,-0.1582773738719772,0.5533943202583818,0.7637914877495874,0.6580965518951416,0.3419034481048584,True
TAGTCCTTCGACATGC,core_gfp_plus,core,GFP+,Tumor_proliferating,Tumor,entering_deep_hypoxia,0.3057053942329402,0.9668999399033091,0.0037812953670571486,0.6124441027641296,0.38755589723587036,True
ACCTGGGTCACACTGA,core_gfp_plus,core,GFP+,Mac_MHCII,Myeloid,non_tumor,0.7979682783565016,1.2521052106819461,-0.09477007886731735,0.12616747617721558,0.8738325238227844,False
GGACGTTTCCTCGATT,core_gfp_plus,core,GFP+,Mac_MHCII,Myeloid,non_tumor,-0.21655078003763376,0.14271630731354673,-0.17329242148185106,0.08982914686203003,0.91017085313797,False
GCTCAGGTCACACATG,core_gfp_plus,core,GFP+,Tumor_proliferating,Tumor,entering_deep_hypoxia,0.30132564431903813,1.4393116542335724,-0.0029808751914272252,0.5706226527690887,0.42937734723091125,True
CAGTTAGTCTATGGCA,core_gfp_plus,core,GFP+,Neutrophil,Myeloid,non_tumor,-0.8905270621786568,1.6980898559896382,-0.307958823014884,0.28596001863479614,0.7140399813652039,False
CGGCTAGTCTGTCATC,core_gfp_plus,core,GFP+,Mac_C1q,Myeloid,non_tumor,0.9496444857728752,0.754053080159266,-0.18215658392215467,0.13544517755508423,0.8645548224449158,False
CATTTCATCGCGATTA,core_gfp_plus,core,GFP+,Mac_MHCII,Myeloid,non_tumor,0.4123315067068097,3.163177906733324,-0.3104370403064819,0.08850222826004028,0.9114977717399597,False
ATGAGTTTCCGGTGTG,core_gfp_plus,core,GFP+,Mac_MHCII,Myeloid,non_tumor,0.2230768520503839,0.8040827920142225,-0.395178462751645,0.04157918691635132,0.9584208130836487,False
AGTACCATCACTCGTT,core_gfp_plus,core,GFP+,cDC,Myeloid,non_tumor,-1.1768242809522838,0.740006222801865,-0.3767279014350652,0.34335845708847046,0.6566415429115295,False
TCTCTCCTCCTCTCTC,core_gfp_plus,core,GFP+,Mac_MHCII,Myeloid,non_tumor,2.795265216321137,7.696906755236007,-0.40526574639417146,0.06207197904586792,0.9379280209541321,False
TCGTCATTCCCTGTCA,core_gfp_plus,core,GFP+,Mac_MHCII,Myeloid,non_tumor,2.2629739716178308,7.003883607993666,-0.40433644235811034,0.04636681079864502,0.953633189201355,False
CATGGGTTCCTCAGCC,core_gfp_plus,core,GFP+,Mac_C1q,Myeloid,non_tumor,0.057681678519957494,1.0802954371205693,-0.18925711251232927,0.12067455053329468,0.8793254494667053,False
CGCCCATTCGATCCGG,core_gfp_plus,core,GFP+,Mac_MHCII,Myeloid,non_tumor,5.826790409731317,7.392916741327883,-0.3320607466925047,0.04667288064956665,0.9533271193504333,False
AACACATTCTAAGCAT,core_gfp_plus,core,GFP+,Treg,T_cell,non_tumor,-0.32363453862936375,0.6803909309468423,-0.17937004192719314,0.2655004858970642,0.7344995141029358,False
AATCGGCTCTAGCTGA,core_gfp_plus,core,GFP+,Monocyte,Myeloid,non_tumor,1.4621531752990644,5.392635649517719,-0.36896752664354765,0.04183840751647949,0.9581615924835205,False
GCATAGCTCTAATGGT,core_gfp_plus,core,GFP+,Mac_MHCII,Myeloid,non_tumor,0.5691190837292337,0.3372997499556543,2.920009757311611,0.27305930852890015,0.7269406914710999,False
CCGTGCTTCCCTTGCA,core_gfp_plus,core,GFP+,Monocyte,Myeloid,non_tumor,-0.49481239725365234,1.902122265312711,-0.24688111382048752,0.03183835744857788,0.9681616425514221,False
TCATCGTTCATGAACT,core_gfp_plus,core,GFP+,Mac_C1q,Myeloid,non_tumor,-0.3689927491429381,3.3128302126890126,-0.12209858585623941,0.13797760009765625,0.8620223999023438,False
CTGTGCCTCCAACTCT,core_gfp_plus,core,GFP+,Monocyte,Myeloid,non_tumor,0.13117670825105468,1.2958768283137203,-0.3368203630702915,0.03686714172363281,0.9631328582763672,False
CTACTTATCGATAGGG,core_gfp_plus,core,GFP+,CD8_exhausted,T_cell,non_tumor,0.11239562377321072,0.9120271752898323,0.01028491734368824,0.08929836750030518,0.9107016324996948,False
AGTCGGTTCTGGCTAA,core_gfp_plus,core,GFP+,Neutrophil,Myeloid,non_tumor,0.46085898147525484,0.9001294031670204,-0.4002045011172416,0.2519596219062805,0.7480403780937195,False
CACCTATTCATCGAAT,core_gfp_plus,core,GFP+,Mac_MHCII,Myeloid,non_tumor,-0.031198473329907706,1.0280046456720486,-0.13158635541051159,0.11151492595672607,0.8884850740432739,False
AGTGGCTTCTATGAAC,core_gfp_plus,core,GFP+,Mac_MHCII,Myeloid,non_tumor,0.7074123217966368,1.4755963169326773,-0.175621200025221,0.028735041618347168,0.9712649583816528,False
CACCTCATCCTCAACT,core_gfp_plus,core,GFP+,Mac_C1q,Myeloid,non_tumor,0.9872963988578926,5.271997185982958,-0.17832777228924704,0.09808635711669922,0.9019136428833008,False
TCTGTGTTCACCATCT,core_gfp_plus,core,GFP+,Tumor_proliferating,Tumor,entering_hypoxia,-0.8652739910650747,1.4451857521912916,0.640536496888637,0.6108233332633972,0.3891766667366028,True
AGCTAATTCCACCGTC,core_gfp_plus,core,GFP+,Monocyte,Myeloid,non_tumor,0.4973665386481047,0.926982288934481,-0.36130907690741065,0.03359955549240112,0.9664004445075989,False
CAGGTTATCCTCGTTG,core_gfp_plus,core,GFP+,Mac_C1q,Myeloid,non_tumor,1.5259217327682355,3.0259320445439557,-0.06462550854474701,0.14021658897399902,0.859783411026001,False
TCGCATTTCCAATGCA,core_gfp_plus,core,GFP+,Mac_MHCII,Myeloid,non_tumor,0.2688752296864118,1.2829444525346965,-0.26332163750667326,0.05485963821411133,0.9451403617858887,False
GCCTGCTTCGATTACG,core_gfp_plus,core,GFP+,Tumor_proliferating,Tumor,normoxic_stable,-0.7867592794511042,0.15324903715893903,3.394188724551062,0.5597503185272217,0.4402496814727783,True
TGCTCCATCTATGCAG,core_gfp_plus,core,GFP+,Mac_MHCII,Myeloid,non_tumor,-0.4337079521575335,0.9098779798969574,-0.05909571805744802,0.1667068600654602,0.8332931399345398,False
GTCTCCATCGATCCAA,core_gfp_plus,core,GFP+,CD8_exhausted,T_cell,non_tumor,-0.9198722562834604,0.6253370766608518,-0.2040457639727944,0.12352490425109863,0.8764750957489014,False
ATCTGGATCTTGATGG,core_gfp_plus,core,GFP+,Mac_MHCII,Myeloid,non_tumor,0.6916197678705186,0.237584477993306,-0.25060576946964563,0.06082141399383545,0.9391785860061646,False
TCTCGGCTCTGGCTAA,core_gfp_plus,core,GFP+,Tumor_proliferating,Tumor,entering_hypoxia,-1.1768242809522838,0.6552208537556461,0.5978769963669152,0.7277929782867432,0.27220702171325684,True
TATAGGTTCAGGACGA,core_gfp_plus,core,GFP+,Fibroblast,Stroma,non_tumor,-0.9252845741645441,-0.012339456897470411,0.020504351407298418,0.7061899602413177,0.29381003975868225,False
TCCTATATCCTGTGCC,core_gfp_plus,core,GFP+,Tumor_proliferating,Tumor,entering_deep_hypoxia,0.5156248940118213,0.6658906592514571,1.0257664644927922,0.6205422580242157,0.3794577419757843,True
GTATGGCTCGTTAGCA,core_gfp_plus,core,GFP+,Mac_C1q,Myeloid,non_tumor,0.027250300218192497,1.485098647565455,-0.102955802484633,0.15052342414855957,0.8494765758514404,False
CTTAGGATCAGTGCCG,core_gfp_plus,core,GFP+,Monocyte,Myeloid,non_tumor,-0.07056740203452513,0.9239038563075858,-0.3708760090192054,0.03291207551956177,0.9670879244804382,False
TACCGCCTCACTTCAC,core_gfp_plus,core,GFP+,Mac_MHCII,Myeloid,non_tumor,-0.946212616476839,0.6346122566361843,-0.3556953887604627,0.034426867961883545,0.9655731320381165,False
AACGATTTCGCTGGAT,core_gfp_plus,core,GFP+,Mac_MHCII,Myeloid,non_tumor,-0.9378856975504102,0.40000785539036354,-0.2288494152030847,0.16112565994262695,0.838874340057373,False
TGACTGATCTATCGCT,core_gfp_plus,core,GFP+,Tumor_proliferating,Tumor,exiting_hypoxia,-0.0867732072556212,-1.487110639189627,-0.2118127625578499,0.5069815218448639,0.4930184781551361,True
TATCAGGTCGTGAGAG,core_gfp_plus,core,GFP+,Neutrophil,Myeloid,non_tumor,-0.7754701727519901,0.3393952126912233,-0.1316938763895303,0.3011019825935364,0.6988980174064636,False
CACTACTTCCCTCTAG,core_gfp_plus,core,GFP+,Mac_MHCII,Myeloid,non_tumor,-0.9229486476270687,0.36391099020563633,-0.25356865158427516,0.14872002601623535,0.8512799739837646,False
AATGACTTCTGGTAGC,core_gfp_plus,core,GFP+,Mac_MHCII,Myeloid,non_tumor,-0.5044798154452291,6.775684801651569,-0.2716938778295524,0.08683639764785767,0.9131636023521423,False
TCAATGGTCCGGATAC,core_gfp_plus,core,GFP+,Tumor_proliferating,Tumor,entering_hypoxia,-0.09798285428092378,1.1224228308702893,0.5223020692992358,0.6920008361339569,0.3079991638660431,True
ATGGACCTCCGGTAAC,core_gfp_plus,core,GFP+,Tumor_proliferating,Tumor,transitional,-0.03098941992740952,0.1753176302954688,4.648674576019703,0.5445421636104584,0.4554578363895416,True
CCGAATATCCATGCGG,core_gfp_plus,core,GFP+,Mac_MHCII,Myeloid,non_tumor,-0.7588424168057525,0.36129849652585067,3.1573159416832417,0.2364148497581482,0.7635851502418518,False
TGGGGTTTCCATTCGT,core_gfp_plus,core,GFP+,cDC,Myeloid,non_tumor,0.5131467041112094,1.0326874562681392,-0.30657092650583134,0.024971365928649902,0.9750286340713501,False
ACATGGCTCTATGCTC,core_gfp_plus,core,GFP+,Mac_MHCII,Myeloid,non_tumor,0.1361782325637184,0.7338082097447499,-0.18490466336526193,0.07027548551559448,0.9297245144844055,False
CGACCGATCTAATGGT,core_gfp_plus,core,GFP+,Mac_MHCII,Myeloid,non_tumor,1.7748101265737504,3.571907964074824,-0.2803909139855323,0.04449981451034546,0.9555001854896545,False
AGGGCAATCACACCTT,core_gfp_plus,core,GFP+,Mac_MHCII,Myeloid,non_tumor,-0.18092324345527794,3.159967288697056,-0.28080873579291127,0.029099583625793457,0.9709004163742065,False
AGTACCATCTAGTGAT,core_gfp_plus,core,GFP+,Neutrophil,Myeloid,non_tumor,-0.7507373355194749,0.13454474805939995,-0.3995335429874796,0.22356033325195312,0.7764396667480469,False
GTTCGAATCATCGTAG,core_gfp_plus,core,GFP+,Mac_Il1b,Myeloid,non_tumor,0.9964162649705656,4.443616572921701,-0.3183110153554825,0.039925992488861084,0.9600740075111389,False
CGATGGTTCATAGAGA,core_gfp_plus,core,GFP+,Tumor_proliferating,Tumor,entering_deep_hypoxia,0.6461206044561211,0.889676480547632,0.8060038011002363,0.6437437832355499,0.3562562167644501,True
TCTATGCTCAGCGAGA,core_gfp_plus,core,GFP+,Mac_MHCII,Myeloid,non_tumor,-0.7068799625907247,0.6165180911361583,-0.3622547866332343,0.02773106098175049,0.9722689390182495,False
TCACGGGTCAGTACCA,core_gfp_plus,core,GFP+,Mac_MHCII,Myeloid,non_tumor,-1.1768242809522838,1.3121786720336925,-0.25753079238779364,0.0614510178565979,0.9385489821434021,False
TCCATTATCAATGTGT,core_gfp_plus,core,GFP+,Mac_C1q,Myeloid,non_tumor,-0.8069386854631759,0.6611472837431586,-0.1935022105320529,0.14560848474502563,0.8543915152549744,False
ACACCAATCACTCCAT,core_gfp_plus,core,GFP+,Mac_C1q,Myeloid,non_tumor,-0.8776244610259847,3.9473724705622892,-0.0995812524640082,0.10834240913391113,0.8916575908660889,False
ACCAAGCTCAGCCAAC,core_gfp_plus,core,GFP+,Mac_MHCII,Myeloid,non_tumor,0.3368907378915709,2.3019413631998358,-0.29250593971695904,0.03414040803909302,0.965859591960907,False
CACCAAATCGATCCGG,core_gfp_plus,core,GFP+,Tumor_proliferating,Tumor,persistent_hypoxia,1.321056881488413,-0.3057266255055213,1.729518869691334,0.5592986643314362,0.44070133566856384,True
TGAATGTTCACGGAGA,core_gfp_plus,core,GFP+,cDC,Myeloid,non_tumor,0.1241615264524537,2.8161963611599106,-0.14396888133283342,0.04440730810165405,0.955592691898346,False
AATCTGGTCGAATCAT,core_gfp_plus,core,GFP+,Mac_MHCII,Myeloid,non_tumor,-1.1768242809522838,0.21811403105192423,1.880933991155781,0.28388017416000366,0.7161198258399963,False
CGTCGCTTCTGGGACT,core_gfp_plus,core,GFP+,Mac_MHCII,Myeloid,non_tumor,-0.8828085302764533,0.7315206449083005,-0.2413999060773126,0.11157417297363281,0.8884258270263672,False
TCAACCTTCGTAATCG,core_gfp_plus,core,GFP+,Mac_MHCII,Myeloid,non_tumor,-1.1768242809522838,0.7065309501446518,0.0626204098272691,0.06502747535705566,0.9349725246429443,False
TATCTCATCGATATGT,core_gfp_plus,core,GFP+,Treg,T_cell,non_tumor,-1.1768242809522838,0.7273954410823598,-0.34128774800567907,0.24415826797485352,0.7558417320251465,False
GCAAAGGTCGTACACA,core_gfp_plus,core,GFP+,CD8_T,T_cell,non_tumor,-0.77606530149437,0.9758744836618628,-0.005252087909325457,0.09777635335922241,0.9022236466407776,False
ATGGGGATCTGTGATG,core_gfp_plus,core,GFP+,CD8_exhausted,T_cell,non_tumor,0.586716446776545,0.7620085970006826,-0.2450343788674017,0.07671999931335449,0.9232800006866455,False
TAATCCCTCAAGTATC,core_gfp_plus,core,GFP+,Tumor_proliferating,Tumor,entering_hypoxia,-0.6950043819223897,0.9726162583269651,0.2046193116141417,0.49740517139434814,0.5025948286056519,True
TGGACGTTCTAGTCTC,core_gfp_plus,core,GFP+,Tumor_proliferating,Tumor,entering_hypoxia,-0.6639029104194129,1.1580555846805127,0.503260707003391,0.655229926109314,0.34477007389068604,True
TAGTTCCTCCTTCGCA,core_gfp_plus,core,GFP+,Tumor_proliferating,Tumor,exiting_hypoxia,0.3414605758371528,-0.7230791275065699,1.3739411334762903,0.5712688267230988,0.42873117327690125,True
CAGTCCCTCATACTGG,core_gfp_plus,core,GFP+,Tumor_proliferating,Tumor,exiting_hypoxia,1.1570286675986887,-2.706444886622384,-0.33716455571419013,0.4866175651550293,0.5133824348449707,True
ACGAAGGTCACTCCAT,core_gfp_plus,core,GFP+,Mac_MHCII,Myeloid,non_tumor,-0.8242311600383695,0.7295378656857788,2.7390687186685194,0.1692710518836975,0.8307289481163025,False
ATGGGGATCCGGGTCA,core_gfp_plus,core,GFP+,Mac_MHCII,Myeloid,non_tumor,-0.13532518478465003,1.1813102858320645,-0.23495023461985337,0.03727078437805176,0.9627292156219482,False
TGCAGGTTCAGGCACT,core_gfp_plus,core,GFP+,Mac_MHCII,Myeloid,non_tumor,-0.7649481245291393,-0.4336277202901147,-0.29772340268006775,0.04403388500213623,0.9559661149978638,False
CCGTCGTTCCAGCCGA,core_gfp_plus,core,GFP+,Mac_C1q,Myeloid,non_tumor,-0.7051273545779944,0.350773012072525,0.9763636801672015,0.13753914833068848,0.8624608516693115,False
ACGGCCATCTCATTCA,core_gfp_plus,core,GFP+,Mac_MHCII,Myeloid,non_tumor,-1.1768242809522838,1.364227241322944,-0.050666500069375765,0.09246605634689331,0.9075339436531067,False
GGGGTAATCGCTAGGT,core_gfp_plus,core,GFP+,Monocyte,Myeloid,non_tumor,1.0821940123870708,2.878489846325696,-0.30212599947383983,0.03722274303436279,0.9627772569656372,False
GCTGGATTCCCGCACT,core_gfp_plus,core,GFP+,Mac_MHCII,Myeloid,non_tumor,-0.2662727422553402,0.2108887685266836,0.8060949395639554,0.15672463178634644,0.8432753682136536,False
CTTCTCCTCACCAGCG,core_gfp_plus,core,GFP+,Monocyte,Myeloid,non_tumor,-0.39486717057703774,0.5019986988420182,-0.24018692813538775,0.031238257884979248,0.9687617421150208,False
AACCAGCTCACCAGAC,core_gfp_plus,core,GFP+,Mac_MHCII,Myeloid,non_tumor,-1.1768242809522838,0.4712433124232946,0.1054149626649042,0.07452857494354248,0.9254714250564575,False
ATGCGGTTCATAGGAA,core_gfp_plus,core,GFP+,Mac_MHCII,Myeloid,non_tumor,-1.1768242809522838,0.6869618934465597,-0.39018273233395984,0.03135460615158081,0.9686453938484192,False
AGACTGCTCAAGTTAC,core_gfp_plus,core,GFP+,Mac_MHCII,Myeloid,non_tumor,0.8879855394966172,0.31616734186090684,1.827014341085177,0.15399104356765747,0.8460089564323425,False
CACGGTTAGCGGTGAA,core_gfp_minus,core,GFP-,Monocyte,Myeloid,non_tumor,-0.4261433529993503,0.8006573303593912,-0.24486617308308528,0.060622215270996094,0.9393777847290039,False
TACGCTAAGAATCACT,core_gfp_minus,core,GFP-,Monocyte,Myeloid,non_tumor,-0.4111634292044897,0.5850729024244486,-0.16134599269547806,0.07878506183624268,0.9212149381637573,False
CGGTGTTAGTTAGAGA,core_gfp_minus,core,GFP-,Treg,T_cell,non_tumor,0.6583052938803371,0.7101189691603935,-0.31478385938673054,0.09352487325668335,0.9064751267433167,False
TCAGATTAGTATGATC,core_gfp_minus,core,GFP-,cDC,Myeloid,non_tumor,0.9640690128862376,1.1713215605516198,0.3455880665822387,0.08650869131088257,0.9134913086891174,False
CGTTTGAAGCGATGTC,core_gfp_minus,core,GFP-,Mac_MHCII,Myeloid,non_tumor,1.581953116473535,0.2602822824967803,-0.29784264387912623,0.030883193016052246,0.9691168069839478,False
CCGGTTGAGGATGCGA,core_gfp_minus,core,GFP-,Monocyte,Myeloid,non_tumor,-0.44112590642041644,0.958107157665113,-0.2755030092284874,0.047559261322021484,0.9524407386779785,False
TCCAGTAAGTGCTGTA,core_gfp_minus,core,GFP-,NK,NK,non_tumor,-0.4167210311452655,0.7331342544644327,0.1152504497967609,0.11421525478363037,0.8857847452163696,False
CTGTAATAGCAATCGC,core_gfp_minus,core,GFP-,cDC,Myeloid,non_tumor,-0.2963019730372811,0.8108618507958202,-0.34418518481510896,0.3316119313240051,0.6683880686759949,False
GCATGTCAGGTGGAGC,core_gfp_minus,core,GFP-,NK,NK,non_tumor,-0.14865444315072537,0.8435726377219893,0.06354815076577348,0.11667013168334961,0.8833298683166504,False
ACAGTTTAGGGGACTA,core_gfp_minus,core,GFP-,Tumor_proliferating,Tumor,exiting_hypoxia,-0.36201089264893804,-0.8222211519658814,0.30153900725399735,0.5112273395061493,0.4887726604938507,True
TACAGCCAGATTCAAC,core_gfp_minus,core,GFP-,Mac_MHCII,Myeloid,non_tumor,-0.8182055660784707,0.9365829820672232,-0.16359641306762748,0.06306266784667969,0.9369373321533203,False
GTTGGTCAGTTAGTCG,core_gfp_minus,core,GFP-,Treg,T_cell,non_tumor,0.5372536607452303,0.798077602034596,-0.15352740139219526,0.17901241779327393,0.8209875822067261,False
CTATGCAAGTTAGTCG,core_gfp_minus,core,GFP-,cDC,Myeloid,non_tumor,-0.819914809280103,0.8473991914933272,-0.36060552210720104,0.3185105323791504,0.6814894676208496,False
CCTAGTAAGCATGGCT,core_gfp_minus,core,GFP-,Neutrophil,Myeloid,non_tumor,1.4123119893589164,0.4350112005884094,-0.35362101664651485,0.21341413259506226,0.7865858674049377,False
GCGCTCAAGGGTGAAT,core_gfp_minus,core,GFP-,Tumor_proliferating,Tumor,exiting_hypoxia,-0.4133529767560569,-0.5275454611474197,2.9637082578531704,0.5589899122714996,0.44101008772850037,True
GCGGGATAGATAGAGC,core_gfp_minus,core,GFP-,Tumor_proliferating,Tumor,exiting_hypoxia,0.8868954877917616,-0.8787620146870093,4.3732352408160775,0.5526804327964783,0.44731956720352173,True
CCGACCAAGTAAGCAA,core_gfp_minus,core,GFP-,cDC,Myeloid,non_tumor,-0.617251248815473,0.9299125976822379,-0.3391639019943811,0.3082001209259033,0.6917998790740967,False
GCATCTAAGGATCCGT,core_gfp_minus,core,GFP-,cDC,Myeloid,non_tumor,-0.7398689093126746,0.7269386740004414,-0.3577237949892997,0.3394913673400879,0.6605086326599121,False
TGAACCCAGGATCACC,core_gfp_minus,core,GFP-,Monocyte,Myeloid,non_tumor,0.13633335969438573,0.7307435481677661,-0.25748233806492293,0.03003329038619995,0.9699667096138,False
TCGAATTAGTTGCTCT,core_gfp_minus,core,GFP-,cDC,Myeloid,non_tumor,-0.09018126838083225,0.7781363037927554,-0.31310337661161824,0.26259803771972656,0.7374019622802734,False
TGGATTTAGGTACCCG,core_gfp_minus,core,GFP-,cDC,Myeloid,non_tumor,-0.5888070303480479,1.3510160771110782,0.5412714733652825,0.08302563428878784,0.9169743657112122,False
GCTATTGAGATTACCG,core_gfp_minus,core,GFP-,Monocyte,Myeloid,non_tumor,-0.6740421126152875,0.6665179100341339,-0.3016219885588351,0.028611302375793457,0.9713886976242065,False
TCTAGTGAGCTATCAG,core_gfp_minus,core,GFP-,Mac_MHCII,Myeloid,non_tumor,1.417062088004104,0.31778114932705787,-0.3191497065515899,0.033625662326812744,0.9663743376731873,False
TACGTCAAGTACCACA,core_gfp_minus,core,GFP-,Mac_MHCII,Myeloid,non_tumor,1.1375273989986003,0.5880708098239209,-0.32568549025542165,0.040866851806640625,0.9591331481933594,False
GTGGGTAAGCCGACCA,core_gfp_minus,core,GFP-,Mac_MHCII,Myeloid,non_tumor,1.6358890999842501,0.22044809672178317,-0.3666667687519903,0.029530763626098633,0.9704692363739014,False
GGTCTTAAGGCGATTC,core_gfp_minus,core,GFP-,cDC,Myeloid,non_tumor,-0.4335980011942353,0.8668488259730075,-0.3621590961154629,0.33549225330352783,0.6645077466964722,False
CCGCTAGAGCTATCCT,core_gfp_minus,core,GFP-,cDC,Myeloid,non_tumor,-0.8249936584254218,0.8709558104816039,-0.32326685588891707,0.30586934089660645,0.6941306591033936,False
GCGTGTTAGGTCCCAG,core_gfp_minus,core,GFP-,cDC,Myeloid,non_tumor,-0.5846992513155529,0.8641901512545035,-0.24665373772462312,0.20590460300445557,0.7940953969955444,False
ACGAGTGAGGGCTCAT,core_gfp_minus,core,GFP-,Tumor_proliferating,Tumor,exiting_hypoxia,0.05092283495272538,-1.0519517616270364,0.09994327558578317,0.5245344340801239,0.4754655659198761,True
CACCATAAGGCAACCT,core_gfp_minus,core,GFP-,cDC,Myeloid,non_tumor,-0.9652044771094731,0.8394345352195506,-0.3578091393972692,0.3254905343055725,0.6745094656944275,False
CACCAACAGTCGAATT,core_gfp_minus,core,GFP-,Mac_MHCII,Myeloid,non_tumor,2.1860164772697255,4.573641928529233,-0.3250939877075883,0.039467573165893555,0.9605324268341064,False
GCGTGAAAGTAGTGAA,core_gfp_minus,core,GFP-,Monocyte,Myeloid,non_tumor,3.3244396762071227,5.265427814871599,-0.40235870967596415,0.03940689563751221,0.9605931043624878,False
CGCTGATAGTGAACTT,core_gfp_minus,core,GFP-,cDC,Myeloid,non_tumor,-0.9910499698801495,0.8324908421552497,-0.3885809628910165,0.3399431109428406,0.6600568890571594,False
TATGGCCAGCCGCGTA,core_gfp_minus,core,GFP-,cDC,Myeloid,non_tumor,-0.46088997016968897,0.7028377828436647,-0.3287738140365152,0.18307387828826904,0.816926121711731,False
ATCGTTGAGAAGCCCT,core_gfp_minus,core,GFP-,Mac_MHCII,Myeloid,non_tumor,0.38962350080442715,0.5759612119051859,-0.3084943997457815,0.028661727905273438,0.9713382720947266,False
CCAACTAAGATTAGCT,core_gfp_minus,core,GFP-,Mac_MHCII,Myeloid,non_tumor,-0.18548516188010533,0.6985426318536423,-0.34568112528923195,0.02703756093978882,0.9729624390602112,False
CCGGTATAGGCTCTGG,core_gfp_minus,core,GFP-,Monocyte,Myeloid,non_tumor,2.0084684590964557,3.6093290115423295,-0.3326489749608855,0.04109460115432739,0.9589053988456726,False
GTCCGATAGGGTCTCG,core_gfp_minus,core,GFP-,cDC,Myeloid,non_tumor,-0.4761440105140159,0.6885005322463663,-0.3736057401659564,0.33041542768478394,0.6695845723152161,False
GCCCTGAAGGATCCGT,core_gfp_minus,core,GFP-,cDC,Myeloid,non_tumor,-1.0043865918359103,0.6170527671099244,-0.3127619844126673,0.3050718307495117,0.6949281692504883,False
CCAGTTAAGGGGTAGC,core_gfp_minus,core,GFP-,Tumor_proliferating,Tumor,exiting_hypoxia,0.4994061902120676,-0.4696190089367274,1.2981960824625418,0.5394406318664551,0.4605593681335449,True
TCCAGGTAGTAGGAAC,core_gfp_minus,core,GFP-,Mac_MHCII,Myeloid,non_tumor,0.722586321859824,1.1721868817424212,-0.36170382924742794,0.028297901153564453,0.9717020988464355,False
CCACATAAGGTCGTTA,core_gfp_minus,core,GFP-,cDC,Myeloid,non_tumor,0.5538957268104093,0.3632377576892206,-0.28340728422052125,0.1804456114768982,0.8195543885231018,False
TCGACTAAGCGAAGGC,core_gfp_minus,core,GFP-,cDC,Myeloid,non_tumor,-0.5450731147810228,0.8564791742992025,-0.3456251639059662,0.3279304504394531,0.6720695495605469,False
CTAAGGGAGGGTGAGC,core_gfp_minus,core,GFP-,cDC,Myeloid,non_tumor,-0.5897796841824761,0.8651693413260246,-0.32020576599514106,0.3143472671508789,0.6856527328491211,False
ACTTAACAGCATCGCG,core_gfp_minus,core,GFP-,Monocyte,Myeloid,non_tumor,-0.7368897218611743,0.7440133453587529,-0.284872212365124,0.06630140542984009,0.9336985945701599,False
TCTCACTAGGGTACTC,core_gfp_minus,core,GFP-,CD8_exhausted,T_cell,non_tumor,-0.4726730266426026,0.9324453569900106,-0.15357887381759802,0.1643635630607605,0.8356364369392395,False
CTCTAGAAGGGTCAAG,core_gfp_minus,core,GFP-,Monocyte,Myeloid,non_tumor,1.777765576436555,4.321998667176311,-0.326149194044486,0.03689390420913696,0.963106095790863,False
ACCCGTGAGGCTTCCC,core_gfp_minus,core,GFP-,Monocyte,Myeloid,non_tumor,1.648968683425378,1.182541688421111,-0.30726761512743084,0.030258476734161377,0.9697415232658386,False
ACCCAACAGCGCTTCC,core_gfp_minus,core,GFP-,NK,NK,non_tumor,-0.45250914345553983,0.8149268479528424,0.08004984420034196,0.11731433868408203,0.882685661315918,False
ATGCCTAAGGATGGAT,core_gfp_minus,core,GFP-,Mac_MHCII,Myeloid,non_tumor,1.7192939151978868,2.3460097091537744,-0.29609020604665653,0.034078121185302734,0.9659218788146973,False
CAACATTAGTGAGACG,core_gfp_minus,core,GFP-,NK,NK,non_tumor,-0.42238657653940054,0.8664385971268767,0.10252060054937982,0.11756187677383423,0.8824381232261658,False
GTAAGGTAGTTGCACA,core_gfp_minus,core,GFP-,Tumor_proliferating,Tumor,persistent_hypoxia,5.461010489822568,-0.42524051758193654,0.09871413277282466,0.47530192136764526,0.5246980786323547,True
CTAACCAAGATTAGTC,core_gfp_minus,core,GFP-,Monocyte,Myeloid,non_tumor,0.0010990976159345066,1.0587962775234336,-0.36119854502479215,0.025102615356445312,0.9748973846435547,False
CTCAGGTAGTGTCAAT,core_gfp_minus,core,GFP-,Mac_MHCII,Myeloid,non_tumor,0.11852928990908895,0.8238787556004151,-0.0697977429439084,0.032045960426330566,0.9679540395736694,False
CATCCGGAGCCCTGCT,core_gfp_minus,core,GFP-,Monocyte,Myeloid,non_tumor,0.718844712120976,0.7726614969703715,-0.3755004588279198,0.04867243766784668,0.9513275623321533,False
TATGACTAGGTAATCT,core_gfp_minus,core,GFP-,Monocyte,Myeloid,non_tumor,2.567564975410398,0.8054163210553629,-0.3521388341665605,0.02838921546936035,0.9716107845306396,False
AGACATAAGAAGGTGT,core_gfp_minus,core,GFP-,Mac_MHCII,Myeloid,non_tumor,0.7598127041349415,0.4037143501438279,-0.26007166351781275,0.02737140655517578,0.9726285934448242,False
AAGTTGAAGCGCTGCA,core_gfp_minus,core,GFP-,NK,NK,non_tumor,-0.37359557868500365,1.0387077567212981,0.10281948160761953,0.13775211572647095,0.862247884273529,False
CGCCTGAAGTTAACGT,core_gfp_minus,core,GFP-,Mac_MHCII,Myeloid,non_tumor,-0.8640007613587908,0.6423875817237147,0.037797893511981005,0.16295307874679565,0.8370469212532043,False
TCCAGGTAGCTTCCTG,core_gfp_minus,core,GFP-,Mac_MHCII,Myeloid,non_tumor,2.4040841526110506,2.444826618891265,-0.24622403583999194,0.030205905437469482,0.9697940945625305,False
TACTGATAGTAGTAAG,core_gfp_minus,core,GFP-,NK,NK,non_tumor,-0.4520585540539897,0.8682371614422874,0.060679807856062154,0.12440186738967896,0.875598132610321,False
GTTAGCCAGAAGCTGG,core_gfp_minus,core,GFP-,Neutrophil,Myeloid,non_tumor,-1.1768242809522838,0.3300731123481152,-0.4282073024115199,0.30611085891723633,0.6938891410827637,False
GTAAGGTAGCGAGTCT,core_gfp_minus,core,GFP-,Mac_MHCII,Myeloid,non_tumor,-0.5055863674663805,1.1092307629699878,-0.23588834272493214,0.031070411205291748,0.9689295887947083,False
ACTGATTAGCATTAAC,core_gfp_minus,core,GFP-,Monocyte,Myeloid,non_tumor,2.224018181218967,2.535771500869868,-0.36382167832108436,0.036474406719207764,0.9635255932807922,False
CTAGGTCAGCATCAAT,core_gfp_minus,core,GFP-,Tumor,Tumor,entering_hypoxia,-1.0635815088650886,2.010308606053838,-0.2930753660137036,0.04457962512969971,0.9554203748703003,True
AGTGGATAGTCGCATA,core_gfp_minus,core,GFP-,cDC,Myeloid,non_tumor,-0.6372994247775818,0.7748876858122755,-0.335070409520354,0.3091040253639221,0.6908959746360779,False
TGATGAAAGCCTGAGT,core_gfp_minus,core,GFP-,cDC,Myeloid,non_tumor,-0.7502996341896095,0.7485260795607503,-0.2637976127849582,0.08190131187438965,0.9180986881256104,False
ACTACCAAGCCAGGTT,core_gfp_minus,core,GFP-,Monocyte,Myeloid,non_tumor,3.0328287818931297,3.3380451131864497,-0.3308725440427696,0.03318268060684204,0.966817319393158,False
ATTCGATAGGTTACAT,core_gfp_minus,core,GFP-,Monocyte,Myeloid,non_tumor,1.0865782260711414,1.3488791345279965,-0.35259241489927856,0.03575092554092407,0.9642490744590759,False
ACTACCAAGCATTGAT,core_gfp_minus,core,GFP-,Tumor_proliferating,Tumor,entering_hypoxia,-0.6617082508335984,0.4659777072146056,0.035011244936652086,0.5627504289150238,0.4372495710849762,True
GGATAACAGCAGGTGA,core_gfp_minus,core,GFP-,Mac_MHCII,Myeloid,non_tumor,0.32036093248928216,7.184170904467248,-0.2643996703642484,0.05843549966812134,0.9415645003318787,False
ACTGAGGAGTCATCAG,core_gfp_minus,core,GFP-,Monocyte,Myeloid,non_tumor,0.10117911776015302,0.855608650603271,-0.37266405503232214,0.035333871841430664,0.9646661281585693,False
AAGGGTTAGCGGTCTG,core_gfp_minus,core,GFP-,Tumor,Tumor,entering_hypoxia,-1.0569176076282398,2.1816341255344125,-0.2895769265487086,0.050016582012176514,0.9499834179878235,True
TGCCGATAGGATGACG,core_gfp_minus,core,GFP-,Monocyte,Myeloid,non_tumor,0.6811110352095172,0.9914988978652441,-0.36783941289793526,0.032160818576812744,0.9678391814231873,False
TGCCGTGAGCTAGGTC,core_gfp_minus,core,GFP-,Mac_MHCII,Myeloid,non_tumor,-0.650911673883164,0.7553231588996193,-0.04145899212336728,0.037203431129455566,0.9627965688705444,False
AGCGATGAGTAGAGAC,core_gfp_minus,core,GFP-,Monocyte,Myeloid,non_tumor,1.5389907108662522,0.5387359181963713,-0.3356297491466802,0.02845931053161621,0.9715406894683838,False
CAAACGGAGATAGGTA,core_gfp_minus,core,GFP-,Mac_MHCII,Myeloid,non_tumor,-0.5643716197788731,0.3965538584238437,0.14516295892483635,0.18316489458084106,0.8168351054191589,False
GGAGATTAGCTATCAG,core_gfp_minus,core,GFP-,Tumor_proliferating,Tumor,reverted_stable,-0.6298204716730474,-0.5702606007476111,0.12823463848788663,0.5310702621936798,0.4689297378063202,True
TCAACTGAGGTAACTT,core_gfp_minus,core,GFP-,Tumor_proliferating,Tumor,exiting_hypoxia,-0.22831930679204537,-0.5631479523361336,4.365610649221041,0.5404040813446045,0.4595959186553955,True
TCCAGTAAGGAATCAA,core_gfp_minus,core,GFP-,Neutrophil,Myeloid,non_tumor,-0.06449746081873158,0.9651861722715128,-0.29235473938918816,0.28932154178619385,0.7106784582138062,False
GCACGTTAGGATGCTC,core_gfp_minus,core,GFP-,CD8_exhausted,T_cell,non_tumor,-0.11587279130620076,0.7706244271063497,0.03477341490238341,0.1958909034729004,0.8041090965270996,False
CAAGGTGAGATTCCGA,core_gfp_minus,core,GFP-,Neutrophil,Myeloid,non_tumor,-0.33484237689629176,1.1377884965559761,-0.4308297884271832,0.37840259075164795,0.621597409248352,False
TGTCCGGAGCCTCTGC,core_gfp_minus,core,GFP-,Fibroblast,Stroma,non_tumor,-0.7374032414204525,0.04953394620598102,0.26880206087726,0.6027885377407074,0.3972114622592926,False
CATGTCAAGCCTGAAC,core_gfp_minus,core,GFP-,Treg,T_cell,non_tumor,0.1695228032986024,0.5476371914810612,-0.283191975456502,0.25060737133026123,0.7493926286697388,False
ACGCCATAGGTTCGAC,core_gfp_minus,core,GFP-,Neutrophil,Myeloid,non_tumor,-0.6939393104955286,0.3933661895800006,-0.428623144182566,0.35797208547592163,0.6420279145240784,False
CGATTATAGTATGGCC,core_gfp_minus,core,GFP-,Treg,T_cell,non_tumor,-0.22113308337679558,0.740965275703337,-0.20601590465181338,0.2724984884262085,0.7275015115737915,False
CAATATCAGTAAGTCT,core_gfp_minus,core,GFP-,Mac_MHCII,Myeloid,non_tumor,0.9433292431953777,0.8616821530184561,-0.3537945442748537,0.018892645835876465,0.9811073541641235,False
GTAGGTGAGGTATCCA,core_gfp_minus,core,GFP-,CD8_exhausted,T_cell,non_tumor,0.020228428191438944,1.094588587905703,0.06858156598857258,0.15084689855575562,0.8491531014442444,False
GTCATCAAGGTATGGG,core_gfp_minus,core,GFP-,CD8_exhausted,T_cell,non_tumor,-0.3110838440943897,1.0418726917197412,-0.17100591857279052,0.15080571174621582,0.8491942882537842,False
CCGTCGAAGTCGATTG,core_gfp_minus,core,GFP-,Tumor_proliferating,Tumor,exiting_hypoxia,0.03617635043031354,-1.1970636950940194,-0.10601225194498838,0.5264109969139099,0.4735890030860901,True
GTCATCAAGGTACTAT,core_gfp_minus,core,GFP-,CD4_T,T_cell,non_tumor,-0.1422529949283435,0.9370043161065928,0.19311258820022575,0.12385034561157227,0.8761496543884277,False
GGGACTAAGTCGAACC,core_gfp_minus,core,GFP-,CD8_exhausted,T_cell,non_tumor,-0.506449156043266,1.0748820210705932,-0.22644234946476033,0.1736547350883484,0.8263452649116516,False
ACTTAACAGTATGTAC,core_gfp_minus,core,GFP-,Tumor_proliferating,Tumor,normoxic_stable,-0.6683735284090099,0.3061540787024143,0.4799207475318333,0.5493541955947876,0.4506458044052124,True
TGGTCTAAGGGTGATG,core_gfp_minus,core,GFP-,Tumor_proliferating,Tumor,reverted_stable,-0.638902258933507,-1.3572640683439612,0.818034934757595,0.33263063430786133,0.6673693656921387,True
GTACATTAGTTAATGC,core_gfp_minus,core,GFP-,cDC,Myeloid,non_tumor,-0.7263574962316762,0.8245738963199936,-0.3066022866449421,0.2875843644142151,0.7124156355857849,False
GTTACCAAGCGCGATT,core_gfp_minus,core,GFP-,Neutrophil,Myeloid,non_tumor,0.11267152059887703,1.0256995304889929,-0.4359782398631586,0.37925565242767334,0.6207443475723267,False
ACCTCTTAGCGCAACT,core_gfp_minus,core,GFP-,Tumor_proliferating,Tumor,exiting_hypoxia,2.3287541019502664,-2.146603466497969,-0.11488686222961857,0.5186454355716705,0.48135456442832947,True
AATCATCAGGTTGACC,core_gfp_minus,core,GFP-,Neutrophil,Myeloid,non_tumor,-0.38840695975628736,0.9515881519508186,-0.4273739266740824,0.3704535961151123,0.6295464038848877,False
CACTACAAGATAGCAA,core_gfp_minus,core,GFP-,Tumor,Tumor,entering_hypoxia,-1.0127565311631932,2.1831005318853265,-0.2411568515760139,0.03880375623703003,0.96119624376297,True
CCAAGTCAGATAGGAC,core_gfp_minus,core,GFP-,Tumor_proliferating,Tumor,entering_hypoxia,-0.8120023250504445,1.1922362541991254,-0.294974971374593,0.5664553046226501,0.43354469537734985,True
AACAGGTAGGCATTCA,core_gfp_minus,core,GFP-,Neutrophil,Myeloid,non_tumor,-0.09045284677655892,1.0312210278594125,-0.4549212708167777,0.295193612575531,0.704806387424469,False
TCAGAGGAGTGACGGA,core_gfp_minus,core,GFP-,Tumor_proliferating,Tumor,exiting_hypoxia,0.11175932960612837,-0.9326052180776888,0.5736776626068663,0.5137664675712585,0.48623353242874146,True
CTGGTTAAGCGATCAC,core_gfp_minus,core,GFP-,CD8_exhausted,T_cell,non_tumor,0.5619103271012866,0.8334997605784146,0.185173673072647,0.1972212791442871,0.8027787208557129,False
TCCTAGAAGAAGCGCA,core_gfp_minus,core,GFP-,Neutrophil,Myeloid,non_tumor,0.3333483463585354,0.4267226905499056,-0.2772861329988752,0.29034578800201416,0.7096542119979858,False
TGTACTGAGTGCCGAT,core_gfp_minus,core,GFP-,Mac_MHCII,Myeloid,non_tumor,0.767639777876816,4.799432644228355,-0.22326783290028093,0.04794973134994507,0.9520502686500549,False
ACCAATTAGGTAACGG,core_gfp_minus,core,GFP-,Mac_MHCII,Myeloid,non_tumor,0.6212992580127904,0.43639030665037803,0.029252049114727223,0.15522634983062744,0.8447736501693726,False
ATAAGTGAGTGAGCAG,core_gfp_minus,core,GFP-,Tumor_proliferating,Tumor,exiting_hypoxia,0.9523396444691163,-1.019536558109213,-0.2259269182602899,0.50690558552742,0.49309441447257996,True
CGCCAATAGTGGCTAC,core_gfp_minus,core,GFP-,Treg,T_cell,non_tumor,0.2981048131769395,0.5078153797902345,-0.11830555330688867,0.25206995010375977,0.7479300498962402,False
GCAATTTAGGCGAGAC,core_gfp_minus,core,GFP-,Neutrophil,Myeloid,non_tumor,0.5029796334581085,0.5325271574482341,-0.4388965919116946,0.3703395128250122,0.6296604871749878,False
ACGCCCAAGCCATCCC,core_gfp_minus,core,GFP-,Neutrophil,Myeloid,non_tumor,-0.6369034130729693,0.8256237148102192,-0.43854569464099163,0.36491185426712036,0.6350881457328796,False
CTCCCACAGTGCCGTG,core_gfp_minus,core,GFP-,Neutrophil,Myeloid,non_tumor,0.022078656595877787,0.44808533539061707,-0.39093025390170283,0.2775415778160095,0.7224584221839905,False
TATGGCCAGTGGCGTT,core_gfp_minus,core,GFP-,Tumor_proliferating,Tumor,exiting_hypoxia,0.6272219077026404,-0.9457693130097473,0.16348556889202875,0.5183290839195251,0.48167091608047485,True
CGCTGCAAGATTCAAC,core_gfp_minus,core,GFP-,Tumor_proliferating,Tumor,exiting_hypoxia,1.3493962446883436,-2.2932362507517596,-0.3289171116730944,0.5213960111141205,0.4786039888858795,True
GGGCAACAGGCTCAGT,core_gfp_minus,core,GFP-,CD8_exhausted,T_cell,non_tumor,-0.2364428964373522,0.7421805545544283,-0.04120399462830017,0.19540297985076904,0.804597020149231,False
TCTGCGGAGATTGACT,core_gfp_minus,core,GFP-,CD8_exhausted,T_cell,non_tumor,-0.3671305232407024,1.0035759620360218,0.1821517959547993,0.16187024116516113,0.8381297588348389,False
CGAAGCAAGCGAAGCA,core_gfp_minus,core,GFP-,Neutrophil,Myeloid,non_tumor,0.3112840405581133,0.5458043388625502,-0.4415594578618736,0.35865020751953125,0.6413497924804688,False
ATGCCACAGCTACCGG,core_gfp_minus,core,GFP-,Tumor_proliferating,Tumor,normoxic_stable,-0.7051651785088999,-0.02716140831166643,-0.07766454945347549,0.45267200469970703,0.547327995300293,True
AGCGACAAGGATTACT,core_gfp_minus,core,GFP-,Neutrophil,Myeloid,non_tumor,-0.503833491596047,0.8562926285003054,-0.43657074220546,0.36863160133361816,0.6313683986663818,False
AAGGCCAAGGTCACAC,core_gfp_minus,core,GFP-,Neutrophil,Myeloid,non_tumor,0.5758557321845349,0.1121680859533945,-0.3770572845330868,0.3035765290260315,0.6964234709739685,False
TGTCCAAAGCGATCCG,core_gfp_minus,core,GFP-,NK,NK,non_tumor,-0.4738845091228454,0.8860240483596282,0.01637285190110715,0.11695486307144165,0.8830451369285583,False
CCAGGTTAGTTACGGC,core_gfp_minus,core,GFP-,CD8_exhausted,T_cell,non_tumor,-0.5230814543485811,0.8902959945307168,-0.04808046805318964,0.21100109815597534,0.7889989018440247,False
TCCAGGTAGTGCCCAG,core_gfp_minus,core,GFP-,Treg,T_cell,non_tumor,-0.17713846431215938,0.36734759602541506,-0.25280908342667074,0.2636375427246094,0.7363624572753906,False
CCACATAAGGCTACTA,core_gfp_minus,core,GFP-,Treg,T_cell,non_tumor,1.0853126745743271,0.7345760182280775,-0.1826984326293273,0.25861698389053345,0.7413830161094666,False
ATTCAGTAGCAGGTCT,core_gfp_minus,core,GFP-,Tumor_proliferating,Tumor,entering_hypoxia,-0.9179592726405956,1.1938392751333233,0.1061021117825689,0.556610107421875,0.443389892578125,True
ACAAGTAAGGTTACAT,core_gfp_minus,core,GFP-,Tumor_proliferating,Tumor,exiting_hypoxia,0.984475986672524,-1.9005415006353328,-0.16681126610083977,0.5414033830165863,0.4585966169834137,True
CTAGTCAAGCTACTCT,core_gfp_minus,core,GFP-,Neutrophil,Myeloid,non_tumor,-0.07440583741824565,0.49464287551326,-0.42209272094308625,0.3418261408805847,0.6581738591194153,False
CAAACCCAGCCTCTGC,core_gfp_minus,core,GFP-,Treg,T_cell,non_tumor,-0.5059079155065428,0.7115935911310861,-0.27326374540473797,0.1694047451019287,0.8305952548980713,False
CCGTGTGAGGTAGATA,core_gfp_minus,core,GFP-,Tumor_proliferating,Tumor,transitional,-0.5002560117583068,0.3520258041138037,1.874316165698376,0.5681319236755371,0.4318680763244629,True
CTTAGCAAGAAGCACG,core_gfp_minus,core,GFP-,Tumor_proliferating,Tumor,normoxic_stable,-0.6920192497454207,-0.36510633883136395,3.662728494672763,0.5730153918266296,0.42698460817337036,True
TGAGGCAAGATAGCCC,core_gfp_minus,core,GFP-,Treg,T_cell,non_tumor,0.4226229772582255,0.64013252129746,-0.1505679990694206,0.2237223982810974,0.7762776017189026,False
CGTACGTAGTTGGACC,core_gfp_minus,core,GFP-,Mac_MHCII,Myeloid,non_tumor,-0.3540930882345186,0.7755958054185799,-0.224130793327566,0.02229994535446167,0.9777000546455383,False
TCAACCAAGTGATCTG,core_gfp_minus,core,GFP-,Treg,T_cell,non_tumor,0.5076293033377586,0.8437740946894395,-0.24693026190051973,0.24862289428710938,0.7513771057128906,False
AATGACAAGGGTTGCT,core_gfp_minus,core,GFP-,Mac_MHCII,Myeloid,non_tumor,-0.3732303828318217,0.7864446228804467,-0.3299403489822423,0.029280424118041992,0.970719575881958,False
ACTAACTAGTCGCAAC,core_gfp_minus,core,GFP-,Neutrophil,Myeloid,non_tumor,-0.7305414522572653,0.3328272432535974,-0.2961975858921283,0.2896607518196106,0.7103392481803894,False
GGCAATGAGTCGCATA,core_gfp_minus,core,GFP-,CD8_exhausted,T_cell,non_tumor,-0.05386717582012035,1.017774081584913,-0.06433165428770056,0.1544637680053711,0.8455362319946289,False
AGGGTCAAGTCAAGTT,core_gfp_minus,core,GFP-,Tumor_proliferating,Tumor,transitional,0.017463460325812346,-0.24504475630116807,1.7929537431778346,0.5558810830116272,0.4441189169883728,True
ACGCGAAAGGCTACCG,core_gfp_minus,core,GFP-,Tumor_proliferating,Tumor,exiting_hypoxia,0.19304673109835818,-2.5876419225564704,-0.31384188063719715,0.5038296580314636,0.4961703419685364,True
GTAAGGTAGTCATGGC,core_gfp_minus,core,GFP-,Tumor_proliferating,Tumor,normoxic_stable,-0.5367456280595371,-0.07632531222179721,-0.2112815356866504,0.5661873519420624,0.4338126480579376,True
TCCCCTAAGCTGGTTA,core_gfp_minus,core,GFP-,Neutrophil,Myeloid,non_tumor,-0.31445705811111785,0.44747846454470636,-0.24989130275477875,0.2874383330345154,0.7125616669654846,False
ATCGAGGAGTAAGGTA,core_gfp_minus,core,GFP-,Neutrophil,Myeloid,non_tumor,-0.5535008348432815,0.6052147166457071,-0.4160293718266203,0.24536067247390747,0.7546393275260925,False
TATGGCCAGCCATAGC,core_gfp_minus,core,GFP-,Treg,T_cell,non_tumor,-0.2292507003797547,0.7262558441558864,-0.23460305176620103,0.19701606035232544,0.8029839396476746,False
GCCTGATAGGTTCGTA,core_gfp_minus,core,GFP-,Neutrophil,Myeloid,non_tumor,-0.640375686741833,-0.11479851273308571,-0.4196583388503643,0.3166143298149109,0.6833856701850891,False
CCCGATGAGCGCTGTG,core_gfp_minus,core,GFP-,NK,NK,non_tumor,-0.2985154127080712,0.7803529951333799,0.10486339977572898,0.10611659288406372,0.8938834071159363,False
TGGTTATAGCTATCGA,core_gfp_minus,core,GFP-,Neutrophil,Myeloid,non_tumor,-0.22858199143993785,0.6201098040944503,-0.3731606760463541,0.30003654956817627,0.6999634504318237,False
AGCCATCAGGCGTACT,core_gfp_minus,core,GFP-,Neutrophil,Myeloid,non_tumor,1.3449625830609022,0.2567510533686182,-0.4270856788594594,0.2956169843673706,0.7043830156326294,False
GGGGTTAAGTATGATC,core_gfp_minus,core,GFP-,Neutrophil,Myeloid,non_tumor,-0.1746192667113118,0.46674216308477673,-0.39653415298355277,0.2988012433052063,0.7011987566947937,False
TGAAATGAGCGAATGG,core_gfp_minus,core,GFP-,Neutrophil,Myeloid,non_tumor,0.14819921301043232,0.6165410094650826,-0.45263905426592305,0.3060060739517212,0.6939939260482788,False
TACGTCAAGGGGTACA,core_gfp_minus,core,GFP-,Mac_MHCII,Myeloid,non_tumor,-0.2058750738855577,1.1225371243421067,-0.33191370901766776,0.02166438102722168,0.9783356189727783,False
GGAATTAAGTCGCTCC,core_gfp_minus,core,GFP-,cDC,Myeloid,non_tumor,0.1437237602187549,0.8832372980468964,-0.3670971920423107,0.33938151597976685,0.6606184840202332,False
CGTTATGAGGATATGA,core_gfp_minus,core,GFP-,Tumor_proliferating,Tumor,exiting_hypoxia,0.29133002735719343,-0.9773606410077499,0.17536572966836075,0.5189929902553558,0.48100700974464417,True
ACAAGCGAGAACGAGT,core_gfp_minus,core,GFP-,Mac_MHCII,Myeloid,non_tumor,0.2642484449566682,-0.19524258955053023,-0.10873778291339602,0.07725793123245239,0.9227420687675476,False
CGATGAGAGGGGCATA,core_gfp_minus,core,GFP-,Neutrophil,Myeloid,non_tumor,0.12972866404271605,0.5478594153996271,-0.4539890197798056,0.2803072929382324,0.7196927070617676,False
GTTCACAAGGTCAACC,core_gfp_minus,core,GFP-,CD8_exhausted,T_cell,non_tumor,-0.2824222700977449,0.4660631789719098,-0.09443507482148494,0.09258592128753662,0.9074140787124634,False
CAAATGAAGGTAACTT,core_gfp_minus,core,GFP-,CD8_exhausted,T_cell,non_tumor,-0.5848943267799184,0.9379244953390717,0.05261312557835671,0.1682600975036621,0.8317399024963379,False
AACCTTGAGCTGGTGT,core_gfp_minus,core,GFP-,Neutrophil,Myeloid,non_tumor,-0.9404051956848709,0.30558568426690613,-0.42455709407773423,0.2976747751235962,0.7023252248764038,False
CAAGGCAAGCATTCGA,core_gfp_minus,core,GFP-,Tumor_proliferating,Tumor,exiting_hypoxia,-0.4859997799822064,-1.5461504836453348,-0.31073867563310614,0.4519311785697937,0.5480688214302063,True
CCTCTTGAGGGTTGAG,core_gfp_minus,core,GFP-,NK,NK,non_tumor,-0.554084149722798,0.7549567076624757,-0.15129380932973763,0.10055375099182129,0.8994462490081787,False
GGCCTCAAGTAGGCGA,core_gfp_minus,core,GFP-,Neutrophil,Myeloid,non_tumor,0.06309145450012695,1.0334349653736687,-0.4378791047868808,0.2868282198905945,0.7131717801094055,False
TCAGATTAGTAGCCGT,core_gfp_minus,core,GFP-,Tumor_proliferating,Tumor,exiting_hypoxia,0.03620957876124386,-0.5083805918523737,5.1658245077964375,0.5585571825504303,0.4414428174495697,True
CAGGACAAGGGCTCAT,core_gfp_minus,core,GFP-,Tumor_proliferating,Tumor,exiting_hypoxia,1.888422237207694,-0.8757440539458947,3.418883663978422,0.5556113421916962,0.44438865780830383,True
TCCAGTAAGGTAGCGA,core_gfp_minus,core,GFP-,Tumor_proliferating,Tumor,transitional,-0.17893533111413595,0.12167388934030057,0.19759721030995742,0.5659968554973602,0.43400314450263977,True
AGGTGTGAGGGGCATA,core_gfp_minus,core,GFP-,Tumor_proliferating,Tumor,exiting_hypoxia,0.9132747913970484,-1.2554616596420707,-0.16199100344476847,0.5021815299987793,0.4978184700012207,True
AGAGACTAGGGTGAAT,core_gfp_minus,core,GFP-,Neutrophil,Myeloid,non_tumor,0.44855021937627837,0.2726999747013441,-0.38008388994611236,0.2965092062950134,0.7034907937049866,False
GGCCTCAAGCGCATGT,core_gfp_minus,core,GFP-,Neutrophil,Myeloid,non_tumor,0.6491950627516864,0.3558329318397924,-0.31003034301932975,0.29004913568496704,0.709950864315033,False
CCTATAGAGCTTCCAT,core_gfp_minus,core,GFP-,Neutrophil,Myeloid,non_tumor,-0.6342447766920394,0.9263634916123455,-0.450591870293589,0.380513072013855,0.619486927986145,False
CATAGTTAGCCTGTCC,core_gfp_minus,core,GFP-,Neutrophil,Myeloid,non_tumor,-0.349374889251868,0.26529207706174207,-0.37761236885188376,0.29890763759613037,0.7010923624038696,False
ATCCGTAAGGTGCAAG,core_gfp_minus,core,GFP-,Neutrophil,Myeloid,non_tumor,-0.4746038313705561,0.5646980127126385,-0.35384135202690953,0.2876068949699402,0.7123931050300598,False
ACCCGATAGTGGCGTT,core_gfp_minus,core,GFP-,Mac_MHCII,Myeloid,non_tumor,-0.33662533273697687,1.153955601217037,0.40387688342123657,0.07901620864868164,0.9209837913513184,False
TGGTATTAGCTAGGGA,core_gfp_minus,core,GFP-,Tumor_proliferating,Tumor,exiting_hypoxia,1.610273075503567,-0.9622157993105969,3.4408428105155293,0.5486654043197632,0.4513345956802368,True
TAAGCAAAGTTAGTGT,core_gfp_minus,core,GFP-,CD8_exhausted,T_cell,non_tumor,-0.7183835259357686,0.8798378735910797,-0.05537861421859996,0.1062544584274292,0.8937455415725708,False
CGTATTGAGAACGATA,core_gfp_minus,core,GFP-,Tumor_proliferating,Tumor,exiting_hypoxia,0.6423886928396308,-2.593913324877053,-0.11672307800800794,0.5136289000511169,0.48637109994888306,True
ACTGTCAAGGGCTCAT,core_gfp_minus,core,GFP-,Tumor_proliferating,Tumor,exiting_hypoxia,0.9198198425258632,-1.0191994394908606,3.786079378259499,0.561910092830658,0.43808990716934204,True
TGCACACAGTAATGCT,core_gfp_minus,core,GFP-,Mac_MHCII,Myeloid,non_tumor,-0.5649923314094981,0.19292144765544217,2.422875079665837,0.22716373205184937,0.7728362679481506,False
TCAGTCAAGCGAATGG,core_gfp_minus,core,GFP-,Neutrophil,Myeloid,non_tumor,-0.3049721604233546,0.3032540306580965,-0.4149850860923091,0.2946178913116455,0.7053821086883545,False
ATGCTCAAGCTGGCAT,core_gfp_minus,core,GFP-,Tumor_proliferating,Tumor,exiting_hypoxia,0.33635625161411226,-0.604549519112703,4.450778054944039,0.5593432784080505,0.44065672159194946,True
TCGATTGAGGTTGCCG,core_gfp_minus,core,GFP-,Tumor_proliferating,Tumor,exiting_hypoxia,-0.06490242515097236,-1.3774086191289518,-0.3099606816645413,0.5353270769119263,0.46467292308807373,True
TGCAATTAGGAACTGG,core_gfp_minus,core,GFP-,Neutrophil,Myeloid,non_tumor,0.06749721346994929,0.1570297180361502,-0.3484481817518609,0.27560633420944214,0.7243936657905579,False
GTGGACAAGGAGGCAC,core_gfp_minus,core,GFP-,Monocyte,Myeloid,non_tumor,0.2635684796781206,3.5232650352724972,-0.34491944589698287,0.03298163414001465,0.9670183658599854,False
CGAATTTAGTAAGTGA,core_gfp_minus,core,GFP-,Tumor_proliferating,Tumor,exiting_hypoxia,0.06327668210856299,-0.5909539298593947,3.231558720022979,0.5478180348873138,0.45218196511268616,True
ACCATATAGTCATTCC,core_gfp_minus,core,GFP-,Neutrophil,Myeloid,non_tumor,-0.7433760769687238,0.6488985612713014,-0.42832361496568,0.3050653338432312,0.6949346661567688,False
ATGCAGGAGGATGTCC,core_gfp_minus,core,GFP-,Tumor_proliferating,Tumor,exiting_hypoxia,0.05900789424636045,-0.47040856668490755,2.852853489306831,0.5533441603183746,0.44665583968162537,True
TCCTAGAAGATTGGCC,core_gfp_minus,core,GFP-,Mac_C1q,Myeloid,non_tumor,0.02203470558725085,0.4331987486567017,0.8283723887369732,0.1669573187828064,0.8330426812171936,False
CAGCACTAGGGGCAGT,core_gfp_minus,core,GFP-,Neutrophil,Myeloid,non_tumor,-0.43528788328642615,0.6916758433096397,-0.3815948496947141,0.28538399934768677,0.7146160006523132,False
TGCTATGAGGATAGCG,core_gfp_minus,core,GFP-,Neutrophil,Myeloid,non_tumor,-0.9833925736194137,0.34772264814303594,-0.41227451605271476,0.28583282232284546,0.7141671776771545,False
GTCGGTTAGTTGGCGT,core_gfp_minus,core,GFP-,Fibroblast,Stroma,non_tumor,-0.2901225031256009,0.3674231521420342,-0.23249112664320534,0.6241842210292816,0.3758157789707184,False
CGTTTGAAGTGACCTA,core_gfp_minus,core,GFP-,Neutrophil,Myeloid,non_tumor,0.19890616992519597,0.28780857985870895,-0.40772132300611225,0.2873731255531311,0.7126268744468689,False
GGTGGTAAGCTATGTG,core_gfp_minus,core,GFP-,Tumor_proliferating,Tumor,normoxic_stable,-0.987356386505175,-0.3292365505455463,-0.019547650645383188,0.5358916223049164,0.4641083776950836,True
GTAATAGAGCTGGTCG,core_gfp_minus,core,GFP-,Tumor_proliferating,Tumor,exiting_hypoxia,0.2751284692211534,-0.7153712477122866,1.5233092808838093,0.5404455363750458,0.4595544636249542,True
CTAAGCCAGTAATGTC,core_gfp_minus,core,GFP-,CD8_exhausted,T_cell,non_tumor,0.9893811914461831,0.9737909669319653,0.01958841345084113,0.17849200963974,0.82150799036026,False
CATGGTCAGATAGACA,core_gfp_minus,core,GFP-,NK,NK,non_tumor,-0.9840196259639318,0.8391610409233055,0.2294634879322667,0.1067512035369873,0.8932487964630127,False
CCGTGATAGGCAAGCA,core_gfp_minus,core,GFP-,Neutrophil,Myeloid,non_tumor,-0.0641918264379578,-0.019526601604338268,-0.40601997187753186,0.3162764310836792,0.6837235689163208,False
CTACAATAGCGATCTA,core_gfp_minus,core,GFP-,Tumor_proliferating,Tumor,exiting_hypoxia,0.1651531576104784,-0.7007451539813375,0.14554646121855092,0.5150721669197083,0.48492783308029175,True
ACCAATTAGCGCTTGG,core_gfp_minus,core,GFP-,Neutrophil,Myeloid,non_tumor,-0.25604806328448976,-0.557974015822335,-0.4121125846724679,0.29525476694107056,0.7047452330589294,False
ACGCCATAGTGGCGAA,core_gfp_minus,core,GFP-,Neutrophil,Myeloid,non_tumor,0.711537296095713,-0.31244661032611476,-0.360584697866175,0.29374921321868896,0.706250786781311,False
GGTACGAAGCCTGTAA,core_gfp_minus,core,GFP-,Tumor_proliferating,Tumor,exiting_hypoxia,0.9608733745856074,-0.5366620279254292,0.004816794663134323,0.5066118538379669,0.4933881461620331,True
GCACGTTAGCAAGTGG,core_gfp_minus,core,GFP-,Mac_MHCII,Myeloid,non_tumor,-0.939927235773866,0.7983009645024731,-0.30624992653066335,0.026280999183654785,0.9737190008163452,False
GCTTACAAGGGCAGGT,core_gfp_minus,core,GFP-,Mac_MHCII,Myeloid,non_tumor,0.07895349154993485,0.3408317646209397,2.779040026976839,0.2231774926185608,0.7768225073814392,False
GCCCCTTAGTGGGTCT,core_gfp_minus,core,GFP-,cDC,Myeloid,non_tumor,-1.1768242809522838,0.77881230678788,-0.27592727461475586,0.3111242651939392,0.6888757348060608,False
AATGGGTAGATAGGGT,core_gfp_minus,core,GFP-,CD8_exhausted,T_cell,non_tumor,-0.5519707947514311,0.9131384122337131,0.0209718031506915,0.19966238737106323,0.8003376126289368,False
AGCGATGAGCTAACTG,core_gfp_minus,core,GFP-,Tumor_proliferating,Tumor,entering_hypoxia,-0.41467896905380763,0.751268171717485,-0.06876524984271579,0.5396295785903931,0.46037042140960693,True
TGGTTATAGGCACTCG,core_gfp_minus,core,GFP-,Mac_MHCII,Myeloid,non_tumor,-0.0364911376706313,0.6829985971043133,-0.2574477060239512,0.026057958602905273,0.9739420413970947,False
TCAGTTGAGCATTAGT,core_gfp_minus,core,GFP-,Neutrophil,Myeloid,non_tumor,-0.13654961971452695,-0.12305882669685399,-0.41214000129791944,0.2976304888725281,0.7023695111274719,False
TGGATTTAGTGAGGTG,core_gfp_minus,core,GFP-,Mac_MHCII,Myeloid,non_tumor,-0.8122212678727648,0.18467516089120453,-0.046939321862392296,0.1238599419593811,0.8761400580406189,False
TCAGTCAAGTTGCAGC,core_gfp_minus,core,GFP-,Neutrophil,Myeloid,non_tumor,0.9171504510614369,-0.06914482191236969,-0.3959367572182498,0.27337998151779175,0.7266200184822083,False
CTTACGAAGCCACTCC,core_gfp_minus,core,GFP-,Mac_MHCII,Myeloid,non_tumor,0.11797292387389029,0.9078678645056544,-0.09261764869797759,0.05638843774795532,0.9436115622520447,False
GTTAGTTAGATAGCCC,core_gfp_minus,core,GFP-,Tumor_proliferating,Tumor,normoxic_stable,-0.9731700678533718,-0.04246485544667492,2.624810616506062,0.5469536483287811,0.45304635167121887,True
CCGGTTGAGGTTCCTT,core_gfp_minus,core,GFP-,Mac_MHCII,Myeloid,non_tumor,2.0163541658477824,7.025211308812664,-0.24658851978192045,0.049926042556762695,0.9500739574432373,False
GGTCACTAGCGCTTGG,core_gfp_minus,core,GFP-,Neutrophil,Myeloid,non_tumor,0.3789034699313424,0.5177436607353681,-0.395504094847538,0.2962251901626587,0.7037748098373413,False
TACGATTAGCCTGCTC,core_gfp_minus,core,GFP-,Neutrophil,Myeloid,non_tumor,0.3518170635607101,0.35627575306581344,-0.3947506789110909,0.2919278144836426,0.7080721855163574,False
CCGGTTGAGAAGCGTG,core_gfp_minus,core,GFP-,Tumor_proliferating,Tumor,transitional,-0.2798011338299574,-0.12632385882862504,-0.32441232038226797,0.5697137415409088,0.4302862584590912,True
CGGACTTAGGGCTATC,core_gfp_minus,core,GFP-,Neutrophil,Myeloid,non_tumor,1.9515306781511994,-0.6431950840802243,-0.4086247210360678,0.2702595591545105,0.7297404408454895,False
CACATATAGCGAACGA,core_gfp_minus,core,GFP-,Mac_C1q,Myeloid,non_tumor,-0.7690547849442689,0.12641383934875716,0.5663268392040355,0.1618759036064148,0.8381240963935852,False
AGCATTTAGTACGGGA,core_gfp_minus,core,GFP-,Mac_C1q,Myeloid,non_tumor,-0.7729567507661368,0.7692699164645489,0.03790494771319975,0.13915926218032837,0.8608407378196716,False
TAAGGGTAGGGGACGT,core_gfp_minus,core,GFP-,Neutrophil,Myeloid,non_tumor,-1.1768242809522838,0.2095806554040314,-0.3963562498876549,0.27507734298706055,0.7249226570129395,False
TATACGTAGCTAGGGA,core_gfp_minus,core,GFP-,Neutrophil,Myeloid,non_tumor,-0.2020340808743503,-0.27797296213912254,-0.4083040352326144,0.2921610474586487,0.7078389525413513,False
CTTGATGAGAACCAGG,core_gfp_minus,core,GFP-,Mac_MHCII,Myeloid,non_tumor,-0.5938221096252352,0.16512878694808458,-0.07913040674311227,0.11781394481658936,0.8821860551834106,False
ATAGCAAAGGATATGA,core_gfp_minus,core,GFP-,Mac_C1q,Myeloid,non_tumor,0.13813350934711022,3.734407919222686,-0.10102035567945665,0.1377657651901245,0.8622342348098755,False
GTCATCAAGGTCGTAC,core_gfp_minus,core,GFP-,Neutrophil,Myeloid,non_tumor,1.1273651570663261,0.5011716281652058,-0.43569358980005984,0.2975078225135803,0.7024921774864197,False
TCAGAGGAGTAGGCAG,core_gfp_minus,core,GFP-,Tumor_proliferating,Tumor,exiting_hypoxia,0.6315226530188535,-2.299681922347118,-0.3408060368175629,0.5328370034694672,0.46716299653053284,True
TCTGCGGAGGGGTTAG,core_gfp_minus,core,GFP-,Fibroblast,Stroma,non_tumor,-0.8014164203892729,-0.039947529284232,-0.18029964897619805,0.7871724963188171,0.21282750368118286,False
GTCATATAGTCAAGGG,core_gfp_minus,core,GFP-,Neutrophil,Myeloid,non_tumor,1.3293909804541078,0.686229136745643,-0.4110732658337359,0.2945803999900818,0.7054196000099182,False
GTATGAAAGCAAGCTC,core_gfp_minus,core,GFP-,Tumor_proliferating,Tumor,exiting_hypoxia,-0.01651378553805988,-1.806314775333039,-0.28323723064265377,0.514500766992569,0.48549923300743103,True
CCATTGAAGCTTACAG,core_gfp_minus,core,GFP-,Tumor_proliferating,Tumor,transitional,-0.029484193287745843,-0.31549476202264404,3.066132131753942,0.4890352487564087,0.5109647512435913,True
TGTGTTGAGTGACCGT,core_gfp_minus,core,GFP-,Neutrophil,Myeloid,non_tumor,-0.7120713098066879,0.5280194897209233,-0.32952127236461287,0.28654760122299194,0.7134523987770081,False
TACCCTTAGCCTGATA,core_gfp_minus,core,GFP-,Mac_C1q,Myeloid,non_tumor,0.3536072654378777,0.3414536727049575,0.5737737880048434,0.13364112377166748,0.8663588762283325,False
ACCATTGAGGGTCCTG,core_gfp_minus,core,GFP-,Mac_MHCII,Myeloid,non_tumor,-0.5342591256851369,0.41516191969439553,3.3759848300706494,0.23647457361221313,0.7635254263877869,False
TCCCTCAAGCATAGCC,core_gfp_minus,core,GFP-,Tumor_proliferating,Tumor,exiting_hypoxia,0.39135553390620637,-1.6036300382939128,-0.07356430482711798,0.5391857028007507,0.46081429719924927,True
CAATCATAGTGATGAA,core_gfp_minus,core,GFP-,CD8_exhausted,T_cell,non_tumor,-0.4115968212768246,1.082195079313714,-0.021420522022919244,0.1539440155029297,0.8460559844970703,False
GGGATTGAGATAGTGA,core_gfp_minus,core,GFP-,Tumor_proliferating,Tumor,persistent_hypoxia,1.0994601496287602,-0.36269468162316765,3.7108951197264988,0.546933650970459,0.453066349029541,True
ATCACATAGTGAGGAT,core_gfp_minus,core,GFP-,Tumor_proliferating,Tumor,exiting_hypoxia,0.029097706920710002,-0.6631277932016164,0.495414517970593,0.5108713507652283,0.48912864923477173,True
TCCAGGTAGGGTGACA,core_gfp_minus,core,GFP-,CD8_exhausted,T_cell,non_tumor,-0.7520090974518091,0.8816771068460357,0.05212248178513566,0.1958143711090088,0.8041856288909912,False
CGAGGGTAGGATGCGA,core_gfp_minus,core,GFP-,Mac_MHCII,Myeloid,non_tumor,0.5638363621427277,0.5041741268155605,-0.18498571422086013,0.04470449686050415,0.9552955031394958,False
CCGGATTAGGGGATTG,core_gfp_minus,core,GFP-,Mac_C1q,Myeloid,non_tumor,-0.7108227870067103,0.36302324110170636,0.2510076170583776,0.1111142635345459,0.8888857364654541,False
TGCCCGAAGTAGCCCG,core_gfp_minus,core,GFP-,cDC,Myeloid,non_tumor,-0.6525295463869404,0.9668571698917177,0.2671085867977962,0.09567511081695557,0.9043248891830444,False
TACAGTTAGTCGCATA,core_gfp_minus,core,GFP-,Mac_C1q,Myeloid,non_tumor,-0.05779991954153316,0.20363728126742828,0.05259672657760643,0.11230510473251343,0.8876948952674866,False
TGACATTAGGTCACGT,core_gfp_minus,core,GFP-,Tumor_proliferating,Tumor,exiting_hypoxia,2.351767472942699,-2.4244032134238247,-0.35515922545972256,0.49893492460250854,0.5010650753974915,True
AGGTAGTAGTGGCTTA,core_gfp_minus,core,GFP-,Tumor_proliferating,Tumor,normoxic_stable,-0.7933525518155893,0.3399778058628093,-0.28121101480753485,0.5299880802631378,0.4700119197368622,True
CTCTAGAAGTGCGGTT,core_gfp_minus,core,GFP-,Mac_MHCII,Myeloid,non_tumor,-0.9594974109879515,0.4838666364504863,2.570581895903165,0.20716428756713867,0.7928357124328613,False
GCCCAATAGGCTCCTC,core_gfp_minus,core,GFP-,Mac_MHCII,Myeloid,non_tumor,-0.8259984683373625,0.034639501834021674,-0.08441354151979849,0.1360430121421814,0.8639569878578186,False
CGGCCTAAGGGCAGGT,core_gfp_minus,core,GFP-,Neutrophil,Myeloid,non_tumor,-0.47590108104918827,0.051468155519953235,-0.4064456680955351,0.3076239228248596,0.6923760771751404,False
CCTATTCAGTCAGTTG,core_gfp_minus,core,GFP-,Mac_MHCII,Myeloid,non_tumor,-0.7517335687824858,-0.08247358460618298,1.3891948368412954,0.18303561210632324,0.8169643878936768,False
TGGCCTGAGCCCTACC,core_gfp_minus,core,GFP-,Fibroblast,Stroma,non_tumor,-0.2976720854343237,0.0950961923101496,-0.20159698122111652,0.8049773573875427,0.19502264261245728,False
GTTCCGGAGTGGCGAA,core_gfp_minus,core,GFP-,Tumor_proliferating,Tumor,entering_hypoxia,-0.7564081461202073,1.074742176499898,0.1321212791903702,0.526108980178833,0.473891019821167,True
ACTACATAGTCGCTGG,core_gfp_minus,core,GFP-,Mac_MHCII,Myeloid,non_tumor,-0.749193543328291,0.4031305194243288,0.7552328177567581,0.13813257217407227,0.8618674278259277,False
AAATGCAAGCCCGTCT,core_gfp_minus,core,GFP-,Tumor_proliferating,Tumor,entering_deep_hypoxia,0.6901265891240224,0.4890706647031351,1.1200688646429744,0.5505953431129456,0.44940465688705444,True
AAAGGTCAGCTAATGT,core_gfp_minus,core,GFP-,Mac_MHCII,Myeloid,non_tumor,-0.4676670505395294,0.5798250606425803,0.2271660425454816,0.19801390171051025,0.8019860982894897,False
CTATCGAAGCGCTACG,core_gfp_minus,core,GFP-,Mac_MHCII,Myeloid,non_tumor,-0.7189722968753981,0.5205542661801752,1.5125313073601394,0.17182213068008423,0.8281778693199158,False
AGGAACTAGGTATCGC,core_gfp_minus,core,GFP-,Tumor_proliferating,Tumor,exiting_hypoxia,0.05552532720792484,-1.3818732794398336,0.15655389173597192,0.5088870227336884,0.49111297726631165,True
AACGGCAAGCGCAATC,core_gfp_minus,core,GFP-,Mac_MHCII,Myeloid,non_tumor,-0.02287638650047543,0.38068355636659273,2.311505232054358,0.20429003238677979,0.7957099676132202,False
CACATATAGTCATCCT,core_gfp_minus,core,GFP-,cDC,Myeloid,non_tumor,-0.8274032148769768,0.8714060029839772,-0.32169294852801794,0.07882237434387207,0.9211776256561279,False
CAAGGTGAGTGACCGT,core_gfp_minus,core,GFP-,cDC,Myeloid,non_tumor,-0.15147198248321855,1.2721016072474076,-0.19704784181551813,0.08808594942092896,0.911914050579071,False
AGCCGAAAGGTAAGTA,core_gfp_minus,core,GFP-,Mac_MHCII,Myeloid,non_tumor,3.067562308506034,9.126817440594502,-0.31439462249837064,0.07081031799316406,0.9291896820068359,False
CTGCGATAGTTGCTGA,core_gfp_minus,core,GFP-,Mac_MHCII,Myeloid,non_tumor,0.8154927234850645,1.2456797855430723,-0.2780803200105873,0.03382766246795654,0.9661723375320435,False
TCTGGTAAGCTAGCGT,core_gfp_minus,core,GFP-,DN_T,T_cell,non_tumor,-0.49548585388570654,1.1906553136585252,-0.0437514491358632,0.13729530572891235,0.8627046942710876,False
AGAAGTCAGTTGCCGG,core_gfp_minus,core,GFP-,Mac_C1q,Myeloid,non_tumor,-0.4413153986964789,0.39533100589635223,0.2668692705404346,0.11764150857925415,0.8823584914207458,False
AGTGCTCAGGCACTTA,core_gfp_minus,core,GFP-,Neutrophil,Myeloid,non_tumor,-0.5793549720630972,0.5113375470807136,-0.2415307165365012,0.2929520606994629,0.7070479393005371,False
TACCAATAGCCATCGG,core_gfp_minus,core,GFP-,DN_T,T_cell,non_tumor,-0.939076322304259,1.173698418465253,-0.3347587974536495,0.05624532699584961,0.9437546730041504,False
ATCCGTAAGCTATGAT,core_gfp_minus,core,GFP-,Tumor_proliferating,Tumor,reverted_stable,-0.6631040371068759,-0.6961613432949684,0.16059350770369676,0.5264486074447632,0.4735513925552368,True
ATGCTTGAGTCAGCAC,core_gfp_minus,core,GFP-,Mac_MHCII,Myeloid,non_tumor,0.2323152194860017,1.6984124174978459,-0.09834659457049862,0.025004327297210693,0.9749956727027893,False
TCAACATAGGCACTTA,core_gfp_minus,core,GFP-,Tumor_proliferating,Tumor,reverted_stable,-0.7247169013977569,-0.7226065121042072,4.48426279215487,0.5323433578014374,0.4676566421985626,True
CAATATCAGGCTACAC,core_gfp_minus,core,GFP-,Mac_MHCII,Myeloid,non_tumor,-0.10669895315646905,0.7706340981930248,-0.3448735107442576,0.03270995616912842,0.9672900438308716,False
CACGCCAAGTATGGTT,core_gfp_minus,core,GFP-,Tumor_proliferating,Tumor,exiting_hypoxia,0.6393956083657962,-1.810151930804066,-0.30356413898427,0.5045310854911804,0.4954689145088196,True
ACTACATAGTGAGTCC,core_gfp_minus,core,GFP-,Tumor_proliferating,Tumor,transitional,-0.3070026080085206,0.3405918505981636,2.416249675700886,0.5883032083511353,0.41169679164886475,True
TGGGCTTAGCAACCAC,core_gfp_minus,core,GFP-,Neutrophil,Myeloid,non_tumor,0.44179927341252845,0.6596573669897794,-0.3999289431178913,0.3030660152435303,0.6969339847564697,False
CTCCATTAGTGGCTAC,core_gfp_minus,core,GFP-,Tumor_proliferating,Tumor,exiting_hypoxia,-0.030635315063071503,-1.2583146391040614,0.1716547936953637,0.5385859608650208,0.46141403913497925,True
AGCGAATAGTAGTCGC,core_gfp_minus,core,GFP-,Monocyte,Myeloid,non_tumor,0.8613616758917718,0.8859105864586302,-0.20492070447245356,0.02724146842956543,0.9727585315704346,False
GGTATGGAGCGATGCT,core_gfp_minus,core,GFP-,Mac_MHCII,Myeloid,non_tumor,-0.5232299361568239,0.5768563284057344,-0.15485040725665217,0.08570843935012817,0.9142915606498718,False
GTTGATTAGGTGAACG,core_gfp_minus,core,GFP-,Fibroblast,Stroma,non_tumor,-0.36257057832368816,0.2028050116164794,-0.1556837946623943,0.44745540618896484,0.5525445938110352,False
ACCACGTAGTAGGTCC,core_gfp_minus,core,GFP-,Fibroblast,Stroma,non_tumor,-0.4982236826229428,0.13378732479533076,0.04740475921106767,0.6080804169178009,0.3919195830821991,False
GTCGGTTAGTGAGCAG,core_gfp_minus,core,GFP-,Tumor_proliferating,Tumor,exiting_hypoxia,-0.27451169352744625,-2.1230460915282943,-0.11470535115654737,0.5308680236339569,0.4691319763660431,True
ATGGAGTAGGGTCACT,core_gfp_minus,core,GFP-,Mac_MHCII,Myeloid,non_tumor,-0.8072416620041364,1.0207697937525064,-0.19721658586291993,0.022259056568145752,0.9777409434318542,False
GGGTTGAAGCGAGGAC,core_gfp_minus,core,GFP-,NK,NK,non_tumor,-0.7422454425096389,0.8515092304422764,0.05261262509739563,0.0803595781326294,0.9196404218673706,False
CCGGTATAGTTACACG,core_gfp_minus,core,GFP-,Tumor_proliferating,Tumor,exiting_hypoxia,0.296547915548381,-0.45794427599970017,4.911874241416849,0.5633534789085388,0.4366465210914612,True
CTGATCAAGTGCCTAA,core_gfp_minus,core,GFP-,cDC,Myeloid,non_tumor,-0.35156109355721954,1.0758622631602828,0.659729037682931,0.10532689094543457,0.8946731090545654,False
CTATCGAAGGTTCGAC,core_gfp_minus,core,GFP-,Mac_MHCII,Myeloid,non_tumor,-0.527034800479556,0.8751113322915485,-0.4091287518918012,0.024660706520080566,0.9753392934799194,False
AGTGAGTAGCCTTGGG,core_gfp_minus,core,GFP-,Mac_MHCII,Myeloid,non_tumor,-0.1254951200224114,0.6005500180421887,-0.26044318243059283,0.028454244136810303,0.9715457558631897,False
CCGATTAAGTGAGTGG,core_gfp_minus,core,GFP-,Mac_MHCII,Myeloid,non_tumor,1.0756944296263025,0.46676079452575936,-0.13179171156819083,0.06752079725265503,0.932479202747345,False
ACCATCAAGTACCAAT,core_gfp_minus,core,GFP-,Mac_MHCII,Myeloid,non_tumor,0.9220200899676242,0.856200494324538,-0.3847997241169783,0.036122262477874756,0.9638777375221252,False
AATGATGAGTCAGTCA,core_gfp_minus,core,GFP-,Neutrophil,Myeloid,non_tumor,-0.015255153496785473,0.40176931942389044,-0.43221206398982837,0.2984951138496399,0.7015048861503601,False
ATATGTCAGGTGCGAA,core_gfp_minus,core,GFP-,Tumor_proliferating,Tumor,reverted_stable,-0.7034245945248961,-0.5216277472217599,0.9959489356608796,0.5082418322563171,0.49175816774368286,True
ACCCATAAGCAATCCA,core_gfp_minus,core,GFP-,Tumor,Tumor,entering_hypoxia,-0.45376948724562305,0.5870722308478735,-0.36587215230292897,0.04618656635284424,0.9538134336471558,True
ACAGCGAAGTCATAGT,core_gfp_minus,core,GFP-,Neutrophil,Myeloid,non_tumor,-1.1768242809522838,0.9458282519973088,-0.4054298037119896,0.2803942561149597,0.7196057438850403,False
TGCACACAGCGCCTGA,core_gfp_minus,core,GFP-,CD8_exhausted,T_cell,non_tumor,-0.8500857199686499,0.946404579137172,-0.30007265608378864,0.12259185314178467,0.8774081468582153,False
GGGATTGAGTTGCCGG,core_gfp_minus,core,GFP-,Mac_MHCII,Myeloid,non_tumor,-0.6153855389224401,0.8977861267474466,0.00822927252839254,0.047321438789367676,0.9526785612106323,False
TACAGCCAGCATGCGT,core_gfp_minus,core,GFP-,Mac_MHCII,Myeloid,non_tumor,-0.4968049181926433,0.6808047572216948,-0.21783669355107374,0.09899818897247314,0.9010018110275269,False
TCCCTTGAGTTGCTGA,core_gfp_minus,core,GFP-,CD8_exhausted,T_cell,non_tumor,-0.46599646745082374,1.1297547774886771,-0.13564389769634747,0.16336750984191895,0.836632490158081,False
GCCCCTTAGAAGCCAG,core_gfp_minus,core,GFP-,Fibroblast,Stroma,non_tumor,-1.1768242809522838,0.11868718059641983,-0.2783684058635601,0.9161535128951073,0.08384648710489273,False
AACCCACAGGGTCCTG,core_gfp_minus,core,GFP-,Mac_MHCII,Myeloid,non_tumor,-0.4677084579271541,0.3265095145568507,-0.1943791109395193,0.03895139694213867,0.9610486030578613,False
AGGAACTAGTGACGAG,core_gfp_minus,core,GFP-,CD8_exhausted,T_cell,non_tumor,-0.7150252595331837,0.9303430024521636,-0.2115873735614912,0.1484614610671997,0.8515385389328003,False
GCTGTTAAGGAGCTGA,core_gfp_minus,core,GFP-,Neutrophil,Myeloid,non_tumor,-1.1768242809522838,0.7945226446285778,-0.37773180029168735,0.2865831255912781,0.7134168744087219,False
AGGAACTAGTTAGCTG,core_gfp_minus,core,GFP-,Mac_MHCII,Myeloid,non_tumor,0.13224979074735382,0.39241865621862415,0.13902076005231864,0.11589962244033813,0.8841003775596619,False
CGCGTCAAGTAGGATA,core_gfp_minus,core,GFP-,CD8_exhausted,T_cell,non_tumor,0.24768161988010046,0.8333838499986544,0.07981587924488055,0.1879669427871704,0.8120330572128296,False
GTAGGCAAGCTATGAT,core_gfp_minus,core,GFP-,Fibroblast,Stroma,non_tumor,-0.7515550921129465,0.25630857085644004,-0.24537431661509443,0.9047050476074219,0.09529495239257812,False
CGGCTCAAGGGCAGGT,core_gfp_minus,core,GFP-,Treg,T_cell,non_tumor,-0.8002670512390423,0.6871544358318432,-0.2834830169746599,0.23770838975906372,0.7622916102409363,False
GCACCATAGGCTACGT,core_gfp_minus,core,GFP-,Neutrophil,Myeloid,non_tumor,-0.43334187019605364,0.6672487103901548,-0.30885952539513245,0.2275770902633667,0.7724229097366333,False
TAACCATAGGTGCTTA,core_gfp_minus,core,GFP-,Tumor_proliferating,Tumor,exiting_hypoxia,3.4077922029619176,-2.7372045130235025,-0.35648906734993663,0.5307846665382385,0.4692153334617615,True
ACAGGTGAGAACCATT,core_gfp_minus,core,GFP-,Tumor_proliferating,Tumor,exiting_hypoxia,1.4375572498516245,-1.0824196676141336,2.3367250136398563,0.5465186536312103,0.4534813463687897,True
TAGTGTTAGCGCTTGG,core_gfp_minus,core,GFP-,Tumor_proliferating,Tumor,transitional,-0.22680054193899818,-0.1520770023881594,0.025892525824508635,0.5524196624755859,0.44758033752441406,True
ATCAGTTAGCCATTGA,core_gfp_minus,core,GFP-,Tumor_proliferating,Tumor,entering_hypoxia,-0.7960063483837073,1.615594770601447,0.7944168807110975,0.6420837044715881,0.35791629552841187,True
TGCCAGTAGTGCTGCG,core_gfp_minus,core,GFP-,Mac_MHCII,Myeloid,non_tumor,0.618269905737912,6.115296603611131,-0.33760509308432063,0.03982996940612793,0.9601700305938721,False
TCATAACAGCCTCTGC,core_gfp_minus,core,GFP-,Tumor_proliferating,Tumor,normoxic_stable,-0.8192913662638696,-0.3725558916475745,3.1205206898461944,0.5279361605644226,0.4720638394355774,True
CGCTAACAGCTTCCTG,core_gfp_minus,core,GFP-,cDC,Myeloid,non_tumor,-0.9057603696458342,0.43511330018751415,-0.3267375809266279,0.2915855050086975,0.7084144949913025,False
ACGACGAAGCGACTTA,core_gfp_minus,core,GFP-,CD8_T,T_cell,non_tumor,-1.1768242809522838,0.873471430258633,-0.3773565547290946,0.024182021617889404,0.9758179783821106,False
GTTACCAAGTGAGCCT,core_gfp_minus,core,GFP-,CD8_exhausted,T_cell,non_tumor,-0.7115136088402321,1.148840198465795,-0.0421842332803705,0.15898370742797852,0.8410162925720215,False
ATGCTTGAGCGCTGAT,core_gfp_minus,core,GFP-,Mac_MHCII,Myeloid,non_tumor,2.961439057339338,1.7483440604920202,-0.2356889763506596,0.05692410469055176,0.9430758953094482,False
GTAACGGAGGATCAGG,core_gfp_minus,core,GFP-,Tumor_proliferating,Tumor,normoxic_stable,-0.8130907603224435,0.434721691186757,0.7169242081017079,0.6699880361557007,0.3300119638442993,True
AGTAATGAGATTAACC,core_gfp_minus,core,GFP-,Mac_MHCII,Myeloid,non_tumor,4.157828333679361,9.761507773872042,-0.37820209252931425,0.044377148151397705,0.9556228518486023,False
TGAGTAAAGATAGTTC,core_gfp_minus,core,GFP-,Mac_MHCII,Myeloid,non_tumor,0.5801595516604208,8.931257204422987,-0.331735907077989,0.055451929569244385,0.9445480704307556,False
GCATTTGAGGCTACAC,core_gfp_minus,core,GFP-,Tumor_proliferating,Tumor,transitional,-0.3983621736926812,-0.10103164264628656,-0.2992564725917678,0.5502588152885437,0.4497411847114563,True
ACTGATTAGGAGGCTA,core_gfp_minus,core,GFP-,Fibroblast,Stroma,non_tumor,-0.78420577747269,0.09772095484177412,0.04383046109215782,0.6359758675098419,0.3640241324901581,False
CAAATTCAGTGTCATG,core_gfp_minus,core,GFP-,Tumor_proliferating,Tumor,exiting_hypoxia,0.5619999417890724,-2.9346036799179185,-0.13083164311826984,0.5109410583972931,0.4890589416027069,True
CAAGGCAAGTCAGCAC,core_gfp_minus,core,GFP-,CD8_exhausted,T_cell,non_tumor,-0.6268091617623214,0.5771931449279569,-0.18896251238831874,0.11185169219970703,0.888148307800293,False
ATCCGTAAGTATGATC,core_gfp_minus,core,GFP-,Tumor_proliferating,Tumor,reverted_stable,-0.7825433994687592,-0.5104380633186415,3.631540347948047,0.5608101487159729,0.4391898512840271,True
ACCATTGAGTTGCACA,core_gfp_minus,core,GFP-,Mac_C1q,Myeloid,non_tumor,-0.7794722454463704,0.4189927831961529,0.1423861134002946,0.13216692209243774,0.8678330779075623,False
TCATGTGAGGAATGTA,core_gfp_minus,core,GFP-,CD8_exhausted,T_cell,non_tumor,-0.5536091350097612,1.0750094650528688,0.08244660469222673,0.19219183921813965,0.8078081607818604,False
TCATAACAGGATCTAT,core_gfp_minus,core,GFP-,Mac_MHCII,Myeloid,non_tumor,0.4101963358356668,-0.3139173567478389,-0.08935532146749404,0.3293209671974182,0.6706790328025818,False
TCGCATAAGTGAGCAG,core_gfp_minus,core,GFP-,CD8_exhausted,T_cell,non_tumor,-0.8090641351667364,1.00927740478633,-0.14672585940606883,0.11167746782302856,0.8883225321769714,False
TCGTCAAAGGTTGCGT,core_gfp_minus,core,GFP-,DN_T,T_cell,non_tumor,-1.1768242809522838,1.173698418465253,-0.3347587974536495,0.05699479579925537,0.9430052042007446,False
GGTTGTCAGGCAAGGC,core_gfp_minus,core,GFP-,Fibroblast,Stroma,non_tumor,-0.2634751067980767,-0.00027711605509818084,0.02319808305086296,0.629142165184021,0.370857834815979,False
TCCTGTTAGCGCCTAG,core_gfp_minus,core,GFP-,Tumor_proliferating,Tumor,entering_hypoxia,-0.7458472874377784,0.5467147643569452,0.5636279157184888,0.7078233361244202,0.29217666387557983,True
GCATTTGAGGTGCTTA,core_gfp_minus,core,GFP-,Tumor_proliferating,Tumor,exiting_hypoxia,0.7815276169863746,-2.6424953266877407,-0.0063197027578046116,0.49848419427871704,0.501515805721283,True
CGTATTGAGAATCCAT,core_gfp_minus,core,GFP-,Tumor_proliferating,Tumor,exiting_hypoxia,0.2668358311585444,-1.328154315240492,2.1104242780683657,0.563758134841919,0.43624186515808105,True
GGGTAATAGGTATGAA,core_gfp_minus,core,GFP-,Fibroblast,Stroma,non_tumor,-0.06254934240292444,0.34317147709084345,0.02331399683657145,0.6983129978179932,0.30168700218200684,False
CACGCCAAGCGGTACT,core_gfp_minus,core,GFP-,cDC,Myeloid,non_tumor,-1.1768242809522838,0.8475262893074398,-0.2761674679391689,0.2396044135093689,0.7603955864906311,False
GTAGTTTAGAAGGAGA,core_gfp_minus,core,GFP-,Treg,T_cell,non_tumor,-0.7762136899588009,0.9304078769204212,-0.2145470508461628,0.15667122602462769,0.8433287739753723,False
TCTCATCAGGTCCATA,core_gfp_minus,core,GFP-,Tumor_proliferating,Tumor,exiting_hypoxia,3.6851003498352943,-2.5856567312728993,-0.34034067616292457,0.484935462474823,0.515064537525177,True
AGCCCATAGTGAAGCG,core_gfp_minus,core,GFP-,Mac_MHCII,Myeloid,non_tumor,-0.8336398777313554,1.200355689185406,-0.22386319206782015,0.037929534912109375,0.9620704650878906,False
CGGATTCAGGTAAGTA,core_gfp_minus,core,GFP-,Neutrophil,Myeloid,non_tumor,-0.2011861085148214,0.5952965900538717,-0.4480049391108708,0.29153650999069214,0.7084634900093079,False
AGGACTGAGCTAACGC,core_gfp_minus,core,GFP-,Tumor_proliferating,Tumor,entering_hypoxia,-0.72570461367985,0.6338894057240443,1.1540557968974976,0.5547299683094025,0.44527003169059753,True
AGCCCATAGCAGTCTA,core_gfp_minus,core,GFP-,Tumor_proliferating,Tumor,exiting_hypoxia,1.458851296466897,-2.1657372236841623,-0.3565666117475172,0.4639427661895752,0.5360572338104248,True
TCATAGTAGTGCCGTG,core_gfp_minus,core,GFP-,Mac_MHCII,Myeloid,non_tumor,1.1299223340266715,0.8318553182106744,0.04072846948094005,0.09815740585327148,0.9018425941467285,False
GCTTGTAAGCAGGTCT,core_gfp_minus,core,GFP-,Mac_MHCII,Myeloid,non_tumor,-0.7495256600132091,0.3653477855559575,0.852148290254849,0.14459508657455444,0.8554049134254456,False
CCGGTCAAGTAGAGGT,core_gfp_minus,core,GFP-,Monocyte,Myeloid,non_tumor,-1.1768242809522838,0.9930825271049949,-0.3185280338250487,0.03724348545074463,0.9627565145492554,False
CTGCGCAAGTAGGAAC,core_gfp_minus,core,GFP-,Treg,T_cell,non_tumor,-1.1768242809522838,0.9050320833371176,-0.2508187148306135,0.11727637052536011,0.8827236294746399,False
GCATTCAAGGTACTTG,core_gfp_minus,core,GFP-,Fibroblast,Stroma,non_tumor,-1.1768242809522838,-0.6506687067652398,-0.1920187672251145,0.43337589502334595,0.566624104976654,False
CGCTGATAGAACGGAT,core_gfp_minus,core,GFP-,CD8_exhausted,T_cell,non_tumor,-1.1768242809522838,1.5424288504209274,-0.015666125890549103,0.1280231475830078,0.8719768524169922,False
TCGATATAGCTACCGG,core_gfp_minus,core,GFP-,CD8_exhausted,T_cell,non_tumor,-1.1768242809522838,0.9492235036032036,0.21167173826645028,0.11044055223464966,0.8895594477653503,False
AGTGGATAGCTACTGA,core_gfp_minus,core,GFP-,Tumor_proliferating,Tumor,exiting_hypoxia,1.6399798280838032,-1.790995533409195,0.7014544225268569,0.519760012626648,0.48023998737335205,True
CTTGGTAAGCCATCAA,core_gfp_minus,core,GFP-,cDC,Myeloid,non_tumor,-0.692323107779289,0.5166609530874089,-0.3808466353584673,0.09124130010604858,0.9087586998939514,False
CACTACAAGTCTAGGC,core_gfp_minus,core,GFP-,Tumor_proliferating,Tumor,exiting_hypoxia,2.1016330597087447,-2.1244242287902058,-0.037350047673435506,0.38397878408432007,0.6160212159156799,True
AGTCTCAAGATTGCGC,core_gfp_minus,core,GFP-,CD8_exhausted,T_cell,non_tumor,-0.6263358853234041,1.0849629247732082,0.037103289983380625,0.10560572147369385,0.8943942785263062,False
AAATGCAAGTCGAATT,core_gfp_minus,core,GFP-,CD8_exhausted,T_cell,non_tumor,-1.1768242809522838,1.0652698523390107,0.12436719013676785,0.1350458264350891,0.8649541735649109,False
