barcode,barcode_raw,sample,slide,gfp_status,entropy_bits,entropy_row_bits,entropy_col_bits,map_row_idx,map_col_idx,map_prob,adt_umi_total
AGCACTTGTAGCCTGC,AGCACTTGTAGCCTGC,edge_gfp_plus,edge,GFP+,8.849249464688622,4.237819307200116,4.611430157488506,14,20,0.016396407,472.0
CACGGCTGTCATCCTC,CACGGCTGTCATCCTC,edge_gfp_plus,edge,GFP+,7.563579887364681,4.142602670998965,3.420977216365716,15,24,0.0709531,1592.0
TGGCATTGTTCACTGG,TGGCATTGTTCACTGG,edge_gfp_plus,edge,GFP+,9.038469187398944,4.522117525964536,4.516351661434408,14,20,0.01570554,578.0
AAAGGTTGTAGCGACG,AAAGGTTGTAGCGACG,edge_gfp_plus,edge,GFP+,8.068535599209795,3.972274278828954,4.096261320380842,16,28,0.06664619,582.0
GGTCATTGTGATCCTG,GGTCATTGTGATCCTG,edge_gfp_plus,edge,GFP+,8.580491731506715,4.298055746602313,4.282435984904403,37,29,0.021156374,1251.0
CGCATATGTCCATCCT,CGCATATGTCCATCCT,edge_gfp_plus,edge,GFP+,4.730073112298725,3.135653635300521,1.594419476998204,38,32,0.30216286,526.0
TCAGCCAGTGCAGGTG,TCAGCCAGTGCAGGTG,edge_gfp_plus,edge,GFP+,5.163290602997407,2.77818944848642,2.385101154510987,37,33,0.31237322,700.0
CTCCGTTGTCTGGTAT,CTCCGTTGTCTGGTAT,edge_gfp_plus,edge,GFP+,4.926256138689498,2.047360053025661,2.878896085663836,19,31,0.22790697,176.0
AGCCTCAGTCATGGAA,AGCCTCAGTCATGGAA,edge_gfp_plus,edge,GFP+,6.609770239761122,3.2404219859046908,3.3693482538564314,35,33,0.13847195,172.0
ATTGTCAGTTAGAGAT,ATTGTCAGTTAGAGAT,edge_gfp_plus,edge,GFP+,7.583616310980238,3.524651117203875,4.058965193776363,11,24,0.1627816,669.0
CTACCCTGTTAAGGGC,CTACCCTGTTAAGGGC,edge_gfp_plus,edge,GFP+,9.536645952213124,5.046489760126651,4.490156192086472,35,9,0.0074185175,5034.0
GTTAGCTGTGGAGAGA,GTTAGCTGTGGAGAGA,edge_gfp_plus,edge,GFP+,8.460791021944818,4.004226259813863,4.456564762130954,37,28,0.02587065,127.0
CTAGAAGGTTAACGCT,CTAGAAGGTTAACGCT,edge_gfp_plus,edge,GFP+,8.494267186727736,4.028147821586139,4.466119365141596,37,28,0.026336988,623.0
GGCACGAGTTGGATCT,GGCACGAGTTGGATCT,edge_gfp_plus,edge,GFP+,6.8988481228978085,3.4775710767183394,3.4212770461794686,36,34,0.10989302,180.0
GCTTAACGTAGCTAAG,GCTTAACGTAGCTAAG,edge_gfp_plus,edge,GFP+,7.5516150146849235,3.751712212208019,3.799902802476904,15,25,0.076063834,87.0
TAGCCCAGTTGCGCGT,TAGCCCAGTTGCGCGT,edge_gfp_plus,edge,GFP+,7.961798849923001,3.5847616809201424,4.377037169002858,31,35,0.04074357,218.0
CCCATCTGTTCGAGCC,CCCATCTGTTCGAGCC,edge_gfp_plus,edge,GFP+,3.914497779200461,1.6644977792004614,2.25,21,26,0.14285715,15.0
CGCCTAAGTTTGACTA,CGCCTAAGTTTGACTA,edge_gfp_plus,edge,GFP+,5.179925750132168,2.6929535584030067,2.486972191729161,17,18,0.09763657,176.0
GTAGAATGTTTCGGGC,GTAGAATGTTTCGGGC,edge_gfp_plus,edge,GFP+,7.716844341998676,3.76273411160614,3.954110230392536,32,34,0.03981285,433.0
CCGTAATGTGAACGCG,CCGTAATGTGAACGCG,edge_gfp_plus,edge,GFP+,6.488109585141883,2.95293501950598,3.5351745656359026,44,8,0.05529954,52.0
TGAACAGGTTTGCCTC,TGAACAGGTTTGCCTC,edge_gfp_plus,edge,GFP+,8.032350727615603,3.949801438350341,4.082549289265261,31,37,0.060007166,449.0
CGCTTAGGTTCGTCCT,CGCTTAGGTTCGTCCT,edge_gfp_plus,edge,GFP+,6.88800386729714,3.955281104891381,2.932722762405759,22,17,0.090971276,231.0
CCGGGTTGTTAAGTGG,CCGGGTTGTTAAGTGG,edge_gfp_plus,edge,GFP+,8.824240025628846,4.513558599134238,4.310681426494607,2,26,0.018817205,165.0
GTGTAAGGTGAAGCCG,GTGTAAGGTGAAGCCG,edge_gfp_plus,edge,GFP+,7.732258727556374,3.6304126608739984,4.101846066682376,14,8,0.023228806,62.0
GGTAGCGGTCATGAGA,GGTAGCGGTCATGAGA,edge_gfp_plus,edge,GFP+,9.084329608681852,4.493943369063907,4.590386239617944,11,11,0.011773941,161.0
TCGCCAAGTGGAGACT,TCGCCAAGTGGAGACT,edge_gfp_plus,edge,GFP+,5.88605567863811,3.1175660677153494,2.768489610922761,17,22,0.14347424,953.0
CAAGCCCGTCAGGAAC,CAAGCCCGTCAGGAAC,edge_gfp_plus,edge,GFP+,7.905369053480177,3.815071269608036,4.090297783872141,37,26,0.043947037,617.0
ACGAAATGTCCATAGT,ACGAAATGTCCATAGT,edge_gfp_plus,edge,GFP+,9.321481360053312,4.523219444458217,4.798261915595095,9,22,0.013896003,372.0
GTTCTAAGTCATGCTG,GTTCTAAGTCATGCTG,edge_gfp_plus,edge,GFP+,5.268621303313887,2.822181958642872,2.4464393446710155,17,3,0.10588236,27.0
GTCCGTAGTGAACCAA,GTCCGTAGTGAACCAA,edge_gfp_plus,edge,GFP+,5.389472526941491,2.6394725269414905,2.75,14,27,0.10227273,30.0
ATGTACCGTGGCTGAG,ATGTACCGTGGCTGAG,edge_gfp_plus,edge,GFP+,8.384235454277054,3.9113364262986217,4.472899027978433,16,29,0.026234567,192.0
TACCATAGTTACACCG,TACCATAGTTACACCG,edge_gfp_plus,edge,GFP+,7.236047647462986,3.6839949709544872,3.552052676508498,22,31,0.04083493,228.0
AATGTCCGTTGCTCCT,AATGTCCGTTGCTCCT,edge_gfp_plus,edge,GFP+,5.871849665443215,3.350209029099897,2.521640636343318,23,12,0.047619052,25.0
TCGATTAGTTATGGTC,TCGATTAGTTATGGTC,edge_gfp_plus,edge,GFP+,8.592375785714754,4.168910392562944,4.42346539315181,2,15,0.018518519,153.0
TGTAGCTGTGAGCGCA,TGTAGCTGTGAGCGCA,edge_gfp_plus,edge,GFP+,6.110412314176051,2.6986604604011157,3.411751853774935,24,23,0.06535948,44.0
AAGCCAAGTAGCTCAT,AAGCCAAGTAGCTCAT,edge_gfp_plus,edge,GFP+,5.526646330786495,2.7201788137734244,2.80646751701307,30,24,0.08571429,146.0
CTGTTCCGTTGCAGGG,CTGTTCCGTTGCAGGG,edge_gfp_plus,edge,GFP+,6.027288367438728,2.961113203060454,3.066175164378274,11,21,0.07669617,212.0
CTTATCTGTTAGAGGC,CTTATCTGTTAGAGGC,edge_gfp_plus,edge,GFP+,9.73868903532827,4.581322985706364,5.157366049621905,27,37,0.018477475,1912.0
GGGGTCAGTAGGCTGG,GGGGTCAGTAGGCTGG,edge_gfp_plus,edge,GFP+,8.449961183262467,4.148133296383918,4.30182788687855,2,39,0.03375,140.0
CGCATATGTCATGAGA,CGCATATGTCATGAGA,edge_gfp_plus,edge,GFP+,6.441860574264631,3.664497779200461,2.7773627950641693,4,1,0.04395605,27.0
AACCGAAGTCCATTAA,AACCGAAGTCCATTAA,edge_gfp_plus,edge,GFP+,7.612889784851225,4.035445964009721,3.577443820841504,20,19,0.03735215,201.0
CGCAGCTGTTTGGCTG,CGCAGCTGTTTGGCTG,edge_gfp_plus,edge,GFP+,7.150819862551134,3.727684604213364,3.42313525833777,17,28,0.14517297,581.0
ACCGACCGTTCCTCGT,ACCGACCGTTCCTCGT,edge_gfp_plus,edge,GFP+,8.296100896276728,3.927550277458484,4.368550618818245,27,43,0.023037015,983.0
TGTGAAGGTCAGGATA,TGTGAAGGTCAGGATA,edge_gfp_plus,edge,GFP+,8.672116363926648,4.641223109875441,4.030893254051206,14,22,0.025854107,1121.0
GCGACAGGTGGCCATC,GCGACAGGTGGCCATC,edge_gfp_plus,edge,GFP+,7.009209188093768,3.0209776357253144,3.988231552368454,24,17,0.06298544,686.0
GTTGCCAGTGAGTATG,GTTGCCAGTGAGTATG,edge_gfp_plus,edge,GFP+,10.268396569234724,5.014386539516927,5.254010029717795,14,13,0.0054758373,2872.0
ACGGAACGTAACGATG,ACGGAACGTAACGATG,edge_gfp_plus,edge,GFP+,6.503235930647085,2.94770277922009,3.5555331514269954,14,2,0.028985508,41.0
TCAGCGCGTTTGGGCC,TCAGCGCGTTTGGGCC,edge_gfp_plus,edge,GFP+,5.4648754155925605,3.395009247832974,2.069866167759587,16,32,0.14376812,119.0
ACAATGGGTAGCTTAC,ACAATGGGTAGCTTAC,edge_gfp_plus,edge,GFP+,5.518340821423119,3.5465935642949384,1.9717472571281809,4,33,0.06993008,24.0
ACCCCAAGTTCCTGAG,ACCCCAAGTTCCTGAG,edge_gfp_plus,edge,GFP+,7.198057010716543,3.4276674596305696,3.770389551085973,2,6,0.05764967,96.0
ACGTTTAGTGAAGGAG,ACGTTTAGTGAAGGAG,edge_gfp_plus,edge,GFP+,6.410608899141143,3.839018341671922,2.5715905574692206,16,22,0.13491522,710.0
GTAGAATGTGGCTCTA,GTAGAATGTGGCTCTA,edge_gfp_plus,edge,GFP+,6.771182509736812,3.630595015128197,3.140587494608614,7,23,0.12680013,151.0
CTCGTGAGTCATGGCC,CTCGTGAGTCATGGCC,edge_gfp_plus,edge,GFP+,8.748573534056565,4.351950280479369,4.3966232535771965,34,31,0.024980174,201.0
TAGGTGAGTTTCGGGC,TAGGTGAGTTTCGGGC,edge_gfp_plus,edge,GFP+,7.775443664251299,4.01506101220307,3.7603826520482295,30,24,0.032520328,71.0
AACTTTGGTTATGGCT,AACTTTGGTTATGGCT,edge_gfp_plus,edge,GFP+,5.895396863161553,2.439481660634076,3.4559152025274766,36,31,0.10969529,816.0
CGTTTCCGTTCGGTGC,CGTTTCCGTTCGGTGC,edge_gfp_plus,edge,GFP+,6.701039655252576,2.934707015281952,3.766332639970624,7,17,0.027777778,84.0
TATACTGGTTCCGTTC,TATACTGGTTCCGTTC,edge_gfp_plus,edge,GFP+,7.861715853175013,3.372198338337226,4.489517514837788,31,39,0.036962215,333.0
GGCATCCGTTTACCTT,GGCATCCGTTTACCTT,edge_gfp_plus,edge,GFP+,2.811278124459133,1.811278124459133,1.0,6,26,0.1875,10.0
CCTCGTTGTAGCGGAT,CCTCGTTGTAGCGGAT,edge_gfp_plus,edge,GFP+,5.465322107503504,2.780521105179659,2.6848010023238453,29,25,0.15840517,204.0
ATCCCAGGTAGTCAAG,ATCCCAGGTAGTCAAG,edge_gfp_plus,edge,GFP+,7.111278881954155,3.6770210992147376,3.4342577827394165,17,24,0.08894098,688.0
TCTAATGGTGAGAGTC,TCTAATGGTGAGAGTC,edge_gfp_plus,edge,GFP+,9.107473321825903,4.318078790532326,4.789394531293578,9,26,0.01701123,963.0
GGGTTGGGTTGAGCGG,GGGTTGGGTTGAGCGG,edge_gfp_plus,edge,GFP+,6.040494624700076,2.899154599695928,3.141340025004147,15,15,0.099499084,133.0
ATGCGAAGTCAAGTTC,ATGCGAAGTCAAGTTC,edge_gfp_plus,edge,GFP+,9.914781390773635,4.865916184347302,5.048865206426335,27,34,0.00517847,891.0
TGCCCTTGTAGCCTCA,TGCCCTTGTAGCCTCA,edge_gfp_plus,edge,GFP+,7.520944100635631,3.80776850516268,3.713175595472952,30,15,0.036246963,713.0
TGGCTTGGTAGCCATT,TGGCTTGGTAGCCATT,edge_gfp_plus,edge,GFP+,6.552385120387921,3.430457025500558,3.1219280948873624,1,26,0.030769233,36.0
ATCATCAGTGCGTGAG,ATCATCAGTGCGTGAG,edge_gfp_plus,edge,GFP+,8.624726173005762,4.010202286398091,4.614523886607671,14,22,0.032750037,810.0
TCGGCTAGTTGGCCGT,TCGGCTAGTTGGCCGT,edge_gfp_plus,edge,GFP+,7.926646768873619,4.137084783015045,3.7895619858585743,19,10,0.04007421,104.0
TCGCATGGTTTCGAGT,TCGCATGGTTTCGAGT,edge_gfp_plus,edge,GFP+,9.146057874068504,4.355677439178598,4.790380434889906,6,4,0.020491801,532.0
GCGGGTAGTGCAGGCA,GCGGGTAGTGCAGGCA,edge_gfp_plus,edge,GFP+,7.910648122244581,3.7548680596027215,4.15578006264186,19,34,0.044167373,253.0
CACGAGGGTAAGCAAT,CACGAGGGTAAGCAAT,edge_gfp_plus,edge,GFP+,5.177921484579644,2.305440641803142,2.8724808427765014,14,23,0.28959808,2271.0
TCGTACGGTTAAGTCC,TCGTACGGTTAAGTCC,edge_gfp_plus,edge,GFP+,8.690743715060231,4.311365129599972,4.379378585460259,17,11,0.04216037,362.0
TGGCTTGGTTCGAGCC,TGGCTTGGTTCGAGCC,edge_gfp_plus,edge,GFP+,7.87214606584634,4.33274170144449,3.5394043644018494,11,16,0.05669738,253.0
GCAATCTGTTCCGTTC,GCAATCTGTTCCGTTC,edge_gfp_plus,edge,GFP+,8.099800630670549,3.774455130286897,4.325345500383651,40,7,0.03481625,91.0
CTGTGATGTAGGTGTA,CTGTGATGTAGGTGTA,edge_gfp_plus,edge,GFP+,8.145139164138762,3.819881105370392,4.32525805876837,29,40,0.034567904,279.0
GGGGCTAGTGAAGCTA,GGGGCTAGTGAAGCTA,edge_gfp_plus,edge,GFP+,7.293241452249622,3.531835122527779,3.7614063297218423,8,1,0.058333334,90.0
CCCTGTTGTGCAGCCT,CCCTGTTGTGCAGCCT,edge_gfp_plus,edge,GFP+,9.222558535031324,4.417384924063764,4.805173610967561,24,37,0.013931675,680.0
TACGCTGGTGCAGGTG,TACGCTGGTGCAGGTG,edge_gfp_plus,edge,GFP+,7.081020932032937,3.1915155153187733,3.889505416714163,14,26,0.09593023,514.0
CCGTCAAGTGCAGCCT,CCGTCAAGTGCAGCCT,edge_gfp_plus,edge,GFP+,6.3556376387948434,3.259597065554927,3.0960405732399163,18,16,0.16067854,475.0
GGATTGAGTATTGGCT,GGATTGAGTATTGGCT,edge_gfp_plus,edge,GFP+,6.646116031828516,3.391851669324702,3.254264362503814,37,37,0.073260084,74.0
TGAATGGGTATTGCGT,TGAATGGGTATTGCGT,edge_gfp_plus,edge,GFP+,6.950013373778757,3.821928094887362,3.128085278891394,2,14,0.021428572,34.0
TCGCTCTGTAACGATG,TCGCTCTGTAACGATG,edge_gfp_plus,edge,GFP+,8.750187954120998,4.580300655645882,4.169887298475116,24,25,0.027822137,683.0
TCCACCTGTGAGTCGG,TCCACCTGTGAGTCGG,edge_gfp_plus,edge,GFP+,3.851987965160477,2.026568009172608,1.8254199559878688,20,12,0.29382217,357.0
GCTGAGGGTGAGGACT,GCTGAGGGTGAGGACT,edge_gfp_plus,edge,GFP+,7.868679522741731,3.935955649986687,3.932723872755044,22,2,0.02782194,71.0
GCTTCCTGTCTGGCGT,GCTTCCTGTCTGGCGT,edge_gfp_plus,edge,GFP+,8.340293294547573,3.994417365240974,4.345875929306599,27,43,0.021776907,1175.0
CTATTGAGTTGCAATC,CTATTGAGTTGCAATC,edge_gfp_plus,edge,GFP+,9.475322214415057,4.655743840378962,4.819578374036094,29,31,0.012712103,535.0
CGGTTTGGTAATGGAT,CGGTTTGGTAATGGAT,edge_gfp_plus,edge,GFP+,4.188074325709248,1.6773288427419215,2.510745482967327,14,15,0.49473673,564.0
GCAATAGGTCTGTCGA,GCAATAGGTCTGTCGA,edge_gfp_plus,edge,GFP+,6.711660839964004,3.1690391010147203,3.5426217389492844,17,22,0.14896245,775.0
CGATTACGTAATGGCA,CGATTACGTAATGGCA,edge_gfp_plus,edge,GFP+,4.169278522458323,2.3594559773258243,1.8098225451324987,24,29,0.32608694,47.0
CCTGAATGTAGCTATC,CCTGAATGTAGCTATC,edge_gfp_plus,edge,GFP+,8.00520519112061,3.968538294767781,4.03666689635283,24,33,0.023928743,666.0
ACAGCTTGTGCACGCT,ACAGCTTGTGCACGCT,edge_gfp_plus,edge,GFP+,8.427723494629884,4.228963010949229,4.198760483680656,18,21,0.06362545,287.0
AAGCCAAGTGAGGTAC,AAGCCAAGTGAGGTAC,edge_gfp_plus,edge,GFP+,8.049414102785967,4.121820001058168,3.9275941017277978,33,41,0.052370552,1069.0
TCCCTTAGTAGGTTAG,TCCCTTAGTAGGTTAG,edge_gfp_plus,edge,GFP+,8.356462374493953,4.035296111702655,4.321166262791298,43,31,0.03007519,151.0
ATGACAGGTAAGCTGA,ATGACAGGTAAGCTGA,edge_gfp_plus,edge,GFP+,9.403883921099702,4.653831570008471,4.750052351091231,25,36,0.019387897,452.0
CAGCCTAGTAACTGCT,CAGCCTAGTAACTGCT,edge_gfp_plus,edge,GFP+,8.90461731714988,4.651056631211912,4.253560685937968,29,37,0.020548025,1038.0
CTTGGATGTCAGCGAG,CTTGGATGTCAGCGAG,edge_gfp_plus,edge,GFP+,4.574696321713078,2.8623183497617104,1.7123779719513674,20,18,0.33209527,360.0
CACGCTAGTTGGCTTG,CACGCTAGTTGGCTTG,edge_gfp_plus,edge,GFP+,4.221776388972757,2.4508257945180887,1.7709505944546686,24,31,0.25,22.0
GCACGAGGTTTGCACG,GCACGAGGTTTGCACG,edge_gfp_plus,edge,GFP+,9.17290661047922,4.742025644373961,4.430880966105258,35,39,0.016681539,910.0
TAACTTGGTTGAAGGC,TAACTTGGTTGAAGGC,edge_gfp_plus,edge,GFP+,3.7982607827816,1.879964948727111,1.9182958340544896,14,13,0.1851852,15.0
GGAGGTTGTGATCAGA,GGAGGTTGTGATCAGA,edge_gfp_plus,edge,GFP+,7.306738325438417,3.853547135973068,3.453191189465349,29,41,0.09682337,1197.0
CGTTCAGGTCATCAAC,CGTTCAGGTCATCAAC,edge_gfp_plus,edge,GFP+,8.020397562388068,3.901529503523188,4.11886805886488,7,25,0.030109487,201.0
GCAGCGAGTTAGCACT,GCAGCGAGTTAGCACT,edge_gfp_plus,edge,GFP+,6.620306955663642,3.734718939089556,2.885588016574085,20,32,0.051948056,68.0
GTTGCATGTTTAATCG,GTTGCATGTTTAATCG,edge_gfp_plus,edge,GFP+,8.85002508660137,4.321274239586851,4.528750847014519,5,20,0.010958904,193.0
AGTCCTGGTCAAGGTA,AGTCCTGGTCAAGGTA,edge_gfp_plus,edge,GFP+,7.699889781570469,3.7199025797939584,3.979987201776511,1,23,0.033333335,80.0
GGTGGCAGTTCGATGT,GGTGGCAGTTCGATGT,edge_gfp_plus,edge,GFP+,5.687204222783972,3.2942057031515715,2.392998519632401,24,41,0.1618202,808.0
AACCGGGGTAGGTCCC,AACCGGGGTAGGTCCC,edge_gfp_plus,edge,GFP+,7.111934693214752,3.5874997339764843,3.524434959238268,37,23,0.11651469,377.0
AACGAATGTTTGCATA,AACGAATGTTTGCATA,edge_gfp_plus,edge,GFP+,8.028329481948752,3.673777036996463,4.354552444952288,13,8,0.040939383,183.0
CTCATCCGTGGAAGGA,CTCATCCGTGGAAGGA,edge_gfp_plus,edge,GFP+,8.535131766730744,4.227136094401723,4.307995672329022,14,24,0.029883798,642.0
ACCGATTGTTTCGTAA,ACCGATTGTTTCGTAA,edge_gfp_plus,edge,GFP+,8.154129772842715,4.269974678246912,3.884155094595804,2,17,0.024691358,75.0
ACAGGTAGTTAACGAG,ACAGGTAGTTAACGAG,edge_gfp_plus,edge,GFP+,7.844011283818137,4.003928031846025,3.840083251972112,14,41,0.026041668,68.0
CGGTGAGGTGCAGTAA,CGGTGAGGTGCAGTAA,edge_gfp_plus,edge,GFP+,6.435712819112797,3.513784724225434,2.9219280948873627,2,18,0.029629631,37.0
TGGGTCCGTAATTGCC,TGGGTCCGTAATTGCC,edge_gfp_plus,edge,GFP+,6.916254855420686,3.240877620139893,3.675377235280793,24,37,0.055094805,721.0
AGTGTGAGTTCTGTAA,AGTGTGAGTTCTGTAA,edge_gfp_plus,edge,GFP+,3.9219280948873614,2.9219280948873623,1.0,11,9,0.1,14.0
GTTGTACGTTAAGCAG,GTTGTACGTTAAGCAG,edge_gfp_plus,edge,GFP+,4.617616770220714,2.4808162500721487,2.1368005201485647,9,10,0.16112532,103.0
ATAGCAGGTCTTGAAC,ATAGCAGGTCTTGAAC,edge_gfp_plus,edge,GFP+,5.711577649448689,3.143998809031322,2.567578840417367,17,23,0.11840411,188.0
AGAGTATGTATGGATG,AGAGTATGTATGGATG,edge_gfp_plus,edge,GFP+,7.74726337397589,3.180034513682802,4.567228860293088,11,25,0.061347023,509.0
ACCGAAAGTTCCCGAA,ACCGAAAGTTCCCGAA,edge_gfp_plus,edge,GFP+,4.857899660402843,2.3362590240595256,2.521640636343318,14,22,0.14814815,34.0
GGATTAGGTATTAGCC,GGATTAGGTATTAGCC,edge_gfp_plus,edge,GFP+,8.943015812800418,4.526425022396484,4.416590790403933,40,37,0.025954269,1882.0
ATGCGAAGTGAGCGCA,ATGCGAAGTGAGCGCA,edge_gfp_plus,edge,GFP+,8.833008273764193,4.604014429017242,4.228993844746951,30,33,0.02153682,1050.0
GTCGCTAGTGATGAGC,GTCGCTAGTGATGAGC,edge_gfp_plus,edge,GFP+,9.330265147574076,4.660968422195093,4.669296725378984,9,23,0.022772625,658.0
AGTGTGAGTGAGGATC,AGTGTGAGTGAGGATC,edge_gfp_plus,edge,GFP+,8.469901124686665,3.931982710532046,4.537918414154619,27,33,0.020289019,646.0
GTAGTAGGTCAACTAC,GTAGTAGGTCAACTAC,edge_gfp_plus,edge,GFP+,9.398772169210003,4.700072248037818,4.698699921172187,40,37,0.015796203,3007.0
AGACGCGGTAGGCCAG,AGACGCGGTAGGCCAG,edge_gfp_plus,edge,GFP+,5.043856189774725,1.9219280948873625,3.1219280948873624,11,36,0.080000006,15.0
GTGCTATGTATGGCTT,GTGCTATGTATGGCTT,edge_gfp_plus,edge,GFP+,6.2720552088742005,3.0220552088742005,3.25,10,40,0.0625,28.0
TGCCTCTGTCATCGTG,TGCCTCTGTCATCGTG,edge_gfp_plus,edge,GFP+,4.381076011914607,2.9219280948873623,1.4591479170272448,33,12,0.1,16.0
AAGCTAGGTAGCTAAG,AAGCTAGGTAGCTAAG,edge_gfp_plus,edge,GFP+,8.60005556361519,3.959698602559952,4.640356961055238,13,41,0.013513513,152.0
TACCCCTGTAGCGCAG,TACCCCTGTAGCGCAG,edge_gfp_plus,edge,GFP+,7.849833973442278,3.807581988792149,4.042251984650129,39,35,0.034686636,145.0
GGCGCTTGTTGGGACG,GGCGCTTGTTGGGACG,edge_gfp_plus,edge,GFP+,6.790518231219958,3.4906015629507223,3.299916668269236,23,3,0.05555556,51.0
CTTGCGAGTTTACACA,CTTGCGAGTTTACACA,edge_gfp_plus,edge,GFP+,7.880699500855487,3.3343108072182077,4.54638869363728,23,38,0.027035488,380.0
GTAAGGCGTTTACGCG,GTAAGGCGTTTACGCG,edge_gfp_plus,edge,GFP+,7.829393731694781,3.630299367587307,4.199094364107474,29,35,0.03481834,238.0
TGAGCAAGTCAAGTCT,TGAGCAAGTCAAGTCT,edge_gfp_plus,edge,GFP+,6.571513366983499,2.8689338420392936,3.702579524944205,14,29,0.17544928,843.0
TCTGCAGGTAACGTGA,TCTGCAGGTAACGTGA,edge_gfp_plus,edge,GFP+,6.589306947088683,3.239097917988785,3.350209029099897,18,3,0.049382716,36.0
GCAATAGGTGAGCCAG,GCAATAGGTGAGCCAG,edge_gfp_plus,edge,GFP+,7.643622400817168,3.885582623109742,3.758039777707427,35,33,0.038759694,255.0
GGCTGAGGTTCCTCGT,GGCTGAGGTTCCTCGT,edge_gfp_plus,edge,GFP+,6.124582008201453,3.1393538721672014,2.985228136034252,37,4,0.075,34.0
TAGGCTTGTCTGTCCT,TAGGCTTGTCTGTCCT,edge_gfp_plus,edge,GFP+,7.391730625020491,3.763487136493901,3.62824348852659,26,29,0.03065134,126.0
CTGATTAGTGGCTAGG,CTGATTAGTGGCTAGG,edge_gfp_plus,edge,GFP+,8.049742928255085,4.184543731367221,3.865199196887864,2,11,0.023809524,87.0
TCTACAAGTCAACTTA,TCTACAAGTCAACTTA,edge_gfp_plus,edge,GFP+,7.762037512103565,4.189003820125196,3.5730336919783694,40,26,0.05210918,127.0
CAGCGAGGTAACGGTA,CAGCGAGGTAACGGTA,edge_gfp_plus,edge,GFP+,7.611446473976439,3.48307418942857,4.128372284547869,20,41,0.051891893,62.0
AACTGAGGTGGGTAAC,AACTGAGGTGGGTAAC,edge_gfp_plus,edge,GFP+,6.27253316721756,3.568676748849378,2.703856418368182,16,28,0.102813855,150.0
GCATTACGTGGCAGTG,GCATTACGTGGCAGTG,edge_gfp_plus,edge,GFP+,8.565883566424633,3.953261647555556,4.612621918869077,27,33,0.025910411,970.0
CACTAACGTCTTGGTG,CACTAACGTCTTGGTG,edge_gfp_plus,edge,GFP+,8.931815203281454,4.573516739263321,4.358298464018133,35,33,0.010538915,1063.0
TATAGGGGTCAGTAAG,TATAGGGGTCAGTAAG,edge_gfp_plus,edge,GFP+,7.578046171062233,3.5921729702862844,3.985873200775949,13,2,0.024985127,82.0
ACGGGATGTTTCGGCA,ACGGGATGTTTCGGCA,edge_gfp_plus,edge,GFP+,9.487539488121849,4.61543782126834,4.872101666853508,35,34,0.025009574,995.0
CGAATAGGTAGCCTCA,CGAATAGGTAGCCTCA,edge_gfp_plus,edge,GFP+,6.865009877689776,3.321928094887362,3.543081782802413,2,18,0.06530612,69.0
ACAGTGAGTTAGCGCC,ACAGTGAGTTAGCGCC,edge_gfp_plus,edge,GFP+,8.151566249909486,3.8606515251707982,4.290914724738688,27,33,0.04286589,280.0
GGCTTTGGTTTCCTTG,GGCTTTGGTTTCCTTG,edge_gfp_plus,edge,GFP+,4.3640116295204265,2.128085278891394,2.235926350629033,21,9,0.12244899,14.0
GGCTTTGGTTAGACCT,GGCTTTGGTTAGACCT,edge_gfp_plus,edge,GFP+,6.198981422404696,2.990765526218613,3.208215896186084,35,26,0.18676539,689.0
ATCGTTAGTAACCGGG,ATCGTTAGTAACCGGG,edge_gfp_plus,edge,GFP+,5.906092560432722,2.458830060991511,3.4472624994412104,15,11,0.05610098,85.0
CGCAGCTGTCAAGGAC,CGCAGCTGTCAAGGAC,edge_gfp_plus,edge,GFP+,8.081233932892307,4.152634130595901,3.928599802296405,35,33,0.04659123,754.0
ACTCGATGTCATGCGC,ACTCGATGTCATGCGC,edge_gfp_plus,edge,GFP+,9.210210783739807,4.610606052706331,4.599604731033477,14,23,0.011294462,607.0
CGCAGCTGTTAAGCCT,CGCAGCTGTTAAGCCT,edge_gfp_plus,edge,GFP+,5.595612471149385,2.3553885422075336,3.240223928941852,24,2,0.04444445,27.0
GTACAAGGTTTGATTG,GTACAAGGTTTGATTG,edge_gfp_plus,edge,GFP+,5.741990131679001,2.183471518630096,3.5585186130489057,17,25,0.11832612,108.0
GGCGCTTGTGAGTCGG,GGCGCTTGTGAGTCGG,edge_gfp_plus,edge,GFP+,6.505572706893226,3.0422921890824157,3.463280517810811,32,3,0.10285715,46.0
ATGCCTGGTAACTGCT,ATGCCTGGTAACTGCT,edge_gfp_plus,edge,GFP+,8.43817247312369,4.325788684324976,4.112383788798715,2,18,0.034753364,347.0
TACATCAGTGGCCTAC,TACATCAGTGGCCTAC,edge_gfp_plus,edge,GFP+,8.199647645419553,4.1343361131944505,4.065311532225103,14,3,0.011111111,67.0
GGAGGTTGTAAGTAGT,GGAGGTTGTAAGTAGT,edge_gfp_plus,edge,GFP+,5.429409772481349,3.144666087842188,2.284743684639161,26,40,0.24211504,186.0
CCACATGGTTGAGTAG,CCACATGGTTGAGTAG,edge_gfp_plus,edge,GFP+,7.117486143798302,3.395032175781876,3.722453968016426,37,37,0.07877676,184.0
ACGAAATGTGAAGTCA,ACGAAATGTGAAGTCA,edge_gfp_plus,edge,GFP+,6.654452276512557,3.261986365420184,3.3924659110923727,14,18,0.104779415,115.0
AGGTTAGGTGAGAGCT,AGGTTAGGTGAGAGCT,edge_gfp_plus,edge,GFP+,6.512113896426598,3.0982558001930776,3.413858096233521,24,41,0.07901235,72.0
GGTGGCAGTCCATACG,GGTGGCAGTCCATACG,edge_gfp_plus,edge,GFP+,7.762919105704229,3.5962292681500574,4.166689837554172,33,26,0.030949688,656.0
AACTGAGGTTCAATGC,AACTGAGGTTCAATGC,edge_gfp_plus,edge,GFP+,7.561245177954797,3.797902689682947,3.7633424882718503,24,8,0.02747253,54.0
CGCCTAAGTCTAATTG,CGCCTAAGTCTAATTG,edge_gfp_plus,edge,GFP+,3.916544541677885,1.6821524734632418,2.2343920682146425,35,26,0.43498892,889.0
GGTGGCAGTTGCAGGG,GGTGGCAGTTGCAGGG,edge_gfp_plus,edge,GFP+,7.345254064153829,3.675036263253792,3.670217800900038,31,11,0.08640908,1208.0
ACCCTAGGTCAATGCT,ACCCTAGGTCAATGCT,edge_gfp_plus,edge,GFP+,8.97361618529252,4.274706655395861,4.6989095298966586,35,28,0.017602494,899.0
CTTCATTGTAGTGTGA,CTTCATTGTAGTGTGA,edge_gfp_plus,edge,GFP+,6.835885969757909,3.3236577572284816,3.5122282125294277,7,18,0.11923688,105.0
CAAGACAGTAAGGTTG,CAAGACAGTAAGGTTG,edge_gfp_plus,edge,GFP+,9.284676635278275,4.869156612052766,4.415520023225511,2,18,0.010861742,652.0
CGCCTAAGTCTGGGCT,CGCCTAAGTCTGGGCT,edge_gfp_plus,edge,GFP+,8.875583230720641,4.086501298321253,4.789081932399388,24,29,0.018206645,403.0
ACAGACAGTTTACTCT,ACAGACAGTTTACTCT,edge_gfp_plus,edge,GFP+,8.00251047989346,4.16901566571816,3.8334948141752982,11,17,0.044262297,141.0
AGACATGGTAGCTGGG,AGACATGGTAGCTGGG,edge_gfp_plus,edge,GFP+,7.13355441580085,3.5281658735933163,3.6053885422075336,23,17,0.042857148,59.0
TCCTTATGTAACGGCG,TCCTTATGTAACGGCG,edge_gfp_plus,edge,GFP+,7.988982838572765,4.091015682246802,3.897967156325964,37,34,0.043158006,281.0
ACGCTTGGTGGCGAAT,ACGCTTGGTGGCGAAT,edge_gfp_plus,edge,GFP+,4.964299088064472,1.8423709931771084,3.121928094887363,2,23,0.08571429,17.0
ACGGGCAGTCATGGAA,ACGGGCAGTCATGGAA,edge_gfp_plus,edge,GFP+,8.641765598929506,4.373557262275185,4.268208336654322,2,1,0.008641976,84.0
AGTACCTGTTAATTCG,AGTACCTGTTAATTCG,edge_gfp_plus,edge,GFP+,8.86372116624197,4.208954637840932,4.654766528401037,37,31,0.021516945,1435.0
TCGTTCCGTAATCCTA,TCGTTCCGTAATCCTA,edge_gfp_plus,edge,GFP+,7.263740407659281,3.568374112066078,3.695366295593203,11,21,0.06930908,138.0
AATGAACGTAGGTCCC,AATGAACGTAGGTCCC,edge_gfp_plus,edge,GFP+,7.471532863537572,3.728965834707029,3.742567028830544,29,6,0.039215688,131.0
GGTAGCGGTGAAGCGT,GGTAGCGGTGAAGCGT,edge_gfp_plus,edge,GFP+,8.576286464175453,4.060605210736189,4.515681253439263,37,37,0.032826096,2474.0
ACGCGAGGTGGCTGTC,ACGCGAGGTGGCTGTC,edge_gfp_plus,edge,GFP+,6.201492292422754,2.890373378574965,3.311118913847788,14,28,0.10745614,166.0
CCAGAGGGTTAGCGAA,CCAGAGGGTTAGCGAA,edge_gfp_plus,edge,GFP+,6.756089316549767,3.1661224078775283,3.589966908672239,15,24,0.09902742,152.0
ACGGGCAGTGCGGATG,ACGGGCAGTGCGGATG,edge_gfp_plus,edge,GFP+,6.237208059035904,3.1664054731703057,3.070802585865598,25,33,0.19083695,211.0
CATCCCTGTTGCAATC,CATCCCTGTTGCAATC,edge_gfp_plus,edge,GFP+,8.180342565137597,4.259869699066762,3.920472866070836,14,37,0.027281746,180.0
AGAGTATGTGGAGAGA,AGAGTATGTGGAGAGA,edge_gfp_plus,edge,GFP+,8.106441847911936,3.9414280318460246,4.165013816065912,1,5,0.014204546,65.0
CTATATGGTATTGGTC,CTATATGGTATTGGTC,edge_gfp_plus,edge,GFP+,7.76116711879728,3.7016872879858926,4.059479830811387,18,35,0.059426233,218.0
CTGTAACGTTGCAGTT,CTGTAACGTTGCAGTT,edge_gfp_plus,edge,GFP+,6.559871829032794,3.463710641914682,3.096161187118112,23,10,0.052083332,53.0
ATCCACGGTAACGGGT,ATCCACGGTAACGGGT,edge_gfp_plus,edge,GFP+,8.085358715287533,3.986414711520629,4.098944003766904,1,37,0.023395723,78.0
ATGCAAGGTCAAGTAG,ATGCAAGGTCAAGTAG,edge_gfp_plus,edge,GFP+,3.6395476700589553,2.054585169337799,1.584962500721156,11,20,0.1388889,15.0
TGCTAACGTGAAGGTC,TGCTAACGTGAAGGTC,edge_gfp_plus,edge,GFP+,6.798090717842289,3.708048150071231,3.090042567771058,42,24,0.054200545,68.0
GTAACCTGTAACGGGT,GTAACCTGTAACGGGT,edge_gfp_plus,edge,GFP+,5.680495601570737,2.807354922057604,2.873140679513133,2,9,0.032967035,20.0
AATGTCCGTTCAATGC,AATGTCCGTTCAATGC,edge_gfp_plus,edge,GFP+,5.036907333394946,2.1981394681802326,2.838767865214713,21,13,0.1748839,322.0
TGAGGCGGTCTTACGG,TGAGGCGGTCTTACGG,edge_gfp_plus,edge,GFP+,8.720387737006073,4.169722425182082,4.550665311823991,19,31,0.028541775,305.0
TCACTCCGTTGTCAGT,TCACTCCGTTGTCAGT,edge_gfp_plus,edge,GFP+,8.058253307345671,4.267667580400733,3.7905857269449377,17,33,0.028780743,175.0
ATCATCAGTTGTGCAT,ATCATCAGTTGTGCAT,edge_gfp_plus,edge,GFP+,7.831724681428004,3.3286687740947283,4.503055907333276,30,31,0.03265306,89.0
GCTAAAGGTGCAGTAA,GCTAAAGGTGCAGTAA,edge_gfp_plus,edge,GFP+,7.137959410815308,2.939011832472059,4.198947578343249,33,25,0.04402516,119.0
GTGAACAGTGAACCGG,GTGAACAGTGAACCGG,edge_gfp_plus,edge,GFP+,7.19377582209079,3.238901256602631,3.954874565488159,6,29,0.030018762,54.0
GTCCTCTGTTCGATGT,GTCCTCTGTTCGATGT,edge_gfp_plus,edge,GFP+,5.698323978096947,3.0474425981571134,2.6508813799398334,14,20,0.18647482,189.0
CCTCCTGGTAGTGATG,CCTCCTGGTAGTGATG,edge_gfp_plus,edge,GFP+,4.733170021757706,2.313155384933532,2.420014636824175,17,28,0.2739425,170.0
GTCTAACGTAACGGTA,GTCTAACGTAACGGTA,edge_gfp_plus,edge,GFP+,7.224185341713324,3.921444040902356,3.3027413008109674,27,33,0.06022267,90.0
GTGCCTAGTTTCCTCA,GTGCCTAGTTTCCTCA,edge_gfp_plus,edge,GFP+,8.276691491135644,4.065378553171439,4.211312937964204,25,37,0.04041637,355.0
GTAGCGGGTAGCTTAC,GTAGCGGGTAGCTTAC,edge_gfp_plus,edge,GFP+,8.785209304389426,4.537021774292416,4.24818753009701,14,31,0.01753905,171.0
CGAGGATGTGAGATAT,CGAGGATGTGAGATAT,edge_gfp_plus,edge,GFP+,5.092370993177109,2.25,2.842370993177109,11,14,0.05357143,22.0
AAGCTCTGTAACTGCT,AAGCTCTGTAACTGCT,edge_gfp_plus,edge,GFP+,6.007881480638522,4.0022680844408445,2.005613396197677,15,17,0.09011777,94.0
CGCCTAAGTCAGGATA,CGCCTAAGTCAGGATA,edge_gfp_plus,edge,GFP+,6.604158475917149,3.24450396826753,3.359654507649619,17,22,0.083648145,228.0
GTTGCTGGTTTACTAG,GTTGCTGGTTTACTAG,edge_gfp_plus,edge,GFP+,4.9166003064466,2.43368737700897,2.4829129294376293,15,22,0.24393938,103.0
TCCTTTGGTGGCTTGC,TCCTTTGGTGGCTTGC,edge_gfp_plus,edge,GFP+,7.58807231924165,3.820888851350189,3.767183467891461,14,19,0.010989011,47.0
AGGGTACGTTGTGCCA,AGGGTACGTTGTGCCA,edge_gfp_plus,edge,GFP+,6.21334049396293,3.339641606979146,2.8736988869837843,17,28,0.08604039,101.0
TATGGCTGTTCCCTGT,TATGGCTGTTCCCTGT,edge_gfp_plus,edge,GFP+,7.936596801303849,4.027613612144672,3.908983189159177,35,25,0.04137714,426.0
GTAATGGGTCAGGAAC,GTAATGGGTCAGGAAC,edge_gfp_plus,edge,GFP+,5.4584624002527775,2.0974197429903905,3.361042657262387,36,32,0.15749209,883.0
CTAAACCGTGAGAGTC,CTAAACCGTGAGAGTC,edge_gfp_plus,edge,GFP+,5.927242951781642,3.00531485689428,2.9219280948873627,20,24,0.052631583,29.0
GCGCTTAGTGAGCATA,GCGCTTAGTGAGCATA,edge_gfp_plus,edge,GFP+,8.263726210433841,3.769306599223383,4.494419611210459,33,37,0.041020982,1432.0
AGGGTACGTTTAGTTG,AGGGTACGTTTAGTTG,edge_gfp_plus,edge,GFP+,8.27926262174747,4.016283580676733,4.2629790410707376,24,1,0.0150848515,80.0
CCGACTAGTATGGACA,CCGACTAGTATGGACA,edge_gfp_plus,edge,GFP+,5.309335234951114,2.3018453246928723,3.007489910258241,25,32,0.16163793,98.0
GCGTTTGGTTGGCGAG,GCGTTTGGTTGGCGAG,edge_gfp_plus,edge,GFP+,7.247797991614897,3.991729296672175,3.256068694942722,2,13,0.042372882,91.0
GTGCTCAGTCAGGCGA,GTGCTCAGTCAGGCGA,edge_gfp_plus,edge,GFP+,5.9643952850960265,3.463140999683586,2.501254285412441,26,14,0.20088403,728.0
CGACTTGGTAACCACT,CGACTTGGTAACCACT,edge_gfp_plus,edge,GFP+,6.054983965768956,3.6729697768342655,2.382014188934691,14,24,0.18283074,373.0
AACGTAGGTAGTGCTT,AACGTAGGTAGTGCTT,edge_gfp_plus,edge,GFP+,6.555272228527274,3.35474018615885,3.200532042368424,24,29,0.08146845,179.0
AGCTAAGGTCAGGCTC,AGCTAAGGTCAGGCTC,edge_gfp_plus,edge,GFP+,6.599969052996499,3.0391486719030705,3.560820381093429,1,21,0.07366072,46.0
AGCGCAGGTCAGTAGA,AGCGCAGGTCAGTAGA,edge_gfp_plus,edge,GFP+,7.1006202215455065,3.2855592093424364,3.81506101220307,38,24,0.049673207,81.0
TGCCATGGTAACCCAT,TGCCATGGTAACCCAT,edge_gfp_plus,edge,GFP+,5.445678101250294,2.312159032631942,3.1335190686183525,33,37,0.17263429,160.0
CCTCGTTGTGATTGCT,CCTCGTTGTGATTGCT,edge_gfp_plus,edge,GFP+,5.310091093651607,3.0391486719030705,2.270942421748537,16,30,0.091836736,28.0
TGGTTTAGTTCGGTGC,TGGTTTAGTTCGGTGC,edge_gfp_plus,edge,GFP+,7.82699430957477,4.147735386800343,3.679258922774428,24,38,0.052074634,120.0
ACAGCTTGTAGCTGCC,ACAGCTTGTAGCTGCC,edge_gfp_plus,edge,GFP+,7.41938321416496,3.844600957667654,3.5747822564973064,17,24,0.06317798,283.0
TCAGCCAGTCAACCTG,TCAGCCAGTCAACCTG,edge_gfp_plus,edge,GFP+,7.466110736964167,3.875844406292909,3.5902663306712577,24,15,0.07487791,154.0
GGACCCTGTGAAGTCA,GGACCCTGTGAAGTCA,edge_gfp_plus,edge,GFP+,7.327669549035138,3.651478922893309,3.67619062614183,27,6,0.029761907,64.0
GTATCCGGTCTAGCGC,GTATCCGGTCTAGCGC,edge_gfp_plus,edge,GFP+,4.475984754165803,1.448815635725185,3.0271691184406184,35,23,0.11688312,18.0
AATCGAGGTCATCAAC,AATCGAGGTCATCAAC,edge_gfp_plus,edge,GFP+,5.066307519224645,2.8163075192246447,2.25,2,2,0.073529415,25.0
TCTACAAGTCTTGCTC,TCTACAAGTCTTGCTC,edge_gfp_plus,edge,GFP+,6.935275504275323,3.753269689515109,3.1820058147602133,14,8,0.025714286,39.0
TGAAACGGTGATTCGT,TGAAACGGTGATTCGT,edge_gfp_plus,edge,GFP+,7.179762031175462,3.584109286730468,3.595652744444994,38,27,0.0787037,93.0
GCACCTAGTAGCCATT,GCACCTAGTAGCCATT,edge_gfp_plus,edge,GFP+,6.299038912940716,3.3488588643236614,2.9501800486170557,29,44,0.1132459,2526.0
TGTAACCGTAGGTAGC,TGTAACCGTAGGTAGC,edge_gfp_plus,edge,GFP+,2.933891302643429,1.6499829727589033,1.2839083298845262,14,23,0.5801887,211.0
GTGCCTAGTCTAGTAC,GTGCCTAGTCTAGTAC,edge_gfp_plus,edge,GFP+,6.3937087313135335,3.0220552088742005,3.371653522439333,17,5,0.052083332,36.0
CTGGTCAGTTGTCCCT,CTGGTCAGTTGTCCCT,edge_gfp_plus,edge,GFP+,8.791456191155225,4.601877629588968,4.1895785615662575,35,22,0.015763547,686.0
AGCACTTGTCATCAGT,AGCACTTGTCATCAGT,edge_gfp_plus,edge,GFP+,4.576879951687319,1.7884294943790302,2.788450457308289,26,41,0.20504926,86.0
ACATGAGGTAACCCTG,ACATGAGGTAACCCTG,edge_gfp_plus,edge,GFP+,7.51843963581188,3.848988235582061,3.669451400229818,22,11,0.046875,216.0
GGTAATGGTAGTGCCC,GGTAATGGTAGTGCCC,edge_gfp_plus,edge,GFP+,7.80492065397351,3.7441608822515846,4.0607597717219255,37,33,0.098143235,220.0
CGAGGATGTAGTGTCT,CGAGGATGTAGTGTCT,edge_gfp_plus,edge,GFP+,4.432138958611657,1.8305294615526293,2.601609497059028,14,31,0.16875,76.0
GGTCTATGTTATGCGT,GGTCTATGTTATGCGT,edge_gfp_plus,edge,GFP+,7.857530938747791,3.796848417433898,4.060682521313893,14,13,0.035843372,163.0
CTTATAGGTAGTAAGT,CTTATAGGTAGTAAGT,edge_gfp_plus,edge,GFP+,7.1651943990673,3.419373818819777,3.7458205802475217,9,22,0.04679144,259.0
TAAGCGAGTCATTACA,TAAGCGAGTCATTACA,edge_gfp_plus,edge,GFP+,8.672729403304558,4.289685035819847,4.383044367484711,37,31,0.026226265,636.0
TCGTTCCGTTTCACTT,TCGTTCCGTTTCACTT,edge_gfp_plus,edge,GFP+,5.59107670910205,2.717936029588917,2.873140679513133,11,4,0.10576923,37.0
TCGGTTGGTTATCCTT,TCGGTTGGTTATCCTT,edge_gfp_plus,edge,GFP+,7.660199149957833,3.950601264011371,3.7095978859464624,14,29,0.060034305,280.0
CAAGTGAGTTGCAGTT,CAAGTGAGTTGCAGTT,edge_gfp_plus,edge,GFP+,7.35941395500745,3.788754913993504,3.5706590410139465,16,7,0.025252525,49.0
AACTTTGGTGAAGCGT,AACTTTGGTGAAGCGT,edge_gfp_plus,edge,GFP+,7.890218050710795,3.8553885422075336,4.034829508503261,15,28,0.01875,64.0
TCCCTTAGTAAGTGTG,TCCCTTAGTAAGTGTG,edge_gfp_plus,edge,GFP+,5.48781209347771,3.310057330387808,2.1777547630899026,14,29,0.114942536,103.0
GGATAATGTCTTGAAC,GGATAATGTCTTGAAC,edge_gfp_plus,edge,GFP+,7.740366210877312,3.941846301623479,3.798519909253833,31,28,0.028708134,142.0
CAACCCAGTGGCTTGC,CAACCCAGTGGCTTGC,edge_gfp_plus,edge,GFP+,7.283003325601507,3.663532754804255,3.619470570797252,2,10,0.02727273,47.0
AAACCCTGTCAGGAGT,AAACCCTGTCAGGAGT,edge_gfp_plus,edge,GFP+,4.807587660255865,2.25,2.557587660255865,2,8,0.10714286,29.0
TCACTCCGTTGACTAC,TCACTCCGTTGACTAC,edge_gfp_plus,edge,GFP+,6.658997600385777,3.289061217254786,3.369936383130991,24,37,0.14905845,199.0
AGTACAGGTCATCATA,AGTACAGGTCATCATA,edge_gfp_plus,edge,GFP+,8.427571718388602,4.051214736288806,4.376356982099797,35,41,0.029400293,517.0
AGAGACCGTCTAACCG,AGAGACCGTCTAACCG,edge_gfp_plus,edge,GFP+,4.7672790315098,1.9219280948873625,2.8453509366224368,1,7,0.10909092,16.0
CGTGGCTGTAGCAGCG,CGTGGCTGTAGCAGCG,edge_gfp_plus,edge,GFP+,7.685507767064966,3.6711499390701863,4.014357827994779,2,27,0.023041474,73.0
AGTCTTAGTTGGCCTA,AGTCTTAGTTGGCCTA,edge_gfp_plus,edge,GFP+,7.917000470129247,3.716814325654829,4.200186144474419,36,29,0.03923077,415.0
CCATCAGGTAGCCTTG,CCATCAGGTAGCCTTG,edge_gfp_plus,edge,GFP+,7.08092229912322,3.369451098776121,3.7114712003470975,20,10,0.07447917,88.0
AGACGTAGTAACCACT,AGACGTAGTAACCACT,edge_gfp_plus,edge,GFP+,6.053316144399625,3.311257122337577,2.742059022062048,10,18,0.11119692,214.0
CTCGTCTGTAAGTCAG,CTCGTCTGTAAGTCAG,edge_gfp_plus,edge,GFP+,7.709036308749646,3.462295769692389,4.246740539057257,10,33,0.05426716,133.0
CTTGCAGGTGGACATA,CTTGCAGGTGGACATA,edge_gfp_plus,edge,GFP+,7.168256296291153,3.2783104350426004,3.889945861248553,24,37,0.065740325,166.0
CACGATTGTGCATTCG,CACGATTGTGCATTCG,edge_gfp_plus,edge,GFP+,7.801487629289108,3.980136766404145,3.8213508628849633,18,20,0.036111113,122.0
GCCGAAGGTTCCGGTA,GCCGAAGGTTCCGGTA,edge_gfp_plus,edge,GFP+,7.397530125929355,3.345010276726009,4.052519849203345,14,37,0.05744269,646.0
ACGAAATGTTGCAGGG,ACGAAATGTTGCAGGG,edge_gfp_plus,edge,GFP+,5.28477972811401,2.0799457096430416,3.204834018470969,36,37,0.21245421,146.0
CAGCCTAGTTCCGCTT,CAGCCTAGTTCCGCTT,edge_gfp_plus,edge,GFP+,4.9526610756442055,2.3029156503463373,2.6497454252978683,17,23,0.29257143,145.0
TGCTATAGTTAAGTCC,TGCTATAGTTAAGTCC,edge_gfp_plus,edge,GFP+,2.0,2.0,-0.0,9,9,0.25,5.0
ATGCAAGGTTATGGGA,ATGCAAGGTTATGGGA,edge_gfp_plus,edge,GFP+,6.992429665379662,3.1626878900165245,3.829741775363137,29,10,0.040178575,67.0
AGGATTGGTGATCCAT,AGGATTGGTGATCCAT,edge_gfp_plus,edge,GFP+,6.958333093746735,3.79159305433816,3.166740039408576,31,41,0.09423259,281.0
GCTTGATGTGAGTCCC,GCTTGATGTGAGTCCC,edge_gfp_plus,edge,GFP+,7.755887248702514,3.407088336500017,4.348798912202497,29,17,0.030039527,101.0
GTAGTCTGTCTAGGCC,GTAGTCTGTCTAGGCC,edge_gfp_plus,edge,GFP+,6.504147219215232,3.492131323595268,3.0120158956199643,17,21,0.0700431,61.0
CAAGCCCGTCATCAGT,CAAGCCCGTCATCAGT,edge_gfp_plus,edge,GFP+,8.692179871216823,4.389101271376593,4.303078599840229,40,37,0.023172267,613.0
GCGGGTAGTTCTGTGG,GCGGGTAGTTCTGTGG,edge_gfp_plus,edge,GFP+,8.82131371879149,4.422009349799263,4.399304368992228,16,29,0.024076179,953.0
CCGGCATGTTATGGAG,CCGGCATGTTATGGAG,edge_gfp_plus,edge,GFP+,7.008096098894958,3.559637447437221,3.448458651457736,25,33,0.108356886,408.0
AGGGTACGTTAGTTCA,AGGGTACGTTAGTTCA,edge_gfp_plus,edge,GFP+,4.608734254241892,2.162294909570876,2.4464393446710155,10,24,0.17777778,37.0
ACTGCATGTTTGCCTC,ACTGCATGTTTGCCTC,edge_gfp_plus,edge,GFP+,4.448361416437886,1.8492632153787467,2.59909820105914,14,26,0.20722948,206.0
GGTCTATGTGAAGTGC,GGTCTATGTGAAGTGC,edge_gfp_plus,edge,GFP+,8.013227389379256,3.886473990573652,4.126753398805604,30,25,0.017648911,357.0
GGTGCGAGTAATGAAC,GGTGCGAGTAATGAAC,edge_gfp_plus,edge,GFP+,7.450074718300307,3.537011935235588,3.91306278306472,27,37,0.07758753,306.0
ATGGTGAGTGGGTAAC,ATGGTGAGTGGGTAAC,edge_gfp_plus,edge,GFP+,5.679195399484348,2.5016291673878226,3.177566232096525,14,20,0.06349207,45.0
ACCCAATGTTTCGCCT,ACCCAATGTTTCGCCT,edge_gfp_plus,edge,GFP+,6.412833943241374,3.423157417380028,2.989676525861346,30,37,0.14035088,119.0
AGCATGAGTTTGGCTG,AGCATGAGTTTGGCTG,edge_gfp_plus,edge,GFP+,5.916183001764873,3.1288232934471054,2.7873597083177675,33,26,0.14517744,190.0
AATGCCTGTTAACGTC,AATGCCTGTTAACGTC,edge_gfp_plus,edge,GFP+,6.906151667378879,3.5475469023049118,3.3586047650739674,24,29,0.03686636,146.0
TGGAATGGTTGTCCCT,TGGAATGGTTGTCCCT,edge_gfp_plus,edge,GFP+,7.241452778183747,3.6887218755408666,3.552730902642881,25,29,0.0390625,88.0
TAAGGATGTCATGATC,TAAGGATGTCATGATC,edge_gfp_plus,edge,GFP+,8.562974733396747,4.717120501263342,3.845854232133405,29,33,0.024994614,437.0
TAGGTAGGTGAGCACG,TAGGTAGGTGAGCACG,edge_gfp_plus,edge,GFP+,7.68547930194595,3.767183467891461,3.918295834054489,14,12,0.025641028,50.0
GTAGCAAGTCAGCACC,GTAGCAAGTCAGCACC,edge_gfp_plus,edge,GFP+,6.60528404426318,3.828072996388509,2.7772110478746708,2,2,0.06666667,65.0
ACACGGGGTTCCAGCA,ACACGGGGTTCCAGCA,edge_gfp_plus,edge,GFP+,7.490528087936257,3.525509821647624,3.9650182662886326,24,24,0.04464286,109.0
AAAGCATGTTCCGTCT,AAAGCATGTTCCGTCT,edge_gfp_plus,edge,GFP+,5.5693390327418975,3.1967343503583328,2.3726046823835643,11,13,0.16905187,151.0
TCTATGAGTTGGGTCC,TCTATGAGTTGGGTCC,edge_gfp_plus,edge,GFP+,7.313032814272842,3.5724312513221195,3.7406015629507214,1,1,0.020833334,42.0
AAGTAACGTGGCCAGA,AAGTAACGTGGCCAGA,edge_gfp_plus,edge,GFP+,6.738913551570793,3.320617717516303,3.418295834054489,14,43,0.060283687,59.0
GCCAATTGTAAGGTGC,GCCAATTGTAAGGTGC,edge_gfp_plus,edge,GFP+,6.475438485751203,3.373557262275185,3.101881223476018,2,2,0.03137255,32.0
GTCATTAGTTGCATAC,GTCATTAGTTGCATAC,edge_gfp_plus,edge,GFP+,6.356814975235355,2.872829723338544,3.48398525189681,15,15,0.12099214,144.0
GCGGTGAGTTCACGGC,GCGGTGAGTTCACGGC,edge_gfp_plus,edge,GFP+,3.816232755328732,2.231270254607576,1.584962500721156,17,10,0.09090909,14.0
TCTATCTGTTGCCTCT,TCTATCTGTTGCCTCT,edge_gfp_plus,edge,GFP+,5.169894354726768,2.9477027792200903,2.2221915755066783,19,2,0.10101011,20.0
AGCAAATGTATGGGTA,AGCAAATGTATGGGTA,edge_gfp_plus,edge,GFP+,7.156614971101309,3.5724312513221195,3.584183719779189,2,33,0.025000002,38.0
AGAGTTGGTTAGTTCA,AGAGTTGGTTAGTTCA,edge_gfp_plus,edge,GFP+,11.169925001442312,5.584962500721156,5.584962500721156,1,1,0.0,0.0
GCCCTAAGTGGACCCT,GCCCTAAGTGGACCCT,edge_gfp_plus,edge,GFP+,10.01269933307528,5.036959392316259,4.97573994075902,2,18,0.0085398685,642.0
CTGCCTTGTTTCAGGT,CTGCCTTGTTTCAGGT,edge_gfp_plus,edge,GFP+,6.857848018532108,3.585405129853635,3.272442888678473,17,19,0.0733909,101.0
AATGGCAGTCATCATA,AATGGCAGTCATCATA,edge_gfp_plus,edge,GFP+,3.745346924202641,1.6448111585357184,2.1005357656669226,14,28,0.3802469,87.0
CCACATGGTTGTCCGA,CCACATGGTTGTCCGA,edge_gfp_plus,edge,GFP+,9.208530906413625,4.581353957957312,4.627176948456313,43,20,0.02283342,311.0
ACCGAGGGTTCGCTTC,ACCGAGGGTTCGCTTC,edge_gfp_plus,edge,GFP+,7.272597455098699,3.081286632575456,4.191310822523243,8,19,0.11111111,243.0
TGCCTCTGTCAACTGT,TGCCTCTGTCAACTGT,edge_gfp_plus,edge,GFP+,4.507155002176749,2.7216517871026227,1.7855032150741263,37,25,0.25915805,1024.0
AATGAACGTCATGGAA,AATGAACGTCATGGAA,edge_gfp_plus,edge,GFP+,4.008282045113766,1.9608816986422053,2.0474003464715613,37,24,0.41151026,3879.0
CGTTCCTGTCTTGAAC,CGTTCCTGTCTTGAAC,edge_gfp_plus,edge,GFP+,7.427966650839204,3.604031754555149,3.823934896284056,20,4,0.021551725,53.0
CTTCATTGTTCGCTCT,CTTCATTGTTCGCTCT,edge_gfp_plus,edge,GFP+,7.00622025451897,3.819107332203236,3.187112922315734,29,22,0.0896509,150.0
TGATCCGGTAAGCTCT,TGATCCGGTAAGCTCT,edge_gfp_plus,edge,GFP+,8.19196805049565,4.053849714875855,4.138118335619794,31,31,0.042285856,182.0
GCCAATTGTAAGTCCT,GCCAATTGTAAGTCCT,edge_gfp_plus,edge,GFP+,8.085617247264164,4.220186734325949,3.8654305129382154,26,28,0.018998101,210.0
CCACCTTGTGAACGCG,CCACCTTGTGAACGCG,edge_gfp_plus,edge,GFP+,6.686102458170986,3.177566232096525,3.5085362260744604,35,31,0.049382716,48.0
GGACATAGTGAGATAT,GGACATAGTGAGATAT,edge_gfp_plus,edge,GFP+,6.70514390143887,3.326360407952694,3.378783493486176,14,2,0.02255639,33.0
ACAATCCGTGAGTGAC,ACAATCCGTGAGTGAC,edge_gfp_plus,edge,GFP+,6.432154535607874,3.4100993267336737,3.0220552088742005,38,3,0.054347824,35.0
GGTGCCTGTAACCGGG,GGTGCCTGTAACCGGG,edge_gfp_plus,edge,GFP+,8.193847953703896,4.193206974398168,4.000640979305729,32,37,0.0266225,695.0
CTGACCAGTTACACGT,CTGACCAGTTACACGT,edge_gfp_plus,edge,GFP+,6.739101398204207,3.1643915038457573,3.57470989435845,26,39,0.13129497,550.0
ACAGCCCGTGCGGTCT,ACAGCCCGTGCGGTCT,edge_gfp_plus,edge,GFP+,6.916088127268484,2.8265356747078165,4.089552452560668,18,3,0.032467533,89.0
AGTCCTGGTTGCGCTA,AGTCCTGGTTGCGCTA,edge_gfp_plus,edge,GFP+,6.9852381822822025,3.58271991599357,3.4025182662886326,12,14,0.05147059,66.0
TCACCCTGTTTCACTT,TCACCCTGTTTCACTT,edge_gfp_plus,edge,GFP+,6.3863426653467465,3.531063272245543,2.8552793931012035,20,30,0.08276534,105.0
CCTCGTTGTTCGTCAG,CCTCGTTGTTCGTCAG,edge_gfp_plus,edge,GFP+,6.936756343883589,3.196154780932867,3.7406015629507214,37,18,0.029761905,45.0
GGCTTTGGTCATCAAC,GGCTTTGGTCATCAAC,edge_gfp_plus,edge,GFP+,4.861012097284002,2.3068905956085186,2.554121501675483,14,36,0.097777784,45.0
AACGGCGGTCTAATGC,AACGGCGGTCTAATGC,edge_gfp_plus,edge,GFP+,7.388684048693937,3.275869153221582,4.112814895472355,27,29,0.035,115.0
TGTATTGGTAAGTCGA,TGTATTGGTAAGTCGA,edge_gfp_plus,edge,GFP+,9.656497766748794,4.864369197439675,4.792128569309119,20,24,0.00779606,779.0
CGCATCAGTCAACCAT,CGCATCAGTCAACCAT,edge_gfp_plus,edge,GFP+,6.902021099462067,3.326112528673379,3.5759085707886884,23,27,0.03967136,191.0
TCAGCTGGTAGTCCAT,TCAGCTGGTAGTCCAT,edge_gfp_plus,edge,GFP+,6.5271514042060925,3.1023592884781865,3.424792115727906,18,24,0.13642214,230.0
GCACCTAGTAAGCGAC,GCACCTAGTAAGCGAC,edge_gfp_plus,edge,GFP+,5.0116020493936455,3.454822399946606,1.5567796494470396,16,19,0.12352941,37.0
ATCCATAGTTGACGGG,ATCCATAGTTGACGGG,edge_gfp_plus,edge,GFP+,5.114824263527898,2.8895494308620875,2.2252748326658103,14,30,0.16624041,40.0
ACAGAATGTGAGTAAT,ACAGAATGTGAGTAAT,edge_gfp_plus,edge,GFP+,9.0914243475779,4.527754328686026,4.563670018891874,40,37,0.017703999,1262.0
TCAAAGGGTCTAACTA,TCAAAGGGTCTAACTA,edge_gfp_plus,edge,GFP+,7.995347357529186,4.574554040681635,3.42079331684755,2,23,0.034594595,320.0
TACTATGGTCAGGAAC,TACTATGGTCAGGAAC,edge_gfp_plus,edge,GFP+,8.910161366238963,4.626459516988704,4.283701849250258,14,26,0.018583523,602.0
TGAGCGGGTTGTCCGA,TGAGCGGGTTGTCCGA,edge_gfp_plus,edge,GFP+,7.028871935234215,3.305964440912335,3.72290749432188,26,33,0.04464286,92.0
CAGGATAGTAGTGCGG,CAGGATAGTAGTGCGG,edge_gfp_plus,edge,GFP+,6.347870609817885,3.038436165773778,3.309434444044108,17,23,0.06308822,623.0
ACCCAATGTATTGCTA,ACCCAATGTATTGCTA,edge_gfp_plus,edge,GFP+,8.023977988993021,4.110577243331642,3.913400745661378,2,2,0.013824885,59.0
GGTACTTGTAAGTCCT,GGTACTTGTAAGTCCT,edge_gfp_plus,edge,GFP+,7.183802987005063,3.7034651896016473,3.480337797403416,14,11,0.03,57.0
ACTGAAGGTAGCAGCG,ACTGAAGGTAGCAGCG,edge_gfp_plus,edge,GFP+,8.23855372414356,4.020261238195878,4.218292485947682,1,21,0.01714939,105.0
GCGCAAGGTGAGGTTA,GCGCAAGGTGAGGTTA,edge_gfp_plus,edge,GFP+,9.159780413590408,4.379002722626086,4.780777690964322,35,31,0.0153454,555.0
AACCGGGGTAAGTACG,AACCGGGGTAAGTACG,edge_gfp_plus,edge,GFP+,5.393347655342772,2.6920033705297897,2.7013442848129827,11,26,0.28094122,398.0
GGGTATAGTTGACGAA,GGGTATAGTTGACGAA,edge_gfp_plus,edge,GFP+,5.567984775702001,2.9078550230687448,2.660129752633257,36,37,0.107416876,40.0
ACTGAAGGTCCATAGT,ACTGAAGGTCCATAGT,edge_gfp_plus,edge,GFP+,6.181266194422345,2.922952922958745,3.2583132714635994,33,37,0.1572529,158.0
TATCCGGGTCTTGCTC,TATCCGGGTCTTGCTC,edge_gfp_plus,edge,GFP+,4.621788689040336,2.466149626810769,2.1556390622295662,6,23,0.107142866,57.0
TGTGTACGTCAAGTCT,TGTGTACGTCAAGTCT,edge_gfp_plus,edge,GFP+,5.155735862009667,2.4922031072054125,2.6635327548042547,27,2,0.09625669,28.0
AGGCTCCGTTAACGAG,AGGCTCCGTTAACGAG,edge_gfp_plus,edge,GFP+,8.806725838913703,4.435951755194833,4.370774083718869,29,41,0.014800515,579.0
GTCGGCTGTTGCTAAC,GTCGGCTGTTGCTAAC,edge_gfp_plus,edge,GFP+,5.41519497370064,2.706216361752018,2.7089786119486217,35,26,0.27142856,1149.0
TGGCTTGGTCAATTCA,TGGCTTGGTCAATTCA,edge_gfp_plus,edge,GFP+,4.543331636806434,1.6879430945989,2.8553885422075336,24,8,0.15,27.0
CGTAAAGGTTCTGTGG,CGTAAAGGTTCTGTGG,edge_gfp_plus,edge,GFP+,6.712186634792943,3.635562999718565,3.076623635074377,33,39,0.037128713,201.0
CTGTTCCGTGGCCAAG,CTGTTCCGTGGCCAAG,edge_gfp_plus,edge,GFP+,6.857385593014593,3.0365690603498674,3.820816532664725,24,29,0.10348444,722.0
GCCGTACGTTCGTTGG,GCCGTACGTTCGTTGG,edge_gfp_plus,edge,GFP+,4.0690057682839145,2.147077673396552,1.9219280948873625,25,30,0.14736842,24.0
ACTGAAGGTTTGGCAT,ACTGAAGGTTTGGCAT,edge_gfp_plus,edge,GFP+,5.473019664684541,2.6923806024549743,2.7806390622295662,19,6,0.08928572,30.0
ACGCGAGGTAATCGGA,ACGCGAGGTAATCGGA,edge_gfp_plus,edge,GFP+,6.747746799008625,3.175123135113461,3.572623663895164,2,2,0.032085564,39.0
GCTAAAGGTTTACGGT,GCTAAAGGTTTACGGT,edge_gfp_plus,edge,GFP+,7.868232137813666,3.766705441662147,4.101526696151519,39,26,0.041854933,319.0
AGTCGAAGTTTCGCTC,AGTCGAAGTTTCGCTC,edge_gfp_plus,edge,GFP+,8.872226527686875,4.4400420300757,4.432184497611175,27,31,0.0196528,385.0
CGAATCTGTTAGGTGA,CGAATCTGTTAGGTGA,edge_gfp_plus,edge,GFP+,7.7312612680740465,3.7312524142950503,4.000008853778995,20,24,0.06737855,170.0
CGATGGGGTAATGAAC,CGATGGGGTAATGAAC,edge_gfp_plus,edge,GFP+,8.488738335500598,4.393364624515833,4.095373710984765,24,23,0.027379895,406.0
CTCACCTGTGAGTTGA,CTCACCTGTGAGTTGA,edge_gfp_plus,edge,GFP+,6.844242339674707,3.7180277431052056,3.1262145965695023,14,37,0.11536125,88.0
ACATCCGGTGAACGTA,ACATCCGGTGAACGTA,edge_gfp_plus,edge,GFP+,8.62211756553493,4.206897774773498,4.415219790761432,28,18,0.015062598,143.0
ATCATCAGTTGCGGCT,ATCATCAGTTGCGGCT,edge_gfp_plus,edge,GFP+,7.952423846165372,3.506890595608519,4.445533250556853,14,4,0.018666668,65.0
CACGTATGTTCGTATA,CACGTATGTTCGTATA,edge_gfp_plus,edge,GFP+,5.414225301288219,1.950944783477409,3.4632805178108104,14,28,0.093406595,47.0
ATTCGTAGTTGAGCTT,ATTCGTAGTTGAGCTT,edge_gfp_plus,edge,GFP+,9.012446970324223,4.25013411388814,4.762312856436084,14,24,0.02098272,369.0
ATGATCCGTATGGAGC,ATGATCCGTATGGAGC,edge_gfp_plus,edge,GFP+,7.668776645354912,3.314815843592727,4.3539608017621845,14,17,0.053162728,366.0
AACGGCGGTAGCGGAT,AACGGCGGTAGCGGAT,edge_gfp_plus,edge,GFP+,7.481822580317031,3.4316179614517,4.050204618865331,35,17,0.03598201,104.0
GTGCGAGGTGATGGCG,GTGCGAGGTGATGGCG,edge_gfp_plus,edge,GFP+,7.900292348372426,4.007205452175263,3.8930868961971634,33,7,0.029375764,81.0
GGGGCTAGTGATAGCA,GGGGCTAGTGATAGCA,edge_gfp_plus,edge,GFP+,5.554063658765028,2.82194201571014,2.732121643054888,35,18,0.115079366,119.0
CCCGATAGTCTAATGC,CCCGATAGTCTAATGC,edge_gfp_plus,edge,GFP+,4.763227152376491,1.707206184318609,3.056020968057882,24,18,0.2,106.0
CTGTGATGTCATGAGA,CTGTGATGTCATGAGA,edge_gfp_plus,edge,GFP+,5.024797925667009,2.40400975732486,2.620788168342149,20,22,0.16666667,52.0
GGTTTACGTTCGTGGC,GGTTTACGTTCGTGGC,edge_gfp_plus,edge,GFP+,7.903600739496691,4.073452046330942,3.830148693165749,27,9,0.01183432,91.0
TGGAGCGGTTCGTATA,TGGAGCGGTTCGTATA,edge_gfp_plus,edge,GFP+,7.19651768251792,3.633206219346496,3.563311463171424,26,33,0.050892856,124.0
ATAACGGGTGATGGAC,ATAACGGGTGATGGAC,edge_gfp_plus,edge,GFP+,8.75356868298821,4.090539927453964,4.663028755534246,37,37,0.018346732,739.0
CTCAACGGTAACCCAT,CTCAACGGTAACCCAT,edge_gfp_plus,edge,GFP+,8.182304108057028,3.691888578175395,4.490415529881632,24,34,0.03137066,130.0
TGCTATAGTTAGAGGC,TGCTATAGTTAGAGGC,edge_gfp_plus,edge,GFP+,6.901101240594431,3.555796606894177,3.3453046337002537,36,37,0.07194024,812.0
CGTTCAGGTAATCCGT,CGTTCAGGTAATCCGT,edge_gfp_plus,edge,GFP+,9.38122606320616,4.551216576973712,4.830009486232448,3,26,0.018888207,867.0
GCATGTTGTCATGCTG,GCATGTTGTCATGCTG,edge_gfp_plus,edge,GFP+,6.023228831563705,3.4558245630874915,2.5674042684762126,17,22,0.13032582,717.0
TCGACCAGTGCAACCC,TCGACCAGTGCAACCC,edge_gfp_plus,edge,GFP+,8.100395979266853,3.814274043828026,4.286121935438828,14,24,0.03352362,567.0
ATCCTCCGTTCGTTGG,ATCCTCCGTTCGTTGG,edge_gfp_plus,edge,GFP+,7.367247713077691,3.6681557621692944,3.6990919509083966,29,12,0.09911692,488.0
AACTGAGGTTTGGTCG,AACTGAGGTTTGGTCG,edge_gfp_plus,edge,GFP+,7.560232492492668,3.6988816296077047,3.8613508628849633,29,20,0.05333333,89.0
GGCATCCGTGCATCTG,GGCATCCGTGCATCTG,edge_gfp_plus,edge,GFP+,8.109878703914053,3.549212348550628,4.560666355363425,43,14,0.04992166,389.0
CCGATTGGTCATTGGT,CCGATTGGTCATTGGT,edge_gfp_plus,edge,GFP+,4.732843769777709,2.732843769777709,2.0,16,22,0.13492064,71.0
ACTGCATGTCAGCATT,ACTGCATGTCAGCATT,edge_gfp_plus,edge,GFP+,9.209280039292718,4.77547491632907,4.433805122963649,36,27,0.014626219,324.0
TATCGTAGTTATCGAC,TATCGTAGTTATCGAC,edge_gfp_plus,edge,GFP+,5.925244696369569,2.664078820026696,3.261165876342874,14,27,0.10579042,223.0
CAATCCGGTTGCTGAT,CAATCCGGTTGCTGAT,edge_gfp_plus,edge,GFP+,6.265784233729483,2.8176639211393386,3.4481203125901443,16,33,0.080882356,82.0
AGCGCCTGTTGGGTAA,AGCGCCTGTTGGGTAA,edge_gfp_plus,edge,GFP+,6.810588594830896,3.460212274205709,3.350376320625186,35,30,0.06440072,177.0
CGAATAGGTAACGAAT,CGAATAGGTAACGAAT,edge_gfp_plus,edge,GFP+,7.069315762851933,3.418112117243432,3.6512036456085015,37,26,0.053616524,422.0
CCAATTAGTTCCCGAA,CCAATTAGTTCCCGAA,edge_gfp_plus,edge,GFP+,6.304181013761755,3.2960831726234563,3.008097841138299,17,23,0.07478633,813.0
TCTATGAGTTGGCTAT,TCTATGAGTTGGCTAT,edge_gfp_plus,edge,GFP+,6.239981741814196,3.411768795973195,2.8282129458410017,16,10,0.05,60.0
CCCACTTGTAGTCATC,CCCACTTGTAGTCATC,edge_gfp_plus,edge,GFP+,4.678318106366996,2.469755041749057,2.20856306461794,29,39,0.33238286,687.0
ATAGCGAGTAGCTCGC,ATAGCGAGTAGCTCGC,edge_gfp_plus,edge,GFP+,4.171285181327405,2.1359632418719645,2.0353219394554403,25,35,0.42596698,239.0
CCGGTTAGTCAACGAA,CCGGTTAGTCAACGAA,edge_gfp_plus,edge,GFP+,9.125540760654555,4.39560228417957,4.729938476474987,14,33,0.028126197,1082.0
TAAGCAGGTGGGTTAA,TAAGCAGGTGGGTTAA,edge_gfp_plus,edge,GFP+,5.74665173709128,2.630967686628141,3.1156840504631385,24,35,0.123957954,151.0
GCGCAAGGTCAGCCTA,GCGCAAGGTCAGCCTA,edge_gfp_plus,edge,GFP+,6.191853096329675,3.084962500721156,3.106890595608519,5,10,0.04444445,27.0
ATTGGCTGTTGGATTC,ATTGGCTGTTGGATTC,edge_gfp_plus,edge,GFP+,3.8152693708974734,0.969918434275037,2.8453509366224363,14,37,0.22027972,37.0
TGGGCGAGTCTGGTTG,TGGGCGAGTCTGGTTG,edge_gfp_plus,edge,GFP+,7.702868057866711,3.821270208003755,3.8815978498629566,31,29,0.03998841,288.0
GTAAACGGTTGTCTAA,GTAAACGGTTGTCTAA,edge_gfp_plus,edge,GFP+,2.187529934609937,0.9225943007894716,1.264935633820466,35,24,0.68874204,957.0
CTAGAAGGTAGGTCGG,CTAGAAGGTAGGTCGG,edge_gfp_plus,edge,GFP+,7.927522506865464,3.740953260404839,4.186569246460625,11,18,0.028985508,53.0
GGTGATAGTAGTAACG,GGTGATAGTAGTAACG,edge_gfp_plus,edge,GFP+,6.891345055199854,3.714087037058405,3.1772580181414494,17,30,0.080018945,97.0
TGTAACCGTGCGAGCA,TGTAACCGTGCGAGCA,edge_gfp_plus,edge,GFP+,5.264652001420721,2.490437370626907,2.7742146307938143,33,37,0.22789635,73.0
TCAGCATGTGGAAGCT,TCAGCATGTGGAAGCT,edge_gfp_plus,edge,GFP+,4.44356873123068,1.9219280948873625,2.521640636343318,22,23,0.11428572,12.0
TAAGCAGGTGCAGGCA,TAAGCAGGTGCAGGCA,edge_gfp_plus,edge,GFP+,5.477443092795332,2.093008840223678,3.384434252571654,37,31,0.18421052,100.0
TCTGTAAGTCAGCACC,TCTGTAAGTCAGCACC,edge_gfp_plus,edge,GFP+,6.971354487013929,3.5,3.471354487013929,25,37,0.039473683,35.0
GCGCAAGGTAGTAACG,GCGCAAGGTAGTAACG,edge_gfp_plus,edge,GFP+,4.684614845668326,2.015740946422442,2.6688738992458845,27,38,0.31161013,512.0
CTGGCTAGTTGCTCCT,CTGGCTAGTTGCTCCT,edge_gfp_plus,edge,GFP+,9.69828770268921,4.833459205765989,4.864828496923222,24,33,0.021092279,457.0
TCTACTTGTCATTCGG,TCTACTTGTCATTCGG,edge_gfp_plus,edge,GFP+,6.945424364995382,3.027586149599652,3.9178382153957294,24,34,0.04901961,103.0
GTGCTTGGTCATCGTG,GTGCTTGGTCATCGTG,edge_gfp_plus,edge,GFP+,7.441922021932888,3.242789751188596,4.199132270744292,14,11,0.040598292,99.0
CCTGCAAGTTGCTCTC,CCTGCAAGTTGCTCTC,edge_gfp_plus,edge,GFP+,6.941360069050379,3.083670781774658,3.857689287275721,2,7,0.09489633,71.0
CATGGTTGTTGGTCTG,CATGGTTGTTGGTCTG,edge_gfp_plus,edge,GFP+,4.470592699313459,2.426003509301589,2.0445891900118687,14,23,0.29826114,165.0
AGCATAGGTTCCGGTA,AGCATAGGTTCCGGTA,edge_gfp_plus,edge,GFP+,4.655308296275404,2.235926350629033,2.4193819456463714,18,8,0.095238104,16.0
AGCCTCAGTTTGCATA,AGCCTCAGTTTGCATA,edge_gfp_plus,edge,GFP+,4.9684945535452165,2.5220552088742005,2.4464393446710155,2,13,0.10000001,22.0
CGAATAGGTCCATCTC,CGAATAGGTCCATCTC,edge_gfp_plus,edge,GFP+,8.028636011162623,3.543981759136449,4.484654252026174,35,37,0.037986707,224.0
ACGCTTGGTATAGACG,ACGCTTGGTATAGACG,edge_gfp_plus,edge,GFP+,7.492734050796843,3.418725718641448,4.074008332155395,15,15,0.05933953,182.0
TGCTTAAGTCTTGGTG,TGCTTAAGTCTTGGTG,edge_gfp_plus,edge,GFP+,7.579329436881944,3.641255542144079,3.9380738947378657,22,28,0.04024768,89.0
CTATTGAGTTGCTCTC,CTATTGAGTTGCTCTC,edge_gfp_plus,edge,GFP+,8.066048616145252,4.036006945330954,4.030041670814299,17,28,0.013994169,84.0
GGAGAAGGTAGCCAGG,GGAGAAGGTAGCCAGG,edge_gfp_plus,edge,GFP+,7.184795503863359,3.3732850290504595,3.8115104748129,42,38,0.064714946,103.0
GTCGAGGGTTTGGTCG,GTCGAGGGTTTGGTCG,edge_gfp_plus,edge,GFP+,6.871849665443215,3.521640636343318,3.350209029099897,26,38,0.023809526,32.0
ACCGTTGGTTGGTCAT,ACCGTTGGTTGGTCAT,edge_gfp_plus,edge,GFP+,6.089602076382187,3.326360407952694,2.763241668429493,3,24,0.09356725,46.0
ATGGTAGGTGAGATTG,ATGGTAGGTGAGATTG,edge_gfp_plus,edge,GFP+,5.152874472680373,2.57847353527122,2.5744009374091528,42,24,0.21734588,62.0
TCGCATGGTATAGTCC,TCGCATGGTATAGTCC,edge_gfp_plus,edge,GFP+,9.803701002523145,4.972338252082624,4.831362750440522,2,22,0.011293662,1324.0
AGGGTACGTAGGTTGA,AGGGTACGTAGGTTGA,edge_gfp_plus,edge,GFP+,6.181740261587294,3.732308225332476,2.4494320362548176,12,22,0.09629629,52.0
CTACATAGTTGAGCGG,CTACATAGTTGAGCGG,edge_gfp_plus,edge,GFP+,6.284208905927109,2.906549880344789,3.37765902558232,17,28,0.097423,117.0
CATTTAGGTTTAGCAC,CATTTAGGTTTAGCAC,edge_gfp_plus,edge,GFP+,6.011523078474037,2.434905433565372,3.5766176449086657,2,17,0.061784893,42.0
GGTATAGGTTGCATAC,GGTATAGGTTGCATAC,edge_gfp_plus,edge,GFP+,6.153425862045968,2.8606515218239714,3.292774340221997,14,17,0.12877265,113.0
AGTTTCAGTAATCCAC,AGTTTCAGTAATCCAC,edge_gfp_plus,edge,GFP+,6.645490087606231,2.829062055760206,3.8164280318460246,27,33,0.07911392,111.0
CTGTGATGTTGAGCGG,CTGTGATGTTGAGCGG,edge_gfp_plus,edge,GFP+,6.61096067747451,3.6698061902135546,2.941154487260955,33,38,0.054245282,186.0
GTTAGAGGTAACCGGG,GTTAGAGGTAACCGGG,edge_gfp_plus,edge,GFP+,5.738368209048624,2.7361730765960344,3.0021951324525897,15,15,0.1429544,217.0
ATGGATGGTCTGGTCA,ATGGATGGTCTGGTCA,edge_gfp_plus,edge,GFP+,6.44859289846786,2.9946101468973803,3.4539827515704795,36,28,0.068829894,176.0
AGGGTTAGTTGCGGCT,AGGGTTAGTTGCGGCT,edge_gfp_plus,edge,GFP+,7.353236001190714,3.465898126978429,3.887337874212285,14,27,0.07333334,200.0
GGGACCAGTTCACGGC,GGGACCAGTTCACGGC,edge_gfp_plus,edge,GFP+,7.615162803558475,3.672905595320056,3.9422572082384177,24,1,0.03214286,86.0
CGTGAGGGTTCGTCTC,CGTGAGGGTTCGTCTC,edge_gfp_plus,edge,GFP+,6.312899776119203,3.024397470347699,3.2885023057715044,14,15,0.09510869,39.0
AATGCCTGTCAGGAAC,AATGCCTGTCAGGAAC,edge_gfp_plus,edge,GFP+,5.3630774302821385,2.606397101112612,2.7566803291695265,10,17,0.14210527,175.0
TCACACGGTAATCCCG,TCACACGGTAATCCCG,edge_gfp_plus,edge,GFP+,6.375858252005465,3.975819397243385,2.40003885476208,2,21,0.091175504,120.0
TGCTTAAGTGCGATGG,TGCTTAAGTGCGATGG,edge_gfp_plus,edge,GFP+,5.494563391930219,3.088924329700653,2.4056390622295662,21,28,0.10135135,90.0
ATGCCCAGTAAGCAGC,ATGCCCAGTAAGCAGC,edge_gfp_plus,edge,GFP+,8.169232655137998,3.9795844399105977,4.1896482152274,27,37,0.048359238,355.0
CGCGTTAGTTGTGGTT,CGCGTTAGTTGTGGTT,edge_gfp_plus,edge,GFP+,6.152334064426543,3.1373135650452566,3.0150204993812864,29,39,0.2189289,641.0
AAGCCGGGTTCCGTTC,AAGCCGGGTTCCGTTC,edge_gfp_plus,edge,GFP+,6.595444197703364,3.0723028772372825,3.523141320466082,6,31,0.08064516,67.0
TCTACGGGTGAAGGTC,TCTACGGGTGAAGGTC,edge_gfp_plus,edge,GFP+,7.067731344458704,3.71929452566698,3.3484368187917246,1,2,0.02849003,53.0
CACCAATGTTGGGACG,CACCAATGTTGGGACG,edge_gfp_plus,edge,GFP+,5.871696364505182,2.75,3.121696364505181,20,40,0.1015625,40.0
GGATAATGTAAGTAAC,GGATAATGTAAGTAAC,edge_gfp_plus,edge,GFP+,5.929283016944966,3.1219280948873624,2.807354922057604,43,2,0.02857143,17.0
CACGAAAGTCAAGGGT,CACGAAAGTCAAGGGT,edge_gfp_plus,edge,GFP+,7.058358079091597,3.3682415614979324,3.690116517593665,33,37,0.08496732,70.0
ATGCGAAGTTCGCCTT,ATGCGAAGTTCGCCTT,edge_gfp_plus,edge,GFP+,6.3724061266553385,3.095795255000934,3.276610871654405,27,8,0.041958045,37.0
AACACGAGTGCATTAC,AACACGAGTGCATTAC,edge_gfp_plus,edge,GFP+,6.054445613980224,3.0929730942648765,2.961472519715348,14,33,0.10385524,72.0
AGAAGGGGTTCACTGG,AGAAGGGGTTCACTGG,edge_gfp_plus,edge,GFP+,7.587344582402076,3.658130127202857,3.929214455199219,24,2,0.018975332,82.0
GGTTTACGTGCGTGAG,GGTTTACGTGCGTGAG,edge_gfp_plus,edge,GFP+,10.306460534225511,5.139132224927533,5.16732830929798,2,10,0.004985879,2535.0
GTGTAAGGTGACTCCA,GTGTAAGGTGACTCCA,edge_gfp_plus,edge,GFP+,6.57997917143182,2.558051076544457,4.021928094887363,1,10,0.047058824,37.0
TGACGTTGTAAGTGAT,TGACGTTGTAAGTGAT,edge_gfp_plus,edge,GFP+,7.902192431763279,3.892922511989017,4.009269919774262,29,39,0.027761467,365.0
GTAGTCTGTATGGAGC,GTAGTCTGTATGGAGC,edge_gfp_plus,edge,GFP+,7.384354328937544,3.650446213556074,3.73390811538147,35,28,0.05542628,353.0
GGCATAAGTGAACCGG,GGCATAAGTGAACCGG,edge_gfp_plus,edge,GFP+,7.633952209250193,3.3814335628344026,4.252518646415791,33,34,0.02703364,184.0
TAGCCTGGTTCACCTC,TAGCCTGGTTCACCTC,edge_gfp_plus,edge,GFP+,7.730510614898778,4.068671215980616,3.661839398918162,13,14,0.04502036,258.0
TCTAGCGGTTAACCGT,TCTAGCGGTTAACCGT,edge_gfp_plus,edge,GFP+,3.887695902706584,1.9657678078192211,1.9219280948873625,24,38,0.23636363,27.0
TGGACAAGTATGGGAC,TGGACAAGTATGGGAC,edge_gfp_plus,edge,GFP+,6.957746918228498,3.693813488742864,3.263933429485634,25,5,0.020761246,51.0
CTCCGTTGTTATGCTA,CTCCGTTGTTATGCTA,edge_gfp_plus,edge,GFP+,4.928355744410819,2.815072410115944,2.113283334294875,14,13,0.07692308,22.0
CATGCCAGTGCGATCC,CATGCCAGTGCGATCC,edge_gfp_plus,edge,GFP+,8.187301220296506,3.9876490762204058,4.199652144076101,13,17,0.06970414,726.0
GGACGATGTATGTGGA,GGACGATGTATGTGGA,edge_gfp_plus,edge,GFP+,4.891406612586172,2.720586696002409,2.1708199165837625,22,29,0.1908036,579.0
ACTGGTTGTAACGATG,ACTGGTTGTAACGATG,edge_gfp_plus,edge,GFP+,6.816841573850518,3.2402239289418526,3.5766176449086657,14,7,0.021052632,34.0
GTGCCTAGTTAGGCCC,GTGCCTAGTTAGGCCC,edge_gfp_plus,edge,GFP+,6.322274898801124,3.200366208590655,3.1219086902104687,14,30,0.14857143,135.0
TCCACCTGTGCAGGCA,TCCACCTGTGCAGGCA,edge_gfp_plus,edge,GFP+,7.936735306863267,3.60195442418717,4.334780882676097,23,22,0.031974424,247.0
GTGCATTGTAAGTCAG,GTGCATTGTAAGTCAG,edge_gfp_plus,edge,GFP+,7.377518519380819,3.825773644035394,3.551744875345424,35,26,0.050863992,604.0
CCGTATGGTTAACCCG,CCGTATGGTTAACCCG,edge_gfp_plus,edge,GFP+,7.596589994760665,3.8492239123906247,3.74736608237004,3,25,0.03726708,86.0
GGCATCCGTAGGCGTG,GGCATCCGTAGGCGTG,edge_gfp_plus,edge,GFP+,6.508017811612006,3.236857303422074,3.271160508189932,15,32,0.07692309,47.0
GTCCATGGTTGCCTCT,GTCCATGGTTGCCTCT,edge_gfp_plus,edge,GFP+,6.927812448544851,2.624672995958384,4.303139452586468,27,37,0.064196624,105.0
GCTAGGGGTCATGATC,GCTAGGGGTCATGATC,edge_gfp_plus,edge,GFP+,7.460264381074124,3.711168387495528,3.749095993578595,11,11,0.05180921,178.0
GCATTTAGTCAGCTAT,GCATTTAGTCAGCTAT,edge_gfp_plus,edge,GFP+,6.291477518731449,2.9550773668540247,3.3364001518774247,25,24,0.10672212,76.0
TACTATGGTGACTTCG,TACTATGGTGACTTCG,edge_gfp_plus,edge,GFP+,8.147223860307141,3.7378734986875184,4.409350361619623,37,28,0.04117889,708.0
TGGCTATGTCAGTCCA,TGGCTATGTCAGTCCA,edge_gfp_plus,edge,GFP+,6.150042015751875,2.6887218755408666,3.4613201402110083,27,42,0.041666668,30.0
CACGAAAGTTATCGAC,CACGAAAGTTATCGAC,edge_gfp_plus,edge,GFP+,4.256432597776012,2.237557976716082,2.01887462105993,14,15,0.26363635,176.0
CCATCCTGTAAGTTCC,CCATCCTGTAAGTTCC,edge_gfp_plus,edge,GFP+,7.361341502963165,3.899638894598149,3.461702608365016,37,37,0.043041606,109.0
CACCCTTGTCTCAGGC,CACCCTTGTCTCAGGC,edge_gfp_plus,edge,GFP+,5.921934642704072,2.5704768380130343,3.351457804691038,36,25,0.06854346,362.0
CTGTATAGTGGCCAAG,CTGTATAGTGGCCAAG,edge_gfp_plus,edge,GFP+,9.51762974210734,4.823547772782307,4.694081969325033,20,17,0.012715367,986.0
CTACTCCGTCTAGGCC,CTACTCCGTCTAGGCC,edge_gfp_plus,edge,GFP+,8.135764279579966,4.324758482037815,3.811005797542151,10,22,0.052208837,197.0
GCGAATAGTCCCGTAA,GCGAATAGTCCCGTAA,edge_gfp_plus,edge,GFP+,6.776705480330767,3.4556501805795428,3.321055299751224,31,33,0.07918552,60.0
GCCAATTGTTGGATCT,GCCAATTGTTGGATCT,edge_gfp_plus,edge,GFP+,7.913696354944001,4.0386466270398,3.875049727904202,11,31,0.036111113,142.0
AACACGAGTCTAGCGC,AACACGAGTCTAGCGC,edge_gfp_plus,edge,GFP+,6.956980968493804,3.76492752261906,3.192053445874744,20,29,0.06987356,277.0
TATCATGGTTGCACCA,TATCATGGTTGCACCA,edge_gfp_plus,edge,GFP+,5.577819531114783,3.577819531114783,2.0,6,2,0.046875,20.0
CCGCTAAGTTGTAGTC,CCGCTAAGTTGTAGTC,edge_gfp_plus,edge,GFP+,7.573681220257496,3.793412560860228,3.7802686593972687,37,15,0.04040404,129.0
TGAACAGGTGGCCTAC,TGAACAGGTGGCCTAC,edge_gfp_plus,edge,GFP+,9.113429565025692,4.599767664765521,4.513661900260171,40,37,0.022644,1893.0
AATGGGCGTGAACTAG,AATGGGCGTGAACTAG,edge_gfp_plus,edge,GFP+,7.289315367431062,3.5068905956085192,3.782424771822543,10,37,0.041269846,57.0
TGATCCGGTGGACTGG,TGATCCGGTGGACTGG,edge_gfp_plus,edge,GFP+,9.97989503783467,4.856919387494696,5.122975650339972,27,33,0.0076822145,718.0
CCTCCTGGTCAGCACC,CCTCCTGGTCAGCACC,edge_gfp_plus,edge,GFP+,5.988175992200094,3.1219280948873624,2.866247897312731,17,14,0.06666667,25.0
GGGCGTAGTGAGAGCT,GGGCGTAGTGAGAGCT,edge_gfp_plus,edge,GFP+,7.350630235452071,3.5554357147259004,3.7951945207261706,24,31,0.05772006,195.0
ACATTTGGTCATCGGC,ACATTTGGTCATCGGC,edge_gfp_plus,edge,GFP+,7.463600402323847,3.7062206694957296,3.7573797328281167,35,33,0.075113125,682.0
TCCAGGCGTCTGTCGA,TCCAGGCGTCTGTCGA,edge_gfp_plus,edge,GFP+,5.194018242626665,2.521127473337187,2.672890769289478,14,32,0.15657894,58.0
TGTGCATGTTGAATCC,TGTGCATGTTGAATCC,edge_gfp_plus,edge,GFP+,7.000104699191018,3.5944656369614525,3.4056390622295662,14,11,0.035714287,37.0
ATGGTGAGTTGCGTGC,ATGGTGAGTTGCGTGC,edge_gfp_plus,edge,GFP+,5.964452952560768,2.9056390622295662,3.058813890331201,24,3,0.055555556,34.0
GCAGTAAGTTTGCCCT,GCAGTAAGTTTGCCCT,edge_gfp_plus,edge,GFP+,6.103228967398498,3.495574960495609,2.607654006902889,2,10,0.1302682,65.0
GTAAGGCGTGCGGAAT,GTAAGGCGTGCGGAAT,edge_gfp_plus,edge,GFP+,4.063119911567162,2.150181230729497,1.9129386808376645,30,25,0.23772357,157.0
TGTAACCGTGAGCCAG,TGTAACCGTGAGCCAG,edge_gfp_plus,edge,GFP+,7.981978699045358,4.030147477450612,3.951831221594746,30,36,0.031708997,837.0
TCTATCTGTCTGGCGT,TCTATCTGTCTGGCGT,edge_gfp_plus,edge,GFP+,8.924512540822832,4.453111662141804,4.471400878681028,15,13,0.011888545,265.0
TCAGCGCGTATTGAGG,TCAGCGCGTATTGAGG,edge_gfp_plus,edge,GFP+,7.091031057740201,3.802694133484926,3.2883369242552747,17,29,0.079699405,540.0
GGTGCGAGTCAGGCGA,GGTGCGAGTCAGGCGA,edge_gfp_plus,edge,GFP+,5.950212064914747,2.950212064914747,3.0,24,12,0.035714287,22.0
GTAGCTTGTCTCACCT,GTAGCTTGTCTCACCT,edge_gfp_plus,edge,GFP+,6.316540727203552,3.027115170767405,3.289425556436147,17,31,0.18978533,312.0
CGAATCTGTTTCGAGT,CGAATCTGTTTCGAGT,edge_gfp_plus,edge,GFP+,5.948008124816545,2.521640636343318,3.426367488473227,2,8,0.07518797,26.0
CTTCTATGTTGAATGG,CTTCTATGTTGAATGG,edge_gfp_plus,edge,GFP+,2.725480556997868,-0.0,2.725480556997868,20,21,0.22222222,10.0
CAAATCCGTAATCCCG,CAAATCCGTAATCCCG,edge_gfp_plus,edge,GFP+,8.991052981891439,4.7703120718646606,4.220740910026778,40,37,0.026809046,598.0
AGTATCCGTATGTACC,AGTATCCGTATGTACC,edge_gfp_plus,edge,GFP+,6.07742603056238,3.350209029099897,2.7272170014624826,8,14,0.052083336,34.0
TATCGTAGTTCCCGTT,TATCGTAGTTCCCGTT,edge_gfp_plus,edge,GFP+,8.181637509469855,4.089552452560668,4.0920850569091884,23,31,0.019480519,89.0
TAGCCTGGTGAGCGAT,TAGCCTGGTGAGCGAT,edge_gfp_plus,edge,GFP+,7.480769140866547,3.27953735139184,4.201231789474708,26,18,0.04462242,84.0
GGGCATGGTGGACTAA,GGGCATGGTGGACTAA,edge_gfp_plus,edge,GFP+,8.616324829677872,4.470523960681327,4.145800868996544,34,32,0.030612247,154.0
AGCTAAGGTTGCAATC,AGCTAAGGTTGCAATC,edge_gfp_plus,edge,GFP+,5.168919593540336,2.180133820111612,2.988785773428724,14,14,0.18084472,82.0
CGGTATTGTGGCGTCT,CGGTATTGTGGCGTCT,edge_gfp_plus,edge,GFP+,6.043830004927434,3.4263677318171366,2.6174622731102977,10,10,0.051669315,71.0
AGTGCTTGTTAAGGTG,AGTGCTTGTTAAGGTG,edge_gfp_plus,edge,GFP+,7.482590173661981,3.596310127905132,3.8862800457568487,10,28,0.03351064,87.0
CCGACTAGTTCCTTGC,CCGACTAGTTCCTTGC,edge_gfp_plus,edge,GFP+,7.508926518200486,3.217465661787408,4.291460856413078,12,33,0.05241701,305.0
CAGGGCAGTGGGTTGG,CAGGGCAGTGGGTTGG,edge_gfp_plus,edge,GFP+,9.161418246812822,4.614901841517877,4.546516405294945,35,38,0.0139716985,1271.0
CTCAATAGTCTCAGGC,CTCAATAGTCTCAGGC,edge_gfp_plus,edge,GFP+,7.650609351603903,3.240984865786439,4.4096244858174645,14,29,0.040471222,304.0
AATGGCAGTAGTCAAG,AATGGCAGTAGTCAAG,edge_gfp_plus,edge,GFP+,8.775588576818663,4.5176957999072975,4.2578927769113655,2,21,0.0176,300.0
CGGTTTGGTAGTCAGA,CGGTTTGGTAGTCAGA,edge_gfp_plus,edge,GFP+,7.209242201213346,3.950370758443713,3.2588714427696326,14,28,0.041284405,153.0
CACGTTGGTCAGTAGA,CACGTTGGTCAGTAGA,edge_gfp_plus,edge,GFP+,4.989744220978867,2.4956556078593866,2.49408861311948,14,15,0.21963826,106.0
CAAGTAGGTGCATCGC,CAAGTAGGTGCATCGC,edge_gfp_plus,edge,GFP+,6.791615225156093,3.613418293096334,3.1781969320597585,27,11,0.09115442,433.0
GGTCATTGTAGCTGGG,GGTCATTGTAGCTGGG,edge_gfp_plus,edge,GFP+,6.331685440978212,2.9314512773758032,3.400234163602409,14,22,0.08163266,91.0
TAGTTTGGTAATGAGT,TAGTTTGGTAATGAGT,edge_gfp_plus,edge,GFP+,7.01761965811389,3.3197738350294776,3.697845823084412,7,33,0.03787879,46.0
GCTCCAAGTCAACCAT,GCTCCAAGTCAACCAT,edge_gfp_plus,edge,GFP+,5.297400579523783,2.395998870534841,2.9014017089889417,14,22,0.1534527,80.0
CAAATCCGTGGCGACA,CAAATCCGTGGCGACA,edge_gfp_plus,edge,GFP+,4.315782066165601,2.6891675943554185,1.6266144718101818,10,29,0.2777778,43.0
CCGATTGGTAAGTAGT,CCGATTGGTAAGTAGT,edge_gfp_plus,edge,GFP+,6.862008629883224,3.370263935052125,3.491744694831099,28,33,0.08330449,188.0
GCTAAAGGTTGCACAT,GCTAAAGGTTGCACAT,edge_gfp_plus,edge,GFP+,8.69925258007863,4.486889303005175,4.212363277073455,10,27,0.033406842,440.0
CCGAATTGTGAGGTCG,CCGAATTGTGAGGTCG,edge_gfp_plus,edge,GFP+,6.641911792643285,3.452013697178997,3.1898980954642875,20,24,0.065671645,82.0
GCCGGTTGTAAGCTGA,GCCGGTTGTAAGCTGA,edge_gfp_plus,edge,GFP+,5.830443981737792,2.6660883042152768,3.1643556775225155,29,39,0.19617473,417.0
ATGAGGCGTAACTCTA,ATGAGGCGTAACTCTA,edge_gfp_plus,edge,GFP+,7.348022963592207,3.663584042341841,3.684438921250365,23,23,0.07386364,103.0
TACGGTTGTTCGCTAG,TACGGTTGTTCGCTAG,edge_gfp_plus,edge,GFP+,8.593492369840181,4.253263191079711,4.34022917876047,35,37,0.021623934,612.0
CGCAATTGTCTCCACT,CGCAATTGTCTCCACT,edge_gfp_plus,edge,GFP+,5.797690383027053,2.4143236533627674,3.383366729664286,30,23,0.12025317,149.0
CGCATATGTTAGCAGA,CGCATATGTTAGCAGA,edge_gfp_plus,edge,GFP+,7.31540980454304,3.4025506048319167,3.9128591997111233,31,36,0.11134057,560.0
GGGCATGGTCTCCACT,GGGCATGGTCTCCACT,edge_gfp_plus,edge,GFP+,6.735113688694154,3.3168178546396656,3.418295834054489,20,29,0.032051284,38.0
TAGCAAGGTCTAGTGT,TAGCAAGGTCTAGTGT,edge_gfp_plus,edge,GFP+,6.432973239829429,3.1663701301561806,3.266603109673248,17,23,0.12,90.0
GTCCCAAGTTCGTCTC,GTCCCAAGTTCGTCTC,edge_gfp_plus,edge,GFP+,5.372013028166196,3.1746742319786425,2.197338796187554,27,38,0.1590909,46.0
CACCTCTGTTGACCGC,CACCTCTGTTGACCGC,edge_gfp_plus,edge,GFP+,5.33943234572474,3.136863709607318,2.2025686361174213,29,37,0.12345679,48.0
AGCTAAGGTTATCATG,AGCTAAGGTTATCATG,edge_gfp_plus,edge,GFP+,6.0545538338224825,2.940688711871628,3.1138651219508544,31,39,0.16692308,105.0
TCATTAGGTAACTCGT,TCATTAGGTAACTCGT,edge_gfp_plus,edge,GFP+,5.991763936854755,2.8891531439075697,3.1026107929471856,9,24,0.091469854,481.0
TCGCCTTGTAATCGCT,TCGCCTTGTAATCGCT,edge_gfp_plus,edge,GFP+,7.334310012860127,3.8063822994065495,3.5279277134535785,1,37,0.06658343,116.0
GCACCTAGTTCCATCC,GCACCTAGTTCCATCC,edge_gfp_plus,edge,GFP+,1.0,1.0,-0.0,7,33,0.5,3.0
CACCTCTGTGAGGAAG,CACCTCTGTGAGGAAG,edge_gfp_plus,edge,GFP+,5.629079350876547,2.5960502794903872,3.03302907138616,17,29,0.098039225,155.0
TGACGGGGTAAGCACA,TGACGGGGTAAGCACA,edge_gfp_plus,edge,GFP+,3.700853265876743,2.14573808144587,1.5551151844308722,17,32,0.4166667,170.0
GGCATGGGTAATGAGT,GGCATGGGTAATGAGT,edge_gfp_plus,edge,GFP+,6.295485357162548,2.9219280948873623,3.373557262275185,25,3,0.02666667,25.0
AGTACCTGTTAACTGC,AGTACCTGTTAACTGC,edge_gfp_plus,edge,GFP+,7.611985876956879,3.6537567082870015,3.9582291686698783,14,16,0.021164022,48.0
GCCAATTGTCATCGTG,GCCAATTGTCATCGTG,edge_gfp_plus,edge,GFP+,8.901865998992436,4.539620587563447,4.362245411428989,14,22,0.018229166,312.0
CAACGGGGTTTCCTGC,CAACGGGGTTTCCTGC,edge_gfp_plus,edge,GFP+,7.244809919281089,3.738630768255372,3.5061791510257168,29,32,0.056674473,96.0
GCATAAGGTGAGATAT,GCATAAGGTGAGATAT,edge_gfp_plus,edge,GFP+,6.186427166792546,2.68307418942857,3.503352977363976,10,20,0.14896551,54.0
AGCCAAAGTGAGCGAT,AGCCAAAGTGAGCGAT,edge_gfp_plus,edge,GFP+,6.266543288856693,3.6864194113487736,2.580123877507919,14,23,0.0928382,55.0
TCGGTCAGTTGTGAGA,TCGGTCAGTTGTGAGA,edge_gfp_plus,edge,GFP+,6.204757685846314,3.4146693413899367,2.7900883444563767,37,33,0.21452682,318.0
GTTCCAGGTGAGCCAG,GTTCCAGGTGAGCCAG,edge_gfp_plus,edge,GFP+,6.456310279362474,3.005897280425053,3.450412998937421,29,25,0.14444444,94.0
AAAGCATGTTATCATG,AAAGCATGTTATCATG,edge_gfp_plus,edge,GFP+,7.645097923010944,4.082597923010944,3.5625,7,43,0.024193548,63.0
ATAACGGGTTTCGGGC,ATAACGGGTTTCGGGC,edge_gfp_plus,edge,GFP+,8.105977300450945,3.9926573017386136,4.113319998712332,24,38,0.029571349,570.0
TCTGGGCGTGCGCATC,TCTGGGCGTGCGCATC,edge_gfp_plus,edge,GFP+,7.791956582285461,3.959460148361377,3.832496433924084,14,12,0.046939295,282.0
ATCAAGGGTTATGTGC,ATCAAGGGTTATGTGC,edge_gfp_plus,edge,GFP+,4.502164063852565,2.658849002033444,1.8433150618191212,14,23,0.15384617,232.0
TAGCAAGGTCTAACTA,TAGCAAGGTCTAACTA,edge_gfp_plus,edge,GFP+,7.422420683953367,3.9084528468535216,3.513967837099845,23,21,0.039285716,75.0
CTAGCTGGTTCGGGTC,CTAGCTGGTTCGGGTC,edge_gfp_plus,edge,GFP+,6.634983834657679,3.1513636691975435,3.4836201654601355,31,29,0.07812499,80.0
AAGTGATGTTAGACCT,AAGTGATGTTAGACCT,edge_gfp_plus,edge,GFP+,5.1134338624208135,2.521640636343318,2.5917932260774954,21,34,0.11111112,25.0
CACTAACGTGACTCGC,CACTAACGTGACTCGC,edge_gfp_plus,edge,GFP+,6.5295071429757,3.7420364732643416,2.7874706697113574,26,31,0.106933236,152.0
CAAGATGGTTAGTCGT,CAAGATGGTTAGTCGT,edge_gfp_plus,edge,GFP+,7.291017753888719,3.607475391455489,3.68354236243323,2,42,0.034482762,47.0
AAAGGTTGTGGGTTGG,AAAGGTTGTGGGTTGG,edge_gfp_plus,edge,GFP+,4.511147484795843,2.8423709931771084,1.6687764916187344,23,33,0.103174604,41.0
CTAATTGGTAAGTTCC,CTAATTGGTAAGTTCC,edge_gfp_plus,edge,GFP+,6.991313994144425,2.1065590971341384,4.884754897010287,1,15,0.06929664,1590.0
ACATCCGGTAGGTAGC,ACATCCGGTAGGTAGC,edge_gfp_plus,edge,GFP+,4.329612196833976,2.1556390622295662,2.1739731346044096,12,26,0.19852942,25.0
GCTTCAGGTTGGCGCT,GCTTCAGGTTGGCGCT,edge_gfp_plus,edge,GFP+,6.187159718408673,3.1267057821083224,3.060453936300351,22,31,0.102453716,124.0
TGGACAAGTGGAGCCA,TGGACAAGTGGAGCCA,edge_gfp_plus,edge,GFP+,2.0,-0.0,2.0,21,10,0.25,5.0
CCGGCATGTGATCCTG,CCGGCATGTGATCCTG,edge_gfp_plus,edge,GFP+,7.894022875760132,3.944047437996665,3.949975437763468,27,38,0.04657966,233.0
GGGCAATGTTAAGCCT,GGGCAATGTTAAGCCT,edge_gfp_plus,edge,GFP+,5.69480603468435,3.1134450717317748,2.581360962952576,19,33,0.16000001,95.0
AGAGTATGTAAGTCCT,AGAGTATGTAAGTCCT,edge_gfp_plus,edge,GFP+,5.733306932083907,2.972302154542919,2.761004777540988,12,24,0.2519493,462.0
TGTAGAGGTAGTCCCA,TGTAGAGGTAGTCCCA,edge_gfp_plus,edge,GFP+,6.764863629148806,3.43066308495935,3.334200544189456,13,17,0.087878786,206.0
ATTCCGGGTGGCTGCT,ATTCCGGGTGGCTGCT,edge_gfp_plus,edge,GFP+,8.897865102749176,4.605683612968536,4.292181489780641,35,39,0.01497589,593.0
GTTAGCTGTAAGTAGT,GTTAGCTGTAAGTAGT,edge_gfp_plus,edge,GFP+,4.092878689342031,2.721928094887362,1.3709505944546687,13,11,0.120000005,15.0
CAAATCCGTAGTCATC,CAAATCCGTAGTCATC,edge_gfp_plus,edge,GFP+,6.026183923827878,2.8453509366224363,3.180832987205441,2,28,0.062937066,24.0
ACGGATAGTTAGAGGC,ACGGATAGTTAGAGGC,edge_gfp_plus,edge,GFP+,7.707926874162709,4.186704345910025,3.521222528252684,2,3,0.011019285,55.0
CCGTATGGTGATGGTA,CCGTATGGTGATGGTA,edge_gfp_plus,edge,GFP+,6.645286637671821,3.456564762130954,3.1887218755408666,14,8,0.05,39.0
CGCATCAGTTCGCTCT,CGCATCAGTTCGCTCT,edge_gfp_plus,edge,GFP+,7.504804445179005,3.645847158510362,3.8589572866686432,2,3,0.031347964,91.0
GTTGCATGTTGTCCCT,GTTGCATGTTGTCCCT,edge_gfp_plus,edge,GFP+,7.428542045329785,3.050301855434982,4.378240189894802,14,2,0.022759603,56.0
GCTGATTGTTCCGGGT,GCTGATTGTTCCGGGT,edge_gfp_plus,edge,GFP+,6.417334854521153,3.1288557676376536,3.2884790868834988,17,28,0.056250002,84.0
CGGCTTAGTGATGACA,CGGCTTAGTGATGACA,edge_gfp_plus,edge,GFP+,6.660995457593273,3.2125558496129454,3.448439607980328,10,27,0.07655502,93.0
TCAGCATGTTTGGCGC,TCAGCATGTTTGGCGC,edge_gfp_plus,edge,GFP+,4.588570521499431,2.322138977017734,2.266431544481697,15,17,0.14804064,79.0
CTGGAAAGTTGCGCGT,CTGGAAAGTTGCGCGT,edge_gfp_plus,edge,GFP+,6.477451366917252,3.064064978788285,3.4133863881289668,32,38,0.11025642,256.0
GCATTTAGTTTGCAGT,GCATTTAGTTTGCAGT,edge_gfp_plus,edge,GFP+,9.352785938941471,4.707288732045814,4.645497206895659,33,32,0.0095357,485.0
CAAGCAAGTTGAAGTG,CAAGCAAGTTGAAGTG,edge_gfp_plus,edge,GFP+,7.312163804695381,3.824862957617357,3.487300847078025,27,14,0.025974028,61.0
GCCAATTGTCTAGGTT,GCCAATTGTCTAGGTT,edge_gfp_plus,edge,GFP+,6.394370943741951,3.0022237200774167,3.3921472236645345,10,3,0.084084086,55.0
TGCCCAAGTAGGCCAG,TGCCCAAGTAGGCCAG,edge_gfp_plus,edge,GFP+,4.682457016172187,1.8354878977387417,2.846969118433445,14,19,0.22916667,105.0
ACCTAACGTTCTGTAA,ACCTAACGTTCTGTAA,edge_gfp_plus,edge,GFP+,9.030058908848916,4.494510503644854,4.535548405204061,37,37,0.022025706,562.0
GGCGATGGTGAGTTGA,GGCGATGGTGAGTTGA,edge_gfp_plus,edge,GFP+,7.988484591338474,4.403684774583828,3.5847998167546464,7,28,0.03194938,531.0
TCCCGAAGTGCATCGC,TCCCGAAGTGCATCGC,edge_gfp_plus,edge,GFP+,3.279939325904814,1.769353461795935,1.510585864108879,25,35,0.4546528,131.0
CGAATCTGTAGTGAGC,CGAATCTGTAGTGAGC,edge_gfp_plus,edge,GFP+,6.722197932689909,3.677433998513001,3.044763934176907,27,41,0.13173574,541.0
TGTGAAGGTTATGGAG,TGTGAAGGTTATGGAG,edge_gfp_plus,edge,GFP+,8.297906056242017,4.418985871582361,3.878920184659655,40,26,0.033470802,260.0
CTTAGCGGTTTACGAC,CTTAGCGGTTTACGAC,edge_gfp_plus,edge,GFP+,7.2509187428622335,3.5546405355434323,3.696278207318801,26,18,0.057784915,152.0
CTCTATTGTCAGGAGT,CTCTATTGTCAGGAGT,edge_gfp_plus,edge,GFP+,3.5,1.0,2.5,23,9,0.125,10.0
AACGCCCGTCCATATA,AACGCCCGTCCATATA,edge_gfp_plus,edge,GFP+,4.281846265737457,2.5606772144911063,1.721169051246351,11,18,0.20192307,192.0
CAGGTAAGTGAGTCGG,CAGGTAAGTGAGTCGG,edge_gfp_plus,edge,GFP+,7.316476022800058,3.6700366781290414,3.646439344671016,30,2,0.03358209,87.0
AACAGGCGTTTGAGTC,AACAGGCGTTTGAGTC,edge_gfp_plus,edge,GFP+,6.673795316948388,3.857969661468198,2.815825655480189,10,22,0.07777778,183.0
GTTGCTGGTTGTAGAG,GTTGCTGGTTGTAGAG,edge_gfp_plus,edge,GFP+,9.380829996171506,4.541572342713573,4.839257653457935,17,1,0.01570242,339.0
CGATTTAGTTGTGACT,CGATTTAGTTGTGACT,edge_gfp_plus,edge,GFP+,7.783225449055675,3.735926350629033,4.047299098426643,2,25,0.014778326,57.0
ACCCCTTGTGCACCGT,ACCCCTTGTGCACCGT,edge_gfp_plus,edge,GFP+,11.169925001442312,5.584962500721156,5.584962500721156,1,1,0.0,0.0
TGTGTTAGTAGTGTGA,TGTGTTAGTAGTGTGA,edge_gfp_plus,edge,GFP+,5.871038964051002,2.934183719779189,2.936855244271813,28,28,0.16666667,100.0
TGTGAAGGTCAGCATT,TGTGAAGGTCAGCATT,edge_gfp_plus,edge,GFP+,7.93353006327287,4.131931807720542,3.801598255552328,29,39,0.10974507,797.0
AATCGAGGTTAGCCCA,AATCGAGGTTAGCCCA,edge_gfp_plus,edge,GFP+,9.57906237218302,4.692810374575153,4.886251997607868,2,6,0.015659042,384.0
AACCAAGGTGACTCTG,AACCAAGGTGACTCTG,edge_gfp_plus,edge,GFP+,5.606363828145351,2.952819531114783,2.6535442970305683,14,37,0.09615385,29.0
AGCATCTGTTATGCGT,AGCATCTGTTATGCGT,edge_gfp_plus,edge,GFP+,5.926498545204085,2.0444497174171268,3.8820488277869583,40,5,0.080729164,80.0
GTGCGAGGTCATTGCG,GTGCGAGGTCATTGCG,edge_gfp_plus,edge,GFP+,5.809492311039692,2.6394052562435246,3.1700870547961677,24,6,0.1923077,165.0
TGGGCAGGTTGGATTC,TGGGCAGGTTGGATTC,edge_gfp_plus,edge,GFP+,7.186148506967382,2.9766504485651053,4.209498058402277,35,28,0.08941874,530.0
GGACATAGTGAGACTA,GGACATAGTGAGACTA,edge_gfp_plus,edge,GFP+,7.950097968185994,3.840817846636746,4.109280121549248,14,24,0.065609016,464.0
TATCATGGTTTAATCG,TATCATGGTTTAATCG,edge_gfp_plus,edge,GFP+,7.399611569903267,4.013102099751851,3.386509470151416,11,15,0.047545537,120.0
AAGCTAGGTGCATCAT,AAGCTAGGTGCATCAT,edge_gfp_plus,edge,GFP+,7.757575798481904,3.8694064786755353,3.888169319806368,33,36,0.028801028,560.0
AAGTCAGGTTCGCGTA,AAGTCAGGTTCGCGTA,edge_gfp_plus,edge,GFP+,6.027548375297076,3.239097917988786,2.7884504573082896,6,14,0.035714287,32.0
GGGTACGGTCAACCTG,GGGTACGGTCAACCTG,edge_gfp_plus,edge,GFP+,8.563788983331834,4.084217293921677,4.479571689410157,35,29,0.04257352,634.0
CCCTGTTGTCAAGGTA,CCCTGTTGTCAAGGTA,edge_gfp_plus,edge,GFP+,3.717068034059319,2.352718865566015,1.364349168493304,15,15,0.37079987,173.0
AACGAATGTTCGGTCA,AACGAATGTTCGGTCA,edge_gfp_plus,edge,GFP+,5.411101495379599,2.488198953630448,2.9229025417491505,28,38,0.14045584,168.0
CGCATCAGTCTTGAGT,CGCATCAGTCTTGAGT,edge_gfp_plus,edge,GFP+,5.647408651885231,2.725480556997868,2.9219280948873623,10,18,0.044444446,19.0
CAAATGGGTTCCGCAA,CAAATGGGTTCCGCAA,edge_gfp_plus,edge,GFP+,5.973348619755244,3.125,2.848348619755244,32,12,0.11734694,65.0
ATCCCAGGTGACTCCA,ATCCCAGGTGACTCCA,edge_gfp_plus,edge,GFP+,9.06628767157293,4.40994605300752,4.65634161856541,14,17,0.027994229,794.0
GTGCTTGGTTATGTCA,GTGCTTGGTTATGTCA,edge_gfp_plus,edge,GFP+,6.372671090781074,3.0589412906838325,3.313729800097241,11,22,0.09492635,159.0
AGTAACGGTCATCCCT,AGTAACGGTCATCCCT,edge_gfp_plus,edge,GFP+,6.510431541328153,2.746465798504072,3.76396574282408,18,22,0.0691358,57.0
AGCCTCAGTAGTAAGT,AGCCTCAGTAGTAAGT,edge_gfp_plus,edge,GFP+,7.552197180498975,3.725480556997868,3.826716623501108,14,31,0.021021022,55.0
ATCGCATGTTTAGTTG,ATCGCATGTTTAGTTG,edge_gfp_plus,edge,GFP+,6.625645498206125,3.0779461176061345,3.5476993805999903,14,29,0.058285717,120.0
GGAGTTAGTCAGGCGA,GGAGTTAGTCAGGCGA,edge_gfp_plus,edge,GFP+,7.425565176391384,3.886511338986809,3.5390538374045755,35,28,0.06406275,443.0
CAGGATAGTGAGCCCT,CAGGATAGTGAGCCCT,edge_gfp_plus,edge,GFP+,6.71843713261202,3.7080030435786826,3.010434089033337,12,35,0.047619052,57.0
GTTCCCTGTCATGTGT,GTTCCCTGTCATGTGT,edge_gfp_plus,edge,GFP+,4.899438232543844,2.117332694381026,2.782105538162817,29,39,0.31195784,676.0
AATTGGGGTGATGAAT,AATTGGGGTGATGAAT,edge_gfp_plus,edge,GFP+,8.067120765979169,3.853195338309887,4.213925427669283,33,1,0.083238095,145.0
CTAGCGCGTCAGCCAC,CTAGCGCGTCAGCCAC,edge_gfp_plus,edge,GFP+,9.25072494837421,4.638876889978913,4.611848058395297,3,22,0.015482696,431.0
ACCCCTTGTTAGTCCG,ACCCCTTGTTAGTCCG,edge_gfp_plus,edge,GFP+,3.916494940986847,1.7608558787572806,2.1556390622295662,37,5,0.25403225,39.0
GTCGGCTGTGAGCCCT,GTCGGCTGTGAGCCCT,edge_gfp_plus,edge,GFP+,3.9219280948873614,2.0,1.9219280948873625,2,5,0.1,9.0
CTCTATTGTTGCGATT,CTCTATTGTTGCGATT,edge_gfp_plus,edge,GFP+,7.132921315624838,3.4400584657879607,3.692862849836877,19,16,0.09797244,454.0
ACGCATTGTGAAGGTC,ACGCATTGTGAAGGTC,edge_gfp_plus,edge,GFP+,7.317400773536862,3.9290151003053406,3.3883856732315216,15,23,0.0760385,503.0
AAAGCTGGTGCATTAC,AAAGCTGGTGCATTAC,edge_gfp_plus,edge,GFP+,6.653565972679624,3.326081190723782,3.327484781955842,27,35,0.05906481,76.0
CCGGGTTGTTTGGACT,CCGGGTTGTTTGGACT,edge_gfp_plus,edge,GFP+,9.037866295663775,4.607467437934784,4.430398857728992,24,29,0.01342625,310.0
ACATCCGGTCAGCCGT,ACATCCGGTCAGCCGT,edge_gfp_plus,edge,GFP+,7.1166602670069095,3.890319531114783,3.2263407358921263,39,4,0.066532254,63.0
AGCAAATGTAAGTCCT,AGCAAATGTAAGTCCT,edge_gfp_plus,edge,GFP+,7.218141344542259,3.695164567621286,3.5229767769209728,37,39,0.035657145,265.0
CCGGAAGGTTATGTGC,CCGGAAGGTTATGTGC,edge_gfp_plus,edge,GFP+,6.004952920724651,3.398524609731826,2.606428310992825,27,32,0.09473685,126.0
CCATATAGTTCTGTCC,CCATATAGTTCTGTCC,edge_gfp_plus,edge,GFP+,6.097631446578342,2.4731318350472025,3.62449961153114,13,31,0.1171875,60.0
TCGTTCCGTCAAGCAA,TCGTTCCGTCAAGCAA,edge_gfp_plus,edge,GFP+,6.0787661102594175,3.0408008381580576,3.03796527210136,14,21,0.1512245,210.0
AGAAGTTGTCATGAAG,AGAAGTTGTCATGAAG,edge_gfp_plus,edge,GFP+,6.129295732193284,2.841208012704955,3.288087719488329,35,29,0.13182504,163.0
GTGCTATGTTGGCCGT,GTGCTATGTTGGCCGT,edge_gfp_plus,edge,GFP+,6.393385762707434,3.449054420135279,2.944331342572156,33,24,0.12630579,186.0
ATGGCAAGTTGCACCA,ATGGCAAGTTGCACCA,edge_gfp_plus,edge,GFP+,6.117406145496638,2.845350936622437,3.2720552088742,36,37,0.06818182,35.0
TATACTGGTGCAGCGA,TATACTGGTGCAGCGA,edge_gfp_plus,edge,GFP+,8.02776579643389,3.855904922469693,4.171860873964197,14,13,0.016326532,77.0
AGCTAAGGTAAGTGTG,AGCTAAGGTAAGTGTG,edge_gfp_plus,edge,GFP+,1.811278124459133,1.0,0.8112781244591328,17,3,0.375,6.0
TATGTCAGTTCGTAGT,TATGTCAGTTCGTAGT,edge_gfp_plus,edge,GFP+,5.63309137519459,3.0997045660901885,2.5333868091044023,33,39,0.113916256,199.0
ACGATAGGTTCACGGC,ACGATAGGTTCACGGC,edge_gfp_plus,edge,GFP+,8.849244619088964,4.09468788987922,4.754556729209743,17,29,0.046909675,702.0
ATGCAAGGTAACGTGA,ATGCAAGGTAACGTGA,edge_gfp_plus,edge,GFP+,5.598512062047027,2.787659806493367,2.81085225555366,30,28,0.14626867,112.0
CTCACCTGTAATCCCG,CTCACCTGTAATCCCG,edge_gfp_plus,edge,GFP+,9.16080924324929,4.437312037063463,4.723497206185826,14,25,0.024468085,333.0
TCCTTTGGTTAGTACC,TCCTTTGGTTAGTACC,edge_gfp_plus,edge,GFP+,5.643983303761563,2.5220552088742005,3.1219280948873624,39,38,0.06666667,22.0
GTCGATTGTTAACCGT,GTCGATTGTTAACCGT,edge_gfp_plus,edge,GFP+,3.914572063424408,2.38998916926199,1.524582894162418,26,20,0.32675663,741.0
AATCGAGGTGACCGAG,AATCGAGGTGACCGAG,edge_gfp_plus,edge,GFP+,4.777103626652856,2.60845859334435,2.1686450333085068,17,29,0.17578125,48.0
CAGGGCAGTGAGACCG,CAGGGCAGTGAGACCG,edge_gfp_plus,edge,GFP+,7.103433466742072,3.1116002339982387,3.991833232743833,35,33,0.05783805,224.0
GTAGAATGTGGGTCGA,GTAGAATGTGGGTCGA,edge_gfp_plus,edge,GFP+,7.853560525100219,4.301048522444413,3.5525120026558064,32,33,0.051542904,545.0
GTGGTAAGTTTACCGG,GTGGTAAGTTTACCGG,edge_gfp_plus,edge,GFP+,5.5684210940655055,2.9834585933443494,2.584962500721156,21,6,0.03125,22.0
AGAGTCAGTAGCTATC,AGAGTCAGTAGCTATC,edge_gfp_plus,edge,GFP+,6.15681610282534,3.687490549306535,2.469325553518805,19,29,0.077890426,315.0
AATGTCCGTAGCAGTA,AATGTCCGTAGCAGTA,edge_gfp_plus,edge,GFP+,6.647499655822022,2.85602752929306,3.791472126528962,29,34,0.1188816,343.0
CAGTTACGTCATCCTC,CAGTTACGTCATCCTC,edge_gfp_plus,edge,GFP+,5.465644147679354,2.547897627500467,2.917746520178888,6,36,0.17073171,63.0
CGATTACGTGATTAGG,CGATTACGTGATTAGG,edge_gfp_plus,edge,GFP+,6.434635342116751,3.231270254607576,3.203365087509175,10,14,0.05928854,45.0
CGCGTACGTCAAGGAC,CGCGTACGTCAAGGAC,edge_gfp_plus,edge,GFP+,6.641824703764522,2.9443949486565364,3.697429755107985,10,37,0.068627454,55.0
TGGGCAGGTGGCTCAC,TGGGCAGGTGGCTCAC,edge_gfp_plus,edge,GFP+,6.168955253906768,3.166967948126449,3.001987305780319,25,31,0.10191102,369.0
CTGGTCAGTAGTTACC,CTGGTCAGTAGTTACC,edge_gfp_plus,edge,GFP+,3.977831852945036,1.780672129520887,2.197159723424149,24,31,0.19444445,21.0
CGGTTATGTCTTACCC,CGGTTATGTCTTACCC,edge_gfp_plus,edge,GFP+,5.291201429374546,2.8729055953200566,2.4182958340544896,25,44,0.06666667,27.0
ACAGACAGTGGACACG,ACAGACAGTGGACACG,edge_gfp_plus,edge,GFP+,5.562396848305711,3.1257649490240835,2.436631899281627,17,27,0.076643996,196.0
GCTTTGGGTCAAGGCG,GCTTTGGGTCAAGGCG,edge_gfp_plus,edge,GFP+,6.115954049728359,3.317100827280733,2.798853222447626,17,31,0.15139751,148.0
GGGACTGGTCCATCGA,GGGACTGGTCCATCGA,edge_gfp_plus,edge,GFP+,5.608304268289041,2.905399931100434,2.702904337188607,14,23,0.10470086,44.0
GTGTGTTGTTGTGGCC,GTGTGTTGTTGTGGCC,edge_gfp_plus,edge,GFP+,7.120620208221057,3.689611961581438,3.4310082466396192,20,26,0.073753364,299.0
CCCATCTGTATTAGGG,CCCATCTGTATTAGGG,edge_gfp_plus,edge,GFP+,5.4112262562697895,2.661226256269789,2.75,11,13,0.057692308,21.0
GTTAGCTGTTCGCGGT,GTTAGCTGTTCGCGGT,edge_gfp_plus,edge,GFP+,6.189675276823085,2.96879498442618,3.220880292396905,14,20,0.09633027,151.0
TGGGTCCGTCTAAGGA,TGGGTCCGTCTAAGGA,edge_gfp_plus,edge,GFP+,6.579845844245182,3.553801105344677,3.026044738900505,29,29,0.053936493,254.0
GTTAGAGGTGATGAAT,GTTAGAGGTGATGAAT,edge_gfp_plus,edge,GFP+,6.473519680421864,3.0055176466180598,3.4680020338038053,31,33,0.10096618,91.0
GCTGAGGGTTATCTAG,GCTGAGGGTTATCTAG,edge_gfp_plus,edge,GFP+,6.989169413871563,2.999476084716054,3.989693329155509,19,32,0.107778825,229.0
CGGGCTTGTTCGCACA,CGGGCTTGTTCGCACA,edge_gfp_plus,edge,GFP+,8.152526789140627,4.571347343571081,3.5811794455695454,8,22,0.04174573,164.0
AACTGAGGTGCGGATG,AACTGAGGTGCGGATG,edge_gfp_plus,edge,GFP+,5.679436675086208,2.6832390713066987,2.996197603779509,34,36,0.11891892,315.0
CGAGCGAGTTAGCGAA,CGAGCGAGTTAGCGAA,edge_gfp_plus,edge,GFP+,5.696230703456492,2.9477027792200903,2.748527924236402,40,12,0.11111111,55.0
CTCATAAGTTAGGGTA,CTCATAAGTTAGGGTA,edge_gfp_plus,edge,GFP+,10.056565656085002,4.848738280800058,5.207827375284944,14,18,0.010339402,1458.0
CTGTATAGTTACACTA,CTGTATAGTTACACTA,edge_gfp_plus,edge,GFP+,6.243856189774725,3.1219280948873624,3.1219280948873624,18,10,0.040000003,20.0
ATGGCCCGTAACGTCT,ATGGCCCGTAACGTCT,edge_gfp_plus,edge,GFP+,4.385238350583677,2.2946578101072497,2.0905805404764277,33,38,0.19874112,188.0
GTGAAATGTAGGCTGG,GTGAAATGTAGGCTGG,edge_gfp_plus,edge,GFP+,4.423517012110902,2.223829217379574,2.199687794731328,31,38,0.12040134,36.0
TCCATGGGTTGCAGGG,TCCATGGGTTGCAGGG,edge_gfp_plus,edge,GFP+,4.799186558768465,2.3935474965388988,2.4056390622295662,24,11,0.17857143,29.0
TGAGGTAGTCTAGAGA,TGAGGTAGTCTAGAGA,edge_gfp_plus,edge,GFP+,6.125274738372525,2.552651074477361,3.572623663895164,29,6,0.05795455,62.0
CATTTAGGTGCAACGG,CATTTAGGTGCAACGG,edge_gfp_plus,edge,GFP+,7.375445476073274,3.3964103060110005,3.979035170062274,29,14,0.0385208,125.0
GGTCATTGTTAGTCCG,GGTCATTGTTAGTCCG,edge_gfp_plus,edge,GFP+,8.344602790207265,4.182307880636389,4.162294909570876,17,10,0.011299435,86.0
ACTTATGGTAATTCGC,ACTTATGGTAATTCGC,edge_gfp_plus,edge,GFP+,5.700418058199795,2.503258334775646,3.197159723424149,2,7,0.037037037,27.0
GCGTACCGTGGAGCCA,GCGTACCGTGGAGCCA,edge_gfp_plus,edge,GFP+,7.354937212757884,3.369709076723632,3.985228136034252,28,33,0.056722693,90.0
CCGTATGGTTATCTAG,CCGTATGGTTATCTAG,edge_gfp_plus,edge,GFP+,7.580597421863507,3.6069367321753214,3.973660689688186,2,7,0.021818181,47.0
GCTAGGGGTAGTGCTT,GCTAGGGGTAGTGCTT,edge_gfp_plus,edge,GFP+,8.20851154806515,3.972979988600232,4.235531559464917,15,24,0.12675317,1841.0
TCCCGTTGTTCGAATC,TCCCGTTGTTCGAATC,edge_gfp_plus,edge,GFP+,-0.0,-0.0,-0.0,27,31,1.0,2.0
TAGGGTAGTCTTGCGA,TAGGGTAGTCTTGCGA,edge_gfp_plus,edge,GFP+,5.069019106513507,2.422579761842492,2.646439344671016,11,31,0.080000006,25.0
GTAGCGGGTAGTTGAG,GTAGCGGGTAGTTGAG,edge_gfp_plus,edge,GFP+,7.820386509478421,3.9869191036136,3.8334674058648215,24,38,0.023488883,464.0
AGGCATAGTTCGAGTT,AGGCATAGTTCGAGTT,edge_gfp_plus,edge,GFP+,3.615697976449019,1.584962500721156,2.030735475727863,10,38,0.13821138,44.0
ACTGCATGTAAGCGTA,ACTGCATGTAAGCGTA,edge_gfp_plus,edge,GFP+,7.508956851430007,3.5883281709252746,3.920628680504732,10,22,0.041410256,179.0
ACCCTCTGTGGACCTC,ACCCTCTGTGGACCTC,edge_gfp_plus,edge,GFP+,7.0294846552228645,3.0904637837201543,3.93902087150271,12,4,0.063725494,87.0
GCCGAAGGTCTGGTCA,GCCGAAGGTCTGGTCA,edge_gfp_plus,edge,GFP+,7.1525963645180966,3.629352880977472,3.523243483540625,25,39,0.040838372,193.0
GGTCGAGGTTGGATCT,GGTCGAGGTTGGATCT,edge_gfp_plus,edge,GFP+,5.89776202645005,2.822181958642872,3.075580067807178,20,42,0.078431375,38.0
ATCATCAGTGAACCAA,ATCATCAGTGAACCAA,edge_gfp_plus,edge,GFP+,7.681479589730395,4.2626009908659785,3.418878598864416,17,22,0.06026915,592.0
CTTATGAGTAGCTTCG,CTTATGAGTAGCTTCG,edge_gfp_plus,edge,GFP+,7.13366221412589,3.3894586458140776,3.744203568311813,14,8,0.033179723,66.0
TACGCTGGTTTCGATA,TACGCTGGTTTCGATA,edge_gfp_plus,edge,GFP+,5.183312052606084,2.938721875540867,2.2445901770652164,32,28,0.13461539,100.0
TGTGTACGTGGAGACT,TGTGTACGTGGAGACT,edge_gfp_plus,edge,GFP+,5.378950477099285,2.8828845655554325,2.4960659115438526,14,28,0.11713996,150.0
AGTTGAGGTATGTGTC,AGTTGAGGTATGTGTC,edge_gfp_plus,edge,GFP+,8.233786770357224,3.756418734017745,4.477368036339479,37,29,0.027891157,1667.0
AGCGGATGTTGTGCAT,AGCGGATGTTGTGCAT,edge_gfp_plus,edge,GFP+,6.381478330262111,2.9465469481232915,3.43493138213882,26,4,0.038866397,168.0
GGTCATTGTTGTGCAT,GGTCATTGTTGTGCAT,edge_gfp_plus,edge,GFP+,7.179995383724094,3.659097698263917,3.520897685460177,16,25,0.034137025,130.0
ACGATAGGTGGGTCTC,ACGATAGGTGGGTCTC,edge_gfp_plus,edge,GFP+,5.751719721984609,3.0207277798007865,2.7309919421838225,15,42,0.13101605,73.0
GGCATAAGTGAAGGCT,GGCATAAGTGAAGGCT,edge_gfp_plus,edge,GFP+,5.421155642020055,1.9219280948873625,3.4992275471326924,2,2,0.047058824,22.0
ACGAAATGTTATGTCA,ACGAAATGTTATGTCA,edge_gfp_plus,edge,GFP+,6.415347064055313,3.175123135113461,3.240223928941852,11,3,0.023529414,32.0
TGAATCCGTTTCACTT,TGAATCCGTTTCACTT,edge_gfp_plus,edge,GFP+,3.5032583347756456,2.5032583347756456,1.0,16,22,0.11111111,11.0
CAAGATGGTAGTGCTT,CAAGATGGTAGTGCTT,edge_gfp_plus,edge,GFP+,5.993282581901291,2.5219280948873624,3.471354487013929,2,38,0.06315789,29.0
CCGTATGGTCTGGCAC,CCGTATGGTCTGGCAC,edge_gfp_plus,edge,GFP+,8.862284541384607,4.350485180352122,4.511799361032486,42,37,0.028552458,503.0
AAGTTGGGTCATCAGT,AAGTTGGGTCATCAGT,edge_gfp_plus,edge,GFP+,6.27894031495903,3.577819531114783,2.701120783844247,12,29,0.057065215,39.0
TCGCTCTGTAGGTCAA,TCGCTCTGTAGGTCAA,edge_gfp_plus,edge,GFP+,5.256944024282102,3.00531485689428,2.2516291673878226,5,22,0.08771931,25.0
ACATGAGGTGAGTTAG,ACATGAGGTGAGTTAG,edge_gfp_plus,edge,GFP+,7.001108213573483,3.662761632036519,3.3383465815369644,17,25,0.04081633,103.0
TCTACGGGTTCGAGCC,TCTACGGGTTCGAGCC,edge_gfp_plus,edge,GFP+,8.748025405471559,4.481645268768867,4.266380136702692,35,19,0.041540597,723.0
TGAGTGAGTAGGTCAA,TGAGTGAGTAGGTCAA,edge_gfp_plus,edge,GFP+,8.67091856799478,4.603659321672888,4.067259246321893,14,29,0.014161884,2031.0
CAACGGGGTTGAGCGG,CAACGGGGTTGAGCGG,edge_gfp_plus,edge,GFP+,6.110359944534956,3.3287244452691414,2.781635499265814,30,37,0.08311689,68.0
CGCCTAAGTTCCGTGA,CGCCTAAGTTCCGTGA,edge_gfp_plus,edge,GFP+,6.542063716990523,2.8218881955261788,3.720175521464344,37,11,0.041666668,42.0
CAAGGTAGTTAGCACT,CAAGGTAGTTAGCACT,edge_gfp_plus,edge,GFP+,9.24751181508172,4.534290320500161,4.713221494581557,2,20,0.010309815,282.0
AAGTTGGGTGCAAGGT,AAGTTGGGTGCAAGGT,edge_gfp_plus,edge,GFP+,5.703886315637883,2.304786043251526,3.399100272386357,27,39,0.19774808,373.0
CTTACTTGTGGCCTAC,CTTACTTGTGGCCTAC,edge_gfp_plus,edge,GFP+,7.536496236551832,3.452640046777108,4.083856189774725,30,22,0.04413793,54.0
GTAGCCCGTTATCGGT,GTAGCCCGTTATCGGT,edge_gfp_plus,edge,GFP+,6.394908614072813,2.9183436350149963,3.4765649790578164,31,38,0.090640396,458.0
GGCGATGGTCAAGGAC,GGCGATGGTCAAGGAC,edge_gfp_plus,edge,GFP+,5.444695198067225,2.4834585933443494,2.961236604722876,17,16,0.14423077,42.0
GCCTATGGTTGCTCGA,GCCTATGGTTGCTCGA,edge_gfp_plus,edge,GFP+,6.6764146228451775,3.2537855586225413,3.422629064222636,33,35,0.07555943,167.0
GTGCTTGGTTGTGCAT,GTGCTTGGTTGTGCAT,edge_gfp_plus,edge,GFP+,6.375380561718375,2.918163991865909,3.457216569852465,30,15,0.103085555,77.0
CTCGTAGGTAACGTGA,CTCGTAGGTAACGTGA,edge_gfp_plus,edge,GFP+,4.289898095464288,1.5,2.789898095464288,31,24,0.13333334,19.0
CACCGTAGTTCCAGTG,CACCGTAGTTCCAGTG,edge_gfp_plus,edge,GFP+,5.73515389235239,3.213513256009071,2.5216406363433186,14,29,0.05442177,28.0
CGTGAGGGTAACTTCA,CGTGAGGGTAACTTCA,edge_gfp_plus,edge,GFP+,7.847116411892979,3.635039762335872,4.212076649557107,23,23,0.039589442,128.0
CCCACTTGTGAGCCGA,CCCACTTGTGAGCCGA,edge_gfp_plus,edge,GFP+,4.934999023991208,1.9219280948873625,3.0130709291038453,32,10,0.07058824,22.0
TAGGTGAGTCAAGTAG,TAGGTGAGTCAAGTAG,edge_gfp_plus,edge,GFP+,10.167988340597333,4.9959180835297285,5.1720702570676025,2,13,0.0068892674,1793.0
ATATGGGGTCTCACAG,ATATGGGGTCTCACAG,edge_gfp_plus,edge,GFP+,6.839837434869729,3.4565647621309545,3.3832726727387747,25,6,0.035714287,43.0
TCGCTAGGTTGCCTAG,TCGCTAGGTTGCCTAG,edge_gfp_plus,edge,GFP+,5.890887814647967,2.8270488241910545,3.0638389904569125,14,18,0.12123005,146.0
AGCGCCTGTTAGAGTG,AGCGCCTGTTAGAGTG,edge_gfp_plus,edge,GFP+,8.828710093593932,4.3744539040077015,4.45425618958623,30,18,0.019144144,215.0
CGATAAGGTCAAGTAG,CGATAAGGTCAAGTAG,edge_gfp_plus,edge,GFP+,6.846377888444266,3.718004614523969,3.1283732739202974,23,37,0.080000006,116.0
GGTGATAGTCATGGAA,GGTGATAGTCATGGAA,edge_gfp_plus,edge,GFP+,7.298620067851992,3.3510068590182254,3.947613208833767,36,2,0.035650626,100.0
CTTACAAGTGAGGACT,CTTACAAGTGAGGACT,edge_gfp_plus,edge,GFP+,6.299668645693316,3.0220552088742005,3.277613436819116,19,7,0.045454547,23.0
TGGCTTGGTAGTAAGT,TGGCTTGGTAGTAAGT,edge_gfp_plus,edge,GFP+,8.022919119545724,3.835964629909668,4.186954489636056,12,20,0.019964507,95.0
CTAGGTTGTTAGGTGA,CTAGGTTGTTAGGTGA,edge_gfp_plus,edge,GFP+,5.867143572149626,2.2945199082544616,3.572623663895164,13,20,0.071428575,43.0
CTCGAATGTGATGCGG,CTCGAATGTGATGCGG,edge_gfp_plus,edge,GFP+,8.036695836556476,3.911483070515185,4.125212766041289,12,25,0.028344674,85.0
CTTGTCCGTTTCGTAA,CTTGTCCGTTTCGTAA,edge_gfp_plus,edge,GFP+,6.248271136997496,3.657268229617389,2.591002907380106,31,29,0.083333336,52.0
AGTGTGAGTCAGCTCA,AGTGTGAGTCAGCTCA,edge_gfp_plus,edge,GFP+,7.846180057375085,3.937702060277002,3.908477997098084,29,43,0.020461565,560.0
TACCCCTGTAACGATG,TACCCCTGTAACGATG,edge_gfp_plus,edge,GFP+,7.38209026614366,3.524889820217353,3.857200445926306,14,22,0.081053525,272.0
CTTGAACGTAAGTGCA,CTTGAACGTAAGTGCA,edge_gfp_plus,edge,GFP+,7.271084233730932,3.388008909503755,3.8830753242271774,21,18,0.038793106,77.0
GCTCCTTGTAGCCTGC,GCTCCTTGTAGCCTGC,edge_gfp_plus,edge,GFP+,6.987326895155006,3.630712382089467,3.356614513065539,14,26,0.057386313,376.0
CAACCCAGTGGCTGTC,CAACCCAGTGGCTGTC,edge_gfp_plus,edge,GFP+,6.441908497358927,3.1924482174373097,3.249460279921617,27,4,0.04118404,58.0
GGGTACGGTTCACTAA,GGGTACGGTTCACTAA,edge_gfp_plus,edge,GFP+,10.311605196778498,5.0679660522493055,5.243639144529193,3,8,0.0060233707,4289.0
CATCCCTGTTGTGGTT,CATCCCTGTTGTGGTT,edge_gfp_plus,edge,GFP+,5.820670783415173,3.3886951886518397,2.431975594763334,9,23,0.09648688,90.0
CCTCGTTGTAGTGTGA,CCTCGTTGTAGTGTGA,edge_gfp_plus,edge,GFP+,8.234715507808355,4.212257472011277,4.022458035797078,27,39,0.027171372,348.0
TATAGGGGTATGTACC,TATAGGGGTATGTACC,edge_gfp_plus,edge,GFP+,5.67161271625158,2.5313887873097283,3.140223928941852,14,15,0.11962617,167.0
TACCCAGGTTGCAATC,TACCCAGGTTGCAATC,edge_gfp_plus,edge,GFP+,6.821312665869879,3.032557751876376,3.788754913993503,38,22,0.05454546,67.0
AGTGACAGTTGAAGGC,AGTGACAGTTGAAGGC,edge_gfp_plus,edge,GFP+,5.245323513105824,2.4158122126382224,2.8295113004676007,35,17,0.15479116,81.0
GCTAGTTGTCAACTCG,GCTAGTTGTCAACTCG,edge_gfp_plus,edge,GFP+,5.768582365420057,2.8453509366224368,2.923231428797621,2,19,0.07272728,26.0
GTCCATGGTCAGTGCC,GTCCATGGTCAGTGCC,edge_gfp_plus,edge,GFP+,5.273684376262024,2.2516291673878226,3.0220552088742005,21,12,0.083333336,18.0
CTAGAAGGTAAGGTCA,CTAGAAGGTAAGGTCA,edge_gfp_plus,edge,GFP+,8.453606072667867,4.075420235515511,4.378185837152355,17,22,0.07735936,464.0
ATGAAACGTTGGTGAA,ATGAAACGTTGGTGAA,edge_gfp_plus,edge,GFP+,5.258546791574711,2.2034386403358424,3.055108151238868,26,41,0.13438734,56.0
CTTCTATGTCTTGATA,CTTCTATGTCTTGATA,edge_gfp_plus,edge,GFP+,7.552514939030681,3.974695407915898,3.577819531114783,20,41,0.030241935,47.0
ATCCCAGGTGGAGCTG,ATCCCAGGTGGAGCTG,edge_gfp_plus,edge,GFP+,9.157276800002094,4.526214074345771,4.631062725656324,14,37,0.013131198,1160.0
CCTGTGAGTGATAGGC,CCTGTGAGTGATAGGC,edge_gfp_plus,edge,GFP+,8.316196049499299,4.191254255423802,4.124941794075497,24,29,0.025624812,501.0
TAGGTGAGTCAGTAAG,TAGGTGAGTCAGTAAG,edge_gfp_plus,edge,GFP+,6.849035201774743,3.7614457889184743,3.087589412856269,37,29,0.041353386,73.0
CGGATAAGTTAGGCAA,CGGATAAGTTAGGCAA,edge_gfp_plus,edge,GFP+,6.632855355322139,3.1158340921632206,3.5170212631589184,40,2,0.06648199,57.0
ATGAACGGTTGACGAA,ATGAACGGTTGACGAA,edge_gfp_plus,edge,GFP+,8.692333339281625,4.336643324778468,4.355690014503156,20,22,0.028245615,264.0
CAGCTTGGTGAAGCGT,CAGCTTGGTGAAGCGT,edge_gfp_plus,edge,GFP+,6.625123422897486,3.074975014582699,3.5501484083147874,27,32,0.090458125,287.0
TCGTTCCGTTGTCACG,TCGTTCCGTTGTCACG,edge_gfp_plus,edge,GFP+,6.383544594166898,3.64357726254524,2.7399673316216573,14,15,0.08689927,80.0
ACAATGGGTCTCAGTG,ACAATGGGTCTCAGTG,edge_gfp_plus,edge,GFP+,6.31822285413662,2.5522655331874446,3.765957320949175,26,35,0.10357143,110.0
CATAGCTGTAGCGGAT,CATAGCTGTAGCGGAT,edge_gfp_plus,edge,GFP+,6.991507612174363,3.623465189601648,3.3680424225727155,1,6,0.03047619,46.0
GGAGTTAGTGCAACGG,GGAGTTAGTGCAACGG,edge_gfp_plus,edge,GFP+,8.333659340659795,4.221450353619337,4.112208987040457,24,37,0.024318991,234.0
GCGTATTGTCAGTAAG,GCGTATTGTCAGTAAG,edge_gfp_plus,edge,GFP+,7.77407338396032,3.750224911025172,4.023848472935148,35,28,0.026209677,244.0
CGCATATGTGGCTGCT,CGCATATGTGGCTGCT,edge_gfp_plus,edge,GFP+,4.396786447788856,1.875145811445538,2.521640636343318,36,17,0.17687076,28.0
ACATGAGGTTTGCGTG,ACATGAGGTTTGCGTG,edge_gfp_plus,edge,GFP+,8.649467577685428,4.445327613492391,4.204139964193038,12,22,0.021152828,184.0
CAAAGGCGTTCACTCC,CAAAGGCGTTCACTCC,edge_gfp_plus,edge,GFP+,7.226674628090615,3.430457025500559,3.796217602590056,2,36,0.023668641,52.0
CTAGCCAGTTGGTGAA,CTAGCCAGTTGGTGAA,edge_gfp_plus,edge,GFP+,6.37241262479418,2.899397627859101,3.4730149969350785,33,31,0.096453905,137.0
GTAGCGGGTCTAGTGT,GTAGCGGGTCTAGTGT,edge_gfp_plus,edge,GFP+,2.5832062193464957,1.521928094887362,1.061278124459133,24,9,0.3,13.0
AATGGGCGTAGTAAGT,AATGGGCGTAGTAAGT,edge_gfp_plus,edge,GFP+,6.917964605475329,3.182683189255492,3.735281416219837,2,5,0.05294118,59.0
CTTCGAGGTTAATCGC,CTTCGAGGTTAATCGC,edge_gfp_plus,edge,GFP+,6.7216860360775295,3.154144695072448,3.5675413410050814,17,33,0.05427842,231.0
CCATCAGGTTAACGTC,CCATCAGGTTAACGTC,edge_gfp_plus,edge,GFP+,6.816386112388704,3.5347691464401407,3.2816169659485634,14,22,0.0997807,372.0
AGCGAACGTTTGAGAG,AGCGAACGTTTGAGAG,edge_gfp_plus,edge,GFP+,3.459147917027245,1.4591479170272448,2.0,17,2,0.125,10.0
GCCGAAGGTATTGAGG,GCCGAAGGTATTGAGG,edge_gfp_plus,edge,GFP+,5.8694866240308805,3.0850551027564768,2.784431521274404,11,9,0.05351171,36.0
ATAGGGCGTTGGAAGC,ATAGGGCGTTGGAAGC,edge_gfp_plus,edge,GFP+,9.227738343054275,4.623485765848032,4.604252577206245,37,37,0.016105408,1167.0
ACTGCATGTTCCGTCT,ACTGCATGTTCCGTCT,edge_gfp_plus,edge,GFP+,7.092869596172995,3.435557556661707,3.657312039511288,37,25,0.04347826,111.0
GCTTCAGGTTTCCATT,GCTTCAGGTTTCCATT,edge_gfp_plus,edge,GFP+,9.623998114221871,4.745160963323037,4.878837150898837,14,13,0.016565975,1272.0
CGAGCCTGTCAGTAGA,CGAGCCTGTCAGTAGA,edge_gfp_plus,edge,GFP+,6.357738987900968,3.261943732900033,3.095795255000934,29,8,0.068796076,48.0
AACAGGCGTTCGCATG,AACAGGCGTTCGCATG,edge_gfp_plus,edge,GFP+,7.676728566173724,3.4738455700858464,4.202882996087878,24,41,0.050761905,310.0
GCAATCTGTTAGCCCA,GCAATCTGTTAGCCCA,edge_gfp_plus,edge,GFP+,4.874687958614244,2.6230587912264207,2.251629167387823,38,24,0.16091955,35.0
CCCACTTGTATGGGTA,CCCACTTGTATGGGTA,edge_gfp_plus,edge,GFP+,7.632179455072501,4.038909765557392,3.593269689515109,7,19,0.03,57.0
CTGTGATGTGAGAGGA,CTGTGATGTGAGAGGA,edge_gfp_plus,edge,GFP+,6.574099545683806,3.746384775082232,2.827714770601575,14,23,0.05853659,111.0
CACGGCTGTATGGAGC,CACGGCTGTATGGAGC,edge_gfp_plus,edge,GFP+,8.031526124236603,4.121095533742602,3.910430590494,14,29,0.033755276,163.0
CGTTTGGGTTGCTCTC,CGTTTGGGTTGCTCTC,edge_gfp_plus,edge,GFP+,7.166524600489985,3.684810027503912,3.481714572986073,27,35,0.048951052,48.0
GGACCCTGTGGCCAAG,GGACCCTGTGGCCAAG,edge_gfp_plus,edge,GFP+,6.13221787967496,2.896291529045928,3.235926350629033,15,8,0.030612247,28.0
CGCGTTAGTTTGGCAT,CGCGTTAGTTTGGCAT,edge_gfp_plus,edge,GFP+,7.503478245446169,3.7841837197791897,3.719294525666979,29,26,0.023076925,46.0
TCTATGAGTAAGTACG,TCTATGAGTAAGTACG,edge_gfp_plus,edge,GFP+,5.493709810817273,2.7911039811510854,2.7026058296661875,21,33,0.109126985,114.0
CTTAGCGGTGATGGCG,CTTAGCGGTGATGGCG,edge_gfp_plus,edge,GFP+,3.807354922057604,1.0,2.807354922057604,18,6,0.071428575,9.0
AACCGAAGTTATGACC,AACCGAAGTTATGACC,edge_gfp_plus,edge,GFP+,6.164188302240259,3.084962500721156,3.0792258015191027,19,10,0.03787879,34.0
TAGTTTGGTGGAAGTC,TAGTTTGGTGGAAGTC,edge_gfp_plus,edge,GFP+,6.656808631104629,3.6098750054055087,3.04693362569912,33,34,0.08405054,213.0
TAACCTAGTGCAAGGT,TAACCTAGTGCAAGGT,edge_gfp_plus,edge,GFP+,6.0362358521824415,3.046113133565619,2.990122718616823,37,31,0.15955473,153.0
CTCGTGAGTCAGCCAC,CTCGTGAGTCAGCCAC,edge_gfp_plus,edge,GFP+,8.281605932954088,4.148369858227561,4.133236074726527,27,43,0.046371963,765.0
GTAGCGGGTGCGTAGG,GTAGCGGGTGCGTAGG,edge_gfp_plus,edge,GFP+,5.658767578540681,2.732914563979398,2.925853014561283,2,2,0.08771931,34.0
ACGGGATGTCTAGGAA,ACGGGATGTCTAGGAA,edge_gfp_plus,edge,GFP+,7.420047681050677,3.5684539577019216,3.851593723348755,37,26,0.07058824,108.0
AGCATAGGTTTCGGGC,AGCATAGGTTTCGGGC,edge_gfp_plus,edge,GFP+,3.6682958340544896,2.75,0.9182958340544896,48,17,0.16666667,11.0
GGGCATGGTGATTGAG,GGGCATGGTGATTGAG,edge_gfp_plus,edge,GFP+,6.31461789878334,3.5898980954642874,2.724719803319052,1,18,0.05714286,36.0
TATCCTTGTCAAGCAA,TATCCTTGTCAAGCAA,edge_gfp_plus,edge,GFP+,6.524375051430441,3.5160276412662306,3.0083474101642103,44,18,0.05415861,69.0
GGCATCCGTTAATGCC,GGCATCCGTTAATGCC,edge_gfp_plus,edge,GFP+,6.614665302736476,3.046060722947503,3.568604579788974,29,35,0.07954545,147.0
GGCTTATGTTGGGCCT,GGCTTATGTTGGGCCT,edge_gfp_plus,edge,GFP+,5.243856189774725,2.321928094887362,2.9219280948873627,12,33,0.040000003,15.0
GTGTGTTGTGAGCGTG,GTGTGTTGTGAGCGTG,edge_gfp_plus,edge,GFP+,3.4740499560294693,1.7659601409599408,1.7080898150695285,11,24,0.54058146,416.0
GGTGTCCGTTGAATCC,GGTGTCCGTTGAATCC,edge_gfp_plus,edge,GFP+,6.370731082669728,3.1898980954642875,3.1808329872054406,3,18,0.046153847,28.0
TGTCCAGGTTCGCATG,TGTCCAGGTTCGCATG,edge_gfp_plus,edge,GFP+,6.51472722140997,3.530493056757482,2.9842341646524884,10,35,0.039215688,35.0
GTTGTACGTAAGGTGC,GTTGTACGTAAGGTGC,edge_gfp_plus,edge,GFP+,6.809266578780639,3.545714459092092,3.263552119688547,17,34,0.130381,137.0
GGAGCCAGTTACTGCG,GGAGCCAGTTACTGCG,edge_gfp_plus,edge,GFP+,7.850673824818445,3.71078478112771,4.139889043690735,37,29,0.03242046,399.0
GGCGGTAGTTTCCTAT,GGCGGTAGTTTCCTAT,edge_gfp_plus,edge,GFP+,6.880587377085107,3.863465189601647,3.0171221874834604,6,21,0.044819277,108.0
TGAATCCGTTGTGCTG,TGAATCCGTTGTGCTG,edge_gfp_plus,edge,GFP+,6.66029090437718,3.618665290007957,3.041625614369223,27,30,0.032467533,65.0
AGCTAAGGTTGCCTGA,AGCTAAGGTTGCCTGA,edge_gfp_plus,edge,GFP+,8.870090774117191,4.3630157840107975,4.507074990106393,2,29,0.022350531,332.0
AGCATCTGTTGACGTT,AGCATCTGTTGACGTT,edge_gfp_plus,edge,GFP+,4.897188538184856,1.917097125936093,2.980091412248763,27,37,0.16885553,67.0
TGTAGAGGTGAACCTT,TGTAGAGGTGAACCTT,edge_gfp_plus,edge,GFP+,4.09306920777189,1.0,3.0930692077718898,2,7,0.071428575,16.0
GCGCTTAGTAGTGACA,GCGCTTAGTAGTGACA,edge_gfp_plus,edge,GFP+,7.051598635289933,3.3113062793715478,3.740292355918386,20,37,0.04503228,247.0
CTGTAACGTTGCACCA,CTGTAACGTTGCACCA,edge_gfp_plus,edge,GFP+,7.183527224499565,3.37259891822028,3.810928306279286,39,13,0.049261086,64.0
GGCTGAGGTTGACTCG,GGCTGAGGTTGACTCG,edge_gfp_plus,edge,GFP+,4.102114612531853,2.274860674259384,1.8272539382724695,20,34,0.31658128,203.0
ACAGCGGGTATAGCAG,ACAGCGGGTATAGCAG,edge_gfp_plus,edge,GFP+,6.9767121247345445,3.2883041925735865,3.688407932160958,10,26,0.14315224,291.0
GTTAGAGGTTAGCTGT,GTTAGAGGTTAGCTGT,edge_gfp_plus,edge,GFP+,6.968055069322016,3.732463323294085,3.2355917460279318,39,34,0.08135594,89.0
TCAGTTAGTGGCTGAG,TCAGTTAGTGGCTGAG,edge_gfp_plus,edge,GFP+,8.848912295760368,4.21275547688324,4.636156818877128,27,17,0.01927831,420.0
CTATTGAGTTGCACAT,CTATTGAGTTGCACAT,edge_gfp_plus,edge,GFP+,8.583792904738527,4.363606514458105,4.220186390280421,3,20,0.023867754,326.0
TGTCTAAGTTTCAGCG,TGTCTAAGTTTCAGCG,edge_gfp_plus,edge,GFP+,8.378884709556157,4.01305061621163,4.365834093344528,33,26,0.028571427,262.0
AGTAACGGTTGACGTT,AGTAACGGTTGACGTT,edge_gfp_plus,edge,GFP+,6.497776075805701,3.418615807244174,3.079160268561528,29,41,0.11693888,323.0
TCCATGGGTTTGCGTG,TCCATGGGTTTGCGTG,edge_gfp_plus,edge,GFP+,5.46605075635585,2.2221915755066783,3.243859180849172,26,3,0.13939394,86.0
TAGGCAAGTGAGTATG,TAGGCAAGTGAGTATG,edge_gfp_plus,edge,GFP+,5.04772272145342,2.631928905277092,2.4157938161763286,30,17,0.16059458,120.0
GTGAGTAGTGATTGAG,GTGAGTAGTGATTGAG,edge_gfp_plus,edge,GFP+,6.177476464115294,3.2052671843881955,2.9722092797270987,14,25,0.071428575,67.0
AGAGAGGGTGCAGCCT,AGAGAGGGTGCAGCCT,edge_gfp_plus,edge,GFP+,6.489470190991652,3.6722542525286,2.817215938463051,30,24,0.06140351,93.0
TGAGTCTGTGGAAGGA,TGAGTCTGTGGAAGGA,edge_gfp_plus,edge,GFP+,8.156185304592796,4.086404285979196,4.0697810186136,35,26,0.04879274,334.0
GCGTTATGTTCGCACA,GCGTTATGTTCGCACA,edge_gfp_plus,edge,GFP+,5.5110276044371,2.5110276044371,3.0,40,9,0.0625,32.0
CTCACGAGTCTCACTC,CTCACGAGTCTCACTC,edge_gfp_plus,edge,GFP+,5.727671111597012,2.624690845765546,3.1029802658314662,35,29,0.09214896,192.0
ATCGTACGTGAAGCAC,ATCGTACGTGAAGCAC,edge_gfp_plus,edge,GFP+,6.213593801113374,3.078722661980647,3.134871139132727,6,24,0.084848486,76.0
ACAATGGGTAATGAGT,ACAATGGGTAATGAGT,edge_gfp_plus,edge,GFP+,6.4268190808597065,3.316444882210209,3.110374198649497,31,43,0.12052255,176.0
AGCGATAGTTCCTTCA,AGCGATAGTTCCTTCA,edge_gfp_plus,edge,GFP+,6.003278868565703,3.1873640490701103,2.815914819495593,14,37,0.075630255,69.0
CGTGACCGTTAGCGCC,CGTGACCGTTAGCGCC,edge_gfp_plus,edge,GFP+,6.703338730145548,2.8570982491498818,3.8462404809956654,15,32,0.053503577,180.0
TACAAGGGTATGGATG,TACAAGGGTATGGATG,edge_gfp_plus,edge,GFP+,5.718636678302652,3.0882225926904248,2.630414085612228,21,11,0.14705883,72.0
TAAGGATGTAGTGCAA,TAAGGATGTAGTGCAA,edge_gfp_plus,edge,GFP+,7.773516051291178,3.7343673793881074,4.039148671903071,17,32,0.028698979,84.0
GCTTATAGTCCATCGA,GCTTATAGTCCATCGA,edge_gfp_plus,edge,GFP+,7.19122399799789,3.554305456655409,3.6369185413424807,29,42,0.06538462,504.0
TCTGATAGTTGTGAAG,TCTGATAGTTGTGAAG,edge_gfp_plus,edge,GFP+,7.508719905780392,3.421257064530053,4.087462841250339,22,2,0.039215688,67.0
AGTGCTTGTAACGGTA,AGTGCTTGTAACGGTA,edge_gfp_plus,edge,GFP+,4.027846290404443,2.1854752972273346,1.8423709931771084,14,20,0.21428572,27.0
TGGAGTAGTTGTCAGT,TGGAGTAGTTGTCAGT,edge_gfp_plus,edge,GFP+,7.570015974530605,3.646927278899735,3.92308869563087,24,41,0.052369077,627.0
GCGGTGAGTAGTGCGG,GCGGTGAGTAGTGCGG,edge_gfp_plus,edge,GFP+,6.008649805678986,3.5473296654679776,2.4613201402110083,14,46,0.104575165,52.0
GCGACAGGTTTGCACG,GCGACAGGTTTGCACG,edge_gfp_plus,edge,GFP+,3.5068905956085183,1.584962500721156,1.9219280948873625,2,15,0.13333334,8.0
GGTGATAGTGATAGTG,GGTGATAGTGATAGTG,edge_gfp_plus,edge,GFP+,7.1411289131974405,3.558518613048906,3.5826103001485343,26,30,0.037037037,48.0
CGTCAATGTTCAAGCT,CGTCAATGTTCAAGCT,edge_gfp_plus,edge,GFP+,6.955977870077861,3.3816201079487342,3.574357762129127,2,3,0.032206118,50.0
CAACGGGGTTCGCACA,CAACGGGGTTCGCACA,edge_gfp_plus,edge,GFP+,5.525088234100286,2.798352607149444,2.726735626950842,14,32,0.14792898,225.0
TGTATCAGTCTAACCG,TGTATCAGTCTAACCG,edge_gfp_plus,edge,GFP+,5.866288107637391,3.177566232096525,2.6887218755408666,35,18,0.04761905,33.0
TCTGTAAGTCTGGGTC,TCTGTAAGTCTGGGTC,edge_gfp_plus,edge,GFP+,7.886608400385096,4.029976173056819,3.856632227328277,16,22,0.056815684,486.0
TGAAACGGTTCGCTGA,TGAAACGGTTCGCTGA,edge_gfp_plus,edge,GFP+,5.973557262275186,2.9735572622751856,3.0,37,3,0.033333335,23.0
GCTTAACGTTGGTGCC,GCTTAACGTTGGTGCC,edge_gfp_plus,edge,GFP+,6.467332834195709,3.305709150763405,3.1616236834323037,14,1,0.107344635,107.0
GGACCCTGTAACGGCG,GGACCCTGTAACGGCG,edge_gfp_plus,edge,GFP+,7.490894006074168,3.8924885779041833,3.5984054281699853,35,39,0.06901574,1154.0
TGTGGTTGTTGTGACT,TGTGGTTGTTGTGACT,edge_gfp_plus,edge,GFP+,5.596182094268426,2.855953642864355,2.7402284514040707,20,38,0.15079366,67.0
GGATTAGGTAGCTATC,GGATTAGGTAGCTATC,edge_gfp_plus,edge,GFP+,6.52843803817499,3.00086902708224,3.52756901109275,11,7,0.12244898,97.0
GTGCTTGGTTTCCGTC,GTGCTTGGTTTCCGTC,edge_gfp_plus,edge,GFP+,4.754690840777313,1.5157895841746822,3.238901256602631,14,23,0.10256411,31.0
TGAGGCGGTAGTGACA,TGAGGCGGTAGTGACA,edge_gfp_plus,edge,GFP+,4.173557262275185,2.251629167387823,1.9219280948873625,11,13,0.13333334,11.0
CGTCCTTGTTCCCAGA,CGTCCTTGTTCCCAGA,edge_gfp_plus,edge,GFP+,3.4659121545053866,1.6492698764097338,1.8166422780956528,20,37,0.47272727,53.0
AGAGAGGGTGCGTGAG,AGAGAGGGTGCGTGAG,edge_gfp_plus,edge,GFP+,8.263053247267058,4.455484703591512,3.8075685436755458,29,24,0.013833992,112.0
TGAAACGGTTAGCTCG,TGAAACGGTTAGCTCG,edge_gfp_plus,edge,GFP+,7.402794069264378,3.375807235905091,4.026986833359287,32,29,0.036057692,58.0
CTAGTTAGTGGCGCTT,CTAGTTAGTGGCGCTT,edge_gfp_plus,edge,GFP+,6.4374866868745535,3.2538013905715863,3.1836852963029667,2,3,0.052469134,75.0
TACGCTGGTATAGCAG,TACGCTGGTATAGCAG,edge_gfp_plus,edge,GFP+,7.08323195227256,3.70270350031943,3.38052845195313,14,22,0.04263566,79.0
TCTGGGCGTTGTCCGA,TCTGGGCGTTGTCCGA,edge_gfp_plus,edge,GFP+,6.691917449103569,3.239097917988786,3.452819531114783,24,3,0.041666668,34.0
AATGGATGTTGCGCGT,AATGGATGTTGCGCGT,edge_gfp_plus,edge,GFP+,6.708223018135123,3.2963168308262123,3.4119061873089107,43,37,0.11111112,84.0
ACGCTATGTTCCGCTT,ACGCTATGTTCCGCTT,edge_gfp_plus,edge,GFP+,6.889539447599756,3.272664841643534,3.616874605956221,14,2,0.040567953,46.0
CCATTAAGTTAGACAG,CCATTAAGTTAGACAG,edge_gfp_plus,edge,GFP+,4.157943498845732,2.4360069453309547,1.7219365535147777,29,25,0.28206685,129.0
CCGCGATGTTAGACCT,CCGCGATGTTAGACCT,edge_gfp_plus,edge,GFP+,6.677421219105527,3.2898250267550604,3.3875961923504665,16,16,0.037445102,328.0
CACGTATGTAGCGCAG,CACGTATGTAGCGCAG,edge_gfp_plus,edge,GFP+,4.5097206071501885,1.5569010760354054,2.952819531114783,24,7,0.1764706,33.0
TACGAAGGTTATCCAA,TACGAAGGTTATCCAA,edge_gfp_plus,edge,GFP+,6.262864824555371,3.3796966055940345,2.883168218961337,25,26,0.1560758,85.0
GTAGTCTGTAATGACG,GTAGTCTGTAATGACG,edge_gfp_plus,edge,GFP+,4.282121776743049,1.4391973560760647,2.842924420666984,14,16,0.31315514,354.0
CCCATCTGTGCGGAAT,CCCATCTGTGCGGAAT,edge_gfp_plus,edge,GFP+,6.669473682715058,3.831401845392172,2.838071837322885,14,23,0.04444445,63.0
GGGATTAGTCAATCTA,GGGATTAGTCAATCTA,edge_gfp_plus,edge,GFP+,6.326760906204173,3.078395859453269,3.248365046750904,24,9,0.058823533,68.0
ATGTGAGGTGATAGCA,ATGTGAGGTGATAGCA,edge_gfp_plus,edge,GFP+,3.56451440163708,1.2374757117135078,2.3270386899235724,36,35,0.39746478,171.0
GTCGAGGGTTAGGTTC,GTCGAGGGTTAGGTTC,edge_gfp_plus,edge,GFP+,4.394937749722861,1.273009654835499,3.1219280948873624,14,25,0.14166667,34.0
GTGGAACGTAGTTAGG,GTGGAACGTAGTTAGG,edge_gfp_plus,edge,GFP+,6.394732422221983,3.272804327334621,3.1219280948873624,40,39,0.05714286,31.0
ACAGCTTGTCTTGCTC,ACAGCTTGTCTTGCTC,edge_gfp_plus,edge,GFP+,4.451258293476014,2.3096228857510543,2.1416354077249604,31,32,0.33684212,83.0
GCTCCAAGTGGCGAAT,GCTCCAAGTGGCGAAT,edge_gfp_plus,edge,GFP+,5.343463341601035,2.85845859334435,2.485004748256685,25,37,0.07317073,57.0
CGAGTCCGTAGCCTGC,CGAGTCCGTAGCCTGC,edge_gfp_plus,edge,GFP+,3.954216352194381,1.2999610389793514,2.654255313215029,14,23,0.22215271,111.0
TATGAGGGTCTTGAGT,TATGAGGGTCTTGAGT,edge_gfp_plus,edge,GFP+,9.967607052726049,4.868015010902331,5.099592041823716,2,31,0.009767292,1281.0
AGAGTATGTAACGCAA,AGAGTATGTAACGCAA,edge_gfp_plus,edge,GFP+,3.235926350629033,2.235926350629033,1.0,24,18,0.14285715,9.0
AGTCGGGGTTCCAGAT,AGTCGGGGTTCCAGAT,edge_gfp_plus,edge,GFP+,6.303091321427624,3.0220552088742005,3.2810361125534238,11,6,0.055555556,30.0
CGAGCAGGTAGTCATC,CGAGCAGGTAGTCATC,edge_gfp_plus,edge,GFP+,8.52011842360734,4.710542312412049,3.809576111195289,18,21,0.03884737,774.0
GTACGAAGTAACGGCG,GTACGAAGTAACGGCG,edge_gfp_plus,edge,GFP+,6.083140148309732,2.959283958535007,3.123856189774725,27,22,0.10666667,58.0
CCATCCTGTTATGACC,CCATCCTGTTATGACC,edge_gfp_plus,edge,GFP+,4.768367439558379,2.321928094887362,2.446439344671016,6,32,0.060000002,15.0
AACCAAGGTTTGACAC,AACCAAGGTTTGACAC,edge_gfp_plus,edge,GFP+,6.159090418825981,2.819654442693893,3.3394359761320875,14,20,0.07977791,117.0
TCATTAGGTTAGAGCA,TCATTAGGTTAGAGCA,edge_gfp_plus,edge,GFP+,7.342669207001833,3.4315016310043336,3.9111675759975,37,26,0.07849576,436.0
ATAGCGAGTCCATCGA,ATAGCGAGTCCATCGA,edge_gfp_plus,edge,GFP+,6.266968315481369,3.1820058147602133,3.084962500721156,45,1,0.035714287,26.0
TCTGATAGTGAACGGT,TCTGATAGTGAACGGT,edge_gfp_plus,edge,GFP+,5.3409538603514495,2.4956029237290127,2.8453509366224363,11,2,0.0974026,25.0
AGGTATGGTCATTCCC,AGGTATGGTCATTCCC,edge_gfp_plus,edge,GFP+,6.901289997350424,3.2370699851662463,3.6642200121841775,11,18,0.13968255,138.0
GGCGTAGGTAGTAGGC,GGCGTAGGTAGTAGGC,edge_gfp_plus,edge,GFP+,4.892065790960409,2.9056390622295662,1.9864267287308424,14,20,0.097222224,34.0
GCTTCCTGTCCCGTAA,GCTTCCTGTCCCGTAA,edge_gfp_plus,edge,GFP+,6.141285713395957,3.0180542845983367,3.1232314287976206,27,34,0.10666668,85.0
CCCTTACGTTGAATGG,CCCTTACGTTGAATGG,edge_gfp_plus,edge,GFP+,6.296625778569874,3.16051091869362,3.136114859876254,31,43,0.1173913,317.0
GTTGAAGGTGATGCGG,GTTGAAGGTGATGCGG,edge_gfp_plus,edge,GFP+,4.356849950951039,1.8684460517276669,2.488403899223372,9,23,0.28437135,60.0
CATGCTGGTTTAATCG,CATGCTGGTTTAATCG,edge_gfp_plus,edge,GFP+,8.84756730985356,4.307068985789684,4.540498324063876,29,8,0.013157895,132.0
CTTATGAGTGGGTAGT,CTTATGAGTGGGTAGT,edge_gfp_plus,edge,GFP+,8.565928721608,4.272737538339061,4.29319118326894,2,38,0.019286403,112.0
CTAGCGCGTTGACTGT,CTAGCGCGTTGACTGT,edge_gfp_plus,edge,GFP+,6.224477484496484,3.128384472142994,3.0960930123534904,11,18,0.09246125,222.0
AAGCCAAGTGAGTCGG,AAGCCAAGTGAGTCGG,edge_gfp_plus,edge,GFP+,6.023711321560848,3.0773238024297203,2.946387519131128,35,3,0.07575758,43.0
AAGCCGGGTTTGGCAT,AAGCCGGGTTTGGCAT,edge_gfp_plus,edge,GFP+,5.245320983073706,2.6941177472005444,2.551203235873162,17,22,0.24101852,741.0
AACGAATGTTATGACC,AACGAATGTTATGACC,edge_gfp_plus,edge,GFP+,5.249044683938736,2.611955606490443,2.6370890774482927,14,22,0.20949264,86.0
TCGCATGGTCAAGGCG,TCGCATGGTCAAGGCG,edge_gfp_plus,edge,GFP+,6.2418669951642265,3.3945945309486127,2.847272464215614,17,23,0.10172144,107.0
ACACGGGGTCTTGGAT,ACACGGGGTCTTGGAT,edge_gfp_plus,edge,GFP+,8.273153728907612,3.96120050429404,4.311953224613571,21,31,0.013522651,109.0
AAGCTCTGTTGAGCTT,AAGCTCTGTTGAGCTT,edge_gfp_plus,edge,GFP+,5.388681444675385,2.6891675943554185,2.699513850319966,35,26,0.1904762,55.0
CGGTAAAGTCTCAGTG,CGGTAAAGTCTCAGTG,edge_gfp_plus,edge,GFP+,9.312536409159192,4.409364285745857,4.903172123413336,15,17,0.016752137,660.0
GCATTACGTTAGCCAT,GCATTACGTTAGCCAT,edge_gfp_plus,edge,GFP+,5.835942638545912,2.7273085510199926,3.10863408752592,29,40,0.10359408,262.0
TATGGCTGTGAGGTTA,TATGGCTGTGAGGTTA,edge_gfp_plus,edge,GFP+,7.192816647098915,3.761923012523909,3.430893634575006,9,21,0.05666667,158.0
AGAAGGGGTTGGGTAA,AGAAGGGGTTGGGTAA,edge_gfp_plus,edge,GFP+,5.137000505003305,2.815072410115944,2.321928094887362,20,23,0.046153847,18.0
ACCGATTGTCCCGTAA,ACCGATTGTCCCGTAA,edge_gfp_plus,edge,GFP+,3.0,2.0,1.0,2,26,0.125,6.0
CAGGATAGTAAGCGTA,CAGGATAGTAAGCGTA,edge_gfp_plus,edge,GFP+,-0.0,-0.0,-0.0,11,11,1.0,2.0
CCTACAGGTCATGAAG,CCTACAGGTCATGAAG,edge_gfp_plus,edge,GFP+,8.218393997719307,3.977512201105247,4.240881796614059,35,28,0.028771758,182.0
AACGGTAGTCATCACG,AACGGTAGTCATCACG,edge_gfp_plus,edge,GFP+,5.580869099205401,2.725480556997868,2.8553885422075336,26,36,0.055555556,21.0
ATACTTGGTCTGGTAT,ATACTTGGTCTGGTAT,edge_gfp_plus,edge,GFP+,8.006896289888564,4.348839622396685,3.658056667491879,2,22,0.041514043,267.0
ATGAGGCGTTCCGCAA,ATGAGGCGTTCCGCAA,edge_gfp_plus,edge,GFP+,2.0,-0.0,2.0,27,14,0.25,5.0
CAGCGAGGTTCGCCTT,CAGCGAGGTTCGCCTT,edge_gfp_plus,edge,GFP+,5.557354922057604,2.75,2.807354922057604,24,2,0.035714287,15.0
ATAGGATGTTGTAGCT,ATAGGATGTTGTAGCT,edge_gfp_plus,edge,GFP+,5.293496701145401,2.8453509366224368,2.448145764522964,1,10,0.13636364,39.0
TCTGTAAGTTCCTTGC,TCTGTAAGTTCCTTGC,edge_gfp_plus,edge,GFP+,5.095382367476857,2.555352338957622,2.5400300285192343,12,24,0.3431053,511.0
AGCTTACGTGCGGTGA,AGCTTACGTGCGGTGA,edge_gfp_plus,edge,GFP+,6.516114059218509,3.1290083198857195,3.38710573933279,31,39,0.15047795,581.0
CCGAATTGTTAGGGAC,CCGAATTGTTAGGGAC,edge_gfp_plus,edge,GFP+,5.2709971524400006,2.412878689342031,2.858118463097969,24,34,0.1768421,44.0
GTACGTTGTCATTCCC,GTACGTTGTCATTCCC,edge_gfp_plus,edge,GFP+,6.217974041357964,2.8716476208519195,3.346326420506045,17,22,0.08607069,102.0
AGTGTGAGTGATCCGC,AGTGTGAGTGATCCGC,edge_gfp_plus,edge,GFP+,6.824537714983214,3.2511967565035604,3.573340958479654,15,27,0.04996506,107.0
GTCGGCTGTTCGGGTC,GTCGGCTGTTCGGGTC,edge_gfp_plus,edge,GFP+,7.11677203351522,2.9025092380072617,4.214262795507958,24,37,0.040133778,62.0
CCAATTAGTAGCCTGC,CCAATTAGTAGCCTGC,edge_gfp_plus,edge,GFP+,5.893285388521328,2.939231832498179,2.954053556023148,34,40,0.14134543,157.0
AGGGTACGTGAGAGGA,AGGGTACGTGAGAGGA,edge_gfp_plus,edge,GFP+,5.383154351157152,2.661226256269789,2.721928094887362,1,5,0.046153847,23.0
AGTAACGGTTGGCGTC,AGTAACGGTTGGCGTC,edge_gfp_plus,edge,GFP+,7.394265356703329,3.4398227820087555,3.954442574694573,24,30,0.03214286,75.0
GCGCTTAGTTCGCATG,GCGCTTAGTTCGCATG,edge_gfp_plus,edge,GFP+,4.47007336081834,2.288174302900779,2.181899057917561,13,31,0.267316,64.0
AGTAACGGTGAGGTGT,AGTAACGGTGAGGTGT,edge_gfp_plus,edge,GFP+,7.281143658658139,3.205117010049481,4.076026648608658,17,29,0.037470724,164.0
ATCCCCTGTTTACTTC,ATCCCCTGTTTACTTC,edge_gfp_plus,edge,GFP+,7.317218914693205,3.816465737752455,3.5007531769407505,16,28,0.054915514,149.0
CTTGTAAGTTACACTA,CTTGTAAGTTACACTA,edge_gfp_plus,edge,GFP+,5.248329134626316,2.404522567716992,2.843806566909324,27,27,0.16202532,154.0
CGTGAAAGTTTAGCCG,CGTGAAAGTTTAGCCG,edge_gfp_plus,edge,GFP+,6.844496221290982,3.34203669835164,3.5024595229393425,23,10,0.105042025,173.0
ACCCTAGGTTATCCGG,ACCCTAGGTTATCCGG,edge_gfp_plus,edge,GFP+,5.516809390555759,2.8007301705627823,2.7160792199929764,27,32,0.10749385,169.0
TAATGGGGTGAGGCAT,TAATGGGGTGAGGCAT,edge_gfp_plus,edge,GFP+,6.574744875290001,3.181997464841216,3.3927474104487847,9,14,0.042933814,56.0
TGGGAACGTCCCGAAC,TGGGAACGTCCCGAAC,edge_gfp_plus,edge,GFP+,5.341310040533735,2.4193819456463714,2.9219280948873627,2,3,0.06666667,19.0
CATGTTAGTTTCGAGT,CATGTTAGTTTCGAGT,edge_gfp_plus,edge,GFP+,3.5642990880644705,1.8423709931771084,1.721928094887362,35,18,0.17142858,17.0
AGCTTTAGTTGTAAGG,AGCTTTAGTTGTAAGG,edge_gfp_plus,edge,GFP+,6.841205070697576,3.862574997164314,2.9786300735332625,14,32,0.0947541,111.0
ATCCACGGTTCAAGCT,ATCCACGGTTCAAGCT,edge_gfp_plus,edge,GFP+,4.073517362914001,2.8218881955261783,1.2516291673878228,27,35,0.22222224,24.0
TGCGTATGTGGCTACC,TGCGTATGTGGCTACC,edge_gfp_plus,edge,GFP+,4.485709627893883,2.2357096278938826,2.25,19,12,0.11904762,50.0
AGCGATAGTAGGCCAG,AGCGATAGTAGGCCAG,edge_gfp_plus,edge,GFP+,8.589147809507647,4.3637691066765365,4.22537870283111,35,42,0.02195686,390.0
GTAGATGGTAGTTAGG,GTAGATGGTAGTTAGG,edge_gfp_plus,edge,GFP+,5.445787032608241,2.5404792562344936,2.9053077763737467,14,24,0.114832535,52.0
CAGGCGAGTTAACGCT,CAGGCGAGTTAACGCT,edge_gfp_plus,edge,GFP+,7.593569389796656,3.715326698771809,3.8782426910248464,32,27,0.036842108,88.0
TAATGGGGTGGCAGCA,TAATGGGGTGGCAGCA,edge_gfp_plus,edge,GFP+,5.413977073182752,2.5,2.9139770731827523,17,9,0.045454547,19.0
CAGCCTAGTGAGGTGT,CAGCCTAGTGAGGTGT,edge_gfp_plus,edge,GFP+,5.848656346133498,3.246439344671016,2.6022170014624826,12,24,0.046875,36.0
TAATGGGGTAAGTCGA,TAATGGGGTAAGTCGA,edge_gfp_plus,edge,GFP+,2.807354922057604,-0.0,2.807354922057604,2,14,0.14285715,8.0
TGTGTACGTGGACACG,TGTGTACGTGGACACG,edge_gfp_plus,edge,GFP+,6.690202217462664,3.513861831531353,3.1763403859313115,34,10,0.046703298,148.0
ATTCCAAGTTTGGCGC,ATTCCAAGTTTGGCGC,edge_gfp_plus,edge,GFP+,4.916834713131301,2.5949066182439395,2.321928094887362,14,14,0.10909092,21.0
TCTATAGGTTCCGTAG,TCTATAGGTTCCGTAG,edge_gfp_plus,edge,GFP+,6.82979919840689,3.4104172527605194,3.4193819456463714,1,2,0.029411767,35.0
TCTAATGGTCAAGTTC,TCTAATGGTCAAGTTC,edge_gfp_plus,edge,GFP+,7.294808005468262,3.9211039494673257,3.3737040560009364,35,37,0.06577595,223.0
GTTGGTTGTTTGCAGT,GTTGGTTGTTTGCAGT,edge_gfp_plus,edge,GFP+,5.397592419256529,2.6297493293878453,2.7678430898686845,16,17,0.19826907,72.0
CGGAACGGTGAGGTTA,CGGAACGGTGAGGTTA,edge_gfp_plus,edge,GFP+,7.707050748047992,3.788754913993503,3.918295834054489,2,6,0.011363637,46.0
CTCACGAGTAAGGTAT,CTCACGAGTAAGGTAT,edge_gfp_plus,edge,GFP+,6.307059990242827,3.5831905560588293,2.7238694341839977,19,13,0.13574663,171.0
ACACGTTGTTGACCGC,ACACGTTGTTGACCGC,edge_gfp_plus,edge,GFP+,7.200300090942253,3.4798601947841985,3.720439896158055,20,29,0.053921573,146.0
TCGGCTAGTTTCCGCT,TCGGCTAGTTTCCGCT,edge_gfp_plus,edge,GFP+,7.975055376270406,3.886898129263228,4.088157247007178,12,25,0.031430937,277.0
GTGATAGGTGGCGCTT,GTGATAGGTGGCGCTT,edge_gfp_plus,edge,GFP+,6.378256037967434,3.7408031761008713,2.6374528618665627,16,23,0.10611645,568.0
CTCGTGAGTTCGGCAC,CTCGTGAGTTCGGCAC,edge_gfp_plus,edge,GFP+,6.232799558612211,3.2841837197791888,2.948615838833022,16,19,0.08421053,77.0
GGGATTAGTTAAGCAG,GGGATTAGTTAAGCAG,edge_gfp_plus,edge,GFP+,4.937950508322047,2.452954409591394,2.4849960987306523,14,19,0.1746032,72.0
GCCTATGGTTTCGGGC,GCCTATGGTTTCGGGC,edge_gfp_plus,edge,GFP+,4.877567157116928,2.7219280948873625,2.1556390622295662,1,18,0.075,18.0
GGGCCTTGTGCGGATG,GGGCCTTGTGCGGATG,edge_gfp_plus,edge,GFP+,6.396240625180289,5.584962500721156,0.8112781244591328,1,41,0.0,4.0
CGCCATAGTGAGTCCC,CGCCATAGTGAGTCCC,edge_gfp_plus,edge,GFP+,6.571264830655486,2.537751330008345,4.033513500647141,25,30,0.08408408,91.0
AGCCCTAGTTTAGGAG,AGCCCTAGTTTAGGAG,edge_gfp_plus,edge,GFP+,7.070565599457294,3.136863709607318,3.933701889849976,11,21,0.04492363,74.0
TGAGTGAGTGGAGCTG,TGAGTGAGTGGAGCTG,edge_gfp_plus,edge,GFP+,6.1071405879754215,3.126277055364332,2.9808635326110897,24,40,0.121753246,178.0
GCTACTGGTAGCGAGT,GCTACTGGTAGCGAGT,edge_gfp_plus,edge,GFP+,5.132950438936364,2.526483493789629,2.6064669451467344,11,31,0.11491109,77.0
GGCTTTGGTATTAGGG,GGCTTTGGTATTAGGG,edge_gfp_plus,edge,GFP+,3.4793244861987827,1.3702756909628198,2.109048795235963,14,29,0.44048735,357.0
AGAAGGGGTTGTAAGG,AGAAGGGGTTGTAAGG,edge_gfp_plus,edge,GFP+,6.062528434167989,2.9660758625804453,3.096452571587544,39,17,0.09661018,119.0
GTCTAACGTGATGCGG,GTCTAACGTGATGCGG,edge_gfp_plus,edge,GFP+,6.292893190747508,3.1727821881180254,3.120111002629482,29,9,0.08045977,56.0
AACTGAGGTTGCGCTA,AACTGAGGTTGCGCTA,edge_gfp_plus,edge,GFP+,5.331721605629967,2.235926350629033,3.095795255000934,33,28,0.051948056,18.0
GGTGGATGTCATGGAA,GGTGGATGTCATGGAA,edge_gfp_plus,edge,GFP+,4.173557262275185,2.2516291673878226,1.9219280948873625,21,43,0.13333334,11.0
GGGCATGGTCATGTCG,GGGCATGGTCATGTCG,edge_gfp_plus,edge,GFP+,5.506890595608519,2.584962500721156,2.9219280948873627,23,3,0.06666667,22.0
CTGGTCAGTAATCCAC,CTGGTCAGTAATCCAC,edge_gfp_plus,edge,GFP+,3.773557262275185,2.251629167387823,1.521928094887362,29,26,0.13333334,11.0
TGCGACCGTTATAGCC,TGCGACCGTTATAGCC,edge_gfp_plus,edge,GFP+,3.1154555574786387,0.9182958340544896,2.197159723424149,20,19,0.22222224,12.0
AGCCATTGTAACGGCG,AGCCATTGTAACGGCG,edge_gfp_plus,edge,GFP+,5.527671197076769,2.5018200759272053,3.025851121149564,35,33,0.125627,137.0
ACTTATGGTTTGGTGT,ACTTATGGTTTGGTGT,edge_gfp_plus,edge,GFP+,5.206786435506242,2.370923980218665,2.835862455287577,24,34,0.111906484,240.0
AGCGCAGGTGATCAAG,AGCGCAGGTGATCAAG,edge_gfp_plus,edge,GFP+,8.33252928528176,4.161068071004326,4.171461214277434,35,29,0.028616855,423.0
CGTTCCTGTTGCGGTC,CGTTCCTGTTGCGGTC,edge_gfp_plus,edge,GFP+,5.179148030959043,2.491463724197221,2.687684306761822,14,24,0.16502866,206.0
TGTACCGGTTCGTGAT,TGTACCGGTTCGTGAT,edge_gfp_plus,edge,GFP+,7.553252383481048,3.9591643873810014,3.5940879961000465,11,28,0.034391537,93.0
AGACACAGTAGGCCAG,AGACACAGTAGGCCAG,edge_gfp_plus,edge,GFP+,6.464443895884726,2.714502657741406,3.749941238143319,36,28,0.047699217,135.0
GGTGAACGTCTGTGGC,GGTGAACGTCTGTGGC,edge_gfp_plus,edge,GFP+,9.241598266531998,4.67513160761412,4.566466658917877,37,39,0.012710376,762.0
GGCATGGGTTTGACCG,GGCATGGGTTTGACCG,edge_gfp_plus,edge,GFP+,6.273927356538399,3.3071885761626683,2.966738780375731,17,25,0.13445379,76.0
AGACGTAGTCTAAGTC,AGACGTAGTCTAAGTC,edge_gfp_plus,edge,GFP+,5.575047471424073,3.1601039911159177,2.414943480308155,27,41,0.16705517,188.0
CAAATGGGTGCACGAG,CAAATGGGTGCACGAG,edge_gfp_plus,edge,GFP+,5.742234599671949,2.6464393446710157,3.095795255000934,1,12,0.05454546,21.0
CATAGCTGTTAGCGTT,CATAGCTGTTAGCGTT,edge_gfp_plus,edge,GFP+,6.198777450451159,2.202870851966914,3.995906598484245,12,1,0.10852714,79.0
GGTTGGGGTAGTAAGT,GGTTGGGGTAGTAAGT,edge_gfp_plus,edge,GFP+,6.0671053306119616,3.177549677765604,2.889555652846358,17,31,0.18509616,123.0
CCACATGGTTTCGTCC,CCACATGGTTTCGTCC,edge_gfp_plus,edge,GFP+,5.534004562174078,3.112916417126881,2.421088145047197,17,23,0.1094019,463.0
CCAGTATGTTGCTTCC,CCAGTATGTTGCTTCC,edge_gfp_plus,edge,GFP+,6.803246460617336,3.500587269124727,3.302659191492609,12,17,0.0525,175.0
TGGCATTGTGCAGGTG,TGGCATTGTGCAGGTG,edge_gfp_plus,edge,GFP+,5.837039320662571,3.338008665847758,2.499030654814813,17,35,0.14591111,305.0
CGTGATTGTTGCGCTA,CGTGATTGTTGCGCTA,edge_gfp_plus,edge,GFP+,7.850147563984509,4.296630730201454,3.553516833783054,1,26,0.023423424,82.0
GGCTGAGGTGATGCAA,GGCTGAGGTGATGCAA,edge_gfp_plus,edge,GFP+,4.6120137168446895,3.0700977704776364,1.5419159463670529,28,38,0.2696325,102.0
CTCACGAGTATGTCAC,CTCACGAGTATGTCAC,edge_gfp_plus,edge,GFP+,5.34008538304378,2.9219280948873623,2.4181572881564177,16,14,0.11034483,39.0
TGGAGTAGTTGTGACT,TGGAGTAGTTGTGACT,edge_gfp_plus,edge,GFP+,6.4711997228342,3.239097917988786,3.232101804845413,26,32,0.052910052,39.0
GTACGTTGTGATCAAG,GTACGTTGTGATCAAG,edge_gfp_plus,edge,GFP+,6.757652651680296,3.725067687081003,3.0325849645992924,32,37,0.091201656,383.0
CCAGAGGGTTAGTGGA,CCAGAGGGTTAGTGGA,edge_gfp_plus,edge,GFP+,5.860630508092914,3.3807095825937483,2.479920925499165,28,43,0.07216981,93.0
ACCGTTGGTCTAGTCG,ACCGTTGGTCTAGTCG,edge_gfp_plus,edge,GFP+,5.454822399946606,3.4548223999466057,2.0,11,6,0.04411765,21.0
CGTTCAGGTGAGTGAC,CGTTCAGGTGAGTGAC,edge_gfp_plus,edge,GFP+,8.443958068134624,4.195880648763707,4.248077419370916,35,37,0.018823529,437.0
TAAGGATGTAACTCTA,TAAGGATGTAACTCTA,edge_gfp_plus,edge,GFP+,7.773578470529779,3.8218407774149386,3.95173769311484,25,22,0.029391892,345.0
GGACGATGTTAGCCCA,GGACGATGTTAGCCCA,edge_gfp_plus,edge,GFP+,5.050340709546388,2.550340709546388,2.5,12,10,0.09090909,19.0
ATCGCATGTCAGTCAT,ATCGCATGTCAGTCAT,edge_gfp_plus,edge,GFP+,5.567324235589082,3.594465636961452,1.9728585986276297,17,25,0.09977325,42.0
AGCGATAGTTCCCTTA,AGCGATAGTTCCCTTA,edge_gfp_plus,edge,GFP+,7.802503119506992,3.9886085007312415,3.813894618775751,48,2,0.031960227,76.0
TGCCTCTGTAGCCATT,TGCCTCTGTAGCCATT,edge_gfp_plus,edge,GFP+,7.433140092715195,4.183679812793578,3.249460279921617,1,12,0.025827281,80.0
ATGTGAGGTCCCGAAC,ATGTGAGGTCCCGAAC,edge_gfp_plus,edge,GFP+,6.995476386888028,3.636464234369214,3.3590121525188144,27,44,0.068719216,221.0
GTCGATTGTGAACCAA,GTCGATTGTGAACCAA,edge_gfp_plus,edge,GFP+,6.829883307834391,3.706484556133594,3.1233987517007966,29,38,0.09686889,129.0
TGGAGTAGTAGCCCTA,TGGAGTAGTAGCCCTA,edge_gfp_plus,edge,GFP+,5.461739900866753,2.5654483718208256,2.896291529045928,14,12,0.06593407,27.0
CGTACTGGTGGGTTGG,CGTACTGGTGGGTTGG,edge_gfp_plus,edge,GFP+,6.058545814851154,3.284143895562384,2.7744019192887706,29,41,0.059912857,69.0
TCTGTAAGTAATCGTC,TCTGTAAGTAATCGTC,edge_gfp_plus,edge,GFP+,4.164497779200461,1.6644977792004614,2.5,27,18,0.14285715,15.0
TAAGCGAGTCAGCTTG,TAAGCGAGTCAGCTTG,edge_gfp_plus,edge,GFP+,1.5,-0.0,1.5,46,25,0.5,6.0
GCGATAAGTTAGAGTG,GCGATAAGTTAGAGTG,edge_gfp_plus,edge,GFP+,6.617720496507015,3.2516291673878226,3.3660913291191923,12,2,0.03508772,31.0
ATAGGGCGTTCCGTAG,ATAGGGCGTTCCGTAG,edge_gfp_plus,edge,GFP+,6.564132125764921,3.020879605933123,3.543252519831797,27,27,0.10564752,131.0
TACGCTGGTCCATCGA,TACGCTGGTCCATCGA,edge_gfp_plus,edge,GFP+,7.751803206345533,3.630623260249344,4.1211799460961895,29,36,0.075864874,914.0
CGTGAGGGTTCGCATG,CGTGAGGGTTCGCATG,edge_gfp_plus,edge,GFP+,4.995068774400496,2.1219280948873624,2.873140679513133,21,32,0.092307694,23.0
AAGTAACGTTAGAGAT,AAGTAACGTTAGAGAT,edge_gfp_plus,edge,GFP+,6.925376348871756,3.052140522495428,3.873235826376329,14,17,0.047789723,58.0
CGTTTAAGTAGTAACG,CGTTTAAGTAGTAACG,edge_gfp_plus,edge,GFP+,6.514584261662002,3.4273334938982645,3.087250767763738,17,18,0.048872184,59.0
GCAGCGAGTGCGGTTC,GCAGCGAGTGCGGTTC,edge_gfp_plus,edge,GFP+,7.949185060065831,3.875094042909371,4.07409101715646,25,33,0.03513649,647.0
CGTGAGGGTTAGGGTA,CGTGAGGGTTAGGGTA,edge_gfp_plus,edge,GFP+,6.036533725945624,3.1811451837380904,2.8553885422075336,25,3,0.07083333,72.0
TGCGGCTGTTGGCATT,TGCGGCTGTTGGCATT,edge_gfp_plus,edge,GFP+,2.8423709931771084,1.0,1.8423709931771084,12,24,0.21428572,9.0
AGTTTCAGTATGGTCT,AGTTTCAGTATGGTCT,edge_gfp_plus,edge,GFP+,6.117375071429498,3.0075499099072145,3.1098251615222834,12,24,0.27063796,1631.0
GTATGAGGTGATTGCT,GTATGAGGTGATTGCT,edge_gfp_plus,edge,GFP+,2.440223928941852,0.9182958340544896,1.521928094887362,37,4,0.26666668,8.0
AGACACAGTGCAGCGA,AGACACAGTGCAGCGA,edge_gfp_plus,edge,GFP+,7.599681986662053,3.729846578894241,3.869835407767812,36,25,0.057870373,246.0
TGCATTAGTAACGTGA,TGCATTAGTAACGTGA,edge_gfp_plus,edge,GFP+,8.303016384177422,4.273972944037427,4.029043440139996,14,18,0.046625093,333.0
ATTGTCAGTGATTACC,ATTGTCAGTGATTACC,edge_gfp_plus,edge,GFP+,7.630151494743108,4.070265053448254,3.559886441294855,9,27,0.0316095,273.0
AACCTTAGTAAGTAGT,AACCTTAGTAAGTAGT,edge_gfp_plus,edge,GFP+,5.407268229617389,2.251629167387823,3.1556390622295662,1,6,0.0625,28.0
TGATCCGGTAGTCCTG,TGATCCGGTAGTCCTG,edge_gfp_plus,edge,GFP+,7.813053125637751,3.856793604256035,3.956259521381716,17,27,0.04494382,215.0
TCGTATAGTCATCATA,TCGTATAGTCATCATA,edge_gfp_plus,edge,GFP+,3.5735572622751848,2.321928094887362,1.2516291673878228,20,27,0.13333334,11.0
ACACGGGGTTGAAGCA,ACACGGGGTTGAAGCA,edge_gfp_plus,edge,GFP+,7.00503959750416,3.3344890458280765,3.670550551676083,14,34,0.093649894,235.0
CTGGTCAGTGGCTCTA,CTGGTCAGTGGCTCTA,edge_gfp_plus,edge,GFP+,6.731956523742675,2.918295834054489,3.813660689688186,20,13,0.026666667,37.0
CCAGTATGTTCCTGAG,CCAGTATGTTCCTGAG,edge_gfp_plus,edge,GFP+,7.171828562762985,3.5055875858619334,3.666240976901052,1,16,0.050411522,90.0
TGGCTCAGTGAGGCCA,TGGCTCAGTGAGGCCA,edge_gfp_plus,edge,GFP+,4.034700358698805,2.178681019782007,1.8560193389167985,28,38,0.375,118.0
AGTCTTAGTCAATCTA,AGTCTTAGTCAATCTA,edge_gfp_plus,edge,GFP+,8.287641347835441,4.42354737927622,3.864093968559221,14,39,0.02425876,130.0
TCGCATGGTAGCTAGA,TCGCATGGTAGCTAGA,edge_gfp_plus,edge,GFP+,7.215733376170658,3.507601311512057,3.7081320646586016,37,32,0.03652174,48.0
ACAGGTAGTTGGGCAG,ACAGGTAGTTGGGCAG,edge_gfp_plus,edge,GFP+,5.717884902341963,2.794653473544342,2.923231428797621,16,24,0.059259262,33.0
AGTCGAAGTGGGTAGT,AGTCGAAGTGGGTAGT,edge_gfp_plus,edge,GFP+,4.760792438751947,2.1142376223007697,2.646554816451177,28,38,0.20764463,242.0
GCCGTACGTTGCTCTC,GCCGTACGTTGCTCTC,edge_gfp_plus,edge,GFP+,5.84842079936946,3.2516291673878226,2.596791631981637,14,23,0.07777778,27.0
TGTACCGGTGCAGGCA,TGTACCGGTGCAGGCA,edge_gfp_plus,edge,GFP+,5.93570831694278,3.072604951695637,2.8631033652471425,17,34,0.11655405,202.0
CGTGTTGGTTTGAGTC,CGTGTTGGTTTGAGTC,edge_gfp_plus,edge,GFP+,6.691107141707667,3.364763526861453,3.3263436148462127,27,29,0.05887446,97.0
CACCTCTGTCCCGTAA,CACCTCTGTCCCGTAA,edge_gfp_plus,edge,GFP+,5.636837780085996,3.463280517810811,2.1735572622751853,44,13,0.15238097,36.0
AGTGGCGGTCAGCGGA,AGTGGCGGTCAGCGGA,edge_gfp_plus,edge,GFP+,3.716241244789893,1.2097206528545388,2.506520591935354,14,29,0.39315227,517.0
CTTGGATGTAAGTCAG,CTTGGATGTAAGTCAG,edge_gfp_plus,edge,GFP+,5.468153461233513,2.855659856361928,2.612493604871585,30,31,0.17762661,157.0
TCTACGGGTTAGCTTA,TCTACGGGTTAGCTTA,edge_gfp_plus,edge,GFP+,5.471852701258065,2.521640636343318,2.950212064914747,47,6,0.04081633,21.0
CTGGAAAGTGAAGTCA,CTGGAAAGTGAAGTCA,edge_gfp_plus,edge,GFP+,7.097488617477972,3.7294461949052566,3.3680424225727155,8,17,0.024844721,44.0
TGCTTAAGTCTAGTAC,TGCTTAAGTCTAGTAC,edge_gfp_plus,edge,GFP+,4.4837842677743645,2.144212005787642,2.339572261986723,14,17,0.17435898,54.0
AGTCCTGGTTCACCAG,AGTCCTGGTTCACCAG,edge_gfp_plus,edge,GFP+,5.301377843317447,2.608997240862472,2.692380602454975,25,5,0.14508928,46.0
ATCGAAGGTCTTGCCT,ATCGAAGGTCTTGCCT,edge_gfp_plus,edge,GFP+,7.701640159680963,3.973817988247328,3.727822171433635,14,18,0.035136253,313.0
AAGGTTGGTGATAGTG,AAGGTTGGTGATAGTG,edge_gfp_plus,edge,GFP+,4.792119396320766,2.551567576530656,2.2405518197901104,27,41,0.30815125,236.0
AAGTACGGTGCGTGCT,AAGTACGGTGCGTGCT,edge_gfp_plus,edge,GFP+,6.54483104247722,3.707444074457493,2.837386968019728,24,35,0.05604431,254.0
TCATATGGTGGCCTGT,TCATATGGTGGCCTGT,edge_gfp_plus,edge,GFP+,7.48094294090569,4.075866794942011,3.4050761459636787,24,42,0.04699029,1300.0
TACGCTGGTCAGCATT,TACGCTGGTCAGCATT,edge_gfp_plus,edge,GFP+,7.967241506927144,3.6219280948873616,4.345313412039782,1,3,0.023809524,62.0
TCGTTAAGTCAACGGG,TCGTTAAGTCAACGGG,edge_gfp_plus,edge,GFP+,9.441207100964482,4.757712077464234,4.683495023500248,43,33,0.010366091,1165.0
CCCATAGGTTCAAGTC,CCCATAGGTTCAAGTC,edge_gfp_plus,edge,GFP+,8.635980259449191,4.64392026087845,3.992059998570741,14,25,0.022259632,213.0
CGTGACCGTGAGTATG,CGTGACCGTGAGTATG,edge_gfp_plus,edge,GFP+,11.169925001442312,5.584962500721156,5.584962500721156,1,1,0.0,0.0
GTAGCTTGTAGCAGCG,GTAGCTTGTAGCAGCG,edge_gfp_plus,edge,GFP+,9.357406121406871,4.488769072895129,4.868637048511744,9,22,0.012838124,390.0
AAGCATGGTAAGGTAT,AAGCATGGTAAGGTAT,edge_gfp_plus,edge,GFP+,4.310443057719024,2.725480556997868,1.584962500721156,2,13,0.074074075,12.0
GCGACAGGTGACGTGG,GCGACAGGTGACGTGG,edge_gfp_plus,edge,GFP+,5.202309186897626,2.522923887145249,2.6793852997523766,24,31,0.19350961,168.0
TGCGAAAGTGCGGACA,TGCGAAAGTGCGGACA,edge_gfp_plus,edge,GFP+,6.922578793880862,3.4535388598106147,3.469039934070248,21,33,0.059295747,150.0
GCTTAACGTGATTGCT,GCTTAACGTGATTGCT,edge_gfp_plus,edge,GFP+,6.22546498145142,3.619226052798031,2.6062389286533896,11,17,0.043010753,46.0
AGAGTATGTTCGCGGT,AGAGTATGTTCGCGGT,edge_gfp_plus,edge,GFP+,6.790316100943864,3.7328400246539326,3.057476076289931,6,20,0.064705886,57.0
GGTGAACGTTGACTAC,GGTGAACGTTGACTAC,edge_gfp_plus,edge,GFP+,9.30076792120437,4.750909725417806,4.549858195786564,37,39,0.015172369,1311.0
GGGCCTTGTGAACCGG,GGGCCTTGTGAACCGG,edge_gfp_plus,edge,GFP+,6.347605783613137,3.0559597551073763,3.29164602850576,33,26,0.084064335,110.0
GTTGGTTGTGACCGAG,GTTGGTTGTGACCGAG,edge_gfp_plus,edge,GFP+,4.670831771969642,2.20200487866243,2.468826893307212,42,28,0.18181819,55.0
AGTGAATGTTGGCGTC,AGTGAATGTTGGCGTC,edge_gfp_plus,edge,GFP+,4.418295834054489,2.5,1.9182958340544891,25,18,0.083333336,14.0
GGTGGCAGTTCCTTCA,GGTGGCAGTTCCTTCA,edge_gfp_plus,edge,GFP+,7.843933571685088,3.8307259014503225,4.013207670234766,2,18,0.034895316,93.0
CCAGACCGTTGTAGTC,CCAGACCGTTGTAGTC,edge_gfp_plus,edge,GFP+,4.155639062229566,2.1556390622295662,2.0,10,6,0.09375,12.0
GGGCGTAGTTCAATCA,GGGCGTAGTTCAATCA,edge_gfp_plus,edge,GFP+,4.6943835819247095,2.436539189321299,2.25784439260341,14,15,0.1932646,172.0
CCGAATTGTAACGGGT,CCGAATTGTAACGGGT,edge_gfp_plus,edge,GFP+,8.241192060405009,4.359047908286206,3.882144152118804,35,27,0.038286712,587.0
TGACGAAGTGAGTGGT,TGACGAAGTGAGTGGT,edge_gfp_plus,edge,GFP+,4.660200841557794,2.2090609293495818,2.451139912208212,11,35,0.1806144,91.0
TGTGAAGGTTAGTAGG,TGTGAAGGTTAGTAGG,edge_gfp_plus,edge,GFP+,8.62134868270179,4.2470737165065815,4.374274966195209,10,26,0.04322488,693.0
CCATCAGGTAACTCTA,CCATCAGGTAACTCTA,edge_gfp_plus,edge,GFP+,6.050927397483126,3.583609584412187,2.467317813070939,29,42,0.11012271,358.0
CGAATCTGTATGGCAA,CGAATCTGTATGGCAA,edge_gfp_plus,edge,GFP+,7.224058755342788,3.5808891052824263,3.6431696500603614,35,26,0.042529847,310.0
TGTAGAGGTCTAACGT,TGTAGAGGTCTAACGT,edge_gfp_plus,edge,GFP+,5.910867665116877,2.815072410115944,3.0957952550009336,23,14,0.041958045,24.0
TGTAGCTGTTCACCAG,TGTAGCTGTTCACCAG,edge_gfp_plus,edge,GFP+,4.776519395181484,2.6455933144511468,2.1309260807303367,6,22,0.1764706,45.0
GCTCAATGTAGTGTGA,GCTCAATGTAGTGTGA,edge_gfp_plus,edge,GFP+,6.498374734746265,3.557736336449496,2.9406383982967688,24,14,0.059210524,204.0
ACAGATGGTTGACTAC,ACAGATGGTTGACTAC,edge_gfp_plus,edge,GFP+,4.330248901970563,2.174609839740997,2.1556390622295662,3,18,0.19444445,35.0
GCACGAGGTGAAGTAT,GCACGAGGTGAAGTAT,edge_gfp_plus,edge,GFP+,3.036623265078923,1.4516607643577666,1.584962500721156,35,28,0.21568629,20.0
TCACTCCGTTTGACAC,TCACTCCGTTTGACAC,edge_gfp_plus,edge,GFP+,7.5137532402398595,3.901653105191611,3.612100135048249,21,31,0.045355733,294.0
TGTAACCGTTTAGGTC,TGTAACCGTTTAGGTC,edge_gfp_plus,edge,GFP+,8.020930986706027,3.779446753659292,4.241484233046736,24,25,0.03219697,160.0
CCAGAGGGTTCTGGAT,CCAGAGGGTTCTGGAT,edge_gfp_plus,edge,GFP+,3.9182958340544896,1.9182958340544896,2.0,11,8,0.083333336,10.0
GCCTAATGTGAGTAGC,GCCTAATGTGAGTAGC,edge_gfp_plus,edge,GFP+,5.584962500721156,-0.0,5.584962500721156,39,1,0.0,2.0
TCTAGCGGTGATCAAG,TCTAGCGGTGATCAAG,edge_gfp_plus,edge,GFP+,6.22980636447407,3.0269868333592878,3.202819531114783,24,10,0.043269232,29.0
GTCGGCTGTTTAGGCT,GTCGGCTGTTTAGGCT,edge_gfp_plus,edge,GFP+,4.481714572986073,2.0,2.481714572986073,1,31,0.06818182,15.0
TATACTGGTGCGCGAA,TATACTGGTGCGCGAA,edge_gfp_plus,edge,GFP+,8.941700444803413,4.459929510229308,4.481770934574105,40,37,0.0203769,816.0
GTGCTATGTCATTCCC,GTGCTATGTCATTCCC,edge_gfp_plus,edge,GFP+,4.271928094887362,1.521928094887362,2.75,14,7,0.1,13.0
AATGGGCGTAATGAGT,AATGGGCGTAATGAGT,edge_gfp_plus,edge,GFP+,4.427603249458102,1.981163904787086,2.4464393446710155,10,18,0.16250001,58.0
CATAAGGGTTCGATAC,CATAAGGGTTCGATAC,edge_gfp_plus,edge,GFP+,8.831001788632692,4.519157687322489,4.311844101310204,1,23,0.016369049,176.0
GTAGTAGGTTAGCCCA,GTAGTAGGTTAGCCCA,edge_gfp_plus,edge,GFP+,2.955913095175825,1.3709505944546687,1.584962500721156,36,11,0.20000002,8.0
AATGCAGGTAACGATG,AATGCAGGTAACGATG,edge_gfp_plus,edge,GFP+,0.5916727785823275,0.5916727785823275,-0.0,2,41,0.85714287,8.0
TCGGCTAGTTTACATG,TCGGCTAGTTTACATG,edge_gfp_plus,edge,GFP+,4.273153655021716,2.0215244876338927,2.251629167387823,36,24,0.11111112,57.0
GCCCTAAGTGCACGCT,GCCCTAAGTGCACGCT,edge_gfp_plus,edge,GFP+,5.852067822821008,3.7985098344539208,2.053557988367087,30,41,0.11954262,113.0
CGACCTAGTTTAGGTC,CGACCTAGTTTAGGTC,edge_gfp_plus,edge,GFP+,5.247453688014389,2.8530770324971564,2.394376655517232,35,25,0.24604884,1108.0
CGCCTAAGTAGGTCGG,CGCCTAAGTAGGTCGG,edge_gfp_plus,edge,GFP+,6.775929628249791,3.5458564446525824,3.230073183597209,29,24,0.068055555,168.0
CAAGCAAGTGACTCTG,CAAGCAAGTGACTCTG,edge_gfp_plus,edge,GFP+,2.999695670789692,0.7169375893928487,2.2827580813968438,25,35,0.57585585,374.0
GTAGTGAGTTGAAGTG,GTAGTGAGTTGAAGTG,edge_gfp_plus,edge,GFP+,6.776050959912404,3.323231428797621,3.452819531114783,1,29,0.0375,31.0
GTACAAGGTAACGACA,GTACAAGGTAACGACA,edge_gfp_plus,edge,GFP+,5.6823656953000485,2.235926350629033,3.446439344671016,26,14,0.042857148,27.0
GTCGAGGGTTTCGGAT,GTCGAGGGTTTCGGAT,edge_gfp_plus,edge,GFP+,5.220771175572091,2.524397470347699,2.696373705224392,36,24,0.15625,42.0
CACGACCGTCAGCCGT,CACGACCGTCAGCCGT,edge_gfp_plus,edge,GFP+,6.027592181745966,3.202819531114783,2.824772650631183,1,21,0.06414474,54.0
CAAGCCCGTGCGGTCT,CAAGCCCGTGCGGTCT,edge_gfp_plus,edge,GFP+,5.079846392129433,2.299896391167891,2.779950000961541,21,21,0.121212125,29.0
ACAGACAGTTCCCATC,ACAGACAGTTCCCATC,edge_gfp_plus,edge,GFP+,6.693677729620633,3.5813768532633423,3.1123008763572906,29,28,0.04054054,69.0
TGCATTAGTTGGACCC,TGCATTAGTTGGACCC,edge_gfp_plus,edge,GFP+,6.344254645552474,2.875678015864609,3.468576629687865,29,4,0.0737813,56.0
CCTACGAGTTATCGTA,CCTACGAGTTATCGTA,edge_gfp_plus,edge,GFP+,3.084962500721156,1.584962500721156,1.5,14,18,0.16666667,7.0
ACCCCAAGTCAATGCT,ACCCCAAGTCAATGCT,edge_gfp_plus,edge,GFP+,6.749716905700782,3.4414460711655224,3.30827083453526,14,21,0.041666668,38.0
AAGTCAGGTCCCGTAA,AAGTCAGGTCCCGTAA,edge_gfp_plus,edge,GFP+,4.9828351842308205,2.3090495890091725,2.6737855952216485,20,34,0.1827853,116.0
GTACGGGGTGCGTGGA,GTACGGGGTGCGTGGA,edge_gfp_plus,edge,GFP+,3.321928094887362,1.0,2.321928094887362,1,12,0.1,7.0
CCAGTTGGTTAATCTG,CCAGTTGGTTAATCTG,edge_gfp_plus,edge,GFP+,4.199358004165936,1.3152758995191551,2.8840821046467813,14,28,0.2871795,69.0
CAGGCGAGTGGACTAA,CAGGCGAGTGGACTAA,edge_gfp_plus,edge,GFP+,5.229208978707712,2.6190340216856165,2.610174957022095,28,28,0.15876669,94.0
ACATTCAGTTGAGTCT,ACATTCAGTTGAGTCT,edge_gfp_plus,edge,GFP+,4.829500554858623,2.885909094704956,1.943591460153668,10,26,0.104520515,132.0
ATGAGGCGTTTGGTGT,ATGAGGCGTTTGGTGT,edge_gfp_plus,edge,GFP+,2.2892464285091583,0.9182958340544896,1.3709505944546687,38,22,0.40000004,8.0
CACCTCTGTAGTAGCA,CACCTCTGTAGTAGCA,edge_gfp_plus,edge,GFP+,2.0,1.0,1.0,14,26,0.25,4.0
CTGGTCAGTGAACCTT,CTGGTCAGTGAACCTT,edge_gfp_plus,edge,GFP+,5.683954578048175,2.933954578048174,2.75,12,33,0.073529415,25.0
CCAGTATGTTAGACTC,CCAGTATGTTAGACTC,edge_gfp_plus,edge,GFP+,6.584962500721156,5.584962500721156,1.0,1,7,0.0,2.0
TAGGCTTGTGCATCCA,TAGGCTTGTGCATCCA,edge_gfp_plus,edge,GFP+,4.416126946588284,2.751629167387823,1.6644977792004612,16,6,0.19047621,19.0
AACGCCCGTTGTAGAG,AACGCCCGTTGTAGAG,edge_gfp_plus,edge,GFP+,6.3824962996461805,3.008939037370995,3.373557262275185,30,5,0.03478261,84.0
AGAGGCTGTTTAGCCG,AGAGGCTGTTTAGCCG,edge_gfp_plus,edge,GFP+,1.6023342696935312,0.6840384356390417,0.9182958340544896,12,42,0.54545456,14.0
CTTACAAGTCTAGTGT,CTTACAAGTCTAGTGT,edge_gfp_plus,edge,GFP+,6.1198917684332095,3.311080496244278,2.808811272188932,2,29,0.048275862,59.0
CGTGTATGTTGCCTCT,CGTGTATGTTGCCTCT,edge_gfp_plus,edge,GFP+,7.227401208526883,3.859358785954168,3.3680424225727155,16,24,0.04878049,62.0
CACCCAAGTGCGCAAG,CACCCAAGTGCGCAAG,edge_gfp_plus,edge,GFP+,7.328854479309954,4.259514199528965,3.069340279780989,14,38,0.028906954,68.0
GCTTGATGTGACGATA,GCTTGATGTGACGATA,edge_gfp_plus,edge,GFP+,6.151025454296205,2.7466234079267173,3.404402046369487,27,28,0.07026324,200.0
GGCTGAGGTTAGTGTC,GGCTGAGGTTAGTGTC,edge_gfp_plus,edge,GFP+,5.11287913427657,2.3295637144804853,2.783315419796084,37,26,0.15587044,251.0
AGCGAACGTTCGCTCT,AGCGAACGTTCGCTCT,edge_gfp_plus,edge,GFP+,4.3376777797008605,2.584962500721156,1.7527152789797045,10,22,0.074074075,15.0
ACAGCTTGTGGCGAAT,ACAGCTTGTGGCGAAT,edge_gfp_plus,edge,GFP+,4.510649970428229,2.188721875540867,2.321928094887362,31,31,0.13333334,22.0
GTCCAATGTTGCCTGA,GTCCAATGTTGCCTGA,edge_gfp_plus,edge,GFP+,3.1879204325378154,0.9519940819087832,2.235926350629033,29,3,0.23529413,24.0
TGCCGTAGTTTCCGAG,TGCCGTAGTTTCCGAG,edge_gfp_plus,edge,GFP+,6.910174565635903,3.535174565635903,3.375,2,18,0.04761905,37.0
CACGCTAGTTGCCCTT,CACGCTAGTTGCCCTT,edge_gfp_plus,edge,GFP+,3.459147917027245,2.0,1.4591479170272448,17,33,0.125,10.0
CATCTAAGTTAACGCT,CATCTAAGTTAACGCT,edge_gfp_plus,edge,GFP+,11.169925001442312,5.584962500721156,5.584962500721156,1,1,0.0,0.0
CTCTATTGTTCCGTGA,CTCTATTGTTCCGTGA,edge_gfp_plus,edge,GFP+,3.6348522435376864,1.8423709931771084,1.7924812503605778,19,19,0.21428572,13.0
TGCCTAGGTTACACTA,TGCCTAGGTTACACTA,edge_gfp_plus,edge,GFP+,6.8720572562357125,3.830182698156027,3.041874558079685,2,24,0.056945637,99.0
ATAGCCTGTTGGTGCC,ATAGCCTGTTGGTGCC,edge_gfp_plus,edge,GFP+,7.083662498584947,2.903539921535548,4.180122577049399,37,34,0.04865104,235.0
AAGCCCCGTATAGCTC,AAGCCCCGTATAGCTC,edge_gfp_plus,edge,GFP+,9.408245468352115,4.812315170758792,4.595930297593323,2,29,0.01398548,871.0
CCCGTAAGTCAACTCG,CCCGTAAGTCAACTCG,edge_gfp_plus,edge,GFP+,7.492573392955065,3.727303792477592,3.765269600477473,35,39,0.043389775,240.0
GGCGTAGGTTTCCTAT,GGCGTAGGTTTCCTAT,edge_gfp_plus,edge,GFP+,6.479884860466937,3.4399364703978077,3.0399483900691293,8,41,0.072829135,55.0
CGACTATGTAGGCGTG,CGACTATGTAGGCGTG,edge_gfp_plus,edge,GFP+,8.200876496484033,3.5559261619577,4.644950334526333,37,33,0.026990553,211.0
GGCAATAGTCTAGGCC,GGCAATAGTCTAGGCC,edge_gfp_plus,edge,GFP+,9.051205038098342,4.575701942713023,4.47550309538532,14,25,0.016378358,670.0
CCTGTGAGTTACACAC,CCTGTGAGTTACACAC,edge_gfp_plus,edge,GFP+,8.093840064360279,4.069468967431963,4.024371096928317,35,31,0.025641024,343.0
CTAGGTTGTGAGCAAC,CTAGGTTGTGAGCAAC,edge_gfp_plus,edge,GFP+,8.620892305280062,4.023465189601648,4.597427115678414,3,13,0.015849056,78.0
AGCGCCTGTTCAAGGA,AGCGCCTGTTCAAGGA,edge_gfp_plus,edge,GFP+,6.076617644908666,3.5766176449086657,2.5,17,12,0.039473683,27.0
CTTATCTGTAAGCTAG,CTTATCTGTAAGCTAG,edge_gfp_plus,edge,GFP+,6.619113345965701,3.3338785740945704,3.2852347718711306,35,24,0.07816092,89.0
TATGAGGGTTATCCGG,TATGAGGGTTATCCGG,edge_gfp_plus,edge,GFP+,5.539005634096011,2.5654483718208256,2.973557262275185,36,6,0.08205129,28.0
ATGGCAAGTTGCGGAG,ATGGCAAGTTGCGGAG,edge_gfp_plus,edge,GFP+,7.991819431092848,3.845380086421832,4.146439344671016,25,18,0.021875,88.0
TGGTTTAGTGAGGTGT,TGGTTTAGTGAGGTGT,edge_gfp_plus,edge,GFP+,5.596895436204304,2.6673491383054384,2.9295462978988653,28,36,0.12612614,64.0
CGAGCAGGTTTAGTGC,CGAGCAGGTTTAGTGC,edge_gfp_plus,edge,GFP+,6.83193765916236,3.367703006435794,3.464234652726566,22,7,0.05302227,64.0
AATGCAGGTCATCAGT,AATGCAGGTCATCAGT,edge_gfp_plus,edge,GFP+,8.340141344066511,4.163998738764263,4.176142605302248,14,35,0.03200159,168.0
CTTGATAGTTCCTTGC,CTTGATAGTTCCTTGC,edge_gfp_plus,edge,GFP+,5.591614435949429,2.3720861536498816,3.219528282299548,1,3,0.07672634,63.0
CGGGTAGGTTGCACAT,CGGGTAGGTTGCACAT,edge_gfp_plus,edge,GFP+,5.859124894437011,2.796217602590056,3.0629072918469555,17,14,0.11538462,50.0
GCTTCCTGTTAGCCAT,GCTTCCTGTTAGCCAT,edge_gfp_plus,edge,GFP+,6.721629452451479,3.4039894464852614,3.3176400059662177,13,31,0.043290045,43.0
TATAGGGGTTTCGATA,TATAGGGGTTTCGATA,edge_gfp_plus,edge,GFP+,2.46011454753117,1.1402699474930893,1.3198446000380808,12,27,0.63214934,298.0
GTAGTGAGTTCCTCAC,GTAGTGAGTTCCTCAC,edge_gfp_plus,edge,GFP+,8.28529455094949,4.167817880454463,4.117476670495029,24,5,0.030046226,147.0
AGGATCAGTCTAGTAC,AGGATCAGTCTAGTAC,edge_gfp_plus,edge,GFP+,6.584962500721156,5.584962500721156,1.0,1,8,0.0,2.0
TAGGATGGTCAGTTAC,TAGGATGGTCAGTTAC,edge_gfp_plus,edge,GFP+,8.140541226712763,4.421555259722722,3.718985966990041,14,22,0.042229727,191.0
GGAGCCAGTTAATTCG,GGAGCCAGTTAATTCG,edge_gfp_plus,edge,GFP+,4.31053073137422,2.3267900604913647,1.983740670882855,32,33,0.30983117,125.0
TCTACTTGTTAAGGTG,TCTACTTGTTAAGGTG,edge_gfp_plus,edge,GFP+,8.999091998630695,4.264803119536291,4.734288879094404,33,33,0.023440367,1145.0
AGACATGGTAACGTGA,AGACATGGTAACGTGA,edge_gfp_plus,edge,GFP+,2.5,1.0,1.5,33,43,0.25,6.0
GGTTGGGGTTCCGGGT,GGTTGGGGTTCCGGGT,edge_gfp_plus,edge,GFP+,3.836591668108979,1.9182958340544891,1.9182958340544896,2,6,0.11111112,12.0
AATGCAGGTTTGATGC,AATGCAGGTTTGATGC,edge_gfp_plus,edge,GFP+,5.683590087630332,3.257838239771232,2.4257518478591003,21,29,0.12708788,105.0
CTGTTAAGTGGCCAAG,CTGTTAAGTGGCCAAG,edge_gfp_plus,edge,GFP+,7.927936137408728,3.611873946235421,4.316062191173307,21,33,0.02871795,140.0
TCGGTATGTGCGATGG,TCGGTATGTGCGATGG,edge_gfp_plus,edge,GFP+,5.045189163872094,3.0172912142975283,2.027897949574566,11,20,0.1936937,149.0
TCGCTCTGTTGCGTGC,TCGCTCTGTTGCGTGC,edge_gfp_plus,edge,GFP+,8.683145679061337,4.115013927182508,4.568131751878828,37,29,0.029082235,982.0
TACTATGGTGGCCTGT,TACTATGGTGGCCTGT,edge_gfp_plus,edge,GFP+,3.0501871646853,1.6519856162217033,1.3982015484635966,14,31,0.50889194,128.0
TCAGCTGGTTTGGATC,TCAGCTGGTTTGGATC,edge_gfp_plus,edge,GFP+,6.03807418942857,2.875,3.1630741894285697,17,28,0.06,41.0
AAAGCCAGTTCCCGAA,AAAGCCAGTTCCCGAA,edge_gfp_plus,edge,GFP+,7.631677058591249,4.114309382938044,3.517367675653205,14,38,0.026315792,121.0
CGCGAAGGTGCGAGTG,CGCGAAGGTGCGAGTG,edge_gfp_plus,edge,GFP+,6.095168780343467,3.06818194698418,3.0269868333592878,27,37,0.061538465,43.0
TCGGCTAGTTGCTCGA,TCGGCTAGTTGCTCGA,edge_gfp_plus,edge,GFP+,5.740879864972461,2.890762913016645,2.8501169519558163,35,40,0.13414635,75.0
TAGCAAGGTCAGTAGA,TAGCAAGGTCAGTAGA,edge_gfp_plus,edge,GFP+,7.720216713861747,4.017315794569229,3.7029009192925177,34,25,0.06464947,156.0
TCTGTCCGTGCGGTAG,TCTGTCCGTGCGGTAG,edge_gfp_plus,edge,GFP+,11.169925001442312,5.584962500721156,5.584962500721156,1,1,0.0,0.0
GGTTGGGGTTATGCAC,GGTTGGGGTTATGCAC,edge_gfp_plus,edge,GFP+,2.480545615644626,0.3699683723129843,2.110577243331642,24,35,0.5477506,418.0
ACTTATGGTTATAGGG,ACTTATGGTTATAGGG,edge_gfp_plus,edge,GFP+,7.356612177786959,3.5932696895151084,3.7633424882718503,15,5,0.023076924,51.0
GGGTACGGTTCGTCCT,GGGTACGGTTCGTCCT,edge_gfp_plus,edge,GFP+,8.91036698277977,4.740447096220395,4.169919886559375,1,3,0.009284332,102.0
TGGTGTTGTGAGGTAC,TGGTGTTGTGAGGTAC,edge_gfp_plus,edge,GFP+,5.021311136110136,2.787101752714581,2.2342093833955543,28,38,0.24418606,107.0
CCATATAGTCAACTAC,CCATATAGTCAACTAC,edge_gfp_plus,edge,GFP+,7.291701860901997,3.6997532795556447,3.591948581346352,43,21,0.09219858,89.0
ATAGCCTGTCATCCAG,ATAGCCTGTCATCCAG,edge_gfp_plus,edge,GFP+,8.706494075958119,4.152804114065369,4.553689961892751,14,23,0.018756282,328.0
CCTCGAAGTTAGACCT,CCTCGAAGTTAGACCT,edge_gfp_plus,edge,GFP+,0.676941869780886,0.676941869780886,-0.0,13,11,0.8214286,29.0
AGCGAACGTTGCCTGA,AGCGAACGTTGCCTGA,edge_gfp_plus,edge,GFP+,3.7265896566842343,1.570950594454669,2.1556390622295662,10,27,0.22500001,18.0
CTCATCCGTTGTCACG,CTCATCCGTTGTCACG,edge_gfp_plus,edge,GFP+,8.12917433096677,4.262197134165177,3.866977196801592,14,19,0.032195978,172.0
CTGTTAAGTGAGGTGT,CTGTTAAGTGAGGTGT,edge_gfp_plus,edge,GFP+,7.09448250651942,3.5944825065194204,3.5,33,7,0.01923077,42.0
TCTGCAGGTTTGGTGT,TCTGCAGGTTTGGTGT,edge_gfp_plus,edge,GFP+,3.084962500721156,1.584962500721156,1.5,8,36,0.16666667,7.0
AGTCCTGGTGAGACGT,AGTCCTGGTGAGACGT,edge_gfp_plus,edge,GFP+,7.105441015177664,3.789377468931053,3.3160635462466117,35,38,0.050037857,478.0
CTACGATGTGAGAGGA,CTACGATGTGAGAGGA,edge_gfp_plus,edge,GFP+,7.115993768088736,3.377078104427789,3.738915663660947,17,37,0.045901638,116.0
GGGGTCAGTCATGGCC,GGGGTCAGTCATGGCC,edge_gfp_plus,edge,GFP+,6.174292666745972,2.827966246239927,3.346326420506045,24,30,0.10291061,89.0
AATGCCTGTAGTAAGT,AATGCCTGTAGTAAGT,edge_gfp_plus,edge,GFP+,4.01234136367572,2.172918332074173,1.8394230316015463,35,26,0.38261637,449.0
TCAGCGCGTCTAGCTG,TCAGCGCGTCTAGCTG,edge_gfp_plus,edge,GFP+,3.807354922057604,2.807354922057604,1.0,12,4,0.071428575,9.0
TAGCCTGGTGCGGATG,TAGCCTGGTGCGGATG,edge_gfp_plus,edge,GFP+,7.834962500721156,2.25,5.584962500721156,14,1,0.0,8.0
CTAAACCGTTCGCTAG,CTAAACCGTTCGCTAG,edge_gfp_plus,edge,GFP+,6.996307655154876,3.1591978375222967,3.83710981763258,29,37,0.093978494,486.0
CACGATTGTTGTAACC,CACGATTGTTGTAACC,edge_gfp_plus,edge,GFP+,5.302421283829364,2.521782221599798,2.7806390622295662,12,5,0.1640625,32.0
AGTGACAGTTCAATCA,AGTGACAGTTCAATCA,edge_gfp_plus,edge,GFP+,6.988107957551975,3.30810274920568,3.680005208346295,8,17,0.09638554,134.0
ATCCACGGTTCGCAAT,ATCCACGGTTCGCAAT,edge_gfp_plus,edge,GFP+,7.886394217905495,4.064466123018132,3.821928094887362,2,3,0.013513513,57.0
GTACGAAGTAAGTCTC,GTACGAAGTAAGTCTC,edge_gfp_plus,edge,GFP+,7.443895944753803,3.8492239123906247,3.594672032363178,1,26,0.030690538,57.0
GGCGATGGTGCGCAAG,GGCGATGGTGCGCAAG,edge_gfp_plus,edge,GFP+,4.640272595907326,1.2189176153198311,3.4213549805874943,37,33,0.23717408,99.0
CGGAACGGTTCACCAG,CGGAACGGTTCACCAG,edge_gfp_plus,edge,GFP+,5.814687590223423,3.0630584228356,2.751629167387823,14,9,0.121212125,45.0
ATCCATAGTAGTTGAG,ATCCATAGTAGTTGAG,edge_gfp_plus,edge,GFP+,7.479720046307429,3.646295957208584,3.833424089098846,23,23,0.070368335,226.0
CTTGAACGTTCACCGA,CTTGAACGTTCACCGA,edge_gfp_plus,edge,GFP+,5.897611434787255,3.122833771460769,2.774777663326485,27,41,0.11373277,233.0
GCCCTAAGTTGCTGTG,GCCCTAAGTTGCTGTG,edge_gfp_plus,edge,GFP+,6.284092100114109,3.391776047998298,2.8923160521158118,30,29,0.0754717,88.0
GCTCATGGTTAGTGTC,GCTCATGGTTAGTGTC,edge_gfp_plus,edge,GFP+,4.333605678941741,1.8336056789417416,2.5,24,6,0.15277778,26.0
GGATTGAGTTCGGCTA,GGATTGAGTTCGGCTA,edge_gfp_plus,edge,GFP+,7.9724024095739,3.977953505621886,3.994448903952014,37,31,0.034335535,342.0
GTTATCAGTGAGAGGA,GTTATCAGTGAGAGGA,edge_gfp_plus,edge,GFP+,6.23006892758181,3.7226888251581753,2.507380102423636,14,18,0.08391609,79.0
AGAGGCTGTTAGAGCA,AGAGGCTGTTAGAGCA,edge_gfp_plus,edge,GFP+,8.232312058136767,3.9140468555589134,4.318265202577852,14,31,0.033794165,142.0
GTAAACGGTTCGTGAT,GTAAACGGTTCGTGAT,edge_gfp_plus,edge,GFP+,8.269282163321952,4.0080151864195575,4.2612669769023945,37,28,0.028294863,673.0
TGAACAGGTGAGACCG,TGAACAGGTGAGACCG,edge_gfp_plus,edge,GFP+,5.7021175281383005,2.5400738790433164,3.162043649094984,29,38,0.19737375,172.0
CCAGTATGTTTGCCCT,CCAGTATGTTTGCCCT,edge_gfp_plus,edge,GFP+,7.288121899664441,3.5788523178075677,3.709269581856874,27,41,0.050085615,137.0
CAAGCAAGTTCGTCTC,CAAGCAAGTTCGTCTC,edge_gfp_plus,edge,GFP+,7.275379584308748,3.911080496244278,3.3642990880644708,1,2,0.05714286,65.0
TGCGAAAGTTCCATCC,TGCGAAAGTTCCATCC,edge_gfp_plus,edge,GFP+,7.400805704612384,3.628907090887002,3.771898613725383,29,37,0.07286325,366.0
ACATTCAGTCTGTGCA,ACATTCAGTCTGTGCA,edge_gfp_plus,edge,GFP+,4.777362795064169,2.0,2.7773627950641693,1,14,0.07692308,17.0
AGCTGTTGTTGTCTCC,AGCTGTTGTTGTCTCC,edge_gfp_plus,edge,GFP+,7.099464036937345,3.435767885533406,3.6636961514039386,33,34,0.03986711,92.0
GGCGTAGGTTATCCTT,GGCGTAGGTTATCCTT,edge_gfp_plus,edge,GFP+,4.48167223243034,2.321928094887362,2.1597441375429773,12,24,0.121212125,38.0
TATCCAAGTTGACCAT,TATCCAAGTTGACCAT,edge_gfp_plus,edge,GFP+,3.2398200465481315,1.6140054628542202,1.6258145836939115,35,22,0.29166666,24.0
GTGCTCAGTAATGCTC,GTGCTCAGTAATGCTC,edge_gfp_plus,edge,GFP+,9.808674864041912,4.756717409867646,5.051957454174268,46,26,0.005856459,459.0
TAGGCAAGTGAGGCAT,TAGGCAAGTGAGGCAT,edge_gfp_plus,edge,GFP+,6.887427778857694,3.494680368408909,3.3927474104487847,29,14,0.04395605,41.0
AGACACAGTCAGGGCA,AGACACAGTCAGGGCA,edge_gfp_plus,edge,GFP+,5.494746766405891,2.9731061300625727,2.521640636343318,23,39,0.11607143,39.0
GGCCGAAGTGACTTCG,GGCCGAAGTGACTTCG,edge_gfp_plus,edge,GFP+,8.416337302646927,4.077055163283411,4.339282139363515,5,4,0.01731816,90.0
ACTCCCTGTGCAAGTA,ACTCCCTGTGCAAGTA,edge_gfp_plus,edge,GFP+,4.202964207440786,2.2810361125534238,1.9219280948873625,10,27,0.17777778,14.0
AACCCTGGTGGCCAGA,AACCCTGGTGGCCAGA,edge_gfp_plus,edge,GFP+,4.358912637090934,1.446142536870003,2.9127701002209307,14,17,0.21505377,85.0
CATATTGGTAGCTGAA,CATATTGGTAGCTGAA,edge_gfp_plus,edge,GFP+,8.298366299142572,4.204332979942013,4.094033319200558,12,41,0.03803283,261.0
TGGAATGGTGAGAGGA,TGGAATGGTGAGAGGA,edge_gfp_plus,edge,GFP+,7.692645550854939,3.8896543478559287,3.802991202999011,32,25,0.045173746,107.0
CTGGAAAGTGAACTGA,CTGGAAAGTGAACTGA,edge_gfp_plus,edge,GFP+,6.3449742843466,2.8614876223775,3.4834866619691,14,30,0.08712121,214.0
CTTGTCCGTTACTGCG,CTTGTCCGTTACTGCG,edge_gfp_plus,edge,GFP+,8.024212058683792,3.677821789601599,4.346390269082193,35,29,0.03695778,526.0
ACCAAAGGTAGCGCAG,ACCAAAGGTAGCGCAG,edge_gfp_plus,edge,GFP+,3.521640636343318,2.521640636343318,1.0,40,24,0.14285715,9.0
GCGTGAGGTTCGCAAT,GCGTGAGGTTCGCAAT,edge_gfp_plus,edge,GFP+,6.799673717652009,3.2448476483867035,3.5548260692653053,10,29,0.06392694,124.0
GCACGAGGTCATGCTG,GCACGAGGTCATGCTG,edge_gfp_plus,edge,GFP+,3.0652280654868616,0.9156943372406998,2.149533728246162,35,21,0.4486068,1042.0
TCAATTGGTTATCCGG,TCAATTGGTTATCCGG,edge_gfp_plus,edge,GFP+,6.8403533900350535,3.183274899882941,3.657078490152112,36,25,0.075664066,362.0
TACGCTGGTTCCGCTT,TACGCTGGTTCCGCTT,edge_gfp_plus,edge,GFP+,8.626459817528989,3.727007655863194,4.899452161665796,14,6,0.035033375,338.0
CACGTATGTAACTGCT,CACGTATGTAACTGCT,edge_gfp_plus,edge,GFP+,10.223460907866006,5.082815100950696,5.140645806915311,2,6,0.0060093896,726.0
AATTGGGGTTGACCGC,AATTGGGGTTGACCGC,edge_gfp_plus,edge,GFP+,5.287318632989468,2.4073850609219587,2.8799335720675097,35,26,0.12521248,434.0
CGGGTAGGTAGCAGCG,CGGGTAGGTAGCAGCG,edge_gfp_plus,edge,GFP+,3.773238555627631,1.8230264907128848,1.9502120649147463,17,25,0.15384617,20.0
CCGGAAGGTCAGGCAG,CCGGAAGGTCAGGCAG,edge_gfp_plus,edge,GFP+,3.840223928941852,1.9219280948873625,1.9182958340544896,23,10,0.13333334,11.0
TAACTTGGTAGTCAGA,TAACTTGGTAGTCAGA,edge_gfp_plus,edge,GFP+,6.664002585211247,3.110078866852663,3.5539237183585835,19,29,0.09247243,113.0
CTGCCTTGTGCGTACC,CTGCCTTGTGCGTACC,edge_gfp_plus,edge,GFP+,5.993152939372932,2.614369445886757,3.378783493486176,35,8,0.06349207,32.0
TAGCAAGGTTATCTCT,TAGCAAGGTTATCTCT,edge_gfp_plus,edge,GFP+,5.8358644220746125,2.052457898730579,3.7834065233440337,14,16,0.22965288,836.0
CTACCCTGTCTAGGAA,CTACCCTGTCTAGGAA,edge_gfp_plus,edge,GFP+,3.9103049762945994,2.643169553091209,1.2671354232033891,33,39,0.2885237,122.0
GTGTGTTGTTACACAC,GTGTGTTGTTACACAC,edge_gfp_plus,edge,GFP+,5.885174453172387,2.807354922057604,3.077819531114783,9,5,0.035714287,23.0
AGAGGAGGTTCGTTCC,AGAGGAGGTTCGTTCC,edge_gfp_plus,edge,GFP+,5.809792778997926,2.8012398873976148,3.0085528916003117,20,36,0.13520633,101.0
TCCCGTTGTAGTTGCT,TCCCGTTGTAGTTGCT,edge_gfp_plus,edge,GFP+,7.127080328198297,3.642896608419108,3.484183719779189,24,31,0.030000001,60.0
ACCCTCTGTAAGCATG,ACCCTCTGTAAGCATG,edge_gfp_plus,edge,GFP+,6.747565780470146,3.261501715343792,3.486064065126354,10,24,0.08112676,217.0
ACATGAGGTTTCGCAG,ACATGAGGTTTCGCAG,edge_gfp_plus,edge,GFP+,9.162702393387152,4.6662015553711385,4.496500838016014,40,37,0.021020114,1670.0
CGGCAAGGTTGACCTG,CGGCAAGGTTGACCTG,edge_gfp_plus,edge,GFP+,6.9045445622680575,3.795301085036298,3.1092434772317605,6,25,0.089955024,110.0
TGGACAAGTGACCGAG,TGGACAAGTGACCGAG,edge_gfp_plus,edge,GFP+,4.9771097243856905,2.2516291673878226,2.725480556997868,9,3,0.074074075,15.0
ACAGCAAGTATTGCGT,ACAGCAAGTATTGCGT,edge_gfp_plus,edge,GFP+,5.087981046694177,2.223913365967664,2.8640676807265133,38,23,0.11794355,63.0
AACCCTGGTCTCCATC,AACCCTGGTCTCCATC,edge_gfp_plus,edge,GFP+,8.918035430628006,4.576225950071435,4.341809480556572,37,37,0.021376811,689.0
GTACAAGGTGCATCTG,GTACAAGGTGCATCTG,edge_gfp_plus,edge,GFP+,5.284178604353233,3.1605355351917632,2.1236430691614703,30,42,0.16633134,318.0
AACCTTAGTTTGAGCT,AACCTTAGTTTGAGCT,edge_gfp_plus,edge,GFP+,3.37217768984136,2.415661470191764,0.9565162196495968,40,24,0.3087028,79.0
GGTAAATGTTTCAGGT,GGTAAATGTTTCAGGT,edge_gfp_plus,edge,GFP+,6.317352339899053,3.2873079187141228,3.0300444211849307,12,21,0.05854801,152.0
GTCCATGGTTGCAGTT,GTCCATGGTTGCAGTT,edge_gfp_plus,edge,GFP+,7.941770612517691,4.066318261112681,3.87545235140501,9,34,0.027055891,159.0
TCCAATAGTTACACTA,TCCAATAGTTACACTA,edge_gfp_plus,edge,GFP+,4.767279031509799,1.9219280948873625,2.8453509366224363,37,20,0.10909092,16.0
TGGACAAGTCTAGCCA,TGGACAAGTCTAGCCA,edge_gfp_plus,edge,GFP+,5.743346801459303,3.1460704004031665,2.5972764010561367,24,42,0.105296955,194.0
CAAGTAGGTAGGTGTA,CAAGTAGGTAGGTGTA,edge_gfp_plus,edge,GFP+,2.544650299863501,1.6390630381652402,0.9055872616982604,10,27,0.56842107,53.0
ACGCATTGTCAATGTC,ACGCATTGTCAATGTC,edge_gfp_plus,edge,GFP+,5.268476978633292,2.413088436425758,2.8553885422075336,21,24,0.06818182,23.0
CAGGCGAGTTAGGCAA,CAGGCGAGTTAGGCAA,edge_gfp_plus,edge,GFP+,3.178632449501418,1.4292559690484663,1.749376480452952,35,26,0.48412997,566.0
AACGCCCGTAGCTTCG,AACGCCCGTAGCTTCG,edge_gfp_plus,edge,GFP+,6.431266727322873,2.899397470347699,3.5318692569751744,12,1,0.09943181,60.0
TCGTTCCGTGATAGCA,TCGTTCCGTGATAGCA,edge_gfp_plus,edge,GFP+,4.73172009226276,2.663532754804255,2.0681873374585056,35,31,0.10489511,37.0
ACAGTGAGTGCATCCA,ACAGTGAGTGCATCCA,edge_gfp_plus,edge,GFP+,5.406073961126122,2.9175077370011646,2.4885662241249573,27,41,0.1966662,180.0
CTCAACGGTTAGCCGC,CTCAACGGTTAGCCGC,edge_gfp_plus,edge,GFP+,3.935334540724059,1.2653671996993547,2.669967341024704,24,8,0.34526658,2423.0
TGACGGGGTGATCCTG,TGACGGGGTGATCCTG,edge_gfp_plus,edge,GFP+,5.68067281171305,3.210498163645438,2.470174648067613,16,23,0.13958605,589.0
ATCCCAGGTCCATCCT,ATCCCAGGTCCATCCT,edge_gfp_plus,edge,GFP+,5.955732261302589,3.212954224065107,2.742778037237482,21,37,0.067540824,137.0
CTGTGATGTCTAGGAA,CTGTGATGTCTAGGAA,edge_gfp_plus,edge,GFP+,6.396240625180289,0.8112781244591328,5.584962500721156,23,1,0.0,4.0
TCAGCTGGTGCGTGTC,TCAGCTGGTGCGTGTC,edge_gfp_plus,edge,GFP+,6.381240065925494,3.413088436425757,2.968151629499737,15,23,0.035573125,45.0
GTGCTTGGTAACCGGG,GTGCTTGGTAACCGGG,edge_gfp_plus,edge,GFP+,6.315945353037599,3.461320140211008,2.8546252128265914,2,23,0.047619052,60.0
TAAGTCCGTGAGCACG,TAAGTCCGTGAGCACG,edge_gfp_plus,edge,GFP+,4.542914452908025,1.3541925773671586,3.188721875540867,32,33,0.16071428,54.0
CCATCCTGTTGACCCA,CCATCCTGTTGACCCA,edge_gfp_plus,edge,GFP+,7.0375381373383625,3.538310595615006,3.499227541723357,33,20,0.025974028,43.0
AACACCTGTAGGTGCG,AACACCTGTAGGTGCG,edge_gfp_plus,edge,GFP+,6.929141074061773,3.742394517905621,3.1867465561561525,29,29,0.08046866,192.0
TGAGTCTGTTTCCTCA,TGAGTCTGTTTCCTCA,edge_gfp_plus,edge,GFP+,9.374065090052497,4.770390961035956,4.603674129016542,14,29,0.009149941,418.0
ACACCCAGTTCGGTCA,ACACCCAGTTCGGTCA,edge_gfp_plus,edge,GFP+,8.179463060988711,4.109841888958341,4.06962117203037,35,33,0.026334027,228.0
GCTAGTTGTCCATCTC,GCTAGTTGTCCATCTC,edge_gfp_plus,edge,GFP+,8.80400816169434,4.445918175169934,4.358089986524405,37,38,0.03203203,237.0
CAGGATAGTTTGGATC,CAGGATAGTTTGGATC,edge_gfp_plus,edge,GFP+,8.808836712140572,4.334510115477454,4.474326596663118,37,31,0.024031365,582.0
TGCCGTAGTTAGACTC,TGCCGTAGTTAGACTC,edge_gfp_plus,edge,GFP+,7.063081730686841,2.726518631124504,4.336563099562337,8,6,0.048335128,87.0
AGTGGCGGTAAGCATG,AGTGGCGGTAAGCATG,edge_gfp_plus,edge,GFP+,5.310443057719024,2.94770277922009,2.3627402784989338,10,14,0.11111111,27.0
ACGAATGGTTAGACTC,ACGAATGGTTAGACTC,edge_gfp_plus,edge,GFP+,9.798300048505864,4.913769825232704,4.884530223273162,14,13,0.011113882,687.0
CGGTAAAGTATGGGTA,CGGTAAAGTATGGGTA,edge_gfp_plus,edge,GFP+,3.964832073681378,2.8464393446710154,1.1183927290103626,33,41,0.24375,42.0
CATATTGGTGATTCGT,CATATTGGTGATTCGT,edge_gfp_plus,edge,GFP+,4.389184794854053,2.235893562963573,2.1532912318904804,13,22,0.2967033,73.0
AAACTCCGTGAACTGA,AAACTCCGTGAACTGA,edge_gfp_plus,edge,GFP+,4.835836523124402,1.9862347704098209,2.849601752714581,38,35,0.17857143,81.0
AGTCTTAGTTCGTAAC,AGTCTTAGTTCGTAAC,edge_gfp_plus,edge,GFP+,4.579872325670932,2.324463793098937,2.2554085325719955,10,13,0.25531915,93.0
AGTGCAAGTAGTAGCA,AGTGCAAGTAGTAGCA,edge_gfp_plus,edge,GFP+,8.060700315305072,3.964986636570666,4.0957136787344055,14,27,0.025462963,183.0
GGCATGGGTCTAACTA,GGCATGGGTCTAACTA,edge_gfp_plus,edge,GFP+,7.973139271720708,3.902385668021743,4.070753603698964,39,39,0.046882324,160.0
GCAATAGGTTTCGTCC,GCAATAGGTTTCGTCC,edge_gfp_plus,edge,GFP+,7.835835656434826,3.7793159494074655,4.05651970702736,24,28,0.018115941,94.0
TGTGTTAGTGAAGTTG,TGTGTTAGTGAAGTTG,edge_gfp_plus,edge,GFP+,7.898844796705764,3.8961942683827298,4.002650528323034,11,5,0.0285205,150.0
TGGGAACGTGGAGCAT,TGGGAACGTGGAGCAT,edge_gfp_plus,edge,GFP+,6.564346677630021,2.866247897312731,3.69809878031729,34,41,0.083333336,67.0
CTCAATAGTTCCCATC,CTCAATAGTTCCCATC,edge_gfp_plus,edge,GFP+,4.136359318596646,2.048303913721169,2.0880554048754765,12,29,0.38780612,248.0
ATATGGGGTTTACAGC,ATATGGGGTTTACAGC,edge_gfp_plus,edge,GFP+,6.352381252283661,3.155221528859512,3.197159723424149,3,28,0.02777778,36.0
CGCGGTTGTAGGTGAC,CGCGGTTGTAGGTGAC,edge_gfp_plus,edge,GFP+,1.584962500721156,1.584962500721156,-0.0,14,24,0.33333334,4.0
CAGGCGAGTCTGGTCA,CAGGCGAGTCTGGTCA,edge_gfp_plus,edge,GFP+,5.836063008240696,3.0642080586801472,2.7718549495605487,29,31,0.16036184,172.0
GGGTCAGGTTTCAGCG,GGGTCAGGTTTCAGCG,edge_gfp_plus,edge,GFP+,5.79637432017243,3.2022564285412445,2.5941178916311856,31,26,0.06704981,47.0
CCCGTAAGTAGTCAGA,CCCGTAAGTAGTCAGA,edge_gfp_plus,edge,GFP+,4.789882376580095,2.3141064729205008,2.475775903659594,33,31,0.21428572,68.0
ACTGCGCGTCTGGTGC,ACTGCGCGTCTGGTGC,edge_gfp_plus,edge,GFP+,0.9182958340544896,-0.0,0.9182958340544896,31,11,0.6666667,4.0
TCTGGGCGTTATGGCT,TCTGGGCGTTATGGCT,edge_gfp_plus,edge,GFP+,7.752854606535089,3.7771659136341937,3.975688692900895,37,26,0.037815128,175.0
TGACCCAGTTGGCATT,TGACCCAGTTGGCATT,edge_gfp_plus,edge,GFP+,8.10622611876271,4.0896113968382295,4.016614721924479,9,12,0.020933015,82.0
GCGCTTAGTTCCATCC,GCGCTTAGTTCCATCC,edge_gfp_plus,edge,GFP+,3.3423709931771084,1.8423709931771084,1.5,21,26,0.21428572,11.0
GGTCATTGTCTAACTA,GGTCATTGTCTAACTA,edge_gfp_plus,edge,GFP+,6.545645195209619,3.2106826944884626,3.334962500721156,18,31,0.10457517,99.0
GTAGTAGGTGGACACG,GTAGTAGGTGGACACG,edge_gfp_plus,edge,GFP+,6.584282649889169,3.0850551027564768,3.4992275471326924,2,8,0.018099548,30.0
CGCCTAAGTAACGAAT,CGCCTAAGTAACGAAT,edge_gfp_plus,edge,GFP+,5.600214932851813,3.180832987205441,2.4193819456463714,27,26,0.07692308,22.0
CGGTATTGTTGGCTTG,CGGTATTGTTGGCTTG,edge_gfp_plus,edge,GFP+,8.617156895015833,4.335646517409307,4.281510377606526,40,37,0.022526424,373.0
CAACGGGGTCCATATA,CAACGGGGTCCATATA,edge_gfp_plus,edge,GFP+,5.584962500721156,-0.0,5.584962500721156,17,1,0.0,1.0
AGGCATAGTTAAGCGA,AGGCATAGTTAAGCGA,edge_gfp_plus,edge,GFP+,6.021640636343319,2.5,3.5216406363433186,25,33,0.035714287,22.0
TCTACTTGTGATGATG,TCTACTTGTGATGATG,edge_gfp_plus,edge,GFP+,4.493317347514002,1.5794468654837412,2.9138704820302603,24,36,0.24357934,328.0
CGCAATTGTGAAGTCA,CGCAATTGTGAAGTCA,edge_gfp_plus,edge,GFP+,7.556697672092344,3.73215889136457,3.824538780727774,11,20,0.033670034,49.0
GTTCGATGTGATGCGG,GTTCGATGTGATGCGG,edge_gfp_plus,edge,GFP+,6.609383799231735,3.1543425543503627,3.4550412448813725,17,22,0.04989605,76.0
GCAATAGGTCAACCTG,GCAATAGGTCAACCTG,edge_gfp_plus,edge,GFP+,8.291809998965157,4.228773147374175,4.063036851590982,17,27,0.017610064,113.0
TATAGGGGTAGGTGAC,TATAGGGGTAGGTGAC,edge_gfp_plus,edge,GFP+,2.899121770283568,1.9808259362290783,0.9182958340544896,8,3,0.18181819,14.0
TATCCGGGTTTGGACT,TATCCGGGTTTGGACT,edge_gfp_plus,edge,GFP+,5.807354922057604,2.807354922057604,3.0,2,2,0.017857144,15.0
TCTACTTGTGGGTTGG,TCTACTTGTGGGTTGG,edge_gfp_plus,edge,GFP+,7.695034729856461,3.865762316812657,3.829272413043804,39,26,0.046666667,305.0
ATGATCCGTTGTCCTC,ATGATCCGTTGTCCTC,edge_gfp_plus,edge,GFP+,7.734144471698371,3.1311536908321065,4.602990780866264,14,20,0.044820447,341.0
GTTGGTTGTTCGTAAC,GTTGGTTGTTCGTAAC,edge_gfp_plus,edge,GFP+,4.310443057719024,1.584962500721156,2.725480556997868,9,5,0.074074075,15.0
AGCCCTAGTTAATCCA,AGCCCTAGTTAATCCA,edge_gfp_plus,edge,GFP+,4.593073857570285,2.426638832719549,2.166435024850736,29,42,0.1998247,212.0
ATGGATGGTAACGGCG,ATGGATGGTAACGGCG,edge_gfp_plus,edge,GFP+,5.560416417853768,2.913977073182752,2.6464393446710157,16,21,0.05454546,21.0
AGCCCTAGTAGGTTGA,AGCCCTAGTAGGTTGA,edge_gfp_plus,edge,GFP+,2.867210947204001,1.948915113149512,0.9182958340544896,35,27,0.37254903,37.0
AGTCTTAGTGCATCTG,AGTCTTAGTGCATCTG,edge_gfp_plus,edge,GFP+,5.04740865188523,2.725480556997868,2.321928094887362,11,17,0.044444446,14.0
GGGTATAGTCTCACGA,GGGTATAGTCTCACGA,edge_gfp_plus,edge,GFP+,6.560671900734696,3.14362025016728,3.417051650567416,8,19,0.080459766,118.0
TGTATTGGTCAAGGTA,TGTATTGGTCAAGGTA,edge_gfp_plus,edge,GFP+,5.961222297578101,2.9925609731251948,2.9686613244529063,37,33,0.15492253,179.0
CCGGAAGGTGGACATA,CCGGAAGGTGGACATA,edge_gfp_plus,edge,GFP+,8.604933115969985,4.224800408699041,4.380132707270945,37,29,0.020046346,714.0
GCAGCGAGTGAACCTT,GCAGCGAGTGAACCTT,edge_gfp_plus,edge,GFP+,3.5321316701716734,1.8676338909712125,1.6644977792004612,15,17,0.31168833,18.0
TGTGCGCGTAACGAGC,TGTGCGCGTAACGAGC,edge_gfp_plus,edge,GFP+,7.138099549182273,3.462262251037325,3.675837298144948,11,28,0.04818059,165.0
GCAATGAGTCAGGAGT,GCAATGAGTCAGGAGT,edge_gfp_plus,edge,GFP+,7.428408032838313,3.8113212517854023,3.6170867810529095,11,18,0.033155277,150.0
CCTGGTAGTAATCAGG,CCTGGTAGTAATCAGG,edge_gfp_plus,edge,GFP+,8.039865535371318,3.910164415586818,4.1297011197845,35,34,0.039249044,260.0
TCGCATGGTGCATTAC,TCGCATGGTGCATTAC,edge_gfp_plus,edge,GFP+,6.684183719779189,3.184183719779189,3.5,25,6,0.025,36.0
GGCTATTGTAAGTCCT,GGCTATTGTAAGTCCT,edge_gfp_plus,edge,GFP+,8.072552083865569,3.7998453587687706,4.272706725096798,37,29,0.030716043,347.0
GTAAGGCGTTGCTTAA,GTAAGGCGTTGCTTAA,edge_gfp_plus,edge,GFP+,6.429028581438396,3.3275198255705174,3.1015087558678784,31,43,0.06493507,78.0
TACCATAGTCTGGGTC,TACCATAGTCTGGGTC,edge_gfp_plus,edge,GFP+,3.710777084415068,1.4591479170272448,2.251629167387823,24,1,0.16666667,12.0
CCACGTAGTTCGGTAT,CCACGTAGTTCGGTAT,edge_gfp_plus,edge,GFP+,2.321928094887362,2.321928094887362,-0.0,1,14,0.2,8.0
TCGGCTAGTAGTTACC,TCGGCTAGTAGTTACC,edge_gfp_plus,edge,GFP+,8.463966418572308,4.267048603556478,4.19691781501583,40,39,0.02745098,222.0
ACTGCTGGTCAAGGGT,ACTGCTGGTCAAGGGT,edge_gfp_plus,edge,GFP+,8.20159926383953,4.189117955366051,4.01248130847348,11,28,0.034926105,270.0
TAATGGGGTTCGTCCT,TAATGGGGTTCGTCCT,edge_gfp_plus,edge,GFP+,4.652071344852692,2.128085278891394,2.5239860659612976,10,43,0.18045112,26.0
CTAGCGCGTAGTTAGG,CTAGCGCGTAGTTAGG,edge_gfp_plus,edge,GFP+,5.878213934231519,2.9092953702694224,2.9689185639620974,12,17,0.09109312,51.0
TCCAGGCGTTTGACGT,TCCAGGCGTTTGACGT,edge_gfp_plus,edge,GFP+,5.256692720964431,2.753434386188785,2.503258334775646,37,7,0.06349207,23.0
TGCGAAAGTTTACCGG,TGCGAAAGTTTACCGG,edge_gfp_plus,edge,GFP+,6.838410134774052,4.027161459216015,2.811248675558037,35,42,0.04404762,338.0
ATACTTGGTTCCCAGA,ATACTTGGTTCCCAGA,edge_gfp_plus,edge,GFP+,5.469343415563408,2.94770277922009,2.521640636343318,17,20,0.06349207,16.0
TGGAGCGGTTGGAATG,TGGAGCGGTTGGAATG,edge_gfp_plus,edge,GFP+,6.976930255613224,3.862961352340425,3.1139689032727995,5,17,0.0472028,96.0
GTCGAGGGTAAGTAGT,GTCGAGGGTAAGTAGT,edge_gfp_plus,edge,GFP+,3.4569924798525027,1.75453486560094,1.7024576142515628,36,24,0.50945807,2091.0
ACGCGAGGTAGTGTCT,ACGCGAGGTAGTGTCT,edge_gfp_plus,edge,GFP+,5.013656884554787,1.4466166676282084,3.5670402169265785,4,3,0.11594203,32.0
CGTATTAGTTGTGCCA,CGTATTAGTTGTGCCA,edge_gfp_plus,edge,GFP+,6.421824486055254,3.1219280948873624,3.299896391167892,2,42,0.03636364,32.0
ATTCCAAGTCAGCACC,ATTCCAAGTCAGCACC,edge_gfp_plus,edge,GFP+,6.78851204057588,3.777747162910945,3.0107648776649354,33,21,0.051724136,88.0
AGAGACCGTTAGTGGA,AGAGACCGTTAGTGGA,edge_gfp_plus,edge,GFP+,6.252285671539461,2.796613851144144,3.4556718203953167,35,33,0.09774437,59.0
AGGTTAGGTAGTGCTT,AGGTTAGGTAGTGCTT,edge_gfp_plus,edge,GFP+,8.355773709551865,3.935502535852765,4.420271173699101,37,31,0.030385414,1025.0
CTTGCAGGTTGAGCTT,CTTGCAGGTTGAGCTT,edge_gfp_plus,edge,GFP+,1.9219280948873625,-0.0,1.9219280948873625,36,8,0.4,6.0
TCTAGCGGTTGCTTGG,TCTAGCGGTTGCTTGG,edge_gfp_plus,edge,GFP+,7.756853461571252,4.083856189774725,3.672997271796528,1,37,0.013793103,54.0
CTGCAATGTGGGAACT,CTGCAATGTGGGAACT,edge_gfp_plus,edge,GFP+,7.471011975598009,4.006145691394727,3.464866284203282,37,26,0.040983602,109.0
GGATTAGGTCAACTAC,GGATTAGGTCAACTAC,edge_gfp_plus,edge,GFP+,7.207393013159981,3.5271802354783324,3.680212777681649,27,38,0.044897962,147.0
GCCAATTGTTGCGGCT,GCCAATTGTTGCGGCT,edge_gfp_plus,edge,GFP+,5.058090780865723,2.744631030693899,2.313459750171824,1,13,0.14404432,57.0
AGCATAGGTTGCCCAA,AGCATAGGTTGCCCAA,edge_gfp_plus,edge,GFP+,6.9176166219118365,3.4627942219652303,3.4548223999466057,2,27,0.05084746,76.0
AGCTTACGTATAGCAG,AGCTTACGTATAGCAG,edge_gfp_plus,edge,GFP+,-0.0,-0.0,-0.0,26,2,1.0,2.0
ACGAAATGTAGGTCGG,ACGAAATGTAGGTCGG,edge_gfp_plus,edge,GFP+,4.5,2.5,2.0,2,4,0.0625,12.0
GTATCCGGTCATCCAG,GTATCCGGTCATCCAG,edge_gfp_plus,edge,GFP+,4.63869513832414,2.521640636343318,2.1170545019808213,26,36,0.1674877,36.0
CATCCAGGTTGGTTAC,CATCCAGGTTGGTTAC,edge_gfp_plus,edge,GFP+,7.61380309702406,3.6757292022861936,3.938073894737866,20,8,0.040391676,81.0
CGCAATTGTTGTCATA,CGCAATTGTTGTCATA,edge_gfp_plus,edge,GFP+,5.5809270573195615,3.0220552088742005,2.5588718484453605,27,37,0.0875,32.0
TAGCCCAGTGCGTGAG,TAGCCCAGTGCGTGAG,edge_gfp_plus,edge,GFP+,10.165900358099831,5.11290107192111,5.052999286178721,2,11,0.006978566,1069.0
CATGCGCGTTTCGACG,CATGCGCGTTTCGACG,edge_gfp_plus,edge,GFP+,2.584962500721156,-0.0,2.584962500721156,18,18,0.16666667,7.0
GTGAACAGTAATTCGC,GTGAACAGTAATTCGC,edge_gfp_plus,edge,GFP+,5.825564063671878,3.2406015629507223,2.584962500721156,11,6,0.041666668,30.0
GCGTACCGTCCATCAG,GCGTACCGTCCATCAG,edge_gfp_plus,edge,GFP+,7.295934358712548,3.5828227683574,3.713111590355149,37,28,0.04514364,325.0
AACTGAGGTGAGTATG,AACTGAGGTGAGTATG,edge_gfp_plus,edge,GFP+,6.81661486613536,2.8464393446710154,3.970175521464345,40,26,0.0375,34.0
TACGCTGGTTCGTATA,TACGCTGGTTCGTATA,edge_gfp_plus,edge,GFP+,3.3700205199540605,1.464381457724494,1.9056390622295665,10,22,0.255,33.0
CACCCAAGTTAATCTG,CACCCAAGTTAATCTG,edge_gfp_plus,edge,GFP+,2.710777084415068,1.2516291673878228,1.4591479170272448,14,29,0.33333334,12.0
GGTACGGGTTCGCTGA,GGTACGGGTTCGCTGA,edge_gfp_plus,edge,GFP+,2.199842839886238,0.6998428398862386,1.5,24,11,0.43333334,19.0
CTCACGAGTTGGGTCC,CTCACGAGTTGGGTCC,edge_gfp_plus,edge,GFP+,7.43076282280516,3.463042722330661,3.967720100474499,24,31,0.067346945,63.0
GCACTTGGTCTTGGGC,GCACTTGGTCTTGGGC,edge_gfp_plus,edge,GFP+,8.156936332811236,4.084724691581702,4.072211641229535,37,37,0.038093153,272.0
CAAGTGAGTCATCCGA,CAAGTGAGTCATCCGA,edge_gfp_plus,edge,GFP+,8.358405231005392,4.14999651670767,4.208408714297722,14,8,0.03147128,103.0
ACCGAGGGTGGGTCCT,ACCGAGGGTGGGTCCT,edge_gfp_plus,edge,GFP+,7.839799893933802,4.368252608382489,3.4715472855513125,14,10,0.052176405,836.0
CAGTTTAGTTAAGGTG,CAGTTTAGTTAAGGTG,edge_gfp_plus,edge,GFP+,5.822345080079227,2.7080164648507274,3.1143286152284992,37,26,0.12310686,337.0
ACATCCGGTCATTCCC,ACATCCGGTCATTCCC,edge_gfp_plus,edge,GFP+,8.879196444659522,4.550811340552919,4.328385104106603,43,21,0.022718055,344.0
GTGGGCAGTCAAGCGG,GTGGGCAGTCAAGCGG,edge_gfp_plus,edge,GFP+,7.682207920320865,3.638870867688262,4.0433370526326025,10,23,0.04570637,114.0
AAAGCATGTTTCAGCG,AAAGCATGTTTCAGCG,edge_gfp_plus,edge,GFP+,7.4663714002735135,3.2811164306803686,4.185254969593145,14,16,0.04101162,134.0
GCGGTGAGTATAGCCT,GCGGTGAGTATAGCCT,edge_gfp_plus,edge,GFP+,8.698095260207374,4.312313055614735,4.3857822045926405,27,13,0.012250454,134.0
AGTATGGGTTGTAGCT,AGTATGGGTTGTAGCT,edge_gfp_plus,edge,GFP+,10.335344725168692,5.194882284930612,5.14046244023808,12,4,0.0049419403,1295.0
CGATGGGGTTGGTCAT,CGATGGGGTTGGTCAT,edge_gfp_plus,edge,GFP+,9.236093255597398,4.640558295683967,4.595534959913431,40,37,0.014314851,1212.0
ACGAAATGTAAGTGCA,ACGAAATGTAAGTGCA,edge_gfp_plus,edge,GFP+,6.677125209663613,3.035875409208134,3.64124980045548,11,9,0.068796076,59.0
AATACGGGTGAGGAGA,AATACGGGTGAGGAGA,edge_gfp_plus,edge,GFP+,5.027515356585623,3.056564762130954,1.9709505944546688,11,7,0.060000002,25.0
AGTCTTAGTTGAGCAA,AGTCTTAGTTGAGCAA,edge_gfp_plus,edge,GFP+,7.544271166751802,3.330610477063616,4.2136606896881865,35,34,0.04186046,68.0
GGAATATGTTGACGTT,GGAATATGTTGACGTT,edge_gfp_plus,edge,GFP+,4.584962500721156,2.0,2.584962500721156,5,11,0.041666668,10.0
GTATGAGGTGAGCATA,GTATGAGGTGAGCATA,edge_gfp_plus,edge,GFP+,5.002843716107334,2.7556530832614112,2.2471906328459226,39,24,0.19223008,1257.0
TCTCATTGTTGACGTT,TCTCATTGTTGACGTT,edge_gfp_plus,edge,GFP+,5.785793216838217,2.939353872167201,2.8464393446710154,37,24,0.105000004,30.0
GCGAATAGTAGTCATC,GCGAATAGTAGTCATC,edge_gfp_plus,edge,GFP+,7.013693324834851,3.79094991102637,3.2227434138084816,35,34,0.05294118,111.0
CTTACAAGTGACGAGT,CTTACAAGTGACGAGT,edge_gfp_plus,edge,GFP+,5.473608463111634,2.4464393446710155,3.0271691184406184,11,22,0.081818186,21.0
GCGACAGGTTTCCGTC,GCGACAGGTTTCCGTC,edge_gfp_plus,edge,GFP+,3.729529081678627,2.009353560214282,1.7201755214643448,21,31,0.4135021,103.0
TGCCTCTGTCCATCAG,TGCCTCTGTCCATCAG,edge_gfp_plus,edge,GFP+,6.91751943156269,3.7000849127614095,3.21743451880128,31,17,0.060506053,429.0
ACGGGATGTTTGCACG,ACGGGATGTTTGCACG,edge_gfp_plus,edge,GFP+,6.752436792398084,3.552780897077991,3.199655895320093,36,38,0.049809944,318.0
CAAAGGCGTTGCATCG,CAAAGGCGTTGCATCG,edge_gfp_plus,edge,GFP+,5.3771861537024535,2.965583935727781,2.411602217974672,29,36,0.080971666,32.0
CAAATCCGTGAGGATC,CAAATCCGTGAGGATC,edge_gfp_plus,edge,GFP+,4.906446298134657,2.4064462981346573,2.5,27,34,0.09375,40.0
CTCCCTGGTATGTGCT,CTCCCTGGTATGTGCT,edge_gfp_plus,edge,GFP+,5.949527894880108,2.970134009049094,2.9793938858310134,14,22,0.12641622,207.0
TGTATTGGTTGAGGTA,TGTATTGGTTGAGGTA,edge_gfp_plus,edge,GFP+,6.460999477812641,3.587858798299508,2.873140679513133,32,34,0.051282052,40.0
TGAGCTTGTAATCGGA,TGAGCTTGTAATCGGA,edge_gfp_plus,edge,GFP+,4.345723035582761,2.4237949406953985,1.9219280948873625,22,10,0.125,21.0
CTACTCCGTTGTCCGA,CTACTCCGTTGTCCGA,edge_gfp_plus,edge,GFP+,6.426277529544544,3.5735317486726736,2.85274578087187,17,29,0.11727079,123.0
AGCTGTTGTCAATCGT,AGCTGTTGTCAATCGT,edge_gfp_plus,edge,GFP+,4.3695534467325805,2.8476253518452186,1.521928094887362,20,26,0.11282052,44.0
GGGGTATGTTATATCG,GGGGTATGTTATATCG,edge_gfp_plus,edge,GFP+,6.803286512619238,3.94075983254009,2.862526680079148,2,34,0.05075188,104.0
GTAATGGGTGAGTGTA,GTAATGGGTGAGTGTA,edge_gfp_plus,edge,GFP+,7.693046959749482,3.7495817701478353,3.943465189601647,36,3,0.026999999,65.0
CTTGTCCGTATAGCCT,CTTGTCCGTATAGCCT,edge_gfp_plus,edge,GFP+,5.656264889300978,2.336201324069078,3.3200635652319,14,17,0.20307787,503.0
GTCCCTTGTATTGGCT,GTCCCTTGTATTGGCT,edge_gfp_plus,edge,GFP+,4.559340594831113,2.372966377227965,2.1863742176031478,33,36,0.14444445,51.0
TCTGCGAGTTTCCTGC,TCTGCGAGTTTCCTGC,edge_gfp_plus,edge,GFP+,5.143751591246156,2.2415237451743755,2.9022278460717805,14,34,0.17378049,89.0
TGTAGAGGTAGTCCAT,TGTAGAGGTAGTCCAT,edge_gfp_plus,edge,GFP+,3.6437763910523575,0.9182958340544896,2.725480556997868,27,5,0.14814815,12.0
AAGCCAAGTTGGGCAG,AAGCCAAGTTGGGCAG,edge_gfp_plus,edge,GFP+,6.923748165412153,4.034344390158398,2.889403775253756,35,43,0.039426524,171.0
GGGTCAGGTAGTAAGT,GGGTCAGGTAGTAAGT,edge_gfp_plus,edge,GFP+,9.470743557390891,4.454653572054696,5.0160899853361975,13,4,0.010831443,410.0
GCGGCTTGTCTCACAG,GCGGCTTGTCTCACAG,edge_gfp_plus,edge,GFP+,8.23677951085988,4.5343534698689405,3.702426040990938,14,24,0.015379358,115.0
CGAACTTGTAACGTAG,CGAACTTGTAACGTAG,edge_gfp_plus,edge,GFP+,6.715362530219394,3.724475236027452,2.9908872941919427,24,24,0.06476151,140.0
TCTGTCCGTAATGCGA,TCTGTCCGTAATGCGA,edge_gfp_plus,edge,GFP+,6.9275731318361,3.366378287096992,3.561194844739109,24,24,0.04728836,220.0
TGTAGCTGTAGCTGCC,TGTAGCTGTAGCTGCC,edge_gfp_plus,edge,GFP+,4.506890595608518,2.584962500721156,1.9219280948873625,12,33,0.13333334,17.0
CAGCTATGTGAACGCG,CAGCTATGTGAACGCG,edge_gfp_plus,edge,GFP+,2.9735572622751856,-0.0,2.9735572622751856,22,39,0.26666668,16.0
TGTAACCGTTTGCGGC,TGTAACCGTTTGCGGC,edge_gfp_plus,edge,GFP+,5.815014178112951,2.1060480954183274,3.708966082694624,27,28,0.07792208,50.0
CACGTTGGTCTCAGTG,CACGTTGGTCTCAGTG,edge_gfp_plus,edge,GFP+,6.345623249109194,3.013954804461308,3.331668444647887,34,28,0.062084258,148.0
GCGTTTGGTGATTGCT,GCGTTTGGTGATTGCT,edge_gfp_plus,edge,GFP+,7.155454902070968,3.564737369816732,3.590717532254236,14,18,0.071428575,127.0
GGCGAATGTGCGGTGA,GGCGAATGTGCGGTGA,edge_gfp_plus,edge,GFP+,5.5015542538840805,3.0728907223310395,2.428663531553041,12,18,0.1171875,60.0
CGTTTGGGTAGTAGCA,CGTTTGGGTAGTAGCA,edge_gfp_plus,edge,GFP+,5.872407075201964,3.0878842950286822,2.784522780173281,22,42,0.091803275,182.0
GCGGATGGTTTCGGAT,GCGGATGGTTTCGGAT,edge_gfp_plus,edge,GFP+,8.114989410205812,3.965472899664008,4.149516510541805,29,37,0.018584775,207.0
CTCTATTGTTGCAGCC,CTCTATTGTTGCAGCC,edge_gfp_plus,edge,GFP+,3.977109724385691,2.058813890331201,1.9182958340544896,2,4,0.14814815,15.0
GGCGTCTGTTGTGCCA,GGCGTCTGTTGTGCCA,edge_gfp_plus,edge,GFP+,6.135192785648559,3.238901256602631,2.896291529045928,2,1,0.032967035,27.0
GTTAAGGGTGACCGAG,GTTAAGGGTGACCGAG,edge_gfp_plus,edge,GFP+,5.950599076798442,3.3656365760772853,2.584962500721156,10,1,0.037037037,33.0
ACACGAAGTGATGCCC,ACACGAAGTGATGCCC,edge_gfp_plus,edge,GFP+,5.1770119947971285,2.4577174691301487,2.71929452566698,18,28,0.13846155,33.0
AAGTACGGTTTCACTT,AAGTACGGTTTCACTT,edge_gfp_plus,edge,GFP+,4.214620709058815,2.6296582083376587,1.584962500721156,11,15,0.16190477,38.0
AAGGTTGGTTAGGTAG,AAGGTTGGTTAGGTAG,edge_gfp_plus,edge,GFP+,7.620129373905866,3.823217895353648,3.796911478552218,2,23,0.024027457,84.0
GCGTGAGGTAGCTGCC,GCGTGAGGTAGCTGCC,edge_gfp_plus,edge,GFP+,4.9395209290240985,2.52122509496961,2.418295834054489,24,2,0.1594203,35.0
AGGGGTTGTTAACCGT,AGGGGTTGTTAACCGT,edge_gfp_plus,edge,GFP+,7.575721596520308,3.958229168669878,3.617492427850431,9,14,0.01915709,56.0
ATAGCCTGTTGCTTAA,ATAGCCTGTTGCTTAA,edge_gfp_plus,edge,GFP+,4.287898169706031,2.4844580071386004,1.8034401625674303,18,11,0.29975045,6760.0
CACGCTAGTGACGAAC,CACGCTAGTGACGAAC,edge_gfp_plus,edge,GFP+,1.0,1.0,-0.0,12,43,0.5,3.0
CACGAGGGTTTCCTCA,CACGAGGGTTTCCTCA,edge_gfp_plus,edge,GFP+,2.75,2.75,-0.0,18,24,0.25,9.0
TAGCCTGGTGGACTAA,TAGCCTGGTGGACTAA,edge_gfp_plus,edge,GFP+,3.642194708296901,1.335667070423588,2.3065276378733133,21,31,0.35251325,83.0
TCATTAGGTTCACCAG,TCATTAGGTTCACCAG,edge_gfp_plus,edge,GFP+,2.467090774749888,1.5487949406953985,0.9182958340544896,43,47,0.4166667,11.0
ACAACAGGTCTTGCCT,ACAACAGGTCTTGCCT,edge_gfp_plus,edge,GFP+,4.306890595608518,1.584962500721156,2.721928094887362,2,18,0.06666667,16.0
AACGGTAGTCTGTGGC,AACGGTAGTCTGTGGC,edge_gfp_plus,edge,GFP+,9.70025444772604,4.842318160780918,4.85793628694512,2,8,0.009334316,325.0
AGCACTTGTGGGAACT,AGCACTTGTGGGAACT,edge_gfp_plus,edge,GFP+,7.740457818140904,3.7439156805273193,3.996542137613584,40,29,0.04401704,188.0
GTTGCCAGTTGCTGGC,GTTGCCAGTTGCTGGC,edge_gfp_plus,edge,GFP+,3.167886275603655,2.6131081122623816,0.5547781633412736,16,22,0.21774194,63.0
GTGCTTGGTGAGCATA,GTGCTTGGTGAGCATA,edge_gfp_plus,edge,GFP+,4.90087156514417,2.454432220473155,2.4464393446710155,29,9,0.14262296,71.0
CGGGTAGGTTATGTGC,CGGGTAGGTTATGTGC,edge_gfp_plus,edge,GFP+,7.889013833063361,4.055958151615123,3.833055681448239,12,3,0.019762846,56.0
CTTAGCGGTTGAGCGG,CTTAGCGGTTGAGCGG,edge_gfp_plus,edge,GFP+,8.660678185575977,4.331805214001779,4.328872971574198,37,33,0.04018887,953.0
TACGGTTGTAGCTGGG,TACGGTTGTAGCTGGG,edge_gfp_plus,edge,GFP+,6.479330646202753,3.1008984592592315,3.3784321869435208,25,22,0.07550077,147.0
GGGTCAGGTTGGGCAG,GGGTCAGGTTGGGCAG,edge_gfp_plus,edge,GFP+,7.348055103913758,3.788940600582545,3.559114503331213,27,31,0.049304347,215.0
CGTGTTGGTTGCTTCC,CGTGTTGGTTGCTTCC,edge_gfp_plus,edge,GFP+,3.3155674453334085,2.61572460544717,0.6998428398862386,37,33,0.30588236,32.0
GGTAACAGTAGTCCGC,GGTAACAGTAGTCCGC,edge_gfp_plus,edge,GFP+,7.745218551217285,4.107044553783342,3.638173997433944,27,15,0.05346535,171.0
TGTGCATGTAACCGGG,TGTGCATGTAACCGGG,edge_gfp_plus,edge,GFP+,5.871602617561065,2.890417933646709,2.981184683914356,8,18,0.11627907,82.0
GGAGCTGGTGGCGAAT,GGAGCTGGTGGCGAAT,edge_gfp_plus,edge,GFP+,6.72429491298163,3.466599474048962,3.257695438932668,14,17,0.072222225,144.0
CCCGTAAGTGAGGACT,CCCGTAAGTGAGGACT,edge_gfp_plus,edge,GFP+,7.870843364930442,3.574505384808137,4.2963379801223045,6,9,0.0226886,84.0
TACATCAGTAAGCTGA,TACATCAGTAAGCTGA,edge_gfp_plus,edge,GFP+,7.462089055980001,3.823067982273661,3.63902107370634,30,2,0.061818182,72.0
ACGGGCAGTTTGAGGA,ACGGGCAGTTTGAGGA,edge_gfp_plus,edge,GFP+,6.510719166136658,3.3035088547976783,3.2072103113389794,11,11,0.093333334,49.0
TGTGTTAGTGAAGTAT,TGTGTTAGTGAAGTAT,edge_gfp_plus,edge,GFP+,6.823260574570028,3.523856189774725,3.299404384795303,10,16,0.04235294,59.0
GCTGATTGTCTTGCCT,GCTGATTGTCTTGCCT,edge_gfp_plus,edge,GFP+,3.8493809069721823,0.8220031841712316,3.02737772280095,35,34,0.24464898,210.0
TGTAGAGGTGAGAGGA,TGTAGAGGTGAGAGGA,edge_gfp_plus,edge,GFP+,3.842370993177109,2.0,1.8423709931771084,2,34,0.10714286,11.0
GCGGTAGGTTTACGAC,GCGGTAGGTTTACGAC,edge_gfp_plus,edge,GFP+,7.342280579183965,3.0177458164760864,4.324534762707879,29,2,0.050980397,79.0
TGGATAGGTAATGGTG,TGGATAGGTAATGGTG,edge_gfp_plus,edge,GFP+,4.904170899872039,2.125814583693911,2.7783563161781277,24,34,0.1923077,38.0
CTTGTCCGTAATCCTA,CTTGTCCGTAATCCTA,edge_gfp_plus,edge,GFP+,5.275362481076147,2.5219280948873624,2.7534343861887844,41,14,0.11428572,24.0
CGAATAGGTGAAGGTC,CGAATAGGTGAAGGTC,edge_gfp_plus,edge,GFP+,6.755585334840562,3.175123135113461,3.580462199727102,10,23,0.033936653,43.0
GGTCGAGGTCATCCCT,GGTCGAGGTCATCCCT,edge_gfp_plus,edge,GFP+,6.179560396070485,3.3342094594480485,2.8453509366224368,9,38,0.04958678,33.0
TGAGCCCGTGAGCGCA,TGAGCCCGTGAGCGCA,edge_gfp_plus,edge,GFP+,5.390920816708222,3.1247167707658337,2.266204045942388,25,28,0.10344827,77.0
GCAATAGGTTGGATTC,GCAATAGGTTGGATTC,edge_gfp_plus,edge,GFP+,6.381139568908026,3.1609640474436813,3.220175521464345,2,18,0.041666668,44.0
GTCATTAGTTTGCATA,GTCATTAGTTTGCATA,edge_gfp_plus,edge,GFP+,6.6328585041758,3.197159723424149,3.435698780751651,2,13,0.083333336,46.0
AATGGCAGTCTCAGTG,AATGGCAGTCTCAGTG,edge_gfp_plus,edge,GFP+,5.626401948590807,2.815469625148568,2.8109323234422394,29,34,0.11148649,146.0
GTCATTAGTAGCTAAG,GTCATTAGTAGCTAAG,edge_gfp_plus,edge,GFP+,5.012514122911244,2.498929563690935,2.513584559220309,20,26,0.16666667,37.0
AGTGTGAGTAAGCTCT,AGTGTGAGTAAGCTCT,edge_gfp_plus,edge,GFP+,6.849511450901154,3.613585100272121,3.235926350629033,10,9,0.02623907,63.0
AGTATCCGTTCGTCAG,AGTATCCGTTCGTCAG,edge_gfp_plus,edge,GFP+,8.153858389060378,4.017917900762095,4.135940488298283,35,31,0.017099865,77.0
GGTTAAGGTTGTCCCT,GGTTAAGGTTGTCCCT,edge_gfp_plus,edge,GFP+,6.885968416882871,3.1093268590209187,3.776641557861952,10,34,0.09497379,116.0
GTCGGCTGTTCGATGT,GTCGGCTGTTCGATGT,edge_gfp_plus,edge,GFP+,6.188810337848125,2.842370993177109,3.3464393446710154,14,40,0.042857144,34.0
GGAAATTGTTGTAGAG,GGAAATTGTTGTAGAG,edge_gfp_plus,edge,GFP+,4.485164662876201,2.5875766428471136,1.897588020029088,20,34,0.15987462,73.0
AACCGAAGTTTGACTA,AACCGAAGTTTGACTA,edge_gfp_plus,edge,GFP+,5.993121502399667,2.807203857235149,3.185917645164518,36,37,0.11775362,94.0
TCCATAAGTTGCGTGC,TCCATAAGTTGCGTGC,edge_gfp_plus,edge,GFP+,2.1556390622295662,-0.0,2.1556390622295662,27,23,0.375,9.0
CCTCGAAGTAACGAAT,CCTCGAAGTAACGAAT,edge_gfp_plus,edge,GFP+,5.999818134334884,3.4805774296980347,2.519240704636849,1,7,0.1425926,67.0
CAGCCTAGTTGGACGG,CAGCCTAGTTGGACGG,edge_gfp_plus,edge,GFP+,5.546923096073924,1.7924812503605778,3.7544418457133455,11,10,0.06818182,28.0
TCTATAGGTCCCGATA,TCTATAGGTCCCGATA,edge_gfp_plus,edge,GFP+,6.331721605629967,3.0957952550009344,3.235926350629033,9,2,0.025974028,25.0
ACGCATTGTTATGCGT,ACGCATTGTTATGCGT,edge_gfp_plus,edge,GFP+,6.039468653154614,2.739572261986723,3.299896391167891,18,33,0.07272728,37.0
GTCCTCTGTTATCGAC,GTCCTCTGTTATCGAC,edge_gfp_plus,edge,GFP+,3.645926548164837,2.060964047443681,1.584962500721156,20,23,0.16666667,23.0
GCTGGCTGTAGTCATC,GCTGGCTGTAGTCATC,edge_gfp_plus,edge,GFP+,5.704448698502606,2.7516291673878226,2.952819531114783,11,16,0.041666668,28.0
CGAGCGAGTTAGCCTG,CGAGCGAGTTAGCCTG,edge_gfp_plus,edge,GFP+,5.42168879447122,3.081768066547006,2.339920727924214,3,17,0.10990337,59.0
AAAGCATGTATTGCAC,AAAGCATGTATTGCAC,edge_gfp_plus,edge,GFP+,2.0,2.0,-0.0,33,29,0.25,7.0
CGTGATTGTAAGTGAT,CGTGATTGTAAGTGAT,edge_gfp_plus,edge,GFP+,4.947190701561742,2.278351811711312,2.6688388898504303,15,4,0.15686275,35.0
CTCACGAGTCATCACG,CTCACGAGTCATCACG,edge_gfp_plus,edge,GFP+,7.847887908817133,3.861105650148386,3.9867822586687462,37,23,0.04914005,206.0
GGCTTATGTATGTGCT,GGCTTATGTATGTGCT,edge_gfp_plus,edge,GFP+,4.140222186618657,2.454275976655027,1.6859462099636302,14,18,0.27517447,93.0
GGGCATGGTTTCACTT,GGGCATGGTTTCACTT,edge_gfp_plus,edge,GFP+,4.8573909150523225,2.62146456442329,2.235926350629033,15,21,0.13392858,39.0
CATAGAGGTTTAGGAG,CATAGAGGTTTAGGAG,edge_gfp_plus,edge,GFP+,7.2705844763349186,3.66161603312486,3.608968443210059,31,39,0.06533575,153.0
CGAGTAAGTTCAATCA,CGAGTAAGTTCAATCA,edge_gfp_plus,edge,GFP+,6.178031708493046,3.0930692077718898,3.084962500721156,6,2,0.023809526,26.0
GGTCGAGGTGGACCTC,GGTCGAGGTGGACCTC,edge_gfp_plus,edge,GFP+,5.584717717121773,2.807354922057604,2.7773627950641693,14,11,0.0879121,27.0
CGTGCTAGTCATGATC,CGTGCTAGTCATGATC,edge_gfp_plus,edge,GFP+,8.04162201606967,3.0636308932396688,4.977991122830002,2,22,0.104713194,2434.0
GGGGTCAGTTGAGTTC,GGGGTCAGTTGAGTTC,edge_gfp_plus,edge,GFP+,5.840433675898723,2.5032583347756456,3.3371753411230767,36,32,0.039215688,26.0
CTCACGAGTTGACGCC,CTCACGAGTTGACGCC,edge_gfp_plus,edge,GFP+,4.058813890331201,2.058813890331201,2.0,17,13,0.11111111,13.0
GGCGCTTGTTCCGGGT,GGCGCTTGTTCCGGGT,edge_gfp_plus,edge,GFP+,2.2892464285091583,1.3709505944546687,0.9182958340544896,2,43,0.40000004,8.0
GCGTTTGGTATTAGCC,GCGTTTGGTATTAGCC,edge_gfp_plus,edge,GFP+,6.503258334775646,5.584962500721156,0.9182958340544896,1,8,0.0,3.0
GGGATTAGTAACTCCG,GGGATTAGTAACTCCG,edge_gfp_plus,edge,GFP+,4.870754421809114,2.276068848644882,2.5946855731642318,35,28,0.2343271,714.0
CCACCAAGTTCGCCTT,CCACCAAGTTCGCCTT,edge_gfp_plus,edge,GFP+,5.520625012686079,1.9083241363287888,3.6123008763572906,12,26,0.14022437,71.0
GTGGCGAGTTATCATG,GTGGCGAGTTATCATG,edge_gfp_plus,edge,GFP+,6.161055113700873,4.031587907627833,2.1294672060730395,5,18,0.11707317,76.0
GCGCAAGGTTCCGCAA,GCGCAAGGTTCCGCAA,edge_gfp_plus,edge,GFP+,1.5304930567574824,1.5304930567574824,-0.0,23,37,0.44444445,10.0
CAGGTCCGTATTGGAG,CAGGTCCGTATTGGAG,edge_gfp_plus,edge,GFP+,4.254910272382318,1.8829818364408388,2.371928435941479,12,18,0.4032389,179.0
CACGCTAGTTTCCTGC,CACGCTAGTTTCCTGC,edge_gfp_plus,edge,GFP+,4.299035873346062,2.128085278891394,2.1709505944546685,27,34,0.12857144,17.0
CGAATAGGTGGGTTAA,CGAATAGGTGGGTTAA,edge_gfp_plus,edge,GFP+,6.596336971014944,3.5900980423615545,3.006238928653389,2,5,0.03783784,52.0
ATTGAGGGTGATTGAG,ATTGAGGGTGATTGAG,edge_gfp_plus,edge,GFP+,6.605908884303142,3.2271817806466765,3.378727103656466,12,20,0.03663004,68.0
CTTACAAGTCATCCTC,CTTACAAGTCATCCTC,edge_gfp_plus,edge,GFP+,2.0349409139562287,2.0349409139562287,-0.0,10,23,0.53846157,14.0
CCCGATAGTAACGCAA,CCCGATAGTAACGCAA,edge_gfp_plus,edge,GFP+,5.904514021190571,2.6685876705615383,3.235926350629033,24,3,0.071428575,48.0
ACATGAGGTGATTGCT,ACATGAGGTGATTGCT,edge_gfp_plus,edge,GFP+,7.75948417040986,4.186860506514696,3.572623663895164,2,16,0.021645023,64.0
ACTCTAAGTTTGAGAG,ACTCTAAGTTTGAGAG,edge_gfp_plus,edge,GFP+,7.034019801411641,3.3660913291191923,3.667928472292449,32,34,0.040747028,50.0
GCTTTGGGTTCGAGCC,GCTTTGGGTTCGAGCC,edge_gfp_plus,edge,GFP+,1.387291427643771,0.4689955935892812,0.9182958340544896,24,36,0.6,13.0
ACCATTAGTAGCTAAG,ACCATTAGTAGCTAAG,edge_gfp_plus,edge,GFP+,7.573417027870387,3.7819784054728647,3.7914386223975214,37,17,0.08405661,206.0
ATCAAGGGTAGGTCAA,ATCAAGGGTAGGTCAA,edge_gfp_plus,edge,GFP+,6.761611307854391,3.373274635484793,3.3883366723695985,27,35,0.077586204,114.0
ACCTAACGTTGCGAGG,ACCTAACGTTGCGAGG,edge_gfp_plus,edge,GFP+,5.803508854797677,2.6887218755408666,3.114786979256811,1,38,0.09375,36.0
CTCGTAGGTTCGTTAA,CTCGTAGGTTCGTTAA,edge_gfp_plus,edge,GFP+,6.577607201751362,3.170528863874593,3.4070783378767686,24,37,0.0859454,89.0
TCAATTGGTTGGCCGT,TCAATTGGTTGGCCGT,edge_gfp_plus,edge,GFP+,3.8770863512523066,1.977235445408308,1.899850905843999,16,22,0.2605263,58.0
ATAGCGAGTTATCGAC,ATAGCGAGTTATCGAC,edge_gfp_plus,edge,GFP+,2.803097045292173,2.1530746236438185,0.6500224216483541,29,22,0.34946236,55.0
AGAAGGGGTTGCTCTC,AGAAGGGGTTGCTCTC,edge_gfp_plus,edge,GFP+,6.362971386690612,3.3273652566280387,3.0356061300625727,24,36,0.107780606,81.0
TGTAAGGGTGGACACG,TGTAAGGGTGGACACG,edge_gfp_plus,edge,GFP+,2.4928786893420307,1.521928094887362,0.9709505944546686,31,24,0.24000001,10.0
CTGCCTTGTTATGTGC,CTGCCTTGTTATGTGC,edge_gfp_plus,edge,GFP+,5.118340797400307,2.921181073976157,2.197159723424149,14,32,0.12328767,82.0
AAGGAAAGTCATGAAG,AAGGAAAGTCATGAAG,edge_gfp_plus,edge,GFP+,4.518719726868999,2.5967916319816364,1.9219280948873625,20,28,0.18666667,20.0
CGCGTTAGTGAGTTGA,CGCGTTAGTGAGTTGA,edge_gfp_plus,edge,GFP+,7.033988658497158,3.1964089312656627,3.8375797272314953,27,39,0.0555155,149.0
ACGGGCAGTTATCCAA,ACGGGCAGTTATCCAA,edge_gfp_plus,edge,GFP+,5.287458798461847,2.5166609010034,2.770797897458447,14,21,0.10710743,165.0
AGCTTACGTTGAAGGC,AGCTTACGTTGAAGGC,edge_gfp_plus,edge,GFP+,3.586425874087823,1.664497779200461,1.9219280948873625,3,2,0.22857144,12.0
GTTCTAAGTAAGCAAT,GTTCTAAGTAAGCAAT,edge_gfp_plus,edge,GFP+,5.369899130240173,3.0687103273787546,2.301188802861418,36,38,0.12690476,131.0
TCTACGGGTAGCTAAG,TCTACGGGTAGCTAAG,edge_gfp_plus,edge,GFP+,-0.0,-0.0,-0.0,33,13,1.0,2.0
GCGGGTAGTTGGCTAT,GCGGGTAGTTGGCTAT,edge_gfp_plus,edge,GFP+,4.905626949211053,1.59430281631923,3.311324132891823,14,28,0.20008427,678.0
AACGAATGTTGGCTAT,AACGAATGTTGGCTAT,edge_gfp_plus,edge,GFP+,4.595503156313974,1.984925912982332,2.610577243331642,40,29,0.16483517,40.0
GTTGTACGTGAAGTCA,GTTGTACGTGAAGTCA,edge_gfp_plus,edge,GFP+,1.5,1.5,-0.0,24,13,0.5,5.0
ACCGAGGGTGACGATA,ACCGAGGGTGACGATA,edge_gfp_plus,edge,GFP+,4.169499391963205,1.583671452820163,2.5858279391430417,29,43,0.32467535,57.0
CGTCATGGTGATTCCG,CGTCATGGTGATTCCG,edge_gfp_plus,edge,GFP+,6.26054717568635,3.0343364049940957,3.226210770692255,20,26,0.0653009,148.0
CGCTATGGTCTAGAGA,CGCTATGGTCTAGAGA,edge_gfp_plus,edge,GFP+,3.444690148961433,0.74959525725948,2.695094891701953,27,19,0.27197802,40.0
CGTTATAGTTCGCGTA,CGTTATAGTTCGCGTA,edge_gfp_plus,edge,GFP+,4.174462121153393,1.9219280948873625,2.252534026266031,35,23,0.21935485,36.0
ATGGGTAGTTGCACGC,ATGGGTAGTTGCACGC,edge_gfp_plus,edge,GFP+,7.666073307241568,3.7721854605116727,3.893887846729895,37,29,0.03896104,114.0
GCATAAGGTATGTCAC,GCATAAGGTATGTCAC,edge_gfp_plus,edge,GFP+,6.305105825944965,2.521640636343318,3.7834651896016473,33,11,0.034285717,32.0
CGTGATTGTCTGGGCT,CGTGATTGTCTGGGCT,edge_gfp_plus,edge,GFP+,6.262529657838085,3.106890595608519,3.1556390622295662,1,13,0.025000002,31.0
AAAGCTGGTTCGTAAC,AAAGCTGGTTCGTAAC,edge_gfp_plus,edge,GFP+,9.022723914131983,4.517745713569224,4.5049782005627605,40,37,0.020179981,1130.0
GGATTGAGTAATCCTA,GGATTGAGTAATCCTA,edge_gfp_plus,edge,GFP+,3.292481250360578,1.792481250360578,1.5,25,31,0.25,10.0
GGTAATGGTTGACCAT,GGTAATGGTTGACCAT,edge_gfp_plus,edge,GFP+,1.0,1.0,-0.0,20,30,0.5,3.0
AAAGCCAGTTCTGGTG,AAAGCCAGTTCTGGTG,edge_gfp_plus,edge,GFP+,3.781076011914607,2.321928094887362,1.4591479170272446,10,32,0.1,11.0
AAGGTCAGTCATCCAG,AAGGTCAGTCATCCAG,edge_gfp_plus,edge,GFP+,5.345350936622436,2.8453509366224368,2.5,8,15,0.06818182,19.0
CTGGTATGTTCGCGTA,CTGGTATGTTCGCGTA,edge_gfp_plus,edge,GFP+,5.836337440135303,2.6464393446710157,3.1898980954642875,37,26,0.060000002,25.0
AGGTTAGGTTCACGCA,AGGTTAGGTTCACGCA,edge_gfp_plus,edge,GFP+,5.7816830772079255,2.832487689168953,2.949195388038972,36,34,0.0912,100.0
GTTGTACGTGAGTGAC,GTTGTACGTGAGTGAC,edge_gfp_plus,edge,GFP+,5.142042268400028,2.4956029237290123,2.6464393446710157,30,18,0.107142866,24.0
ACGCTATGTTCAAGTC,ACGCTATGTTCAAGTC,edge_gfp_plus,edge,GFP+,4.303983194536717,2.1179631753145163,2.186020019222201,1,31,0.29310346,43.0
AGCGTAAGTTTACCGG,AGCGTAAGTTTACCGG,edge_gfp_plus,edge,GFP+,3.7776063255393337,1.9609640474436807,1.8166422780956524,15,22,0.325,30.0
CCAGTTGGTGGACCGA,CCAGTTGGTGGACCGA,edge_gfp_plus,edge,GFP+,4.657268229617388,2.4056390622295662,2.2516291673878226,34,41,0.125,14.0
CCGATTGGTAAGCAGC,CCGATTGGTAAGCAGC,edge_gfp_plus,edge,GFP+,5.78135489670054,2.4063548967005404,3.375,27,39,0.1328125,48.0
TGATCCGGTCTTGCCT,TGATCCGGTCTTGCCT,edge_gfp_plus,edge,GFP+,4.119206113564018,1.8675769461761949,2.251629167387823,8,27,0.19047621,27.0
CTTGCCTGTGGCGATG,CTTGCCTGTGGCGATG,edge_gfp_plus,edge,GFP+,8.072911392846331,3.958683613069301,4.11422777977703,14,27,0.056225866,486.0
TATGGCTGTAAGCATG,TATGGCTGTAAGCATG,edge_gfp_plus,edge,GFP+,5.472848921628112,2.5588718484453605,2.913977073182752,13,4,0.06363636,31.0
ACATTTGGTGGCCAAG,ACATTTGGTGGCCAAG,edge_gfp_plus,edge,GFP+,5.481950275941365,3.2319502759413656,2.25,27,37,0.068627454,59.0
AGTGCGGGTATGGACA,AGTGCGGGTATGGACA,edge_gfp_plus,edge,GFP+,6.331546269379342,3.796894919507588,2.534651349871754,11,38,0.047669716,164.0
GTTAGAGGTTCCGGTA,GTTAGAGGTTCCGGTA,edge_gfp_plus,edge,GFP+,6.452038027982269,3.546398965752702,2.9056390622295662,37,25,0.03472222,43.0
CCGCGATGTTAGTGTC,CCGCGATGTTAGTGTC,edge_gfp_plus,edge,GFP+,5.356620829348964,3.373628546883414,1.9829922824655504,11,18,0.13586414,116.0
GCTCATGGTCAATCTA,GCTCATGGTCAATCTA,edge_gfp_plus,edge,GFP+,3.169925001442312,1.584962500721156,1.584962500721156,14,10,0.11111112,6.0
CAAAGGCGTAGGTCCC,CAAAGGCGTAGGTCCC,edge_gfp_plus,edge,GFP+,4.756884927759267,2.0933521729550124,2.6635327548042547,17,24,0.13636364,33.0
AGAAGTTGTAGGTGTA,AGAAGTTGTAGGTGTA,edge_gfp_plus,edge,GFP+,6.5787402117333125,3.197159723424149,3.381580488309164,3,8,0.019607844,35.0
ACTCGATGTTATCTAG,ACTCGATGTTATCTAG,edge_gfp_plus,edge,GFP+,-0.0,-0.0,-0.0,44,38,1.0,2.0
CAAGGTAGTTGCATTA,CAAGGTAGTTGCATTA,edge_gfp_plus,edge,GFP+,6.024575734680163,2.98061116733148,3.0439645673486835,35,26,0.09306804,177.0
CCTCGAAGTTCATCGG,CCTCGAAGTTCATCGG,edge_gfp_plus,edge,GFP+,6.0208803572829135,2.9942337625278075,3.026646594755106,26,42,0.09277075,175.0
GGTGCCTGTTAGAGAT,GGTGCCTGTTAGAGAT,edge_gfp_plus,edge,GFP+,7.084962500721156,1.5,5.584962500721156,46,1,0.0,4.0
GGAGCCAGTTGGTGCC,GGAGCCAGTTGGTGCC,edge_gfp_plus,edge,GFP+,1.5,-0.0,1.5,2,8,0.5,8.0
GCGGTAGGTTAATTCG,GCGGTAGGTTAATTCG,edge_gfp_plus,edge,GFP+,6.15719709065712,3.238901256602631,2.918295834054489,1,3,0.025641028,25.0
TGACGTTGTGAGGCAT,TGACGTTGTGAGGCAT,edge_gfp_plus,edge,GFP+,3.4182958340544896,1.9182958340544896,1.5,35,23,0.16666667,10.0
GTACCCAGTTGGCCGT,GTACCCAGTTGGCCGT,edge_gfp_plus,edge,GFP+,6.630051298543097,3.228212945841001,3.401838352702096,18,24,0.057017542,97.0
AAGCATGGTTGCTCTC,AAGCATGGTTGCTCTC,edge_gfp_plus,edge,GFP+,4.1948126667500985,2.6098501660289424,1.584962500721156,23,5,0.098039225,20.0
TCTGCAGGTGAACTAG,TCTGCAGGTGAACTAG,edge_gfp_plus,edge,GFP+,7.083593147922821,3.298695445166412,3.784897702756409,36,43,0.059453033,58.0
GGCGTGAGTATGTCCG,GGCGTGAGTATGTCCG,edge_gfp_plus,edge,GFP+,5.070476702129842,2.409250445860052,2.661226256269789,27,36,0.08355437,71.0
AGCGCAGGTTCCTTCA,AGCGCAGGTTCCTTCA,edge_gfp_plus,edge,GFP+,4.036556511503724,2.356000138237731,1.6805563732659934,31,39,0.2733918,56.0
CGCATATGTCAAGTAG,CGCATATGTCAAGTAG,edge_gfp_plus,edge,GFP+,2.7642045065086203,2.0,0.7642045065086203,1,13,0.19444445,13.0
GCGTATTGTTGAAGTG,GCGTATTGTTGAAGTG,edge_gfp_plus,edge,GFP+,6.084560195269781,2.822717804806415,3.261842390463366,21,29,0.056710772,46.0
GGTAAATGTGAAGCCG,GGTAAATGTGAAGCCG,edge_gfp_plus,edge,GFP+,7.370065104118042,3.963866771307947,3.406198332810096,33,37,0.048,115.0
GGCATGGGTGCGCATC,GGCATGGGTGCGCATC,edge_gfp_plus,edge,GFP+,1.0,1.0,-0.0,34,36,0.5,18.0
GGAATTGGTCTCCACT,GGAATTGGTCTCCACT,edge_gfp_plus,edge,GFP+,4.540733533951292,2.149869837094248,2.3908636968570445,34,38,0.3,49.0
TCCCGTTGTAGTGCCC,TCCCGTTGTAGTGCCC,edge_gfp_plus,edge,GFP+,6.13221787967496,2.950212064914747,3.1820058147602133,22,7,0.061224494,28.0
GTCGGCTGTATAGTCC,GTCGGCTGTATAGTCC,edge_gfp_plus,edge,GFP+,1.0,-0.0,1.0,31,3,0.5,4.0
CTATCAAGTAGTGTCT,CTATCAAGTAGTGTCT,edge_gfp_plus,edge,GFP+,8.396962048230435,4.294315802162934,4.102646246067501,37,37,0.040118612,1232.0
AGGGTTAGTTGACGCC,AGGGTTAGTTGACGCC,edge_gfp_plus,edge,GFP+,4.017083003075159,2.224601752714581,1.7924812503605778,10,25,0.21875,22.0
ATAGCGAGTGCGTGTC,ATAGCGAGTGCGTGTC,edge_gfp_plus,edge,GFP+,6.06409526350302,2.7774657767168254,3.286629486786196,14,3,0.05263158,52.0
TCGTGATGTAATGGAT,TCGTGATGTAATGGAT,edge_gfp_plus,edge,GFP+,1.2025216880883884,0.3912435636292556,0.8112781244591328,29,28,0.6923077,17.0
TCTACGGGTTATGACC,TCTACGGGTTATGACC,edge_gfp_plus,edge,GFP+,2.903965612667614,2.1556390622295662,0.7483265504380476,29,22,0.3266129,39.0
GCTGGCTGTCAAGGAC,GCTGGCTGTCAAGGAC,edge_gfp_plus,edge,GFP+,8.173893745353674,3.931242287732606,4.2426514576210685,36,24,0.062176168,338.0
CAGTAAGGTGAGTTGA,CAGTAAGGTGAGTTGA,edge_gfp_plus,edge,GFP+,4.329497794004322,2.656564762130954,1.6729330318733675,16,34,0.16969697,26.0
AGCCATTGTCATCGGC,AGCCATTGTCATCGGC,edge_gfp_plus,edge,GFP+,3.25748398981288,1.75748398981288,1.5,35,31,0.23529412,21.0
CGACTGACAGGCTAAT,CGACTGACAGGCTAAT,edge_gfp_minus,edge,GFP-,5.721113227134056,2.8293144207187177,2.8917988064153386,29,37,0.16569202,195.0
GTCGGGTCAAGTGCTG,GTCGGGTCAAGTGCTG,edge_gfp_minus,edge,GFP-,6.040728671248611,2.635192453961059,3.405536217287552,24,13,0.10146507,6642.0
ACCTGTCCAAGCGCAC,ACCTGTCCAAGCGCAC,edge_gfp_minus,edge,GFP-,1.9182958340544896,0.9182958340544896,1.0,14,31,0.33333334,5.0
TACTGTTCAGCCTATC,TACTGTTCAGCCTATC,edge_gfp_minus,edge,GFP-,7.859542334533031,3.6743378092035854,4.1852045253294445,27,18,0.04057971,134.0
TACCGTCCACCTCACG,TACCGTCCACCTCACG,edge_gfp_minus,edge,GFP-,6.338843623716619,2.6635327548042547,3.675310868912364,12,4,0.047430832,34.0
CAAAGCTCAGGGATGG,CAAAGCTCAGGGATGG,edge_gfp_minus,edge,GFP-,3.169925001442312,2.2516291673878226,0.9182958340544896,29,39,0.22222224,9.0
TAATCCTCAATCTACT,TAATCCTCAATCTACT,edge_gfp_minus,edge,GFP-,5.333100353723983,2.1866610090529672,3.146439344671016,11,9,0.17307693,46.0
GGATTCGCAACCTACC,GGATTCGCAACCTACC,edge_gfp_minus,edge,GFP-,7.3223863203717,3.442600307816467,3.8797860125552326,27,15,0.06887052,169.0
TGAGGAACATTAACCT,TGAGGAACATTAACCT,edge_gfp_minus,edge,GFP-,6.974550861526167,3.85216872360328,3.1223821379228864,11,15,0.048442908,51.0
GGGTTTGCATTACTCG,GGGTTTGCATTACTCG,edge_gfp_minus,edge,GFP-,4.843568731230681,2.521640636343318,2.321928094887362,3,21,0.05714286,12.0
TCCAACCCAAACCCGA,TCCAACCCAAACCCGA,edge_gfp_minus,edge,GFP-,5.37077885495778,2.913977073182752,2.456801781775028,8,2,0.05785124,33.0
TCCTGACCACAATTAG,TCCTGACCACAATTAG,edge_gfp_minus,edge,GFP-,5.738908293098745,2.610577243331642,3.128331049767102,24,22,0.11688312,58.0
TGCATAACATGGTAGT,TGCATAACATGGTAGT,edge_gfp_minus,edge,GFP-,6.194120655298695,2.79504108467452,3.399079570624175,24,5,0.114999995,73.0
AGCCAATCACTAATGA,AGCCAATCACTAATGA,edge_gfp_minus,edge,GFP-,4.583270348969128,2.6066313853447194,1.976638963624408,16,14,0.31440893,190.0
CATCCACCAAGCTATA,CATCCACCAAGCTATA,edge_gfp_minus,edge,GFP-,3.122824918890017,1.5494729774919245,1.573351941398092,14,13,0.40808827,1251.0
AAACTTGCAGGACACC,AAACTTGCAGGACACC,edge_gfp_minus,edge,GFP-,3.886961587762375,1.7218380010091447,2.16512358675323,21,19,0.2650701,620.0
GCCGAGTCAGGACAGG,GCCGAGTCAGGACAGG,edge_gfp_minus,edge,GFP-,3.503258334775646,1.0,2.503258334775646,24,3,0.11111111,11.0
TCCTGGTCATTAGCTT,TCCTGGTCATTAGCTT,edge_gfp_minus,edge,GFP-,5.955539538103484,3.2977968115985954,2.657742726504889,24,19,0.07777778,43.0
AACCACGCACCATTCA,AACCACGCACCATTCA,edge_gfp_minus,edge,GFP-,5.646791052504719,2.321928094887362,3.3248629576173565,14,11,0.042857144,19.0
CCTCGATCAATATCGA,CCTCGATCAATATCGA,edge_gfp_minus,edge,GFP-,7.051724814888717,3.47167446342398,3.580050351464737,1,34,0.04092262,76.0
ACAAGCTCAAGCTCTC,ACAAGCTCAAGCTCTC,edge_gfp_minus,edge,GFP-,6.212697605149443,3.155221528859512,3.057476076289931,11,9,0.039215688,35.0
GCATCCTCAAACTGCG,GCATCCTCAAACTGCG,edge_gfp_minus,edge,GFP-,6.7201100704082215,3.235926350629033,3.484183719779189,23,18,0.02857143,34.0
CGATAGTCAACTGTCC,CGATAGTCAACTGTCC,edge_gfp_minus,edge,GFP-,6.497986974159833,2.9022414395566734,3.595745534603159,27,28,0.11075206,129.0
GTCATCCCACTCAACC,GTCATCCCACTCAACC,edge_gfp_minus,edge,GFP-,3.941756817822044,2.030256919995134,1.9114998978269104,25,21,0.30323717,505.0
AATGACCCATTCGTCA,AATGACCCATTCGTCA,edge_gfp_minus,edge,GFP-,4.203966491409485,2.340670315927992,1.8632961754814936,30,22,0.24609348,345.0
ATCTGTTCAGGGCCAT,ATCTGTTCAGGGCCAT,edge_gfp_minus,edge,GFP-,4.521640636343318,2.0,2.521640636343318,1,7,0.071428575,11.0
TAGGCCACAACCAGAT,TAGGCCACAACCAGAT,edge_gfp_minus,edge,GFP-,5.313945069189126,2.390953267380997,2.922991801808128,35,20,0.10252911,1990.0
ATATTCCCACAGCGAC,ATATTCCCACAGCGAC,edge_gfp_minus,edge,GFP-,3.646907812920024,1.4350867314735956,2.2118210814464287,36,21,0.26495346,98.0
TGCGATGCAATCAGTA,TGCGATGCAATCAGTA,edge_gfp_minus,edge,GFP-,1.0,-0.0,1.0,16,14,0.5,3.0
GCCAAGCCACCTATGC,GCCAAGCCACCTATGC,edge_gfp_minus,edge,GFP-,3.4170414446498047,1.2601423897108552,2.156899054938949,29,24,0.33540374,65.0
CATGCCTCATCACATT,CATGCCTCATCACATT,edge_gfp_minus,edge,GFP-,7.678845066598006,3.656195461313356,4.02264960528465,11,36,0.03966942,110.0
CCTCAGTCACCTACCG,CCTCAGTCACCTACCG,edge_gfp_minus,edge,GFP-,2.845776429262851,0.9696681494644652,1.8761082797983857,29,21,0.5500899,981.0
TCAGTAACACCATCTA,TCAGTAACACCATCTA,edge_gfp_minus,edge,GFP-,7.055699208575007,3.916126946588284,3.1395722619867232,1,9,0.01904762,36.0
CAAAGCTCAATACCAA,CAAAGCTCAATACCAA,edge_gfp_minus,edge,GFP-,8.77633559081907,4.280904703312949,4.495430887506122,35,37,0.023773585,362.0
GGATGGGCAAACCAGT,GGATGGGCAAACCAGT,edge_gfp_minus,edge,GFP-,5.9467903081546165,2.765957320949175,3.180832987205441,5,25,0.06923077,33.0
ACTGCCTCAAATCGCG,ACTGCCTCAAATCGCG,edge_gfp_minus,edge,GFP-,6.984501302155071,3.2810361125534238,3.7034651896016473,17,5,0.035555556,43.0
GCCATTCCATCCAGAG,GCCATTCCATCCAGAG,edge_gfp_minus,edge,GFP-,7.128358003846116,4.045813394465511,3.082544609380605,14,17,0.053661615,114.0
TCCTCAACATAACGGT,TCCTCAACATAACGGT,edge_gfp_minus,edge,GFP-,6.8302777499518825,3.097363185972484,3.7329145639793984,40,37,0.053921573,64.0
AGAGATGCAGGCATCA,AGAGATGCAGGCATCA,edge_gfp_minus,edge,GFP-,6.5300839795415,3.342948292626205,3.187135686915295,30,24,0.06614654,111.0
CCTGAGACACAGCATG,CCTGAGACACAGCATG,edge_gfp_minus,edge,GFP-,2.751629167387823,-0.0,2.751629167387823,29,20,0.33333334,13.0
TGCACCTCAGCTCACT,TGCACCTCAGCTCACT,edge_gfp_minus,edge,GFP-,4.671928094887363,2.9219280948873627,1.75,27,5,0.1,18.0
TGAGCTGCAACATAGC,TGAGCTGCAACATAGC,edge_gfp_minus,edge,GFP-,5.73075018670183,2.8393538721672007,2.8913963145346284,18,14,0.16704544,64.0
GGCCTAACATAACCGG,GGCCTAACATAACCGG,edge_gfp_minus,edge,GFP-,6.58313378057774,3.2680488287579594,3.31508495181978,29,13,0.04761905,46.0
GGCGAGACATGGCTAG,GGCGAGACATGGCTAG,edge_gfp_minus,edge,GFP-,4.784294447329069,2.503258334775646,2.2810361125534238,28,13,0.09876543,18.0
CGATCCTCAAACCAAC,CGATCCTCAAACCAAC,edge_gfp_minus,edge,GFP-,5.984695987929933,2.957709154570645,3.0269868333592878,22,13,0.09090909,46.0
TAGCAGTCATAAGTTG,TAGCAGTCATAAGTTG,edge_gfp_minus,edge,GFP-,5.505678478992361,2.7236154131678223,2.7820630658245387,37,29,0.11366507,1716.0
CTTATCGCAGCTCTCG,CTTATCGCAGCTCTCG,edge_gfp_minus,edge,GFP-,7.012560974001397,3.777747162910945,3.2348138110904525,40,14,0.039325844,119.0
TCTACTGCATTGGAGT,TCTACTGCATTGGAGT,edge_gfp_minus,edge,GFP-,9.321421923990007,4.590185319250269,4.731236604739739,20,39,0.008318479,241.0
TCTCAGCCAAGTAACC,TCTCAGCCAAGTAACC,edge_gfp_minus,edge,GFP-,6.036680890759327,2.781736896211938,3.2549439945473893,25,24,0.07429245,117.0
ACCAGGCCACCTTACA,ACCAGGCCACCTTACA,edge_gfp_minus,edge,GFP-,4.157854445516395,1.9219280948873625,2.235926350629033,9,5,0.11428572,12.0
TATCATCCACCATCGT,TATCATCCACCATCGT,edge_gfp_minus,edge,GFP-,6.23847709983931,2.4116022179746714,3.826874881864638,14,5,0.032388665,32.0
TCTCAGCCATGGTAAC,TCTCAGCCATGGTAAC,edge_gfp_minus,edge,GFP-,7.009963871887512,3.622258841271656,3.387705030615856,30,20,0.20408566,1058.0
CGCATTCCACTAGCAG,CGCATTCCACTAGCAG,edge_gfp_minus,edge,GFP-,6.681613910306918,3.1464393446710157,3.535174565635903,25,3,0.03809524,41.0
GGCATCACATCACGCT,GGCATCACATCACGCT,edge_gfp_minus,edge,GFP-,10.30627359620372,5.176696537680999,5.129577058522721,2,23,0.0053362683,1149.0
ACCATAACAGGCAATT,ACCATAACAGGCAATT,edge_gfp_minus,edge,GFP-,8.79074966044345,4.673820255872087,4.116929404571362,35,37,0.019150158,377.0
ACTTGGGCATGGTATA,ACTTGGGCATGGTATA,edge_gfp_minus,edge,GFP-,5.7672790315098,2.9219280948873623,2.8453509366224368,11,7,0.05454546,21.0
AGCCAGCCATCGGTTC,AGCCAGCCATCGGTTC,edge_gfp_minus,edge,GFP-,5.476814447103395,1.9182958340544896,3.558518613048906,2,7,0.047619052,27.0
TAATTCCCATAAGTGC,TAATTCCCATAAGTGC,edge_gfp_minus,edge,GFP-,6.9700133377933104,3.4615858333328298,3.5084275044604807,34,33,0.0879164,296.0
GGCAACCCAATGGAGA,GGCAACCCAATGGAGA,edge_gfp_minus,edge,GFP-,5.021640636343318,2.521640636343318,2.5,8,23,0.071428575,15.0
GTGAATCCATTCGTAT,GTGAATCCATTCGTAT,edge_gfp_minus,edge,GFP-,9.149350192167612,4.660830569607003,4.488519622560611,37,37,0.029637657,1104.0
TGGTCCTCAGCTATCC,TGGTCCTCAGCTATCC,edge_gfp_minus,edge,GFP-,6.786761676608633,2.918394622452004,3.8683670541566295,27,37,0.06407323,84.0
TAACGCGCATGGTAGT,TAACGCGCATGGTAGT,edge_gfp_minus,edge,GFP-,5.5801826377959065,2.31865945917112,3.2615231786247865,24,13,0.11015732,7530.0
GCGGGAACATGCTCAC,GCGGGAACATGCTCAC,edge_gfp_minus,edge,GFP-,5.180136707383722,1.7115600776958575,3.468576629687865,17,8,0.18535468,61.0
GGGTTTGCACCTTAGC,GGGTTTGCACCTTAGC,edge_gfp_minus,edge,GFP-,5.8112781244591325,3.0306390622295662,2.7806390622295662,35,28,0.046875,32.0
GGTGAGGCACCTACTA,GGTGAGGCACCTACTA,edge_gfp_minus,edge,GFP-,4.888973273307245,2.295217421954582,2.593755851352664,11,38,0.1583851,67.0
GTGTAACCATAGGTTA,GTGTAACCATAGGTTA,edge_gfp_minus,edge,GFP-,1.766178777435515,0.5188913033181671,1.247287474117348,29,21,0.7376405,1016.0
ATCCTCACAAATGCTA,ATCCTCACAAATGCTA,edge_gfp_minus,edge,GFP-,6.020474071735897,3.175123135113461,2.8453509366224363,37,42,0.048128344,28.0
AATCGGTCAACCGTGA,AATCGGTCAACCGTGA,edge_gfp_minus,edge,GFP-,7.248121168488701,3.119805482340827,4.128315686147873,24,12,0.06634132,162.0
CAGCAGCCAGGCTCAA,CAGCAGCCAGGCTCAA,edge_gfp_minus,edge,GFP-,7.408452199126905,3.756795811071915,3.65165638805499,11,8,0.0377488,78.0
CTATGGGCACAATCAA,CTATGGGCACAATCAA,edge_gfp_minus,edge,GFP-,9.107921882543728,4.3069146073329785,4.80100727521075,40,39,0.011032308,350.0
ACCTTCACAAACCATA,ACCTTCACAAACCATA,edge_gfp_minus,edge,GFP-,4.666194707310312,2.40400975732486,2.262184949985452,14,29,0.23569024,38.0
CTTCAGCCAGGATTAC,CTTCAGCCAGGATTAC,edge_gfp_minus,edge,GFP-,7.883894909020507,3.6981918160137695,4.185703093006736,35,37,0.02819549,94.0
TCCAAGGCAGGACATT,TCCAAGGCAGGACATT,edge_gfp_minus,edge,GFP-,6.424234441255827,2.955657811567962,3.4685766296878646,12,2,0.047720045,64.0
AAATTCGCAACGTGCA,AAATTCGCAACGTGCA,edge_gfp_minus,edge,GFP-,5.255581963293411,2.5661902165503228,2.6893917467430875,19,33,0.26086956,51.0
CCTCGATCAACCCTGT,CCTCGATCAACCCTGT,edge_gfp_minus,edge,GFP-,6.389913896003353,2.5025479225627265,3.8873659734406254,24,29,0.09047499,265.0
CGTCCCACATAGATTG,CGTCCCACATAGATTG,edge_gfp_minus,edge,GFP-,6.074860596185443,2.7516291673878226,3.323231428797621,12,7,0.033333335,27.0
TCGGCAACACAATTAG,TCGGCAACACAATTAG,edge_gfp_minus,edge,GFP-,6.755302279189458,3.163092370756761,3.5922099084326966,11,26,0.078078076,82.0
CATTCGCCAGCTCTCG,CATTCGCCAGCTCTCG,edge_gfp_minus,edge,GFP-,5.707551816930742,2.082551816930742,3.625,24,18,0.072916664,40.0
AACCTAACACTTAACT,AACCTAACACTTAACT,edge_gfp_minus,edge,GFP-,6.34480126472902,3.205229002742297,3.139572261986723,5,13,0.05555556,51.0
AAACGGACAATTGGTA,AAACGGACAATTGGTA,edge_gfp_minus,edge,GFP-,6.786425874087824,3.1219280948873624,3.664497779200461,9,4,0.02857143,24.0
GCCATCTCAGGAAGCG,GCCATCTCAGGAAGCG,edge_gfp_minus,edge,GFP-,7.553501827939918,3.984878924120837,3.568622903819081,20,23,0.047982614,526.0
TCACATTCAATCTGCC,TCACATTCAATCTGCC,edge_gfp_minus,edge,GFP-,6.617502702494333,3.403989446485262,3.213513256009071,30,26,0.03628118,42.0
AGTCACGCAATAGTTG,AGTCACGCAATAGTTG,edge_gfp_minus,edge,GFP-,7.594845231709693,3.4906015629507223,4.104243668758971,37,28,0.034722224,60.0
AACGCGCCATTCCTTC,AACGCGCCATTCCTTC,edge_gfp_minus,edge,GFP-,6.366888063480306,3.238901256602631,3.127986806877675,36,8,0.034188036,31.0
AAGCCTGCAGCTCAGA,AAGCCTGCAGCTCAGA,edge_gfp_minus,edge,GFP-,5.347424422388757,2.251629167387823,3.095795255000934,4,13,0.060606062,17.0
ATGCACGCAATACTTC,ATGCACGCAATACTTC,edge_gfp_minus,edge,GFP-,8.94990688928698,4.6745532086679,4.27535368061908,24,37,0.028870285,1278.0
TAGTCAACAGGTTAGT,TAGTCAACAGGTTAGT,edge_gfp_minus,edge,GFP-,3.644238783468741,2.1179631753145163,1.5262756081542248,26,28,0.35897437,53.0
CCCTACGCAGCCATCT,CCCTACGCAGCCATCT,edge_gfp_minus,edge,GFP-,6.490437456178632,3.431623565847431,3.058813890331201,2,12,0.03508772,37.0
TCACTTGCATGGTTAA,TCACTTGCATGGTTAA,edge_gfp_minus,edge,GFP-,9.387209442495834,4.723480034510362,4.663729407985471,40,38,0.01020566,823.0
CGACTAGCATTCCTCT,CGACTAGCATTCCTCT,edge_gfp_minus,edge,GFP-,7.739290043121995,4.003259028248121,3.7360310148738742,20,10,0.024570024,103.0
CCAAAGTCAACGTGAT,CCAAAGTCAACGTGAT,edge_gfp_minus,edge,GFP-,5.069456494647591,2.5277190159210967,2.541737478726495,28,24,0.17777778,71.0
CATCCACCAGTTGCAG,CATCCACCAGTTGCAG,edge_gfp_minus,edge,GFP-,5.196543840025358,2.5489516927168623,2.647592147308496,30,20,0.19914651,56.0
TGCTCCGCATCCACGT,TGCTCCGCATCCACGT,edge_gfp_minus,edge,GFP-,1.9219280948873625,-0.0,1.9219280948873625,25,29,0.4,6.0
ACACAACCACTCAATT,ACACAACCACTCAATT,edge_gfp_minus,edge,GFP-,4.726882187972331,2.720551257376152,2.0063309305961794,14,15,0.24074075,75.0
CCTCAGTCAAGCGATT,CCTCAGTCAAGCGATT,edge_gfp_minus,edge,GFP-,6.745259022358215,3.257040712781934,3.488218309576281,9,31,0.111159354,96.0
CGTTACCCACAGCGTA,CGTTACCCACAGCGTA,edge_gfp_minus,edge,GFP-,3.6749732873417,1.6602278522418308,2.014745435099869,31,20,0.41017383,1133.0
CAACACGCATCCGCTG,CAACACGCATCCGCTG,edge_gfp_minus,edge,GFP-,6.993027833072437,3.373557262275185,3.619470570797252,1,41,0.02666667,40.0
CGTGATGCAACCGCAA,CGTGATGCAACCGCAA,edge_gfp_minus,edge,GFP-,7.342556004032209,3.378727103656466,3.963828900375743,36,39,0.033284023,78.0
CCTGTCGCATCCCTAA,CCTGTCGCATCCCTAA,edge_gfp_minus,edge,GFP-,6.894928989625558,3.1920539278905258,3.702875061735032,35,29,0.06651884,126.0
GTTCTCACATAGATGC,GTTCTCACATAGATGC,edge_gfp_minus,edge,GFP-,5.943526825848458,3.1319896915065284,2.81153713434193,16,14,0.16436781,59.0
AGTCGATCACTCATGC,AGTCGATCACTCATGC,edge_gfp_minus,edge,GFP-,3.998911359368337,1.9427981394416016,2.056113219926736,21,18,0.17090857,1289.0
AAGCCTGCAATTGACA,AAGCCTGCAATTGACA,edge_gfp_minus,edge,GFP-,8.796887506997184,4.583133990665958,4.2137535163312245,35,13,0.016684322,123.0
TAGGACTCATGAGTTA,TAGGACTCATGAGTTA,edge_gfp_minus,edge,GFP-,9.301218853768816,4.546511766666805,4.754707087102011,12,14,0.016931217,205.0
AGGAAATCATTGGAGT,AGGAAATCATTGGAGT,edge_gfp_minus,edge,GFP-,4.317302835533486,2.074732273462266,2.242570562071218,24,20,0.15574023,114.0
ACACCAGCACCACAGA,ACACCAGCACCACAGA,edge_gfp_minus,edge,GFP-,6.4260521433967615,2.9825383899469093,3.443513753449852,24,33,0.04534719,102.0
ATCGGGCCAAGCTTAA,ATCGGGCCAAGCTTAA,edge_gfp_minus,edge,GFP-,7.076365418801087,3.6215430188544815,3.4548223999466057,27,5,0.03529412,52.0
GTAACCGCATTCGTCA,GTAACCGCATTCGTCA,edge_gfp_minus,edge,GFP-,6.850355756942972,3.7345216647797512,3.1158340921632206,20,33,0.024767803,36.0
CGAGTCACATAACCGG,CGAGTCACATAACCGG,edge_gfp_minus,edge,GFP-,5.136424654760956,2.188721875540867,2.94770277922009,35,33,0.074074075,21.0
ATATCCTCATCGACCT,ATATCCTCATCGACCT,edge_gfp_minus,edge,GFP-,8.991343589939241,4.567306868389255,4.424036721549985,24,42,0.021548612,281.0
CAGCGGTCATCGCTAC,CAGCGGTCATCGCTAC,edge_gfp_minus,edge,GFP-,8.850745494975738,4.454822399946606,4.395923095029133,27,13,0.009803922,88.0
TGCTACCCATCACTTG,TGCTACCCATCACTTG,edge_gfp_minus,edge,GFP-,4.5170600602376165,2.494900822266165,2.0221592379714517,35,34,0.17122474,58.0
TATCCGCCATGGTATA,TATCCGCCATGGTATA,edge_gfp_minus,edge,GFP-,6.634317487361534,3.174885868724236,3.4594316186372973,20,1,0.015810277,34.0
GTATCCCCAAATCGGT,GTATCCCCAAATCGGT,edge_gfp_minus,edge,GFP-,4.3016828246580605,2.1673580171120665,2.134324807545994,25,10,0.28269085,157.0
ACTAATGCAATCTCTG,ACTAATGCAATCTCTG,edge_gfp_minus,edge,GFP-,8.000964588522258,3.798145057407474,4.202819531114783,11,19,0.015625,68.0
AGTGCGCCAATCTCCA,AGTGCGCCAATCTCCA,edge_gfp_minus,edge,GFP-,7.907000273746586,3.9132696895151087,3.993730584231477,24,2,0.011612902,56.0
CGATTCCCACTTGCAC,CGATTCCCACTTGCAC,edge_gfp_minus,edge,GFP-,5.855134314233858,3.408694969562842,2.4464393446710155,1,22,0.045,30.0
CCATGTCCAGGCTATG,CCATGTCCAGGCTATG,edge_gfp_minus,edge,GFP-,1.584962500721156,1.584962500721156,-0.0,2,19,0.33333334,4.0
ACACTCCCATTAGATG,ACACTCCCATTAGATG,edge_gfp_minus,edge,GFP-,5.73515389235239,2.235926350629033,3.4992275417233567,36,24,0.05442177,28.0
TAACCAACAACCGCTT,TAACCAACAACCGCTT,edge_gfp_minus,edge,GFP-,2.9669663630541074,1.7520961306466123,1.214870232407495,17,11,0.540749,2576.0
TGCGATGCATGCAGGC,TGCGATGCATGCAGGC,edge_gfp_minus,edge,GFP-,6.696208661786795,2.873140679513133,3.823067982273661,23,10,0.020979023,35.0
ACGTCCTCACTAACGG,ACGTCCTCACTAACGG,edge_gfp_minus,edge,GFP-,4.4273334938982645,2.584962500721156,1.8423709931771084,7,25,0.071428575,13.0
GCTAGGCCACATGAGT,GCTAGGCCACATGAGT,edge_gfp_minus,edge,GFP-,3.5068905956085183,1.584962500721156,1.9219280948873625,27,7,0.13333334,8.0
CCCTAACCACATGACG,CCCTAACCACATGACG,edge_gfp_minus,edge,GFP-,7.133655888547565,3.499097447953525,3.63455844059404,24,9,0.07990315,171.0
TGTATAGCATCACTTG,TGTATAGCATCACTTG,edge_gfp_minus,edge,GFP-,2.5,1.0,1.5,17,28,0.25,6.0
ATGCCAGCAATAGACC,ATGCCAGCAATAGACC,edge_gfp_minus,edge,GFP-,6.833823249341344,3.4193819456463714,3.4144413036949723,1,20,0.04347826,41.0
AGGGAGTCACAAGGAA,AGGGAGTCACAAGGAA,edge_gfp_minus,edge,GFP-,6.778824107422526,3.319317092049867,3.459507015372659,14,23,0.092479676,89.0
AGTGTCGCATCCCAGT,AGTGTCGCATCCCAGT,edge_gfp_minus,edge,GFP-,5.470362527276746,2.02147845673911,3.448884070537636,1,22,0.10793652,88.0
ACCCGTTCACAGCAGC,ACCCGTTCACAGCAGC,edge_gfp_minus,edge,GFP-,5.1300143178209545,2.6985981103597485,2.431416207461206,31,21,0.19490254,52.0
GCCAAGCCATGGAACT,GCCAAGCCATGGAACT,edge_gfp_minus,edge,GFP-,5.072259255657505,2.7806390622295662,2.2916201934279385,14,8,0.19852942,33.0
CATCACCCAGCCATGA,CATCACCCAGCCATGA,edge_gfp_minus,edge,GFP-,4.857527919484307,2.2877837199410704,2.569744199543236,27,25,0.13513514,50.0
AAATGGGCAAGCCTCT,AAATGGGCAAGCCTCT,edge_gfp_minus,edge,GFP-,6.149518890249843,3.0358501008087684,3.113668789441075,21,34,0.09042553,99.0
CTGTGGACAATAGTGC,CTGTGGACAATAGTGC,edge_gfp_minus,edge,GFP-,7.169613675232416,3.775872743669673,3.3937409315627423,12,14,0.029914532,71.0
CTCACACCAACTACTT,CTCACACCAACTACTT,edge_gfp_minus,edge,GFP-,4.439936470397807,2.521640636343318,1.9182958340544891,32,9,0.095238104,13.0
GTGGTTGCATAAGTCA,GTGGTTGCATAAGTCA,edge_gfp_minus,edge,GFP-,6.16353302224733,3.740953260404839,2.422579761842492,27,24,0.06956522,38.0
CTTCGCGCAATGACGT,CTTCGCGCAATGACGT,edge_gfp_minus,edge,GFP-,2.623657340944757,1.9653059184883497,0.6583514224564075,26,28,0.39772728,46.0
ATACGCGCAATAGTCA,ATACGCGCAATAGTCA,edge_gfp_minus,edge,GFP-,7.169925001442312,1.584962500721156,5.584962500721156,17,1,0.0,3.0
GGATGGGCAAACCCAG,GGATGGGCAAACCCAG,edge_gfp_minus,edge,GFP-,4.972603738504471,2.4996981431844145,2.4729055953200563,21,5,0.10256411,28.0
GCCTCCACAATCTGGG,GCCTCCACAATCTGGG,edge_gfp_minus,edge,GFP-,5.343385727849807,2.73215889136457,2.611226836485237,12,29,0.07575758,47.0
ATAGTCACACCTACGT,ATAGTCACACCTACGT,edge_gfp_minus,edge,GFP-,5.754710179206276,2.4464393446710155,3.30827083453526,20,24,0.050000004,28.0
GCCTACTCAATTACCT,GCCTACTCAATTACCT,edge_gfp_minus,edge,GFP-,7.5934058717518145,3.846046642540805,3.7473592292110096,9,37,0.083877996,122.0
AGACTCGCATTCAGCC,AGACTCGCATTCAGCC,edge_gfp_minus,edge,GFP-,6.429700754590801,3.327819531114783,3.101881223476018,48,13,0.04411765,33.0
GCATCCTCACATTCAT,GCATCCTCACATTCAT,edge_gfp_minus,edge,GFP-,5.78162999686192,2.94770277922009,2.8339272176418304,11,5,0.07692308,35.0
GGCTCAACACCTTCAA,GGCTCAACACCTTCAA,edge_gfp_minus,edge,GFP-,6.631648667051415,3.238901256602631,3.3927474104487843,2,13,0.023668641,26.0
GTCATAACAAATGACC,GTCATAACAAATGACC,edge_gfp_minus,edge,GFP-,7.739255184658692,4.241729296672174,3.4975258879865176,2,8,0.01930147,66.0
GTATCCCCAACCTTGC,GTATCCCCAACCTTGC,edge_gfp_minus,edge,GFP-,5.377443751081733,2.459147917027245,2.918295834054489,22,7,0.041666668,24.0
ATGGACTCACCTATCA,ATGGACTCACCTATCA,edge_gfp_minus,edge,GFP-,5.659087754553932,3.057476076289931,2.601611678264,3,3,0.090387374,58.0
CAGTTCCCACATAGAC,CAGTTCCCACATAGAC,edge_gfp_minus,edge,GFP-,5.835055102756477,2.75,3.0850551027564768,24,3,0.03846154,21.0
TGAGCTGCATAGAGCT,TGAGCTGCATAGAGCT,edge_gfp_minus,edge,GFP-,4.084962500721156,1.584962500721156,2.5,20,3,0.083333336,11.0
AGTACCGCAGGTAGGG,AGTACCGCAGGTAGGG,edge_gfp_minus,edge,GFP-,5.4821532704614055,1.950212064914747,3.5319412055466586,12,2,0.12698413,41.0
GTCGCAACATTAGACA,GTCGCAACATTAGACA,edge_gfp_minus,edge,GFP-,6.344695226881347,3.016875695766564,3.327819531114783,29,2,0.041666668,34.0
ACAGTTACAATTAGCA,ACAGTTACAATTAGCA,edge_gfp_minus,edge,GFP-,2.4464393446710155,-0.0,2.4464393446710155,12,3,0.3,11.0
TCACTTGCAAGCTACG,TCACTTGCAAGCTACG,edge_gfp_minus,edge,GFP-,5.707964188454156,2.625280014761687,3.082684173692469,35,26,0.13945541,332.0
TCAAATGCATCCTTGA,TCAAATGCATCCTTGA,edge_gfp_minus,edge,GFP-,8.13280240627126,4.319293895764478,3.8135085105067823,35,37,0.029615456,304.0
ATTACAGCATTAGTAG,ATTACAGCATTAGTAG,edge_gfp_minus,edge,GFP-,5.485451714009569,2.297578316748962,3.1878733972606077,35,26,0.10445902,247.0
TGAGGTTCAGTTGCAG,TGAGGTTCAGTTGCAG,edge_gfp_minus,edge,GFP-,6.3067244836315375,3.3927474104487847,2.9139770731827523,9,4,0.02797203,24.0
TACCTTGCATTACGAA,TACCTTGCATTACGAA,edge_gfp_minus,edge,GFP-,4.733119606987509,3.0839880917145117,1.6491315152729975,26,22,0.3084058,121.0
CTTCGGTCATAATTCC,CTTCGGTCATAATTCC,edge_gfp_minus,edge,GFP-,6.576855292722717,2.9708400131019848,3.606015279620732,27,1,0.03508772,46.0
TCTATCGCATCATACT,TCTATCGCATCATACT,edge_gfp_minus,edge,GFP-,6.457939832780929,3.68354236243323,2.774397470347699,2,20,0.052083336,34.0
CAACCCTCATCGGTAG,CAACCCTCATCGGTAG,edge_gfp_minus,edge,GFP-,6.882320349670931,3.4273334938982645,3.454986855772667,3,2,0.029761905,45.0
ATGATTGCAGGAAGGT,ATGATTGCAGGAAGGT,edge_gfp_minus,edge,GFP-,2.9482389967273117,1.5632962760168732,1.384942720710438,26,17,0.39657208,274.0
CTCTTCTCAATCTCAT,CTCTTCTCAATCTCAT,edge_gfp_minus,edge,GFP-,5.590349188952869,2.48345859334435,3.106890595608519,26,24,0.10000001,31.0
CTACACCCAAATGGGA,CTACACCCAAATGGGA,edge_gfp_minus,edge,GFP-,5.774052959403443,2.548399558865169,3.225653400538273,17,15,0.30672994,541.0
TGCGGGTCAGGACTTG,TGCGGGTCAGGACTTG,edge_gfp_minus,edge,GFP-,8.05914364676704,3.569319832830684,4.489823813936356,20,2,0.020008003,100.0
CTGTGTCCATGGCAAT,CTGTGTCCATGGCAAT,edge_gfp_minus,edge,GFP-,6.08557486556429,3.2402239289418526,2.8453509366224368,35,12,0.07272728,26.0
TCATGTTCACCTTCGG,TCATGTTCACCTTCGG,edge_gfp_minus,edge,GFP-,4.5895722619867225,2.25,2.339572261986723,33,39,0.1,23.0
TGCCTCGCAAGTAGCT,TGCCTCGCAAGTAGCT,edge_gfp_minus,edge,GFP-,6.792405163253903,3.1511553627984243,3.641249800455479,33,4,0.047272727,72.0
ACAGTTACAAGTAGGA,ACAGTTACAAGTAGGA,edge_gfp_minus,edge,GFP-,6.183545183679963,2.804761690193788,3.378783493486176,22,4,0.061224494,49.0
AGCGAGGCAACATCCC,AGCGAGGCAACATCCC,edge_gfp_minus,edge,GFP-,5.167279031509799,2.321928094887362,2.8453509366224368,1,7,0.05454546,16.0
CTTCAATCAGGCAAGG,CTTCAATCAGGCAAGG,edge_gfp_minus,edge,GFP-,4.5515311122894015,1.5487949406953985,3.0027361715940035,25,38,0.20089285,36.0
GTCTTCACACTCGCCA,GTCTTCACACTCGCCA,edge_gfp_minus,edge,GFP-,4.807536358166297,2.849376220914543,1.9581601372517536,28,23,0.21620144,179.0
ACACAGTCATCCTGTA,ACACAGTCATCCTGTA,edge_gfp_minus,edge,GFP-,6.427754480535844,3.0155146448719146,3.4122398356639296,27,26,0.0945253,176.0
CGACAATCAATAGTGC,CGACAATCAATAGTGC,edge_gfp_minus,edge,GFP-,2.440223928941852,1.521928094887362,0.9182958340544896,15,26,0.26666668,8.0
GCTATCCCAGCACGTA,GCTATCCCAGCACGTA,edge_gfp_minus,edge,GFP-,6.570324184269078,2.897878591058614,3.672445593210464,35,29,0.16023608,370.0
GCGGAGACACCTCAAC,GCGGAGACACCTCAAC,edge_gfp_minus,edge,GFP-,3.370513716688431,1.8137896944690808,1.5567240222193504,19,11,0.47509462,1542.0
GTTCGTCCACAAGCCA,GTTCGTCCACAAGCCA,edge_gfp_minus,edge,GFP-,6.917092198749246,3.614369445886756,3.3027227528624894,17,10,0.0308642,36.0
GCCGAGTCAGCAGGTC,GCCGAGTCAGCAGGTC,edge_gfp_minus,edge,GFP-,2.584962500721156,-0.0,2.584962500721156,35,3,0.16666667,10.0
AAGCCATCACCATCTA,AAGCCATCACCATCTA,edge_gfp_minus,edge,GFP-,6.36754098189043,3.175123135113461,3.1924178467769693,1,1,0.040106956,39.0
CCTGGTTCAAATGCAC,CCTGGTTCAAATGCAC,edge_gfp_minus,edge,GFP-,6.1397545090761625,3.112585390635543,3.027169118440619,15,17,0.0944056,37.0
CGCCTCACACATATAG,CGCCTCACACATATAG,edge_gfp_minus,edge,GFP-,1.0,-0.0,1.0,20,31,0.5,3.0
CCATCCGCAAGTATCA,CCATCCGCAAGTATCA,edge_gfp_minus,edge,GFP-,5.96276286297147,2.738057757530473,3.2247051054409965,29,36,0.11316872,90.0
ATACAGCCAGGCAAGG,ATACAGCCAGGCAAGG,edge_gfp_minus,edge,GFP-,4.638754325898125,2.387125158510303,2.2516291673878226,36,36,0.14666668,31.0
CTCTGACCAATGAGTC,CTCTGACCAATGAGTC,edge_gfp_minus,edge,GFP-,3.816232755328732,1.584962500721156,2.231270254607576,9,1,0.09090909,14.0
AGCGCACCAAATCGTA,AGCGCACCAAATCGTA,edge_gfp_minus,edge,GFP-,4.477567157116928,2.1556390622295662,2.321928094887362,19,12,0.075,13.0
TGGGTTGCAAATGCTA,TGGGTTGCAAATGCTA,edge_gfp_minus,edge,GFP-,4.6061087802522165,1.5566567074628228,3.0494520727893937,48,30,0.11688312,29.0
CATGCCTCATTCATAC,CATGCCTCATTCATAC,edge_gfp_minus,edge,GFP-,5.545199660852813,2.321928094887362,3.22327156596545,11,21,0.053846158,31.0
GTCTCCGCAGGTTGGC,GTCTCCGCAGGTTGGC,edge_gfp_minus,edge,GFP-,2.950212064914747,1.0,1.950212064914747,2,37,0.2857143,16.0
CCAATCCCATGAGCTG,CCAATCCCATGAGCTG,edge_gfp_minus,edge,GFP-,5.333569683507981,2.7219280948873625,2.611641588620618,11,23,0.08695652,33.0
ACGGACCCAGGTTGGC,ACGGACCCAGGTTGGC,edge_gfp_minus,edge,GFP-,9.27578486797601,4.9639889366946495,4.311795931281362,2,22,0.011479041,386.0
CGATCCTCAAGTTCAA,CGATCCTCAAGTTCAA,edge_gfp_minus,edge,GFP-,7.016896985385008,3.001585453159906,4.015311532225103,24,14,0.04117647,91.0
TGTGCCTCACTTACTG,TGTGCCTCACTTACTG,edge_gfp_minus,edge,GFP-,6.02727117778773,2.913484857293364,3.1137863204943668,29,25,0.10507462,117.0
CCCTACGCATGCTGCT,CCCTACGCATGCTGCT,edge_gfp_minus,edge,GFP-,7.658759452013546,3.567624028793234,4.091135423220312,35,30,0.028430836,90.0
TCCTTCTCAATCGCTC,TCCTTCTCAATCGCTC,edge_gfp_minus,edge,GFP-,4.298068512058839,2.2516291673878226,2.046439344671016,2,23,0.13333334,16.0
CCCATCGCATTCAGCC,CCCATCGCATTCAGCC,edge_gfp_minus,edge,GFP-,7.381914590941994,3.4322158557681446,3.9496987351738495,34,34,0.056515954,79.0
AATGTTGCAAGCTAGT,AATGTTGCAAGCTAGT,edge_gfp_minus,edge,GFP-,6.809149008303117,3.006238928653389,3.802910079649728,24,4,0.033333335,45.0
AATCGGTCATGCAGAT,AATCGGTCATGCAGAT,edge_gfp_minus,edge,GFP-,6.277004358589478,3.29277019393699,2.9842341646524884,1,20,0.04152249,34.0
GGTATCGCAAGTTCCC,GGTATCGCAAGTTCCC,edge_gfp_minus,edge,GFP-,4.886444604441549,2.1609640474436813,2.725480556997868,40,24,0.11111111,19.0
CAGGGCTCACCATAGG,CAGGGCTCACCATAGG,edge_gfp_minus,edge,GFP-,5.972664865160574,2.1832062193464954,3.7894586458140784,36,31,0.085714296,75.0
GTAGACTCATCCATCA,GTAGACTCATCCATCA,edge_gfp_minus,edge,GFP-,6.7763495185521965,3.1492553971685,3.627094121383697,33,32,0.070707075,63.0
TGATTAGCATCCGTTA,TGATTAGCATCCGTTA,edge_gfp_minus,edge,GFP-,5.707542481098163,2.668980145022533,3.03856233607563,23,4,0.11695907,37.0
CTGCCATCAACTCGTC,CTGCCATCAACTCGTC,edge_gfp_minus,edge,GFP-,6.368494553545216,3.0220552088742005,3.3464393446710154,7,4,0.05,32.0
TGACCCTCAAGGTCGC,TGACCCTCAAGGTCGC,edge_gfp_minus,edge,GFP-,7.8873920731085105,3.8463201235697015,4.041071949538809,35,25,0.048194613,281.0
AGGCTCACAAAGGTTC,AGGCTCACAAAGGTTC,edge_gfp_minus,edge,GFP-,4.815813497542196,2.5577174691301483,2.258096028412048,29,24,0.2543478,43.0
CAATCTTCAACATGCG,CAATCTTCAACATGCG,edge_gfp_minus,edge,GFP-,6.082213766315647,3.4193819456463714,2.662831820669276,33,24,0.06439394,62.0
TCCAACCCAGCACGAC,TCCAACCCAGCACGAC,edge_gfp_minus,edge,GFP-,5.875418316454656,2.697852084358131,3.177566232096525,25,23,0.08230453,102.0
AAGCCATCATCCTGAC,AAGCCATCATCCTGAC,edge_gfp_minus,edge,GFP-,5.331405692770001,2.765957320949175,2.5654483718208256,31,24,0.0923077,33.0
ACTCTCACAAATTCCT,ACTCTCACAAATTCCT,edge_gfp_minus,edge,GFP-,6.812464169803157,3.627537097407121,3.184927072396036,12,13,0.09297521,88.0
AGGGAGTCAAGCATTA,AGGGAGTCAAGCATTA,edge_gfp_minus,edge,GFP-,6.47781862117588,3.729446194905256,2.748372426270624,11,34,0.042075735,54.0
CGACTAGCATGGAATC,CGACTAGCATGGAATC,edge_gfp_minus,edge,GFP-,6.129087958784941,2.556656707462823,3.572431251322119,35,5,0.071428575,32.0
TGGCTCTCACTAGGCA,TGGCTCTCACTAGGCA,edge_gfp_minus,edge,GFP-,4.0612781244591325,1.9056390622295665,2.1556390622295662,14,10,0.140625,16.0
CTTACGCCACTAGGGC,CTTACGCCACTAGGGC,edge_gfp_minus,edge,GFP-,0.8112781244591328,0.8112781244591328,-0.0,2,19,0.75,5.0
GCTAAACCATTAACTC,GCTAAACCATTAACTC,edge_gfp_minus,edge,GFP-,4.9497093498648095,2.611297722061577,2.3384116278032328,14,14,0.13868342,104.0
ATCACTTCAGGATCAT,ATCACTTCAGGATCAT,edge_gfp_minus,edge,GFP-,7.124162076489865,3.5296964395284136,3.594465636961452,35,30,0.027210886,49.0
ACACCCTCAATGAGCT,ACACCCTCAATGAGCT,edge_gfp_minus,edge,GFP-,6.992935718929199,3.378783493486176,3.614152225443023,27,31,0.037414968,56.0
TCCAACCCAGCCTATC,TCCAACCCAGCCTATC,edge_gfp_minus,edge,GFP-,4.985579119398036,2.0753842014010724,2.910194917996963,29,21,0.17940518,112.0
CTCTAATCATCAAGCG,CTCTAATCATCAAGCG,edge_gfp_minus,edge,GFP-,4.2606668272315975,1.8423709931771084,2.418295834054489,1,29,0.14285715,19.0
CCTCCAGCAGGCAACC,CCTCCAGCAGGCAACC,edge_gfp_minus,edge,GFP-,6.899215721579102,3.2195282822995472,3.6796874392795536,44,1,0.0227704,48.0
ATCACAACAAGCGGTC,ATCACAACAAGCGGTC,edge_gfp_minus,edge,GFP-,7.805090914003358,4.0336538845422325,3.771437029461126,14,13,0.017608218,76.0
AAACTTGCACAATGGT,AAACTTGCACAATGGT,edge_gfp_minus,edge,GFP-,4.751629167387823,2.751629167387823,2.0,33,9,0.16666667,20.0
GTGGTTGCATCGGGAC,GTGGTTGCATCGGGAC,edge_gfp_minus,edge,GFP-,7.023383179437298,3.411751853774935,3.6116313256623616,24,18,0.04804805,64.0
CACTCCGCAGGGCAAG,CACTCCGCAGGGCAAG,edge_gfp_minus,edge,GFP-,5.884730320577392,2.8877156802897628,2.997014640287629,32,26,0.13675214,72.0
GTTGCCTCAATTGCTT,GTTGCCTCAATTGCTT,edge_gfp_minus,edge,GFP-,5.501635071139738,3.180832987205441,2.3208020839342964,2,8,0.115384616,31.0
GCATTAACAAACTTAG,GCATTAACAAACTTAG,edge_gfp_minus,edge,GFP-,5.6649720026335615,2.128085278891394,3.5368867237421675,24,6,0.06766917,26.0
GGGACCTCAGGTAGGG,GGGACCTCAGGTAGGG,edge_gfp_minus,edge,GFP-,7.315703484426374,3.531519764647184,3.7841837197791897,14,31,0.035,50.0
TAATCAGCAGGAACGG,TAATCAGCAGGAACGG,edge_gfp_minus,edge,GFP-,4.9226402804220175,2.725480556997868,2.197159723424149,2,10,0.074074075,18.0
ACTTCATCACCTTCAA,ACTTCATCACCTTCAA,edge_gfp_minus,edge,GFP-,3.5,1.5,2.0,1,3,0.125,8.0
CAGGCACCACTAGGTG,CAGGCACCACTAGGTG,edge_gfp_minus,edge,GFP-,5.1805009792292775,2.9219280948873623,2.2585728843419157,2,14,0.10476191,31.0
TCACAGGCACATTACT,TCACAGGCACATTACT,edge_gfp_minus,edge,GFP-,5.271640636343318,2.75,2.521640636343318,11,6,0.071428575,15.0
CAAGTTACAAGCTATA,CAAGTTACAAGCTATA,edge_gfp_minus,edge,GFP-,6.182154291127166,2.481714572986073,3.7004397181410926,2,2,0.020979023,24.0
TGTCGTCCATGAATTG,TGTCGTCCATGAATTG,edge_gfp_minus,edge,GFP-,5.07714532272295,2.091917186688699,2.985228136034252,10,32,0.12053572,30.0
CCACAGACACAATCCC,CCACAGACACAATCCC,edge_gfp_minus,edge,GFP-,6.346015320052615,2.5739348962840563,3.7720804237685592,26,14,0.10256411,63.0
CCTGCATCAAGCATTA,CCTGCATCAAGCATTA,edge_gfp_minus,edge,GFP-,0.8112781244591328,0.8112781244591328,-0.0,33,28,0.75,5.0
GCTGATGCATGAAGGA,GCTGATGCATGAAGGA,edge_gfp_minus,edge,GFP-,5.147008735635472,2.2916201934279385,2.8553885422075336,17,33,0.13235295,29.0
GGGGATGCACCATGAG,GGGGATGCACCATGAG,edge_gfp_minus,edge,GFP-,4.247455401096514,1.5487949406953985,2.6986604604011157,14,16,0.18382354,25.0
CACTACCCACAACGGC,CACTACCCACAACGGC,edge_gfp_minus,edge,GFP-,-0.0,-0.0,-0.0,16,38,1.0,3.0
CAGCTCTCAAGCTATA,CAGCTCTCAAGCTATA,edge_gfp_minus,edge,GFP-,8.879503267839471,4.440055761759234,4.439447506080237,42,37,0.012273524,761.0
TCCTGACCAATCGAAC,TCCTGACCAATCGAAC,edge_gfp_minus,edge,GFP-,7.76917047713828,3.7267374734123857,4.042433003725894,10,23,0.0227704,65.0
TACAAGCCAAGTTAGC,TACAAGCCAAGTTAGC,edge_gfp_minus,edge,GFP-,7.475677520417815,3.4548223999466057,4.020855120471209,45,7,0.020761246,51.0
CTAGAACCATTAGCGG,CTAGAACCATTAGCGG,edge_gfp_minus,edge,GFP-,4.874933587896545,2.719294525666979,2.1556390622295662,8,25,0.086538464,21.0
TACTCCACACCATTCA,TACTCCACACCATTCA,edge_gfp_minus,edge,GFP-,8.560370277231202,4.458365699546608,4.102004577684594,40,34,0.022727272,337.0
CTTCGGTCATCCTGTA,CTTCGGTCATCCTGTA,edge_gfp_minus,edge,GFP-,7.694700854121192,3.632731840557669,4.061969013563522,1,3,0.016632017,102.0
ACATCTTCACTAGCCT,ACATCTTCACTAGCCT,edge_gfp_minus,edge,GFP-,5.661188306402274,2.221251836004466,3.439936470397808,27,13,0.07936508,33.0
GTGTTCCCAATTGGTA,GTGTTCCCAATTGGTA,edge_gfp_minus,edge,GFP-,-0.0,-0.0,-0.0,41,24,1.0,2.0
ATCTCGCCAAGTATCA,ATCTCGCCAAGTATCA,edge_gfp_minus,edge,GFP-,3.640518056276712,1.5,2.1405180562767114,25,38,0.25,22.0
AAGTGGACACCTAATT,AAGTGGACACCTAATT,edge_gfp_minus,edge,GFP-,5.224820578462351,2.369432036254818,2.8553885422075336,34,2,0.13,37.0
CAATTTCCAATCTGGG,CAATTTCCAATCTGGG,edge_gfp_minus,edge,GFP-,3.307960290682649,1.1848534602286265,2.123106830454023,24,20,0.4784566,1967.0
TCATCGCCATCCTGTA,TCATCGCCATCCTGTA,edge_gfp_minus,edge,GFP-,6.910900592138107,3.174893645690451,3.736006946447656,39,27,0.03809524,62.0
GCACGGTCAGGATCGC,GCACGGTCAGGATCGC,edge_gfp_minus,edge,GFP-,4.341310040533734,1.9219280948873625,2.4193819456463714,11,7,0.13333334,14.0
AAGTTTGCAATTAGGC,AAGTTTGCAATTAGGC,edge_gfp_minus,edge,GFP-,3.0157895841746822,1.5,1.5157895841746822,15,13,0.33333334,22.0
AACCAACCAATCAGAC,AACCAACCAATCAGAC,edge_gfp_minus,edge,GFP-,4.41829583405449,1.5,2.9182958340544896,27,23,0.16666667,16.0
CACCCATCACATGACG,CACCCATCACATGACG,edge_gfp_minus,edge,GFP-,5.128279684749816,2.4602353202385823,2.6680443645112337,33,21,0.15368268,306.0
TGATCCCCATTACAGA,TGATCCCCATTACAGA,edge_gfp_minus,edge,GFP-,6.151358823368168,2.86242323387728,3.288935589490888,13,14,0.13899231,130.0
CCGTCCACAAATCATG,CCGTCCACAAATCATG,edge_gfp_minus,edge,GFP-,9.41778276330079,4.926562531545851,4.491220231754939,25,20,0.014832082,1257.0
CGTAGGCCACTAACTT,CGTAGGCCACTAACTT,edge_gfp_minus,edge,GFP-,11.169925001442312,5.584962500721156,5.584962500721156,1,1,0.0,0.0
GCACTGACATAACGTA,GCACTGACATAACGTA,edge_gfp_minus,edge,GFP-,4.672639918241599,1.7031625778267094,2.96947734041489,14,14,0.26078433,152.0
GGCGAGACAATACTCT,GGCGAGACAATACTCT,edge_gfp_minus,edge,GFP-,4.916126946588284,1.6644977792004614,3.2516291673878226,12,32,0.095238104,19.0
ACCCAGACAACCCTGT,ACCCAGACAACCCTGT,edge_gfp_minus,edge,GFP-,3.113283334294875,1.0,2.113283334294875,30,13,0.16666667,11.0
GGATGGGCAAACTGCG,GGATGGGCAAACTGCG,edge_gfp_minus,edge,GFP-,7.1593268918990205,3.3073738176526444,3.851953074246376,38,8,0.060606062,86.0
ATGGGTTCATCAAGGT,ATGGGTTCATCAAGGT,edge_gfp_minus,edge,GFP-,8.86955390943686,4.601546002922415,4.268007906514446,37,37,0.01155177,476.0
AATATCGCAATTGGCG,AATATCGCAATTGGCG,edge_gfp_minus,edge,GFP-,2.908354823618205,0.9864267287308424,1.9219280948873625,14,8,0.31111112,14.0
ATAGCACCATTACATC,ATAGCACCATTACATC,edge_gfp_minus,edge,GFP-,3.627045797719143,1.4066890777604089,2.220356719958734,29,25,0.3100304,96.0
CCTTTAGCAATAGCCG,CCTTTAGCAATAGCCG,edge_gfp_minus,edge,GFP-,5.636424654760956,2.6887218755408666,2.94770277922009,39,37,0.055555556,21.0
GCCACTTCACTATACT,GCCACTTCACTATACT,edge_gfp_minus,edge,GFP-,6.329523132767203,3.2806390622295662,3.0488840705376363,1,17,0.044999998,41.0
ACCCGAACACTCAGGA,ACCCGAACACTCAGGA,edge_gfp_minus,edge,GFP-,9.163885034086295,4.644224265607356,4.519660768478941,16,37,0.015155258,313.0
ACTATCTCACTTGGAG,ACTATCTCACTTGGAG,edge_gfp_minus,edge,GFP-,6.757812109311072,3.1307179879273743,3.627094121383697,24,26,0.07486632,67.0
TGAAAGGCACATGAGT,TGAAAGGCACATGAGT,edge_gfp_minus,edge,GFP-,9.144001383523603,4.563882041606437,4.580119341917168,40,28,0.015692947,1340.0
CCGGAACCAATCGACG,CCGGAACCAATCGACG,edge_gfp_minus,edge,GFP-,8.652630322741091,4.110637953323114,4.541992369417977,5,22,0.024967989,137.0
CACCCTGCAAGTCGTG,CACCCTGCAAGTCGTG,edge_gfp_minus,edge,GFP-,8.094768332818788,4.073913212347579,4.02085512047121,46,5,0.014347203,75.0
TAGGCTGCAGGTTGCA,TAGGCTGCAGGTTGCA,edge_gfp_minus,edge,GFP-,5.601387760406585,2.4193819456463714,3.1820058147602133,1,17,0.071428575,23.0
ACTTCATCAGGACAGG,ACTTCATCAGGACAGG,edge_gfp_minus,edge,GFP-,5.814833271100296,2.546047420760411,3.268785850339885,24,14,0.10770589,1001.0
GTATGGTCATCCAGAG,GTATGGTCATCCAGAG,edge_gfp_minus,edge,GFP-,5.596847677111897,2.2736162483142754,3.323231428797621,8,15,0.11428572,50.0
TAACTAGCAAACCAAC,TAACTAGCAAACCAAC,edge_gfp_minus,edge,GFP-,6.584962500721156,1.0,5.584962500721156,10,1,0.0,4.0
CTGGATGCATGATTGA,CTGGATGCATGATTGA,edge_gfp_minus,edge,GFP-,2.297079327540665,1.3787834934861751,0.9182958340544896,12,19,0.38095242,10.0
CATCCACCATCGACCT,CATCCACCATCGACCT,edge_gfp_minus,edge,GFP-,2.357448599170029,0.9219280948873624,1.4355205042826666,14,17,0.44444448,19.0
GCGGGTTCATGCTGAG,GCGGGTTCATGCTGAG,edge_gfp_minus,edge,GFP-,6.935733496721994,3.1275909417461163,3.8081425549758783,32,26,0.05049811,112.0
GTACTAACATGGCCTT,GTACTAACATGGCCTT,edge_gfp_minus,edge,GFP-,7.748151207935542,3.632811395078723,4.115339812856819,39,3,0.051635113,139.0
TATAGGCCAGTAATTG,TATAGGCCAGTAATTG,edge_gfp_minus,edge,GFP-,5.146439344671015,2.5,2.6464393446710157,26,13,0.075,18.0
CTTCGCGCACTTCAGC,CTTCGCGCACTTCAGC,edge_gfp_minus,edge,GFP-,2.6644977792004614,1.0,1.6644977792004614,14,16,0.2857143,9.0
TCGGGGTCACCTTCAA,TCGGGGTCACCTTCAA,edge_gfp_minus,edge,GFP-,5.195068774400495,2.321928094887362,2.873140679513133,10,28,0.046153847,18.0
TGTCCACCAATATCTC,TGTCCACCAATATCTC,edge_gfp_minus,edge,GFP-,5.308510626430057,2.698660460401115,2.6098501660289424,22,13,0.0865052,34.0
CATCGTCCACTACCAC,CATCGTCCACTACCAC,edge_gfp_minus,edge,GFP-,3.5068905956085183,1.584962500721156,1.9219280948873625,30,7,0.13333334,8.0
GTAATCACATAAGGAG,GTAATCACATAAGGAG,edge_gfp_minus,edge,GFP-,6.1201516951160295,2.751629167387823,3.3685225277282065,27,21,0.060606062,34.0
GTACCCTCAAGCATCG,GTACCCTCAAGCATCG,edge_gfp_minus,edge,GFP-,2.9219280948873623,1.9219280948873625,1.0,19,14,0.2,7.0
CTACTTGCAGGTTCGA,CTACTTGCAGGTTCGA,edge_gfp_minus,edge,GFP-,5.421928094887363,2.9219280948873627,2.5,12,10,0.05,18.0
CCACATCCATCCGGTT,CCACATCCATCCGGTT,edge_gfp_minus,edge,GFP-,1.0,-0.0,1.0,26,9,0.5,3.0
TCCCGATCAGCTATGG,TCCCGATCAGCTATGG,edge_gfp_minus,edge,GFP-,5.704872523995222,2.953243356607399,2.751629167387823,24,4,0.097222224,36.0
GGTGAGGCATTACACT,GGTGAGGCATTACACT,edge_gfp_minus,edge,GFP-,3.958537648204692,1.9721840402440305,1.986353607960662,17,17,0.4709091,115.0
AAACGTCCATGGTCCT,AAACGTCCATGGTCCT,edge_gfp_minus,edge,GFP-,5.447408651885231,2.725480556997868,2.7219280948873625,14,7,0.044444446,19.0
CCTGAGACACTTACTG,CCTGAGACACTTACTG,edge_gfp_minus,edge,GFP-,8.516123067451728,4.229654131650944,4.286468935800785,37,38,0.02267393,310.0
CTTCAGCCAATGGAAG,CTTCAGCCAATGGAAG,edge_gfp_minus,edge,GFP-,5.043281272686636,2.521640636343318,2.521640636343318,22,21,0.08163266,14.0
GCGTAATCAGGTATCG,GCGTAATCAGGTATCG,edge_gfp_minus,edge,GFP-,8.787611960406446,4.486307100631626,4.30130485977482,40,37,0.02260333,2190.0
TATGGCGCACAACCTC,TATGGCGCACAACCTC,edge_gfp_minus,edge,GFP-,2.840223928941852,0.9182958340544896,1.9219280948873625,24,38,0.26666668,8.0
GGCCAACCATTAGGCG,GGCCAACCATTAGGCG,edge_gfp_minus,edge,GFP-,5.471292471539035,2.5041514963786065,2.9671409751604294,39,26,0.083333336,57.0
CCCGATTCATCGGTGA,CCCGATTCATCGGTGA,edge_gfp_minus,edge,GFP-,3.749045213068523,2.0851383997441224,1.6639068133244006,27,23,0.40154442,181.0
GGGTTTGCAACTTAGA,GGGTTTGCAACTTAGA,edge_gfp_minus,edge,GFP-,6.343269689515108,2.75,3.5932696895151084,35,2,0.04,33.0
TAGCACGCATAAGCTA,TAGCACGCATAAGCTA,edge_gfp_minus,edge,GFP-,0.4689955935892812,0.4689955935892812,-0.0,24,28,0.9,11.0
AACAGCTCACAGCGGT,AACAGCTCACAGCGGT,edge_gfp_minus,edge,GFP-,5.408910368261246,2.0717350271381694,3.3371753411230767,20,13,0.09625669,39.0
ACCGCAACACAACCCT,ACCGCAACACAACCCT,edge_gfp_minus,edge,GFP-,6.86543122893927,3.30196648144045,3.56346474749882,38,12,0.040983606,109.0
TCGTTTGCACCTTCGG,TCGTTTGCACCTTCGG,edge_gfp_minus,edge,GFP-,5.385946059588841,2.661226256269789,2.724719803319052,1,5,0.06593407,34.0
ACACGATCAAATCGCG,ACACGATCAAATCGCG,edge_gfp_minus,edge,GFP-,9.165686478389643,4.59060524028718,4.575081238102466,37,37,0.016142897,1121.0
GCCGAACCAATACCTT,GCCGAACCAATACCTT,edge_gfp_minus,edge,GFP-,3.9488156357251847,1.448815635725185,2.5,1,10,0.10714286,15.0
ACATCTTCACCAGCTT,ACATCTTCACCAGCTT,edge_gfp_minus,edge,GFP-,3.7821222241453056,1.584962500721156,2.1971597234241496,17,16,0.11111112,12.0
CTCGACTCATCGACTC,CTCGACTCATCGACTC,edge_gfp_minus,edge,GFP-,6.197086770253183,2.751629167387823,3.44545760286536,2,7,0.07526882,43.0
CTATTCGCATGACTCC,CTATTCGCATGACTCC,edge_gfp_minus,edge,GFP-,6.502987155716411,3.0930692077718898,3.409917947944521,3,3,0.035714287,54.0
ACCTGGACATCCACTA,ACCTGGACATCCACTA,edge_gfp_minus,edge,GFP-,2.2516291673878226,-0.0,2.2516291673878226,10,12,0.33333334,7.0
CCTCAACCACCTATAT,CCTCAACCACCTATAT,edge_gfp_minus,edge,GFP-,5.2471211933411865,2.521640636343318,2.725480556997868,18,10,0.06349207,16.0
GTCATCCCAATAGTGC,GTCATCCCAATAGTGC,edge_gfp_minus,edge,GFP-,3.3709505944546687,2.0,1.3709505944546687,22,30,0.15,9.0
TACATTCCAAGCGCGT,TACATTCCAAGCGCGT,edge_gfp_minus,edge,GFP-,1.0,-0.0,1.0,37,17,0.5,3.0
TGCAAACCAAGGTGCC,TGCAAACCAAGGTGCC,edge_gfp_minus,edge,GFP-,5.848035781061262,2.939829017466402,2.90820676359486,31,26,0.1719457,56.0
ACAGTCGCATGGTATA,ACAGTCGCATGGTATA,edge_gfp_minus,edge,GFP-,4.6787317061157,2.113283334294875,2.5654483718208256,20,23,0.10256411,22.0
AACCCAGCAGCTACCT,AACCCAGCAGCTACCT,edge_gfp_minus,edge,GFP-,3.080883790574544,1.1540157730728,1.926868017501744,18,20,0.42857146,41.0
GGTTCAGCAGCCATTC,GGTTCAGCAGCCATTC,edge_gfp_minus,edge,GFP-,4.243075154195305,2.058813890331201,2.1842612638641032,1,17,0.22222222,31.0
GCCATAGCAATGGAGA,GCCATAGCAATGGAGA,edge_gfp_minus,edge,GFP-,4.081074037716732,1.9838824188369653,2.097191618879767,30,27,0.25735295,116.0
TAGCAGTCACTTAGGG,TAGCAGTCACTTAGGG,edge_gfp_minus,edge,GFP-,6.091446071165522,2.75,3.341446071165522,35,30,0.0625,28.0
TGAGCTGCAGGCAATT,TGAGCTGCAGGCAATT,edge_gfp_minus,edge,GFP-,5.167904464779894,2.6401657080108425,2.5277387567690512,27,27,0.07879925,121.0
ATCAGGTCATTCGGTC,ATCAGGTCATTCGGTC,edge_gfp_minus,edge,GFP-,4.973733865896683,2.8855130303998817,2.0882208354968017,14,25,0.16460906,45.0
ACAGGTTCATTGCCCG,ACAGGTTCATTGCCCG,edge_gfp_minus,edge,GFP-,6.143449522853096,3.5780011510322702,2.5654483718208256,24,7,0.06366048,42.0
TGCCATCCATTGCACC,TGCCATCCATTGCACC,edge_gfp_minus,edge,GFP-,5.439628046686381,2.235926350629033,3.2037016960573483,13,27,0.071428575,27.0
TGTCATTCACATGAAC,TGTCATTCACATGAAC,edge_gfp_minus,edge,GFP-,5.527359144895071,2.6635327548042547,2.863826390090816,36,13,0.09090909,29.0
AGCATCGCAATTAGGC,AGCATCGCAATTAGGC,edge_gfp_minus,edge,GFP-,8.975286640877036,4.485728520037414,4.489558120839622,37,29,0.018405436,1122.0
TGTATGACAAGGTATC,TGTATGACAAGGTATC,edge_gfp_minus,edge,GFP-,2.0,1.0,1.0,17,14,0.25,4.0
CGTCGTTCAGTTAAGC,CGTCGTTCAGTTAAGC,edge_gfp_minus,edge,GFP-,3.691427357468812,1.4182958340544896,2.273131523414322,22,25,0.2777778,36.0
CATCAGGCAATACATG,CATCAGGCAATACATG,edge_gfp_minus,edge,GFP-,7.918408028465267,3.7148697866030833,4.203538241862184,24,7,0.016835017,78.0
TGCTGTCCAGCTACCT,TGCTGTCCAGCTACCT,edge_gfp_minus,edge,GFP-,5.825355991960965,3.1655545703625214,2.659801421598444,37,20,0.2412245,1253.0
TGTAGCGCAAGGTCCA,TGTAGCGCAAGGTCCA,edge_gfp_minus,edge,GFP-,6.928851930956746,3.363116204055227,3.5657357269015195,35,29,0.064699076,264.0
CATAAGCCATGAGTTA,CATAAGCCATGAGTTA,edge_gfp_minus,edge,GFP-,8.386908014360152,4.119094222884142,4.2678137914760095,37,30,0.0332345,1264.0
TACGCCTCAATTAACG,TACGCCTCAATTAACG,edge_gfp_minus,edge,GFP-,5.186800697208877,2.4613201402110088,2.725480556997868,38,7,0.09876543,27.0
ACCACAGCAAAGGAGC,ACCACAGCAAAGGAGC,edge_gfp_minus,edge,GFP-,4.908213613690528,1.71205883275766,3.196154780932868,26,26,0.15306123,49.0
AGTTAGCCAGCTAGTG,AGTTAGCCAGCTAGTG,edge_gfp_minus,edge,GFP-,5.635395812302865,3.0850551027564768,2.550340709546388,19,34,0.05594406,24.0
TATCGTTCAATCTCAT,TATCGTTCAATCTCAT,edge_gfp_minus,edge,GFP-,5.073557262275186,2.321928094887362,2.7516291673878226,27,11,0.13333334,22.0
AATCGCGCAAACCAGT,AATCGCGCAAACCAGT,edge_gfp_minus,edge,GFP-,4.643856189774724,2.321928094887362,2.321928094887362,5,2,0.040000003,10.0
ATTGCCCCAAACTGTA,ATTGCCCCAAACTGTA,edge_gfp_minus,edge,GFP-,5.13720027987682,2.8497454448680037,2.287454835008816,20,19,0.12643678,59.0
TACACAACAACGGGTC,TACACAACAACGGGTC,edge_gfp_minus,edge,GFP-,5.508831945949089,3.272905595320056,2.235926350629033,26,7,0.05714286,22.0
CTAATCTCAGTTGGAT,CTAATCTCAGTTGGAT,edge_gfp_minus,edge,GFP-,4.927279698572884,2.4056390622295662,2.521640636343318,31,41,0.107142866,15.0
ATTACCTCATGAGCGC,ATTACCTCATGAGCGC,edge_gfp_minus,edge,GFP-,4.3756163213708135,1.853688226483452,2.5219280948873624,25,13,0.23529413,27.0
TAACGGTCAACCCTTA,TAACGGTCAACCCTTA,edge_gfp_minus,edge,GFP-,5.553319511741288,3.419381945646371,2.133937566094917,5,37,0.06410257,31.0
CGACCAACAGGAAGTA,CGACCAACAGGAAGTA,edge_gfp_minus,edge,GFP-,0.9182958340544896,0.9182958340544896,-0.0,11,8,0.6666667,4.0
CAAATCACATCGCGTT,CAAATCACATCGCGTT,edge_gfp_minus,edge,GFP-,7.352664629319595,3.7767913074919273,3.575873321827668,24,22,0.11135771,368.0
ATGCTAACACATGCCT,ATGCTAACACATGCCT,edge_gfp_minus,edge,GFP-,4.75,2.0,2.75,2,30,0.0625,12.0
ATTGCCCCAATTGCTT,ATTGCCCCAATTGCTT,edge_gfp_minus,edge,GFP-,3.54332113966101,1.3249570100672092,2.218364129593801,29,28,0.28611502,54.0
AGTCAGTCATTGCGTC,AGTCAGTCATTGCGTC,edge_gfp_minus,edge,GFP-,7.116550117038532,3.0184323048896826,4.098117812148849,26,33,0.056306303,85.0
ACTTCGCCATTGCCGT,ACTTCGCCATTGCCGT,edge_gfp_minus,edge,GFP-,6.047285824424497,2.5032583347756456,3.5440274896488515,9,27,0.03809524,44.0
CACCCTGCAAGCTTAA,CACCCTGCAAGCTTAA,edge_gfp_minus,edge,GFP-,2.858651313139661,1.5062196872259992,1.352431625913662,26,17,0.40677023,1102.0
ACAGACTCAATGGAAG,ACAGACTCAATGGAAG,edge_gfp_minus,edge,GFP-,7.293338927656434,3.8348139084222823,3.4585250192341506,2,11,0.050505053,54.0
GCATAACCATTCGTCA,GCATAACCATTCGTCA,edge_gfp_minus,edge,GFP-,5.7545183800438044,2.7144471528206298,3.0400712272231747,20,3,0.07453416,51.0
CGCCATTCAACTCGTC,CGCCATTCAACTCGTC,edge_gfp_minus,edge,GFP-,5.854045906185279,2.8453509366224368,3.0086949695628418,26,33,0.05454546,31.0
AGGCTCACAAACTGTA,AGGCTCACAAACTGTA,edge_gfp_minus,edge,GFP-,1.54752469489098,0.4954618519968338,1.0520628428941463,14,13,0.74848104,258.0
GGATGTTCAACCTGAG,GGATGTTCAACCTGAG,edge_gfp_minus,edge,GFP-,7.169925001442312,1.584962500721156,5.584962500721156,14,1,0.0,3.0
ACACAGTCAAACCGAT,ACACAGTCAAACCGAT,edge_gfp_minus,edge,GFP-,8.836030885176797,4.235245493478637,4.600785391698159,31,38,0.021630943,320.0
GCACCAACAAACTTAG,GCACCAACAAACTTAG,edge_gfp_minus,edge,GFP-,5.0206181939430135,2.484537496712441,2.536080697230572,35,26,0.20478724,95.0
CATAGGTCAATATCGA,CATAGGTCAATATCGA,edge_gfp_minus,edge,GFP-,5.975628348182545,3.006238928653389,2.969389419529156,21,21,0.05555556,33.0
TCGACCTCACTTGAGG,TCGACCTCACTTGAGG,edge_gfp_minus,edge,GFP-,7.578496976408913,3.756737302164745,3.821759674244168,43,36,0.023920268,78.0
AGGGAGTCAACGTTCC,AGGGAGTCAACGTTCC,edge_gfp_minus,edge,GFP-,6.42307465469589,2.667628649429343,3.7554460052665473,25,17,0.06586021,55.0
CGCACTTCATTGGCCT,CGCACTTCATTGGCCT,edge_gfp_minus,edge,GFP-,2.4182958340544896,0.9182958340544896,1.5,33,37,0.33333334,7.0
GGCCGATCAATCGAGT,GGCCGATCAATCGAGT,edge_gfp_minus,edge,GFP-,5.360063719680781,2.673785595221648,2.686278124459133,40,6,0.07670455,38.0
TGCAAACCAATACCTT,TGCAAACCAATACCTT,edge_gfp_minus,edge,GFP-,1.584962500721156,1.584962500721156,-0.0,26,11,0.33333334,5.0
AATGGCTCACCTCATA,AATGGCTCACCTCATA,edge_gfp_minus,edge,GFP-,7.353334310764414,3.2746860791054524,4.078648231658962,40,37,0.08928973,720.0
TGCCAGACACCTCATA,TGCCAGACACCTCATA,edge_gfp_minus,edge,GFP-,8.506695223390802,4.665371615915552,3.8413236074752497,35,37,0.03968254,311.0
AACGATCCAGGGACAG,AACGATCCAGGGACAG,edge_gfp_minus,edge,GFP-,9.4807441189728,4.564310673560679,4.916433445412122,45,5,0.008404105,458.0
CACTGGACATCCAGAG,CACTGGACATCCAGAG,edge_gfp_minus,edge,GFP-,7.876685544448008,4.125931199387821,3.7507543450601855,40,37,0.034615386,262.0
GTTCCCGCAAGCCTCT,GTTCCCGCAAGCCTCT,edge_gfp_minus,edge,GFP-,8.653203481842699,4.265392887215193,4.387810594627506,40,37,0.032935288,1070.0
CCACCATCAGGCAATT,CCACCATCAGGCAATT,edge_gfp_minus,edge,GFP-,8.257838832532883,3.759618205509629,4.498220627023255,24,35,0.043878656,149.0
GGGTTTGCATAACTAG,GGGTTTGCATAACTAG,edge_gfp_minus,edge,GFP-,5.736594602176292,2.527607301917492,3.2089873002588005,20,9,0.14025976,57.0
CACATCCCACTTACCA,CACATCCCACTTACCA,edge_gfp_minus,edge,GFP-,3.843856189774725,1.9219280948873625,1.9219280948873625,40,9,0.16000001,10.0
TCACGGACATAGACGT,TCACGGACATAGACGT,edge_gfp_minus,edge,GFP-,6.503258334775646,5.584962500721156,0.9182958340544896,1,8,0.0,3.0
GTGTTCCCAAGGTGAA,GTGTTCCCAAGGTGAA,edge_gfp_minus,edge,GFP-,4.872136321575692,1.861702232542354,3.010434089033337,12,46,0.17857143,45.0
ACAGGGGCAATTACCT,ACAGGGGCAATTACCT,edge_gfp_minus,edge,GFP-,7.159412415989118,3.6959472263874704,3.4634651896016475,17,11,0.028571429,53.0
ATGTCAACAACGGTAT,ATGTCAACAACGGTAT,edge_gfp_minus,edge,GFP-,4.691785324353794,2.3768150716908747,2.3149702526629192,24,29,0.22059774,190.0
ACTATCTCATTGGCGA,ACTATCTCATTGGCGA,edge_gfp_minus,edge,GFP-,2.5,1.5,1.0,14,6,0.25,6.0
ATCTCATCATAGGTAC,ATCTCATCATAGGTAC,edge_gfp_minus,edge,GFP-,3.5351745656359026,1.9502120649147463,1.584962500721156,37,5,0.095238104,10.0
GGTCGGTCATGACTCC,GGTCGGTCATGACTCC,edge_gfp_minus,edge,GFP-,3.792481250360578,2.0,1.792481250360578,17,7,0.125,10.0
ACAGTCGCATGCAGAT,ACAGTCGCATGCAGAT,edge_gfp_minus,edge,GFP-,4.503258334775645,2.2516291673878226,2.2516291673878226,1,24,0.11111112,12.0
TCATGGGCACTATGAA,TCATGGGCACTATGAA,edge_gfp_minus,edge,GFP-,3.725480556997868,1.0,2.725480556997868,7,9,0.11111111,11.0
CAATTTCCAGGCTTAG,CAATTTCCAGGCTTAG,edge_gfp_minus,edge,GFP-,8.016210409934168,3.7004954394168177,4.31571497051735,35,33,0.043513298,124.0
CATACTTCATGGCCTT,CATACTTCATGGCCTT,edge_gfp_minus,edge,GFP-,2.757594340821317,1.91641942131671,0.8411749195046073,18,14,0.592847,1346.0
TAGGGTTCAATATGGC,TAGGGTTCAATATGGC,edge_gfp_minus,edge,GFP-,7.072623663895164,3.572623663895164,3.5,16,2,0.022727273,38.0
TCCAATTCATCCGGTT,TCCAATTCATCCGGTT,edge_gfp_minus,edge,GFP-,4.638014497592541,2.8206987607253597,1.8173157368671813,16,14,0.2814051,151.0
CGGTTAGCACCAGGAC,CGGTTAGCACCAGGAC,edge_gfp_minus,edge,GFP-,8.745248564821841,4.34956988759482,4.395678677227021,37,37,0.02225197,455.0
ACAACCGCATGCGTAG,ACAACCGCATGCGTAG,edge_gfp_minus,edge,GFP-,-0.0,-0.0,-0.0,17,30,1.0,2.0
GTCGCAACAGGGACAG,GTCGCAACAGGGACAG,edge_gfp_minus,edge,GFP-,8.912428138269384,4.388317386924693,4.52411075134469,24,24,0.031139547,320.0
TCTGGCTCAACCGGAC,TCTGGCTCAACCGGAC,edge_gfp_minus,edge,GFP-,2.0,2.0,-0.0,11,2,0.25,5.0
CTGCATCCATAGGGTT,CTGCATCCATAGGGTT,edge_gfp_minus,edge,GFP-,5.655394446610167,2.4286635315530405,3.226730915057127,34,33,0.121753246,50.0
TACACTTCACAGGCTA,TACACTTCACAGGCTA,edge_gfp_minus,edge,GFP-,6.04152726285211,2.584962500721156,3.4565647621309545,2,13,0.06666667,27.0
ATGGCTGCAATCTACT,ATGGCTGCAATCTACT,edge_gfp_minus,edge,GFP-,4.544610890726119,1.448815635725185,3.095795255000934,37,16,0.07792208,18.0
TATAGGCCACCATCCG,TATAGGCCACCATCCG,edge_gfp_minus,edge,GFP-,11.169925001442312,5.584962500721156,5.584962500721156,1,1,0.0,0.0
GTCATAACATCGCTAC,GTCATAACATCGCTAC,edge_gfp_minus,edge,GFP-,7.698055135094172,3.724394445405986,3.9736606896881854,35,9,0.04,61.0
ACGCAATCATGGAACT,ACGCAATCATGGAACT,edge_gfp_minus,edge,GFP-,4.816566260584313,2.75763511245231,2.058931148132002,24,22,0.23327838,260.0
GTTCATTCATTAAGCA,GTTCATTCATTAAGCA,edge_gfp_minus,edge,GFP-,4.927567157116929,2.5219280948873624,2.4056390622295662,2,33,0.075,18.0
GGGCAGACACATGACG,GGGCAGACACATGACG,edge_gfp_minus,edge,GFP-,5.130991704418316,2.094888047047576,3.03610365737074,35,18,0.18488628,134.0
AACGACTCACTTCGAC,AACGACTCACTTCGAC,edge_gfp_minus,edge,GFP-,5.576162625854328,3.1630741894285697,2.413088436425758,28,35,0.06545454,36.0
CATACCCCATTCGCCG,CATACCCCATTCGCCG,edge_gfp_minus,edge,GFP-,5.073712812875293,2.1774212838293647,2.896291529045928,36,20,0.09375,30.0
CAGTTCCCACAACCGA,CAGTTCCCACAACCGA,edge_gfp_minus,edge,GFP-,11.169925001442312,5.584962500721156,5.584962500721156,1,1,0.0,0.0
CCTTAGCCATGGTATA,CCTTAGCCATGGTATA,edge_gfp_minus,edge,GFP-,4.70360601766939,2.7466715241284048,1.956934493540985,33,22,0.2205687,195.0
CAATTTCCATAGATCA,CAATTTCCATAGATCA,edge_gfp_minus,edge,GFP-,5.217723349888296,2.1219280948873624,3.095795255000934,48,3,0.07272728,21.0
ATGGAGACAGCTCTGT,ATGGAGACAGCTCTGT,edge_gfp_minus,edge,GFP-,6.070843485041018,3.065957320949175,3.004886164091843,45,20,0.09090909,42.0
CGTAGGCCACATACCC,CGTAGGCCACATACCC,edge_gfp_minus,edge,GFP-,5.044537491760472,2.418722908066561,2.625814583693911,22,2,0.10526316,31.0
GTAGCATCATAATCTC,GTAGCATCATAATCTC,edge_gfp_minus,edge,GFP-,3.5588041545319142,1.7329127976300187,1.8258913569018955,25,21,0.30316868,268.0
CCTTAATCACCTGCCA,CCTTAATCACCTGCCA,edge_gfp_minus,edge,GFP-,4.561223442946565,1.841928917279586,2.719294525666979,20,37,0.15119363,42.0
TGACTAACAAGTCGGC,TGACTAACAAGTCGGC,edge_gfp_minus,edge,GFP-,7.44465451791775,3.5119770893417304,3.93267742857602,24,37,0.06358071,256.0
TGCCGTTCAAACTGTA,TGCCGTTCAAACTGTA,edge_gfp_minus,edge,GFP-,3.6726632887141744,1.53165283420638,2.1410104545077946,37,30,0.43415684,2203.0
GGCAACCCATCCCGTG,GGCAACCCATCCCGTG,edge_gfp_minus,edge,GFP-,4.443856189774724,1.9219280948873625,2.5219280948873624,24,10,0.080000006,15.0
ACGGTCACATAATCCT,ACGGTCACATAATCCT,edge_gfp_minus,edge,GFP-,5.481130129658911,1.8387586809150085,3.6423714487439023,17,17,0.08461539,46.0
GTGTTCCCATTAACTC,GTGTTCCCATTAACTC,edge_gfp_minus,edge,GFP-,3.946439344671016,1.5,2.4464393446710155,20,3,0.15,14.0
GTGGACCCATTGGGCA,GTGGACCCATTGGGCA,edge_gfp_minus,edge,GFP-,9.840113665308031,5.053036121305032,4.787077544003001,24,7,0.011462036,1123.0
GCACAATCAGCTCTCG,GCACAATCAGCTCTCG,edge_gfp_minus,edge,GFP-,4.225480556997868,1.5,2.725480556997868,27,24,0.11111111,13.0
GCTAGGCCACCTGTCG,GCTAGGCCACCTGTCG,edge_gfp_minus,edge,GFP-,7.377720037340175,3.240223928941852,4.137496108398323,1,13,0.014184399,62.0
CGTGATGCATTACATC,CGTGATGCATTACATC,edge_gfp_minus,edge,GFP-,5.369121628572578,2.918295834054489,2.4508257945180887,1,44,0.06944445,24.0
GGCCGATCAGGTTACG,GGCCGATCAGGTTACG,edge_gfp_minus,edge,GFP-,2.6635327548042547,-0.0,2.6635327548042547,33,20,0.27272728,13.0
AGCGACCCAATAGGGA,AGCGACCCAATAGGGA,edge_gfp_minus,edge,GFP-,8.77935942963244,4.439722884287887,4.339636545344552,40,37,0.013688061,426.0
TGCTGGACACATGATA,TGCTGGACACATGATA,edge_gfp_minus,edge,GFP-,8.474651830231728,4.249494047860571,4.2251577823711575,40,36,0.020763371,334.0
AATTACGCACAATCCC,AATTACGCACAATCCC,edge_gfp_minus,edge,GFP-,2.9219280948873623,1.9219280948873625,1.0,17,22,0.2,7.0
CCACGTTCAACTGTGG,CCACGTTCAACTGTGG,edge_gfp_minus,edge,GFP-,1.3709505944546687,-0.0,1.3709505944546687,33,14,0.6,6.0
AACCGATCACATTGAA,AACCGATCACATTGAA,edge_gfp_minus,edge,GFP-,3.985926350629033,1.75,2.235926350629033,2,4,0.14285715,15.0
AAGTGGACACTTAACT,AAGTGGACACTTAACT,edge_gfp_minus,edge,GFP-,4.9727668643682446,2.725480556997868,2.247286307370376,27,30,0.09053498,36.0
ATAGGCTCATTCATGT,ATAGGCTCATTCATGT,edge_gfp_minus,edge,GFP-,6.743977862007835,2.9356919871571896,3.808285874850645,35,26,0.0625,74.0
TAGCCCTCAACTAGAC,TAGCCCTCAACTAGAC,edge_gfp_minus,edge,GFP-,5.830391987590485,2.235926350629033,3.594465636961452,6,14,0.05442177,28.0
TGTATGACATGGCTTC,TGTATGACATGGCTTC,edge_gfp_minus,edge,GFP-,2.5032583347756456,0.9182958340544896,1.584962500721156,39,20,0.22222224,6.0
CGATTAACAGCCTAGA,CGATTAACAGCCTAGA,edge_gfp_minus,edge,GFP-,3.169925001442312,1.584962500721156,1.584962500721156,14,10,0.11111112,6.0
CATATTCCAATCTCTG,CATATTCCAATCTCTG,edge_gfp_minus,edge,GFP-,4.050013373778757,1.9219280948873625,2.1280852788913944,23,15,0.17142858,12.0
CTGCCTGCACCTTGCG,CTGCCTGCACCTTGCG,edge_gfp_minus,edge,GFP-,3.9807419852185633,1.9219280948873625,2.058813890331201,38,5,0.17777778,14.0
TGTATTCCAAAGGTGA,TGTATTCCAAAGGTGA,edge_gfp_minus,edge,GFP-,1.0,-0.0,1.0,29,17,0.5,5.0
CCCTAACCACAATGCG,CCCTAACCACAATGCG,edge_gfp_minus,edge,GFP-,7.421280665471613,4.084592173912523,3.33668849155909,36,23,0.04639763,325.0
ACTACTTCAAGCACAT,ACTACTTCAAGCACAT,edge_gfp_minus,edge,GFP-,4.105956073807226,2.005906779257633,2.100049294549592,22,24,0.24137932,55.0
TCTGGCTCATCCCTGG,TCTGGCTCATCCCTGG,edge_gfp_minus,edge,GFP-,4.511733916444705,2.3512012709793737,2.160532645465331,21,13,0.28546098,273.0
GGACGGACATTCCTCT,GGACGGACATTCCTCT,edge_gfp_minus,edge,GFP-,8.931942511465362,4.944486893511064,3.987455617954298,14,23,0.021298751,506.0
GTCGATGCAACTGTAA,GTCGATGCAACTGTAA,edge_gfp_minus,edge,GFP-,7.864190944239938,3.8498567128429415,4.014334231396997,35,29,0.056168087,370.0
TGAGCATCAAACTCAA,TGAGCATCAAACTCAA,edge_gfp_minus,edge,GFP-,6.6301448202318864,3.141619525334138,3.4885252948977485,11,6,0.05325444,52.0
TACATAGCATAGATTG,TACATAGCATAGATTG,edge_gfp_minus,edge,GFP-,5.635891366310323,3.0211540614749275,2.6147373048353955,35,33,0.1309091,119.0
ATGAACCCAAGTCGTG,ATGAACCCAAGTCGTG,edge_gfp_minus,edge,GFP-,4.669297608631858,2.348004996977528,2.321292611654329,21,20,0.24975634,498.0
ATTCGTTCAAGTGGAA,ATTCGTTCAAGTGGAA,edge_gfp_minus,edge,GFP-,10.17429634308738,5.1731956493576,5.00110069372978,2,10,0.005917741,833.0
GGTTACGCAATAGGTC,GGTTACGCAATAGGTC,edge_gfp_minus,edge,GFP-,8.828737135113276,4.337743447508298,4.490993687604977,40,38,0.014898365,517.0
ACGCCAACAACTCGTC,ACGCCAACAACTCGTC,edge_gfp_minus,edge,GFP-,4.355647802551877,1.8576919812047223,2.4979558213471544,12,16,0.25137538,190.0
TGCATCCCAACCCTTA,TGCATCCCAACCCTTA,edge_gfp_minus,edge,GFP-,5.173557262275185,2.251629167387823,2.9219280948873623,14,3,0.06666667,16.0
ACGGTCACAGGTTCGA,ACGGTCACAGGTTCGA,edge_gfp_minus,edge,GFP-,6.448379501173097,3.095795255000934,3.352584246172163,29,23,0.030303031,41.0
TACTACTCATGGCTAG,TACTACTCATGGCTAG,edge_gfp_minus,edge,GFP-,6.865111101184292,3.36371327575019,3.5013978254341023,42,29,0.05351171,49.0
GGTAATCCACCTGCTG,GGTAATCCACCTGCTG,edge_gfp_minus,edge,GFP-,2.419655430437029,1.0493989638375527,1.3702564665994763,14,12,0.60277146,1934.0
AACCCAGCATTACGTT,AACCCAGCATTACGTT,edge_gfp_minus,edge,GFP-,6.686507599775813,3.205451808059946,3.4810557917158667,7,33,0.053872053,131.0
TGGTTCCCAACCGTAG,TGGTTCCCAACCGTAG,edge_gfp_minus,edge,GFP-,5.7504839469047,2.282049616372309,3.46843433053239,24,22,0.15343916,132.0
AAGTACCCATGGCAAT,AAGTACCCATGGCAAT,edge_gfp_minus,edge,GFP-,6.964298176807088,3.1808329872054406,3.783465189601647,27,4,0.027692307,38.0
ATGGCTGCAAACCGCA,ATGGCTGCAAACCGCA,edge_gfp_minus,edge,GFP-,3.962878455986929,2.4016711023955843,1.5612073535913449,18,13,0.3783836,2730.0
CCTTTAGCAGTTGGGC,CCTTTAGCAGTTGGGC,edge_gfp_minus,edge,GFP-,4.692781727302455,2.6280852788913944,2.064696448411061,38,25,0.1978022,54.0
TGCCGTTCAGTACCTC,TGCCGTTCAGTACCTC,edge_gfp_minus,edge,GFP-,3.548919941582421,2.4949041685096214,1.0540157730728,11,26,0.33333334,47.0
AAGGCCCCAACCGTGA,AAGGCCCCAACCGTGA,edge_gfp_minus,edge,GFP-,2.584962500721156,1.0,1.584962500721156,17,4,0.16666667,5.0
TGTCGTCCAATGGGCC,TGTCGTCCAATGGGCC,edge_gfp_minus,edge,GFP-,3.5338972541793767,1.3342094594480487,2.199687794731328,30,26,0.33566436,35.0
AGACTTACAGCATGAT,AGACTTACAGCATGAT,edge_gfp_minus,edge,GFP-,5.501932886592849,2.373946079715174,3.127986806877675,24,25,0.12238325,87.0
AATCAGCCAATCCATT,AATCAGCCAATCCATT,edge_gfp_minus,edge,GFP-,2.8943976944207312,1.7417669637971036,1.1526307306236274,30,19,0.47281462,961.0
CCTCAGTCATCGTTGC,CCTCAGTCATCGTTGC,edge_gfp_minus,edge,GFP-,6.832825698573402,3.7799744407227136,3.052851257850689,10,26,0.15243343,352.0
TGTACCCCATCACGGA,TGTACCCCATCACGGA,edge_gfp_minus,edge,GFP-,1.584962500721156,-0.0,1.584962500721156,24,15,0.33333334,6.0
ACGTTAACAAGGGAAC,ACGTTAACAAGGGAAC,edge_gfp_minus,edge,GFP-,9.435607948172386,4.8623945037686855,4.573213444403701,2,23,0.01690413,650.0
CGAGGGACACTCGCTG,CGAGGGACACTCGCTG,edge_gfp_minus,edge,GFP-,4.403463441684435,2.3685225277282065,2.0349409139562287,14,25,0.19580421,24.0
CACCATCCAGCCAATG,CACCATCCAGCCAATG,edge_gfp_minus,edge,GFP-,7.105300606922143,3.615817594675932,3.489483012246211,24,32,0.045088567,73.0
TAGTCAACATGACCCT,TAGTCAACATGACCCT,edge_gfp_minus,edge,GFP-,5.588313437532122,3.0850551027564768,2.5032583347756456,13,7,0.034188036,22.0
CATACAACAATTCGGG,CATACAACAATTCGGG,edge_gfp_minus,edge,GFP-,4.092878689342031,2.1709505944546685,1.9219280948873625,10,31,0.120000005,15.0
GCTCATCCAAGTCGAT,GCTCATCCAAGTCGAT,edge_gfp_minus,edge,GFP-,5.114786644512967,2.471492290689813,2.643294353823154,37,25,0.12298138,116.0
ATGGACTCACAACCGA,ATGGACTCACAACCGA,edge_gfp_minus,edge,GFP-,2.9665636645361686,2.1333874913165967,0.8331761732195719,16,23,0.50980395,47.0
CAGCGGTCATAGGTTA,CAGCGGTCATAGGTTA,edge_gfp_minus,edge,GFP-,7.816367595267483,4.068981359572223,3.7473862356952607,24,23,0.027272727,111.0
GGCCGATCAGGTAATC,GGCCGATCAGGTAATC,edge_gfp_minus,edge,GFP-,4.456867210948966,2.602241535680342,1.854625675268624,30,28,0.28975946,172.0
AGCAATCCAACCCTTA,AGCAATCCAACCCTTA,edge_gfp_minus,edge,GFP-,7.60644916789385,4.016359078833885,3.5900900890599656,16,13,0.040801864,202.0
CAATGGTCATTCCTTC,CAATGGTCATTCCTTC,edge_gfp_minus,edge,GFP-,7.40512017029714,3.724021372975554,3.6810987973215856,10,19,0.041025642,84.0
CTACATTCAGTAAGTC,CTACATTCAGTAAGTC,edge_gfp_minus,edge,GFP-,5.584962500721156,-0.0,5.584962500721156,31,1,0.0,1.0
ACCAAGTCATTACGAA,ACCAAGTCATTACGAA,edge_gfp_minus,edge,GFP-,5.432005814760213,2.25,3.1820058147602133,2,39,0.05357143,22.0
TGGGTTGCAGGATCGC,TGGGTTGCAGGATCGC,edge_gfp_minus,edge,GFP-,3.952339237725967,1.2987949406953985,2.6535442970305683,17,11,0.24038462,21.0
CCTGCCACAACCAGGC,CCTGCCACAACCAGGC,edge_gfp_minus,edge,GFP-,4.94102258198969,2.4193819456463714,2.521640636343318,31,41,0.095238104,16.0
CCAATTTCAGTTAGCG,CCAATTTCAGTTAGCG,edge_gfp_minus,edge,GFP-,7.234948145840616,3.181355388043096,4.053592757797521,27,23,0.14197166,382.0
TGTACTTCACTAATGA,TGTACTTCACTAATGA,edge_gfp_minus,edge,GFP-,9.110389328628983,4.586072577710335,4.524316750918647,40,37,0.018428875,921.0
AGTGAGACATTCGTGC,AGTGAGACATTCGTGC,edge_gfp_minus,edge,GFP-,6.017723349888296,2.9219280948873627,3.095795255000934,1,14,0.03636364,21.0
GTCATAACATAACCAA,GTCATAACATAACCAA,edge_gfp_minus,edge,GFP-,6.84018315928407,3.017603397441579,3.822579761842492,37,7,0.042857144,79.0
ATCATCTCATAATCGA,ATCATCTCATAATCGA,edge_gfp_minus,edge,GFP-,5.829284998940532,2.4925825787917475,3.336702420148784,35,28,0.08792609,318.0
ACAGGTTCAGGCAGAG,ACAGGTTCAGGCAGAG,edge_gfp_minus,edge,GFP-,0.9182958340544896,0.9182958340544896,-0.0,17,33,0.6666667,4.0
CGCACTTCATTAGCCC,CGCACTTCATTAGCCC,edge_gfp_minus,edge,GFP-,8.332119892567455,3.988177447043383,4.343942445524073,37,39,0.030480295,470.0
CAGTAACCAGCAGTCA,CAGTAACCAGCAGTCA,edge_gfp_minus,edge,GFP-,4.389667948933603,2.205823086576709,2.183844862356893,37,29,0.29079497,690.0
AGTTAGCCAATTACGA,AGTTAGCCAATTACGA,edge_gfp_minus,edge,GFP-,3.0007690509563907,1.3754020799789577,1.6253669709774332,19,12,0.57710147,545.0
AGGACAACATGAATGC,AGGACAACATGAATGC,edge_gfp_minus,edge,GFP-,6.567270358777995,3.392147223664534,3.175123135113461,6,13,0.039215688,35.0
ATACGGTCAAATGAGG,ATACGGTCAAATGAGG,edge_gfp_minus,edge,GFP-,6.667393047382471,3.640223928941853,3.0271691184406184,24,38,0.03636364,26.0
GGTGGCTCAGTTAGAC,GGTGGCTCAGTTAGAC,edge_gfp_minus,edge,GFP-,8.291302237308978,4.455748576083888,3.83555366122509,24,11,0.015527951,88.0
TACATTCCACAGCCAA,TACATTCCACAGCCAA,edge_gfp_minus,edge,GFP-,4.945690290046013,2.2877837199410704,2.6579065701049425,30,28,0.13846155,38.0
GGTCAGCCACTATGCC,GGTCAGCCACTATGCC,edge_gfp_minus,edge,GFP-,6.584962500721156,5.584962500721156,1.0,1,20,0.0,2.0
TCCCTAACACTTCAGC,TCCCTAACACTTCAGC,edge_gfp_minus,edge,GFP-,6.4359827180249365,3.3401874630240025,3.095795255000934,2,29,0.04388715,40.0
GTCGGGTCACTATCCA,GTCGGGTCACTATCCA,edge_gfp_minus,edge,GFP-,4.0,2.0,2.0,2,8,0.0625,8.0
GTGCAATCATCCACAC,GTGCAATCATCCACAC,edge_gfp_minus,edge,GFP-,3.871131459445092,2.216521698179525,1.6546097612655668,35,25,0.23333335,96.0
TCACATTCAACATCCC,TCACATTCAACATCCC,edge_gfp_minus,edge,GFP-,3.949311833026446,1.5,2.449311833026446,26,4,0.115384616,17.0
TCAAATGCAAGGGATA,TCAAATGCAAGGGATA,edge_gfp_minus,edge,GFP-,9.33067841161334,4.759860890802564,4.570817520810777,36,37,0.014261422,604.0
TACAGGTCACAGCACA,TACAGGTCACAGCACA,edge_gfp_minus,edge,GFP-,3.584962500721156,2.0,1.584962500721156,18,7,0.083333336,7.0
AGCACCACACCATCCG,AGCACCACACCATCCG,edge_gfp_minus,edge,GFP-,7.282372050436619,3.567482837300993,3.714889213135626,35,26,0.13981317,1123.0
GGAGAACCAACCAGCA,GGAGAACCAACCAGCA,edge_gfp_minus,edge,GFP-,6.411564928539589,3.0940464610032805,3.317518467536308,2,16,0.16246308,1022.0
TATCGGGCAAGGTCGC,TATCGGGCAAGGTCGC,edge_gfp_minus,edge,GFP-,7.717049419404132,3.653566084108388,4.063483335295744,37,39,0.04980341,193.0
ATCTCCACATTCAGGG,ATCTCCACATTCAGGG,edge_gfp_minus,edge,GFP-,1.521928094887362,1.521928094887362,-0.0,18,13,0.4,6.0
TGTATCTCATCCGTAC,TGTATCTCATCCGTAC,edge_gfp_minus,edge,GFP-,5.137365241790488,2.521640636343318,2.61572460544717,41,7,0.100840345,24.0
CACTTCACAGGATCGC,CACTTCACAGGATCGC,edge_gfp_minus,edge,GFP-,6.348349979154761,2.923231428797621,3.42511855035714,3,13,0.04848485,37.0
AGTATCACATGCTCCG,AGTATCACATGCTCCG,edge_gfp_minus,edge,GFP-,6.239912964558155,2.939353872167201,3.300559092390954,1,6,0.07368421,39.0
GGCCGATCAATATGCA,GGCCGATCAATATGCA,edge_gfp_minus,edge,GFP-,7.066897056795924,3.669480211692215,3.397416845103709,11,11,0.058333337,66.0
CAATCCCCAACCGGAC,CAATCCCCAACCGGAC,edge_gfp_minus,edge,GFP-,7.853979836490417,3.594465636961452,4.259514199528965,45,23,0.018583043,62.0
CCAACCTCAGCTAACG,CCAACCTCAGCTAACG,edge_gfp_minus,edge,GFP-,8.889058030013448,4.388895594054624,4.500162435958824,40,37,0.020234603,351.0
CATCTTGCAAGGGCTC,CATCTTGCAAGGGCTC,edge_gfp_minus,edge,GFP-,7.556699774176911,3.249936010474917,4.306763763701994,1,31,0.036414567,93.0
GTATGGTCAGGGCTTA,GTATGGTCAGGGCTTA,edge_gfp_minus,edge,GFP-,4.449224632689477,2.2132982820604443,2.235926350629033,40,32,0.15873018,25.0
ACCCGTTCAACTGCGA,ACCCGTTCAACTGCGA,edge_gfp_minus,edge,GFP-,9.187123549779784,4.653715960882435,4.533407588897349,37,33,0.015360269,549.0
CTCAATTCAACTGGGC,CTCAATTCAACTGGGC,edge_gfp_minus,edge,GFP-,5.209707856937271,2.6140741739667392,2.5956336829705315,37,26,0.19406576,72.0
TCGCCTGCAACCTCGT,TCGCCTGCAACCTCGT,edge_gfp_minus,edge,GFP-,4.629761759481647,1.5693078231812958,3.060453936300351,40,39,0.19693094,40.0
ACTACAACAGTTGCAG,ACTACAACAGTTGCAG,edge_gfp_minus,edge,GFP-,2.0,2.0,-0.0,14,25,0.25,5.0
GCTGGGTCAATAGAGG,GCTGGGTCAATAGAGG,edge_gfp_minus,edge,GFP-,3.1101521522685536,1.8384360479801047,1.2717161042884482,26,21,0.41100916,194.0
GTTAGGTCAGGTATGT,GTTAGGTCAGGTATGT,edge_gfp_minus,edge,GFP-,3.332918760802451,2.521640636343318,0.8112781244591328,24,42,0.21428573,11.0
CTCAATTCAGGATGGG,CTCAATTCAGGATGGG,edge_gfp_minus,edge,GFP-,4.321928094887363,1.0,3.321928094887362,1,16,0.05,12.0
GCCACTTCAGCTCGTT,GCCACTTCAGCTCGTT,edge_gfp_minus,edge,GFP-,3.0003984361681546,1.6086382879871812,1.3917601481809736,14,15,0.465,70.0
GTGGTCACAACCGCTT,GTGGTCACAACCGCTT,edge_gfp_minus,edge,GFP-,7.0513495802821815,3.6763906325796256,3.3749589477025563,35,26,0.04409171,69.0
TCGCTCGCAAGGTACT,TCGCTCGCAAGGTACT,edge_gfp_minus,edge,GFP-,8.137965405794494,4.070075885365477,4.067889520429017,37,28,0.059638947,251.0
CAATTTCCAGGAGCGA,CAATTTCCAGGAGCGA,edge_gfp_minus,edge,GFP-,4.5908966897525945,1.902174814211728,2.6887218755408666,27,39,0.15384616,38.0
TGTGAACCAGTAATTG,TGTGAACCAGTAATTG,edge_gfp_minus,edge,GFP-,4.3268636896304935,1.3709505944546687,2.955913095175825,32,21,0.24000001,35.0
CATACCCCAACATTGA,CATACCCCAACATTGA,edge_gfp_minus,edge,GFP-,3.825535763792468,1.7709505944546686,2.054585169337799,38,29,0.25,32.0
GTATCTTCACTTAATC,GTATCTTCACTTAATC,edge_gfp_minus,edge,GFP-,5.861823410267764,2.634395599146692,3.227427811121072,37,33,0.09957326,113.0
AATTCCTCAGTAAGTC,AATTCCTCAGTAAGTC,edge_gfp_minus,edge,GFP-,8.165830295341866,4.228274138544611,3.937556156797256,42,37,0.028985508,326.0
GCCAATGCACCTTCGG,GCCAATGCACCTTCGG,edge_gfp_minus,edge,GFP-,2.396240625180289,0.8112781244591328,1.584962500721156,18,16,0.25,10.0
GCAATCGCATCACTCA,GCAATCGCATCACTCA,edge_gfp_minus,edge,GFP-,3.727994227197932,1.6691803368667308,2.058813890331201,14,8,0.23931625,22.0
GCAACATCATCGAAGT,GCAACATCATCGAAGT,edge_gfp_minus,edge,GFP-,3.5442382004584423,1.6957101510124637,1.8485280494459788,32,24,0.33168727,234.0
ATCAGGTCACTTCACA,ATCAGGTCACTTCACA,edge_gfp_minus,edge,GFP-,5.512819602657874,2.69538426855983,2.817435334098044,43,27,0.19787449,90.0
TAGGTTACATGGATCG,TAGGTTACATGGATCG,edge_gfp_minus,edge,GFP-,6.464316197950842,2.679374370513199,3.7849418274376423,32,11,0.045454547,43.0
TACTGTTCAATCGACG,TACTGTTCAATCGACG,edge_gfp_minus,edge,GFP-,3.4219280948873623,1.9219280948873625,1.5,3,34,0.2,9.0
AGAGATGCAAAGGTCT,AGAGATGCAAAGGTCT,edge_gfp_minus,edge,GFP-,8.327646753564352,4.30668442715262,4.020962326411732,30,7,0.014224751,94.0
AATCGCGCAAGCGTAT,AATCGCGCAAGCGTAT,edge_gfp_minus,edge,GFP-,1.0,-0.0,1.0,23,7,0.5,5.0
AGTGTCGCATGATCCC,AGTGTCGCATGATCCC,edge_gfp_minus,edge,GFP-,0.9182958340544896,-0.0,0.9182958340544896,24,14,0.6666667,4.0
CCTCCAGCAATTCGCC,CCTCCAGCAATTCGCC,edge_gfp_minus,edge,GFP-,5.619728391621576,2.9561956368173217,2.6635327548042547,5,26,0.09090909,59.0
TCGCTTACAATACTAG,TCGCTTACAATACTAG,edge_gfp_minus,edge,GFP-,1.7345299214394705,0.7345299214394703,1.0,21,18,0.42857143,16.0
ACTATCTCAGTTGCCT,ACTATCTCAGTTGCCT,edge_gfp_minus,edge,GFP-,8.826003672019073,4.4431904827435655,4.382813189275507,44,33,0.012784091,141.0
GTGTCCTCATCCGCAT,GTGTCCTCATCCGCAT,edge_gfp_minus,edge,GFP-,5.6444939340791045,2.0294069451656007,3.615086988913504,36,24,0.06944445,54.0
TGCTCCGCAAGGTAGA,TGCTCCGCAAGGTAGA,edge_gfp_minus,edge,GFP-,8.48068398275074,4.123789181904774,4.356894800845967,37,37,0.022675738,179.0
TCACATTCAACGGGCT,TCACATTCAACGGGCT,edge_gfp_minus,edge,GFP-,3.781240863089869,2.4370658315190226,1.344175031570847,14,15,0.25366697,80.0
TGCTACCCAGCACGAC,TGCTACCCAGCACGAC,edge_gfp_minus,edge,GFP-,4.5697534629708905,3.278061465832831,1.2916919971380594,24,42,0.15873016,41.0
CATACTTCAATGTAGC,CATACTTCAATGTAGC,edge_gfp_minus,edge,GFP-,5.163244804211912,2.521640636343318,2.6416041678685938,9,5,0.095238104,16.0
AATCAGCCACATGCGA,AATCAGCCACATGCGA,edge_gfp_minus,edge,GFP-,1.0,1.0,-0.0,40,9,0.5,3.0
ATCAAGCCATAGGCGC,ATCAAGCCATAGGCGC,edge_gfp_minus,edge,GFP-,9.16862452283506,4.720212956897245,4.448411565937815,37,37,0.012506798,1075.0
GGAATCTCAGGATTCG,GGAATCTCAGGATTCG,edge_gfp_minus,edge,GFP-,4.010395221116791,1.5169484265076472,2.4934467946091434,24,18,0.28648263,3580.0
CTTAATCCAAACTTGA,CTTAATCCAAACTTGA,edge_gfp_minus,edge,GFP-,7.30915438538583,3.630952131492841,3.678202253892989,37,40,0.05357143,106.0
ACCCTCGCATTACTGT,ACCCTCGCATTACTGT,edge_gfp_minus,edge,GFP-,8.453110922281088,3.696874558283138,4.7562363639979495,27,24,0.053286314,413.0
GTTAGGTCATTAGGCG,GTTAGGTCATTAGGCG,edge_gfp_minus,edge,GFP-,6.025622691524477,2.683155945758494,3.342466745765983,24,14,0.09244558,126.0
TATGCAACAGCTACAG,TATGCAACAGCTACAG,edge_gfp_minus,edge,GFP-,3.8472705881868094,2.17154353770762,1.6757270504791903,19,10,0.3482813,4815.0
CGACAATCAGTACCCT,CGACAATCAGTACCCT,edge_gfp_minus,edge,GFP-,5.968602677589035,3.773557262275186,2.195045415313849,35,5,0.05977012,44.0
AGGTTCGCATCCTTGA,AGGTTCGCATCCTTGA,edge_gfp_minus,edge,GFP-,6.1099983034731,2.984183719779189,3.125814583693911,35,29,0.05,44.0
TGACACGCACCTACTA,TGACACGCACCTACTA,edge_gfp_minus,edge,GFP-,2.733206219346495,0.8112781244591328,1.9219280948873625,35,36,0.3,9.0
CTGTGGACATTGACGG,CTGTGGACATTGACGG,edge_gfp_minus,edge,GFP-,5.654842658866761,2.9219280948873623,2.732914563979398,24,21,0.06666667,25.0
TGTAAGCCAACCTGGA,TGTAAGCCAACCTGGA,edge_gfp_minus,edge,GFP-,5.067542512129115,3.095795255000934,1.9717472571281809,8,7,0.082644634,22.0
ATGCTAACAGCTCAGA,ATGCTAACAGCTCAGA,edge_gfp_minus,edge,GFP-,3.7406015629507214,2.1556390622295662,1.584962500721156,37,11,0.125,11.0
CAACTAACAGGTTCGA,CAACTAACAGGTTCGA,edge_gfp_minus,edge,GFP-,5.236692009850064,2.625050421229446,2.6116415886206177,20,36,0.17626321,60.0
AGCATCGCATAAGGCT,AGCATCGCATAAGGCT,edge_gfp_minus,edge,GFP-,6.584962500721156,5.584962500721156,1.0,1,38,0.0,2.0
CCACGAACACTCATGC,CCACGAACACTCATGC,edge_gfp_minus,edge,GFP-,7.102054938867637,3.7673757978160416,3.334679141051595,37,43,0.041208792,41.0
TGGACATCAACCGTAG,TGGACATCAACCGTAG,edge_gfp_minus,edge,GFP-,7.18258182871862,3.8109283062792874,3.371653522439333,14,29,0.03591954,53.0
CATAGCGCACCTGTAC,CATAGCGCACCTGTAC,edge_gfp_minus,edge,GFP-,4.675885978470431,2.3213662873582974,2.354519691112134,9,14,0.26923078,193.0
CGCATAGCATGCGTAG,CGCATAGCATGCGTAG,edge_gfp_minus,edge,GFP-,7.095198454769343,3.4316656999650883,3.663532754804255,40,39,0.03409091,70.0
CATCCCGCAACGTTCC,CATCCCGCAACGTTCC,edge_gfp_minus,edge,GFP-,3.717975277562129,2.0487949406953985,1.6691803368667308,24,21,0.16826925,29.0
AGGAAATCAAGTGAAG,AGGAAATCAAGTGAAG,edge_gfp_minus,edge,GFP-,5.315072410115944,2.815072410115944,2.5,27,13,0.057692308,21.0
TAGGCTGCAGTTAGCG,TAGGCTGCAGTTAGCG,edge_gfp_minus,edge,GFP-,10.27527341486687,5.168129677496047,5.107143737370822,2,4,0.0043268586,1904.0
CCGTCCACAACTGTGG,CCGTCCACAACTGTGG,edge_gfp_minus,edge,GFP-,8.768947019850224,4.3523515701684135,4.416595449681809,40,37,0.021977274,840.0
AGTGAGACAAGTCGAT,AGTGAGACAAGTCGAT,edge_gfp_minus,edge,GFP-,4.819950037644121,2.521640636343318,2.2983094013008034,24,36,0.13605443,28.0
TATCATCCATGATTAG,TATCATCCATGATTAG,edge_gfp_minus,edge,GFP-,5.769967708517482,2.906141318426667,2.863826390090816,36,27,0.086419754,45.0
GCTTCACCATGGCTTC,GCTTCACCATGGCTTC,edge_gfp_minus,edge,GFP-,5.584962500721156,-0.0,5.584962500721156,29,1,0.0,1.0
TGGCTCTCATAACTCT,TGGCTCTCATAACTCT,edge_gfp_minus,edge,GFP-,4.399126686233606,2.5,1.8991266862336051,20,22,0.125,64.0
ACGCGGTCAGGTTGCA,ACGCGGTCAGGTTGCA,edge_gfp_minus,edge,GFP-,11.169925001442312,5.584962500721156,5.584962500721156,1,1,0.0,0.0
CCTCCAGCAATACTGA,CCTCCAGCAATACTGA,edge_gfp_minus,edge,GFP-,5.838763891292742,2.6416041678685933,3.1971597234241487,26,6,0.05555556,27.0
TAACAGCCATGGCCTT,TAACAGCCATGGCCTT,edge_gfp_minus,edge,GFP-,5.5478107335198645,2.375,3.1728107335198645,11,7,0.11904762,37.0
TATAGGCCATAGATGC,TATAGGCCATAGATGC,edge_gfp_minus,edge,GFP-,3.318607550768619,1.1924696506648431,2.1261379001037755,20,16,0.39823204,843.0
CGCATAGCATTCGTTG,CGCATAGCATTCGTTG,edge_gfp_minus,edge,GFP-,6.418870595993134,3.572431251322119,2.8464393446710154,4,2,0.050000004,28.0
CAAACCGCAGTTGACG,CAAACCGCAGTTGACG,edge_gfp_minus,edge,GFP-,5.622290095832055,2.488055839998336,3.134234255833719,18,7,0.116239324,84.0
TATCATCCATGCTCTA,TATCATCCATGCTCTA,edge_gfp_minus,edge,GFP-,5.8759467077773255,2.789898095464288,3.086048612313037,37,30,0.04444445,33.0
CTTCGCGCATCCTGCG,CTTCGCGCATCCTGCG,edge_gfp_minus,edge,GFP-,6.205896970048182,2.918295834054489,3.287601135993693,7,26,0.050505053,45.0
CACTTCACAAATCGTA,CACTTCACAAATCGTA,edge_gfp_minus,edge,GFP-,4.28100546583788,2.058813890331201,2.2221915755066783,10,7,0.20202021,20.0
GCCATTCCAATAGGCT,GCCATTCCAATAGGCT,edge_gfp_minus,edge,GFP-,4.106890595608518,2.584962500721156,1.521928094887362,2,10,0.06666667,11.0
CAGCTCTCAAGTAACC,CAGCTCTCAAGTAACC,edge_gfp_minus,edge,GFP-,4.173557262275185,2.2516291673878226,1.9219280948873625,31,18,0.13333334,11.0
TGGCTGACATCGCTTA,TGGCTGACATCGCTTA,edge_gfp_minus,edge,GFP-,6.302332149711276,3.2195282822995472,3.0828038674117293,21,30,0.054621853,59.0
AACGATCCAGGAACCC,AACGATCCAGGAACCC,edge_gfp_minus,edge,GFP-,4.859810648109877,2.3598106481098773,2.5,31,37,0.13815789,46.0
TAAGTCACATAACTTC,TAAGTCACATAACTTC,edge_gfp_minus,edge,GFP-,4.835905168070115,1.9219280948873625,2.913977073182752,1,4,0.07272728,16.0
TGTATTCCAACTAAGC,TGTATTCCAACTAAGC,edge_gfp_minus,edge,GFP-,6.38954416801475,2.7321588913645702,3.657385276650179,9,8,0.03496504,37.0
AGCCCAACAATCTGGG,AGCCCAACAATCTGGG,edge_gfp_minus,edge,GFP-,5.217399841525744,2.2991040074712537,2.9182958340544896,24,20,0.18055557,36.0
CACGCAACAAGCCTAG,CACGCAACAAGCCTAG,edge_gfp_minus,edge,GFP-,6.868552647435374,3.1117568363634582,3.7567958110719153,13,23,0.047789723,58.0
TGTCGTCCACTTACAT,TGTCGTCCACTTACAT,edge_gfp_minus,edge,GFP-,7.838210198458509,3.696791033377728,4.141419165080782,37,37,0.062904626,289.0
GCATCCTCACATAGGT,GCATCCTCACATAGGT,edge_gfp_minus,edge,GFP-,2.4182958340544896,0.9182958340544896,1.5,36,26,0.33333334,10.0
AACGACTCAAACTAGC,AACGACTCAAACTAGC,edge_gfp_minus,edge,GFP-,-0.0,-0.0,-0.0,27,41,1.0,3.0
CTCTAGCCAGGAAGCG,CTCTAGCCAGGAAGCG,edge_gfp_minus,edge,GFP-,7.584741574684494,4.119425156526027,3.4653164181584666,37,33,0.021052632,92.0
AGCTTAACAATACCAA,AGCTTAACAATACCAA,edge_gfp_minus,edge,GFP-,6.495048774234412,2.8789985299174043,3.616050244317008,23,12,0.094696976,98.0
CTAAAGCCAATACTTC,CTAAAGCCAATACTTC,edge_gfp_minus,edge,GFP-,7.742736461691187,3.925249485046889,3.817486976644299,37,29,0.048270315,223.0
CAAGCCACAGCAGGCT,CAAGCCACAGCAGGCT,edge_gfp_minus,edge,GFP-,2.4182958340544896,1.5,0.9182958340544896,2,28,0.33333334,7.0
ACGAATCCAGTTGGAT,ACGAATCCAGTTGGAT,edge_gfp_minus,edge,GFP-,5.584962500721156,5.584962500721156,-0.0,1,32,0.0,1.0
TCACATTCACCTACGT,TCACATTCACCTACGT,edge_gfp_minus,edge,GFP-,0.8112781244591328,-0.0,0.8112781244591328,27,23,0.75,5.0
GTTACTTCACTAATCT,GTTACTTCACTAATCT,edge_gfp_minus,edge,GFP-,5.829911470878578,2.521640636343318,3.30827083453526,19,8,0.047619052,25.0
CCTACCGCATGCTCAC,CCTACCGCATGCTCAC,edge_gfp_minus,edge,GFP-,3.285238563103595,0.8658566174572235,2.4193819456463714,11,24,0.27272728,20.0
TGAAACCCAACCCTAC,TGAAACCCAACCCTAC,edge_gfp_minus,edge,GFP-,3.662082250049861,1.5064431878202948,2.1556390622295662,30,9,0.26785713,29.0
ATAGCACCAAAGGAAT,ATAGCACCAAAGGAAT,edge_gfp_minus,edge,GFP-,6.831769158991412,3.7230741894285697,3.1086949695628423,1,8,0.024,45.0
TAGCAGTCAAATCGAC,TAGCAGTCAAATCGAC,edge_gfp_minus,edge,GFP-,1.7924812503605778,-0.0,1.7924812503605778,23,7,0.5,7.0
CACATCCCAAACTGTA,CACATCCCAAACTGTA,edge_gfp_minus,edge,GFP-,1.9182958340544896,0.9182958340544896,1.0,24,27,0.33333334,5.0
TATGGGTCATTAGTCT,TATGGGTCATTAGTCT,edge_gfp_minus,edge,GFP-,8.031781299779945,3.8917083669030377,4.140072932876908,37,28,0.051394682,273.0
ATCTCGCCAATCGAAC,ATCTCGCCAATCGAAC,edge_gfp_minus,edge,GFP-,5.221928094887362,2.721928094887362,2.5,32,8,0.05,18.0
TCGCCATCAATCTGCC,TCGCCATCAATCTGCC,edge_gfp_minus,edge,GFP-,4.576151675651211,1.6324677295368608,2.94368394611435,20,15,0.22530866,193.0
TAGCCAGCATCCAGCT,TAGCCAGCATCCAGCT,edge_gfp_minus,edge,GFP-,5.579116712633249,3.057476076289931,2.521640636343318,30,10,0.067226894,24.0
GGAGAGTCATGTCGGA,GGAGAGTCATGTCGGA,edge_gfp_minus,edge,GFP-,2.0,1.0,1.0,8,10,0.25,4.0
GCACTGACAATTGGCG,GCACTGACAATTGGCG,edge_gfp_minus,edge,GFP-,1.811278124459133,0.8112781244591328,1.0,26,28,0.375,6.0
AGCCTGACAAGGTTAC,AGCCTGACAAGGTTAC,edge_gfp_minus,edge,GFP-,8.179055404204155,4.1428938474280415,4.036161556776113,37,37,0.018919986,102.0
GGCCAACCATCGAAGT,GGCCAACCATCGAAGT,edge_gfp_minus,edge,GFP-,0.7219280948873623,-0.0,0.7219280948873623,25,10,0.8,6.0
CCTCAGTCAAGCCTAG,CCTCAGTCAAGCCTAG,edge_gfp_minus,edge,GFP-,4.514134429299741,1.7819755379351712,2.7321588913645702,14,25,0.12337662,39.0
ACACCCTCACAGCAAT,ACACCCTCACAGCAAT,edge_gfp_minus,edge,GFP-,2.073683603869483,0.9892880274455635,1.084395576423919,27,22,0.72089946,216.0
TAGTTAGCAAGGTGCC,TAGTTAGCAAGGTGCC,edge_gfp_minus,edge,GFP-,2.807354922057604,2.807354922057604,-0.0,1,32,0.14285715,8.0
ACGAATCCATCCCATA,ACGAATCCATCCCATA,edge_gfp_minus,edge,GFP-,5.140199896634636,2.939279829150365,2.200920067484271,20,21,0.099274315,118.0
AGTACACCACAGCGGT,AGTACACCACAGCGGT,edge_gfp_minus,edge,GFP-,1.584962500721156,1.584962500721156,-0.0,13,25,0.33333334,5.0
CACCATCCAATGTCAA,CACCATCCAATGTCAA,edge_gfp_minus,edge,GFP-,11.169925001442312,5.584962500721156,5.584962500721156,1,1,0.0,0.0
TCTGGCTCAATCAAGC,TCTGGCTCAATCAAGC,edge_gfp_minus,edge,GFP-,5.162785523213957,2.559627536341357,2.6031579868726,14,18,0.12,38.0
CTCGCTGCAAACCCAG,CTCGCTGCAAACCCAG,edge_gfp_minus,edge,GFP-,2.5032583347756456,0.9182958340544896,1.584962500721156,28,20,0.22222224,6.0
CGCCTTGCATGATCGG,CGCCTTGCATGATCGG,edge_gfp_minus,edge,GFP-,4.661905927382337,2.403662982087757,2.25824294529458,37,29,0.19513479,247.0
GTATCTTCAATGACGT,GTATCTTCAATGACGT,edge_gfp_minus,edge,GFP-,8.635407632455792,4.354367972117784,4.281039660338007,40,37,0.032948453,444.0
GTACGATCAAGTAGCT,GTACGATCAAGTAGCT,edge_gfp_minus,edge,GFP-,5.351427620352263,2.66883888985043,2.682588730501833,2,3,0.11111112,33.0
CATCTTGCAATGGAAG,CATCTTGCAATGGAAG,edge_gfp_minus,edge,GFP-,3.521640636343318,1.0,2.521640636343318,27,17,0.14285715,9.0
ATATCCTCAATCCTTG,ATATCCTCAATCCTTG,edge_gfp_minus,edge,GFP-,3.2439949286093146,1.591732454755292,1.6522624738540228,14,14,0.50222814,100.0
GGTCGGTCACAACCTC,GGTCGGTCACAACCTC,edge_gfp_minus,edge,GFP-,5.8748984049055,3.205017947485649,2.669880457419852,30,23,0.18705915,315.0
GTAGTCGCAGGATCTG,GTAGTCGCAGGATCTG,edge_gfp_minus,edge,GFP-,4.63283975727388,3.0220552088742,1.61078454839968,37,37,0.17105263,31.0
CCAACCTCAAGCACGC,CCAACCTCAAGCACGC,edge_gfp_minus,edge,GFP-,-0.0,-0.0,-0.0,11,7,1.0,3.0
ACCCGAACAACGTGGC,ACCCGAACAACGTGGC,edge_gfp_minus,edge,GFP-,4.8983396212489145,2.0815152992161146,2.8168243220328,29,15,0.22911623,869.0
TGTCCCGCAGTAAGCT,TGTCCCGCAGTAAGCT,edge_gfp_minus,edge,GFP-,7.710777084415067,5.584962500721156,2.1258145836939115,1,33,0.0,12.0
CGATTCCCACAATCGG,CGATTCCCACAATCGG,edge_gfp_minus,edge,GFP-,5.584962500721156,5.584962500721156,-0.0,1,21,0.0,1.0
TCAATCTCATGAAGTC,TCAATCTCATGAAGTC,edge_gfp_minus,edge,GFP-,3.197159723424149,1.0,2.197159723424149,11,16,0.16666667,11.0
CACATCCCATCCTGGT,CACATCCCATCCTGGT,edge_gfp_minus,edge,GFP-,4.56057647473276,1.8267893530537789,2.733787121678981,18,21,0.31111112,72.0
TGCATAACAAGCTACG,TGCATAACAAGCTACG,edge_gfp_minus,edge,GFP-,9.040606185572011,4.384712687294135,4.6558934982778775,21,27,0.03230188,504.0
AGTACACCATTAACTC,AGTACACCATTAACTC,edge_gfp_minus,edge,GFP-,5.526986833359287,3.0269868333592878,2.5,12,8,0.057692308,21.0
CCAAAGTCAGGACAGG,CCAAAGTCAGGACAGG,edge_gfp_minus,edge,GFP-,9.138582262935312,4.437685923865125,4.700896339070187,40,30,0.01686239,407.0
ATTACCTCATCGAACG,ATTACCTCATCGAACG,edge_gfp_minus,edge,GFP-,4.334962500721156,1.584962500721156,2.75,2,19,0.083333336,11.0
ATGGACTCAATAGAGG,ATGGACTCAATAGAGG,edge_gfp_minus,edge,GFP-,5.665310588991497,2.6337314206421327,3.0315791683493645,37,41,0.12962964,45.0
CTATTCGCAATCTGCC,CTATTCGCAATCTGCC,edge_gfp_minus,edge,GFP-,4.557236155891319,1.7055158165788544,2.851720339312464,35,26,0.18218623,109.0
CAACGATCATCGCGTT,CAACGATCATCGCGTT,edge_gfp_minus,edge,GFP-,2.792481250360578,1.792481250360578,1.0,26,10,0.25,8.0
AGCACGCCAACTATCT,AGCACGCCAACTATCT,edge_gfp_minus,edge,GFP-,3.814494279564084,1.1221136771091087,2.692380602454975,27,47,0.2579365,32.0
CTATCGCCATAGAGCT,CTATCGCCATAGAGCT,edge_gfp_minus,edge,GFP-,4.62075857326878,2.147852977948723,2.4729055953200563,24,22,0.21935485,46.0
GTGTAACCACATGCGA,GTGTAACCACATGCGA,edge_gfp_minus,edge,GFP-,1.7120954362128464,1.7120954362128464,-0.0,11,18,0.47368422,20.0
ACCTACCCAGTTAATG,ACCTACCCAGTTAATG,edge_gfp_minus,edge,GFP-,7.319840657733064,4.004240902371029,3.315599755362035,39,37,0.028397568,80.0
GGCGAGACAGCTCAAG,GGCGAGACAGCTCAAG,edge_gfp_minus,edge,GFP-,4.9456777455437,2.27462769858425,2.6710500469594503,25,23,0.14772727,74.0
AGCTAACCAGGAATCT,AGCTAACCAGGAATCT,edge_gfp_minus,edge,GFP-,5.584962500721156,5.584962500721156,-0.0,1,16,0.0,2.0
CAGTTCCCATCCGTCG,CAGTTCCCATCCGTCG,edge_gfp_minus,edge,GFP-,6.404280243671513,3.2150158500365027,3.1892643936350105,14,7,0.062160067,72.0
CCTGATCCATAACTAG,CCTGATCCATAACTAG,edge_gfp_minus,edge,GFP-,7.075021422217587,3.6350849518197794,3.4399364703978077,22,2,0.03809524,46.0
AACACACCACTCGGTT,AACACACCACTCGGTT,edge_gfp_minus,edge,GFP-,6.635446115518265,2.99508495181978,3.640361163698485,37,29,0.10909092,69.0
GTCTCCGCAAGGGTAA,GTCTCCGCAAGGGTAA,edge_gfp_minus,edge,GFP-,5.366018357867048,1.9606980959974347,3.405320261869613,24,28,0.083850935,81.0
GGCTGGTCAGCTCAAG,GGCTGGTCAGCTCAAG,edge_gfp_minus,edge,GFP-,1.9182958340544896,0.9182958340544896,1.0,24,31,0.33333334,5.0
TGAGCATCAACCTGTC,TGAGCATCAACCTGTC,edge_gfp_minus,edge,GFP-,4.696531040353859,2.6116415886206177,2.084889451733241,25,22,0.17391305,48.0
CAGTTAACACAGGGCT,CAGTTAACACAGGGCT,edge_gfp_minus,edge,GFP-,3.040373393688496,1.0,2.040373393688496,4,7,0.22727273,13.0
TGACTAACATGATTAG,TGACTAACATGATTAG,edge_gfp_minus,edge,GFP-,2.3210724019326805,0.8435877226007995,1.477484679331881,20,11,0.5465844,679.0
GTCTCACCATAGACCG,GTCTCACCATAGACCG,edge_gfp_minus,edge,GFP-,6.346508131738924,3.3195212983796365,3.0269868333592878,9,25,0.0911681,53.0
GCACAGCCAGGATGCC,GCACAGCCAGGATGCC,edge_gfp_minus,edge,GFP-,6.340020988246597,3.1189237381886405,3.221097250057957,31,39,0.040485833,45.0
TGGCGGTCAGGCAAGG,TGGCGGTCAGGCAAGG,edge_gfp_minus,edge,GFP-,6.108577441758704,2.5341591278514217,3.574418313907282,33,4,0.06944445,54.0
GCTAAACCAATAGTTG,GCTAAACCAATAGTTG,edge_gfp_minus,edge,GFP-,2.3840863033929347,0.9182958340544896,1.4657904693384451,2,36,0.45614037,22.0
ATATTCCCAATACTCT,ATATTCCCAATACTCT,edge_gfp_minus,edge,GFP-,0.9182958340544896,0.9182958340544896,-0.0,23,33,0.6666667,5.0
CTTACGCCAACTGGAT,CTTACGCCAACTGGAT,edge_gfp_minus,edge,GFP-,2.955913095175825,1.584962500721156,1.3709505944546687,12,39,0.20000002,11.0
CTCCAACCAGGCTCAA,CTCCAACCAGGCTCAA,edge_gfp_minus,edge,GFP-,4.29345505252806,2.0,2.2934550525280595,27,30,0.09090909,26.0
CTATCGCCAAACTGAC,CTATCGCCAAACTGAC,edge_gfp_minus,edge,GFP-,6.9548175248434845,3.2730898459737485,3.681727678869736,35,18,0.058333337,62.0
GTATGGTCAAGGGCAG,GTATGGTCAAGGGCAG,edge_gfp_minus,edge,GFP-,5.679787161708248,2.6464393446710157,3.033347817037233,23,19,0.07272728,43.0
GGACAGGCAACTAATG,GGACAGGCAACTAATG,edge_gfp_minus,edge,GFP-,5.774911201428437,3.1004341376750943,2.6744770637533426,40,26,0.0883053,229.0
ACGGATTCATGCGGAC,ACGGATTCATGCGGAC,edge_gfp_minus,edge,GFP-,5.579349130000624,2.568778195732141,3.0105709342684834,35,34,0.16194332,58.0
GGCAAGGCAATCGTGG,GGCAAGGCAATCGTGG,edge_gfp_minus,edge,GFP-,2.246439344671016,-0.0,2.246439344671016,46,27,0.3,11.0
GTCTGTCCATCACATT,GTCTGTCCATCACATT,edge_gfp_minus,edge,GFP-,7.796114271220103,3.6013746081649263,4.194739663055176,38,33,0.029059831,138.0
TGACCCTCAGGTTCCT,TGACCCTCAGGTTCCT,edge_gfp_minus,edge,GFP-,5.394546231663375,2.521640636343318,2.872905595320056,7,24,0.05714286,22.0
GCGAATTCAGGGCACT,GCGAATTCAGGGCACT,edge_gfp_minus,edge,GFP-,8.505936325639171,3.977521160920956,4.528415164718215,37,39,0.021428572,185.0
GTGAATCCACCAACTC,GTGAATCCACCAACTC,edge_gfp_minus,edge,GFP-,4.407742726504889,1.657742726504889,2.75,25,41,0.1388889,17.0
TGAATTGCAGGGATGG,TGAATTGCAGGGATGG,edge_gfp_minus,edge,GFP-,3.806926139358631,2.077819531114783,1.7291066082438475,26,12,0.27118644,75.0
CAACGATCATTACGCC,CAACGATCATTACGCC,edge_gfp_minus,edge,GFP-,6.518375504862175,3.2063162386928985,3.3120592661692765,37,18,0.072121695,175.0
CACATAACAACCCTGT,CACATAACAACCCTGT,edge_gfp_minus,edge,GFP-,4.05973762673146,1.8464393446710157,2.2132982820604443,24,47,0.22222224,28.0
ACTGCCTCACAGCAGC,ACTGCCTCACAGCAGC,edge_gfp_minus,edge,GFP-,9.043562548424813,4.637566440444712,4.405996107980101,40,37,0.020450866,1199.0
TACGAGTCAAGGTCTG,TACGAGTCAAGGTCTG,edge_gfp_minus,edge,GFP-,5.682005814760213,3.1820058147602133,2.5,40,29,0.05357143,22.0
ATTCCGCCATTCGGTC,ATTCCGCCATTCGGTC,edge_gfp_minus,edge,GFP-,7.720125656311158,3.745412403474083,3.974713252837075,30,37,0.053932585,189.0
GCATTCCCAGGCAAGG,GCATTCCCAGGCAAGG,edge_gfp_minus,edge,GFP-,7.326749263959874,3.805143699941387,3.521605564018487,1,8,0.030277545,70.0
ACTAAGCCATCAAGCG,ACTAAGCCATCAAGCG,edge_gfp_minus,edge,GFP-,4.622034815390302,1.7264892117991653,2.8955456035911364,11,21,0.1607143,59.0
TGTCTCACATTAGTTC,TGTCTCACATTAGTTC,edge_gfp_minus,edge,GFP-,5.339659668857935,2.406666316740689,2.9329933521172467,39,37,0.12880562,89.0
CAGTTCCCATGACAGT,CAGTTCCCATGACAGT,edge_gfp_minus,edge,GFP-,7.096699086248263,3.448267250045061,3.648431836203201,1,16,0.03613369,68.0
ACAACCGCACTTGATT,ACAACCGCACTTGATT,edge_gfp_minus,edge,GFP-,4.35288663333973,1.584962500721156,2.7679241326185737,29,22,0.12903225,34.0
TACTACTCAACCAACG,TACTACTCAACCAACG,edge_gfp_minus,edge,GFP-,4.227567157116929,1.9056390622295665,2.321928094887362,31,2,0.075,13.0
TCTACGCCAAGGTCGC,TCTACGCCAAGGTCGC,edge_gfp_minus,edge,GFP-,5.963459460683692,2.781453645923478,3.1820058147602133,24,20,0.08035714,38.0
GTCTGGACATAGAGTC,GTCTGGACATAGAGTC,edge_gfp_minus,edge,GFP-,5.023778234786898,2.1876410590491613,2.8361371757377363,37,27,0.16363202,870.0
ATATGGCCATCCAGAG,ATATGGCCATCCAGAG,edge_gfp_minus,edge,GFP-,7.954272951673279,4.04291723248433,3.9113557191889496,21,26,0.019745503,96.0
CGTCCTGCAATTCAAG,CGTCCTGCAATTCAAG,edge_gfp_minus,edge,GFP-,5.180371569624519,2.1492553971685,3.03111617245602,38,26,0.08771931,34.0
CTGGGGTCATCGGTCT,CTGGGGTCATCGGTCT,edge_gfp_minus,edge,GFP-,6.651924631476661,2.6426434808900545,4.009281150586607,35,8,0.057579316,60.0
ATATTCCCATCGGTCT,ATATTCCCATCGGTCT,edge_gfp_minus,edge,GFP-,5.043281272686636,2.807354922057604,2.235926350629033,1,3,0.04081633,14.0
GTTGCCTCATCGTACC,GTTGCCTCATCGTACC,edge_gfp_minus,edge,GFP-,4.296865596089289,1.974937501201927,2.321928094887362,45,2,0.06666667,14.0
GTACCCTCAAATGGAG,GTACCCTCAAATGGAG,edge_gfp_minus,edge,GFP-,3.584962500721156,2.0,1.584962500721156,14,21,0.083333336,7.0
ACGTTCCCACTACCAC,ACGTTCCCACTACCAC,edge_gfp_minus,edge,GFP-,4.278954031514616,1.6767370300521325,2.6022170014624826,18,13,0.14204545,27.0
CTATGTTCAAGTCCAG,CTATGTTCAAGTCCAG,edge_gfp_minus,edge,GFP-,4.4497863250855225,2.40075078103468,2.0490355440508425,22,28,0.17206478,128.0
TACATTCCAAATGGCT,TACATTCCAAATGGCT,edge_gfp_minus,edge,GFP-,5.584962500721156,5.584962500721156,-0.0,1,12,0.0,2.0
ACTACTTCAAGCGTAT,ACTACTTCAAGCGTAT,edge_gfp_minus,edge,GFP-,3.6699250014423126,2.251629167387823,1.4182958340544896,23,17,0.22222224,18.0
ATTCGTTCACCATGCT,ATTCGTTCACCATGCT,edge_gfp_minus,edge,GFP-,6.754277417922856,3.077819531114783,3.676457886808072,36,22,0.036764707,50.0
CTGATTTCATAGAGTC,CTGATTTCATAGAGTC,edge_gfp_minus,edge,GFP-,1.5,-0.0,1.5,12,39,0.5,5.0
AAGTACCCATTGGCCT,AAGTACCCATTGGCCT,edge_gfp_minus,edge,GFP-,6.136872384429466,3.2405808553835387,2.896291529045928,9,39,0.056722693,48.0
TCAAATGCATAAGTTG,TCAAATGCATAAGTTG,edge_gfp_minus,edge,GFP-,2.9336751761323687,1.5928544336006498,1.340820742531719,31,19,0.42386907,864.0
TGCGGGTCATTAGAGC,TGCGGGTCATTAGAGC,edge_gfp_minus,edge,GFP-,1.0,-0.0,1.0,17,20,0.5,3.0
TGCGATGCAAGCATTA,TGCGATGCAAGCATTA,edge_gfp_minus,edge,GFP-,3.0354236133119,2.064042639445697,0.9713809738662026,11,34,0.42222223,59.0
AACCCAGCACCAGGGT,AACCCAGCACCAGGGT,edge_gfp_minus,edge,GFP-,9.533706019801103,4.708070569834446,4.82563544996666,23,24,0.008529437,303.0
TAGTTCTCATAGGCGC,TAGTTCTCATAGGCGC,edge_gfp_minus,edge,GFP-,4.526402467991993,2.63137961380516,1.8950228541868324,29,25,0.1632653,93.0
TCGCCATCAAGTTAGC,TCGCCATCAAGTTAGC,edge_gfp_minus,edge,GFP-,4.128847555086062,2.422190883341787,1.7066566717442753,28,19,0.30011174,808.0
AGACGTTCACTAACTT,AGACGTTCACTAACTT,edge_gfp_minus,edge,GFP-,1.4056390622295665,-0.0,1.4056390622295665,6,8,0.5,9.0
CCTCACGCAGGACTCA,CCTCACGCAGGACTCA,edge_gfp_minus,edge,GFP-,8.429707106063102,4.256826541075236,4.1728805649878655,37,33,0.016931092,185.0
GGCGGTTCATTCGGCT,GGCGGTTCATTCGGCT,edge_gfp_minus,edge,GFP-,4.5,2.5,2.0,12,3,0.0625,12.0
AGCTACGCAAACCAAC,AGCTACGCAAACCAAC,edge_gfp_minus,edge,GFP-,3.924450346879381,1.8432791055286064,2.0811712413507744,22,21,0.21978506,253.0
ATGGGTTCAATGAAGG,ATGGGTTCAATGAAGG,edge_gfp_minus,edge,GFP-,1.0,1.0,-0.0,29,46,0.5,3.0
GGTATGTCATGCTTCA,GGTATGTCATGCTTCA,edge_gfp_minus,edge,GFP-,5.186023004570613,2.815072410115944,2.3709505944546687,2,6,0.06923077,23.0
AATCAGCCATTACCTG,AATCAGCCATTACCTG,edge_gfp_minus,edge,GFP-,5.501100769942847,2.920596937187079,2.580503832755769,15,13,0.105263166,44.0
CCACAGACATTCGCTA,CCACAGACATTCGCTA,edge_gfp_minus,edge,GFP-,5.425186429663008,2.5032583347756456,2.9219280948873623,27,3,0.044444446,19.0
TCGTGGACAATCCTCA,TCGTGGACAATCCTCA,edge_gfp_minus,edge,GFP-,7.872596673109189,3.8868421881310113,3.9857544849781785,12,4,0.022222223,69.0
AATCGCGCAAAGGGAC,AATCGCGCAAAGGGAC,edge_gfp_minus,edge,GFP-,2.9231819981463323,2.0048861640918427,0.9182958340544896,11,31,0.24242425,17.0
CACCGTTCAGGAAGCG,CACCGTTCAGGAAGCG,edge_gfp_minus,edge,GFP-,2.892878689342031,1.3709505944546687,1.521928094887362,48,7,0.24000001,10.0
GCGTTCTCAAATCGAC,GCGTTCTCAAATCGAC,edge_gfp_minus,edge,GFP-,3.820622539360106,2.315194002507549,1.5054285368525573,30,21,0.3093448,217.0
GTGTTCCCAAGCATGT,GTGTTCCCAAGCATGT,edge_gfp_minus,edge,GFP-,8.514852987877685,4.038497717726587,4.476355270151099,21,26,0.023822185,396.0
CAGGAGGCAGCCTATC,CAGGAGGCAGCCTATC,edge_gfp_minus,edge,GFP-,-0.0,-0.0,-0.0,43,47,1.0,3.0
GGCTAATCATCCCGTG,GGCTAATCATCCCGTG,edge_gfp_minus,edge,GFP-,5.10989764331932,2.463458298648304,2.646439344671016,42,8,0.14,25.0
TGTAAGCCATCACGAG,TGTAAGCCATCACGAG,edge_gfp_minus,edge,GFP-,2.9182958340544896,1.0,1.9182958340544896,10,11,0.16666667,8.0
CAAGGAACAATCTAAG,CAAGGAACAATCTAAG,edge_gfp_minus,edge,GFP-,3.710777084415067,1.9182958340544896,1.7924812503605778,21,11,0.16666667,12.0
CGTCATCCATCCGCAT,CGTCATCCATCCGCAT,edge_gfp_minus,edge,GFP-,2.657742726504889,1.657742726504889,1.0,31,26,0.2777778,11.0
ATAGCACCATCGGCTT,ATAGCACCATCGGCTT,edge_gfp_minus,edge,GFP-,2.670762949168279,1.521928094887362,1.1488348542809166,14,24,0.2857143,12.0
CATAGGTCAGGATCTG,CATAGGTCAGGATCTG,edge_gfp_minus,edge,GFP-,5.959985314297192,3.057476076289931,2.9025092380072617,10,26,0.06905371,40.0
CGCTCATCACATGACG,CGCTCATCACATGACG,edge_gfp_minus,edge,GFP-,1.5,1.5,-0.0,27,4,0.5,5.0
ATGTTCTCATAGGGCC,ATGTTCTCATAGGGCC,edge_gfp_minus,edge,GFP-,6.020222519179095,3.472324891678628,2.5478976275004666,36,24,0.09259259,49.0
TACTCCACAAACCGAT,TACTCCACAAACCGAT,edge_gfp_minus,edge,GFP-,3.7007115883735375,1.3787834934861751,2.321928094887362,3,8,0.11428572,12.0
ACGGCACCAAGTGTGT,ACGGCACCAAGTGTGT,edge_gfp_minus,edge,GFP-,6.091409130346442,3.744888615494139,2.346520514852303,16,15,0.108812556,233.0
GGACACCCACCTTGAC,GGACACCCACCTTGAC,edge_gfp_minus,edge,GFP-,8.95784203738734,4.820459130079854,4.137382907307486,35,23,0.017730497,296.0
AGACTTACATTAGGGT,AGACTTACATTAGGGT,edge_gfp_minus,edge,GFP-,1.6133257139197568,1.1115090273697712,0.5018166865499856,15,11,0.77651656,1767.0
TCCCAACCACTAGTCC,TCCCAACCACTAGTCC,edge_gfp_minus,edge,GFP-,4.6344088931029725,2.463458298648304,2.170950594454669,29,12,0.28,35.0
GTAGCCACATGACACG,GTAGCCACATGACACG,edge_gfp_minus,edge,GFP-,3.157854445516395,2.235926350629033,0.9219280948873624,24,7,0.22857144,17.0
TCCATCACACAATCCC,TCCATCACACAATCCC,edge_gfp_minus,edge,GFP-,7.98092488892273,3.7847128804242978,4.196212008498432,35,37,0.03510351,167.0
TCGCTCGCAATACTGA,TCGCTCGCAATACTGA,edge_gfp_minus,edge,GFP-,3.69421924708978,1.3398172118312013,2.3544020352585786,24,17,0.41006276,2845.0
CCCTACGCATCGAAGT,CCCTACGCATCGAAGT,edge_gfp_minus,edge,GFP-,5.6722722759794735,2.4449542802640987,3.2273179957153757,27,23,0.12096774,106.0
AAACTTGCACTTGATT,AAACTTGCACTTGATT,edge_gfp_minus,edge,GFP-,5.756125194828307,2.4905418719405734,3.2655833228877333,25,31,0.064935066,50.0
GTGGACCCACAGCAAT,GTGGACCCACAGCAAT,edge_gfp_minus,edge,GFP-,2.5032583347756456,0.9182958340544896,1.584962500721156,35,19,0.22222224,6.0
CCTCGATCAATTCGTT,CCTCGATCAATTCGTT,edge_gfp_minus,edge,GFP-,6.556703623422624,2.939829017466402,3.616874605956222,24,5,0.027681662,34.0
ACTTTCGCAATCCCGT,ACTTTCGCAATCCCGT,edge_gfp_minus,edge,GFP-,3.71440934524794,1.792481250360578,1.9219280948873625,14,17,0.2,11.0
TACAGGTCAGGATTAC,TACAGGTCAGGATTAC,edge_gfp_minus,edge,GFP-,3.3613670995177136,1.2516291673878228,2.1097379321298906,35,25,0.3846154,32.0
GGCGATCCAACGTGGC,GGCGATCCAACGTGGC,edge_gfp_minus,edge,GFP-,5.095213261582094,1.9302283854578848,3.164984876124209,30,25,0.22271252,249.0
CCTGCATCACATGCTC,CCTGCATCACATGCTC,edge_gfp_minus,edge,GFP-,3.9073709623690704,2.074164743022575,1.8332062193464955,26,14,0.25714287,34.0
GCCACAACAGGTAACT,GCCACAACAGGTAACT,edge_gfp_minus,edge,GFP-,6.828076915209213,3.408694969562842,3.4193819456463705,2,11,0.025000002,38.0
CCAGCAACATAGGTTA,CCAGCAACATAGGTTA,edge_gfp_minus,edge,GFP-,5.32448230651585,2.521640636343318,2.802841670172532,42,36,0.083333336,31.0
GCCAAATCAGTACCTC,GCCAAATCAGTACCTC,edge_gfp_minus,edge,GFP-,3.052092973380806,2.199687794731328,0.8524051786494786,35,25,0.33333334,31.0
AGTAACCCATGCGGAC,AGTAACCCATGCGGAC,edge_gfp_minus,edge,GFP-,2.2718393010155657,1.61078454839968,0.6610547526158856,33,33,0.61090225,47.0
TAGCACGCATCGACTC,TAGCACGCATCGACTC,edge_gfp_minus,edge,GFP-,7.563843188043092,3.6995138503199656,3.864329337723128,31,26,0.03219316,99.0
GTAACCGCAGCAGGGA,GTAACCGCAGCAGGGA,edge_gfp_minus,edge,GFP-,2.0034061501176814,0.6428380948025114,1.36056805531517,14,13,0.6780822,109.0
GCACGGTCAATTCATC,GCACGGTCAATTCATC,edge_gfp_minus,edge,GFP-,4.87684646250458,2.197159723424149,2.679686739080431,37,22,0.11711712,83.0
TCCAAGGCATAGATTG,TCCAAGGCATAGATTG,edge_gfp_minus,edge,GFP-,3.487555518016856,2.235926350629033,1.2516291673878228,2,31,0.19047621,13.0
GTGTGGCCAAGTCGCA,GTGTGGCCAAGTCGCA,edge_gfp_minus,edge,GFP-,4.469394005061754,2.5220552088742005,1.9473387961875537,6,23,0.19444445,24.0
AGGCTCACATCCACTA,AGGCTCACATCCACTA,edge_gfp_minus,edge,GFP-,4.0775671571169285,2.1556390622295662,1.9219280948873625,31,42,0.15,13.0
CGCGAACCACATTGGG,CGCGAACCACATTGGG,edge_gfp_minus,edge,GFP-,2.5487949406953985,1.0,1.5487949406953985,1,6,0.3125,10.0
GCTAGGCCATCCCTGG,GCTAGGCCATCCCTGG,edge_gfp_minus,edge,GFP-,3.4133215876317777,1.570950594454669,1.8423709931771088,35,22,0.25714287,17.0
GTACAACCAATACGGT,GTACAACCAATACGGT,edge_gfp_minus,edge,GFP-,6.338921638449004,3.2062808149662585,3.1326408234827454,27,28,0.16326532,105.0
CGGATCACACCACACT,CGGATCACACCACACT,edge_gfp_minus,edge,GFP-,1.5,-0.0,1.5,24,17,0.5,13.0
GTACCCTCATTAACTC,GTACCCTCATTAACTC,edge_gfp_minus,edge,GFP-,4.503258334775646,2.2516291673878226,2.251629167387823,23,3,0.11111112,12.0
CACTACCCAAGCTGTG,CACTACCCAAGCTGTG,edge_gfp_minus,edge,GFP-,3.0315791683493645,0.9182958340544896,2.113283334294875,16,16,0.22222224,12.0
TAAATCGCAACGGGCT,TAAATCGCAACGGGCT,edge_gfp_minus,edge,GFP-,4.387379158500847,2.310358967229787,2.07702019127106,37,28,0.26305714,244.0
TACCGTCCAGTTGCAG,TACCGTCCAGTTGCAG,edge_gfp_minus,edge,GFP-,2.930042674612213,1.2389012566026305,1.6911414180095832,18,14,0.40236688,39.0
CGCATAGCACAACCAG,CGCATAGCACAACCAG,edge_gfp_minus,edge,GFP-,3.1492608998076177,1.3567796494470394,1.792481250360578,29,38,0.35,16.0
TGGTTAACATTCGTTG,TGGTTAACATTCGTTG,edge_gfp_minus,edge,GFP-,2.6582654558327645,1.2326602568158205,1.4256051990169438,23,12,0.3703704,33.0
TAACAGCCAGTTAGCG,TAACAGCCAGTTAGCG,edge_gfp_minus,edge,GFP-,6.753797631161502,3.7899414413867776,2.9638561897747246,11,18,0.07111111,106.0
GGGCAGACATGGTCGA,GGGCAGACATGGTCGA,edge_gfp_minus,edge,GFP-,7.871056619977578,4.198059348181051,3.672997271796527,37,39,0.030946067,68.0
TCCCGATCAGCCAGGT,TCCCGATCAGCCAGGT,edge_gfp_minus,edge,GFP-,4.610649970428229,2.6887218755408666,1.9219280948873625,10,22,0.1,17.0
TGAGCTGCATTACACT,TGAGCTGCATTACACT,edge_gfp_minus,edge,GFP-,7.476080729145494,3.892463753748261,3.5836169753972325,20,1,0.02955665,57.0
CGGTCAACAAGCATAC,CGGTCAACAAGCATAC,edge_gfp_minus,edge,GFP-,5.911248909542718,2.2877837199410704,3.623465189601648,12,25,0.06153846,38.0
TCCTGGTCAAGTCGGC,TCCTGGTCAAGTCGGC,edge_gfp_minus,edge,GFP-,6.1364674740679686,2.8221819586428727,3.3142855154250954,1,8,0.04278075,50.0
TAATCAGCAAGCTGAT,TAATCAGCAAGCTGAT,edge_gfp_minus,edge,GFP-,3.9219280948873614,1.0,2.9219280948873623,22,2,0.1,12.0
AGTATTGCACTATGCC,AGTATTGCACTATGCC,edge_gfp_minus,edge,GFP-,7.584962500721156,2.0,5.584962500721156,24,1,0.0,4.0
GCAATCGCACTAGCTC,GCAATCGCACTAGCTC,edge_gfp_minus,edge,GFP-,4.448788890811972,2.197159723424149,2.251629167387823,9,13,0.11111112,15.0
AGCATCGCAGCACTTC,AGCATCGCAGCACTTC,edge_gfp_minus,edge,GFP-,7.55997449618642,3.8110810162602897,3.748893479926131,40,8,0.038764697,180.0
CAGTACGCATGACCGA,CAGTACGCATGACCGA,edge_gfp_minus,edge,GFP-,6.522581103943002,2.802841670172532,3.7197394337704703,24,23,0.06306306,61.0
GGTAATCCATTGCGTC,GGTAATCCATTGCGTC,edge_gfp_minus,edge,GFP-,6.343152897618488,2.949342895133589,3.3938100024848987,10,31,0.08035715,184.0
GGAGAGTCAGGATACT,GGAGAGTCAGGATACT,edge_gfp_minus,edge,GFP-,2.950212064914747,1.0,1.950212064914747,19,19,0.2857143,16.0
CAGGGCTCATAGGTAC,CAGGGCTCATAGGTAC,edge_gfp_minus,edge,GFP-,6.376162433307026,2.594072790934282,3.782089642372744,29,5,0.060606066,72.0
AAGCCTGCAAACCAAC,AAGCCTGCAAACCAAC,edge_gfp_minus,edge,GFP-,4.771830199481151,2.278417410490896,2.4934127889902555,19,15,0.25915045,510.0
GCCATTCCACATTAGA,GCCATTCCACATTAGA,edge_gfp_minus,edge,GFP-,2.5,1.5,1.0,33,34,0.25,6.0
CAGGACCCACCTTCCC,CAGGACCCACCTTCCC,edge_gfp_minus,edge,GFP-,3.843856189774725,2.321928094887362,1.521928094887362,24,8,0.080000006,10.0
CGATCCTCATAAGGCT,CGATCCTCATAAGGCT,edge_gfp_minus,edge,GFP-,7.303906247575696,3.591426186443519,3.712480061132177,35,23,0.04820937,154.0
ACGGTTGCACTTAGCC,ACGGTTGCACTTAGCC,edge_gfp_minus,edge,GFP-,-0.0,-0.0,-0.0,37,31,1.0,3.0
GGCGAGACAGGTTCCT,GGCGAGACAGGTTCCT,edge_gfp_minus,edge,GFP-,3.5752172813159016,1.7736723128889542,1.8015449684269476,35,23,0.20451437,77.0
CACATAACAAGCGTGC,CACATAACAAGCGTGC,edge_gfp_minus,edge,GFP-,6.92761972600803,3.2163689653720224,3.7112507606360072,10,22,0.08403583,125.0
CACACAGCACCATCAC,CACACAGCACCATCAC,edge_gfp_minus,edge,GFP-,3.8706784542942207,2.1179631753145163,1.7527152789797047,32,21,0.22222222,23.0
CTATGTTCATTACACT,CTATGTTCATTACACT,edge_gfp_minus,edge,GFP-,5.866440226488693,2.382256506709504,3.484183719779189,36,3,0.09189189,57.0
GCCAAATCATTAGCCC,GCCAAATCATTAGCCC,edge_gfp_minus,edge,GFP-,3.886274093895968,2.5,1.386274093895968,18,18,0.18055555,26.0
ACACCAGCACAGGATT,ACACCAGCACAGGATT,edge_gfp_minus,edge,GFP-,9.26228947046276,4.675109507990756,4.587179962472005,40,24,0.008758292,278.0
GTGTGGCCATAGACAC,GTGTGGCCATAGACAC,edge_gfp_minus,edge,GFP-,2.7568785371664597,1.1109086221737026,1.6459699149927565,35,21,0.48245615,74.0
CTGACCTCAATGAAGG,CTGACCTCAATGAAGG,edge_gfp_minus,edge,GFP-,1.0,1.0,-0.0,11,15,0.5,3.0
AATGGGACATAATTCC,AATGGGACATAATTCC,edge_gfp_minus,edge,GFP-,7.590543012603609,3.684223477297535,3.906319535306074,8,25,0.031339034,219.0
ATTATCCCATCACGCT,ATTATCCCATCACGCT,edge_gfp_minus,edge,GFP-,1.5,-0.0,1.5,17,20,0.5,7.0
CAATAGCCAATTCAGA,CAATAGCCAATTCAGA,edge_gfp_minus,edge,GFP-,11.169925001442312,5.584962500721156,5.584962500721156,1,1,0.0,0.0
TGCTCCGCAGCTCACT,TGCTCCGCAGCTCACT,edge_gfp_minus,edge,GFP-,4.505075474714254,1.4056390622295665,3.099436412484688,14,7,0.17391305,31.0
AAATGGGCACATGCCT,AAATGGGCACATGCCT,edge_gfp_minus,edge,GFP-,1.985228136034252,1.0,0.9852281360342516,14,1,0.2857143,9.0
CTAAAGCCATAAGTGC,CTAAAGCCATAAGTGC,edge_gfp_minus,edge,GFP-,11.169925001442312,5.584962500721156,5.584962500721156,1,1,0.0,0.0
GGACTTGCATGGTTCC,GGACTTGCATGGTTCC,edge_gfp_minus,edge,GFP-,7.82792210033535,3.5692760847838843,4.258646015551466,21,22,0.035046726,163.0
CCGACTTCAGTACCGA,CCGACTTCAGTACCGA,edge_gfp_minus,edge,GFP-,4.471852701258065,2.521640636343318,1.9502120649147467,22,8,0.08163266,14.0
ATGGAGACAGCTAAGT,ATGGAGACAGCTAAGT,edge_gfp_minus,edge,GFP-,7.820888851350189,5.584962500721156,2.235926350629033,1,17,0.0,7.0
AGTCGATCAAGTAACC,AGTCGATCAAGTAACC,edge_gfp_minus,edge,GFP-,6.572170599564887,3.591523987502537,2.9806466120623494,22,17,0.056407724,90.0
CTCTAATCAGCTACGA,CTCTAATCAGCTACGA,edge_gfp_minus,edge,GFP-,2.0496086746725126,0.8877028235716071,1.1619058511009055,24,20,0.6612686,96.0
ACTCGTCCAATCGACG,ACTCGTCCAATCGACG,edge_gfp_minus,edge,GFP-,3.271928094887362,1.75,1.521928094887362,12,14,0.2,13.0
CCAGAATCAACCCTTA,CCAGAATCAACCCTTA,edge_gfp_minus,edge,GFP-,3.710777084415068,1.792481250360578,1.9182958340544896,2,12,0.16666667,12.0
TACGAACCAGGAGCCT,TACGAACCAGGAGCCT,edge_gfp_minus,edge,GFP-,0.9182958340544896,0.9182958340544896,-0.0,31,23,0.6666667,4.0
ACGCAATCATTACCAT,ACGCAATCATTACCAT,edge_gfp_minus,edge,GFP-,3.2638421227824583,1.5,1.7638421227824583,30,20,0.3181818,26.0
CGTACAGCAATGCCAG,CGTACAGCAATGCCAG,edge_gfp_minus,edge,GFP-,4.989953893906392,2.003513392210248,2.9864405016961446,35,27,0.09765625,56.0
TATCGAACACATTCGC,TATCGAACACATTCGC,edge_gfp_minus,edge,GFP-,4.034293425554901,2.6643193502804,1.3699740752745009,10,37,0.17111112,45.0
ATTCGGGCATGAAGCT,ATTCGGGCATGAAGCT,edge_gfp_minus,edge,GFP-,7.233063525440385,4.064338937154249,3.1687245882861363,17,22,0.03458498,67.0
AAGCGGGCAACATGAC,AAGCGGGCAACATGAC,edge_gfp_minus,edge,GFP-,4.641505413405826,2.3028683538510486,2.3386370595547774,30,17,0.15348838,78.0
GGATTCGCATGGTCAG,GGATTCGCATGGTCAG,edge_gfp_minus,edge,GFP-,3.540322203723755,1.9219280948873625,1.618394108836393,30,26,0.23529413,22.0
ACCTGGACATGATCCC,ACCTGGACATGATCCC,edge_gfp_minus,edge,GFP-,2.313137415621172,0.5893640280267176,1.7237733875944543,35,25,0.5408163,107.0
CGTATCCCAAGGTACT,CGTATCCCAAGGTACT,edge_gfp_minus,edge,GFP-,0.4689955935892812,0.4689955935892812,-0.0,29,4,0.9,11.0
ACTGAACCAAGCGCGT,ACTGAACCAAGCGCGT,edge_gfp_minus,edge,GFP-,1.5,-0.0,1.5,35,34,0.5,6.0
TCCCGATCATGATCGG,TCCCGATCATGATCGG,edge_gfp_minus,edge,GFP-,5.687971696144173,3.083587370023807,2.604384326120366,27,34,0.10869565,71.0
CACTACCCAGGATACT,CACTACCCAGGATACT,edge_gfp_minus,edge,GFP-,4.225480556997868,1.5,2.725480556997868,2,6,0.11111111,13.0
GTGTAGTCACCTTGGT,GTGTAGTCACCTTGGT,edge_gfp_minus,edge,GFP-,1.0,1.0,-0.0,5,22,0.5,3.0
TATCGGGCAAAGGTTC,TATCGGGCAAAGGTTC,edge_gfp_minus,edge,GFP-,4.292856262728867,2.3862537998056386,1.906602462923228,30,21,0.25299892,215.0
CAACGATCACCACACT,CAACGATCACCACACT,edge_gfp_minus,edge,GFP-,2.297079327540665,0.9182958340544896,1.3787834934861751,37,25,0.38095242,10.0
AGCCAGCCATTACCTG,AGCCAGCCATTACCTG,edge_gfp_minus,edge,GFP-,5.632397289730292,2.669640242377851,2.9627570473524414,6,21,0.11626139,103.0
CGGTAATCAGCTCAGA,CGGTAATCAGCTCAGA,edge_gfp_minus,edge,GFP-,2.840223928941852,0.9182958340544896,1.9219280948873625,25,16,0.26666668,8.0
GGTGAGGCACATTAGA,GGTGAGGCACATTAGA,edge_gfp_minus,edge,GFP-,6.584962500721156,1.0,5.584962500721156,31,1,0.0,2.0
ACTACAACAATCTCGC,ACTACAACAATCTCGC,edge_gfp_minus,edge,GFP-,3.251629167387823,1.0,2.251629167387823,15,18,0.16666667,8.0
ATCAAGCCAAACCGAT,ATCAAGCCAAACCGAT,edge_gfp_minus,edge,GFP-,3.021928094887362,1.521928094887362,1.5,37,3,0.2,9.0
ACTTTCGCAGCATGGC,ACTTTCGCAGCATGGC,edge_gfp_minus,edge,GFP-,6.0,2.75,3.25,17,3,0.03125,24.0
TCCACACCAGGCTTGA,TCCACACCAGGCTTGA,edge_gfp_minus,edge,GFP-,3.082347705728236,1.497385205007079,1.584962500721156,17,14,0.24074075,21.0
GGCGGTTCAACTATCT,GGCGGTTCAACTATCT,edge_gfp_minus,edge,GFP-,6.562637663340524,3.367833182313623,3.1948044810269014,24,29,0.03907946,96.0
TATGCAACAATCTCGC,TATGCAACAATCTCGC,edge_gfp_minus,edge,GFP-,8.187529994593184,4.14860021052734,4.038929784065846,27,21,0.042606518,101.0
AACTCTTCAGTTGCAG,AACTCTTCAGTTGCAG,edge_gfp_minus,edge,GFP-,3.0,1.0,2.0,11,2,0.125,6.0
GTTCAGGCAAAGGCCC,GTTCAGGCAAAGGCCC,edge_gfp_minus,edge,GFP-,3.3894396557332955,1.404678473063571,1.9847611826697245,30,20,0.3030303,51.0
TCGGCAACAATTAGGC,TCGGCAACAATTAGGC,edge_gfp_minus,edge,GFP-,1.0,-0.0,1.0,24,9,0.5,4.0
CGACTAGCATAGGCCA,CGACTAGCATAGGCCA,edge_gfp_minus,edge,GFP-,7.432980344515476,3.865948849357893,3.5670314951575843,33,9,0.04152824,71.0
ATAGTCACACTCGGAA,ATAGTCACACTCGGAA,edge_gfp_minus,edge,GFP-,3.78241885702709,1.829899244743418,1.952519612283672,22,21,0.18619329,338.0
GCCACAACATGCTGAG,GCCACAACATGCTGAG,edge_gfp_minus,edge,GFP-,4.088034912202694,2.019240704636849,2.068794207565845,30,24,0.23571429,41.0
GCTCATCCAATTACTC,GCTCATCCAATTACTC,edge_gfp_minus,edge,GFP-,2.9010993776310645,1.0110932539699615,1.8900061236611028,24,17,0.47622424,240.0
ACAGCCACAAGCTCAG,ACAGCCACAAGCTCAG,edge_gfp_minus,edge,GFP-,11.169925001442312,5.584962500721156,5.584962500721156,1,1,0.0,0.0
CCGTTCGCAGGGCTTA,CCGTTCGCAGGGCTTA,edge_gfp_minus,edge,GFP-,5.195638937230621,2.692380602454975,2.5032583347756456,2,3,0.07936508,23.0
ATTGGCGCACCAGCTT,ATTGGCGCACCAGCTT,edge_gfp_minus,edge,GFP-,3.8109635777045328,2.146465798504072,1.664497779200461,13,12,0.26666668,22.0
TCTGACCCAAATCCTT,TCTGACCCAAATCCTT,edge_gfp_minus,edge,GFP-,8.762349914241266,4.4511049056663605,4.311245008574906,35,37,0.029055487,755.0
GGCCTAACACTAGGGC,GGCCTAACACTAGGGC,edge_gfp_minus,edge,GFP-,4.530271415616888,1.8784775129881184,2.6517939026287687,24,26,0.26006192,36.0
GGCTAATCACTTACTG,GGCTAATCACTTACTG,edge_gfp_minus,edge,GFP-,3.128085278891394,2.128085278891394,1.0,7,5,0.21428572,11.0
CCTATCACAAACCGGC,CCTATCACAAACCGGC,edge_gfp_minus,edge,GFP-,1.8423709931771084,1.8423709931771084,-0.0,24,28,0.42857143,8.0
TGTGCCTCAAGGGAAC,TGTGCCTCAAGGGAAC,edge_gfp_minus,edge,GFP-,9.243203412773498,4.5197840704592736,4.723419342314225,24,24,0.012357619,292.0
CACAAGTCAGGGCTTA,CACAAGTCAGGGCTTA,edge_gfp_minus,edge,GFP-,4.999747626002145,3.077819531114783,1.9219280948873625,9,33,0.075,21.0
TAGCCCTCAAGCTTAA,TAGCCCTCAAGCTTAA,edge_gfp_minus,edge,GFP-,4.001567726621419,1.6348224724072002,2.366745254214218,22,26,0.25757575,49.0
GTCTCACCAATTGGAC,GTCTCACCAATTGGAC,edge_gfp_minus,edge,GFP-,2.520426041486377,1.061278124459133,1.4591479170272446,32,24,0.375,14.0
TGGCTCTCAAAGGGTA,TGGCTCTCAAAGGGTA,edge_gfp_minus,edge,GFP-,2.9219280948873623,1.9219280948873625,1.0,37,12,0.2,7.0
TGCAAACCAGGATGCC,TGCAAACCAGGATGCC,edge_gfp_minus,edge,GFP-,2.311278124459133,0.8112781244591328,1.5,23,23,0.375,8.0
TAACGGTCAATCTAAG,TAACGGTCAATCTAAG,edge_gfp_minus,edge,GFP-,2.8114765761286504,1.2069084251518167,1.6045681509768337,28,16,0.2596154,76.0
GCACGGTCACTATACT,GCACGGTCACTATACT,edge_gfp_minus,edge,GFP-,1.533206219346495,0.8112781244591328,0.7219280948873623,24,7,0.6,9.0
GTAGCGCCAATCGTCC,GTAGCGCCAATCGTCC,edge_gfp_minus,edge,GFP-,1.3709505944546687,1.3709505944546687,-0.0,27,19,0.6,8.0
CCTGCCACATAAGTGC,CCTGCCACATAAGTGC,edge_gfp_minus,edge,GFP-,5.584962500721156,5.584962500721156,-0.0,1,28,0.0,14.0
ACAGACTCATCGACTC,ACAGACTCATCGACTC,edge_gfp_minus,edge,GFP-,2.584962500721156,1.584962500721156,1.0,21,30,0.16666667,5.0
GGCGAGACAGTTGCGA,GGCGAGACAGTTGCGA,edge_gfp_minus,edge,GFP-,4.7420157708981865,2.422775066261337,2.319240704636849,36,31,0.21153846,46.0
CAGGCACCAATATGCA,CAGGCACCAATATGCA,edge_gfp_minus,edge,GFP-,3.240223928941852,0.9182958340544896,2.321928094887362,15,7,0.13333334,8.0
GCAACATCATAATTGG,GCAACATCATAATTGG,edge_gfp_minus,edge,GFP-,4.590641091177833,3.005678590456677,1.584962500721156,48,6,0.095238104,24.0
ACTTACTCAAGTCGAT,ACTTACTCAAGTCGAT,edge_gfp_minus,edge,GFP-,7.584962500721156,2.0,5.584962500721156,12,1,0.0,4.0
TCCCTAACAACGGTGC,TCCCTAACAACGGTGC,edge_gfp_minus,edge,GFP-,4.699316719141754,2.1079721555566557,2.5913445635850985,24,18,0.20833333,106.0
AAACGGACAAGTGCAT,AAACGGACAAGTGCAT,edge_gfp_minus,edge,GFP-,3.3478062355746934,1.3868421881310118,1.9609640474436811,17,15,0.33333334,34.0
CATTCATCACTTGGAG,CATTCATCACTTGGAG,edge_gfp_minus,edge,GFP-,4.824526163134623,2.502598068247261,2.321928094887362,11,16,0.14736842,29.0
CCTGGTTCATGCGTTC,CCTGGTTCATGCGTTC,edge_gfp_minus,edge,GFP-,3.2580600556137345,1.51241284143745,1.7456472141762842,30,20,0.39278936,65.0
ATACTGACAATTGGAC,ATACTGACAATTGGAC,edge_gfp_minus,edge,GFP-,5.661963658832872,2.7989445200329515,2.8630191387999204,21,16,0.10647011,486.0
ACTTGGGCAGGATGGG,ACTTGGGCAGGATGGG,edge_gfp_minus,edge,GFP-,5.1013821620912925,2.5,2.601382162091293,14,8,0.0952381,29.0
CTGCATCCAACTAGGT,CTGCATCCAACTAGGT,edge_gfp_minus,edge,GFP-,4.020950594454669,2.25,1.7709505944546686,2,10,0.15,18.0
ATAATCGCATGGTACG,ATAATCGCATGGTACG,edge_gfp_minus,edge,GFP-,1.0,1.0,-0.0,35,29,0.5,3.0
CTAAATGCAAGCGCAC,CTAAATGCAAGCGCAC,edge_gfp_minus,edge,GFP-,5.323750048523182,2.918110986293616,2.4056390622295662,24,27,0.1375,38.0
GCGAATTCATGAAGTC,GCGAATTCATGAAGTC,edge_gfp_minus,edge,GFP-,2.0,1.0,1.0,11,18,0.25,6.0
GGCGGTTCATCATATC,GGCGGTTCATCATATC,edge_gfp_minus,edge,GFP-,3.169925001442312,1.584962500721156,1.584962500721156,11,5,0.11111112,6.0
GGGCATCCATGGCTGA,GGGCATCCATGGCTGA,edge_gfp_minus,edge,GFP-,1.584962500721156,-0.0,1.584962500721156,21,3,0.33333334,4.0
CATACTTCATAACTTC,CATACTTCATAACTTC,edge_gfp_minus,edge,GFP-,3.9068905956085183,2.321928094887362,1.584962500721156,8,12,0.06666667,8.0
CTTCAATCATTACATC,CTTCAATCATTACATC,edge_gfp_minus,edge,GFP-,4.506877555919305,1.9264334051048315,2.5804441508144738,35,29,0.33227995,309.0
ATGCCAGCATAATCAG,ATGCCAGCATAATCAG,edge_gfp_minus,edge,GFP-,5.472728911855763,2.7534343861887844,2.719294525666979,31,31,0.06593407,27.0
ACGGACCCAATGCCGA,ACGGACCCAATGCCGA,edge_gfp_minus,edge,GFP-,5.539648447667512,2.918295834054489,2.621352613613022,4,11,0.0462963,30.0
AGAGATGCAACCAGCA,AGAGATGCAACCAGCA,edge_gfp_minus,edge,GFP-,3.294250317020605,0.7595563653739031,2.534693951646702,24,20,0.352,75.0
AGTACCGCAACATTGA,AGTACCGCAACATTGA,edge_gfp_minus,edge,GFP-,6.785793771599128,3.174676593856984,3.611117177742144,21,14,0.081200786,255.0
AGTGGTTCAGCCAAGC,AGTGGTTCAGCCAAGC,edge_gfp_minus,edge,GFP-,7.2630604462640225,3.323231428797621,3.9398290174664017,43,8,0.023529412,49.0
TGCCTCGCATTCGTGC,TGCCTCGCATTCGTGC,edge_gfp_minus,edge,GFP-,7.169925001442312,5.584962500721156,1.584962500721156,1,14,0.0,3.0
GCTTTCACAATTAGGC,GCTTTCACAATTAGGC,edge_gfp_minus,edge,GFP-,3.584962500721156,1.0,2.584962500721156,3,4,0.083333336,8.0
GCGTAGCCACCTGGAA,GCGTAGCCACCTGGAA,edge_gfp_minus,edge,GFP-,1.5,-0.0,1.5,31,29,0.5,5.0
GCGAATTCATCGAACG,GCGAATTCATCGAACG,edge_gfp_minus,edge,GFP-,6.503258334775646,5.584962500721156,0.9182958340544896,1,26,0.0,3.0
GGACTTGCAACTTAGA,GGACTTGCAACTTAGA,edge_gfp_minus,edge,GFP-,4.04356873123068,2.521640636343318,1.521928094887362,2,1,0.11428572,12.0
TGTATTCCAATGAGCT,TGTATTCCAATGAGCT,edge_gfp_minus,edge,GFP-,4.333530312862034,1.9219280948873625,2.4116022179746714,37,23,0.12307693,18.0
GGACATTCATCCAAGG,GGACATTCATCCAAGG,edge_gfp_minus,edge,GFP-,5.472647754304802,2.747167197306934,2.725480556997868,11,7,0.0617284,27.0
AGCGCACCAGTACTAA,AGCGCACCAGTACTAA,edge_gfp_minus,edge,GFP-,3.1775904862091804,1.319035274338866,1.8585552118703144,24,19,0.3181818,31.0
CAAGCGCCATCCCAGT,CAAGCGCCATCCCAGT,edge_gfp_minus,edge,GFP-,4.89339793605535,3.100916685694772,1.792481250360578,14,34,0.11904762,27.0
TAAATCGCAACGGCTA,TAAATCGCAACGGCTA,edge_gfp_minus,edge,GFP-,3.212389172427917,1.3787834934861751,1.8336056789417416,33,24,0.34920636,25.0
CTGTGGACAATTGCTT,CTGTGGACAATTGCTT,edge_gfp_minus,edge,GFP-,4.069905327183089,1.8423709931771088,2.227534334005981,27,14,0.20496894,30.0
GTTCCCGCATGCTCGT,GTTCCCGCATGCTCGT,edge_gfp_minus,edge,GFP-,1.0,-0.0,1.0,25,15,0.5,3.0
TGCTGTCCATAATCAG,TGCTGTCCATAATCAG,edge_gfp_minus,edge,GFP-,1.9182958340544896,1.0,0.9182958340544896,18,28,0.33333334,5.0
AGACTCGCATCCTTAG,AGACTCGCATCCTTAG,edge_gfp_minus,edge,GFP-,3.273684376262023,2.3553885422075336,0.9182958340544896,27,26,0.22222224,18.0
GGCGATCCAACCCTTA,GGCGATCCAACCCTTA,edge_gfp_minus,edge,GFP-,1.0,-0.0,1.0,35,23,0.5,3.0
TCACAGGCATTCCTTC,TCACAGGCATTCCTTC,edge_gfp_minus,edge,GFP-,0.9182958340544896,-0.0,0.9182958340544896,24,22,0.6666667,4.0
GTGGATTCAAATCGCG,GTGGATTCAAATCGCG,edge_gfp_minus,edge,GFP-,4.657862883282999,1.9730529512395245,2.684809932043475,24,21,0.16692232,273.0
ATCGCCTCAGTTAGAC,ATCGCCTCAGTTAGAC,edge_gfp_minus,edge,GFP-,0.9182958340544896,-0.0,0.9182958340544896,24,33,0.6666667,5.0
GTACAACCACAAGGTT,GTACAACCACAAGGTT,edge_gfp_minus,edge,GFP-,0.9774178175281716,0.9774178175281716,-0.0,35,34,0.5882353,20.0
TGTAAGCCAAGCTAGT,TGTAAGCCAAGCTAGT,edge_gfp_minus,edge,GFP-,1.9273145575795771,1.4591479170272448,0.4681666405523325,24,27,0.46153846,32.0
GCCAAGCCATCCCGAT,GCCAAGCCATCCCGAT,edge_gfp_minus,edge,GFP-,2.321928094887362,-0.0,2.321928094887362,8,7,0.2,6.0
CACACCTCAACTCGTC,CACACCTCAACTCGTC,edge_gfp_minus,edge,GFP-,3.776589656684235,2.4056390622295662,1.3709505944546687,36,37,0.22500001,13.0
GCACAGCCAAATCGGT,GCACAGCCAAATCGGT,edge_gfp_minus,edge,GFP-,5.109067030142166,2.873140679513133,2.235926350629033,9,17,0.06593407,20.0
CTGATTTCATCCTCAA,CTGATTTCATCCTCAA,edge_gfp_minus,edge,GFP-,4.729028075172849,2.2825887305018338,2.4464393446710155,46,23,0.10000001,25.0
GGCGTTACAGTTGGGC,GGCGTTACAGTTGGGC,edge_gfp_minus,edge,GFP-,4.232979132098803,2.321928094887362,1.9110510372114409,24,26,0.12142857,33.0
GGACTCACACATTAGA,GGACTCACACATTAGA,edge_gfp_minus,edge,GFP-,8.793967747676039,4.545729278817673,4.248238468858366,42,31,0.013903371,305.0
TATCGTTCATCGGGTA,TATCGTTCATCGGGTA,edge_gfp_minus,edge,GFP-,3.2207230355827607,1.9219280948873625,1.2987949406953985,21,28,0.25,13.0
GTCATCCCACTATACT,GTCATCCCACTATACT,edge_gfp_minus,edge,GFP-,0.8112781244591328,-0.0,0.8112781244591328,35,41,0.75,7.0
GCCATCTCAATAGCGT,GCCATCTCAATAGCGT,edge_gfp_minus,edge,GFP-,5.00707824560805,2.353533948577482,2.6535442970305683,35,25,0.118343204,26.0
TGTATTCCAAGGGATA,TGTATTCCAAGGGATA,edge_gfp_minus,edge,GFP-,4.840223928941852,1.9182958340544891,2.9219280948873627,30,13,0.06666667,16.0
TCATGTTCAAGCTAGT,TCATGTTCAAGCTAGT,edge_gfp_minus,edge,GFP-,5.068774684229767,2.5219280948873624,2.5468465893424046,24,17,0.15238096,31.0
ATTCCGCCAACGGCTA,ATTCCGCCAACGGCTA,edge_gfp_minus,edge,GFP-,5.237798711140117,2.480938113854112,2.756860597286005,18,19,0.17142858,66.0
CATCGTCCAATCGGCA,CATCGTCCAATCGGCA,edge_gfp_minus,edge,GFP-,3.650013373778756,2.128085278891394,1.521928094887362,2,3,0.17142858,12.0
CATAAGCCAGTAATGC,CATAAGCCAGTAATGC,edge_gfp_minus,edge,GFP-,2.459147917027245,1.0,1.4591479170272448,17,7,0.25,10.0
TGCCTCGCAAGCGCGT,TGCCTCGCAAGCGCGT,edge_gfp_minus,edge,GFP-,3.6682958340544896,0.9182958340544896,2.75,18,19,0.16666667,11.0
CCTTGGTCACATAGCG,CCTTGGTCACATAGCG,edge_gfp_minus,edge,GFP-,5.953668832917419,2.839079570624175,3.114589262293244,43,20,0.0973913,48.0
CTGTACCCAACTTCAT,CTGTACCCAACTTCAT,edge_gfp_minus,edge,GFP-,5.031958251287345,2.9321143539216807,2.0998438973656643,19,28,0.16666667,59.0
CTACAGGCACTCAAGG,CTACAGGCACTCAAGG,edge_gfp_minus,edge,GFP-,5.584962500721156,-0.0,5.584962500721156,24,1,0.0,1.0
CATATAGCACAACCGA,CATATAGCACAACCGA,edge_gfp_minus,edge,GFP-,2.550340709546388,1.0,1.550340709546388,24,5,0.36363637,24.0
AGGCAGGCATGCTACC,AGGCAGGCATGCTACC,edge_gfp_minus,edge,GFP-,4.498939573903908,1.584962500721156,2.9139770731827523,2,7,0.060606062,14.0
ACGTAACCAAATGACC,ACGTAACCAAATGACC,edge_gfp_minus,edge,GFP-,5.584962500721156,-0.0,5.584962500721156,29,1,0.0,1.0
GTAGTTACACATTAAG,GTAGTTACACATTAAG,edge_gfp_minus,edge,GFP-,3.5249843634752422,1.1625336732554152,2.362450690219827,37,24,0.348659,56.0
ACTTCATCAGGGCATC,ACTTCATCAGGGCATC,edge_gfp_minus,edge,GFP-,3.79033254010104,1.3709505944546687,2.4193819456463714,19,29,0.20000002,14.0
CTGGATGCATCGGTCT,CTGGATGCATCGGTCT,edge_gfp_minus,edge,GFP-,3.2565153314796653,2.0048861640918427,1.2516291673878228,35,26,0.24242425,17.0
CCGTGTTCATAGATGC,CCGTGTTCATAGATGC,edge_gfp_minus,edge,GFP-,2.440223928941852,0.9182958340544896,1.521928094887362,29,25,0.26666668,8.0
AAGGGGTCACTTCGCG,AAGGGGTCACTTCGCG,edge_gfp_minus,edge,GFP-,4.878996696505731,2.569548995934459,2.309447700571272,29,33,0.10818121,80.0
TGGCTCTCATCGTACC,TGGCTCTCATCGTACC,edge_gfp_minus,edge,GFP-,1.9182958340544896,1.0,0.9182958340544896,17,11,0.33333334,5.0
GCGGGTTCAACTGCCT,GCGGGTTCAACTGCCT,edge_gfp_minus,edge,GFP-,2.0,1.0,1.0,27,12,0.25,4.0
GCCGAACCATAGGTGT,GCCGAACCATAGGTGT,edge_gfp_minus,edge,GFP-,5.574268406894656,3.621175542919471,1.9530928639751848,24,7,0.10194903,52.0
ACTACCCCAGGACTTG,ACTACCCCAGGACTTG,edge_gfp_minus,edge,GFP-,4.525773237126884,1.7723388509380995,2.753434386188785,14,7,0.12244899,35.0
CCCTACGCATTACACT,CCCTACGCATTACACT,edge_gfp_minus,edge,GFP-,8.503951658861329,3.78017952029656,4.723772138564769,29,26,0.02519024,214.0
CTACGTCCACAACCTC,CTACGTCCACAACCTC,edge_gfp_minus,edge,GFP-,3.060986113514965,1.8365916681089791,1.224394445405986,39,7,0.2962963,18.0
CAACCCTCAACTAGCG,CAACCCTCAACTAGCG,edge_gfp_minus,edge,GFP-,1.9182958340544896,1.0,0.9182958340544896,27,5,0.33333334,5.0
ACCAAATTCAGGTAGG,ACCAAATTCAGGTAGG,core_gfp_plus,core,GFP+,2.584962500721156,1.584962500721156,1.0,3,8,0.16666667,5.0
GCGATGTTCCATCTAC,GCGATGTTCCATCTAC,core_gfp_plus,core,GFP+,7.095468079695968,3.1556390622295662,3.9398290174664017,26,30,0.033088237,50.0
TGCCATTTCCCAGGAT,TGCCATTTCCCAGGAT,core_gfp_plus,core,GFP+,3.821928094887362,1.5,2.321928094887362,8,16,0.1,9.0
CCAAATGTCGACTACA,CCAAATGTCGACTACA,core_gfp_plus,core,GFP+,7.39223186985042,3.684183719779189,3.708048150071231,7,32,0.033333335,47.0
TAACCGATCTAGCCAA,TAACCGATCTAGCCAA,core_gfp_plus,core,GFP+,5.120950594454669,2.3709505944546687,2.75,13,23,0.075,18.0
AATATGCTCTATGCCT,AATATGCTCTATGCCT,core_gfp_plus,core,GFP+,5.946593384480909,2.896291529045928,3.0503018554349817,21,25,0.04511278,33.0
TGTCCCATCAAGTAGA,TGTCCCATCAAGTAGA,core_gfp_plus,core,GFP+,11.169925001442312,5.584962500721156,5.584962500721156,1,1,0.0,0.0
CATACCTTCTGTCATC,CATACCTTCTGTCATC,core_gfp_plus,core,GFP+,4.088220835496802,2.5032583347756456,1.584962500721156,24,17,0.074074075,12.0
TGCCTGCTCCTGTCTG,TGCCTGCTCCTGTCTG,core_gfp_plus,core,GFP+,6.942816526529719,3.097651454059932,3.8451650724697872,14,33,0.10852787,780.0
CTAAGGCTCGATCGGT,CTAAGGCTCGATCGGT,core_gfp_plus,core,GFP+,7.169925001442312,5.584962500721156,1.584962500721156,1,26,0.0,3.0
CTCTTAATCGCTGAGT,CTCTTAATCGCTGAGT,core_gfp_plus,core,GFP+,2.584962500721156,1.0,1.584962500721156,19,17,0.16666667,5.0
CCCATTGTCCTTGGTT,CCCATTGTCCTTGGTT,core_gfp_plus,core,GFP+,9.02078887898636,4.382729298587792,4.638059580398567,29,23,0.021416863,574.0
TCGTCATTCTAGTCGA,TCGTCATTCTAGTCGA,core_gfp_plus,core,GFP+,6.480660140391831,2.8073904508767225,3.673269689515109,27,19,0.06153846,38.0
ATCGTAGTCCTCATTA,ATCGTAGTCCTCATTA,core_gfp_plus,core,GFP+,7.99096369497272,3.678251748090864,4.312711946881856,17,39,0.028368898,745.0
CTGTCGCTCGTGACCG,CTGTCGCTCGTGACCG,core_gfp_plus,core,GFP+,6.491107679536642,3.089884504925112,3.4012231746115296,20,25,0.09893966,227.0
GTCGGATTCCAGCAAC,GTCGGATTCCAGCAAC,core_gfp_plus,core,GFP+,9.57861534264369,4.522395231214242,5.0562201114294485,10,27,0.01937869,1445.0
TCATTCATCCACCGCT,TCATTCATCCACCGCT,core_gfp_plus,core,GFP+,7.309307305046443,3.6145339076766616,3.694773397369781,32,17,0.039945204,271.0
GCGTTCCTCTAGCCAA,GCGTTCCTCTAGCCAA,core_gfp_plus,core,GFP+,7.321718196182916,3.663993916309314,3.6577242798736025,16,39,0.0686034,810.0
GGAAGCATCATCGAGC,GGAAGCATCATCGAGC,core_gfp_plus,core,GFP+,8.194342034353962,4.547902689682947,3.646439344671016,12,7,0.01607143,76.0
GCTCAAATCGTGACCG,GCTCAAATCGTGACCG,core_gfp_plus,core,GFP+,5.692924524886934,3.1349662224612103,2.557958302425723,33,29,0.09533898,107.0
TGGGGTTTCCGCACCT,TGGGGTTTCCGCACCT,core_gfp_plus,core,GFP+,3.643856189774725,1.521928094887362,2.121928094887362,17,39,0.16000001,15.0
TACTTCATCCTGAGTA,TACTTCATCCTGAGTA,core_gfp_plus,core,GFP+,3.754992281813235,2.128347048457014,1.626645233356221,15,26,0.22173913,369.0
CAACTGATCTAGCTCT,CAACTGATCTAGCTCT,core_gfp_plus,core,GFP+,8.871636827917843,4.245914957567951,4.625721870349891,30,26,0.02544218,245.0
AATGACTTCCCCTTAG,AATGACTTCCCCTTAG,core_gfp_plus,core,GFP+,8.332475583684069,4.229847061314466,4.102628522369603,22,31,0.047260378,331.0
AATGGCCTCTCACTGT,AATGGCCTCTCACTGT,core_gfp_plus,core,GFP+,5.073231428797621,3.323231428797621,1.75,42,37,0.1,23.0
GGTTAGCTCACACCGG,GGTTAGCTCACACCGG,core_gfp_plus,core,GFP+,5.406983197643839,2.321928094887362,3.0850551027564768,16,12,0.030769233,18.0
GGTAATTTCCAATGAT,GGTAATTTCCAATGAT,core_gfp_plus,core,GFP+,4.9859263506290326,2.235926350629033,2.75,29,29,0.071428575,15.0
GCAAACCTCCCAGGAT,GCAAACCTCCCAGGAT,core_gfp_plus,core,GFP+,7.782695261821926,3.785742289339092,3.996952972482835,40,43,0.032842107,170.0
GCCTGCTTCCCAGATA,GCCTGCTTCCCAGATA,core_gfp_plus,core,GFP+,7.372748636754432,3.878068268345523,3.4946803684089085,15,11,0.021008406,62.0
CACAACATCCTGCTAT,CACAACATCCTGCTAT,core_gfp_plus,core,GFP+,6.520597076051461,2.822708132636308,3.697888943415153,20,15,0.06684918,252.0
TGGATATTCACATGAT,TGGATATTCACATGAT,core_gfp_plus,core,GFP+,8.256953490292418,3.81916699797019,4.437786492322228,17,37,0.049068794,555.0
CACAACATCCAGCTAA,CACAACATCCAGCTAA,core_gfp_plus,core,GFP+,7.670354817746424,4.04804500498668,3.622309812759744,39,46,0.052910056,102.0
CCCTAATTCCCCATCA,CCCTAATTCCCCATCA,core_gfp_plus,core,GFP+,6.130157950064534,3.2446449196646525,2.8855130303998817,13,21,0.08130082,59.0
CTAATGGTCGTTACTC,CTAATGGTCGTTACTC,core_gfp_plus,core,GFP+,6.631609390558417,2.8565483770800286,3.775061013478388,20,38,0.12519895,275.0
ATCCGGGTCCTGATGA,ATCCGGGTCCTGATGA,core_gfp_plus,core,GFP+,7.1539532200262,3.227849677515196,3.926103542511004,35,23,0.039039038,82.0
CTGTAAGTCGCGCAAT,CTGTAAGTCGCGCAAT,core_gfp_plus,core,GFP+,8.713172556942725,4.502421641796317,4.210750915146408,14,39,0.030612245,139.0
GTAGCTATCGCTCTGC,GTAGCTATCGCTCTGC,core_gfp_plus,core,GFP+,7.699277767952847,3.886786676004864,3.812491091947983,21,15,0.036428027,126.0
ACCCTCATCGTGCAAC,ACCCTCATCGTGCAAC,core_gfp_plus,core,GFP+,8.28279581316329,4.244485217548284,4.038310595615005,35,22,0.02479339,110.0
AACGCTATCCCATGAA,AACGCTATCCCATGAA,core_gfp_plus,core,GFP+,7.476502643377211,3.314715527631499,4.161787115745712,20,39,0.041102514,386.0
AGCGCCATCATCGTTC,AGCGCCATCATCGTTC,core_gfp_plus,core,GFP+,9.849980673606757,4.761900442113555,5.0880802314932,24,47,0.01152816,1183.0
ACATCCTTCACGCAGT,ACATCCTTCACGCAGT,core_gfp_plus,core,GFP+,7.267431028650482,3.2445676662811307,4.022863362369352,17,37,0.0710251,479.0
CCTTCCTTCCTTAGAG,CCTTCCTTCCTTAGAG,core_gfp_plus,core,GFP+,6.726212301176636,3.64124980045548,3.084962500721156,6,9,0.030303031,34.0
ACAGGCTTCCGCTGTC,ACAGGCTTCCGCTGTC,core_gfp_plus,core,GFP+,5.700720481747869,2.526026530101166,3.1746939516467023,26,32,0.080000006,55.0
CACCAAATCATCTGGA,CACCAAATCATCTGGA,core_gfp_plus,core,GFP+,2.0,1.0,1.0,14,7,0.25,4.0
GGGTCATTCCTGGTAA,GGGTCATTCCTGGTAA,core_gfp_plus,core,GFP+,7.15247862471216,3.03857447596786,4.113904148744299,24,47,0.05320946,101.0
ACCTAAGTCCGCCACT,ACCTAAGTCCGCCACT,core_gfp_plus,core,GFP+,4.297178299828965,1.058277043226334,3.238901256602631,14,29,0.1214575,32.0
CCTTCGATCGTGATTG,CCTTCGATCGTGATTG,core_gfp_plus,core,GFP+,8.177343033399081,4.367262012877351,3.81008102052173,21,47,0.018518519,83.0
CTCTTAATCACCAAGC,CTCTTAATCACCAAGC,core_gfp_plus,core,GFP+,7.488262463608773,3.730576804983365,3.757685658625409,24,16,0.04511278,87.0
GTTACCTTCAGTTGGC,GTTACCTTCAGTTGGC,core_gfp_plus,core,GFP+,6.4397138623288965,3.136248672727249,3.303465189601648,12,26,0.09142857,67.0
ATACTCCTCCTTCCAG,ATACTCCTCCTTCCAG,core_gfp_plus,core,GFP+,5.645906278402984,2.6384600665861555,3.007446211816829,27,15,0.108225115,47.0
AAACGAATCGAATGGG,AAACGAATCGAATGGG,core_gfp_plus,core,GFP+,6.247619459046723,3.0860486238704348,3.1615708351762883,38,38,0.11396012,53.0
CTATCGTTCTGTGGAC,CTATCGTTCTGTGGAC,core_gfp_plus,core,GFP+,7.610769301115832,4.175070520364182,3.4356987807516504,14,4,0.0375,68.0
TACATCCTCTGTAACG,TACATCCTCTGTAACG,core_gfp_plus,core,GFP+,5.280268479226398,2.251629167387823,3.0286393118385746,34,25,0.078431375,23.0
TCCCAATTCCTGACCC,TCCCAATTCCTGACCC,core_gfp_plus,core,GFP+,7.136561864797304,3.33750531653636,3.799056548260944,28,37,0.039663464,129.0
AACTTCCTCATGCCGG,AACTTCCTCATGCCGG,core_gfp_plus,core,GFP+,7.925890045000285,3.664294912008273,4.261595132992012,35,47,0.038135592,329.0
GGTCGATTCAATCTCC,GGTCGATTCAATCTCC,core_gfp_plus,core,GFP+,6.290191503463452,3.2516291673878226,3.03856233607563,31,40,0.0462963,30.0
CGTTGGGTCCAGATCA,CGTTGGGTCCAGATCA,core_gfp_plus,core,GFP+,8.11908757845167,4.33277662217326,3.7863109562784096,27,33,0.051724136,141.0
TATCGCTTCCACCTAT,TATCGCTTCCACCTAT,core_gfp_plus,core,GFP+,5.640510633528807,2.4217533721231863,3.218757261405621,14,28,0.13303769,63.0
GGCGATTTCAGGTCAC,GGCGATTTCAGGTCAC,core_gfp_plus,core,GFP+,7.636981847512208,3.757838593553597,3.879143253958612,20,38,0.042578354,146.0
CAATCCTTCCCTGTAT,CAATCCTTCCCTGTAT,core_gfp_plus,core,GFP+,7.051463676337856,3.430348781704189,3.621114894633667,5,45,0.063806385,164.0
GGAAGATTCACCTGCC,GGAAGATTCACCTGCC,core_gfp_plus,core,GFP+,7.996418160199277,4.51118417945087,3.485233980748407,14,47,0.051886793,117.0
ATCTTCATCCATGCTT,ATCTTCATCCATGCTT,core_gfp_plus,core,GFP+,7.554448199871802,3.588047177524631,3.966401022347171,12,32,0.06037736,211.0
ATCTGGATCATGCCAA,ATCTGGATCATGCCAA,core_gfp_plus,core,GFP+,2.631722617427407,0.8255535028063374,1.8061691146210697,20,46,0.5226334,909.0
ACGTCCCTCAGTATGT,ACGTCCCTCAGTATGT,core_gfp_plus,core,GFP+,8.79288335900775,4.815142612783457,3.977740746224292,6,47,0.02656235,499.0
ATGGACCTCGTGAACC,ATGGACCTCGTGAACC,core_gfp_plus,core,GFP+,7.506670297532763,4.169409573311835,3.337260724220928,45,40,0.05028736,239.0
ATACGATTCGACTAGC,ATACGATTCGACTAGC,core_gfp_plus,core,GFP+,7.704470416309835,4.2629790410707376,3.4414913752390976,14,31,0.023539666,68.0
GTAAGCCTCGCTGATA,GTAAGCCTCGCTGATA,core_gfp_plus,core,GFP+,9.266854453512227,4.289646115859377,4.977208337652852,35,27,0.01861828,370.0
GCGACATTCACTCATC,GCGACATTCACTCATC,core_gfp_plus,core,GFP+,5.658114724049517,3.013629716358308,2.644485007691209,22,22,0.12698413,282.0
AGCGCCATCTCACATC,AGCGCCATCTCACATC,core_gfp_plus,core,GFP+,7.128235285580418,3.4592633192458413,3.668971966334577,24,24,0.028581135,289.0
GTGCGATTCAGGAACG,GTGCGATTCAGGAACG,core_gfp_plus,core,GFP+,9.566572330304211,4.621814591214029,4.944757739090182,31,48,0.01603021,474.0
CACAAGCTCATGCGCG,CACAAGCTCATGCGCG,core_gfp_plus,core,GFP+,7.089792026342247,3.1373521787856875,3.95243984755656,28,39,0.07424678,150.0
CCCTTGATCGCATACA,CCCTTGATCGCATACA,core_gfp_plus,core,GFP+,7.49054134428403,3.536098769589457,3.954442574694573,19,24,0.033222593,78.0
CGCAATATCGATTGAT,CGCAATATCGATTGAT,core_gfp_plus,core,GFP+,5.195694741839516,2.5492553971685,2.6464393446710157,20,19,0.10000001,25.0
CTTCGATTCTGGTCAA,CTTCGATTCTGGTCAA,core_gfp_plus,core,GFP+,-0.0,-0.0,-0.0,37,26,1.0,3.0
AATCGGCTCGTACTTC,AATCGGCTCGTACTTC,core_gfp_plus,core,GFP+,8.544040512343368,4.042481250360578,4.50155926198279,17,26,0.03177966,107.0
ATCACCTTCAGCGACT,ATCACCTTCAGCGACT,core_gfp_plus,core,GFP+,6.859779643116761,3.105337797403416,3.7544418457133455,35,22,0.051136367,54.0
ATCTTGCTCAAGTCGC,ATCTTGCTCAAGTCGC,core_gfp_plus,core,GFP+,10.084568393652429,5.004992977527758,5.079575416124672,31,41,0.011241719,905.0
CCCATCATCCATTACC,CCCATCATCCATTACC,core_gfp_plus,core,GFP+,5.762814724547948,2.989845126622941,2.772969597925007,24,38,0.16237763,175.0
CAAGGGATCCCTCGGT,CAAGGGATCCCTCGGT,core_gfp_plus,core,GFP+,4.349209684923908,2.235926350629033,2.113283334294875,3,12,0.095238104,16.0
ACAGCTATCGTGAGTC,ACAGCTATCGTGAGTC,core_gfp_plus,core,GFP+,5.662685775933307,2.7044669924957407,2.958218783437565,11,36,0.08340441,1487.0
TCATAGGTCGTTACAG,TCATAGGTCGTTACAG,core_gfp_plus,core,GFP+,8.146934940436491,4.122476875160846,4.024458065275645,17,5,0.024316108,96.0
AGCTATGTCCTCATAC,AGCTATGTCCTCATAC,core_gfp_plus,core,GFP+,7.799158780725459,3.519206711474439,4.279952069251022,30,37,0.038593482,205.0
AGCAACCTCCGCTGTC,AGCAACCTCCGCTGTC,core_gfp_plus,core,GFP+,7.010362455652427,3.535174565635903,3.475187890016524,20,6,0.05357143,53.0
GGTCTCCTCCAGGTGT,GGTCTCCTCCAGGTGT,core_gfp_plus,core,GFP+,7.534676706832538,3.3382021906124595,4.196474516220079,22,24,0.033206504,108.0
ACCTACTTCTAGTAAC,ACCTACTTCTAGTAAC,core_gfp_plus,core,GFP+,6.696672608380085,2.928860453403872,3.767812154976214,20,42,0.09588984,313.0
GGTAGGATCACATTGG,GGTAGGATCACATTGG,core_gfp_plus,core,GFP+,4.641683717231549,2.0687020205356887,2.572981696695861,29,21,0.20190185,843.0
CTCCTAGTCAGGTTCA,CTCCTAGTCAGGTTCA,core_gfp_plus,core,GFP+,8.562986213513847,4.342869020155026,4.220117193358821,10,10,0.030632136,120.0
CGTGGATTCAGGCTCG,CGTGGATTCAGGCTCG,core_gfp_plus,core,GFP+,6.495722523668464,3.369331261111518,3.126391262556946,22,26,0.06370656,65.0
ACCCAAATCAATTGCG,ACCCAAATCAATTGCG,core_gfp_plus,core,GFP+,1.5545851693377997,-0.0,1.5545851693377997,11,33,0.41666666,13.0
CTGACAATCACACCTT,CTGACAATCACACCTT,core_gfp_plus,core,GFP+,8.412530703470821,4.119670546085142,4.292860157385679,35,15,0.027859239,223.0
ACCTGGGTCAATTGCG,ACCTGGGTCAATTGCG,core_gfp_plus,core,GFP+,8.861675691349031,4.558002793522354,4.303672897826679,3,37,0.03415978,319.0
TATCTGCTCGTTAGCA,TATCTGCTCGTTAGCA,core_gfp_plus,core,GFP+,5.941380027427204,2.367445131143149,3.573934896284056,20,33,0.08854167,56.0
CGAAGGATCAGGAGCA,CGAAGGATCAGGAGCA,core_gfp_plus,core,GFP+,7.456758008446624,3.5313473732059,3.925410635240723,23,25,0.047740836,103.0
GGCTTAATCTGGTAGC,GGCTTAATCTGGTAGC,core_gfp_plus,core,GFP+,6.289270539663561,3.045642138158824,3.243628401504737,39,39,0.10959266,287.0
CTACGGGTCAGGGATG,CTACGGGTCAGGGATG,core_gfp_plus,core,GFP+,5.851459861987319,2.459147917027245,3.392311944960074,12,39,0.06428572,47.0
ATGCAGCTCCCAGTCC,ATGCAGCTCCCAGTCC,core_gfp_plus,core,GFP+,4.635417869717586,2.348687589547692,2.2867302801698943,16,28,0.23182522,312.0
GGCGCTATCACGTACA,GGCGCTATCACGTACA,core_gfp_plus,core,GFP+,5.9579927943887725,2.5831824267820296,3.374810367606744,25,26,0.1356132,101.0
ACTGTGATCGCATGAC,ACTGTGATCGCATGAC,core_gfp_plus,core,GFP+,6.813170953608772,3.378783493486175,3.434387460122597,23,46,0.044334974,43.0
CCTTATATCCGCCATC,CCTTATATCCGCCATC,core_gfp_plus,core,GFP+,6.153979560911717,2.437058344177156,3.716921216734561,24,38,0.13307908,153.0
CAATCCTTCACGCATA,CAATCCTTCACGCATA,core_gfp_plus,core,GFP+,6.0767186267570334,3.3815804883091625,2.695138138447871,39,37,0.11253197,40.0
CGTACCCTCCGGAGTT,CGTACCCTCCGGAGTT,core_gfp_plus,core,GFP+,6.843591027662908,3.2778451679802654,3.5657458596826435,11,39,0.06572614,541.0
ACCTGGGTCGTCTCTG,ACCTGGGTCGTCTCTG,core_gfp_plus,core,GFP+,6.496118023754072,2.86917846521006,3.626939558544012,17,46,0.0625,99.0
AATCGGCTCAGGTTGC,AATCGGCTCAGGTTGC,core_gfp_plus,core,GFP+,6.878209837950435,3.226730915057127,3.651478922893309,41,39,0.04058442,50.0
CCATGCCTCAATCGGC,CCATGCCTCAATCGGC,core_gfp_plus,core,GFP+,7.636049053342292,3.580519715047389,4.055529338294902,17,30,0.051658116,683.0
GCTTACTTCGCGTCGA,GCTTACTTCGCGTCGA,core_gfp_plus,core,GFP+,8.335681954291273,4.174061780021725,4.161620174269548,35,25,0.027819175,127.0
AGGCGTTTCGACCCGA,AGGCGTTTCGACCCGA,core_gfp_plus,core,GFP+,6.925628813894999,3.456564762130954,3.469064051764045,23,21,0.058064517,46.0
GCATTGATCCCAGTCC,GCATTGATCCCAGTCC,core_gfp_plus,core,GFP+,1.9182958340544896,1.0,0.9182958340544896,17,24,0.33333334,5.0
TACCGCCTCACACACA,TACCGCCTCACACACA,core_gfp_plus,core,GFP+,7.075362481076148,3.321928094887362,3.753434386188785,5,26,0.014285715,38.0
CCTCAATTCTAGATAC,CCTCAATTCTAGATAC,core_gfp_plus,core,GFP+,7.157196367033547,3.783783409004101,3.373412958029445,14,28,0.0375,82.0
CTTGCATTCCTGCGAG,CTTGCATTCCTGCGAG,core_gfp_plus,core,GFP+,6.946751873279579,3.122076255915516,3.824675617364063,22,37,0.062850885,243.0
GTTGCAATCCTGATAG,GTTGCAATCCTGATAG,core_gfp_plus,core,GFP+,6.38446304129951,3.086394529240671,3.2980685120588387,41,43,0.07058824,81.0
CACTCCATCCGGTAGT,CACTCCATCCGGTAGT,core_gfp_plus,core,GFP+,6.741796856947821,2.9740169269034054,3.767779930044416,20,37,0.07543521,91.0
GGAGCAATCGCGATGT,GGAGCAATCGCGATGT,core_gfp_plus,core,GFP+,8.029165322665111,4.019031613270382,4.01013370939473,45,25,0.03353973,91.0
GGATGCTTCTTGACTC,GGATGCTTCTTGACTC,core_gfp_plus,core,GFP+,4.906782562874283,3.0391486719030705,1.8676338909712125,3,48,0.11688312,25.0
ACTGCAATCCTTCCTC,ACTGCAATCCTTCCTC,core_gfp_plus,core,GFP+,6.689247662338987,3.123219672335508,3.5660279900034797,23,43,0.040697675,83.0
AACCTGATCCGTAAGC,AACCTGATCCGTAAGC,core_gfp_plus,core,GFP+,6.189236831056583,3.0022995651730096,3.1869372658835737,22,22,0.074064925,221.0
GTTCGAATCTATGGTG,GTTCGAATCTATGGTG,core_gfp_plus,core,GFP+,6.209048754577703,3.515053060814086,2.693995693763617,16,39,0.17281522,3471.0
CTTCTCCTCAGGCTTA,CTTCTCCTCAGGCTTA,core_gfp_plus,core,GFP+,6.064083511770376,3.208694969562842,2.8553885422075336,24,20,0.075,32.0
TACTACCTCCCTGTCA,TACTACCTCCCTGTCA,core_gfp_plus,core,GFP+,8.067263153147113,3.830071977495916,4.237191175651197,19,47,0.060355663,966.0
GCTAAATTCTGGTAAT,GCTAAATTCTGGTAAT,core_gfp_plus,core,GFP+,5.998693273035942,3.372878689342031,2.625814583693911,42,2,0.06,37.0
CTGAACATCGTACTTC,CTGAACATCGTACTTC,core_gfp_plus,core,GFP+,6.134041961784898,3.371254932983554,2.762787028801344,1,38,0.14178187,233.0
ATATCCCTCGTAGTGC,ATATCCCTCGTAGTGC,core_gfp_plus,core,GFP+,4.792481278681778,2.263669097796744,2.528812180885033,35,33,0.26648802,636.0
CACAGGTTCGTAACCA,CACAGGTTCGTAACCA,core_gfp_plus,core,GFP+,7.418490518290744,3.880179922675738,3.538310595615006,8,2,0.01948052,43.0
CCCACGTTCGAACGCT,CCCACGTTCGAACGCT,core_gfp_plus,core,GFP+,6.762232375849783,3.520378406327283,3.2418539695225004,26,39,0.080148116,275.0
GGTAGCTTCGCGTGAT,GGTAGCTTCGCGTGAT,core_gfp_plus,core,GFP+,6.858660628680356,3.3841556405749253,3.4745049881054304,24,26,0.041666668,86.0
GGCAAAGTCATGTAAC,GGCAAAGTCATGTAAC,core_gfp_plus,core,GFP+,5.482241792199874,2.7219280948873625,2.7603136973125117,17,21,0.06315789,29.0
ATCCAAGTCAATGGAA,ATCCAAGTCAATGGAA,core_gfp_plus,core,GFP+,8.263610798306434,3.9295839181519794,4.334026880154454,20,30,0.048237756,170.0
ACAGTTGTCACTCCTG,ACAGTTGTCACTCCTG,core_gfp_plus,core,GFP+,7.89239545437204,3.395595056712276,4.496800397659764,24,43,0.045939542,465.0
TGCCATTTCACGGCCA,TGCCATTTCACGGCCA,core_gfp_plus,core,GFP+,6.515698038341304,3.1878785072265208,3.327819531114783,20,21,0.042613637,38.0
AGACGGATCTCACCAT,AGACGGATCTCACCAT,core_gfp_plus,core,GFP+,7.1162837524316105,3.129107554596371,3.98717619783524,24,26,0.06451613,125.0
ACTGGGTTCTAGTCCT,ACTGGGTTCTAGTCCT,core_gfp_plus,core,GFP+,4.715384675642632,2.409399310100173,2.305985365542459,21,23,0.21197748,287.0
ACTCTGTTCCGGTTAA,ACTCTGTTCCGGTTAA,core_gfp_plus,core,GFP+,7.36851467815364,3.784897702756408,3.5836169753972325,31,21,0.024630543,57.0
CTATGGATCTATGTCC,CTATGGATCTATGTCC,core_gfp_plus,core,GFP+,6.137418563038882,3.663223968235237,2.474194594803645,35,20,0.09946809,127.0
GTGTCCCTCGATTAGT,GTGTCCCTCGATTAGT,core_gfp_plus,core,GFP+,6.465518869779789,3.614369445886756,2.851149423893032,11,41,0.026455026,39.0
GTGTTAGTCACGCAGT,GTGTTAGTCACGCAGT,core_gfp_plus,core,GFP+,6.637223357008136,2.928029461868029,3.709193895140107,17,15,0.08478081,197.0
GGGATAGTCCCTCTGA,GGGATAGTCCCTCTGA,core_gfp_plus,core,GFP+,7.876771304730269,3.90739234951012,3.9693789552201495,30,34,0.026190478,130.0
CTCGCTATCATCGAAT,CTCGCTATCATCGAAT,core_gfp_plus,core,GFP+,5.945653278911359,2.029526332323075,3.916126946588284,24,8,0.05714286,46.0
GCGGTCATCCTGGTAA,GCGGTCATCCTGGTAA,core_gfp_plus,core,GFP+,8.068161129390258,4.118426977631661,3.949734151758598,20,21,0.02511774,101.0
CCCACGTTCCAGCCTC,CCCACGTTCCAGCCTC,core_gfp_plus,core,GFP+,6.584957273458269,2.989884160429553,3.5950731130287155,20,15,0.08526836,182.0
CGATCCCTCCGCACTC,CGATCCCTCCGCACTC,core_gfp_plus,core,GFP+,9.79597562242943,4.810497956723965,4.9854776657054645,23,43,0.009430851,986.0
GTGTGGTTCAATTGCG,GTGTGGTTCAATTGCG,core_gfp_plus,core,GFP+,7.127808819374362,3.576617644908666,3.5511911744656963,11,46,0.03432494,42.0
AACTTGGTCAGGTCTA,AACTTGGTCAGGTCTA,core_gfp_plus,core,GFP+,8.36514703498257,4.10402132839153,4.26112570659104,35,37,0.065760195,1529.0
AGTGTTGTCAGGTCTA,AGTGTTGTCAGGTCTA,core_gfp_plus,core,GFP+,7.63155299491774,3.303733463802957,4.327819531114783,41,18,0.0390625,116.0
CCCAATTTCCGGTTCC,CCCAATTTCCGGTTCC,core_gfp_plus,core,GFP+,6.780605545943276,3.045388018685979,3.7352175272572974,20,45,0.103270225,167.0
GGCGATTTCACCTACT,GGCGATTTCACCTACT,core_gfp_plus,core,GFP+,7.557731296186033,3.3651836409675155,4.192547655218517,20,40,0.040441178,165.0
CGCTTGCTCAGGACAG,CGCTTGCTCAGGACAG,core_gfp_plus,core,GFP+,8.825399695598568,4.232133417313104,4.593266278285464,18,38,0.0188902,143.0
TCAACCTTCCCTCAGC,TCAACCTTCCCTCAGC,core_gfp_plus,core,GFP+,6.041244314641432,2.8304557353030515,3.210788579338381,30,39,0.10190158,166.0
TCGCATTTCGATGCCG,TCGCATTTCGATGCCG,core_gfp_plus,core,GFP+,5.001762063632347,2.5322535340397483,2.469508529592598,17,28,0.19097222,59.0
CCCTATGTCATGCAAT,CCCTATGTCATGCAAT,core_gfp_plus,core,GFP+,5.639557467110716,3.220175521464345,2.4193819456463714,17,21,0.05555556,33.0
CACCTATTCGTGACCG,CACCTATTCGTGACCG,core_gfp_plus,core,GFP+,4.738164538148185,2.262359313959162,2.4758052241890227,13,33,0.13597918,82.0
CAACCAATCCTGAATG,CAACCAATCCTGAATG,core_gfp_plus,core,GFP+,2.396240625180289,1.584962500721156,0.8112781244591328,16,25,0.25,11.0
CCTGGCTTCCTGCGAG,CCTGGCTTCCTGCGAG,core_gfp_plus,core,GFP+,7.061881025501878,3.350630264865871,3.7112507606360072,24,26,0.05400982,146.0
TACACCTTCAGTAATC,TACACCTTCAGTAATC,core_gfp_plus,core,GFP+,5.428029156574135,2.303455330013745,3.1245738265603897,12,33,0.15745729,162.0
TAACTGGTCACATTGG,TAACTGGTCACATTGG,core_gfp_plus,core,GFP+,6.291114790714428,3.1346026962555835,3.1565120944588445,35,18,0.116197184,119.0
CTACTGTTCAGCAGGA,CTACTGTTCAGCAGGA,core_gfp_plus,core,GFP+,6.243489001703321,3.208396608404416,3.035092393298905,12,29,0.1081081,103.0
GTCCTCATCAATGTGT,GTCCTCATCAATGTGT,core_gfp_plus,core,GFP+,6.999442188906687,3.0634849901585675,3.93595719874812,23,41,0.05940407,415.0
GTCCTGCTCCAGCCGA,GTCCTGCTCCAGCCGA,core_gfp_plus,core,GFP+,5.960132479300489,3.616874605956221,2.343257873344267,12,4,0.048442908,34.0
GTATCCTTCCCCAGGA,GTATCCTTCCCCAGGA,core_gfp_plus,core,GFP+,8.435174527076704,4.263313653112508,4.171860873964197,30,22,0.01948052,79.0
CGTTGCCTCGCATTGA,CGTTGCCTCGCATTGA,core_gfp_plus,core,GFP+,5.577392207264647,2.3553885422075336,3.2220036650571133,31,26,0.09219858,59.0
GTCAAGCTCACTCAGA,GTCAAGCTCACTCAGA,core_gfp_plus,core,GFP+,8.369907446728881,4.065390665852046,4.304516780876834,27,43,0.06690562,312.0
AAAGTAGTCATCTCAC,AAAGTAGTCATCTCAC,core_gfp_plus,core,GFP+,5.671268814357261,3.201515280317513,2.4697535340397483,40,30,0.109375,62.0
ATGCTGATCTATGTCC,ATGCTGATCTATGTCC,core_gfp_plus,core,GFP+,9.991529022813165,5.01253731428284,4.978991708530324,12,37,0.0073553254,1093.0
GGTAGCTTCGTACAGC,GGTAGCTTCGTACAGC,core_gfp_plus,core,GFP+,10.558513876640024,5.236752946941627,5.321760929698398,20,29,0.0073751095,1111.0
CTTCATATCCCGCGAA,CTTCATATCCCGCGAA,core_gfp_plus,core,GFP+,6.7327792468242045,2.939121776540206,3.7936574702839994,24,39,0.0625,140.0
CAAATGTTCATGAGCC,CAAATGTTCATGAGCC,core_gfp_plus,core,GFP+,4.628184434538397,2.336901238432524,2.2912831961058737,23,23,0.1405946,120.0
TGCTACTTCCGCTGGA,TGCTACTTCCGCTGGA,core_gfp_plus,core,GFP+,9.037025292668709,4.3599469846016605,4.677078308067047,23,22,0.014120668,218.0
CGCTACCTCCCCATGC,CGCTACCTCCCCATGC,core_gfp_plus,core,GFP+,7.826774534969172,3.215902672474249,4.610871862494923,24,36,0.023886887,429.0
CAAGGGATCCCTCACA,CAAGGGATCCCTCACA,core_gfp_plus,core,GFP+,6.2353089491983145,3.1996690097385097,3.035639939459805,17,25,0.11513687,100.0
TGTGCAATCCGTTACT,TGTGCAATCCGTTACT,core_gfp_plus,core,GFP+,6.8735572622751855,3.5,3.373557262275185,7,1,0.016666668,31.0
AACACCATCACCTGAA,AACACCATCACCTGAA,core_gfp_plus,core,GFP+,7.104381988439464,3.5160276412662306,3.588354347173233,39,15,0.031620555,45.0
TAGCTAGTCAATCCTC,TAGCTAGTCAATCCTC,core_gfp_plus,core,GFP+,6.356879839889597,3.4464393446710155,2.9104404952185816,5,7,0.042857148,41.0
CCAGCCTTCTATGCTC,CCAGCCTTCTATGCTC,core_gfp_plus,core,GFP+,6.629680539126973,3.3584585933443494,3.2712219457826235,40,7,0.06788793,61.0
GCACCCTTCGACCAGT,GCACCCTTCGACCAGT,core_gfp_plus,core,GFP+,6.505721076957491,2.8510187230942288,3.654702353863263,11,4,0.03338633,54.0
GGCTGCATCAGGTTGC,GGCTGCATCAGGTTGC,core_gfp_plus,core,GFP+,8.495507284288388,4.4714512841565455,4.024056000131843,12,15,0.023726275,464.0
CGCACCTTCGTACACA,CGCACCTTCGTACACA,core_gfp_plus,core,GFP+,7.544251733662929,3.549261918672773,3.9949898149901553,24,21,0.032299742,243.0
ACACTGATCTAATCGG,ACACTGATCTAATCGG,core_gfp_plus,core,GFP+,5.313849679608847,2.8360455961512048,2.477804083457642,12,29,0.09977749,381.0
CGTCAAATCCACCGGA,CGTCAAATCCACCGGA,core_gfp_plus,core,GFP+,5.698962002452294,2.927451224964519,2.771510777487775,2,39,0.12222223,43.0
CTCAAAGTCCATGTGA,CTCAAAGTCCATGTGA,core_gfp_plus,core,GFP+,5.0,2.5,2.5,14,38,0.0625,16.0
GTAAGGGTCCGTCCTA,GTAAGGGTCCGTCCTA,core_gfp_plus,core,GFP+,8.018022416116153,4.047182403014169,3.970840013101985,37,20,0.0215311,82.0
ACCCATTTCAGCACGT,ACCCATTTCAGCACGT,core_gfp_plus,core,GFP+,3.3968904614380038,0.991251399208437,2.4056390622295662,24,47,0.30241936,47.0
CTCATGTTCATCTGGA,CTCATGTTCATCTGGA,core_gfp_plus,core,GFP+,6.827844384016773,3.2591873739307493,3.5686570100860235,44,46,0.09496113,417.0
CCATAAGTCACGTGCG,CCATAAGTCACGTGCG,core_gfp_plus,core,GFP+,7.376914317408538,3.886821542449255,3.490092774959283,21,47,0.049799193,203.0
GTGCGATTCTCACTCG,GTGCGATTCTCACTCG,core_gfp_plus,core,GFP+,9.567909149913358,4.673167758023881,4.894741391889476,35,23,0.0057386453,701.0
CAGTCCCTCCAGCATA,CAGTCCCTCCAGCATA,core_gfp_plus,core,GFP+,8.059997842066625,3.663382770526225,4.396615071540401,11,36,0.039010797,215.0
GTTATGGTCAGGGAAT,GTTATGGTCAGGGAAT,core_gfp_plus,core,GFP+,6.191750723777808,2.863562304197887,3.328188419579921,26,37,0.094736844,127.0
TCACGAATCAATCCAG,TCACGAATCAATCCAG,core_gfp_plus,core,GFP+,7.203270093341734,3.433898462495864,3.769371630845871,24,22,0.053848654,273.0
AAACCGCTCCTGCTGC,AAACCGCTCCTGCTGC,core_gfp_plus,core,GFP+,6.280213857274491,3.535727659493042,2.7444861977814496,22,6,0.12857144,83.0
AACTTCCTCCTTAGAG,AACTTCCTCCTTAGAG,core_gfp_plus,core,GFP+,6.305913095175825,3.084962500721156,3.2209505944546684,17,37,0.050000004,52.0
CGACCGATCACGCTAA,CGACCGATCACGCTAA,core_gfp_plus,core,GFP+,6.054907966228112,2.6535442970305683,3.4013636691975435,23,44,0.11217949,37.0
GCTTGGGTCGATGCCG,GCTTGGGTCGATGCCG,core_gfp_plus,core,GFP+,6.527623587582124,2.6671830525004863,3.8604405350816378,12,29,0.10785549,630.0
ACTCGCCTCGTGCCGA,ACTCGCCTCGTGCCGA,core_gfp_plus,core,GFP+,7.889978916843684,3.503433271591261,4.386545645252423,26,38,0.039473683,124.0
AGGCAAGTCGATAGGG,AGGCAAGTCGATAGGG,core_gfp_plus,core,GFP+,6.233781574324038,2.4737521023225417,3.760029472001496,34,30,0.077419356,117.0
CAAACCATCAGGTCCG,CAAACCATCAGGTCCG,core_gfp_plus,core,GFP+,9.201462261203432,4.69710277452052,4.504359486682913,33,35,0.009700176,171.0
ACTCGCCTCCGGTGTG,ACTCGCCTCCGGTGTG,core_gfp_plus,core,GFP+,9.69160942395725,4.663177544271379,5.028431879685871,24,23,0.009515007,902.0
CATCGCCTCCAGCGTG,CATCGCCTCCAGCGTG,core_gfp_plus,core,GFP+,5.0775671571169285,2.9219280948873623,2.1556390622295662,16,20,0.075,18.0
TGGGTTATCGTTGCTT,TGGGTTATCGTTGCTT,core_gfp_plus,core,GFP+,0.8112781244591328,-0.0,0.8112781244591328,27,37,0.75,5.0
TGCTAAGTCGCGCTCT,TGCTAAGTCGCGCTCT,core_gfp_plus,core,GFP+,11.169925001442312,5.584962500721156,5.584962500721156,1,1,0.0,0.0
CCTTCGATCAAGTAGA,CCTTCGATCAAGTAGA,core_gfp_plus,core,GFP+,8.798270011232422,4.094188490639691,4.704081520592731,35,39,0.0354271,1217.0
CAGCATATCAGTACCA,CAGCATATCAGTACCA,core_gfp_plus,core,GFP+,6.557293374258247,3.740953260404839,2.816340113853408,45,22,0.04830918,41.0
AATTGGTTCTGGGCAT,AATTGGTTCTGGGCAT,core_gfp_plus,core,GFP+,7.41478570064517,3.813660689688186,3.601125010956985,45,39,0.034285713,53.0
TCCTCGATCATCTAGG,TCCTCGATCATCTAGG,core_gfp_plus,core,GFP+,7.738664865207783,3.8337712291861754,3.904893636021608,17,39,0.031444483,157.0
GGGTACTTCATCAAGT,GGGTACTTCATCAAGT,core_gfp_plus,core,GFP+,7.1398169512138026,3.2147464308496203,3.9250705203641822,11,17,0.027777778,67.0
GCCATGGTCACGGACT,GCCATGGTCACGGACT,core_gfp_plus,core,GFP+,5.756827287629757,2.55314893994413,3.203678347685627,26,39,0.09683924,861.0
TCGGTAATCGCTGATA,TCGGTAATCGCTGATA,core_gfp_plus,core,GFP+,8.527306063162724,3.813821583888888,4.713484479273836,11,7,0.021574207,376.0
GGTCGATTCCGGTTAA,GGTCGATTCCGGTTAA,core_gfp_plus,core,GFP+,5.753489077580387,3.2037016960573483,2.549787381523038,45,39,0.078947365,39.0
GGCTTGGTCTATCAGG,GGCTTGGTCTATCAGG,core_gfp_plus,core,GFP+,7.0485180068857085,3.49631407755924,3.5522039293264687,35,28,0.08205129,84.0
TCATTCATCAGCGGTT,TCATTCATCAGCGGTT,core_gfp_plus,core,GFP+,7.058527360085486,3.521640636343318,3.5368867237421675,11,5,0.02255639,33.0
GCTAGGTTCGCTGGAT,GCTAGGTTCGCTGGAT,core_gfp_plus,core,GFP+,8.33264794950248,4.1454717044968525,4.1871762450056265,21,22,0.02383901,398.0
TAAACGTTCCCGGCTT,TAAACGTTCCCGGCTT,core_gfp_plus,core,GFP+,8.754277526051919,4.432044057618919,4.322233468433001,35,21,0.020253165,323.0
CGCTGGATCAGGTTGC,CGCTGGATCAGGTTGC,core_gfp_plus,core,GFP+,5.729945455124876,2.8919407588521326,2.838004696272744,38,24,0.11940298,246.0
CTGTCATTCACTCATC,CTGTCATTCACTCATC,core_gfp_plus,core,GFP+,6.088079934673082,3.382840024653932,2.705239910019149,24,17,0.06875,100.0
CTAACCTTCATGGATT,CTAACCTTCATGGATT,core_gfp_plus,core,GFP+,6.9594345783030285,3.263933429485633,3.695501148817395,23,22,0.045540795,48.0
CCCGCATTCTGGCTCC,CCCGCATTCTGGCTCC,core_gfp_plus,core,GFP+,5.180265322347223,2.100555046029885,3.0797102763173374,22,45,0.21176472,137.0
AGTATGTTCACAGGTC,AGTATGTTCACAGGTC,core_gfp_plus,core,GFP+,4.909512193487329,2.018998736359714,2.8905134571276143,11,36,0.18817203,91.0
CTGCCTATCGTTACCT,CTGCCTATCGTTACCT,core_gfp_plus,core,GFP+,5.205597943426714,2.6152226229159456,2.590375320510768,22,23,0.13265306,188.0
TATCAGGTCCCGCTAC,TATCAGGTCCCGCTAC,core_gfp_plus,core,GFP+,8.239101404901536,3.6149341256818808,4.624167279219655,21,47,0.024590163,215.0
GGGCAAATCTTGAGCA,GGGCAAATCTTGAGCA,core_gfp_plus,core,GFP+,8.342476096267553,4.057575159678482,4.284900936589072,15,7,0.011721612,74.0
ACCCAAATCACAGCGT,ACCCAAATCACAGCGT,core_gfp_plus,core,GFP+,6.147396891872638,3.051601636871704,3.095795255000934,38,11,0.05347594,28.0
TCCTTGGTCCGCGTCT,TCCTTGGTCCGCGTCT,core_gfp_plus,core,GFP+,7.824762460335216,3.873568097251993,3.951194363083223,11,13,0.020964362,89.0
ACTCCGCTCAGGGACA,ACTCCGCTCAGGGACA,core_gfp_plus,core,GFP+,7.235511847894072,3.374440768117915,3.8610710797761567,24,22,0.06075608,189.0
TCCAACTTCACATACG,TCCAACTTCACATACG,core_gfp_plus,core,GFP+,6.560345986951484,2.9150142401378822,3.6453317468136017,19,22,0.05392157,107.0
GGGAACATCCTTGAGA,GGGAACATCCTTGAGA,core_gfp_plus,core,GFP+,8.487905608806066,4.519262133327981,3.9686434754780855,42,43,0.024812343,197.0
TCGCTTGTCAATCTGG,TCGCTTGTCAATCTGG,core_gfp_plus,core,GFP+,7.453150141084762,3.9465800213175126,3.5065701197672494,12,31,0.04025574,185.0
TCTACTATCTGGCTCC,TCTACTATCTGGCTCC,core_gfp_plus,core,GFP+,8.576153686783808,4.423981820580906,4.152171866202903,14,45,0.013513513,87.0
GCAAAGGTCCCTCTCT,GCAAAGGTCCCTCTCT,core_gfp_plus,core,GFP+,10.440547944653831,5.27579756529151,5.164750379362323,14,32,0.0029995202,548.0
ATGCCAATCCACCGTC,ATGCCAATCCACCGTC,core_gfp_plus,core,GFP+,7.332451842758706,3.500666907846228,3.831784934912478,10,13,0.069508806,161.0
CGAAACCTCCAGCCGA,CGAAACCTCCAGCCGA,core_gfp_plus,core,GFP+,6.066886998194388,2.9518764617696203,3.115010536424768,37,32,0.096673876,301.0
CGTTGAATCCCAGTAA,CGTTGAATCCCAGTAA,core_gfp_plus,core,GFP+,8.291860227117708,3.565584211161016,4.726276015956692,22,15,0.041846156,268.0
CGCATCCTCGTGATGC,CGCATCCTCGTGATGC,core_gfp_plus,core,GFP+,6.642962715112576,3.3478670655668177,3.295095649545759,24,26,0.06321839,127.0
CTCCTGATCCGGTAGT,CTCCTGATCCGGTAGT,core_gfp_plus,core,GFP+,6.581401845392171,3.334962500721156,3.246439344671016,5,46,0.033333335,44.0
GGGCCTATCAAGTTAC,GGGCCTATCAAGTTAC,core_gfp_plus,core,GFP+,3.6437763910523575,0.9182958340544896,2.725480556997868,26,25,0.14814815,12.0
TAAGCCATCTCATTGC,TAAGCCATCTCATTGC,core_gfp_plus,core,GFP+,4.413977073182752,1.5,2.9139770731827523,28,14,0.09090909,19.0
ACTTCTATCATGGCTA,ACTTCTATCATGGCTA,core_gfp_plus,core,GFP+,6.389265712805052,2.893810840036332,3.4954548727687214,17,30,0.063107155,329.0
TGATTCCTCTGGATCA,TGATTCCTCTGGATCA,core_gfp_plus,core,GFP+,6.410712761515562,3.1809828335905284,3.2297299279250336,19,36,0.114942536,92.0
CTAATCCTCATGATCG,CTAATCCTCATGATCG,core_gfp_plus,core,GFP+,6.713976467390237,3.3866365673067285,3.3273399000835084,17,39,0.06265664,40.0
AGCGCCATCAATCCTC,AGCGCCATCAATCCTC,core_gfp_plus,core,GFP+,5.688148343870697,2.270881028113514,3.417267315757183,29,27,0.21661133,1080.0
GCGATGTTCCTGATTC,GCGATGTTCCTGATTC,core_gfp_plus,core,GFP+,8.144762299374905,4.067046852149393,4.077715447225512,24,18,0.025437202,88.0
TGCATAGTCGTTCGGG,TGCATAGTCGTTCGGG,core_gfp_plus,core,GFP+,5.430061329642724,3.606015279620732,1.8240460500219924,14,26,0.12865497,46.0
CGCAATATCTGGGACT,CGCAATATCTGGGACT,core_gfp_plus,core,GFP+,7.162045249670356,3.556656707462823,3.6053885422075336,31,33,0.035714287,52.0
TCTACGTTCCTCTCAG,TCTACGTTCCTCTCAG,core_gfp_plus,core,GFP+,1.3166656295082857,0.3044687471936972,1.0121968823145882,20,23,0.5416351,857.0
GTCACCCTCACACTTC,GTCACCCTCACACTTC,core_gfp_plus,core,GFP+,6.203175127549243,2.2951478731993378,3.908027254349905,24,43,0.08420209,101.0
GGTAGCTTCAGCCAGT,GGTAGCTTCAGCCAGT,core_gfp_plus,core,GFP+,8.158658364514997,4.212106409627548,3.946551954887449,16,37,0.029850747,155.0
CTTCGGCTCCAGCTCC,CTTCGGCTCCAGCTCC,core_gfp_plus,core,GFP+,5.833343405824098,2.577017234317939,3.256326171506159,39,41,0.08882947,269.0
GTGTTAGTCCTGACGG,GTGTTAGTCCTGACGG,core_gfp_plus,core,GFP+,6.799500451639824,3.390805482076982,3.4086949695628426,20,5,0.02727273,42.0
CCTCTGATCAGCGAAG,CCTCTGATCAGCGAAG,core_gfp_plus,core,GFP+,7.558540650087278,3.944974092849856,3.613566557237422,17,38,0.07894737,90.0
GTCAATGTCGCGACTG,GTCAATGTCGCGACTG,core_gfp_plus,core,GFP+,6.622325782679642,3.18950846755862,3.4328173151210217,23,39,0.100961536,50.0
ATTCTCATCCAGCACG,ATTCTCATCCAGCACG,core_gfp_plus,core,GFP+,9.30866762491631,4.334816846824522,4.973850778091789,26,37,0.020860782,359.0
TGCTGGGTCCGTCCGT,TGCTGGGTCCGTCCGT,core_gfp_plus,core,GFP+,7.769796062441887,3.4072251201364656,4.362570942305421,24,48,0.08822952,250.0
CAATCGATCATGGCTA,CAATCGATCATGGCTA,core_gfp_plus,core,GFP+,3.5032583347756456,1.584962500721156,1.9182958340544896,17,17,0.11111112,9.0
TATCTGCTCAGCAGTC,TATCTGCTCAGCAGTC,core_gfp_plus,core,GFP+,6.671430983586888,3.305735778125961,3.365695205460927,30,20,0.043360434,228.0
ATAGCGCTCCCTCATG,ATAGCGCTCCCTCATG,core_gfp_plus,core,GFP+,8.660904768906297,4.276223721681193,4.384681047225104,28,7,0.018059855,178.0
GTAGTCATCCTGCCTA,GTAGTCATCCTGCCTA,core_gfp_plus,core,GFP+,5.131389472411557,2.244699548550324,2.886689923861233,14,26,0.11193416,99.0
CACCACCTCCTCATGT,CACCACCTCCTCATGT,core_gfp_plus,core,GFP+,7.467634783882298,3.777518266288633,3.690116517593665,12,19,0.036764707,66.0
GGTTACATCACTTGCT,GGTTACATCACTTGCT,core_gfp_plus,core,GFP+,7.271804392094677,3.431401845392172,3.840402546702505,46,37,0.036781613,59.0
TGCTCCATCATCTGTC,TGCTCCATCATCTGTC,core_gfp_plus,core,GFP+,7.18108071453333,3.2693287100782,3.91175200445513,32,10,0.05347594,78.0
CAGCGCATCCGTCATT,CAGCGCATCCGTCATT,core_gfp_plus,core,GFP+,9.37393037667919,4.754365779696159,4.619564596983032,12,1,0.022767859,736.0
TAGGGGATCTCATGCT,TAGGGGATCTCATGCT,core_gfp_plus,core,GFP+,7.904497953063833,3.5105895939892164,4.393908359074617,24,47,0.055393588,371.0
GTATCGATCCACCTCA,GTATCGATCCACCTCA,core_gfp_plus,core,GFP+,5.90638293810743,2.377199781345236,3.529183156762194,24,5,0.13911359,265.0
GCAATCATCCCAATGA,GCAATCATCCCAATGA,core_gfp_plus,core,GFP+,6.936707794581711,3.141619208183979,3.795088586397732,17,39,0.03726708,44.0
CGAACTATCACTCATC,CGAACTATCACTCATC,core_gfp_plus,core,GFP+,7.094571769678652,3.660646459456662,3.4339253102219893,35,23,0.086422056,209.0
GCTAGGTTCGAATTAC,GCTAGGTTCGAATTAC,core_gfp_plus,core,GFP+,7.230237207436309,3.739572261986723,3.490664945449586,24,48,0.07346939,79.0
CGACTGGTCGACCAGT,CGACTGGTCGACCAGT,core_gfp_plus,core,GFP+,5.066806552939841,1.9906616522333265,3.076144900706516,14,26,0.15203252,71.0
GCCCTGTTCCGCAACG,GCCCTGTTCCGCAACG,core_gfp_plus,core,GFP+,7.322591457237287,3.8434252795098,3.479166177727488,20,26,0.04994055,145.0
GGTATATTCTATGGAT,GGTATATTCTATGGAT,core_gfp_plus,core,GFP+,6.540814563271815,3.929033296247732,2.611781267024083,15,24,0.13574661,103.0
CGAACTATCACGTGCG,CGAACTATCACGTGCG,core_gfp_plus,core,GFP+,7.131307508629464,3.435806359812068,3.695501148817395,20,5,0.06621392,69.0
ATACTGGTCATGTGAT,ATACTGGTCATGTGAT,core_gfp_plus,core,GFP+,7.703888637099313,3.834557375987794,3.8693312611115194,11,39,0.023809526,70.0
AGGCGAATCGAGTGGA,AGGCGAATCGAGTGGA,core_gfp_plus,core,GFP+,8.17859438993103,3.7001449299861497,4.47844945994488,20,6,0.020588236,239.0
TGGATATTCGCTCTCA,TGGATATTCGCTCTCA,core_gfp_plus,core,GFP+,8.166005025447129,4.496220839684857,3.669784185762272,12,48,0.027127463,487.0
CCCAATTTCACGCAAC,CCCAATTTCACGCAAC,core_gfp_plus,core,GFP+,8.27778731608243,4.161953223919209,4.115834092163221,12,12,0.023106545,79.0
GCGCTAGTCACTAGCA,GCGCTAGTCACTAGCA,core_gfp_plus,core,GFP+,5.492236002708173,2.4459194536870683,3.046316549021105,26,34,0.13066614,349.0
TGGAACCTCGCGTTAA,TGGAACCTCGCGTTAA,core_gfp_plus,core,GFP+,6.702701999594873,3.779470570797252,2.923231428797621,31,45,0.040000003,40.0
ATATGGTTCGAATCCA,ATATGGTTCGAATCCA,core_gfp_plus,core,GFP+,7.425566392006948,3.4565647621309545,3.969001629875993,16,37,0.026086956,38.0
GTGTGGTTCGATCGGT,GTGTGGTTCGATCGGT,core_gfp_plus,core,GFP+,3.8885544981351217,2.0209206071639096,1.867633890971212,21,28,0.29370633,37.0
TGGTCAATCTAAGTAC,TGGTCAATCTAAGTAC,core_gfp_plus,core,GFP+,7.422528789200225,3.5310521646322157,3.891476624568009,35,30,0.052083336,183.0
CGACTAATCAGGAGTG,CGACTAATCAGGAGTG,core_gfp_plus,core,GFP+,7.560375397980199,3.538320189106,4.0220552088742,31,7,0.026041666,48.0
CGACTCCTCGACCTGG,CGACTCCTCGACCTGG,core_gfp_plus,core,GFP+,7.969851274437585,3.751712212208018,4.218139062229566,45,4,0.025781251,72.0
CGTCACCTCCCAGATA,CGTCACCTCCCAGATA,core_gfp_plus,core,GFP+,8.662020405718778,4.275490346652223,4.386530059066555,17,24,0.017421603,90.0
TGCCTATTCCATTACC,TGCCTATTCCATTACC,core_gfp_plus,core,GFP+,4.1758400461879095,2.321928094887362,1.8539119513005475,13,10,0.080000006,30.0
GCTAAATTCCGCCTTA,GCTAAATTCCGCCTTA,core_gfp_plus,core,GFP+,6.740713176014684,3.294301910547932,3.446411265466752,20,20,0.07612613,97.0
GGTCTCCTCCGGAACT,GGTCTCCTCCGGAACT,core_gfp_plus,core,GFP+,6.78897595620749,3.253801390571587,3.535174565635903,21,5,0.042328045,48.0
TACCGCCTCTTGATCC,TACCGCCTCTTGATCC,core_gfp_plus,core,GFP+,5.248116431566017,3.216146137597645,2.031970293968372,19,22,0.15715657,1033.0
GTCAAATTCCTTCCAG,GTCAAATTCCTTCCAG,core_gfp_plus,core,GFP+,7.78343005992702,3.631388347143584,4.152041712783436,30,5,0.031042129,74.0
GGTATATTCTAGTGAT,GGTATATTCTAGTGAT,core_gfp_plus,core,GFP+,9.425394918301942,4.548218553662068,4.877176364639874,25,31,0.00966763,470.0
GGAGTGATCGACTTGA,GGAGTGATCGACTTGA,core_gfp_plus,core,GFP+,7.016997620393735,3.103020547210982,3.913977073182752,48,12,0.028213166,51.0
CGCAGATTCAGTTGCA,CGCAGATTCAGTTGCA,core_gfp_plus,core,GFP+,8.007063636142039,3.62265021532394,4.384413420818099,30,39,0.047231685,680.0
AGTACCATCCGGTAAC,AGTACCATCCGGTAAC,core_gfp_plus,core,GFP+,6.247079021516258,3.1542754071024497,3.0928036144138087,17,29,0.10714286,87.0
TGCCTATTCATGCCAA,TGCCTATTCATGCCAA,core_gfp_plus,core,GFP+,5.181582028148853,2.251567098891967,2.9300149292568856,17,8,0.21377422,470.0
TCTACGTTCCTGGTAA,TCTACGTTCCTGGTAA,core_gfp_plus,core,GFP+,6.273605583066382,3.672094161436923,2.601511421629459,14,22,0.04890247,120.0
AGCACGTTCGCTAATG,AGCACGTTCGCTAATG,core_gfp_plus,core,GFP+,8.028565937434301,3.681795580916297,4.346770356518004,30,23,0.023671724,641.0
ACGGTTATCAGTAGTT,ACGGTTATCAGTAGTT,core_gfp_plus,core,GFP+,5.943983303761563,2.9219280948873623,3.0220552088742005,12,38,0.05,22.0
GCTAAATTCACCAAGC,GCTAAATTCACCAAGC,core_gfp_plus,core,GFP+,7.072090100783109,3.725650756112093,3.346439344671016,17,37,0.02857143,41.0
CGCATAATCACCTAAG,CGCATAATCACCTAAG,core_gfp_plus,core,GFP+,6.974600664931248,3.2995301445670657,3.675070520364182,17,41,0.047368422,78.0
ATGGTCATCTAAGTCG,ATGGTCATCTAAGTCG,core_gfp_plus,core,GFP+,9.535639794158236,4.731009444816111,4.804630349342125,11,30,0.006772446,144.0
TCTGTGTTCAGGCATC,TCTGTGTTCAGGCATC,core_gfp_plus,core,GFP+,7.836744677795048,3.858500652318872,3.978244025476177,29,28,0.025886867,303.0
TGCCTATTCACGGCCA,TGCCTATTCACGGCCA,core_gfp_plus,core,GFP+,4.669919377155224,2.463589788809159,2.2063295883460645,10,46,0.27076924,538.0
ACTTCTATCATATAGC,ACTTCTATCATATAGC,core_gfp_plus,core,GFP+,5.314643496549594,2.2862352024732147,3.028408294076379,11,39,0.14320534,689.0
ACCTCGCTCGCATTAG,ACCTCGCTCGCATTAG,core_gfp_plus,core,GFP+,7.836591668108978,5.584962500721156,2.2516291673878226,1,29,0.0,6.0
ACGATTGTCTAGTTGG,ACGATTGTCTAGTTGG,core_gfp_plus,core,GFP+,7.102962515527617,3.530493056757482,3.572469458770135,20,28,0.029411767,35.0
TGTGCAATCAAGTTCG,TGTGCAATCAAGTTCG,core_gfp_plus,core,GFP+,7.438323564690592,3.7400290123690247,3.698294552321567,5,19,0.05660377,98.0
TAGCTAGTCAAGTAAG,TAGCTAGTCAAGTAAG,core_gfp_plus,core,GFP+,4.965107538840284,2.2032779909481204,2.7618295478921637,20,25,0.14554103,261.0
TCTGCATTCCGTATAG,TCTGCATTCCGTATAG,core_gfp_plus,core,GFP+,3.253576085759308,1.4112050925821993,1.8423709931771088,43,38,0.30612245,28.0
GCCTTGCTCACAGACC,GCCTTGCTCACAGACC,core_gfp_plus,core,GFP+,7.389490460106841,3.74529777166831,3.644192688438531,31,22,0.048387095,122.0
GTCTGGGTCCGGTGTG,GTCTGGGTCCGGTGTG,core_gfp_plus,core,GFP+,6.896172734924569,3.546479765966698,3.3496929689578714,21,38,0.035897437,71.0
CGGTATATCCTGCATT,CGGTATATCCTGCATT,core_gfp_plus,core,GFP+,9.051329890531612,4.372408027757125,4.678921862774488,26,13,0.012711864,139.0
CTGTCCATCTAGTTGG,CTGTCCATCTAGTTGG,core_gfp_plus,core,GFP+,8.461495425065893,3.952874700561301,4.508620724504592,31,48,0.0392522,235.0
ACGCTAATCATAGAGA,ACGCTAATCATAGAGA,core_gfp_plus,core,GFP+,7.011645097420127,3.358707689148029,3.6529374082720976,23,47,0.05759373,373.0
AAGCGGATCCACCTCA,AAGCGGATCCACCTCA,core_gfp_plus,core,GFP+,7.582569001227664,3.6235119195579135,3.95905708166975,32,23,0.022464024,114.0
TACCCGCTCAGTTCGA,TACCCGCTCAGTTCGA,core_gfp_plus,core,GFP+,5.685854611840522,2.7528553052032327,2.932999306637289,14,47,0.12280702,37.0
AGGAATATCCTCTCGA,AGGAATATCCTCTCGA,core_gfp_plus,core,GFP+,8.026175201607366,3.8813904116708646,4.144784789936502,31,8,0.023286616,2220.0
CATATGGTCCAACCGG,CATATGGTCCAACCGG,core_gfp_plus,core,GFP+,9.25624985274646,4.35093344864179,4.905316404104671,17,5,0.012523618,385.0
GTGATTGTCATGCGAC,GTGATTGTCATGCGAC,core_gfp_plus,core,GFP+,5.806111814666552,2.8841837197791893,2.9219280948873623,38,26,0.080000006,40.0
AACCAATTCATAGAGA,AACCAATTCATAGAGA,core_gfp_plus,core,GFP+,6.4859263506290326,3.25,3.235926350629033,20,9,0.035714287,30.0
AATGGCCTCGACTGGT,AATGGCCTCGACTGGT,core_gfp_plus,core,GFP+,5.856672565272746,2.370858543236545,3.485814022036201,12,34,0.114248626,157.0
GGCTATATCTTGACTC,GGCTATATCTTGACTC,core_gfp_plus,core,GFP+,8.919085993824464,4.824730423500224,4.09435557032424,35,48,0.01930399,555.0
ACATTGGTCCCTGTGC,ACATTGGTCCCTGTGC,core_gfp_plus,core,GFP+,7.095197506193458,3.7069398615547344,3.388257644638724,17,43,0.06304561,392.0
ACTTCGTTCGCGCCAA,ACTTCGTTCGCGCCAA,core_gfp_plus,core,GFP+,5.3864142045796,2.654255313215029,2.7321588913645702,40,48,0.10695188,28.0
GTAATGTTCATCTCTA,GTAATGTTCATCTCTA,core_gfp_plus,core,GFP+,7.104897623545541,2.9872619978951613,4.117635625650379,14,23,0.05256571,179.0
GGTCATATCATGGTGC,GGTCATATCATGGTGC,core_gfp_plus,core,GFP+,4.150982691625359,1.276531154760013,2.8744515368653456,12,30,0.1668771,142.0
GGATCGTTCGCATCAA,GGATCGTTCGCATCAA,core_gfp_plus,core,GFP+,6.281454692195364,3.4085490968753085,2.872905595320056,45,8,0.09090909,37.0
AATACGTTCCAGATTG,AATACGTTCCAGATTG,core_gfp_plus,core,GFP+,5.387940038395811,2.7773627950641693,2.610577243331642,36,27,0.0879121,27.0
ATGCCAATCCCCATCA,ATGCCAATCCCCATCA,core_gfp_plus,core,GFP+,4.796082936136003,2.561848239589024,2.234234696546979,20,26,0.091533184,80.0
AGGTGCTTCGTGCCGA,AGGTGCTTCGTGCCGA,core_gfp_plus,core,GFP+,8.209846909752702,4.599166597686395,3.610680312066308,9,29,0.04270303,613.0
AGACTGCTCGTACAGC,AGACTGCTCGTACAGC,core_gfp_plus,core,GFP+,7.294125117449979,3.639079570624175,3.655045546825804,27,31,0.02857143,53.0
CTCGATTTCGAACCTA,CTCGATTTCGAACCTA,core_gfp_plus,core,GFP+,7.808402489143007,3.926868017501744,3.881534471641264,15,26,0.04532967,94.0
ATGCTAGTCGCATAGC,ATGCTAGTCGCATAGC,core_gfp_plus,core,GFP+,5.200320935648923,2.686442764621889,2.5138781710270344,31,29,0.14199309,118.0
GGTCTCCTCCTTCGGC,GGTCTCCTCCTTCGGC,core_gfp_plus,core,GFP+,7.584962500721156,2.0,5.584962500721156,14,1,0.0,4.0
CCTATGTTCAGCGATC,CCTATGTTCAGCGATC,core_gfp_plus,core,GFP+,8.16996188902765,3.686216238440996,4.483745650586654,21,48,0.041606005,530.0
ACCAACATCTAAGTCG,ACCAACATCTAAGTCG,core_gfp_plus,core,GFP+,5.185754484978178,2.321928094887362,2.863826390090816,14,26,0.06666667,23.0
ATCCGGGTCACCTGAA,ATCCGGGTCACCTGAA,core_gfp_plus,core,GFP+,6.311672039036984,3.097824903485101,3.213847135551883,35,46,0.11753732,115.0
ATCTACCTCCCGGCAA,ATCTACCTCCCGGCAA,core_gfp_plus,core,GFP+,4.477567157116928,2.1556390622295662,2.321928094887362,27,11,0.075,13.0
CGTCTATTCAGCAGGA,CGTCTATTCAGCAGGA,core_gfp_plus,core,GFP+,3.6760842795657696,1.7308124296606044,1.945271849905166,24,14,0.40269545,531.0
GTAGTTGTCATCACAG,GTAGTTGTCATCACAG,core_gfp_plus,core,GFP+,6.59495421827166,2.799236360099337,3.7957178581723214,19,41,0.067090034,798.0
TAACCCTTCTTGACTC,TAACCCTTCTTGACTC,core_gfp_plus,core,GFP+,4.8100960851839645,2.4530301452417342,2.3570659399422307,35,26,0.18584071,221.0
GCTCATTTCCTGACCC,GCTCATTTCCTGACCC,core_gfp_plus,core,GFP+,5.584962500721156,-0.0,5.584962500721156,22,1,0.0,1.0
TCGCGGATCTAGTTCC,TCGCGGATCTAGTTCC,core_gfp_plus,core,GFP+,10.12428200027578,5.029649692980417,5.094632307295364,30,43,0.005242179,997.0
ACCTGGGTCGCGCTGA,ACCTGGGTCGCGCTGA,core_gfp_plus,core,GFP+,7.630980561578397,3.61889523467688,4.012085326901518,12,31,0.040616248,211.0
ATCACGATCCATGAAT,ATCACGATCCATGAAT,core_gfp_plus,core,GFP+,6.948960822868375,3.225002731977038,3.723958090891337,21,29,0.02933507,137.0
GGAATGGTCAGGTCAC,GGAATGGTCAGGTCAC,core_gfp_plus,core,GFP+,5.169925001442312,2.2516291673878226,2.918295834054489,19,16,0.05555556,18.0
ATGCAGCTCACTCGGG,ATGCAGCTCACTCGGG,core_gfp_plus,core,GFP+,6.027063131935071,2.8879252399800914,3.13913789195498,18,33,0.114813335,247.0
CCTATGTTCGAAGCCT,CCTATGTTCGAAGCCT,core_gfp_plus,core,GFP+,6.558561311035081,2.102917717682504,4.455643593352578,20,43,0.098083995,704.0
ATCTACCTCCCGTGTC,ATCTACCTCCCGTGTC,core_gfp_plus,core,GFP+,4.33765066471895,1.736041167659922,2.601609497059028,19,29,0.20588236,37.0
ATGGACCTCCAGATAT,ATGGACCTCCAGATAT,core_gfp_plus,core,GFP+,4.206471492740865,2.164256332171888,2.0422151605689765,12,26,0.19650654,361.0
GGTCGATTCAGTGCCG,GGTCGATTCAGTGCCG,core_gfp_plus,core,GFP+,5.5509160929208985,3.0736455988588878,2.4772704940620107,33,48,0.099729,172.0
CGCCAAGTCCGTAATG,CGCCAAGTCCGTAATG,core_gfp_plus,core,GFP+,5.134524429325577,2.584183719779189,2.550340709546388,6,33,0.14545456,31.0
TGACTGATCTGGGCAT,TGACTGATCTGGGCAT,core_gfp_plus,core,GFP+,2.755167500069283,1.6351556958021696,1.1200118042671137,21,47,0.46362492,321.0
CCGTTCATCGCGATTA,CCGTTCATCGCGATTA,core_gfp_plus,core,GFP+,8.790726513176658,4.023453719143104,4.767272794033553,27,28,0.018275967,232.0
GTAAACTTCGCGAGTT,GTAAACTTCGCGAGTT,core_gfp_plus,core,GFP+,6.0504287911562775,3.403989446485262,2.646439344671016,32,45,0.05714286,31.0
ATTCGCTTCGCTCTCA,ATTCGCTTCGCTCTCA,core_gfp_plus,core,GFP+,5.969439240184677,2.807210311338979,3.162228928845698,31,23,0.056,70.0
GTAACCATCACTCTGT,GTAACCATCACTCTGT,core_gfp_plus,core,GFP+,6.40327057231578,2.9662364526507967,3.4370341196649825,32,26,0.0586971,234.0
GGATTGCTCATCGTAG,GGATTGCTCATCGTAG,core_gfp_plus,core,GFP+,6.640748481910144,3.584183719779189,3.056564762130954,23,22,0.040000003,35.0
ATGGCTATCTGGCATA,ATGGCTATCTGGCATA,core_gfp_plus,core,GFP+,6.77263174156414,3.358190437869167,3.4144413036949723,35,32,0.03567447,62.0
AGAATAGTCGCTCAGG,AGAATAGTCGCTCAGG,core_gfp_plus,core,GFP+,1.584962500721156,1.584962500721156,-0.0,18,25,0.33333334,4.0
CGTTCCATCGTTGCTT,CGTTCCATCGTTGCTT,core_gfp_plus,core,GFP+,6.192501932207433,3.4771752334356245,2.715326698771809,44,36,0.07177033,41.0
AACACCATCCTGCGAG,AACACCATCCTGCGAG,core_gfp_plus,core,GFP+,6.236016759599512,3.3004112460403388,2.9356055135591737,40,31,0.05797102,155.0
CACTCGCTCGATAGGG,CACTCGCTCGATAGGG,core_gfp_plus,core,GFP+,8.57308742816608,4.112822966301146,4.460264461864934,12,33,0.023185788,231.0
CTTATGCTCGTGAACC,CTTATGCTCGTGAACC,core_gfp_plus,core,GFP+,2.537884996119359,1.1706797082671736,1.3672052878521854,14,26,0.43218085,143.0
CCGCCATTCACAGAGG,CCGCCATTCACAGAGG,core_gfp_plus,core,GFP+,6.927151982707442,3.251841113795078,3.675310868912364,24,21,0.03478261,53.0
AGACGGATCATCTCTA,AGACGGATCATCTCTA,core_gfp_plus,core,GFP+,0.9182958340544896,0.9182958340544896,-0.0,23,21,0.6666667,4.0
CGACTAATCACTGTCT,CGACTAATCACTGTCT,core_gfp_plus,core,GFP+,6.221330140645533,3.0626961598349607,3.1586339808105715,14,41,0.18782859,480.0
AGTATGTTCTGTAACG,AGTATGTTCTGTAACG,core_gfp_plus,core,GFP+,5.584962500721156,-0.0,5.584962500721156,3,1,0.0,1.0
CCCTATGTCCAGAGCT,CCCTATGTCCAGAGCT,core_gfp_plus,core,GFP+,7.951682248143497,4.016283580676734,3.9353986674667625,17,17,0.019246193,72.0
GCACCCTTCGCGATGT,GCACCCTTCGCGATGT,core_gfp_plus,core,GFP+,6.0612781244591325,3.1556390622295662,2.9056390622295662,14,9,0.03515625,32.0
GTTACCTTCACCTTCG,GTTACCTTCACCTTCG,core_gfp_plus,core,GFP+,5.659833827294937,2.939545780514,2.7202880467809374,46,47,0.14925374,93.0
AGGTAAATCCCTCAGC,AGGTAAATCCCTCAGC,core_gfp_plus,core,GFP+,4.789347338498166,2.125814583693911,2.6635327548042547,30,26,0.13636364,23.0
CCATGGGTCCCTCTAG,CCATGGGTCCCTCTAG,core_gfp_plus,core,GFP+,7.312925822371424,3.305182907846109,4.007742914525315,26,41,0.035190616,75.0
TCGCGGATCCATGCTT,TCGCGGATCCATGCTT,core_gfp_plus,core,GFP+,7.96443426311605,3.9329993066372895,4.03143495647876,30,47,0.021442495,93.0
GCTCCGTTCACATTCC,GCTCCGTTCACATTCC,core_gfp_plus,core,GFP+,4.300131391989081,2.1189257246544297,2.181205667334651,18,33,0.13406293,60.0
TCTCTGGTCGAAGGGC,TCTCTGGTCGAAGGGC,core_gfp_plus,core,GFP+,6.32246030265463,3.0201387615605544,3.302321541094075,26,45,0.11463845,69.0
GTTAGCATCTATGCTC,GTTAGCATCTATGCTC,core_gfp_plus,core,GFP+,7.609688254312564,3.657385276650179,3.9523029776623857,28,5,0.0198939,55.0
GCCTTCATCATGCTGA,GCCTTCATCATGCTGA,core_gfp_plus,core,GFP+,7.954193385389223,4.297995052579128,3.656198332810095,20,26,0.016666668,88.0
CGGTATATCCAATGTG,CGGTATATCCAATGTG,core_gfp_plus,core,GFP+,6.867015710495541,3.842833984376537,3.024181726119004,20,46,0.078563415,60.0
CGCTAAATCAATCTCC,CGCTAAATCAATCTCC,core_gfp_plus,core,GFP+,6.381530418563726,3.0456793450320023,3.335851073531723,20,23,0.09497207,391.0
TACCCGCTCAAGTTCG,TACCCGCTCAAGTTCG,core_gfp_plus,core,GFP+,6.012797953594136,2.7321588913645702,3.2806390622295662,11,13,0.06818182,27.0
ACGCATATCATGAACT,ACGCATATCATGAACT,core_gfp_plus,core,GFP+,5.550966537405394,2.3342479287538334,3.216718608651561,20,30,0.115694165,155.0
GTATTCCTCACCTCTG,GTATTCCTCACCTCTG,core_gfp_plus,core,GFP+,6.506791451276209,2.889916845319988,3.616874605956222,20,21,0.04812834,39.0
GGACTTATCAATCCAG,GGACTTATCAATCCAG,core_gfp_plus,core,GFP+,7.942341157452566,4.324848729602135,3.617492427850431,14,14,0.016685206,60.0
AGGGCAATCCCTGTAT,AGGGCAATCCCTGTAT,core_gfp_plus,core,GFP+,6.517467071965399,3.621175542919471,2.896291529045928,30,38,0.03726708,37.0
CTAATGGTCCTTCGCA,CTAATGGTCCTTCGCA,core_gfp_plus,core,GFP+,5.438883014381139,2.631528092323536,2.807354922057604,30,20,0.067669176,45.0
ACGATATTCTGTCAAG,ACGATATTCTGTCAAG,core_gfp_plus,core,GFP+,7.294083007601971,3.788320189106,3.5057628184959717,17,37,0.049603175,90.0
TATCCGTTCCGCACTC,TATCCGTTCCGCACTC,core_gfp_plus,core,GFP+,5.389289321186872,3.1196336762471875,2.269655644939684,31,47,0.23786712,560.0
TATCCGTTCATGGCGT,TATCCGTTCATGGCGT,core_gfp_plus,core,GFP+,7.093550184625829,3.4603439652793337,3.633206219346495,35,27,0.040384617,79.0
ATCTTCATCGTTAGCA,ATCTTCATCGTTAGCA,core_gfp_plus,core,GFP+,2.0734632981342678,0.7368436471988942,1.3366196509353732,14,30,0.6812874,544.0
CTTAGGATCACGGAGA,CTTAGGATCACGGAGA,core_gfp_plus,core,GFP+,8.877284954332982,4.492380568259549,4.384904386073434,45,23,0.013986015,94.0
CGGAAAGTCCTCATTA,CGGAAAGTCCTCATTA,core_gfp_plus,core,GFP+,7.231314696829195,3.627789329620996,3.6035253672081984,20,19,0.039545104,252.0
CATATGGTCCGCATCC,CATATGGTCCGCATCC,core_gfp_plus,core,GFP+,6.400509668305476,2.6422205903622085,3.7582890779432674,12,31,0.048824593,121.0
GCAATCATCGACCGAT,GCAATCATCGACCGAT,core_gfp_plus,core,GFP+,8.965364089858577,4.50694106721256,4.458423022646016,43,47,0.02154583,308.0
CCGTTGCTCAGGCAAG,CCGTTGCTCAGGCAAG,core_gfp_plus,core,GFP+,6.131340939997205,2.6288322685438583,3.5025086714533464,12,40,0.09396477,289.0
TAAGCCATCATGGTGC,TAAGCCATCATGGTGC,core_gfp_plus,core,GFP+,4.422933031873368,1.6729330318733675,2.75,35,27,0.1590909,19.0
TGGTCAATCGATCAAT,TGGTCAATCGATCAAT,core_gfp_plus,core,GFP+,4.726137469989519,1.976630038884516,2.7495074311050027,35,32,0.13975155,148.0
TGACGGTTCAATCCGA,TGACGGTTCAATCCGA,core_gfp_plus,core,GFP+,1.0,1.0,-0.0,23,43,0.5,4.0
CGAATCATCATCACTC,CGAATCATCATCACTC,core_gfp_plus,core,GFP+,7.084962500721156,5.584962500721156,1.5,1,37,0.0,4.0
CTTGCCATCCGTATGA,CTTGCCATCCGTATGA,core_gfp_plus,core,GFP+,3.2516291673878226,1.0,2.2516291673878226,24,37,0.16666667,8.0
CCGAATATCCGTCCGT,CCGAATATCCGTCCGT,core_gfp_plus,core,GFP+,6.94407242936343,3.2441183844279755,3.6999540449354544,29,5,0.06782946,91.0
CGAGCCATCGCTCATT,CGAGCCATCGCTCATT,core_gfp_plus,core,GFP+,6.659540744239313,3.8312762533752496,2.828264490864063,3,1,0.04259635,63.0
GCTCAAATCACGCCTC,GCTCAAATCACGCCTC,core_gfp_plus,core,GFP+,4.028407600989611,2.235926350629033,1.792481250360578,12,8,0.14285715,13.0
CCGTAAATCGATCGGT,CCGTAAATCGATCGGT,core_gfp_plus,core,GFP+,7.590976233819708,4.2178901960846735,3.3730860377350345,37,14,0.0711549,121.0
AGGGCAATCGTTCAAG,AGGGCAATCGTTCAAG,core_gfp_plus,core,GFP+,8.219635898408342,3.518570400141396,4.701065498266946,27,47,0.038145542,334.0
GCGTCCTTCACACTAG,GCGTCCTTCACACTAG,core_gfp_plus,core,GFP+,-0.0,-0.0,-0.0,27,10,1.0,2.0
GGGCAAATCCTGACGG,GGGCAAATCCTGACGG,core_gfp_plus,core,GFP+,6.444438617302403,3.118078209349709,3.3263604079526936,27,17,0.028708134,41.0
CAATGCATCTCACTGT,CAATGCATCTCACTGT,core_gfp_plus,core,GFP+,10.056781730568842,4.903150483164816,5.153631247404026,14,47,0.009293879,2048.0
GGTACTATCGAGTACC,GGTACTATCGAGTACC,core_gfp_plus,core,GFP+,6.632922619050602,3.3273399000835084,3.305582718967093,35,29,0.049261086,50.0
TGTCGTTTCCGTTAAG,TGTCGTTTCCGTTAAG,core_gfp_plus,core,GFP+,5.232734152646987,3.0070454051713784,2.2256887474756084,29,31,0.1080299,230.0
TACATCCTCTAGCGCG,TACATCCTCTAGCGCG,core_gfp_plus,core,GFP+,6.117627780662403,2.725480556997868,3.3921472236645345,3,27,0.049382716,27.0
CGGTTCCTCCTGCGGA,CGGTTCCTCCTGCGGA,core_gfp_plus,core,GFP+,4.121417507422924,2.4956029237290127,1.6258145836939115,11,23,0.17857143,26.0
ACTATGGTCCGTGCTC,ACTATGGTCCGTGCTC,core_gfp_plus,core,GFP+,6.751451996479322,3.623465189601647,3.127986806877675,31,44,0.05333333,43.0
CTATCGTTCGATCGTA,CTATCGTTCGATCGTA,core_gfp_plus,core,GFP+,3.1973310593676256,1.9056390622295665,1.2916919971380594,48,43,0.26785713,22.0
GTAGGCTTCCCTGGTC,GTAGGCTTCCCTGGTC,core_gfp_plus,core,GFP+,6.963745994207331,1.3787834934861751,5.584962500721156,28,1,0.0,7.0
ACGCATATCGCTGACG,ACGCATATCGCTGACG,core_gfp_plus,core,GFP+,2.836591668108979,0.9182958340544896,1.9182958340544891,20,8,0.22222224,9.0
AAGTCGCTCAGTTAGT,AAGTCGCTCAGTTAGT,core_gfp_plus,core,GFP+,5.739665744566704,2.3749589477025563,3.3647067968641475,24,5,0.07326008,47.0
ACGAACCTCCAATGAT,ACGAACCTCCAATGAT,core_gfp_plus,core,GFP+,7.335196152241516,3.651001738515937,3.684194413725579,24,28,0.035103083,338.0
CTTAACCTCAGTAGGG,CTTAACCTCAGTAGGG,core_gfp_plus,core,GFP+,11.169925001442312,5.584962500721156,5.584962500721156,1,1,0.0,0.0
CACCATTTCGCGTGAT,CACCATTTCGCGTGAT,core_gfp_plus,core,GFP+,6.4112262562697895,3.6612262562697895,2.75,13,39,0.028846154,34.0
TCGTCATTCTCACTCG,TCGTCATTCTCACTCG,core_gfp_plus,core,GFP+,5.372923559040827,1.8060912035147865,3.5668323555260404,35,32,0.13374485,144.0
GCAAGCTTCCCGCGAA,GCAAGCTTCCCGCGAA,core_gfp_plus,core,GFP+,5.642489673166126,2.0,3.642489673166126,14,4,0.032608695,27.0
CATTGGATCGATAGCC,CATTGGATCGATAGCC,core_gfp_plus,core,GFP+,7.186977577216092,3.8208888513501886,3.366088725865904,3,33,0.034632035,54.0
GCCATCCTCGCGAATC,GCCATCCTCGCGAATC,core_gfp_plus,core,GFP+,4.749708722206712,1.7449736431073557,3.004735079099357,14,18,0.28120518,75.0
ATTGCCTTCCGGGTAT,ATTGCCTTCCGGGTAT,core_gfp_plus,core,GFP+,4.847105195021201,2.5954760276333784,2.2516291673878226,20,42,0.12820514,32.0
ACAAGTTTCCGTGCAG,ACAAGTTTCCGTGCAG,core_gfp_plus,core,GFP+,5.584962500721156,-0.0,5.584962500721156,21,1,0.0,2.0
CCCAAGGTCATGGATT,CCCAAGGTCATGGATT,core_gfp_plus,core,GFP+,5.248495255525411,2.6635327548042547,2.584962500721156,11,1,0.045454547,17.0
GTGATATTCTAGTGAT,GTGATATTCTAGTGAT,core_gfp_plus,core,GFP+,8.61291374323356,4.052246460435169,4.560667282798391,43,36,0.012237762,83.0
TAGGTCATCGTGATTG,TAGGTCATCGTGATTG,core_gfp_plus,core,GFP+,7.4577324795963325,4.002910079649727,3.454822399946606,11,39,0.029411767,47.0
CCGCGAATCATGTGGC,CCGCGAATCATGTGGC,core_gfp_plus,core,GFP+,5.422756507998499,2.611785142130913,2.810971365867585,22,5,0.10500719,192.0
TCGAGGTTCGCATTAG,TCGAGGTTCGCATTAG,core_gfp_plus,core,GFP+,4.785729546400591,2.728984064718121,2.0567454816824693,26,39,0.16324124,324.0
CTACGGGTCCCATGCC,CTACGGGTCCCATGCC,core_gfp_plus,core,GFP+,5.987911434282829,2.7980133388185413,3.1898980954642875,17,28,0.04516129,77.0
CGCCACTTCACGCAGT,CGCCACTTCACGCAGT,core_gfp_plus,core,GFP+,7.400048549665858,3.4767967526855204,3.923251796980337,27,25,0.05263158,66.0
CTCCAGCTCAGGTCCG,CTCCAGCTCAGGTCCG,core_gfp_plus,core,GFP+,5.584962500721156,-0.0,5.584962500721156,36,1,0.0,2.0
CGTTACTTCACCTCAT,CGTTACTTCACCTCAT,core_gfp_plus,core,GFP+,6.306049934771548,3.7406015629507214,2.5654483718208256,8,26,0.03846154,37.0
GCTTGCCTCAATTGCG,GCTTGCCTCAATTGCG,core_gfp_plus,core,GFP+,7.270609426599327,3.8512274809529554,3.419381945646371,12,28,0.034722224,42.0
CGAGCCATCAGCATCA,CGAGCCATCAGCATCA,core_gfp_plus,core,GFP+,4.7359263506290326,2.235926350629033,2.5,9,4,0.071428575,15.0
CTATTCATCGACCGCA,CTATTCATCGACCGCA,core_gfp_plus,core,GFP+,1.5,1.5,-0.0,22,47,0.5,5.0
AGCATATTCTTGAGGC,AGCATATTCTTGAGGC,core_gfp_plus,core,GFP+,4.921928094887362,1.9219280948873625,3.0,37,3,0.05,13.0
TAACCGATCGTAGTGC,TAACCGATCGTAGTGC,core_gfp_plus,core,GFP+,8.048882941104353,4.06719585807791,3.9816870830264426,24,43,0.04489796,89.0
ACTCCGCTCGAATCCA,ACTCCGCTCGAATCCA,core_gfp_plus,core,GFP+,2.98119877791634,0.863120568566631,2.1180782093497093,31,16,0.25974026,18.0
CCGTTGCTCCATAGCA,CCGTTGCTCCATAGCA,core_gfp_plus,core,GFP+,8.07266509193458,3.6632907697718617,4.4093743221627175,27,43,0.03819012,439.0
TAACTCCTCCGGTATA,TAACTCCTCCGGTATA,core_gfp_plus,core,GFP+,6.503258334775646,0.9182958340544896,5.584962500721156,11,1,0.0,3.0
TGCCTCATCACCTGCC,TGCCTCATCACCTGCC,core_gfp_plus,core,GFP+,2.521928094887362,1.0,1.521928094887362,11,5,0.2,7.0
ATCAGGCTCTTGACAG,ATCAGGCTCTTGACAG,core_gfp_plus,core,GFP+,6.857976326217656,2.934724529237319,3.923251796980337,17,42,0.059113305,57.0
TGTCTGTTCTAACCAG,TGTCTGTTCTAACCAG,core_gfp_plus,core,GFP+,3.75354813203832,1.5979090698087537,2.1556390622295662,27,22,0.20089285,36.0
AAGGTAATCACGCCGA,AAGGTAATCACGCCGA,core_gfp_plus,core,GFP+,1.9219280948873625,-0.0,1.9219280948873625,17,21,0.4,6.0
TGTCGTTTCCCCATTG,TGTCGTTTCCCCATTG,core_gfp_plus,core,GFP+,6.572246530406305,3.5132696895151083,3.058976840891197,25,26,0.060540542,62.0
ATCCCGCTCCCAATGA,ATCCCGCTCCCAATGA,core_gfp_plus,core,GFP+,5.07196565290646,1.9323933909197375,3.1395722619867223,12,14,0.12666667,70.0
AACCAATTCCACCATT,AACCAATTCCACCATT,core_gfp_plus,core,GFP+,4.75,2.0,2.75,14,2,0.0625,12.0
ACCCTCATCCCATATC,ACCCTCATCCCATATC,core_gfp_plus,core,GFP+,1.0,1.0,-0.0,8,45,0.5,3.0
CACATAGTCGCGCGTA,CACATAGTCGCGCGTA,core_gfp_plus,core,GFP+,4.122856529776898,2.058813890331201,2.064042639445697,11,35,0.22222222,23.0
TCCCTGATCCACCTGC,TCCCTGATCCACCTGC,core_gfp_plus,core,GFP+,6.253580188465424,3.2410305032909266,3.012549685174497,9,38,0.06667133,418.0
AGTACCATCCGCGACA,AGTACCATCCGCGACA,core_gfp_plus,core,GFP+,8.607037123034853,4.193938451586691,4.413098671448163,20,22,0.019830028,683.0
CAGTCAATCGTTCACT,CAGTCAATCGTTCACT,core_gfp_plus,core,GFP+,5.272846375204795,2.5919601002859363,2.680886274918859,40,41,0.17219679,206.0
CGAATCATCCTGGTAA,CGAATCATCCTGGTAA,core_gfp_plus,core,GFP+,6.874332163920027,3.635430907317396,3.238901256602631,35,2,0.024948025,50.0
ACTCACTTCGATGAGG,ACTCACTTCGATGAGG,core_gfp_plus,core,GFP+,6.503258334775646,0.9182958340544896,5.584962500721156,40,1,0.0,3.0
GGGTCATTCTAGATAC,GGGTCATTCTAGATAC,core_gfp_plus,core,GFP+,8.001338620321963,3.68142883968476,4.319909780637202,35,22,0.043965336,197.0
GCGCCAATCAGCAGGA,GCGCCAATCAGCAGGA,core_gfp_plus,core,GFP+,6.12442988913976,2.7773627950641693,3.347067094075591,34,21,0.086538464,45.0
ACTGTGATCCCTGGAG,ACTGTGATCCCTGGAG,core_gfp_plus,core,GFP+,-0.0,-0.0,-0.0,31,25,1.0,2.0
TAGCCAATCAGCGACT,TAGCCAATCAGCGACT,core_gfp_plus,core,GFP+,7.674647660399914,3.8234982365068815,3.851149423893032,24,22,0.01642036,71.0
GGTTTAGTCGTTCGGG,GGTTTAGTCGTTCGGG,core_gfp_plus,core,GFP+,7.176063155838186,3.174418313907282,4.001644841930904,35,32,0.04597701,88.0
TCCTTGGTCTCATGTC,TCCTTGGTCTCATGTC,core_gfp_plus,core,GFP+,6.695874109521395,3.240223928941852,3.455650180579543,3,43,0.025641028,41.0
ATACGATTCAATTGGT,ATACGATTCAATTGGT,core_gfp_plus,core,GFP+,8.583910429235452,4.223286790940065,4.360623638295388,29,26,0.019305268,249.0
TGCTCGCTCACCTCAT,TGCTCGCTCACCTCAT,core_gfp_plus,core,GFP+,8.391978762978585,4.476425477915235,3.91555328506335,7,36,0.015592515,89.0
CGTTGGGTCACCACTT,CGTTGGGTCACCACTT,core_gfp_plus,core,GFP+,8.453347861637909,4.466857823238867,3.98649003839904,5,21,0.017679203,112.0
GTGTGGTTCACGCACG,GTGTGGTTCACGCACG,core_gfp_plus,core,GFP+,1.9182958340544891,-0.0,1.9182958340544891,15,27,0.33333334,7.0
CGATCAATCGCGCTCT,CGATCAATCGCGCTCT,core_gfp_plus,core,GFP+,1.584962500721156,1.584962500721156,-0.0,31,47,0.33333334,4.0
TCTCTCCTCACGGAGA,TCTCTCCTCACGGAGA,core_gfp_plus,core,GFP+,7.209646394007274,3.8460378932760326,3.363608500731241,30,15,0.05514706,100.0
ACCATAGTCAGGCTAC,ACCATAGTCAGGCTAC,core_gfp_plus,core,GFP+,5.226736867703975,2.4193819456463714,2.807354922057604,12,1,0.047619052,16.0
ACAACATTCCATCCGC,ACAACATTCCATCCGC,core_gfp_plus,core,GFP+,3.332918760802451,0.8112781244591328,2.521640636343318,34,7,0.21428573,11.0
GGCTCGATCTATGCAG,GGCTCGATCTATGCAG,core_gfp_plus,core,GFP+,8.344089529814173,4.1287347499440905,4.215354779870082,33,32,0.014619884,74.0
GCACTCCTCGTTACTC,GCACTCCTCGTTACTC,core_gfp_plus,core,GFP+,7.099223912390625,3.25,3.8492239123906247,39,22,0.032608695,39.0
GTACTAGTCATCTACC,GTACTAGTCATCTACC,core_gfp_plus,core,GFP+,7.095826413381555,3.5616073922012146,3.5342190211803404,12,18,0.033444818,49.0
GTATCGATCTCACCAT,GTATCGATCTCACCAT,core_gfp_plus,core,GFP+,5.282786006392011,2.519846154239332,2.76293985215268,21,39,0.14225432,334.0
AGCTAATTCACAGGCT,AGCTAATTCACAGGCT,core_gfp_plus,core,GFP+,11.169925001442312,5.584962500721156,5.584962500721156,1,1,0.0,0.0
CCCGCATTCACACTAG,CCCGCATTCACACTAG,core_gfp_plus,core,GFP+,3.7578544455163945,2.235926350629033,1.521928094887362,17,14,0.11428572,12.0
ATAATGCTCACTCAAG,ATAATGCTCACTCAAG,core_gfp_plus,core,GFP+,5.31857178103354,2.09389256327771,3.224679217755829,24,34,0.13043478,58.0
AAACGCCTCCGCCTTA,AAACGCCTCCGCCTTA,core_gfp_plus,core,GFP+,3.792469220771296,1.9732285161344476,1.819240704636849,11,30,0.2894737,39.0
GGAGCAATCGATAGGG,GGAGCAATCGATAGGG,core_gfp_plus,core,GFP+,8.199482980389927,3.651496782380077,4.547986198009851,24,21,0.032706548,336.0
ACGGTTATCACCTGCC,ACGGTTATCACCTGCC,core_gfp_plus,core,GFP+,3.0629072918469555,0.8112781244591328,2.2516291673878226,11,37,0.25,10.0
ACCTCCATCGAGTCTA,ACCTCCATCGAGTCTA,core_gfp_plus,core,GFP+,6.261533676504328,2.8899227993399648,3.371610877164364,24,5,0.09783431,737.0
GCGAGTTTCGTGATGC,GCGAGTTTCGTGATGC,core_gfp_plus,core,GFP+,2.925721047910356,2.057328318899993,0.8683927290103626,15,26,0.46041667,46.0
GCTTACTTCGATCCTT,GCTTACTTCGATCCTT,core_gfp_plus,core,GFP+,5.3849658813741526,2.4193819456463714,2.965583935727781,20,21,0.08771931,28.0
ACGCGATTCCTTCATA,ACGCGATTCCTTCATA,core_gfp_plus,core,GFP+,7.568220288386157,3.5529007572713738,4.015319531114783,35,44,0.03787879,65.0
GGAGTAGTCGCGCTGA,GGAGTAGTCGCGCTGA,core_gfp_plus,core,GFP+,7.884882925721675,4.121249263123738,3.7636336625979374,24,24,0.033562165,149.0
GGCTATATCGTTACAG,GGCTATATCGTTACAG,core_gfp_plus,core,GFP+,0.8112781244591328,-0.0,0.8112781244591328,24,22,0.75,5.0
GGTTCAATCGATGACC,GGTTCAATCGATGACC,core_gfp_plus,core,GFP+,6.283261240193109,2.72364965989474,3.55961158029837,11,39,0.09653833,514.0
TAGGGCTTCCAACTAG,TAGGGCTTCCAACTAG,core_gfp_plus,core,GFP+,2.0,1.0,1.0,34,33,0.25,4.0
GGTCTCCTCAGCCCAG,GGTCTCCTCAGCCCAG,core_gfp_plus,core,GFP+,2.4464393446710155,2.4464393446710155,-0.0,47,47,0.3,16.0
GCTAGGTTCCCTGACC,GCTAGGTTCCCTGACC,core_gfp_plus,core,GFP+,7.043845424341803,3.589100213203926,3.454745211137877,11,39,0.06542056,550.0
CCCAGGATCCAATGAT,CCCAGGATCCAATGAT,core_gfp_plus,core,GFP+,7.839686262008655,3.9151959937952414,3.924490268213413,35,2,0.020408165,84.0
CCACCTATCCGCTACC,CCACCTATCCGCTACC,core_gfp_plus,core,GFP+,2.725480556997868,2.725480556997868,-0.0,6,37,0.22222222,10.0
AGCAACCTCCTTGATC,AGCAACCTCCTTGATC,core_gfp_plus,core,GFP+,7.842768770367805,4.142753992714297,3.7000147776535073,35,37,0.05797101,154.0
GTTAGCATCGCTTCAT,GTTAGCATCGCTTCAT,core_gfp_plus,core,GFP+,4.155639062229566,2.0,2.1556390622295662,20,40,0.09375,12.0
TGCCTATTCCGTGATA,TGCCTATTCCGTGATA,core_gfp_plus,core,GFP+,2.913977073182752,-0.0,2.913977073182752,22,22,0.18181819,13.0
CTGGTAATCCATGACA,CTGGTAATCCATGACA,core_gfp_plus,core,GFP+,4.0506806680498855,2.3758051627640837,1.6748755052858026,15,26,0.3015873,172.0
CACCATTTCACCATAG,CACCATTTCACCATAG,core_gfp_plus,core,GFP+,2.725480556997868,2.725480556997868,-0.0,14,43,0.22222222,10.0
GGTACGTTCTATCCTA,GGTACGTTCTATCCTA,core_gfp_plus,core,GFP+,3.5344225557157416,1.3787834934861751,2.1556390622295662,20,29,0.21428573,15.0
AGAGTAATCCTGATAG,AGAGTAATCCTGATAG,core_gfp_plus,core,GFP+,8.870260065294985,4.394554891095748,4.475705174199237,31,17,0.02402746,206.0
GCATAGCTCTGGTACA,GCATAGCTCTGGTACA,core_gfp_plus,core,GFP+,1.811278124459133,0.8112781244591328,1.0,17,39,0.375,6.0
CCTAGTTTCTAGTGCA,CCTAGTTTCTAGTGCA,core_gfp_plus,core,GFP+,2.170950594454669,2.170950594454669,-0.0,2,12,0.3,11.0
GTGAACCTCGATTCAG,GTGAACCTCGATTCAG,core_gfp_plus,core,GFP+,8.90920503380799,4.355038886302763,4.554166147505226,19,43,0.012544802,286.0
GGGTAAGTCGTGCCGA,GGGTAAGTCGTGCCGA,core_gfp_plus,core,GFP+,6.525366518442084,3.4404040177209274,3.084962500721156,10,13,0.039215688,46.0
CCTACCATCGATGTCA,CCTACCATCGATGTCA,core_gfp_plus,core,GFP+,5.343983303761563,2.321928094887362,3.0220552088742005,10,27,0.05,17.0
ACTCCCATCCTCACGC,ACTCCCATCCTCACGC,core_gfp_plus,core,GFP+,4.724190335099804,2.2399351903050047,2.4842551447948,27,34,0.19138756,41.0
GGATTCATCATAGGAA,GGATTCATCATAGGAA,core_gfp_plus,core,GFP+,7.146571139564582,3.5804621997271022,3.56610893983748,48,31,0.05494506,54.0
CTTGTGTTCCCTCACA,CTTGTGTTCCCTCACA,core_gfp_plus,core,GFP+,3.689248629942739,0.7253924401680143,2.9638561897747246,12,32,0.27927274,80.0
ATCCGGGTCCGTCATT,ATCCGGGTCCGTCATT,core_gfp_plus,core,GFP+,5.969532536404509,1.97558982848624,3.993942707918269,30,33,0.08152174,63.0
GGGTAAGTCAGGAGAT,GGGTAAGTCAGGAGAT,core_gfp_plus,core,GFP+,9.349120365990077,4.645688268813712,4.703432097176364,7,20,0.0076855514,135.0
CTTATGCTCGCTGACG,CTTATGCTCGCTGACG,core_gfp_plus,core,GFP+,4.41240489791168,3.0271691184406184,1.385235779471061,21,14,0.20727274,61.0
ACAACATTCATGTGTG,ACAACATTCATGTGTG,core_gfp_plus,core,GFP+,2.669650761201746,1.0819672775704965,1.58768348363125,16,23,0.49548385,81.0
ACAGGCTTCCGCATGG,ACAGGCTTCCGCATGG,core_gfp_plus,core,GFP+,0.6500224216483541,0.6500224216483541,-0.0,18,32,0.8333333,7.0
TCAGTAGTCGACTAAT,TCAGTAGTCGACTAAT,core_gfp_plus,core,GFP+,4.469630874107452,2.94770277922009,1.521928094887362,33,22,0.08888889,14.0
TACTGGATCTATGCTC,TACTGGATCTATGCTC,core_gfp_plus,core,GFP+,3.764299088064471,1.8423709931771084,1.9219280948873625,14,13,0.17142858,12.0
ATCCCCATCCTGTCCA,ATCCCCATCCTGTCCA,core_gfp_plus,core,GFP+,7.060714462371621,3.914422366685879,3.146292095685742,12,11,0.07382993,119.0
AAGCAAATCCGGTGTG,AAGCAAATCCGGTGTG,core_gfp_plus,core,GFP+,6.353424423554261,2.6635327548042547,3.689891668750007,24,25,0.04040404,38.0
TGCCTGCTCGATGTCA,TGCCTGCTCGATGTCA,core_gfp_plus,core,GFP+,3.562907291846956,0.8112781244591328,2.751629167387823,27,32,0.25,20.0
CTTCTGGTCCCGGCAA,CTTCTGGTCCCGGCAA,core_gfp_plus,core,GFP+,3.7895619858585743,1.867633890971212,1.9219280948873625,10,15,0.14545456,16.0
CGGTATATCAGCCACG,CGGTATATCAGCCACG,core_gfp_plus,core,GFP+,0.9182958340544896,-0.0,0.9182958340544896,19,46,0.6666667,4.0
CTTAGGATCCTTGACT,CTTAGGATCCTTGACT,core_gfp_plus,core,GFP+,4.671928094887362,1.9219280948873625,2.75,23,28,0.1,13.0
TGAGGGATCCAACTTC,TGAGGGATCCAACTTC,core_gfp_plus,core,GFP+,7.638254610923573,3.722701325860223,3.91555328506335,14,43,0.036304962,104.0
TGGGTTATCGCGTTGG,TGGGTTATCGCGTTGG,core_gfp_plus,core,GFP+,6.014132609974158,2.8339272176418304,3.180205392332328,20,15,0.06699752,57.0
GGTTATGTCATGCTTC,GGTTATGTCATGCTTC,core_gfp_plus,core,GFP+,4.28026042447909,1.3970447319445056,2.883215692534584,14,26,0.21741177,110.0
CTGTGCCTCACATGCA,CTGTGCCTCACATGCA,core_gfp_plus,core,GFP+,5.058984089445426,2.807354922057604,2.2516291673878226,2,5,0.047619052,13.0
CTGTACTTCAGTTGGC,CTGTACTTCAGTTGGC,core_gfp_plus,core,GFP+,5.633771385199426,3.1746742319786425,2.459097153220784,17,17,0.13166144,51.0
GGAGTAGTCTATCCTA,GGAGTAGTCTATCCTA,core_gfp_plus,core,GFP+,6.546692048293813,3.009125546947358,3.5375665013464546,20,29,0.060728744,64.0
CCCTGGTTCTGGGACT,CCCTGGTTCTGGGACT,core_gfp_plus,core,GFP+,3.850861487147714,1.9899011577908612,1.860960329356852,17,22,0.20276499,73.0
GCAATATTCATCACCT,GCAATATTCATCACCT,core_gfp_plus,core,GFP+,5.584962500721156,5.584962500721156,-0.0,1,7,0.0,1.0
TGCCATTTCGATATAC,TGCCATTTCGATATAC,core_gfp_plus,core,GFP+,5.447819358897878,2.7689351818670183,2.67888417703086,39,39,0.17623238,302.0
TGAACCATCAATGTCG,TGAACCATCAATGTCG,core_gfp_plus,core,GFP+,5.407738447049306,2.18830495114769,3.219433495901616,24,29,0.101806246,100.0
ATTGGATTCTAGTAAC,ATTGGATTCTAGTAAC,core_gfp_plus,core,GFP+,-0.0,-0.0,-0.0,10,34,1.0,2.0
CTTCGCATCGCGTGTG,CTTCGCATCGCGTGTG,core_gfp_plus,core,GFP+,7.060700968365696,3.458638048190094,3.6020629201756025,21,29,0.054500863,210.0
CTCTTGGTCGTGCCTC,CTCTTGGTCGTGCCTC,core_gfp_plus,core,GFP+,3.114327232745583,2.196031398691093,0.9182958340544896,11,30,0.24074075,39.0
CGCATGGTCCGGTATA,CGCATGGTCCGGTATA,core_gfp_plus,core,GFP+,8.389675986992337,4.030302235547686,4.359373751444652,33,34,0.039359447,144.0
CACTCCATCCACCGTC,CACTCCATCCACCGTC,core_gfp_plus,core,GFP+,11.169925001442312,5.584962500721156,5.584962500721156,1,1,0.0,0.0
TACCGCCTCTATCAGG,TACCGCCTCTATCAGG,core_gfp_plus,core,GFP+,6.194903605626786,2.8320345348006875,3.362869070826098,17,29,0.060240965,158.0
ATTCGCTTCATCGTTC,ATTCGCTTCATCGTTC,core_gfp_plus,core,GFP+,4.919955048375241,2.164897428436933,2.755057619938308,39,41,0.13495278,58.0
AGCTGGTTCCATGAGC,AGCTGGTTCCATGAGC,core_gfp_plus,core,GFP+,5.267076977523668,2.539373389814604,2.727703587709064,17,47,0.11995387,85.0
TCCAGTTTCAGTTGAT,TCCAGTTTCAGTTGAT,core_gfp_plus,core,GFP+,2.467503977988152,0.7907669479360189,1.6767370300521325,12,31,0.392562,33.0
GGGCTTGTCACCTCTG,GGGCTTGTCACCTCTG,core_gfp_plus,core,GFP+,4.876365729234759,2.306040506842284,2.570325222392474,22,24,0.17046006,94.0
TCTACGTTCTAGTGCA,TCTACGTTCTAGTGCA,core_gfp_plus,core,GFP+,6.86599535888876,3.1901879816566776,3.6758073772320823,20,20,0.05937262,502.0
GCAAGCTTCTAAGTGT,GCAAGCTTCTAAGTGT,core_gfp_plus,core,GFP+,4.821928094887362,2.5,2.321928094887362,20,5,0.05,13.0
TAGCCAATCGTTCCAT,TAGCCAATCGTTCCAT,core_gfp_plus,core,GFP+,4.699289518914831,2.3055648752661355,2.393724643648696,26,33,0.21817662,291.0
TACTTGCTCGTACCAA,TACTTGCTCGTACCAA,core_gfp_plus,core,GFP+,6.730556662153924,2.5963387642642672,4.134217897889656,24,24,0.035842292,76.0
CCCAAGGTCTATGCCT,CCCAAGGTCTATGCCT,core_gfp_plus,core,GFP+,1.584962500721156,1.584962500721156,-0.0,19,36,0.33333334,4.0
GCGGCTATCCATCCAT,GCGGCTATCCATCCAT,core_gfp_plus,core,GFP+,3.9764741182543752,1.061278124459133,2.9151959937952423,21,42,0.21428573,29.0
AACCAATTCGATAGTT,AACCAATTCGATAGTT,core_gfp_plus,core,GFP+,8.301682230472817,4.577171148480647,3.724511081992171,15,23,0.028601697,206.0
ATCGTAGTCGATTAGT,ATCGTAGTCGATTAGT,core_gfp_plus,core,GFP+,4.400102874890914,2.293310964237045,2.106791910653869,14,41,0.3068201,434.0
AAATGGATCCCGTACC,AAATGGATCCCGTACC,core_gfp_plus,core,GFP+,5.430941048189435,2.763311496784631,2.667629551404804,12,39,0.10138671,175.0
TCTCGGCTCAGCGGTT,TCTCGGCTCAGCGGTT,core_gfp_plus,core,GFP+,7.817141865319233,3.865114964053459,3.952026901265773,35,33,0.03003337,120.0
ACCAACATCCGCCTTA,ACCAACATCCGCCTTA,core_gfp_plus,core,GFP+,3.046381112945884,0.9182958340544896,2.1280852788913944,22,26,0.2857143,10.0
TCAGCAATCACCATTC,TCAGCAATCACCATTC,core_gfp_plus,core,GFP+,4.545926548164838,1.9609640474436811,2.584962500721156,39,9,0.083333336,16.0
TCATTGCTCCTTCACG,TCATTGCTCCTTCACG,core_gfp_plus,core,GFP+,5.1501404877655945,2.128085278891394,3.0220552088742005,24,48,0.10714286,19.0
AGTGGCTTCAAGTGCC,AGTGGCTTCAAGTGCC,core_gfp_plus,core,GFP+,6.012200394910148,2.3709505944546687,3.64124980045548,10,23,0.05454546,32.0
CATCGCCTCCAGCGCA,CATCGCCTCCAGCGCA,core_gfp_plus,core,GFP+,7.195539744052798,1.610577243331642,5.584962500721156,11,1,0.0,14.0
CTTGCATTCTATCCAC,CTTGCATTCTATCCAC,core_gfp_plus,core,GFP+,5.11761859901278,2.872650868693598,2.244967730319182,37,39,0.16698088,173.0
CGCTGCTTCCACCTGC,CGCTGCTTCCACCTGC,core_gfp_plus,core,GFP+,7.05577896194046,3.646411641950557,3.4093673199899026,20,30,0.056123227,162.0
CTGGTAATCACCTCAT,CTGGTAATCACCTCAT,core_gfp_plus,core,GFP+,6.465442606468751,2.515064925845376,3.950377680623375,35,21,0.063044235,553.0
TCCAAAGTCACACTGA,TCCAAAGTCACACTGA,core_gfp_plus,core,GFP+,8.37298330293643,4.084816279395676,4.288167023540752,30,22,0.04266667,150.0
CAAAGGGTCAGCGACT,CAAAGGGTCAGCGACT,core_gfp_plus,core,GFP+,1.5376780287332532,0.6193821946787638,0.9182958340544896,28,13,0.5641026,16.0
AGGCTTATCGACCTAA,AGGCTTATCGACCTAA,core_gfp_plus,core,GFP+,5.803607896050794,2.1403497945591337,3.6632581014916608,24,44,0.12935324,130.0
TCCTTAATCATCGACA,TCCTTAATCATCGACA,core_gfp_plus,core,GFP+,7.115523467341072,3.3935953724537105,3.721928094887362,14,9,0.0148148155,47.0
CCGCGAATCGTGAGGA,CCGCGAATCGTGAGGA,core_gfp_plus,core,GFP+,6.431394804677717,2.871184680786402,3.560210123891316,27,15,0.08745059,270.0
GGCGATTTCATGGTTG,GGCGATTTCATGGTTG,core_gfp_plus,core,GFP+,7.015692644615123,3.3431390622295662,3.672553582385557,22,10,0.026785715,60.0
AACTGCATCCCTGTCA,AACTGCATCCCTGTCA,core_gfp_plus,core,GFP+,5.179869118965096,2.5949066182439395,2.584962500721156,7,2,0.045454547,17.0
CTACGCCTCAGCAGAG,CTACGCCTCAGCAGAG,core_gfp_plus,core,GFP+,6.584962500721156,5.584962500721156,1.0,1,7,0.0,2.0
TAACCCTTCACTGTCT,TAACCCTTCACTGTCT,core_gfp_plus,core,GFP+,2.2892464285091583,0.9182958340544896,1.3709505944546687,24,10,0.40000004,8.0
CCTATGTTCACATGAT,CCTATGTTCACATGAT,core_gfp_plus,core,GFP+,5.584962500721156,5.584962500721156,-0.0,1,36,0.0,3.0
TCGTACTTCCTTAACC,TCGTACTTCCTTAACC,core_gfp_plus,core,GFP+,3.1081939295187766,1.2516291673878228,1.856564762130954,24,22,0.3555556,21.0
CCATGCCTCCTTGACT,CCATGCCTCCTTGACT,core_gfp_plus,core,GFP+,3.1535418729966898,1.2771296654884352,1.8764122075082543,38,41,0.22195122,71.0
ATCTTGCTCTATGCTC,ATCTTGCTCTATGCTC,core_gfp_plus,core,GFP+,4.762364823632133,2.098832068827877,2.663532754804255,41,19,0.15454546,41.0
CCGTACCTCAATCCGA,CCGTACCTCAATCCGA,core_gfp_plus,core,GFP+,6.171553023293523,2.8686567239377707,3.302896299355752,24,37,0.054711252,117.0
GTTATCCTCACCTTCG,GTTATCCTCACCTTCG,core_gfp_plus,core,GFP+,10.205241271857604,5.137970395742951,5.067270876114653,45,44,0.0058992007,612.0
TGTATGGTCTTGACTC,TGTATGGTCTTGACTC,core_gfp_plus,core,GFP+,7.144538441125243,3.1397156327398834,4.004822808385359,24,47,0.043895748,81.0
ATAAGGATCAGGACGA,ATAAGGATCAGGACGA,core_gfp_plus,core,GFP+,3.584962500721156,1.0,2.584962500721156,17,5,0.083333336,8.0
AACACATTCGACTGAC,AACACATTCGACTGAC,core_gfp_plus,core,GFP+,5.252311940396004,2.6635327548042547,2.5887791855917497,18,25,0.07792208,32.0
CCGACCTTCATCACGA,CCGACCTTCATCACGA,core_gfp_plus,core,GFP+,6.037148175119478,2.913416488985554,3.123731686133924,20,22,0.14274052,322.0
CTTCGCATCCCCAGTC,CTTCGCATCCCCAGTC,core_gfp_plus,core,GFP+,8.189926800951742,4.2108561764572,3.9790706244945415,30,22,0.015590966,326.0
AGTCAATTCTCACATC,AGTCAATTCTCACATC,core_gfp_plus,core,GFP+,6.607558915410998,3.334209459448049,3.273349455962949,11,20,0.031620555,45.0
CTTAGGATCTGGCCCT,CTTAGGATCTGGCCCT,core_gfp_plus,core,GFP+,6.8424384166535415,3.2338051737901097,3.608633242863432,27,23,0.038277514,131.0
GGATGGATCACCTCAT,GGATGGATCACCTCAT,core_gfp_plus,core,GFP+,6.584962500721156,1.0,5.584962500721156,12,1,0.0,2.0
GCAACGTTCATGGCCG,GCAACGTTCATGGCCG,core_gfp_plus,core,GFP+,6.7146548533157056,3.21448608147698,3.5001687718387258,10,47,0.101009615,290.0
GCGCCAATCCGCGCTT,GCGCCAATCCGCGCTT,core_gfp_plus,core,GFP+,6.307625895588854,3.0269868333592878,3.2806390622295662,9,20,0.043269232,29.0
TGAACCATCACCAGCG,TGAACCATCACCAGCG,core_gfp_plus,core,GFP+,4.751810863528174,2.225514472780408,2.5262963907477656,20,31,0.1434949,81.0
AGGGCAATCCCGCTAC,AGGGCAATCCCGCTAC,core_gfp_plus,core,GFP+,6.950719839974463,3.260828171224456,3.689891668750007,20,38,0.031189084,46.0
TCGGTAATCCTGACGG,TCGGTAATCCTGACGG,core_gfp_plus,core,GFP+,3.7391176674800777,1.617189572592715,2.1219280948873624,34,37,0.21818183,21.0
CCCTCAATCCTCACTG,CCCTCAATCCTCACTG,core_gfp_plus,core,GFP+,6.48951246911561,2.9443365609002923,3.545175908215317,24,39,0.10702249,340.0
ATTAAGCTCCACCTGC,ATTAAGCTCCACCTGC,core_gfp_plus,core,GFP+,4.50558726169826,2.459147917027245,2.046439344671016,35,24,0.2,34.0
TAACTCCTCCGTGCTC,TAACTCCTCCGTGCTC,core_gfp_plus,core,GFP+,5.756885852238783,2.805407602768338,2.951478249470445,22,22,0.082417585,219.0
ATACTGGTCCAGATGC,ATACTGGTCCAGATGC,core_gfp_plus,core,GFP+,7.827533433152219,3.6157646371790224,4.211768795973196,36,36,0.05,96.0
TACAGGCTCGCATACA,TACAGGCTCGCATACA,core_gfp_plus,core,GFP+,2.7470287466950127,2.0853241819864734,0.6617045647085396,19,22,0.51018935,226.0
CATGCAATCTGTCACT,CATGCAATCTGTCACT,core_gfp_plus,core,GFP+,5.56889185503454,2.80374950026963,2.76514235476491,41,39,0.10089867,847.0
TCCTTAATCGTACTAG,TCCTTAATCGTACTAG,core_gfp_plus,core,GFP+,7.074229177724502,3.5842250226513164,3.4900041550731853,24,26,0.07698244,144.0
TGATTGGTCACTTCAC,TGATTGGTCACTTCAC,core_gfp_plus,core,GFP+,3.400464021668739,1.1488348542809166,2.2516291673878226,43,36,0.23809525,13.0
TAAATGCTCAGCCAAC,TAAATGCTCAGCCAAC,core_gfp_plus,core,GFP+,3.925687469707073,1.603759374819711,2.321928094887362,23,42,0.2,34.0
TCAATGGTCCAGCGCA,TCAATGGTCCAGCGCA,core_gfp_plus,core,GFP+,5.842530099042289,2.873140679513133,2.969389419529156,12,28,0.06410257,31.0
TCCTTCCTCACAGAGG,TCCTTCCTCACAGAGG,core_gfp_plus,core,GFP+,4.644358691033334,2.663532754804255,1.9808259362290783,46,48,0.111570254,33.0
AGCTATGTCGAGGTCT,AGCTATGTCGAGGTCT,core_gfp_plus,core,GFP+,-0.0,-0.0,-0.0,31,39,1.0,2.0
GGACTTATCATGTCTC,GGACTTATCATGTCTC,core_gfp_plus,core,GFP+,5.555581241051346,2.6416041678685938,2.9139770731827523,43,3,0.060606062,20.0
GGGTGAATCCTGATGA,GGGTGAATCCTGATGA,core_gfp_plus,core,GFP+,4.5284529219830825,1.4648943134719603,3.063558608511122,27,15,0.15631808,88.0
GCTCAAATCAGCAACC,GCTCAAATCAGCAACC,core_gfp_plus,core,GFP+,6.444144325193774,2.910108640073975,3.5340356851198,27,32,0.10756517,186.0
GGATCTATCGATCGGT,GGATCTATCGATCGGT,core_gfp_plus,core,GFP+,3.97349880213193,1.6332998012842486,2.340199000847681,12,20,0.24239777,623.0
CATGGGTTCACTGTCT,CATGGGTTCACTGTCT,core_gfp_plus,core,GFP+,5.584962500721156,5.584962500721156,-0.0,1,10,0.0,1.0
ATGAAAGTCCTTCAAC,ATGAAAGTCCTTCAAC,core_gfp_plus,core,GFP+,1.0,1.0,-0.0,19,24,0.5,3.0
AGGTAAATCCCTCTAG,AGGTAAATCCCTCTAG,core_gfp_plus,core,GFP+,5.304469604695278,2.330557653394731,2.973911951300547,14,29,0.16250001,74.0
GCGATGTTCACCTAGA,GCGATGTTCACCTAGA,core_gfp_plus,core,GFP+,6.913921705186419,3.127569435189147,3.786352269997272,17,25,0.11255411,86.0
CAGCATATCAATGGAA,CAGCATATCAATGGAA,core_gfp_plus,core,GFP+,1.9182958340544896,0.9182958340544896,1.0,23,20,0.33333334,5.0
GTTGGGTTCCGTATAG,GTTGGGTTCCGTATAG,core_gfp_plus,core,GFP+,5.114968801283835,2.815072410115944,2.299896391167892,20,33,0.08391609,24.0
GGGTAAGTCCGGTAAC,GGGTAAGTCCGGTAAC,core_gfp_plus,core,GFP+,4.89231742277876,2.807354922057604,2.084962500721156,31,19,0.095238104,26.0
GCTCTCATCGTGAGAG,GCTCTCATCGTGAGAG,core_gfp_plus,core,GFP+,2.692936955661169,0.9974751114228472,1.6954618442383218,11,21,0.3642857,62.0
GGTTGGTTCACAGAGG,GGTTGGTTCACAGAGG,core_gfp_plus,core,GFP+,7.771220614547794,3.8235356729997463,3.9476849415480464,37,22,0.032967035,193.0
TCACGAATCTGGAAGG,TCACGAATCTGGAAGG,core_gfp_plus,core,GFP+,6.3949644077647605,3.256759961912628,3.138204445852132,24,20,0.061090227,169.0
CGCTACCTCAGGGAAT,CGCTACCTCAGGGAAT,core_gfp_plus,core,GFP+,11.169925001442312,5.584962500721156,5.584962500721156,1,1,0.0,0.0
GCGTGCATCGATGCAC,GCGTGCATCGATGCAC,core_gfp_plus,core,GFP+,6.613868346179921,3.1326751260372108,3.4811932201427105,23,25,0.12218565,253.0
ATTACCCTCATATCGG,ATTACCCTCATATCGG,core_gfp_plus,core,GFP+,5.183269084287745,3.090199876515855,2.0930692077718898,36,45,0.14285715,38.0
AGCTATGTCAGGGAAT,AGCTATGTCAGGGAAT,core_gfp_plus,core,GFP+,3.288930663122112,1.8895782867502309,1.3993523763718811,21,23,0.26600283,56.0
TATCTCATCCCTCAAT,TATCTCATCCCTCAAT,core_gfp_plus,core,GFP+,6.95744450595756,4.039148671903071,2.918295834054489,45,14,0.035714287,40.0
GTGCGATTCAATGGCC,GTGCGATTCAATGGCC,core_gfp_plus,core,GFP+,3.820422960958585,1.569682987464093,2.2507399734944915,20,46,0.36902574,232.0
TCTCATATCATGCACA,TCTCATATCATGCACA,core_gfp_plus,core,GFP+,6.330870814497967,3.303701696057349,3.0271691184406184,14,43,0.06818182,31.0
TCTGCCATCCGCAGTG,TCTGCCATCCGCAGTG,core_gfp_plus,core,GFP+,7.471220621283344,3.445657517176884,4.02556310410646,24,23,0.027627302,123.0
CTACGGGTCCGGATGT,CTACGGGTCCGGATGT,core_gfp_plus,core,GFP+,6.731756108067913,3.07421013522689,3.657545972841023,10,46,0.1024784,258.0
TGAGGGATCTAGGCCG,TGAGGGATCTAGGCCG,core_gfp_plus,core,GFP+,5.520200133569758,2.827819531114783,2.692380602454975,46,24,0.08928572,30.0
ACTTGGATCCTGATGA,ACTTGGATCCTGATGA,core_gfp_plus,core,GFP+,4.1378083576665095,2.1124165127398795,2.025391844926629,31,21,0.20454545,68.0
TACCCATTCGAGTCTA,TACCCATTCGAGTCTA,core_gfp_plus,core,GFP+,6.35102624028036,2.978878102110402,3.3721481381699583,5,46,0.09714286,265.0
ACGCGATTCACGTTAG,ACGCGATTCACGTTAG,core_gfp_plus,core,GFP+,6.392147223664535,3.3921472236645345,3.0,1,38,0.041666668,42.0
GCTTACTTCCGGTTAA,GCTTACTTCCGGTTAA,core_gfp_plus,core,GFP+,6.019580024184148,2.873140679513133,3.1464393446710157,8,37,0.046153847,33.0
CGAAGGATCACAGGAG,CGAAGGATCACAGGAG,core_gfp_plus,core,GFP+,8.458047218154167,3.719205305501445,4.738841912652721,33,46,0.051990926,410.0
GCCTAAATCACTCGCC,GCCTAAATCACTCGCC,core_gfp_plus,core,GFP+,4.747011697915275,3.287863780888031,1.4591479170272446,24,39,0.14814815,33.0
TCTCTGGTCCCCAAGG,TCTCTGGTCCCCAAGG,core_gfp_plus,core,GFP+,1.5,1.5,-0.0,29,22,0.5,5.0
CACATAGTCCCTGATT,CACATAGTCCCTGATT,core_gfp_plus,core,GFP+,8.447969276220627,4.334796540106296,4.113172736114331,10,2,0.01662971,85.0
AGCCCCTTCGTACTAG,AGCCCCTTCGTACTAG,core_gfp_plus,core,GFP+,7.696499596899537,3.602165808226696,4.0943337886728415,27,15,0.04157876,302.0
AGGAGATTCTAAGCAT,AGGAGATTCTAAGCAT,core_gfp_plus,core,GFP+,4.3104430577190245,2.058813890331201,2.251629167387823,13,37,0.14814815,15.0
AAGCAAATCACTCCGC,AAGCAAATCACTCCGC,core_gfp_plus,core,GFP+,3.17995076502504,0.9112392226370905,2.268711542387949,12,26,0.348637,75.0
CATATGGTCCCATATC,CATATGGTCCCATATC,core_gfp_plus,core,GFP+,5.701184297805291,2.6801128325826906,3.0210714652226,19,33,0.12631579,107.0
TGACTGATCCCAGACG,TGACTGATCCCAGACG,core_gfp_plus,core,GFP+,-0.0,-0.0,-0.0,20,25,1.0,5.0
ACTCTGTTCTGTCTAC,ACTCTGTTCTGTCTAC,core_gfp_plus,core,GFP+,1.9182958340544896,1.9182958340544896,-0.0,17,9,0.33333334,7.0
ACCCAGGTCTCACTAC,ACCCAGGTCTCACTAC,core_gfp_plus,core,GFP+,5.516995494603874,2.8943948149947234,2.622600679609151,14,40,0.09087333,103.0
ATCACCTTCACTCTCG,ATCACCTTCACTCTCG,core_gfp_plus,core,GFP+,8.231261099592555,3.967417582363897,4.263843517228659,14,23,0.030643515,166.0
TGGTCAATCAGCAGTC,TGGTCAATCAGCAGTC,core_gfp_plus,core,GFP+,5.513201514714634,3.2810361125534238,2.2321654021612107,24,37,0.12592593,48.0
ATCCCCATCCGGGTTG,ATCCCCATCCGGGTTG,core_gfp_plus,core,GFP+,7.665740466892256,3.780881575003209,3.884858891889048,22,25,0.024242425,78.0
AGTTGCATCACTCCAT,AGTTGCATCACTCCAT,core_gfp_plus,core,GFP+,6.7802996302586935,3.411751853774935,3.3685477764837586,29,2,0.02849003,53.0
GCTCATTTCCAGCATA,GCTCATTTCCAGCATA,core_gfp_plus,core,GFP+,7.291448669750218,3.004001615886457,4.287447053863761,29,39,0.030487806,125.0
CCTCAGCTCAGTACGC,CCTCAGCTCAGTACGC,core_gfp_plus,core,GFP+,8.549021342735077,4.514501679373093,4.034519663361984,2,47,0.026151828,442.0
TCTAAGGTCCCCTTGA,TCTAAGGTCCCCTTGA,core_gfp_plus,core,GFP+,6.743678696747038,3.406503355623961,3.3371753411230767,23,42,0.045751635,44.0
GGCTTCCTCGTTCAAG,GGCTTCCTCGTTCAAG,core_gfp_plus,core,GFP+,6.512575794404888,3.6069367321753214,2.9056390622295662,45,9,0.03409091,38.0
AGAAGGTTCCTTCATA,AGAAGGTTCCTTCATA,core_gfp_plus,core,GFP+,6.999179529915836,2.849819881509688,4.149359648406149,35,28,0.09199819,135.0
GTATTCCTCTGTGAAT,GTATTCCTCTGTGAAT,core_gfp_plus,core,GFP+,7.2494602799216175,1.6644977792004612,5.584962500721156,40,1,0.0,7.0
ACTTTCATCGTTGCCC,ACTTTCATCGTTGCCC,core_gfp_plus,core,GFP+,4.703906148492751,2.481714572986073,2.2221915755066783,30,38,0.12396695,22.0
CCTTCGATCGATCGGT,CCTTCGATCGATCGGT,core_gfp_plus,core,GFP+,4.973016177857607,2.2408572864930365,2.7321588913645702,37,21,0.09090909,33.0
CAGTAGCTCCCCTGAC,CAGTAGCTCCCCTGAC,core_gfp_plus,core,GFP+,5.584962500721156,5.584962500721156,-0.0,1,25,0.0,1.0
CTACCGCTCTATGTGG,CTACCGCTCTATGTGG,core_gfp_plus,core,GFP+,7.306070562558487,3.742996373129917,3.5630741894285696,41,23,0.019534884,68.0
GGCTATATCTATGCTC,GGCTATATCTATGCTC,core_gfp_plus,core,GFP+,4.168367439558377,1.8464393446710157,2.321928094887362,40,5,0.080000006,15.0
AGGTGCTTCCGTTGGG,AGGTGCTTCCGTTGGG,core_gfp_plus,core,GFP+,1.0,1.0,-0.0,17,15,0.5,3.0
CACTACTTCAGCACTA,CACTACTTCAGCACTA,core_gfp_plus,core,GFP+,8.184660632345722,3.870040491493687,4.314620140852036,29,20,0.023217248,121.0
TGAGCTATCAGGTAGG,TGAGCTATCAGGTAGG,core_gfp_plus,core,GFP+,1.903184257559889,0.8562283508634825,1.0469559066964065,8,28,0.6756044,165.0
CAGGCCATCGAACCAC,CAGGCCATCGAACCAC,core_gfp_plus,core,GFP+,2.0,2.0,-0.0,14,33,0.25,5.0
CTACCGCTCCTCAGTT,CTACCGCTCCTCAGTT,core_gfp_plus,core,GFP+,6.807449687999473,3.506890595608519,3.3005590923909534,13,29,0.028070178,34.0
GGTTAATTCCGTTAAG,GGTTAATTCCGTTAAG,core_gfp_plus,core,GFP+,7.344824532021251,3.405960899920104,3.938863632101147,29,36,0.040479757,127.0
GTAGGCTTCCATCTAC,GTAGGCTTCCATCTAC,core_gfp_plus,core,GFP+,6.5407879166467,2.886234583544715,3.654553333101985,27,26,0.07304986,289.0
AAGTCGCTCCGCACTC,AAGTCGCTCCGCACTC,core_gfp_plus,core,GFP+,5.780065884505548,3.477217001462482,2.3028488830430662,11,37,0.1356132,117.0
ATCCAAGTCCAGCGCA,ATCCAAGTCCAGCGCA,core_gfp_plus,core,GFP+,5.584962500721156,5.584962500721156,-0.0,1,27,0.0,1.0
CATGGGTTCAGCTAAT,CATGGGTTCAGCTAAT,core_gfp_plus,core,GFP+,5.929470357451011,3.1395722619867232,2.789898095464288,24,15,0.05333334,30.0
AAATGAGTCCGGTAGT,AAATGAGTCCGGTAGT,core_gfp_plus,core,GFP+,4.584962500721156,3.0,1.584962500721156,6,11,0.041666668,11.0
CTTCTAATCGAAGCTC,CTTCTAATCGAAGCTC,core_gfp_plus,core,GFP+,5.675870185126324,3.146286370662104,2.52958381446422,44,30,0.10380623,51.0
CGACTCCTCAAGTGCC,CGACTCCTCAAGTGCC,core_gfp_plus,core,GFP+,6.926697880856768,3.0105709342684834,3.916126946588285,31,13,0.020050125,40.0
CCGTCTATCACTTCGT,CCGTCTATCACTTCGT,core_gfp_plus,core,GFP+,6.115015974358881,3.468576629687865,2.646439344671016,29,16,0.052173916,33.0
CACCTCATCAATCCAG,CACCTCATCAATCCAG,core_gfp_plus,core,GFP+,1.811278124459133,1.0,0.8112781244591328,22,30,0.375,6.0
GGAGTAGTCTGGATGC,GGAGTAGTCTGGATGC,core_gfp_plus,core,GFP+,5.731861839547564,2.9594735171799766,2.772388322367588,24,29,0.091829695,134.0
ACACTGATCTAACCGA,ACACTGATCTAACCGA,core_gfp_plus,core,GFP+,5.2471211933411865,2.521640636343318,2.725480556997868,35,26,0.06349207,16.0
CCCTGGTTCTAGCGCG,CCCTGGTTCTAGCGCG,core_gfp_plus,core,GFP+,1.3787834934861751,-0.0,1.3787834934861751,20,7,0.5714286,8.0
CGACTGGTCCTGCATT,CGACTGGTCCTGCATT,core_gfp_plus,core,GFP+,11.169925001442312,5.584962500721156,5.584962500721156,1,1,0.0,0.0
ATATCCCTCTAATCCC,ATATCCCTCTAATCCC,core_gfp_plus,core,GFP+,4.725650756112094,2.807354922057604,1.9182958340544896,4,25,0.047619052,13.0
GGGCTTGTCAGGATGG,GGGCTTGTCAGGATGG,core_gfp_plus,core,GFP+,-0.0,-0.0,-0.0,16,30,1.0,2.0
TAGTCCTTCCATCCCA,TAGTCCTTCCATCCCA,core_gfp_plus,core,GFP+,2.584962500721156,1.0,1.584962500721156,22,17,0.16666667,5.0
CTCCTAGTCCGCTGAG,CTCCTAGTCCGCTGAG,core_gfp_plus,core,GFP+,9.901221641056452,4.810426730235761,5.090794910820691,35,47,0.007660782,504.0
CTTAGCTTCAATCTGG,CTTAGCTTCAATCTGG,core_gfp_plus,core,GFP+,5.251629167387822,3.0,2.2516291673878226,9,17,0.041666668,14.0
AGAAGGTTCCTCAATC,AGAAGGTTCCTCAATC,core_gfp_plus,core,GFP+,4.553880916404307,1.990989161429948,2.562891754974358,17,22,0.17050985,337.0
AAGTCGCTCACGCACG,AAGTCGCTCACGCACG,core_gfp_plus,core,GFP+,6.293750667509753,3.5217326988847235,2.772017968625029,24,41,0.07816377,57.0
GGAGTGATCCAGGTCG,GGAGTGATCCAGGTCG,core_gfp_plus,core,GFP+,7.720926148622183,3.650169182720246,4.070756965901937,27,34,0.030443756,466.0
CCTTTGGTCCGGGTCA,CCTTTGGTCCGGGTCA,core_gfp_plus,core,GFP+,2.584962500721156,1.584962500721156,1.0,4,23,0.16666667,5.0
TGATTCCTCACAGGAG,TGATTCCTCACAGGAG,core_gfp_plus,core,GFP+,4.151707766796772,1.8769460369978557,2.274761729798916,24,29,0.26086956,74.0
TGGTAGCTCGATGAGG,TGGTAGCTCGATGAGG,core_gfp_plus,core,GFP+,6.163432757265882,3.2556811100252667,2.907751647240616,17,18,0.10144927,53.0
GTCCAAATCACGCAAC,GTCCAAATCACGCAAC,core_gfp_plus,core,GFP+,2.2905497624194164,1.0389205950315936,1.2516291673878228,29,35,0.53333336,21.0
GCGACATTCGCGCTTC,GCGACATTCGCGCTTC,core_gfp_plus,core,GFP+,7.420832180352526,3.4354444422132597,3.9853877381392655,29,28,0.033646178,601.0
CATTCTATCGCTCATT,CATTCTATCGCTCATT,core_gfp_plus,core,GFP+,6.4057645846554525,3.5,2.9057645846554525,19,28,0.027777778,34.0
TCTCGGCTCGTGCTAA,TCTCGGCTCGTGCTAA,core_gfp_plus,core,GFP+,7.963170182066161,4.089049595159739,3.8741205869064217,5,1,0.028985508,100.0
ATACTCCTCAGGTAGG,ATACTCCTCAGGTAGG,core_gfp_plus,core,GFP+,7.497273373226731,3.986187965046303,3.511085408180428,44,18,0.031189084,46.0
AGTATGTTCACAGCCG,AGTATGTTCACAGCCG,core_gfp_plus,core,GFP+,6.897160749714017,3.484238078032932,3.412922671681085,35,28,0.08290817,97.0
AACTGCATCGATGATT,AACTGCATCGATGATT,core_gfp_plus,core,GFP+,7.169925001442312,1.584962500721156,5.584962500721156,5,1,0.0,3.0
CCTAGTTTCATGGTAT,CCTAGTTTCATGGTAT,core_gfp_plus,core,GFP+,6.7039360116776034,3.681880802803403,3.0220552088742,1,39,0.039473683,31.0
CTTGGCCTCCGCCATC,CTTGGCCTCCGCCATC,core_gfp_plus,core,GFP+,-0.0,-0.0,-0.0,10,28,1.0,2.0
ACGCGCATCAGGTTGC,ACGCGCATCAGGTTGC,core_gfp_plus,core,GFP+,6.001262562797868,3.3762625627978675,2.625,25,21,0.066176474,50.0
GGGTCCATCGCGTAAC,GGGTCCATCGCGTAAC,core_gfp_plus,core,GFP+,5.584962500721156,-0.0,5.584962500721156,18,1,0.0,2.0
ACTTCTATCAGCAGGA,ACTTCTATCAGCAGGA,core_gfp_plus,core,GFP+,3.949311833026446,1.5,2.449311833026446,35,21,0.115384616,17.0
GTGGTTATCATGACGC,GTGGTTATCATGACGC,core_gfp_plus,core,GFP+,4.821928094887362,2.321928094887362,2.5,7,23,0.05,13.0
AAGCGGATCTGGGCAT,AAGCGGATCTGGGCAT,core_gfp_plus,core,GFP+,5.648772089884273,2.563716987127796,3.0850551027564768,31,40,0.06477733,32.0
TAGTCCTTCGACATGC,TAGTCCTTCGACATGC,core_gfp_plus,core,GFP+,2.811278124459133,2.0,0.8112781244591328,5,32,0.1875,8.0
ACCTGGGTCACACTGA,ACCTGGGTCACACTGA,core_gfp_plus,core,GFP+,6.233447130456543,3.1434143538550634,3.09003277660148,12,15,0.046783626,46.0
GGACGTTTCCTCGATT,GGACGTTTCCTCGATT,core_gfp_plus,core,GFP+,7.6670733029628,3.478896055671975,4.188177247290826,21,48,0.025180183,210.0
GCTCAGGTCACACATG,GCTCAGGTCACACATG,core_gfp_plus,core,GFP+,1.0,1.0,-0.0,27,13,0.5,4.0
CAGTTAGTCTATGGCA,CAGTTAGTCTATGGCA,core_gfp_plus,core,GFP+,5.591074315387708,2.506890595608519,3.084183719779189,23,26,0.10666668,50.0
CGGCTAGTCTGTCATC,CGGCTAGTCTGTCATC,core_gfp_plus,core,GFP+,6.912635922833729,3.2053957983993016,3.707240124434428,14,40,0.08261494,151.0
CATTTCATCGCGATTA,CATTTCATCGCGATTA,core_gfp_plus,core,GFP+,9.445009848894037,4.683644530509294,4.76136531838474,12,47,0.0075776707,181.0
ATGAGTTTCCGGTGTG,ATGAGTTTCCGGTGTG,core_gfp_plus,core,GFP+,8.763739095157934,4.54099245289714,4.222746642260793,17,32,0.027424484,247.0
AGTACCATCACTCGTT,AGTACCATCACTCGTT,core_gfp_plus,core,GFP+,5.365576411446911,2.7786885704510973,2.586887840995814,20,29,0.08470588,42.0
TCTCTCCTCCTCTCTC,TCTCTCCTCCTCTCTC,core_gfp_plus,core,GFP+,11.169925001442312,5.584962500721156,5.584962500721156,1,1,0.0,0.0
TCGTCATTCCCTGTCA,TCGTCATTCCCTGTCA,core_gfp_plus,core,GFP+,8.04812166691949,4.271991851323572,3.776129815595918,11,30,0.052747253,121.0
CATGGGTTCCTCAGCC,CATGGGTTCCTCAGCC,core_gfp_plus,core,GFP+,4.389578286750231,2.5,1.8895782867502309,21,15,0.14473684,27.0
CGCCCATTCGATCCGG,CGCCCATTCGATCCGG,core_gfp_plus,core,GFP+,6.927511891677483,3.5478985396259537,3.379613352051529,31,26,0.061107118,633.0
AACACATTCTAAGCAT,AACACATTCTAAGCAT,core_gfp_plus,core,GFP+,6.285891466037096,3.298656346133498,2.9872351199035974,24,28,0.04347826,126.0
AATCGGCTCTAGCTGA,AATCGGCTCTAGCTGA,core_gfp_plus,core,GFP+,6.695350660163317,3.4548223999466057,3.240528260216712,37,6,0.046035808,40.0
GCATAGCTCTAATGGT,GCATAGCTCTAATGGT,core_gfp_plus,core,GFP+,6.482986354116565,3.667913944000621,2.815072410115944,29,9,0.054298643,47.0
CCGTGCTTCCCTTGCA,CCGTGCTTCCCTTGCA,core_gfp_plus,core,GFP+,7.606761265493762,3.4835356914141142,4.123225574079648,21,25,0.027191414,259.0
TCATCGTTCATGAACT,TCATCGTTCATGAACT,core_gfp_plus,core,GFP+,6.255134314233858,3.1464393446710157,3.1086949695628423,35,38,0.040000003,40.0
CTGTGCCTCCAACTCT,CTGTGCCTCCAACTCT,core_gfp_plus,core,GFP+,2.8556537875637305,1.2516291673878228,1.6040246201759076,27,26,0.2962963,39.0
CTACTTATCGATAGGG,CTACTTATCGATAGGG,core_gfp_plus,core,GFP+,3.9219280948873614,2.0,1.9219280948873625,2,33,0.1,9.0
AGTCGGTTCTGGCTAA,AGTCGGTTCTGGCTAA,core_gfp_plus,core,GFP+,6.28417021299518,3.228752241049826,3.055417971945354,18,25,0.050510205,252.0
CACCTATTCATCGAAT,CACCTATTCATCGAAT,core_gfp_plus,core,GFP+,6.824098626157959,3.2516291673878226,3.572469458770136,5,13,0.029411767,29.0
AGTGGCTTCTATGAAC,AGTGGCTTCTATGAAC,core_gfp_plus,core,GFP+,7.51016927539854,3.308031244197374,4.202138031201166,6,22,0.059912853,122.0
CACCTCATCCTCAACT,CACCTCATCCTCAACT,core_gfp_plus,core,GFP+,5.092878689342031,2.9219280948873623,2.1709505944546685,12,37,0.060000002,20.0
TCTGTGTTCACCATCT,TCTGTGTTCACCATCT,core_gfp_plus,core,GFP+,7.535174565635903,5.584962500721156,1.950212064914747,1,11,0.0,7.0
AGCTAATTCCACCGTC,AGCTAATTCCACCGTC,core_gfp_plus,core,GFP+,3.182907684548625,1.4294732983598406,1.7534343861887849,23,26,0.26666668,29.0
CAGGTTATCCTCGTTG,CAGGTTATCCTCGTTG,core_gfp_plus,core,GFP+,5.347999074393105,2.4081700569267035,2.9398290174664017,29,26,0.11764706,53.0
TCGCATTTCCAATGCA,TCGCATTTCCAATGCA,core_gfp_plus,core,GFP+,6.991296165776027,3.425140439702333,3.566155726073694,20,20,0.03897945,168.0
GCCTGCTTCGATTACG,GCCTGCTTCGATTACG,core_gfp_plus,core,GFP+,3.94049404943162,2.0442534242513317,1.896240625180289,42,45,0.24324325,49.0
TGCTCCATCTATGCAG,TGCTCCATCTATGCAG,core_gfp_plus,core,GFP+,6.398351058325883,3.2234651896016477,3.174885868724236,15,21,0.04173913,48.0
GTCTCCATCGATCCAA,GTCTCCATCGATCCAA,core_gfp_plus,core,GFP+,4.503258334775645,1.9182958340544891,2.584962500721156,11,11,0.05555556,12.0
ATCTGGATCTTGATGG,ATCTGGATCTTGATGG,core_gfp_plus,core,GFP+,6.136496722562439,2.858883285743323,3.277613436819116,15,36,0.053719006,55.0
TCTCGGCTCTGGCTAA,TCTCGGCTCTGGCTAA,core_gfp_plus,core,GFP+,-0.0,-0.0,-0.0,37,37,1.0,2.0
TATAGGTTCAGGACGA,TATAGGTTCAGGACGA,core_gfp_plus,core,GFP+,3.396753912284752,1.9056390622295665,1.4911148500551856,17,22,0.23863636,19.0
TCCTATATCCTGTGCC,TCCTATATCCTGTGCC,core_gfp_plus,core,GFP+,6.584962500721156,5.584962500721156,1.0,1,10,0.0,2.0
GTATGGCTCGTTAGCA,GTATGGCTCGTTAGCA,core_gfp_plus,core,GFP+,6.224650847749851,3.3027227528624894,2.9219280948873623,12,38,0.05555556,28.0
CTTAGGATCAGTGCCG,CTTAGGATCAGTGCCG,core_gfp_plus,core,GFP+,5.989360736817817,3.0391486719030705,2.950212064914747,25,28,0.061224494,28.0
TACCGCCTCACTTCAC,TACCGCCTCACTTCAC,core_gfp_plus,core,GFP+,6.167756113976108,3.664497779200461,2.503258334775646,5,14,0.031746034,23.0
AACGATTTCGCTGGAT,AACGATTTCGCTGGAT,core_gfp_plus,core,GFP+,7.413847031389336,3.2325706617867542,4.181276369602582,24,43,0.04304408,110.0
TGACTGATCTATCGCT,TGACTGATCTATCGCT,core_gfp_plus,core,GFP+,6.503258334775646,0.9182958340544896,5.584962500721156,35,1,0.0,3.0
TATCAGGTCGTGAGAG,TATCAGGTCGTGAGAG,core_gfp_plus,core,GFP+,3.5343669357829226,1.3346791410515946,2.199687794731328,6,37,0.28402367,26.0
CACTACTTCCCTCTAG,CACTACTTCCCTCTAG,core_gfp_plus,core,GFP+,8.083593486270235,4.175271747346165,3.908321738924069,12,32,0.058527544,123.0
AATGACTTCTGGTAGC,AATGACTTCTGGTAGC,core_gfp_plus,core,GFP+,3.962754141865356,1.379877637552799,2.5828765043125568,25,24,0.1969697,49.0
TCAATGGTCCGGATAC,TCAATGGTCCGGATAC,core_gfp_plus,core,GFP+,5.584962500721156,5.584962500721156,-0.0,1,25,0.0,1.0
ATGGACCTCCGGTAAC,ATGGACCTCCGGTAAC,core_gfp_plus,core,GFP+,5.584962500721156,5.584962500721156,-0.0,1,25,0.0,1.0
CCGAATATCCATGCGG,CCGAATATCCATGCGG,core_gfp_plus,core,GFP+,4.648322534702861,2.236720316728189,2.4116022179746714,31,28,0.1687345,44.0
TGGGGTTTCCATTCGT,TGGGGTTTCCATTCGT,core_gfp_plus,core,GFP+,6.428974234565351,3.0917988934422747,3.3371753411230767,14,39,0.060851928,46.0
ACATGGCTCTATGCTC,ACATGGCTCTATGCTC,core_gfp_plus,core,GFP+,9.762197507971296,4.696192591900284,5.066004916071014,35,36,0.009614824,262.0
CGACCGATCTAATGGT,CGACCGATCTAATGGT,core_gfp_plus,core,GFP+,6.5486274697026055,3.0269868333592878,3.5216406363433186,4,33,0.032967035,27.0
AGGGCAATCACACCTT,AGGGCAATCACACCTT,core_gfp_plus,core,GFP+,3.850408820454994,2.5219280948873624,1.3284807255676316,20,24,0.29565218,33.0
AGTACCATCTAGTGAT,AGTACCATCTAGTGAT,core_gfp_plus,core,GFP+,2.9182958340544896,0.9182958340544896,2.0,24,18,0.16666667,7.0
GTTCGAATCATCGTAG,GTTCGAATCATCGTAG,core_gfp_plus,core,GFP+,6.779212760206951,3.429003731107054,3.350209029099897,25,24,0.03809524,53.0
CGATGGTTCATAGAGA,CGATGGTTCATAGAGA,core_gfp_plus,core,GFP+,11.169925001442312,5.584962500721156,5.584962500721156,1,1,0.0,0.0
TCTATGCTCAGCGAGA,TCTATGCTCAGCGAGA,core_gfp_plus,core,GFP+,3.978544810439186,2.0602489763846963,1.9182958340544896,24,27,0.1851852,24.0
TCACGGGTCAGTACCA,TCACGGGTCAGTACCA,core_gfp_plus,core,GFP+,4.954992855059006,2.068456776295845,2.8865360787631613,20,29,0.19580421,155.0
TCCATTATCAATGTGT,TCCATTATCAATGTGT,core_gfp_plus,core,GFP+,3.840223928941852,1.9219280948873625,1.9182958340544896,27,4,0.13333334,11.0
ACACCAATCACTCCAT,ACACCAATCACTCCAT,core_gfp_plus,core,GFP+,9.606061997582753,4.902796787123963,4.70326521045879,24,13,0.012175325,282.0
ACCAAGCTCAGCCAAC,ACCAAGCTCAGCCAAC,core_gfp_plus,core,GFP+,3.169925001442312,1.584962500721156,1.584962500721156,22,1,0.11111112,9.0
CACCAAATCGATCCGG,CACCAAATCGATCCGG,core_gfp_plus,core,GFP+,0.9182958340544896,0.9182958340544896,-0.0,23,45,0.6666667,4.0
TGAATGTTCACGGAGA,TGAATGTTCACGGAGA,core_gfp_plus,core,GFP+,1.584962500721156,1.584962500721156,-0.0,17,29,0.33333334,4.0
AATCTGGTCGAATCAT,AATCTGGTCGAATCAT,core_gfp_plus,core,GFP+,5.418127144702218,2.7219280948873625,2.696199049814856,18,26,0.08235294,27.0
CGTCGCTTCTGGGACT,CGTCGCTTCTGGGACT,core_gfp_plus,core,GFP+,9.173299621220751,4.577291752283704,4.59600786893705,24,43,0.019851116,267.0
TCAACCTTCGTAATCG,TCAACCTTCGTAATCG,core_gfp_plus,core,GFP+,4.224601752714581,2.0,2.224601752714581,3,20,0.109375,20.0
TATCTCATCGATATGT,TATCTCATCGATATGT,core_gfp_plus,core,GFP+,9.941787991839211,5.184578882972191,4.757209108867022,42,39,0.0071912985,10902.0
GCAAAGGTCGTACACA,GCAAAGGTCGTACACA,core_gfp_plus,core,GFP+,6.008875793400336,3.138838083696065,2.870037709704271,27,20,0.06104329,104.0
ATGGGGATCTGTGATG,ATGGGGATCTGTGATG,core_gfp_plus,core,GFP+,3.5068905956085183,1.9219280948873625,1.584962500721156,8,36,0.13333334,8.0
TAATCCCTCAAGTATC,TAATCCCTCAAGTATC,core_gfp_plus,core,GFP+,6.584962500721156,1.0,5.584962500721156,31,1,0.0,4.0
TGGACGTTCTAGTCTC,TGGACGTTCTAGTCTC,core_gfp_plus,core,GFP+,1.9182958340544896,0.9182958340544896,1.0,16,22,0.33333334,5.0
TAGTTCCTCCTTCGCA,TAGTTCCTCCTTCGCA,core_gfp_plus,core,GFP+,11.169925001442312,5.584962500721156,5.584962500721156,1,1,0.0,0.0
CAGTCCCTCATACTGG,CAGTCCCTCATACTGG,core_gfp_plus,core,GFP+,3.4219280948873623,1.5,1.9219280948873625,17,38,0.2,9.0
ACGAAGGTCACTCCAT,ACGAAGGTCACTCCAT,core_gfp_plus,core,GFP+,3.063690271902839,0.7732283485249176,2.2904619233779213,22,23,0.36263737,34.0
ATGGGGATCCGGGTCA,ATGGGGATCCGGGTCA,core_gfp_plus,core,GFP+,9.130453306229631,4.591049974969638,4.539403331259996,21,43,0.011000523,175.0
TGCAGGTTCAGGCACT,TGCAGGTTCAGGCACT,core_gfp_plus,core,GFP+,3.296506260493384,1.9852281360342516,1.311278124459133,21,47,0.32142857,46.0
CCGTCGTTCCAGCCGA,CCGTCGTTCCAGCCGA,core_gfp_plus,core,GFP+,4.856899022981504,2.104043717778272,2.7528553052032327,24,29,0.19298247,40.0
ACGGCCATCTCATTCA,ACGGCCATCTCATTCA,core_gfp_plus,core,GFP+,3.7406015629507214,1.584962500721156,2.1556390622295662,11,11,0.125,14.0
GGGGTAATCGCTAGGT,GGGGTAATCGCTAGGT,core_gfp_plus,core,GFP+,6.225034010886103,2.9443949486565364,3.2806390622295662,24,30,0.0625,37.0
GCTGGATTCCCGCACT,GCTGGATTCCCGCACT,core_gfp_plus,core,GFP+,4.01639341820428,2.294127106260297,1.722266311943983,44,3,0.18055555,46.0
CTTCTCCTCACCAGCG,CTTCTCCTCACCAGCG,core_gfp_plus,core,GFP+,1.738149333192866,-0.0,1.738149333192866,20,25,0.46153846,15.0
AACCAGCTCACCAGAC,AACCAGCTCACCAGAC,core_gfp_plus,core,GFP+,5.584962500721156,5.584962500721156,-0.0,1,35,0.0,2.0
ATGCGGTTCATAGGAA,ATGCGGTTCATAGGAA,core_gfp_plus,core,GFP+,5.0212863706621045,3.1462863706621045,1.875,23,31,0.11764706,33.0
AGACTGCTCAAGTTAC,AGACTGCTCAAGTTAC,core_gfp_plus,core,GFP+,5.1548164563696215,2.8706573285181998,2.2841591278514217,44,47,0.15625,44.0
CACGGTTAGCGGTGAA,CACGGTTAGCGGTGAA,core_gfp_minus,core,GFP-,4.530971494055005,1.9905154696305072,2.540456024424498,35,22,0.15127273,323.0
TACGCTAAGAATCACT,TACGCTAAGAATCACT,core_gfp_minus,core,GFP-,3.62892836797623,1.5129346167765156,2.1159937511997144,11,26,0.2981132,158.0
CGGTGTTAGTTAGAGA,CGGTGTTAGTTAGAGA,core_gfp_minus,core,GFP-,6.644367431431329,3.068756735311724,3.575610696119605,35,37,0.13736358,481.0
TCAGATTAGTATGATC,TCAGATTAGTATGATC,core_gfp_minus,core,GFP-,5.297065876301581,1.972867529596592,3.32419834670499,35,18,0.13577586,90.0
CGTTTGAAGCGATGTC,CGTTTGAAGCGATGTC,core_gfp_minus,core,GFP-,4.402900576573125,2.746793671001532,1.656106905571593,17,36,0.12780268,315.0
CCGGTTGAGGATGCGA,CCGGTTGAGGATGCGA,core_gfp_minus,core,GFP-,7.202987885856279,3.564735178725505,3.638252707130774,27,33,0.030769233,69.0
TCCAGTAAGTGCTGTA,TCCAGTAAGTGCTGTA,core_gfp_minus,core,GFP-,3.645512835516972,0.9182958340544896,2.7272170014624826,6,29,0.20833334,19.0
CTGTAATAGCAATCGC,CTGTAATAGCAATCGC,core_gfp_minus,core,GFP-,5.703646451103531,3.1820058147602133,2.521640636343318,10,23,0.061224494,21.0
GCATGTCAGGTGGAGC,GCATGTCAGGTGGAGC,core_gfp_minus,core,GFP-,4.860133535526844,1.4053111355802372,3.454822399946606,18,13,0.13071895,44.0
ACAGTTTAGGGGACTA,ACAGTTTAGGGGACTA,core_gfp_minus,core,GFP-,4.42976448478587,2.3709505944546687,2.058813890331201,23,11,0.13333334,19.0
TACAGCCAGATTCAAC,TACAGCCAGATTCAAC,core_gfp_minus,core,GFP-,1.6858157091530304,-0.0,1.6858157091530304,23,22,0.54545456,14.0
GTTGGTCAGTTAGTCG,GTTGGTCAGTTAGTCG,core_gfp_minus,core,GFP-,7.018014546660633,3.283410297047541,3.734604249613092,27,32,0.091022074,691.0
CTATGCAAGTTAGTCG,CTATGCAAGTTAGTCG,core_gfp_minus,core,GFP-,8.865721482346727,4.416088353347535,4.449633128999192,20,37,0.019812876,171.0
CCTAGTAAGCATGGCT,CCTAGTAAGCATGGCT,core_gfp_minus,core,GFP-,7.170681111090196,3.1097838929696264,4.060897218120569,45,42,0.06323529,188.0
GCGCTCAAGGGTGAAT,GCGCTCAAGGGTGAAT,core_gfp_minus,core,GFP-,5.584962500721156,5.584962500721156,-0.0,1,38,0.0,2.0
GCGGGATAGATAGAGC,GCGGGATAGATAGAGC,core_gfp_minus,core,GFP-,2.521640636343318,2.521640636343318,-0.0,35,10,0.2857143,8.0
CCGACCAAGTAAGCAA,CCGACCAAGTAAGCAA,core_gfp_minus,core,GFP-,4.601894418996119,2.502188546330979,2.0997058726651403,42,29,0.26808512,139.0
GCATCTAAGGATCCGT,GCATCTAAGGATCCGT,core_gfp_minus,core,GFP-,5.718495770906779,2.358755564668134,3.359740206238645,37,22,0.1961165,281.0
TGAACCCAGGATCACC,TGAACCCAGGATCACC,core_gfp_minus,core,GFP-,3.636883422862107,1.8953769290543412,1.741506493807766,7,32,0.25161245,536.0
TCGAATTAGTTGCTCT,TCGAATTAGTTGCTCT,core_gfp_minus,core,GFP-,2.8287902782338987,1.5372888811609091,1.2915013970729898,12,19,0.34032533,2860.0
TGGATTTAGGTACCCG,TGGATTTAGGTACCCG,core_gfp_minus,core,GFP-,5.083532989725115,2.697474999535274,2.3860579901898413,22,33,0.11324571,66.0
GCTATTGAGATTACCG,GCTATTGAGATTACCG,core_gfp_minus,core,GFP-,4.314584622918439,2.284216015364299,2.030368607554139,11,20,0.19651976,1059.0
TCTAGTGAGCTATCAG,TCTAGTGAGCTATCAG,core_gfp_minus,core,GFP-,5.762879396528741,2.8069062885506337,2.9559731079781075,35,32,0.14102565,131.0
TACGTCAAGTACCACA,TACGTCAAGTACCACA,core_gfp_minus,core,GFP-,3.1082809658386115,1.9995043497446296,1.108776616093982,29,14,0.42837474,438.0
GTGGGTAAGCCGACCA,GTGGGTAAGCCGACCA,core_gfp_minus,core,GFP-,4.740045352849784,2.6703782064274204,2.069667146422363,17,36,0.11656774,337.0
GGTCTTAAGGCGATTC,GGTCTTAAGGCGATTC,core_gfp_minus,core,GFP-,7.505252255664512,3.3792825947694407,4.125969660895072,27,39,0.04141784,295.0
CCGCTAGAGCTATCCT,CCGCTAGAGCTATCCT,core_gfp_minus,core,GFP-,8.778958247139382,4.387747800156912,4.39121044698247,31,40,0.022959184,198.0
GCGTGTTAGGTCCCAG,GCGTGTTAGGTCCCAG,core_gfp_minus,core,GFP-,3.4727151411881034,1.7054437207475712,1.7672714204405322,12,19,0.28133476,689.0
ACGAGTGAGGGCTCAT,ACGAGTGAGGGCTCAT,core_gfp_minus,core,GFP-,1.7758589482446403,1.7758589482446403,-0.0,23,39,0.46153846,14.0
CACCATAAGGCAACCT,CACCATAAGGCAACCT,core_gfp_minus,core,GFP-,7.165694497483178,4.109016158956878,3.056678338526301,36,9,0.1180012,1033.0
CACCAACAGTCGAATT,CACCAACAGTCGAATT,core_gfp_minus,core,GFP-,3.2052527313393475,1.1165895932015668,2.0886631381377807,30,33,0.3202995,674.0
GCGTGAAAGTAGTGAA,GCGTGAAAGTAGTGAA,core_gfp_minus,core,GFP-,5.675197784402471,2.802292189082415,2.872905595320056,35,19,0.072000004,40.0
CGCTGATAGTGAACTT,CGCTGATAGTGAACTT,core_gfp_minus,core,GFP-,8.242298916434766,4.058047725731624,4.184251190703143,27,31,0.07934966,497.0
TATGGCCAGCCGCGTA,TATGGCCAGCCGCGTA,core_gfp_minus,core,GFP-,4.497709814944858,2.4180194076306387,2.079690407314219,15,14,0.33333334,108.0
ATCGTTGAGAAGCCCT,ATCGTTGAGAAGCCCT,core_gfp_minus,core,GFP-,7.668127118943785,3.735087760732173,3.933039358211612,43,22,0.03409091,92.0
CCAACTAAGATTAGCT,CCAACTAAGATTAGCT,core_gfp_minus,core,GFP-,7.17917060533744,3.717850465126431,3.4613201402110083,29,19,0.024691358,45.0
CCGGTATAGGCTCTGG,CCGGTATAGGCTCTGG,core_gfp_minus,core,GFP-,4.402547798633531,2.444415090127189,1.958132708506342,31,14,0.22999959,439.0
GTCCGATAGGGTCTCG,GTCCGATAGGGTCTCG,core_gfp_minus,core,GFP-,4.32152594317654,1.8355649674903247,2.4859609756862158,37,22,0.41791046,272.0
GCCCTGAAGGATCCGT,GCCCTGAAGGATCCGT,core_gfp_minus,core,GFP-,8.52403692780852,4.044762973467024,4.4792739543414966,27,14,0.0352381,262.0
CCAGTTAAGGGGTAGC,CCAGTTAAGGGGTAGC,core_gfp_minus,core,GFP-,5.181310483803744,3.1348711391327275,2.046439344671016,41,29,0.13333334,31.0
TCCAGGTAGTAGGAAC,TCCAGGTAGTAGGAAC,core_gfp_minus,core,GFP-,7.29301446690823,3.7190795706241744,3.573934896284056,11,47,0.033333335,49.0
CCACATAAGGTCGTTA,CCACATAAGGTCGTTA,core_gfp_minus,core,GFP-,7.986744538242794,4.132944164357346,3.853800373885448,31,41,0.035353538,537.0
TCGACTAAGCGAAGGC,TCGACTAAGCGAAGGC,core_gfp_minus,core,GFP-,7.161529622698275,3.685451228244828,3.476078394453447,12,32,0.0665434,629.0
CTAAGGGAGGGTGAGC,CTAAGGGAGGGTGAGC,core_gfp_minus,core,GFP-,4.51761527490468,2.6574829320870816,1.8601323428175984,41,29,0.17733991,463.0
ACTTAACAGCATCGCG,ACTTAACAGCATCGCG,core_gfp_minus,core,GFP-,5.121308335676192,1.8458375392586537,3.275470796417538,37,27,0.1509804,181.0
TCTCACTAGGGTACTC,TCTCACTAGGGTACTC,core_gfp_minus,core,GFP-,6.362152023829214,3.240223928941852,3.1219280948873624,35,37,0.05333334,25.0
CTCTAGAAGGGTCAAG,CTCTAGAAGGGTCAAG,core_gfp_minus,core,GFP-,6.782421627796585,3.74003970086286,3.042381926933725,19,14,0.06428572,158.0
ACCCGTGAGGCTTCCC,ACCCGTGAGGCTTCCC,core_gfp_minus,core,GFP-,5.66007697332951,2.584330149623555,3.0757468237059555,35,28,0.1584541,114.0
ACCCAACAGCGCTTCC,ACCCAACAGCGCTTCC,core_gfp_minus,core,GFP-,4.176013303184638,1.45279363084913,2.7232196723355075,30,31,0.125,50.0
ATGCCTAAGGATGGAT,ATGCCTAAGGATGGAT,core_gfp_minus,core,GFP-,3.596949874360572,1.979619605143466,1.617330269217106,31,15,0.35784015,259.0
CAACATTAGTGAGACG,CAACATTAGTGAGACG,core_gfp_minus,core,GFP-,2.341901188909337,1.3709505944546687,0.9709505944546686,14,38,0.36,10.0
GTAAGGTAGTTGCACA,GTAAGGTAGTTGCACA,core_gfp_minus,core,GFP-,3.9068905956085183,1.584962500721156,2.321928094887362,17,7,0.06666667,8.0
CTAACCAAGATTAGTC,CTAACCAAGATTAGTC,core_gfp_minus,core,GFP-,7.12731130427995,3.551785766629526,3.5755255376504245,31,24,0.06594528,141.0
CTCAGGTAGTGTCAAT,CTCAGGTAGTGTCAAT,core_gfp_minus,core,GFP-,7.467644688796403,3.464577596533332,4.003067092263072,39,24,0.115328036,268.0
CATCCGGAGCCCTGCT,CATCCGGAGCCCTGCT,core_gfp_minus,core,GFP-,4.259820872869181,2.586887840995814,1.6729330318733675,32,36,0.22459893,28.0
TATGACTAGGTAATCT,TATGACTAGGTAATCT,core_gfp_minus,core,GFP-,5.370869140435469,2.5219280948873624,2.848941045548107,19,11,0.13846155,36.0
AGACATAAGAAGGTGT,AGACATAAGAAGGTGT,core_gfp_minus,core,GFP-,5.641500821956425,2.4327682601303446,3.208732561826081,24,13,0.13142478,192.0
AAGTTGAAGCGCTGCA,AAGTTGAAGCGCTGCA,core_gfp_minus,core,GFP-,8.62175134098162,4.071204904532682,4.550546436448937,22,19,0.020242915,135.0
CGCCTGAAGTTAACGT,CGCCTGAAGTTAACGT,core_gfp_minus,core,GFP-,4.140258614601208,2.2084749563681685,1.93178365823304,31,14,0.29689556,307.0
TCCAGGTAGCTTCCTG,TCCAGGTAGCTTCCTG,core_gfp_minus,core,GFP-,6.399386584950641,3.3170584480922107,3.08232813685843,22,31,0.10158731,102.0
TACTGATAGTAGTAAG,TACTGATAGTAGTAAG,core_gfp_minus,core,GFP-,6.72725709718181,3.5876848351950867,3.1395722619867232,37,22,0.06875,79.0
GTTAGCCAGAAGCTGG,GTTAGCCAGAAGCTGG,core_gfp_minus,core,GFP-,3.911180445081647,2.1149327464818275,1.7962476985998193,37,20,0.18879287,346.0
GTAAGGTAGCGAGTCT,GTAAGGTAGCGAGTCT,core_gfp_minus,core,GFP-,9.04846796743275,4.7237936815691945,4.324674285863556,34,14,0.021463413,223.0
ACTGATTAGCATTAAC,ACTGATTAGCATTAAC,core_gfp_minus,core,GFP-,8.201813952941356,4.210577461289523,3.991236491651833,20,22,0.025810795,267.0
CTAGGTCAGCATCAAT,CTAGGTCAGCATCAAT,core_gfp_minus,core,GFP-,3.5,2.0,1.5,4,21,0.125,8.0
AGTGGATAGTCGCATA,AGTGGATAGTCGCATA,core_gfp_minus,core,GFP-,6.569417025799694,3.175328276827307,3.394088748972387,20,21,0.06388889,142.0
TGATGAAAGCCTGAGT,TGATGAAAGCCTGAGT,core_gfp_minus,core,GFP-,2.835176343324376,1.6276575936849542,1.207518749639422,21,20,0.5,33.0
ACTACCAAGCCAGGTT,ACTACCAAGCCAGGTT,core_gfp_minus,core,GFP-,5.845603637925551,2.552179697066548,3.293423940859004,31,42,0.06451613,49.0
ATTCGATAGGTTACAT,ATTCGATAGGTTACAT,core_gfp_minus,core,GFP-,7.795980350289548,3.956448612928233,3.839531737361315,35,21,0.06341463,91.0
ACTACCAAGCATTGAT,ACTACCAAGCATTGAT,core_gfp_minus,core,GFP-,2.5,2.5,-0.0,9,36,0.25,9.0
GGATAACAGCAGGTGA,GGATAACAGCAGGTGA,core_gfp_minus,core,GFP-,3.0468753405253466,1.8120466331577,1.2348287073676465,29,15,0.28767124,234.0
ACTGAGGAGTCATCAG,ACTGAGGAGTCATCAG,core_gfp_minus,core,GFP-,5.050340709546388,2.5,2.550340709546388,7,23,0.09090909,19.0
AAGGGTTAGCGGTCTG,AAGGGTTAGCGGTCTG,core_gfp_minus,core,GFP-,3.4928786893420307,2.121928094887362,1.3709505944546687,23,36,0.24000001,15.0
TGCCGATAGGATGACG,TGCCGATAGGATGACG,core_gfp_minus,core,GFP-,2.4719389872174977,1.9964818093603904,0.4754571778571074,29,14,0.5,175.0
TGCCGTGAGCTAGGTC,TGCCGTGAGCTAGGTC,core_gfp_minus,core,GFP-,4.166184178718264,3.124712070770375,1.0414721079478886,34,14,0.22326674,83.0
AGCGATGAGTAGAGAC,AGCGATGAGTAGAGAC,core_gfp_minus,core,GFP-,5.686189981674112,1.9182958340544896,3.7678941476196224,30,36,0.06944445,30.0
CAAACGGAGATAGGTA,CAAACGGAGATAGGTA,core_gfp_minus,core,GFP-,7.044110417748401,1.4591479170272446,5.584962500721156,24,1,0.0,6.0
GGAGATTAGCTATCAG,GGAGATTAGCTATCAG,core_gfp_minus,core,GFP-,3.9068905956085183,1.584962500721156,2.321928094887362,13,20,0.06666667,8.0
TCAACTGAGGTAACTT,TCAACTGAGGTAACTT,core_gfp_minus,core,GFP-,3.5032583347756456,0.9182958340544896,2.584962500721156,3,10,0.11111112,9.0
TCCAGTAAGGAATCAA,TCCAGTAAGGAATCAA,core_gfp_minus,core,GFP-,6.295317450606332,2.881942974253073,3.413374476353259,27,39,0.13862251,709.0
GCACGTTAGGATGCTC,GCACGTTAGGATGCTC,core_gfp_minus,core,GFP-,7.628529725991857,3.750461457646335,3.8780682683455225,29,39,0.037546936,81.0
CAAGGTGAGATTCCGA,CAAGGTGAGATTCCGA,core_gfp_minus,core,GFP-,4.973799618315251,2.0598225451324987,2.9139770731827523,20,36,0.11363637,35.0
TGTCCGGAGCCTCTGC,TGTCCGGAGCCTCTGC,core_gfp_minus,core,GFP-,6.584962500721156,5.584962500721156,1.0,1,14,0.0,2.0
CATGTCAAGCCTGAAC,CATGTCAAGCCTGAAC,core_gfp_minus,core,GFP-,4.243856189774725,1.9219280948873625,2.321928094887362,35,11,0.080000006,10.0
ACGCCATAGGTTCGAC,ACGCCATAGGTTCGAC,core_gfp_minus,core,GFP-,1.477774655762906,0.976443724314034,0.5013309314488719,20,47,0.80501235,413.0
CGATTATAGTATGGCC,CGATTATAGTATGGCC,core_gfp_minus,core,GFP-,6.955566418717115,3.247829885772955,3.707736532944161,39,24,0.07823613,94.0
CAATATCAGTAAGTCT,CAATATCAGTAAGTCT,core_gfp_minus,core,GFP-,6.9622670958116,3.787143960698139,3.175123135113461,8,15,0.027863776,36.0
GTAGGTGAGGTATCCA,GTAGGTGAGGTATCCA,core_gfp_minus,core,GFP-,7.762725940689912,4.410872161768796,3.351853778921116,35,38,0.048176028,267.0
GTCATCAAGGTATGGG,GTCATCAAGGTATGGG,core_gfp_minus,core,GFP-,6.980861117753088,3.3521355399069046,3.628725577846184,27,23,0.04801097,54.0
CCGTCGAAGTCGATTG,CCGTCGAAGTCGATTG,core_gfp_minus,core,GFP-,1.0,-0.0,1.0,42,19,0.5,3.0
GTCATCAAGGTACTAT,GTCATCAAGGTACTAT,core_gfp_minus,core,GFP-,3.870382524811284,1.807354922057604,2.06302760275368,34,16,0.33333334,50.0
GGGACTAAGTCGAACC,GGGACTAAGTCGAACC,core_gfp_minus,core,GFP-,3.896240625180289,2.0,1.896240625180289,23,25,0.125,16.0
ACTTAACAGTATGTAC,ACTTAACAGTATGTAC,core_gfp_minus,core,GFP-,3.5,2.0,1.5,13,23,0.125,8.0
TGGTCTAAGGGTGATG,TGGTCTAAGGGTGATG,core_gfp_minus,core,GFP-,2.584962500721156,1.0,1.584962500721156,8,8,0.16666667,5.0
GTACATTAGTTAATGC,GTACATTAGTTAATGC,core_gfp_minus,core,GFP-,2.270723035582761,1.5487949406953985,0.7219280948873623,29,14,0.5,13.0
GTTACCAAGCGCGATT,GTTACCAAGCGCGATT,core_gfp_minus,core,GFP-,7.05410176340067,3.850858406793271,3.203243356607399,34,47,0.042682923,65.0
ACCTCTTAGCGCAACT,ACCTCTTAGCGCAACT,core_gfp_minus,core,GFP-,-0.0,-0.0,-0.0,24,37,1.0,10.0
AATCATCAGGTTGACC,AATCATCAGGTTGACC,core_gfp_minus,core,GFP-,1.4979132418992336,0.6653858811120062,0.8325273607872272,20,47,0.72727275,120.0
CACTACAAGATAGCAA,CACTACAAGATAGCAA,core_gfp_minus,core,GFP-,5.584962500721156,5.584962500721156,-0.0,1,44,0.0,1.0
CCAAGTCAGATAGGAC,CCAAGTCAGATAGGAC,core_gfp_minus,core,GFP-,7.584962500721156,2.0,5.584962500721156,3,1,0.0,4.0
AACAGGTAGGCATTCA,AACAGGTAGGCATTCA,core_gfp_minus,core,GFP-,7.790627391928421,4.163975044907988,3.626652347020433,19,9,0.03478811,113.0
TCAGAGGAGTGACGGA,TCAGAGGAGTGACGGA,core_gfp_minus,core,GFP-,2.584962500721156,1.0,1.584962500721156,8,30,0.16666667,5.0
CTGGTTAAGCGATCAC,CTGGTTAAGCGATCAC,core_gfp_minus,core,GFP-,5.590223928941852,2.8402239289418523,2.75,30,34,0.06666667,23.0
TCCTAGAAGAAGCGCA,TCCTAGAAGAAGCGCA,core_gfp_minus,core,GFP-,5.73425565494238,2.760543525275477,2.973712129666904,12,22,0.10778476,1224.0
TGTACTGAGTGCCGAT,TGTACTGAGTGCCGAT,core_gfp_minus,core,GFP-,2.5263089786147037,1.1290555019645117,1.3972534766501914,21,32,0.4441919,224.0
ACCAATTAGGTAACGG,ACCAATTAGGTAACGG,core_gfp_minus,core,GFP-,5.28848351208083,2.3017356704933807,2.986747841587449,35,21,0.17783014,305.0
ATAAGTGAGTGAGCAG,ATAAGTGAGTGAGCAG,core_gfp_minus,core,GFP-,4.094000160564931,2.2516291673878226,1.8423709931771084,7,14,0.14285715,13.0
CGCCAATAGTGGCTAC,CGCCAATAGTGGCTAC,core_gfp_minus,core,GFP-,9.188938937447908,4.453986556377975,4.734952381069934,17,37,0.009709599,602.0
GCAATTTAGGCGAGAC,GCAATTTAGGCGAGAC,core_gfp_minus,core,GFP-,4.684620874650891,2.3818340240038687,2.3027868506470224,11,22,0.16848329,589.0
ACGCCCAAGCCATCCC,ACGCCCAAGCCATCCC,core_gfp_minus,core,GFP-,5.877840476875839,3.1749361396872327,2.702904337188607,23,47,0.073573574,55.0
CTCCCACAGTGCCGTG,CTCCCACAGTGCCGTG,core_gfp_minus,core,GFP-,6.962160940997082,3.1805838432798934,3.781577097717189,39,19,0.05401504,818.0
TATGGCCAGTGGCGTT,TATGGCCAGTGGCGTT,core_gfp_minus,core,GFP-,-0.0,-0.0,-0.0,13,16,1.0,2.0
CGCTGCAAGATTCAAC,CGCTGCAAGATTCAAC,core_gfp_minus,core,GFP-,-0.0,-0.0,-0.0,24,8,1.0,7.0
GGGCAACAGGCTCAGT,GGGCAACAGGCTCAGT,core_gfp_minus,core,GFP-,4.484874170344275,2.7321588913645702,1.7527152789797045,19,32,0.08080808,20.0
TCTGCGGAGATTGACT,TCTGCGGAGATTGACT,core_gfp_minus,core,GFP-,7.675311203971647,3.5334192587427182,4.141891945228929,27,33,0.028758172,126.0
CGAAGCAAGCGAAGCA,CGAAGCAAGCGAAGCA,core_gfp_minus,core,GFP-,5.22898112662508,2.5654483718208256,2.6635327548042547,40,43,0.08391609,24.0
ATGCCACAGCTACCGG,ATGCCACAGCTACCGG,core_gfp_minus,core,GFP-,5.3601969528664055,3.121276357834812,2.2389205950315936,6,41,0.14736842,53.0
AGCGACAAGGATTACT,AGCGACAAGGATTACT,core_gfp_minus,core,GFP-,3.821928094887362,1.5,2.321928094887362,20,24,0.1,9.0
AAGGCCAAGGTCACAC,AAGGCCAAGGTCACAC,core_gfp_minus,core,GFP-,3.8017937780618967,1.4445310119783417,2.357262766083555,27,31,0.290312,122.0
TGTCCAAAGCGATCCG,TGTCCAAAGCGATCCG,core_gfp_minus,core,GFP-,5.490530423990454,2.251629167387823,3.238901256602631,5,20,0.051282056,19.0
CCAGGTTAGTTACGGC,CCAGGTTAGTTACGGC,core_gfp_minus,core,GFP-,4.998174805582717,2.7858133786057437,2.2123614269769734,4,36,0.14022471,164.0
TCCAGGTAGTGCCCAG,TCCAGGTAGTGCCCAG,core_gfp_minus,core,GFP-,2.521928094887362,1.521928094887362,1.0,6,18,0.2,9.0
CCACATAAGGCTACTA,CCACATAAGGCTACTA,core_gfp_minus,core,GFP-,6.66578043675894,2.9904695678465765,3.675310868912364,37,15,0.03969754,46.0
ATTCAGTAGCAGGTCT,ATTCAGTAGCAGGTCT,core_gfp_minus,core,GFP-,4.078572094102934,1.6729330318733673,2.4056390622295662,9,32,0.23863636,19.0
ACAAGTAAGGTTACAT,ACAAGTAAGGTTACAT,core_gfp_minus,core,GFP-,4.225480556997868,1.5,2.725480556997868,11,26,0.11111111,13.0
CTAGTCAAGCTACTCT,CTAGTCAAGCTACTCT,core_gfp_minus,core,GFP-,0.7655350055855754,0.1885845139049212,0.5769504916806542,20,47,0.8835398,355.0
CAAACCCAGCCTCTGC,CAAACCCAGCCTCTGC,core_gfp_minus,core,GFP-,7.617683187520808,3.660600926298831,3.957082261221977,27,9,0.057894737,88.0
CCGTGTGAGGTAGATA,CCGTGTGAGGTAGATA,core_gfp_minus,core,GFP-,5.584962500721156,5.584962500721156,-0.0,1,23,0.0,3.0
CTTAGCAAGAAGCACG,CTTAGCAAGAAGCACG,core_gfp_minus,core,GFP-,-0.0,-0.0,-0.0,37,22,1.0,3.0
TGAGGCAAGATAGCCC,TGAGGCAAGATAGCCC,core_gfp_minus,core,GFP-,5.28472524809304,2.5574766418291195,2.7272486062639207,35,31,0.1313321,67.0
CGTACGTAGTTGGACC,CGTACGTAGTTGGACC,core_gfp_minus,core,GFP-,7.426658839608375,2.931405129042721,4.495253710565654,14,43,0.07605229,162.0
TCAACCAAGTGATCTG,TCAACCAAGTGATCTG,core_gfp_minus,core,GFP-,5.791151792789191,2.8225797618424915,2.9685720309466994,7,30,0.07567568,52.0
AATGACAAGGGTTGCT,AATGACAAGGGTTGCT,core_gfp_minus,core,GFP-,6.990636576077286,3.625,3.3656365760772857,22,45,0.037037037,43.0
ACTAACTAGTCGCAAC,ACTAACTAGTCGCAAC,core_gfp_minus,core,GFP-,4.388803574136331,2.324220703914472,2.0645828702218583,30,14,0.32836932,277.0
GGCAATGAGTCGCATA,GGCAATGAGTCGCATA,core_gfp_minus,core,GFP-,7.820400962717985,3.765578107385097,4.054822855332889,35,25,0.036159102,245.0
AGGGTCAAGTCAAGTT,AGGGTCAAGTCAAGTT,core_gfp_minus,core,GFP-,-0.0,-0.0,-0.0,4,20,1.0,2.0
ACGCGAAAGGCTACCG,ACGCGAAAGGCTACCG,core_gfp_minus,core,GFP-,3.5,1.5,2.0,33,6,0.125,8.0
GTAAGGTAGTCATGGC,GTAAGGTAGTCATGGC,core_gfp_minus,core,GFP-,1.584962500721156,1.584962500721156,-0.0,14,37,0.33333334,4.0
TCCCCTAAGCTGGTTA,TCCCCTAAGCTGGTTA,core_gfp_minus,core,GFP-,4.157822742634469,1.99188737263628,2.1659353699981887,24,13,0.18569529,713.0
ATCGAGGAGTAAGGTA,ATCGAGGAGTAAGGTA,core_gfp_minus,core,GFP-,5.865674624938944,2.6376016285504336,3.228072996388509,6,33,0.10542636,116.0
TATGGCCAGCCATAGC,TATGGCCAGCCATAGC,core_gfp_minus,core,GFP-,3.207518749639422,1.207518749639422,2.0,41,7,0.1875,16.0
GCCTGATAGGTTCGTA,GCCTGATAGGTTCGTA,core_gfp_minus,core,GFP-,9.738143912400073,5.034054843958492,4.704089068441581,43,33,0.007217678,1788.0
CCCGATGAGCGCTGTG,CCCGATGAGCGCTGTG,core_gfp_minus,core,GFP-,5.324676880122576,1.9476214480907836,3.377055432031793,35,29,0.124465674,138.0
TGGTTATAGCTATCGA,TGGTTATAGCTATCGA,core_gfp_minus,core,GFP-,5.420193501416399,3.054199799967838,2.365993701448562,35,14,0.1923077,109.0
AGCCATCAGGCGTACT,AGCCATCAGGCGTACT,core_gfp_minus,core,GFP-,4.6037418609626855,2.104043717778272,2.4996981431844145,37,19,0.20146522,34.0
GGGGTTAAGTATGATC,GGGGTTAAGTATGATC,core_gfp_minus,core,GFP-,6.28372434112096,3.1556390622295662,3.1280852788913944,12,11,0.04017857,30.0
TGAAATGAGCGAATGG,TGAAATGAGCGAATGG,core_gfp_minus,core,GFP-,6.1273025065287055,2.832264209002146,3.295038297526559,29,18,0.1071964,104.0
TACGTCAAGGGGTACA,TACGTCAAGGGGTACA,core_gfp_minus,core,GFP-,7.538327379708544,3.539165021294017,3.999162358414527,44,36,0.04696909,200.0
GGAATTAAGTCGCTCC,GGAATTAAGTCGCTCC,core_gfp_minus,core,GFP-,7.6575272777302175,4.07581109261068,3.5817161851195376,35,14,0.03255814,209.0
CGTTATGAGGATATGA,CGTTATGAGGATATGA,core_gfp_minus,core,GFP-,2.5032583347756456,0.9182958340544896,1.584962500721156,21,24,0.22222224,6.0
ACAAGCGAGAACGAGT,ACAAGCGAGAACGAGT,core_gfp_minus,core,GFP-,3.5,2.5,1.0,17,14,0.125,10.0
CGATGAGAGGGGCATA,CGATGAGAGGGGCATA,core_gfp_minus,core,GFP-,8.534495842368429,4.065142250383775,4.469353591984653,35,31,0.011864407,109.0
GTTCACAAGGTCAACC,GTTCACAAGGTCAACC,core_gfp_minus,core,GFP-,-0.0,-0.0,-0.0,26,31,1.0,2.0
CAAATGAAGGTAACTT,CAAATGAAGGTAACTT,core_gfp_minus,core,GFP-,1.0,-0.0,1.0,29,15,0.5,3.0
AACCTTGAGCTGGTGT,AACCTTGAGCTGGTGT,core_gfp_minus,core,GFP-,3.0418254178765616,1.4479934713734073,1.5938319465031543,47,38,0.43487498,180.0
CAAGGCAAGCATTCGA,CAAGGCAAGCATTCGA,core_gfp_minus,core,GFP-,8.302061626230422,3.873762657384659,4.428298968845763,22,4,0.018531717,130.0
CCTCTTGAGGGTTGAG,CCTCTTGAGGGTTGAG,core_gfp_minus,core,GFP-,4.345723035582761,1.9219280948873625,2.4237949406953985,19,17,0.125,21.0
GGCCTCAAGTAGGCGA,GGCCTCAAGTAGGCGA,core_gfp_minus,core,GFP-,7.981667150934669,4.198712219163246,3.7829549317714233,7,23,0.06737394,515.0
TCAGATTAGTAGCCGT,TCAGATTAGTAGCCGT,core_gfp_minus,core,GFP-,0.9182958340544896,0.9182958340544896,-0.0,28,22,0.6666667,4.0
CAGGACAAGGGCTCAT,CAGGACAAGGGCTCAT,core_gfp_minus,core,GFP-,5.584962500721156,5.584962500721156,-0.0,1,38,0.0,1.0
TCCAGTAAGGTAGCGA,TCCAGTAAGGTAGCGA,core_gfp_minus,core,GFP-,2.0,1.0,1.0,21,16,0.25,4.0
AGGTGTGAGGGGCATA,AGGTGTGAGGGGCATA,core_gfp_minus,core,GFP-,6.007856063692048,3.2806390622295662,2.727217001462482,13,8,0.05859375,32.0
AGAGACTAGGGTGAAT,AGAGACTAGGGTGAAT,core_gfp_minus,core,GFP-,4.672275944284051,1.91120505471204,2.761070889572011,27,19,0.1609756,81.0
GGCCTCAAGCGCATGT,GGCCTCAAGCGCATGT,core_gfp_minus,core,GFP-,6.101179283211223,3.2450877889720364,2.856091494239186,20,22,0.10973306,437.0
CCTATAGAGCTTCCAT,CCTATAGAGCTTCCAT,core_gfp_minus,core,GFP-,2.150816025271336,0.5896261811873141,1.561189844084022,20,47,0.64174104,60.0
CATAGTTAGCCTGTCC,CATAGTTAGCCTGTCC,core_gfp_minus,core,GFP-,8.733024894228713,4.410759964064108,4.322264930164604,35,6,0.025625566,986.0
ATCCGTAAGGTGCAAG,ATCCGTAAGGTGCAAG,core_gfp_minus,core,GFP-,8.43963707514187,4.326511363034431,4.113125712107439,3,38,0.035995338,167.0
ACCCGATAGTGGCGTT,ACCCGATAGTGGCGTT,core_gfp_minus,core,GFP-,2.857717469130149,2.046439344671016,0.8112781244591328,31,6,0.3,14.0
TGGTATTAGCTAGGGA,TGGTATTAGCTAGGGA,core_gfp_minus,core,GFP-,-0.0,-0.0,-0.0,24,7,1.0,4.0
TAAGCAAAGTTAGTGT,TAAGCAAAGTTAGTGT,core_gfp_minus,core,GFP-,1.584962500721156,-0.0,1.584962500721156,13,13,0.33333334,10.0
CGTATTGAGAACGATA,CGTATTGAGAACGATA,core_gfp_minus,core,GFP-,3.292878689342031,1.9219280948873625,1.3709505944546687,31,27,0.24000001,10.0
ACTGTCAAGGGCTCAT,ACTGTCAAGGGCTCAT,core_gfp_minus,core,GFP-,2.9219280948873623,1.9219280948873625,1.0,43,24,0.2,7.0
TGCACACAGTAATGCT,TGCACACAGTAATGCT,core_gfp_minus,core,GFP-,5.530245168134933,2.503258334775646,3.0269868333592878,12,17,0.051282052,22.0
TCAGTCAAGCGAATGG,TCAGTCAAGCGAATGG,core_gfp_minus,core,GFP-,1.3787834934861751,-0.0,1.3787834934861751,40,10,0.5714286,8.0
ATGCTCAAGCTGGCAT,ATGCTCAAGCTGGCAT,core_gfp_minus,core,GFP-,6.584962500721156,1.0,5.584962500721156,8,1,0.0,4.0
TCGATTGAGGTTGCCG,TCGATTGAGGTTGCCG,core_gfp_minus,core,GFP-,2.584962500721156,1.584962500721156,1.0,29,31,0.16666667,5.0
TGCAATTAGGAACTGG,TGCAATTAGGAACTGG,core_gfp_minus,core,GFP-,7.270490401059185,3.6835653488698377,3.5869250521893474,35,34,0.07598978,112.0
GTGGACAAGGAGGCAC,GTGGACAAGGAGGCAC,core_gfp_minus,core,GFP-,5.46855571987062,2.383593219149464,3.084962500721156,18,31,0.072463766,35.0
CGAATTTAGTAAGTGA,CGAATTTAGTAAGTGA,core_gfp_minus,core,GFP-,6.503258334775646,5.584962500721156,0.9182958340544896,1,43,0.0,3.0
ACCATATAGTCATTCC,ACCATATAGTCATTCC,core_gfp_minus,core,GFP-,6.960589178251361,3.491684590627835,3.468904587623526,37,33,0.09440262,560.0
ATGCAGGAGGATGTCC,ATGCAGGAGGATGTCC,core_gfp_minus,core,GFP-,-0.0,-0.0,-0.0,20,33,1.0,2.0
TCCTAGAAGATTGGCC,TCCTAGAAGATTGGCC,core_gfp_minus,core,GFP-,3.683935326622157,1.7229712791784753,1.9609640474436811,9,15,0.2631579,29.0
CAGCACTAGGGGCAGT,CAGCACTAGGGGCAGT,core_gfp_minus,core,GFP-,7.396993784861904,3.394379256154118,4.002614528707786,30,5,0.045667447,103.0
TGCTATGAGGATAGCG,TGCTATGAGGATAGCG,core_gfp_minus,core,GFP-,6.101881223476018,3.0,3.101881223476018,10,5,0.029411765,25.0
GTCGGTTAGTTGGCGT,GTCGGTTAGTTGGCGT,core_gfp_minus,core,GFP-,4.349213974936552,1.8253942860148424,2.523819688921709,22,19,0.22544281,50.0
CGTTTGAAGTGACCTA,CGTTTGAAGTGACCTA,core_gfp_minus,core,GFP-,2.8027125750034685,1.292160358363846,1.5105522166396224,43,32,0.35568884,326.0
GGTGGTAAGCTATGTG,GGTGGTAAGCTATGTG,core_gfp_minus,core,GFP-,3.96923697715923,2.744842531753244,1.224394445405986,11,30,0.25925928,27.0
GTAATAGAGCTGGTCG,GTAATAGAGCTGGTCG,core_gfp_minus,core,GFP-,2.2516291673878226,2.2516291673878226,-0.0,14,37,0.33333334,7.0
CTAAGCCAGTAATGTC,CTAAGCCAGTAATGTC,core_gfp_minus,core,GFP-,3.226671020363388,1.8210319581338208,1.4056390622295665,39,25,0.2647059,25.0
CATGGTCAGATAGACA,CATGGTCAGATAGACA,core_gfp_minus,core,GFP-,2.9155222972491464,0.9182958340544896,1.9972264631946568,30,26,0.3768116,26.0
CCGTGATAGGCAAGCA,CCGTGATAGGCAAGCA,core_gfp_minus,core,GFP-,3.433240475588669,2.063639642150849,1.3696008334378198,36,22,0.4571429,109.0
CTACAATAGCGATCTA,CTACAATAGCGATCTA,core_gfp_minus,core,GFP-,5.584962500721156,-0.0,5.584962500721156,11,1,0.0,1.0
ACCAATTAGCGCTTGG,ACCAATTAGCGCTTGG,core_gfp_minus,core,GFP-,8.937435788599835,4.258483274624872,4.678952513974964,35,13,0.010473946,124.0
ACGCCATAGTGGCGAA,ACGCCATAGTGGCGAA,core_gfp_minus,core,GFP-,7.245212376508153,3.7153115322251034,3.52990084428305,27,30,0.03846154,92.0
GGTACGAAGCCTGTAA,GGTACGAAGCCTGTAA,core_gfp_minus,core,GFP-,1.0,-0.0,1.0,25,2,0.5,3.0
GCACGTTAGCAAGTGG,GCACGTTAGCAAGTGG,core_gfp_minus,core,GFP-,6.143275882985536,2.982571130097754,3.1607047528877823,30,18,0.08643457,83.0
GCTTACAAGGGCAGGT,GCTTACAAGGGCAGGT,core_gfp_minus,core,GFP-,2.6049655924045854,1.306170651709187,1.2987949406953985,30,21,0.43478262,39.0
GCCCCTTAGTGGGTCT,GCCCCTTAGTGGGTCT,core_gfp_minus,core,GFP-,5.944214449039552,3.2856368781833574,2.6585775708561945,37,31,0.123363115,3004.0
AATGGGTAGATAGGGT,AATGGGTAGATAGGGT,core_gfp_minus,core,GFP-,4.761001366928978,2.597966233577936,2.1630351333510416,8,31,0.19753087,126.0
AGCGATGAGCTAACTG,AGCGATGAGCTAACTG,core_gfp_minus,core,GFP-,4.251629167387822,1.7924812503605778,2.459147917027245,11,30,0.125,18.0
TGGTTATAGGCACTCG,TGGTTATAGGCACTCG,core_gfp_minus,core,GFP-,4.086591668108979,1.8365916681089791,2.25,41,19,0.11111111,17.0
TCAGTTGAGCATTAGT,TCAGTTGAGCATTAGT,core_gfp_minus,core,GFP-,6.554029899732775,3.232101804845413,3.321928094887362,24,21,0.04761905,41.0
TGGATTTAGTGAGGTG,TGGATTTAGTGAGGTG,core_gfp_minus,core,GFP-,7.704798956139586,4.292483599634575,3.412315356505012,31,14,0.049863014,148.0
TCAGTCAAGTTGCAGC,TCAGTCAAGTTGCAGC,core_gfp_minus,core,GFP-,3.763426846794664,1.9531118956517413,1.8103149511429224,40,25,0.24333705,189.0
CTTACGAAGCCACTCC,CTTACGAAGCCACTCC,core_gfp_minus,core,GFP-,3.4182958340544896,1.5,1.9182958340544896,27,37,0.16666667,10.0
GTTAGTTAGATAGCCC,GTTAGTTAGATAGCCC,core_gfp_minus,core,GFP-,1.0,-0.0,1.0,19,16,0.5,3.0
CCGGTTGAGGTTCCTT,CCGGTTGAGGTTCCTT,core_gfp_minus,core,GFP-,4.333659890674387,1.9608649802760445,2.372794910398342,8,28,0.42361873,284.0
GGTCACTAGCGCTTGG,GGTCACTAGCGCTTGG,core_gfp_minus,core,GFP-,4.969761470406381,3.1927276886307805,1.7770337817756003,35,33,0.16319601,417.0
TACGATTAGCCTGCTC,TACGATTAGCCTGCTC,core_gfp_minus,core,GFP-,4.381606145360154,2.394593454939192,1.9870126904209624,39,24,0.22103515,189.0
CCGGTTGAGAAGCGTG,CCGGTTGAGAAGCGTG,core_gfp_minus,core,GFP-,3.7130477796125514,2.1280852788913944,1.584962500721156,11,22,0.14285715,10.0
CGGACTTAGGGCTATC,CGGACTTAGGGCTATC,core_gfp_minus,core,GFP-,4.770638755988172,2.4384792890242566,2.332159466963916,39,33,0.22997381,1746.0
CACATATAGCGAACGA,CACATATAGCGAACGA,core_gfp_minus,core,GFP-,4.030876241914874,2.2020048786624296,1.8288713632524445,31,23,0.25,40.0
AGCATTTAGTACGGGA,AGCATTTAGTACGGGA,core_gfp_minus,core,GFP-,5.0014343172305,3.095795255000934,1.9056390622295665,8,31,0.06818182,19.0
TAAGGGTAGGGGACGT,TAAGGGTAGGGGACGT,core_gfp_minus,core,GFP-,7.365628507711801,3.581444787932611,3.784183719779189,23,4,0.020689655,49.0
TATACGTAGCTAGGGA,TATACGTAGCTAGGGA,core_gfp_minus,core,GFP-,6.424895258812276,3.006486473620114,3.4184087851921614,3,12,0.15523216,76.0
CTTGATGAGAACCAGG,CTTGATGAGAACCAGG,core_gfp_minus,core,GFP-,4.5,2.5,2.0,20,11,0.0625,12.0
ATAGCAAAGGATATGA,ATAGCAAAGGATATGA,core_gfp_minus,core,GFP-,7.980085108657218,3.871745577486159,4.108339531171059,35,29,0.023338085,284.0
GTCATCAAGGTCGTAC,GTCATCAAGGTCGTAC,core_gfp_minus,core,GFP-,3.0282161147791675,1.3999958387470213,1.6282202760321465,39,25,0.42947367,44.0
TCAGAGGAGTAGGCAG,TCAGAGGAGTAGGCAG,core_gfp_minus,core,GFP-,0.9182958340544896,-0.0,0.9182958340544896,12,29,0.6666667,5.0
TCTGCGGAGGGGTTAG,TCTGCGGAGGGGTTAG,core_gfp_minus,core,GFP-,1.0,-0.0,1.0,5,24,0.5,3.0
GTCATATAGTCAAGGG,GTCATATAGTCAAGGG,core_gfp_minus,core,GFP-,5.377275539413555,2.967471923246478,2.409803616167076,35,38,0.14666668,65.0
GTATGAAAGCAAGCTC,GTATGAAAGCAAGCTC,core_gfp_minus,core,GFP-,6.396240625180289,0.8112781244591328,5.584962500721156,11,1,0.0,4.0
CCATTGAAGCTTACAG,CCATTGAAGCTTACAG,core_gfp_minus,core,GFP-,3.084962500721156,1.5,1.584962500721156,35,29,0.16666667,7.0
TGTGTTGAGTGACCGT,TGTGTTGAGTGACCGT,core_gfp_minus,core,GFP-,8.198329725541267,4.313640873915144,3.884688851626123,23,43,0.017153995,102.0
TACCCTTAGCCTGATA,TACCCTTAGCCTGATA,core_gfp_minus,core,GFP-,5.192380602454975,2.692380602454975,2.5,31,35,0.08928572,22.0
ACCATTGAGGGTCCTG,ACCATTGAGGGTCCTG,core_gfp_minus,core,GFP-,2.4182958340544896,0.9182958340544896,1.5,37,25,0.33333334,7.0
TCCCTCAAGCATAGCC,TCCCTCAAGCATAGCC,core_gfp_minus,core,GFP-,11.169925001442312,5.584962500721156,5.584962500721156,1,1,0.0,0.0
CAATCATAGTGATGAA,CAATCATAGTGATGAA,core_gfp_minus,core,GFP-,4.751629167387822,2.2516291673878226,2.5,44,20,0.083333336,14.0
GGGATTGAGATAGTGA,GGGATTGAGATAGTGA,core_gfp_minus,core,GFP-,2.0,2.0,-0.0,7,48,0.25,7.0
ATCACATAGTGAGGAT,ATCACATAGTGAGGAT,core_gfp_minus,core,GFP-,5.584962500721156,5.584962500721156,-0.0,1,30,0.0,2.0
TCCAGGTAGGGTGACA,TCCAGGTAGGGTGACA,core_gfp_minus,core,GFP-,3.6821274914998745,1.5171136754339627,2.165013816065912,37,23,0.22377624,111.0
CGAGGGTAGGATGCGA,CGAGGGTAGGATGCGA,core_gfp_minus,core,GFP-,4.719670487371862,2.25,2.469670487371862,20,20,0.07692308,21.0
CCGGATTAGGGGATTG,CCGGATTAGGGGATTG,core_gfp_minus,core,GFP-,3.418295834054489,1.5,1.9182958340544891,2,23,0.16666667,10.0
TGCCCGAAGTAGCCCG,TGCCCGAAGTAGCCCG,core_gfp_minus,core,GFP-,6.357971793532071,3.211532448861056,3.146439344671016,21,10,0.06923077,72.0
TACAGTTAGTCGCATA,TACAGTTAGTCGCATA,core_gfp_minus,core,GFP-,5.308193929518777,3.0565647621309537,2.251629167387823,29,1,0.06666667,21.0
TGACATTAGGTCACGT,TGACATTAGGTCACGT,core_gfp_minus,core,GFP-,1.0,-0.0,1.0,38,31,0.5,3.0
AGGTAGTAGTGGCTTA,AGGTAGTAGTGGCTTA,core_gfp_minus,core,GFP-,2.222223823649439,0.9912642605354288,1.2309595631140104,11,22,0.4615385,28.0
CTCTAGAAGTGCGGTT,CTCTAGAAGTGCGGTT,core_gfp_minus,core,GFP-,6.312597490071436,3.0930692077718893,3.219528282299547,14,15,0.067226894,31.0
GCCCAATAGGCTCCTC,GCCCAATAGGCTCCTC,core_gfp_minus,core,GFP-,4.90112132245029,2.22780706917392,2.67331425327637,43,42,0.106862344,159.0
CGGCCTAAGGGCAGGT,CGGCCTAAGGGCAGGT,core_gfp_minus,core,GFP-,4.594309137239127,1.90558726169826,2.6887218755408666,5,36,0.1,42.0
CCTATTCAGTCAGTTG,CCTATTCAGTCAGTTG,core_gfp_minus,core,GFP-,6.278428050976096,2.8692750707107137,3.4091529802653824,17,27,0.077241376,54.0
TGGCCTGAGCCCTACC,TGGCCTGAGCCCTACC,core_gfp_minus,core,GFP-,5.241519221238092,2.9019469592513696,2.3395722619867225,25,21,0.10909092,37.0
GTTCCGGAGTGGCGAA,GTTCCGGAGTGGCGAA,core_gfp_minus,core,GFP-,1.0,-0.0,1.0,28,15,0.5,3.0
ACTACATAGTCGCTGG,ACTACATAGTCGCTGG,core_gfp_minus,core,GFP-,7.994884951236955,3.789898095464288,4.204986855772667,13,4,0.013888889,78.0
AAATGCAAGCCCGTCT,AAATGCAAGCCCGTCT,core_gfp_minus,core,GFP-,5.584962500721156,5.584962500721156,-0.0,1,30,0.0,1.0
AAAGGTCAGCTAATGT,AAAGGTCAGCTAATGT,core_gfp_minus,core,GFP-,-0.0,-0.0,-0.0,6,35,1.0,5.0
CTATCGAAGCGCTACG,CTATCGAAGCGCTACG,core_gfp_minus,core,GFP-,2.235926350629033,-0.0,2.235926350629033,39,5,0.2857143,8.0
AGGAACTAGGTATCGC,AGGAACTAGGTATCGC,core_gfp_minus,core,GFP-,2.584962500721156,1.584962500721156,1.0,2,22,0.16666667,5.0
AACGGCAAGCGCAATC,AACGGCAAGCGCAATC,core_gfp_minus,core,GFP-,5.956300612739896,2.778171170906778,3.178129441833118,41,45,0.09654064,179.0
CACATATAGTCATCCT,CACATATAGTCATCCT,core_gfp_minus,core,GFP-,6.002018710908127,3.08232813685843,2.919690574049697,42,47,0.07792208,43.0
CAAGGTGAGTGACCGT,CAAGGTGAGTGACCGT,core_gfp_minus,core,GFP-,2.5,1.5,1.0,9,13,0.25,6.0
AGCCGAAAGGTAAGTA,AGCCGAAAGGTAAGTA,core_gfp_minus,core,GFP-,6.176645198665462,2.74368237215545,3.4329628265100114,35,19,0.12297833,171.0
CTGCGATAGTTGCTGA,CTGCGATAGTTGCTGA,core_gfp_minus,core,GFP-,6.012987313246729,2.865576855207248,3.1474104580394813,35,32,0.09610983,42.0
TCTGGTAAGCTAGCGT,TCTGGTAAGCTAGCGT,core_gfp_minus,core,GFP-,8.813863924707647,4.209856056140753,4.604007868566895,26,4,0.023127558,150.0
AGAAGTCAGTTGCCGG,AGAAGTCAGTTGCCGG,core_gfp_minus,core,GFP-,5.246451316933836,2.2841591278514217,2.9622921890824148,35,26,0.15,37.0
AGTGCTCAGGCACTTA,AGTGCTCAGGCACTTA,core_gfp_minus,core,GFP-,5.692544166565172,3.0834090433811427,2.6091351231840294,6,27,0.1130137,313.0
TACCAATAGCCATCGG,TACCAATAGCCATCGG,core_gfp_minus,core,GFP-,9.38050739068824,4.625670274201044,4.754837116487195,27,5,0.00837258,176.0
ATCCGTAAGCTATGAT,ATCCGTAAGCTATGAT,core_gfp_minus,core,GFP-,6.555913095175825,0.9709505944546686,5.584962500721156,24,1,0.0,5.0
ATGCTTGAGTCAGCAC,ATGCTTGAGTCAGCAC,core_gfp_minus,core,GFP-,3.6592113445264194,1.1608855291816798,2.49832581534474,35,19,0.29433042,400.0
TCAACATAGGCACTTA,TCAACATAGGCACTTA,core_gfp_minus,core,GFP-,-0.0,-0.0,-0.0,28,37,1.0,3.0
CAATATCAGGCTACAC,CAATATCAGGCTACAC,core_gfp_minus,core,GFP-,1.0,1.0,-0.0,10,9,0.5,4.0
CACGCCAAGTATGGTT,CACGCCAAGTATGGTT,core_gfp_minus,core,GFP-,1.8365916681089791,0.9182958340544896,0.9182958340544896,6,28,0.44444448,6.0
ACTACATAGTGAGTCC,ACTACATAGTGAGTCC,core_gfp_minus,core,GFP-,2.3709505944546687,1.0,1.3709505944546687,29,45,0.3,7.0
TGGGCTTAGCAACCAC,TGGGCTTAGCAACCAC,core_gfp_minus,core,GFP-,2.3022169408091933,1.21977662698702,1.0824403138221732,12,21,0.372847,346.0
CTCCATTAGTGGCTAC,CTCCATTAGTGGCTAC,core_gfp_minus,core,GFP-,0.8112781244591328,0.8112781244591328,-0.0,17,25,0.75,5.0
AGCGAATAGTAGTCGC,AGCGAATAGTAGTCGC,core_gfp_minus,core,GFP-,6.668906182748052,3.133731617112149,3.535174565635903,35,21,0.05895692,63.0
GGTATGGAGCGATGCT,GGTATGGAGCGATGCT,core_gfp_minus,core,GFP-,6.066335427195025,3.3972072155303565,2.669128211664668,20,21,0.07362669,118.0
GTTGATTAGGTGAACG,GTTGATTAGGTGAACG,core_gfp_minus,core,GFP-,4.617868079852439,1.6839319881518575,2.933936091700581,20,14,0.2504525,133.0
ACCACGTAGTAGGTCC,ACCACGTAGTAGGTCC,core_gfp_minus,core,GFP-,1.0,-0.0,1.0,22,40,0.5,5.0
GTCGGTTAGTGAGCAG,GTCGGTTAGTGAGCAG,core_gfp_minus,core,GFP-,11.169925001442312,5.584962500721156,5.584962500721156,1,1,0.0,0.0
ATGGAGTAGGGTCACT,ATGGAGTAGGGTCACT,core_gfp_minus,core,GFP-,5.32416643476329,2.5725462609064533,2.7516201738568364,35,37,0.23622634,614.0
GGGTTGAAGCGAGGAC,GGGTTGAAGCGAGGAC,core_gfp_minus,core,GFP-,4.493734995633043,1.5682116266266148,2.9255233690064277,35,14,0.21256039,77.0
CCGGTATAGTTACACG,CCGGTATAGTTACACG,core_gfp_minus,core,GFP-,2.981527837786311,1.3709505944546687,1.610577243331642,24,16,0.34285718,19.0
CTGATCAAGTGCCTAA,CTGATCAAGTGCCTAA,core_gfp_minus,core,GFP-,3.8208888513501886,1.584962500721156,2.235926350629033,10,24,0.095238104,10.0
CTATCGAAGGTTCGAC,CTATCGAAGGTTCGAC,core_gfp_minus,core,GFP-,6.180757755722089,3.0957952550009336,3.084962500721156,5,11,0.030303031,23.0
AGTGAGTAGCCTTGGG,AGTGAGTAGCCTTGGG,core_gfp_minus,core,GFP-,4.862175162615955,1.8230264907128848,3.0391486719030705,12,26,0.11538462,27.0
CCGATTAAGTGAGTGG,CCGATTAAGTGAGTGG,core_gfp_minus,core,GFP-,0.9182958340544896,0.9182958340544896,-0.0,31,3,0.6666667,4.0
ACCATCAAGTACCAAT,ACCATCAAGTACCAAT,core_gfp_minus,core,GFP-,5.7158780676101735,2.521640636343318,3.1942374312668558,17,30,0.07692309,33.0
AATGATGAGTCAGTCA,AATGATGAGTCAGTCA,core_gfp_minus,core,GFP-,3.584974256781956,2.1839530089469177,1.401021247835038,11,20,0.26456612,439.0
ATATGTCAGGTGCGAA,ATATGTCAGGTGCGAA,core_gfp_minus,core,GFP-,2.4094106841096754,1.4911148500551858,0.9182958340544896,8,18,0.42424244,14.0
ACCCATAAGCAATCCA,ACCCATAAGCAATCCA,core_gfp_minus,core,GFP-,4.463838596242653,3.0850551027564768,1.3787834934861751,8,48,0.0879121,20.0
ACAGCGAAGTCATAGT,ACAGCGAAGTCATAGT,core_gfp_minus,core,GFP-,6.193933834974532,2.5155675641467825,3.6783662708277487,24,37,0.07164901,427.0
TGCACACAGCGCCTGA,TGCACACAGCGCCTGA,core_gfp_minus,core,GFP-,4.573557262275186,2.321928094887362,2.251629167387823,14,31,0.06666667,11.0
GGGATTGAGTTGCCGG,GGGATTGAGTTGCCGG,core_gfp_minus,core,GFP-,4.137151773406421,2.106383759254606,2.030768014151815,37,25,0.20522898,428.0
TACAGCCAGCATGCGT,TACAGCCAGCATGCGT,core_gfp_minus,core,GFP-,8.204647685165677,4.176240084176066,4.028407600989611,24,13,0.024725277,94.0
TCCCTTGAGTTGCTGA,TCCCTTGAGTTGCTGA,core_gfp_minus,core,GFP-,4.729283016944966,1.9219280948873625,2.807354922057604,12,13,0.05714286,12.0
GCCCCTTAGAAGCCAG,GCCCCTTAGAAGCCAG,core_gfp_minus,core,GFP-,2.6536491176362413,1.8423709931771084,0.8112781244591328,12,33,0.32142857,11.0
AACCCACAGGGTCCTG,AACCCACAGGGTCCTG,core_gfp_minus,core,GFP-,3.9292843982737287,1.9897183550017503,1.939566043271978,21,19,0.22987618,110.0
AGGAACTAGTGACGAG,AGGAACTAGTGACGAG,core_gfp_minus,core,GFP-,5.507854263102299,2.9575135535559114,2.550340709546388,36,22,0.11764707,45.0
GCTGTTAAGGAGCTGA,GCTGTTAAGGAGCTGA,core_gfp_minus,core,GFP-,6.00320887920695,2.3688625335861238,3.634346345620826,26,13,0.071594775,336.0
AGGAACTAGTTAGCTG,AGGAACTAGTTAGCTG,core_gfp_minus,core,GFP-,1.7527152789797047,1.7527152789797047,-0.0,26,16,0.44444445,10.0
CGCGTCAAGTAGGATA,CGCGTCAAGTAGGATA,core_gfp_minus,core,GFP-,2.298494889865826,0.9996999491704276,1.2987949406953985,11,23,0.45258617,37.0
GTAGGCAAGCTATGAT,GTAGGCAAGCTATGAT,core_gfp_minus,core,GFP-,2.0,1.0,1.0,11,18,0.25,4.0
CGGCTCAAGGGCAGGT,CGGCTCAAGGGCAGGT,core_gfp_minus,core,GFP-,5.860692478228404,3.663532754804255,2.197159723424149,15,36,0.045454547,31.0
GCACCATAGGCTACGT,GCACCATAGGCTACGT,core_gfp_minus,core,GFP-,7.058829326574447,3.1746742319786425,3.884155094595804,2,14,0.02020202,49.0
TAACCATAGGTGCTTA,TAACCATAGGTGCTTA,core_gfp_minus,core,GFP-,0.9182958340544896,-0.0,0.9182958340544896,17,31,0.6666667,5.0
ACAGGTGAGAACCATT,ACAGGTGAGAACCATT,core_gfp_minus,core,GFP-,5.584962500721156,-0.0,5.584962500721156,23,1,0.0,1.0
TAGTGTTAGCGCTTGG,TAGTGTTAGCGCTTGG,core_gfp_minus,core,GFP-,3.157742726504889,1.5,1.6577427265048887,6,39,0.2777778,13.0
ATCAGTTAGCCATTGA,ATCAGTTAGCCATTGA,core_gfp_minus,core,GFP-,6.584962500721156,1.0,5.584962500721156,31,1,0.0,2.0
TGCCAGTAGTGCTGCG,TGCCAGTAGTGCTGCG,core_gfp_minus,core,GFP-,3.1280741172241555,1.3158243335257076,1.812249783698448,31,34,0.33406597,96.0
TCATAACAGCCTCTGC,TCATAACAGCCTCTGC,core_gfp_minus,core,GFP-,2.710777084415067,0.9182958340544896,1.7924812503605778,32,38,0.33333334,9.0
CGCTAACAGCTTCCTG,CGCTAACAGCTTCCTG,core_gfp_minus,core,GFP-,6.484061894916984,3.069132428705082,3.4149294662119014,22,20,0.08281574,310.0
ACGACGAAGCGACTTA,ACGACGAAGCGACTTA,core_gfp_minus,core,GFP-,3.4474052694912016,1.8719745354954336,1.5754307339957676,15,34,0.17204301,85.0
GTTACCAAGTGAGCCT,GTTACCAAGTGAGCCT,core_gfp_minus,core,GFP-,6.465984690717248,3.545026097372898,2.9209585933443494,35,38,0.10135135,69.0
ATGCTTGAGCGCTGAT,ATGCTTGAGCGCTGAT,core_gfp_minus,core,GFP-,4.721121162187116,2.1179631753145163,2.6031579868726,45,13,0.115384616,27.0
GTAACGGAGGATCAGG,GTAACGGAGGATCAGG,core_gfp_minus,core,GFP-,1.5,-0.0,1.5,29,17,0.5,7.0
AGTAATGAGATTAACC,AGTAATGAGATTAACC,core_gfp_minus,core,GFP-,4.922137841844233,3.3371753411230767,1.584962500721156,43,12,0.058823533,20.0
TGAGTAAAGATAGTTC,TGAGTAAAGATAGTTC,core_gfp_minus,core,GFP-,6.329948762005792,3.5282424844314777,2.801706277574314,12,21,0.08148148,52.0
GCATTTGAGGCTACAC,GCATTTGAGGCTACAC,core_gfp_minus,core,GFP-,3.0,1.0,2.0,30,10,0.125,6.0
ACTGATTAGGAGGCTA,ACTGATTAGGAGGCTA,core_gfp_minus,core,GFP-,3.677567157116928,2.1556390622295662,1.521928094887362,38,24,0.15,13.0
CAAATTCAGTGTCATG,CAAATTCAGTGTCATG,core_gfp_minus,core,GFP-,6.584962500721156,1.0,5.584962500721156,21,1,0.0,2.0
CAAGGCAAGTCAGCAC,CAAGGCAAGTCAGCAC,core_gfp_minus,core,GFP-,3.208540616013475,1.2577148214953864,1.950825794518089,19,32,0.31862745,29.0
ATCCGTAAGTATGATC,ATCCGTAAGTATGATC,core_gfp_minus,core,GFP-,-0.0,-0.0,-0.0,46,47,1.0,2.0
ACCATTGAGTTGCACA,ACCATTGAGTTGCACA,core_gfp_minus,core,GFP-,6.15890839663113,3.174674231978642,2.9842341646524884,26,39,0.06417113,39.0
TCATGTGAGGAATGTA,TCATGTGAGGAATGTA,core_gfp_minus,core,GFP-,4.797468971727379,3.1692486956952326,1.6282202760321465,17,18,0.18575852,36.0
TCATAACAGGATCTAT,TCATAACAGGATCTAT,core_gfp_minus,core,GFP-,4.154222184683522,1.9182958340544891,2.235926350629033,23,20,0.095238104,13.0
TCGCATAAGTGAGCAG,TCGCATAAGTGAGCAG,core_gfp_minus,core,GFP-,3.7965149916904672,1.8633727270009877,1.93314226468948,22,25,0.2037037,138.0
TCGTCAAAGGTTGCGT,TCGTCAAAGGTTGCGT,core_gfp_minus,core,GFP-,8.740298830039494,4.546520677872048,4.193778152167447,5,33,0.01818182,104.0
GGTTGTCAGGCAAGGC,GGTTGTCAGGCAAGGC,core_gfp_minus,core,GFP-,7.503258334775645,1.9182958340544891,5.584962500721156,11,1,0.0,6.0
TCCTGTTAGCGCCTAG,TCCTGTTAGCGCCTAG,core_gfp_minus,core,GFP-,0.9182958340544896,-0.0,0.9182958340544896,3,5,0.6666667,5.0
GCATTTGAGGTGCTTA,GCATTTGAGGTGCTTA,core_gfp_minus,core,GFP-,1.4591479170272446,1.4591479170272446,-0.0,12,36,0.5,7.0
CGTATTGAGAATCCAT,CGTATTGAGAATCCAT,core_gfp_minus,core,GFP-,11.169925001442312,5.584962500721156,5.584962500721156,1,1,0.0,0.0
GGGTAATAGGTATGAA,GGGTAATAGGTATGAA,core_gfp_minus,core,GFP-,1.0,1.0,-0.0,20,27,0.5,4.0
CACGCCAAGCGGTACT,CACGCCAAGCGGTACT,core_gfp_minus,core,GFP-,5.422857217752449,2.7424284493516518,2.6804287684007986,22,20,0.09060403,237.0
GTAGTTTAGAAGGAGA,GTAGTTTAGAAGGAGA,core_gfp_minus,core,GFP-,1.8423709931771088,-0.0,1.8423709931771088,43,31,0.42857143,10.0
TCTCATCAGGTCCATA,TCTCATCAGGTCCATA,core_gfp_minus,core,GFP-,2.0,1.0,1.0,17,20,0.25,4.0
AGCCCATAGTGAAGCG,AGCCCATAGTGAAGCG,core_gfp_minus,core,GFP-,8.652389048342592,4.35746837281614,4.294920675526452,11,6,0.011432201,114.0
CGGATTCAGGTAAGTA,CGGATTCAGGTAAGTA,core_gfp_minus,core,GFP-,2.811821577749998,1.2446387925785825,1.5671827851714155,37,21,0.26984128,359.0
AGGACTGAGCTAACGC,AGGACTGAGCTAACGC,core_gfp_minus,core,GFP-,1.5,-0.0,1.5,9,32,0.5,6.0
AGCCCATAGCAGTCTA,AGCCCATAGCAGTCTA,core_gfp_minus,core,GFP-,1.9182958340544896,1.0,0.9182958340544896,3,46,0.33333334,5.0
TCATAGTAGTGCCGTG,TCATAGTAGTGCCGTG,core_gfp_minus,core,GFP-,1.0,-0.0,1.0,21,17,0.5,3.0
GCTTGTAAGCAGGTCT,GCTTGTAAGCAGGTCT,core_gfp_minus,core,GFP-,3.4760236127938087,1.584962500721156,1.8910611120726528,6,22,0.11111112,12.0
CCGGTCAAGTAGAGGT,CCGGTCAAGTAGAGGT,core_gfp_minus,core,GFP-,5.672189826661397,2.58713472390492,3.0850551027564768,43,12,0.06837607,40.0
CTGCGCAAGTAGGAAC,CTGCGCAAGTAGGAAC,core_gfp_minus,core,GFP-,3.197159723424149,1.0,2.197159723424149,10,39,0.16666667,11.0
GCATTCAAGGTACTTG,GCATTCAAGGTACTTG,core_gfp_minus,core,GFP-,6.503258334775646,5.584962500721156,0.9182958340544896,1,14,0.0,3.0
CGCTGATAGAACGGAT,CGCTGATAGAACGGAT,core_gfp_minus,core,GFP-,4.883362900590362,1.6615608324387208,3.221802068151641,35,28,0.12323001,106.0
TCGATATAGCTACCGG,TCGATATAGCTACCGG,core_gfp_minus,core,GFP-,3.827567157116929,1.9219280948873625,1.9056390622295665,12,13,0.15,13.0
AGTGGATAGCTACTGA,AGTGGATAGCTACTGA,core_gfp_minus,core,GFP-,5.584962500721156,5.584962500721156,-0.0,1,28,0.0,1.0
CTTGGTAAGCCATCAA,CTTGGTAAGCCATCAA,core_gfp_minus,core,GFP-,6.255148229355743,3.4797385870588995,2.775409642296844,43,25,0.070791796,391.0
CACTACAAGTCTAGGC,CACTACAAGTCTAGGC,core_gfp_minus,core,GFP-,2.3709505944546687,1.3709505944546687,1.0,11,17,0.3,7.0
AGTCTCAAGATTGCGC,AGTCTCAAGATTGCGC,core_gfp_minus,core,GFP-,5.348877300123789,2.8491791569393743,2.4996981431844145,35,33,0.13736264,41.0
AAATGCAAGTCGAATT,AAATGCAAGTCGAATT,core_gfp_minus,core,GFP-,3.878529862673616,2.4193819456463714,1.4591479170272446,35,19,0.16666667,15.0
