umap1,umap2,cell_type,sample,annotation_source
-2.9620163,0.5665081,Spp1+ TAM,E14S,transferred
-0.7668429,-7.682698,Neutrophil,E14S,transferred
-6.089621,1.7287567,Spp1+ TAM,E14S,transferred
26.63338,3.2121215,Hypoxic Tumor,E14S,transferred
2.5485334,-7.6014643,Neutrophil,E14S,transferred
-6.2788515,4.813944,Resident Macrophage,E14S,transferred
0.7376662,5.1837635,cDC,E14S,transferred
-1.8986027,1.8484135,Monocyte,E14S,transferred
3.3439152,12.350289,CD8 Exhausted Proliferating,E14S,transferred
-3.7795708,5.4091115,C1qc+ TAM,E14S,transferred
26.369564,4.3515487,Tumor,E14S,transferred
2.340789,14.9776325,NK,E14S,transferred
3.2441916,13.152716,CD8 Terminally Exhausted,E14S,transferred
0.2739784,5.1803336,cDC,E14S,transferred
-4.621046,2.4690478,Il1b+ TAM,E14S,transferred
2.181877,14.666649,NK,E14S,transferred
16.599672,6.7835236,Hypoxic Tumor,E14S,transferred
0.1599465,5.008218,cDC,E14S,transferred
23.07362,4.2598476,Hypoxic Tumor,E14S,transferred
16.802755,6.5812545,Hypoxic Tumor,E14S,transferred
-0.7554542,-8.04029,Neutrophil,E14S,transferred
-4.4559693,2.2025623,Il1b+ TAM,E14S,transferred
-4.017085,2.6050327,Il1b+ TAM,E14S,transferred
17.142574,7.909791,Hypoxic Tumor,E14S,transferred
16.754845,6.25653,Hypoxic Tumor,E14S,knn
0.7065823,-8.170084,Neutrophil,E14S,transferred
-5.442672,3.4777887,Resident Macrophage,E14S,transferred
-5.5444093,5.200697,C1qc+ TAM,E14S,transferred
2.8858984,11.464584,CD8 Terminally Exhausted,E14S,transferred
-6.3568997,2.631087,Resident Macrophage,E14S,transferred
-5.9558506,2.587744,Il1b+ TAM,E14S,transferred
17.045534,6.4334307,Hypoxic Tumor,E14S,transferred
0.8119247,-5.8581157,Neutrophil,E14S,transferred
-6.4078994,3.3064094,Resident Macrophage,E14S,transferred
-2.289861,2.5860488,Monocyte,E14S,transferred
-4.294717,4.7689347,C1qc+ TAM,E14S,transferred
-0.9918468,2.7352185,Monocyte,E14S,transferred
26.652082,3.7574093,Hypoxic Tumor,E14S,transferred
-1.7948482,2.8256857,Monocyte,E14S,transferred
-5.701236,1.7065547,Spp1+ TAM,E14S,transferred
-2.1298811,2.1570704,Monocyte,E14S,transferred
-5.50604,4.691791,Resident Macrophage,E14S,transferred
0.43473437,5.3064556,cDC,E14S,transferred
-3.531323,6.9084463,C1qc+ TAM,E14S,transferred
-2.211067,3.5403724,Monocyte,E14S,transferred
-5.5308037,3.5059624,Il1b+ TAM,E14S,transferred
-5.6475554,3.765641,Resident Macrophage,E14S,transferred
2.5664914,7.6075296,mDC,E14S,transferred
0.5226712,-5.8876247,Neutrophil,E14S,transferred
-3.0574741,5.931658,C1qc+ TAM,E14S,transferred
-6.1595917,5.1098313,Resident Macrophage,E14S,transferred
1.7148131,14.063343,NK,E14S,transferred
23.716473,6.100446,Hypoxic Tumor,E14S,transferred
-5.0204587,2.7272785,Il1b+ TAM,E14S,transferred
-5.6674795,4.694861,Resident Macrophage,E14S,transferred
-4.098543,2.981522,Resident Macrophage,E14S,transferred
-4.582016,2.8007145,Il1b+ TAM,E14S,transferred
-2.3183026,3.1503782,Monocyte,E14S,transferred
0.8284895,5.5763283,cDC,E14S,transferred
2.907835,12.940682,CD8 Terminally Exhausted,E14S,transferred
-3.6715057,2.3493896,Il1b+ TAM,E14S,transferred
0.32782534,4.884893,cDC,E14S,transferred
2.7910445,12.672693,CD8 Terminally Exhausted,E14S,transferred
-0.9434661,3.7325575,Monocyte,E14S,transferred
-0.5123025,-0.17649736,Monocyte,E14S,transferred
25.589178,4.6987457,Tumor,E14S,transferred
-3.82281,5.109499,C1qc+ TAM,E14S,transferred
26.024096,5.208118,Tumor,E14S,transferred
-4.0798254,5.4075475,C1qc+ TAM,E14S,transferred
18.454412,9.260178,Stromal,E14S,transferred
16.69415,6.428628,Hypoxic Tumor,E14S,transferred
17.00052,8.044728,Tumor,E14S,transferred
-1.6270684,4.4753375,Resident Macrophage,E14S,transferred
-0.21766832,1.5292087,Monocyte,E14S,transferred
-3.70766,6.7842765,Resident Macrophage,E14S,transferred
-1.3749411,4.1114554,Resident Macrophage,E14S,transferred
1.5479032,14.291048,NK,E14S,transferred
1.752367,7.2582207,mDC,E14S,transferred
-0.5534163,-0.43163604,Monocyte,E14S,transferred
2.9972043,12.306707,Monocyte,E14S,transferred
-1.7825807,2.778819,Monocyte,E14S,transferred
-1.5574839,2.0194054,Monocyte,E14S,transferred
-4.0440264,2.3826253,Il1b+ TAM,E14S,transferred
-1.4771488,3.0520134,Monocyte,E14S,transferred
2.9349508,12.492776,CD4 T,E14S,transferred
2.0468483,14.226888,NK,E14S,transferred
-2.1677012,2.4782386,Monocyte,E14S,transferred
18.75339,7.2484384,Hypoxic Tumor,E14S,transferred
-0.30943346,-0.15820847,Monocyte,E14S,transferred
-3.6302183,6.4315686,C1qc+ TAM,E14S,transferred
2.2245767,7.3708816,mDC,E14S,transferred
-6.4416394,2.292602,Spp1+ TAM,E14S,transferred
2.3214006,-7.423508,Neutrophil,E14S,transferred
-5.8079944,3.518928,Spp1+ TAM,E14S,transferred
-5.0391326,0.6697579,Spp1+ TAM,E14S,transferred
-3.1631594,1.6794728,Il1b+ TAM,E14S,transferred
-5.7638664,3.7758348,Resident Macrophage,E14S,transferred
-1.6189643,0.5406481,Monocyte,E14S,transferred
2.124351,14.62027,NK,E14S,transferred
0.7089905,4.9250994,cDC,E14S,transferred
-4.209865,1.4682465,Il1b+ TAM,E14S,transferred
-4.069828,2.0454314,Il1b+ TAM,E14S,transferred
-1.1712892,0.17212053,Il1b+ TAM,E14S,transferred
0.35067412,4.9748755,cDC,E14S,transferred
-5.010814,2.6336544,Il1b+ TAM,E14S,transferred
-2.715212,3.7426417,Monocyte,E14S,transferred
17.621237,8.651795,Hypoxic Tumor,E14S,transferred
0.85011554,5.465878,cDC,E14S,transferred
-0.0354833,0.18812129,Monocyte,E14S,transferred
-6.587442,1.050602,Resident Macrophage,E14S,transferred
-5.030232,4.7067056,C1qc+ TAM,E14S,transferred
3.2799459,13.096733,CD8 Exhausted Proliferating,E14S,transferred
16.643938,6.497609,Hypoxic Tumor,E14S,transferred
3.3788257,12.3709545,Regulatory CD8 T,E14S,transferred
-6.070965,2.4380364,Il1b+ TAM,E14S,transferred
-3.717018,4.225734,Il1b+ TAM,E14S,transferred
-4.0717216,6.6447363,Resident Macrophage,E14S,transferred
0.11456282,4.5987124,cDC,E14S,transferred
-3.667113,6.803029,C1qc+ TAM,E14S,transferred
1.2689537,13.728957,NK,E14S,transferred
-3.7289484,5.39167,C1qc+ TAM,E14S,transferred
0.34764323,-8.34545,Neutrophil,E14S,transferred
-4.575343,5.1134796,C1qc+ TAM,E14S,transferred
16.416443,7.4356613,Hypoxic Tumor,E14S,transferred
1.8253387,6.943967,mDC,E14S,transferred
0.47089383,-6.470733,Neutrophil,E14S,transferred
0.25874922,-8.098168,Neutrophil,E14S,transferred
16.368555,7.6706953,Hypoxic Tumor,E14S,transferred
3.1229599,12.622025,CD8 Terminally Exhausted,E14S,transferred
16.764284,8.0437155,Hypoxic Tumor,E14S,transferred
3.1491933,11.803191,CD8 Terminally Exhausted,E14S,transferred
-4.1397285,5.1395574,Monocyte,E14S,transferred
1.968905,14.9396305,NK,E14S,transferred
-1.3709681,2.3001745,Monocyte,E14S,transferred
-1.3160747,3.8201187,Resident Macrophage,E14S,transferred
-0.1728378,-6.8731675,Neutrophil,E14S,transferred
-1.588311,3.2339494,Monocyte,E14S,transferred
-6.283238,4.8998976,C1qc+ TAM,E14S,transferred
-2.2050548,1.6811585,Monocyte,E14S,transferred
-3.5164845,3.4940236,Il1b+ TAM,E14S,transferred
0.3311096,1.1749245,Monocyte,E14S,transferred
0.3953823,0.8314302,Monocyte,E14S,transferred
-0.3856624,-8.36286,Neutrophil,E14S,transferred
19.024591,6.997815,Hypoxic Tumor,E14S,transferred
-1.0888972,1.9149609,Monocyte,E14S,transferred
-4.0454745,0.7541321,Spp1+ TAM,E14S,transferred
-2.9911234,5.0780373,C1qc+ TAM,E14S,transferred
17.284376,7.4779415,Hypoxic Tumor,E14S,transferred
-3.7546604,5.4329658,Monocyte,E14S,transferred
2.5138967,7.5761514,mDC,E14S,transferred
-5.4984126,4.517237,C1qc+ TAM,E14S,transferred
0.5693285,1.0800433,Monocyte,E14S,transferred
-4.0444026,0.78628606,Spp1+ TAM,E14S,transferred
2.0561512,15.109936,NK,E14S,transferred
-0.21211171,-7.70371,Neutrophil,E14S,transferred
16.450674,7.232049,Hypoxic Tumor,E14S,transferred
2.6714349,7.4889746,mDC,E14S,transferred
2.560746,12.737119,Regulatory CD4 T,E14S,transferred
16.817543,7.1218305,Hypoxic Tumor,E14S,transferred
-3.9008257,6.408377,Resident Macrophage,E14S,transferred
-5.50337,4.572764,Resident Macrophage,E14S,transferred
-4.2799406,4.249223,C1qc+ TAM,E14S,transferred
0.11928296,-5.413732,Neutrophil,E14S,transferred
-5.8249707,4.698154,C1qc+ TAM,E14S,transferred
-0.69268763,4.5638833,Monocyte,E14S,transferred
1.2707205,13.66899,NK,E14S,transferred
-1.0722554,4.997404,mDC,E14S,transferred
2.948677,-7.307842,Neutrophil,E14S,transferred
2.2443552,6.855632,mDC,E14S,transferred
-4.767281,4.4133677,Resident Macrophage,E14S,transferred
17.37849,6.815453,Hypoxic Tumor,E14S,transferred
-5.72075,1.1502575,Spp1+ TAM,E14S,transferred
-5.2382317,4.6493225,Resident Macrophage,E14S,transferred
-5.1991215,3.4654205,Resident Macrophage,E14S,transferred
-0.508307,0.20863956,Monocyte,E14S,transferred
3.3686705,12.963383,CD8 Exhausted Proliferating,E14S,transferred
-5.543867,3.098439,Resident Macrophage,E14S,transferred
2.0060015,14.992205,NK,E14S,transferred
-4.472348,5.3984694,C1qc+ TAM,E14S,transferred
19.032475,7.5284204,Hypoxic Tumor,E14S,transferred
-0.07327728,5.029915,cDC,E14S,transferred
16.293167,8.887705,Hypoxic Tumor,E14S,transferred
-4.5494223,2.1342738,Il1b+ TAM,E14S,transferred
-5.6190896,3.587407,Resident Macrophage,E14S,transferred
3.0976882,12.171068,Regulatory CD8 T,E14S,transferred
1.1676779,-6.4867673,Neutrophil,E14S,transferred
-1.9227896,4.907203,Resident Macrophage,E14S,transferred
-4.9952803,4.5226316,Resident Macrophage,E14S,transferred
-3.4054453,6.554545,C1qc+ TAM,E14S,transferred
-3.729481,3.385303,Resident Macrophage,E14S,transferred
-4.7958703,2.9435992,Il1b+ TAM,E14S,transferred
-4.8334017,3.7404034,C1qc+ TAM,E14S,transferred
-3.5771334,3.390224,Il1b+ TAM,E14S,transferred
-2.9374182,4.4044275,C1qc+ TAM,E14S,transferred
-1.7299224,3.6559305,Resident Macrophage,E14S,transferred
-0.3176216,1.6011833,Monocyte,E14S,transferred
-5.051563,1.1295059,Resident Macrophage,E14S,transferred
2.6019425,-7.3493123,Neutrophil,E14S,transferred
-0.34388065,0.5887262,Monocyte,E14S,transferred
3.0494244,12.681158,Regulatory CD8 T,E14S,transferred
-3.768551,1.8136322,Il1b+ TAM,E14S,transferred
-6.3438144,3.9910843,Resident Macrophage,E14S,transferred
-5.8686724,2.4178848,Il1b+ TAM,E14S,transferred
-4.538159,2.4641035,Resident Macrophage,E14S,transferred
-4.3270793,1.7356969,Il1b+ TAM,E14S,transferred
-6.25837,4.04373,Resident Macrophage,E14S,transferred
-5.70337,0.6499099,Spp1+ TAM,E14S,transferred
-1.2190822,0.2550966,Il1b+ TAM,E14S,transferred
-1.6829945,3.6278825,Il1b+ TAM,E14S,transferred
3.2223163,12.438635,Regulatory CD8 T,E14S,transferred
-0.75755924,0.92886835,Monocyte,E14S,transferred
-4.9922013,2.03654,Il1b+ TAM,E14S,transferred
-4.135335,4.241741,Il1b+ TAM,E14S,transferred
-1.3533504,2.6288574,Monocyte,E14S,transferred
-0.14041919,1.3463988,Monocyte,E14S,transferred
0.11848143,0.97738355,Monocyte,E14S,transferred
0.0013238987,-6.4014606,Neutrophil,E14S,transferred
-5.3274326,0.7837259,Spp1+ TAM,E14S,transferred
-4.3102074,4.8151164,C1qc+ TAM,E14S,transferred
-2.612223,4.7848034,Resident Macrophage,E14S,transferred
-5.334665,1.7696693,Il1b+ TAM,E14S,transferred
-6.2862964,2.1377847,Resident Macrophage,E14S,transferred
-5.25052,2.0679116,Il1b+ TAM,E14S,transferred
-0.26409173,1.7488408,Monocyte,E14S,transferred
2.2734716,7.2892895,mDC,E14S,transferred
16.990358,6.218286,Hypoxic Tumor,E14S,transferred
-6.312813,3.0003185,C1qc+ TAM,E14S,transferred
-1.068202,2.6505601,Monocyte,E14S,transferred
1.8111267,14.764677,NK,E14S,transferred
0.48707038,1.1900984,Monocyte,E14S,transferred
3.0918486,13.066597,CD8 Terminally Exhausted,E14S,transferred
-3.9303389,4.15483,Il1b+ TAM,E14S,transferred
16.676844,6.724534,Hypoxic Tumor,E14S,transferred
-1.4216607,4.0732694,Monocyte,E14S,transferred
-4.840711,1.7232115,Il1b+ TAM,E14S,transferred
-0.8784494,2.2857847,Monocyte,E14S,transferred
-2.2166855,2.10248,Monocyte,E14S,transferred
-3.4731684,4.7480435,C1qc+ TAM,E14S,transferred
-5.8376117,1.270501,Spp1+ TAM,E14S,transferred
0.68023837,-8.693049,Neutrophil,E14S,transferred
-6.9013324,2.0686035,C1qc+ TAM,E14S,transferred
0.25773546,-5.5383005,Neutrophil,E14S,transferred
-3.8380384,2.9641402,Monocyte,E14S,transferred
-4.3454623,0.34937882,Spp1+ TAM,E14S,transferred
-1.7173398,3.5089755,Resident Macrophage,E14S,transferred
-4.062706,4.18216,Monocyte,E14S,transferred
-5.0080924,0.81162846,Resident Macrophage,E14S,transferred
1.4728822,-8.228907,Neutrophil,E14S,transferred
0.9684551,5.7454333,cDC,E14S,transferred
0.3511994,4.7500167,cDC,E14S,transferred
1.2503988,-8.376164,Neutrophil,E14S,transferred
3.2670043,12.390976,CD8 Exhausted Proliferating,E14S,transferred
19.809479,8.415331,Hypoxic Tumor,E14S,transferred
-4.3861246,3.344529,Resident Macrophage,E14S,transferred
-2.3127234,1.7927898,Il1b+ TAM,E14S,transferred
-3.7761352,5.154231,C1qc+ TAM,E14S,transferred
-1.0725468,1.0615947,Monocyte,E14S,transferred
-6.448211,1.1581998,Resident Macrophage,E14S,transferred
-4.513356,4.637579,Il1b+ TAM,E14S,transferred
-2.250686,1.0279056,Monocyte,E14S,transferred
-4.717291,3.2805874,Il1b+ TAM,E14S,transferred
26.973515,3.9322321,Tumor,E14S,transferred
-4.658929,3.9536672,C1qc+ TAM,E14S,transferred
-5.2056117,5.7008023,C1qc+ TAM,E14S,transferred
1.7380825,14.229018,NK,E14S,transferred
-5.6457195,0.8066656,Spp1+ TAM,E14S,transferred
-2.805564,2.530967,Monocyte,E14S,transferred
0.092405625,0.6223443,Monocyte,E14S,transferred
0.017060878,0.9271919,Monocyte,E14S,transferred
-4.757036,1.960705,Monocyte,E14S,transferred
-3.2545555,0.43894023,Spp1+ TAM,E14S,transferred
-4.227492,3.979332,Monocyte,E14S,transferred
1.7162349,-8.577883,Neutrophil,E14S,transferred
-2.0548637,2.9786556,Resident Macrophage,E14S,transferred
3.213312,13.001052,CD8 Exhausted Proliferating,E14S,transferred
17.226217,7.579644,Hypoxic Tumor,E14S,transferred
1.4208944,13.914752,NK,E14S,transferred
-5.6362896,3.9103343,Resident Macrophage,E14S,transferred
-3.2131803,1.6495063,Il1b+ TAM,E14S,transferred
-0.81971735,-8.102002,Neutrophil,E14S,transferred
2.8545022,11.200468,CD8 Terminally Exhausted,E14S,transferred
-5.7525787,2.410459,Il1b+ TAM,E14S,transferred
2.3931537,15.260282,NK,E14S,transferred
26.08448,4.7761846,Hypoxic Tumor,E14S,transferred
0.41256398,-6.663604,Neutrophil,E14S,transferred
-5.29945,3.429801,Resident Macrophage,E14S,transferred
2.7712562,11.1744795,Resident Macrophage,E14S,transferred
-3.9287055,5.165495,C1qc+ TAM,E14S,transferred
1.2459148,-8.112769,Neutrophil,E14S,transferred
1.2975465,-8.797529,Neutrophil,E14S,transferred
-2.4266238,1.1523625,Il1b+ TAM,E14S,transferred
0.45287833,-6.225355,Resident Macrophage,E14S,transferred
2.32293,10.658038,CD8 Terminally Exhausted,E14S,transferred
-5.0043435,2.1220517,Il1b+ TAM,E14S,transferred
19.045912,7.095849,Hypoxic Tumor,E14S,transferred
0.5700826,-5.692912,Neutrophil,E14S,transferred
-4.7409363,3.071161,Il1b+ TAM,E14S,transferred
-0.20889252,1.9224713,Monocyte,E14S,transferred
-0.49213675,2.0208883,Monocyte,E14S,transferred
2.7770638,-7.1272483,Neutrophil,E14S,transferred
-5.9463444,1.210338,Spp1+ TAM,E14S,transferred
-3.977615,4.3248067,Il1b+ TAM,E14S,transferred
0.33904174,-6.4190936,Neutrophil,E14S,transferred
2.7748363,13.670054,NK,E14S,transferred
0.8623085,-7.922537,Neutrophil,E14S,transferred
-1.6908922,2.3507202,Monocyte,E14S,transferred
-1.2241547,2.488131,Monocyte,E14S,transferred
-4.072217,3.1629016,Resident Macrophage,E14S,transferred
1.5243243,7.0556755,mDC,E14S,transferred
0.5584815,-8.259329,Neutrophil,E14S,transferred
-3.987539,0.6277793,Monocyte,E14S,transferred
2.5948822,7.451975,mDC,E14S,transferred
-2.6199508,1.4989096,Il1b+ TAM,E14S,transferred
1.7591716,-9.098924,Neutrophil,E14S,transferred
-4.677953,6.1674585,C1qc+ TAM,E14S,transferred
-1.2541378,3.2924876,Monocyte,E14S,transferred
0.29641482,1.7617598,Monocyte,E14S,transferred
-5.5526,2.071673,Resident Macrophage,E14S,transferred
-0.9285642,3.1661916,Monocyte,E14S,transferred
-3.1468246,4.440643,Monocyte,E14S,transferred
-2.896945,2.6146047,Il1b+ TAM,E14S,transferred
-2.9495077,1.7204437,Il1b+ TAM,E14S,transferred
-5.7737684,0.6340512,Spp1+ TAM,E14S,transferred
2.640444,13.016192,NK T,E14S,transferred
1.0834506,5.111522,cDC,E14S,transferred
-5.6116753,3.0121,Resident Macrophage,E14S,transferred
16.985655,7.51022,Hypoxic Tumor,E14S,transferred
-2.4842644,3.9649012,Monocyte,E14S,transferred
-3.734656,5.3430915,C1qc+ TAM,E14S,transferred
-3.238821,3.2283735,Monocyte,E14S,transferred
-5.6357775,3.0009854,Il1b+ TAM,E14S,transferred
2.5084348,11.877561,C1qc+ TAM,E14S,transferred
0.07671623,-5.534164,Neutrophil,E14S,transferred
-3.1896546,4.052262,Monocyte,E14S,transferred
-3.399543,2.230494,Il1b+ TAM,E14S,transferred
-5.601214,2.3040216,Il1b+ TAM,E14S,transferred
-4.092951,3.749857,Il1b+ TAM,E14S,transferred
-4.7233677,3.1806407,Monocyte,E14S,transferred
16.376394,7.0499425,Hypoxic Tumor,E14S,transferred
-3.7534006,0.37078694,Spp1+ TAM,E14S,transferred
-0.16227278,1.0117546,Monocyte,E14S,transferred
0.7193702,5.5577073,cDC,E14S,transferred
-2.4808059,3.5100396,Monocyte,E14S,transferred
24.36838,4.249511,CAF,E14S,transferred
-3.7635396,6.642515,C1qc+ TAM,E14S,transferred
-6.736858,1.4870889,C1qc+ TAM,E14S,transferred
-4.3488936,4.636363,Il1b+ TAM,E14S,transferred
-4.30574,4.567763,C1qc+ TAM,E14S,transferred
3.0859208,12.680099,Resident Macrophage,E14S,transferred
-3.106262,1.6180031,Il1b+ TAM,E14S,transferred
16.545954,8.084895,Hypoxic Tumor,E14S,transferred
-6.6440725,3.4955158,C1qc+ TAM,E14S,transferred
-3.608137,4.4401326,Il1b+ TAM,E14S,transferred
-4.0892572,6.4697485,Resident Macrophage,E14S,transferred
-5.4112635,1.1006707,Spp1+ TAM,E14S,transferred
-1.16983,1.6631554,Monocyte,E14S,transferred
-3.788829,2.2904994,Il1b+ TAM,E14S,transferred
2.8841252,12.136926,cDC,E14S,transferred
0.8846213,-8.92052,Neutrophil,E14S,transferred
-3.9815133,5.230913,C1qc+ TAM,E14S,transferred
16.989687,6.5421085,Hypoxic Tumor,E14S,transferred
0.47515857,1.1666255,Monocyte,E14S,transferred
3.3608756,12.5121975,Regulatory CD8 T,E14S,transferred
-4.687856,1.9588393,Il1b+ TAM,E14S,transferred
-2.653925,2.0819116,Monocyte,E14S,transferred
0.3692558,-8.172783,Neutrophil,E14S,transferred
-4.7479286,1.5960683,Spp1+ TAM,E14S,transferred
2.9444914,12.152411,CD4 T,E14S,transferred
-6.6302705,1.8773743,Spp1+ TAM,E14S,transferred
0.7331611,0.5850212,Monocyte,E14S,transferred
0.3255677,-5.7453055,Neutrophil,E14S,transferred
2.6413088,12.11623,Resident Macrophage,E14S,transferred
-3.8039103,3.0440516,Il1b+ TAM,E14S,transferred
23.931662,4.6814275,Tumor Proliferating,E14S,transferred
-6.5357814,2.0316317,Resident Macrophage,E14S,transferred
3.2491136,12.695816,CD8 Terminally Exhausted,E14S,transferred
-1.5977443,2.701732,Monocyte,E14S,transferred
-5.48404,2.509961,Resident Macrophage,E14S,transferred
0.55624104,0.9247324,Monocyte,E14S,transferred
-1.8910114,3.9220455,Resident Macrophage,E14S,transferred
-6.0913463,3.9391978,C1qc+ TAM,E14S,transferred
-2.7882357,2.7274265,Monocyte,E14S,transferred
0.4511552,-5.7074566,Neutrophil,E14S,transferred
-2.0757294,3.6341605,Monocyte,E14S,transferred
-0.58127445,1.6499025,Monocyte,E14S,transferred
3.059193,12.434416,CD8 Terminally Exhausted,E14S,transferred
-5.671246,2.1430516,Resident Macrophage,E14S,transferred
-4.637391,2.0926116,Il1b+ TAM,E14S,transferred
-1.9204367,4.598644,Resident Macrophage,E14S,transferred
-1.2313193,2.7984226,Monocyte,E14S,transferred
-5.559696,2.980379,Resident Macrophage,E14S,transferred
-5.2989984,1.6699258,Spp1+ TAM,E14S,transferred
-4.886444,2.58136,Resident Macrophage,E14S,transferred
-3.8066716,1.3548312,Il1b+ TAM,E14S,transferred
-5.5856953,3.099214,Il1b+ TAM,E14S,transferred
-4.6695714,1.6327055,Resident Macrophage,E14S,transferred
-2.7169724,1.8897389,Il1b+ TAM,E14S,transferred
-2.6515367,1.2824416,Il1b+ TAM,E14S,transferred
-3.0592434,5.1994905,C1qc+ TAM,E14S,transferred
2.6175542,13.775451,NK,E14S,transferred
-4.1792283,2.1228335,Il1b+ TAM,E14S,transferred
-6.3226223,4.251797,Resident Macrophage,E14S,transferred
-6.2323666,2.5337534,C1qc+ TAM,E14S,transferred
-3.3790922,6.852658,C1qc+ TAM,E14S,transferred
-1.9269338,2.3477929,Monocyte,E14S,transferred
1.0291901,-7.5210214,Neutrophil,E14S,transferred
2.3334708,6.982557,mDC,E14S,transferred
-0.25139365,2.1181438,Monocyte,E14S,transferred
2.485437,7.095553,mDC,E14S,transferred
-2.4990425,2.5274334,Monocyte,E14S,transferred
-4.5928626,4.9218693,C1qc+ TAM,E14S,transferred
2.6291964,7.5241914,mDC,E14S,transferred
16.742403,7.1966615,Hypoxic Tumor,E14S,transferred
-1.2367749,1.5665767,Monocyte,E14S,transferred
-4.3977,5.6514063,C1qc+ TAM,E14S,transferred
-3.3652945,4.1079245,Monocyte,E14S,transferred
-0.30467767,2.0632968,Monocyte,E14S,transferred
2.5708525,11.315924,C1qc+ TAM,E14S,transferred
-0.1095243,-8.701036,Neutrophil,E14S,transferred
-4.39897,6.130958,Resident Macrophage,E14S,transferred
-2.851069,4.1415105,Il1b+ TAM,E14S,transferred
3.0070007,11.223745,Regulatory CD4 T,E14S,transferred
-3.1990283,2.7443802,Il1b+ TAM,E14S,transferred
16.502907,8.102792,Hypoxic Tumor,E14S,transferred
2.4239736,13.562359,NK T,E14S,transferred
0.44103146,-6.044283,Neutrophil,E14S,transferred
18.528353,9.18235,Stromal,E14S,transferred
-1.9015002,2.5867374,Monocyte,E14S,transferred
-0.8530368,1.2499735,Monocyte,E14S,transferred
2.8729239,12.810265,CD4 T,E14S,transferred
-1.9558598,2.8355935,Monocyte,E14S,transferred
-5.907513,4.476174,Resident Macrophage,E14S,transferred
-3.953188,5.5744057,C1qc+ TAM,E14S,transferred
16.892408,6.711198,Hypoxic Tumor,E14S,transferred
2.5051646,7.1020565,mDC,E14S,transferred
2.916503,11.742179,CD4 T,E14S,transferred
-5.184927,2.8914936,Resident Macrophage,E14S,transferred
-5.7031584,2.5826285,Il1b+ TAM,E14S,transferred
-4.723906,4.708837,C1qc+ TAM,E14S,transferred
25.647902,3.4250116,Tumor,E14S,transferred
1.7474583,13.981426,NK,E14S,transferred
2.5943618,7.276563,mDC,E14S,transferred
-2.0479133,2.2472737,Monocyte,E14S,transferred
-4.999165,3.4069998,Il1b+ TAM,E14S,transferred
0.38485098,-6.870308,Neutrophil,E14S,transferred
0.3419912,-6.348068,Neutrophil,E14S,transferred
-0.19838205,1.8452784,Monocyte,E14S,transferred
1.5419623,7.029551,mDC,E14S,transferred
-4.966268,5.615772,C1qc+ TAM,E14S,transferred
16.807976,6.431709,Hypoxic Tumor,E14S,transferred
-4.122144,2.1501262,Il1b+ TAM,E14S,transferred
-3.0088887,2.2659936,Il1b+ TAM,E14S,transferred
3.034458,11.267245,CD8 Terminally Exhausted,E14S,transferred
-6.116209,1.1583248,Spp1+ TAM,E14S,transferred
-5.5598397,3.4186957,Resident Macrophage,E14S,transferred
-3.7962315,2.760891,Il1b+ TAM,E14S,transferred
0.43014517,-5.7645307,Neutrophil,E14S,transferred
0.006494388,1.7703353,Monocyte,E14S,transferred
-4.460167,2.1697729,Il1b+ TAM,E14S,transferred
-1.4962866,3.5775485,Resident Macrophage,E14S,transferred
-3.141853,2.071243,Monocyte,E14S,transferred
-2.167437,4.3861213,Resident Macrophage,E14S,transferred
-1.8315047,2.4301648,Monocyte,E14S,transferred
-2.1531513,1.2481105,Monocyte,E14S,transferred
0.2655678,4.9598036,cDC,E14S,transferred
-4.097953,4.5761857,Monocyte,E14S,transferred
0.9854185,5.9066906,cDC,E14S,transferred
0.6066372,5.239467,cDC,E14S,transferred
-3.2817872,6.677126,C1qc+ TAM,E14S,transferred
-6.0351324,4.6122212,C1qc+ TAM,E14S,transferred
-2.5581663,4.178491,Monocyte,E14S,transferred
2.1178887,14.462132,NK,E14S,transferred
-6.04375,2.310052,Resident Macrophage,E14S,transferred
0.71827716,5.2164497,cDC,E14S,transferred
-1.968225,3.7762847,Resident Macrophage,E14S,transferred
0.50288635,-6.2182174,Neutrophil,E14S,transferred
-4.703954,2.245156,Il1b+ TAM,E14S,transferred
-5.797405,5.0908465,C1qc+ TAM,E14S,transferred
-4.8439927,3.8388472,Monocyte,E14S,transferred
-1.3323327,1.2429317,Monocyte,E14S,transferred
-5.4502068,0.70392317,Spp1+ TAM,E14S,transferred
-5.31524,2.8586197,Resident Macrophage,E14S,transferred
1.2672755,-7.9363127,Neutrophil,E14S,transferred
-4.496937,3.2185087,Resident Macrophage,E14S,transferred
2.3526106,7.022036,mDC,E14S,transferred
-6.9580984,3.2995167,C1qc+ TAM,E14S,transferred
-0.27044636,1.5438093,Monocyte,E14S,transferred
-3.002808,4.5412335,Monocyte,E14S,transferred
2.9704683,11.237666,Regulatory CD4 T,E14S,transferred
-3.0153172,1.2040855,Il1b+ TAM,E14S,transferred
-3.1987724,4.724439,Il1b+ TAM,E14S,transferred
0.990112,-6.943287,Neutrophil,E14S,transferred
0.042620163,1.5459272,Monocyte,E14S,transferred
-0.13670062,1.3590614,Monocyte,E14S,transferred
-5.7752495,4.9501896,Resident Macrophage,E14S,transferred
16.618076,7.855413,Hypoxic Tumor,E14S,transferred
-0.8137489,-7.6456847,Neutrophil,E14S,transferred
-4.1232486,0.97103363,Spp1+ TAM,E14S,transferred
-5.701038,4.257531,Il1b+ TAM,E14S,transferred
-6.186907,0.70299864,Resident Macrophage,E14S,transferred
-1.6406448,2.575344,Monocyte,E14S,transferred
-4.731817,1.1412802,Spp1+ TAM,E14S,transferred
-7.1293716,3.597424,C1qc+ TAM,E14S,transferred
-0.4387925,1.4212751,Monocyte,E14S,transferred
-6.4129953,1.490427,C1qc+ TAM,E14S,transferred
-4.1926355,4.697052,C1qc+ TAM,E14S,transferred
-0.2750718,0.67343104,Monocyte,E14S,transferred
-2.4491153,3.3698366,Monocyte,E14S,transferred
-4.175871,6.476889,C1qc+ TAM,E14S,transferred
-1.1593456,2.137575,Monocyte,E14S,transferred
-6.102832,1.0908971,Spp1+ TAM,E14S,transferred
-3.3846698,5.2415376,Il1b+ TAM,E14S,transferred
-2.554923,3.1647117,Monocyte,E14S,transferred
-0.5341258,1.7777811,Monocyte,E14S,transferred
-3.5769625,4.8849983,C1qc+ TAM,E14S,transferred
-2.218616,3.1392267,Monocyte,E14S,transferred
3.1021774,12.864495,CD8 Terminally Exhausted,E14S,transferred
-0.4058333,2.5113647,Monocyte,E14S,transferred
0.44521168,1.483615,Monocyte,E14S,transferred
0.009359374,-5.869356,Neutrophil,E14S,transferred
-2.2572765,4.3280296,Monocyte,E14S,transferred
0.2382009,-8.031831,Neutrophil,E14S,transferred
-2.4763458,4.3216915,C1qc+ TAM,E14S,transferred
0.0555391,0.7880715,Monocyte,E14S,transferred
-6.109538,1.4109769,Spp1+ TAM,E14S,transferred
-1.7895292,4.0372896,Il1b+ TAM,E14S,transferred
-2.1461065,2.869895,Monocyte,E14S,transferred
-3.5399237,1.7229494,Il1b+ TAM,E14S,transferred
-2.6063118,2.8506856,Monocyte,E14S,transferred
16.667845,7.120799,Hypoxic Tumor,E14S,transferred
0.6131381,5.5160723,cDC,E14S,transferred
-2.9318151,4.0135007,Il1b+ TAM,E14S,transferred
-5.140435,4.09988,Resident Macrophage,E14S,transferred
-2.3523037,3.4354777,Monocyte,E14S,transferred
-6.011179,3.3555036,C1qc+ TAM,E14S,transferred
-4.085714,3.417041,Il1b+ TAM,E14S,transferred
-6.2749753,2.8807666,Resident Macrophage,E14S,transferred
-4.921387,4.6672344,Resident Macrophage,E14S,transferred
-0.37219554,4.7223086,cDC,E14S,transferred
-1.8960013,1.278242,Monocyte,E14S,transferred
-3.591817,2.4640841,Il1b+ TAM,E14S,transferred
0.794431,5.27983,cDC,E14S,transferred
-3.7360308,2.5191538,Il1b+ TAM,E14S,transferred
1.8770062,7.2313905,mDC,E14S,transferred
1.160655,-8.300138,Neutrophil,E14S,transferred
-4.702673,3.5763524,Monocyte,E14S,transferred
-4.006988,2.784234,Il1b+ TAM,E14S,transferred
-3.3089716,1.9595081,Spp1+ TAM,E14S,transferred
-0.7460038,1.4220239,Monocyte,E14S,transferred
0.28919494,5.291939,cDC,E14S,transferred
-4.8854446,2.533145,Il1b+ TAM,E14S,transferred
-5.3528037,3.3739495,Resident Macrophage,E14S,transferred
2.8889842,12.246829,Regulatory CD4 T,E14S,transferred
0.6115798,5.1236424,cDC,E14S,transferred
-1.5643445,0.96349984,Il1b+ TAM,E14S,transferred
-3.3457215,3.3347588,Monocyte,E14S,transferred
-2.890308,5.1644225,Monocyte,E14S,transferred
2.5615344,15.521447,NK,E14S,transferred
-3.8945904,2.1110344,Monocyte,E14S,transferred
1.9197261,6.4981008,mDC,E14S,transferred
-6.0937266,2.4686856,Resident Macrophage,E14S,transferred
2.179208,15.033114,NK,E14S,transferred
1.3826237,-8.456973,Neutrophil,E14S,transferred
2.9904256,13.031033,CD8 Terminally Exhausted,E14S,transferred
-1.2827641,3.8436139,Resident Macrophage,E14S,transferred
-2.109528,1.9133402,Monocyte,E14S,transferred
-3.3570046,5.7328343,Il1b+ TAM,E14S,transferred
0.5952694,-6.1882696,Neutrophil,E14S,transferred
2.5658379,15.157491,NK,E14S,transferred
-3.543319,3.726603,Monocyte,E14S,transferred
2.6320481,7.521723,mDC,E14S,transferred
-1.916218,2.7423809,Monocyte,E14S,transferred
0.78685474,0.8895079,Monocyte,E14S,transferred
-0.3951796,2.3108904,Monocyte,E14S,transferred
3.0386567,12.548372,CD8 Terminally Exhausted,E14S,transferred
16.337229,7.0575285,Hypoxic Tumor,E14S,transferred
-3.0877104,4.0975933,Monocyte,E14S,transferred
16.535648,7.7726793,Hypoxic Tumor,E14S,transferred
-4.337994,4.44801,C1qc+ TAM,E14S,transferred
16.565205,6.702908,Hypoxic Tumor,E14S,transferred
1.0973883,-6.7372866,Neutrophil,E14S,transferred
-2.3728492,3.3318253,Monocyte,E14S,transferred
-5.293559,2.1759348,Il1b+ TAM,E14S,transferred
-2.7657526,3.8393729,Il1b+ TAM,E14S,transferred
-5.118765,1.3386513,Resident Macrophage,E14S,transferred
-4.1643305,2.3135726,Il1b+ TAM,E14S,transferred
16.403477,8.549331,Hypoxic Tumor,E14S,transferred
-2.9167585,4.277046,Resident Macrophage,E14S,transferred
-5.8060164,5.212055,C1qc+ TAM,E14S,transferred
-3.4576237,6.037893,C1qc+ TAM,E14S,transferred
-2.6607242,5.8151364,C1qc+ TAM,E14S,transferred
-3.5678647,1.5207922,Il1b+ TAM,E14S,transferred
-1.9219233,4.6445403,Resident Macrophage,E14S,transferred
-5.5857935,1.5923673,Il1b+ TAM,E14S,transferred
-1.6977842,2.3847172,Monocyte,E14S,transferred
1.4713749,-7.374595,Neutrophil,E14S,transferred
-6.2580914,2.7317152,Resident Macrophage,E14S,transferred
-2.2455797,2.3401556,Monocyte,E14S,transferred
-3.892432,3.1148772,Il1b+ TAM,E14S,transferred
-0.035875607,1.2737161,Monocyte,E14S,transferred
1.4525659,13.951736,NK,E14S,transferred
0.5256369,-6.4420967,Neutrophil,E14S,transferred
2.2226827,-9.272237,Neutrophil,E14S,transferred
0.5618585,-6.3577547,Neutrophil,E14S,transferred
-3.1493092,0.51069033,Spp1+ TAM,E14S,transferred
-4.7292137,4.7423816,Resident Macrophage,E14S,transferred
-3.4409447,6.191083,Il1b+ TAM,E14S,transferred
22.914003,4.019128,Hypoxic Tumor,E14S,transferred
17.858482,8.8360815,Hypoxic Tumor,E14S,transferred
-2.0229075,4.9758034,Resident Macrophage,E14S,transferred
-5.1310205,1.6763176,C1qc+ TAM,E14S,transferred
-0.9145334,1.7550132,Monocyte,E14S,transferred
1.7800021,14.442091,Monocyte,E14S,transferred
-1.9485238,3.3277044,Monocyte,E14S,transferred
2.1817315,7.2756367,mDC,E14S,transferred
16.748205,5.931206,Hypoxic Tumor,E14S,transferred
-3.8297112,5.080256,C1qc+ TAM,E14S,transferred
-4.059469,0.5545079,Spp1+ TAM,E14S,transferred
18.057804,7.0777507,Hypoxic Tumor,E14S,transferred
-6.006003,5.087809,Resident Macrophage,E14S,transferred
-5.290644,3.818653,Il1b+ TAM,E14S,transferred
3.2521017,13.059672,CD8 Exhausted Proliferating,E14S,transferred
16.986362,7.674564,Hypoxic Tumor,E14S,transferred
-0.6551096,1.0781428,Monocyte,E14S,transferred
-2.9926224,2.674344,Monocyte,E14S,transferred
1.8725471,7.3147087,mDC,E14S,transferred
27.393208,3.6164405,Tumor,E14S,transferred
-1.9839607,3.529025,Resident Macrophage,E14S,transferred
0.7270229,-5.810993,Neutrophil,E14S,transferred
1.6747667,-7.7693224,Neutrophil,E14S,transferred
-1.6003697,4.2797384,Resident Macrophage,E14S,transferred
-4.80976,4.598753,C1qc+ TAM,E14S,transferred
-4.2999787,4.1942787,Il1b+ TAM,E14S,transferred
1.7500458,14.71468,Monocyte,E14S,transferred
-3.8510492,3.8917632,Il1b+ TAM,E14S,transferred
-5.1918197,2.3495977,Il1b+ TAM,E14S,transferred
16.760061,7.5398455,Hypoxic Tumor,E14S,transferred
1.4143997,-7.7998085,Neutrophil,E14S,transferred
-1.0665622,0.36292276,Monocyte,E14S,transferred
-6.2512755,3.5526092,Il1b+ TAM,E14S,transferred
16.389927,8.426863,Hypoxic Tumor,E14S,transferred
0.40377155,-5.423669,Neutrophil,E14S,transferred
-5.8934784,5.5010486,Resident Macrophage,E14S,transferred
1.5384781,6.3168783,mDC,E14S,transferred
-2.3145165,3.128702,Monocyte,E14S,transferred
1.6093739,-7.915677,Neutrophil,E14S,transferred
17.047745,6.4088707,Hypoxic Tumor,E14S,transferred
16.763496,6.1869802,Hypoxic Tumor,E14S,transferred
2.1837654,-9.307987,Neutrophil,E14S,transferred
3.3714852,12.713702,CD8 Exhausted Proliferating,E14S,transferred
-2.7110794,1.3783752,Il1b+ TAM,E14S,transferred
-2.0302746,2.9030373,Monocyte,E14S,transferred
-5.848513,1.2604957,Il1b+ TAM,E14S,transferred
-5.334648,2.386467,Il1b+ TAM,E14S,transferred
2.9924262,-7.4220157,Neutrophil,E14S,transferred
16.760021,7.776107,Hypoxic Tumor,E14S,transferred
-1.7962489,1.383765,Il1b+ TAM,E14S,transferred
16.443665,6.8793755,Hypoxic Tumor,E14S,transferred
-5.589555,2.480682,Spp1+ TAM,E14S,transferred
-3.3198254,1.0364101,Il1b+ TAM,E14S,transferred
-0.6300109,1.9019853,Resident Macrophage,E14S,transferred
-1.7288792,3.3053353,Monocyte,E14S,transferred
-6.0275483,5.3129497,Resident Macrophage,E14S,transferred
-4.6078415,4.8081264,Resident Macrophage,E14S,transferred
-5.298973,5.1958203,C1qc+ TAM,E14S,transferred
-5.987002,1.3013713,Spp1+ TAM,E14S,transferred
-7.1089525,3.8148103,C1qc+ TAM,E14S,transferred
16.481573,6.695603,Hypoxic Tumor,E14S,transferred
26.564327,3.2891338,Tumor,E14S,transferred
-2.1574428,3.6894062,Resident Macrophage,E14S,transferred
-3.7852156,0.73548394,Spp1+ TAM,E14S,transferred
-1.1082214,2.5047393,Resident Macrophage,E14S,transferred
0.60540986,-7.5904613,Neutrophil,E14S,transferred
0.058779735,5.3028727,cDC,E14S,transferred
2.3535848,10.707236,CD4 T,E14S,transferred
-3.8931532,2.084937,Il1b+ TAM,E14S,transferred
-3.9294949,2.301034,Il1b+ TAM,E14S,transferred
24.28215,4.2664857,CAF,E14S,transferred
1.9067458,14.189674,NK,E14S,transferred
-0.9488578,0.47473437,Monocyte,E14S,transferred
-2.520352,2.5477552,Monocyte,E14S,transferred
-6.682395,1.6445423,Spp1+ TAM,E14S,transferred
27.068287,4.241878,Tumor,E14S,transferred
-2.9385846,5.6333194,Resident Macrophage,E14S,transferred
3.3088512,12.830799,Regulatory CD8 T,E14S,transferred
-3.8060982,2.5912352,Il1b+ TAM,E14S,transferred
1.7704719,6.595546,mDC,E14S,transferred
-3.278351,4.3499684,Il1b+ TAM,E14S,transferred
0.08454306,4.88747,cDC,E14S,transferred
16.525755,9.093479,Hypoxic Tumor,E14S,transferred
-5.042072,4.2717357,Resident Macrophage,E14S,transferred
16.547039,7.8066525,Hypoxic Tumor,E14S,transferred
19.00859,7.3237915,Tumor Proliferating,E14S,transferred
-3.3721685,2.206931,Il1b+ TAM,E14S,transferred
0.35507196,-6.764546,Neutrophil,E14S,transferred
-3.668966,6.5899973,C1qc+ TAM,E14S,transferred
0.8842092,5.430534,cDC,E14S,transferred
1.3272984,-8.720109,Neutrophil,E14S,transferred
-6.2114024,3.4521372,Resident Macrophage,E14S,transferred
-4.955394,3.559542,Resident Macrophage,E14S,transferred
1.8330351,-8.983509,Neutrophil,E14S,transferred
-1.926552,1.2370702,Monocyte,E14S,transferred
2.8722255,12.683683,CD8 Terminally Exhausted,E14S,transferred
-2.8073864,3.722319,Monocyte,E14S,transferred
-0.27951187,-7.5758724,Neutrophil,E14S,transferred
-5.774689,3.1837683,Resident Macrophage,E14S,transferred
-4.1571503,4.290088,Resident Macrophage,E14S,transferred
-5.226671,3.6704211,Il1b+ TAM,E14S,transferred
-0.9920509,-0.06173494,Monocyte,E14S,transferred
-0.8922508,1.7759506,Monocyte,E14S,transferred
-1.0735368,2.3370256,Monocyte,E14S,transferred
-4.610658,3.9969862,Resident Macrophage,E14S,transferred
-0.027390959,2.006939,Monocyte,E14S,transferred
-5.094463,5.8270745,C1qc+ TAM,E14S,transferred
-0.17448606,4.2213426,cDC,E14S,transferred
-0.48240903,1.6986061,Monocyte,E14S,transferred
-4.385321,0.4197048,Spp1+ TAM,E14S,transferred
2.0784883,-9.198833,Neutrophil,E14S,transferred
-5.4929104,2.5674744,Il1b+ TAM,E14S,transferred
-1.2301248,0.124719,Il1b+ TAM,E14S,transferred
1.4015467,-8.807998,Neutrophil,E14S,transferred
-3.037201,1.2623497,Il1b+ TAM,E14S,transferred
-5.575855,1.4192729,Spp1+ TAM,E14S,transferred
-5.5725493,0.6121029,Spp1+ TAM,E14S,transferred
-2.1923902,1.0869111,Monocyte,E14S,transferred
-0.35222107,-7.9902496,Neutrophil,E14S,transferred
2.4287896,-8.59021,Neutrophil,E14S,transferred
-4.624208,4.1032495,C1qc+ TAM,E14S,transferred
-4.532876,2.914718,Resident Macrophage,E14S,transferred
-4.852951,3.852943,Resident Macrophage,E14S,transferred
-4.987571,5.7987394,C1qc+ TAM,E14S,transferred
-4.4735336,4.5972295,C1qc+ TAM,E14S,transferred
-6.0514565,4.7502017,Resident Macrophage,E14S,transferred
3.3233137,13.017413,Regulatory CD8 T,E14S,transferred
-0.82210076,-8.038098,Neutrophil,E14S,transferred
2.9743254,12.044331,CD4 T,E14S,transferred
-3.4764876,4.8839593,C1qc+ TAM,E14S,transferred
-3.25477,0.645124,Spp1+ TAM,E14S,transferred
3.1906388,13.061618,CD8 Terminally Exhausted,E14S,transferred
2.2089853,-8.039617,Neutrophil,E14S,transferred
16.468224,6.796286,Hypoxic Tumor,E14S,transferred
-6.676082,1.9523245,Spp1+ TAM,E14S,transferred
3.037959,11.794635,Regulatory CD4 T,E14S,transferred
-5.4618287,4.68417,Resident Macrophage,E14S,transferred
-0.7508916,1.6346487,Monocyte,E14S,transferred
-2.1342003,2.5764427,Monocyte,E14S,transferred
-3.2561288,2.3083293,Il1b+ TAM,E14S,transferred
26.944935,5.1261425,Tumor,E14S,transferred
-3.886397,1.5998613,Monocyte,E14S,transferred
2.799787,12.106,CD4 T,E14S,transferred
25.35972,4.0056705,CAF,E14S,transferred
-4.149868,1.9222388,C1qc+ TAM,E14S,transferred
-2.5795085,2.6373253,Il1b+ TAM,E14S,transferred
2.2653337,-8.105491,Neutrophil,E14S,transferred
-5.5754404,4.6821103,C1qc+ TAM,E14S,transferred
-5.423353,2.3951979,Il1b+ TAM,E14S,transferred
-2.268377,3.9492285,Monocyte,E14S,transferred
-5.1293826,4.9981894,C1qc+ TAM,E14S,transferred
-6.5170007,4.1885715,Resident Macrophage,E14S,transferred
-4.8731513,4.1010776,Il1b+ TAM,E14S,transferred
2.2746038,6.823089,mDC,E14S,transferred
-4.6805153,3.3644254,Monocyte,E14S,transferred
-4.703548,5.075134,C1qc+ TAM,E14S,transferred
-5.7330017,2.6942453,C1qc+ TAM,E14S,transferred
-2.3153474,1.6323141,Monocyte,E14S,transferred
0.6542558,0.6995546,Monocyte,E14S,transferred
2.5291078,13.723953,NK T,E14S,transferred
2.2596004,6.8295193,mDC,E14S,transferred
-3.0975542,3.7245414,Il1b+ TAM,E14S,transferred
2.891142,11.049708,mDC,E14S,transferred
1.4322473,13.836956,NK,E14S,transferred
-5.506623,1.0357152,Spp1+ TAM,E14S,transferred
-3.6042166,6.882777,C1qc+ TAM,E14S,transferred
26.384901,3.0623062,Hypoxic Tumor,E14S,transferred
-0.5161908,3.6587439,Monocyte,E14S,transferred
-3.3126726,5.4423704,Monocyte,E14S,transferred
-5.834882,2.360176,Il1b+ TAM,E14S,transferred
-5.726002,3.3169026,Resident Macrophage,E14S,transferred
2.0393846,-9.190271,Neutrophil,E14S,transferred
-6.5395923,4.0250506,C1qc+ TAM,E14S,transferred
18.711527,7.2031155,Hypoxic Tumor,E14S,transferred
-5.676154,3.9363086,Monocyte,E14S,transferred
-4.0738964,4.942913,C1qc+ TAM,E14S,transferred
0.2955921,-8.164932,Neutrophil,E14S,transferred
-3.8398657,4.2252836,Il1b+ TAM,E14S,transferred
-0.92996615,1.802996,Monocyte,E14S,transferred
-5.2249556,1.8300505,C1qc+ TAM,E14S,transferred
24.605652,4.175431,CAF,E14S,transferred
2.533813,11.305711,Il1b+ TAM,E14S,transferred
-0.34041056,2.261908,Monocyte,E14S,transferred
-0.31887415,2.6275644,Monocyte,E14S,transferred
-3.5204601,6.9595194,C1qc+ TAM,E14S,transferred
16.6833,5.8593507,Hypoxic Tumor,E14S,knn
1.6783285,14.385256,NK,E14S,transferred
-4.0436525,3.108109,Monocyte,E14S,transferred
2.2425354,7.0666413,mDC,E14S,transferred
-4.543966,3.4906478,Il1b+ TAM,E14S,transferred
3.0759463,11.187471,CD8 Terminally Exhausted,E14S,transferred
1.6109982,14.601372,NK,E14S,transferred
1.4584775,14.424147,NK,E14S,transferred
-0.95469445,1.3075039,Monocyte,E14S,transferred
-3.9303057,2.8034334,Il1b+ TAM,E14S,transferred
-4.5961633,4.002475,Resident Macrophage,E14S,transferred
16.872213,6.054853,Hypoxic Tumor,E14S,transferred
-3.9270313,5.237914,C1qc+ TAM,E14S,transferred
2.527774,7.2340083,mDC,E14S,transferred
1.9460859,6.658458,mDC,E14S,transferred
2.3452132,10.696708,CD4 T,E14S,transferred
2.6971235,11.9915495,CD4 T,E14S,transferred
-5.970078,3.276231,Il1b+ TAM,E14S,transferred
-6.863671,1.6831069,Spp1+ TAM,E14S,transferred
-3.089162,2.9370677,Il1b+ TAM,E14S,transferred
-1.6606266,2.675418,Monocyte,E14S,transferred
-4.3466725,2.685659,Il1b+ TAM,E14S,transferred
-4.4903626,4.608424,Il1b+ TAM,E14S,transferred
2.6364126,7.5886393,mDC,E14S,transferred
1.3720742,13.898859,NK,E14S,transferred
-4.9525414,2.8938134,Il1b+ TAM,E14S,transferred
-3.5892787,2.4171531,Il1b+ TAM,E14S,transferred
0.72827655,-5.5389776,Neutrophil,E14S,transferred
-3.8920171,4.7029576,Il1b+ TAM,E14S,transferred
-5.6690817,5.224106,C1qc+ TAM,E14S,transferred
-0.5270337,1.8064772,Resident Macrophage,E14S,transferred
-3.8504128,0.45813686,Monocyte,E14S,transferred
-0.8576188,1.8281877,Resident Macrophage,E14S,transferred
-3.1905282,2.5923676,Il1b+ TAM,E14S,transferred
0.49205458,5.4902506,cDC,E14S,transferred
-4.630029,0.5708714,Spp1+ TAM,E14S,transferred
-4.8278036,3.7342153,Il1b+ TAM,E14S,transferred
-1.5096828,4.163225,Resident Macrophage,E14S,transferred
-1.3962821,3.1482892,Monocyte,E14S,transferred
-6.377316,3.2278762,C1qc+ TAM,E14S,transferred
-3.0241776,3.7647114,Monocyte,E14S,transferred
-0.42799774,2.0884638,Monocyte,E14S,transferred
-5.6113677,3.9820695,Resident Macrophage,E14S,transferred
2.2770839,13.540761,NK T,E14S,transferred
-6.5263114,0.9797893,Resident Macrophage,E14S,transferred
2.6046903,7.2756596,mDC,E14S,transferred
-0.30008337,1.8155248,Monocyte,E14S,transferred
-5.3653874,3.8596146,C1qc+ TAM,E14S,transferred
0.36177346,4.883524,cDC,E14S,transferred
-0.25446704,1.6899692,Monocyte,E14S,transferred
2.315005,15.264821,NK,E14S,transferred
3.1607246,11.597837,CD8 Exhausted Proliferating,E14S,transferred
-1.1627976,1.7363206,Monocyte,E14S,transferred
-4.4528294,4.422962,C1qc+ TAM,E14S,transferred
2.256839,6.7461615,mDC,E14S,transferred
-2.8455276,1.9226929,Il1b+ TAM,E14S,transferred
-2.7577665,2.9382167,Il1b+ TAM,E14S,transferred
27.193853,4.2670093,Tumor,E14S,transferred
-3.6951873,4.9091644,Monocyte,E14S,transferred
16.733335,7.8699074,Hypoxic Tumor,E14S,transferred
3.180253,12.796001,CD8 Exhausted Proliferating,E14S,transferred
0.70444,-8.614348,Neutrophil,E14S,transferred
-4.553073,3.5849943,Resident Macrophage,E14S,transferred
-0.54389375,2.238176,Monocyte,E14S,transferred
-0.2899895,4.251964,cDC,E14S,transferred
18.503414,8.820605,Stromal,E14S,transferred
-0.6865438,0.71229565,Monocyte,E14S,transferred
16.690855,6.413755,Hypoxic Tumor,E14S,knn
5.5015583,9.788095,B,E14S,transferred
1.9959325,-8.166161,Neutrophil,E14S,transferred
-2.59046,1.363709,Il1b+ TAM,E14S,transferred
-4.43267,1.4054875,Spp1+ TAM,E14S,transferred
2.4454238,13.134473,CD4 T,E14S,transferred
-5.198304,2.3517437,Il1b+ TAM,E14S,transferred
-5.606165,2.9292035,Il1b+ TAM,E14S,transferred
-6.5864596,1.4544035,Spp1+ TAM,E14S,transferred
-5.730126,4.5492525,Resident Macrophage,E14S,transferred
-2.1236722,1.9519242,Monocyte,E14S,transferred
-6.9986067,1.7894591,C1qc+ TAM,E14S,transferred
-4.87239,3.3109925,Il1b+ TAM,E14S,transferred
2.378165,-7.5358415,Neutrophil,E14S,transferred
-1.7062948,2.4950159,Monocyte,E14S,transferred
-5.146145,5.819375,C1qc+ TAM,E14S,transferred
0.4045741,-6.2359195,Neutrophil,E14S,transferred
-1.0438935,0.24760379,Il1b+ TAM,E14S,transferred
-3.5813775,6.8567758,C1qc+ TAM,E14S,transferred
-3.1049519,5.2062445,Il1b+ TAM,E14S,transferred
-1.2774093,2.5085156,Monocyte,E14S,transferred
-3.9407122,6.111993,Resident Macrophage,E14S,transferred
0.70110714,-7.6180115,Neutrophil,E14S,transferred
-1.3807211,2.7692716,Monocyte,E14S,transferred
-4.1503973,3.371859,Il1b+ TAM,E14S,transferred
1.8919092,14.554429,NK,E14S,transferred
0.17077188,4.867391,cDC,E14S,transferred
-6.669141,3.6766906,Il1b+ TAM,E14S,transferred
-1.667782,0.6419155,Monocyte,E14S,transferred
-4.6150317,5.4175515,C1qc+ TAM,E14S,transferred
-0.72286224,2.7007341,Monocyte,E14S,transferred
-5.769944,2.520768,Resident Macrophage,E14S,transferred
-4.5847883,4.8945184,C1qc+ TAM,E14S,transferred
-1.7973934,2.0399384,Monocyte,E14S,transferred
2.60215,11.019666,mDC,E14S,transferred
2.2887504,7.2102947,mDC,E14S,transferred
-3.7898977,3.143142,Resident Macrophage,E14S,transferred
-2.7575912,2.7232437,Monocyte,E14S,transferred
-2.5892649,3.1892474,Spp1+ TAM,E14S,transferred
0.62338275,-6.0253625,Neutrophil,E14S,transferred
0.14921917,1.8200215,Monocyte,E14S,transferred
0.061139233,-7.5062737,Neutrophil,E14S,transferred
2.4198933,7.4534945,mDC,E14S,transferred
-5.4173427,4.636604,Resident Macrophage,E14S,transferred
-4.3446507,1.5856866,C1qc+ TAM,E14S,transferred
-6.0736537,1.4007779,Monocyte,E14S,transferred
-4.113429,3.9944317,C1qc+ TAM,E14S,transferred
-3.4194696,1.379114,Il1b+ TAM,E14S,transferred
-2.5755591,2.091031,Il1b+ TAM,E14S,transferred
-6.21271,2.6480536,Resident Macrophage,E14S,transferred
-4.963378,1.9526484,Resident Macrophage,E14S,transferred
-5.2357287,2.1653097,Il1b+ TAM,E14S,transferred
22.783403,4.099208,Hypoxic Tumor,E14S,transferred
-4.5160217,3.096558,Resident Macrophage,E14S,transferred
0.38836384,1.774404,Monocyte,E14S,transferred
1.92797,-7.349367,Neutrophil,E14S,transferred
-5.667276,5.439768,Resident Macrophage,E14S,transferred
0.07939568,-5.881576,Neutrophil,E14S,transferred
-4.876096,1.1599005,Il1b+ TAM,E14S,transferred
-4.160483,5.461725,C1qc+ TAM,E14S,transferred
1.800833,-8.193802,Neutrophil,E14S,transferred
-1.0730442,3.0811965,Monocyte,E14S,transferred
-3.201201,5.0216646,Monocyte,E14S,transferred
-4.361717,4.2843876,Il1b+ TAM,E14S,transferred
16.408136,7.7076707,Hypoxic Tumor,E14S,transferred
-0.88192594,1.0292346,Monocyte,E14S,transferred
0.5570087,-8.873413,Neutrophil,E14S,transferred
-3.8067882,3.207054,Il1b+ TAM,E14S,transferred
23.14301,3.9572551,Hypoxic Tumor,E14S,transferred
-3.368212,1.3153905,Spp1+ TAM,E14S,transferred
1.2741381,-8.567596,Neutrophil,E14S,transferred
0.9032584,-5.327041,Resident Macrophage,E14S,transferred
-2.2699828,4.0462704,Monocyte,E14S,transferred
-0.9807386,0.3843112,Monocyte,E14S,transferred
-4.6620803,3.7154226,Resident Macrophage,E14S,transferred
-5.836442,0.74846536,Spp1+ TAM,E14S,transferred
27.051857,3.9972885,Tumor,E14S,transferred
16.872568,7.7485094,Hypoxic Tumor,E14S,transferred
-2.2572253,2.157759,Monocyte,E14S,transferred
-2.064846,2.36791,Monocyte,E14S,transferred
-4.389097,2.0282185,Il1b+ TAM,E14S,transferred
-1.677536,2.9258604,Monocyte,E14S,transferred
-3.2130678,3.025602,Resident Macrophage,E14S,transferred
2.4694521,7.0791717,mDC,E14S,transferred
-3.5780191,2.5480392,Il1b+ TAM,E14S,transferred
-4.585267,2.5582292,Resident Macrophage,E14S,transferred
-6.380552,1.8089012,Spp1+ TAM,E14S,transferred
-4.498498,5.017371,Monocyte,E14S,transferred
2.4038007,7.427793,mDC,E14S,transferred
1.5733231,-7.872029,Neutrophil,E14S,transferred
-1.4998637,1.2545089,Resident Macrophage,E14S,transferred
-1.5108865,3.2458942,Resident Macrophage,E14S,transferred
-4.353648,4.0658436,Il1b+ TAM,E14S,transferred
-4.481229,2.4101298,Il1b+ TAM,E14S,transferred
-4.659434,4.317332,C1qc+ TAM,E14S,transferred
-3.528749,1.0798156,Il1b+ TAM,E14S,transferred
3.2436607,12.942192,CD8 Terminally Exhausted,E14S,transferred
2.1339917,14.939903,NK,E14S,transferred
-5.2798896,2.894226,Il1b+ TAM,E14S,transferred
3.3610702,12.177348,CD8 Exhausted Proliferating,E14S,transferred
2.8660982,11.303285,Resident Macrophage,E14S,transferred
-1.727427,3.8507001,Monocyte,E14S,transferred
16.73252,7.6366253,Hypoxic Tumor,E14S,transferred
-3.3086028,3.7876232,Il1b+ TAM,E14S,transferred
-4.050005,4.611857,C1qc+ TAM,E14S,transferred
-2.922692,3.272945,Resident Macrophage,E14S,transferred
-2.5434666,2.728867,Monocyte,E14S,transferred
25.696115,3.798424,Tumor,E14S,transferred
2.479692,7.37353,mDC,E14S,transferred
-6.1197214,1.8737435,Resident Macrophage,E14S,transferred
1.3062581,-8.772657,Neutrophil,E14S,transferred
3.2949917,-7.0053234,Neutrophil,E14S,transferred
-4.474555,4.498174,Monocyte,E14S,transferred
-3.5641353,2.200904,Il1b+ TAM,E14S,transferred
-0.68975776,2.513777,Monocyte,E14S,transferred
2.0452113,6.7618904,mDC,E14S,transferred
16.513315,6.213452,Hypoxic Tumor,E14S,transferred
2.3497372,10.694311,Regulatory CD4 T,E14S,transferred
-6.413117,3.9030294,Resident Macrophage,E14S,transferred
-5.2529054,4.632584,C1qc+ TAM,E14S,transferred
-1.7644494,1.6186671,Monocyte,E14S,transferred
-5.078735,4.2447257,Resident Macrophage,E14S,transferred
-4.0389104,0.90405244,Spp1+ TAM,E14S,transferred
-4.4950485,4.4282393,Il1b+ TAM,E14S,transferred
-3.6016004,3.849283,Monocyte,E14S,transferred
-6.8130226,3.6529875,C1qc+ TAM,E14S,transferred
-2.02965,3.7767904,Monocyte,E14S,transferred
-3.37997,2.9890285,C1qc+ TAM,E14S,transferred
3.2955568,12.988717,CD8 Terminally Exhausted,E14S,transferred
-2.8938143,1.9506572,Resident Macrophage,E14S,transferred
-2.1003916,2.2348225,Monocyte,E14S,transferred
16.808622,7.005754,Hypoxic Tumor,E14S,transferred
-6.9245,1.9345188,C1qc+ TAM,E14S,transferred
-3.1350136,0.91667086,Spp1+ TAM,E14S,transferred
-4.0299997,3.674251,Il1b+ TAM,E14S,transferred
-4.3424973,3.9910414,Resident Macrophage,E14S,transferred
-3.5551126,3.7884338,Il1b+ TAM,E14S,transferred
-5.4110985,0.9590291,Spp1+ TAM,E14S,transferred
2.859962,12.271026,CD4 T,E14S,transferred
-6.1404176,2.5923052,Resident Macrophage,E14S,transferred
2.155371,13.596759,NK T,E14S,transferred
-6.1622405,5.0866446,Resident Macrophage,E14S,transferred
0.9822643,5.9397607,cDC,E14S,transferred
1.4330772,13.645326,NK,E14S,transferred
-0.67421913,0.033028234,Monocyte,E14S,transferred
-2.4267309,3.5104759,Monocyte,E14S,transferred
2.0489435,6.994178,mDC,E14S,transferred
-2.2010348,3.5193784,Monocyte,E14S,transferred
-4.016965,2.1318562,Il1b+ TAM,E14S,transferred
-5.4682264,4.763992,Resident Macrophage,E14S,transferred
-4.115781,5.351114,C1qc+ TAM,E14S,transferred
-2.1251428,4.300999,Monocyte,E14S,transferred
-4.2813234,5.8395557,C1qc+ TAM,E14S,transferred
-2.457859,1.9472522,Monocyte,E14S,transferred
-3.5954976,2.5582957,Il1b+ TAM,E14S,transferred
3.0830152,11.627799,CD8 Terminally Exhausted,E14S,transferred
16.305908,6.653745,Hypoxic Tumor,E14S,transferred
-4.2356663,0.31153843,Spp1+ TAM,E14S,transferred
-4.1247025,3.0339189,Il1b+ TAM,E14S,transferred
0.31219077,-8.445713,Neutrophil,E14S,transferred
0.62855554,0.88517773,Monocyte,E14S,transferred
-0.44902658,1.0967925,Monocyte,E14S,transferred
-1.346269,2.1651623,Monocyte,E14S,transferred
-5.377199,4.7147136,C1qc+ TAM,E14S,transferred
-2.6442513,3.1601346,Monocyte,E14S,transferred
-4.111519,3.2551324,Il1b+ TAM,E14S,transferred
3.2738936,12.927814,CD8 Terminally Exhausted,E14S,transferred
-4.2705045,0.53682715,Spp1+ TAM,E14S,transferred
16.902605,6.353981,Hypoxic Tumor,E14S,transferred
0.59389836,5.603467,cDC,E14S,transferred
-1.8318456,5.425422,Resident Macrophage,E14S,transferred
1.7532237,13.887176,NK,E14S,transferred
0.35287195,4.8201227,cDC,E14S,transferred
-1.0432422,1.2747343,Monocyte,E14S,transferred
-2.6804733,2.22531,Il1b+ TAM,E14S,transferred
1.5885116,14.446492,NK,E14S,transferred
-1.8737866,4.8424478,Resident Macrophage,E14S,transferred
-4.549705,4.8601713,Neutrophil,E14S,transferred
-2.2184248,2.4949741,Monocyte,E14S,transferred
-1.5423197,3.8851457,Resident Macrophage,E14S,transferred
-2.7498324,2.986428,Monocyte,E14S,transferred
-3.4477775,4.1497526,Il1b+ TAM,E14S,transferred
2.5096388,6.9473825,mDC,E14S,transferred
-0.46312708,2.617998,Monocyte,E14S,transferred
-4.383564,2.5020802,Il1b+ TAM,E14S,transferred
-1.787046,0.9175093,Monocyte,E14S,transferred
0.15250657,4.4972644,cDC,E14S,transferred
-4.14221,3.0496368,Il1b+ TAM,E14S,transferred
2.2758915,14.456524,NK T,E14S,transferred
0.63003457,5.003312,cDC,E14S,transferred
-5.709113,2.3229818,Il1b+ TAM,E14S,transferred
1.4861476,14.471184,NK,E14S,transferred
-2.4225385,2.4049916,Monocyte,E14S,transferred
-5.142394,5.4177628,C1qc+ TAM,E14S,transferred
16.583338,8.067473,Hypoxic Tumor,E14S,transferred
-4.444444,3.414255,Resident Macrophage,E14S,transferred
-2.5779576,1.3574742,Il1b+ TAM,E14S,transferred
1.6967784,-8.992186,Neutrophil,E14S,transferred
-0.8200201,-7.999171,Neutrophil,E14S,transferred
-1.9418257,3.8449326,Monocyte,E14S,transferred
-0.8035308,1.9623861,Monocyte,E14S,transferred
0.9819937,5.013969,cDC,E14S,transferred
-0.29829502,-8.122518,Neutrophil,E14S,transferred
1.6567516,6.871131,mDC,E14S,transferred
-4.867741,2.292569,C1qc+ TAM,E14S,transferred
27.02896,3.6547477,Tumor,E14S,transferred
-0.57736546,1.8857014,Monocyte,E14S,transferred
1.1410017,-8.304972,Neutrophil,E14S,transferred
-2.6014793,3.1344147,Monocyte,E14S,transferred
16.639853,6.3991103,Hypoxic Tumor,E14S,transferred
-1.9552599,4.1513214,Resident Macrophage,E14S,transferred
3.1279643,11.715846,CD8 Terminally Exhausted,E14S,transferred
0.27998078,-5.579148,Neutrophil,E14S,transferred
-5.197566,4.475674,Resident Macrophage,E14S,transferred
3.0777874,-7.0536857,Neutrophil,E14S,transferred
0.4692665,-5.501532,Neutrophil,E14S,transferred
-6.4527,3.8132179,C1qc+ TAM,E14S,transferred
24.783533,4.8384137,Tumor,E14S,transferred
-0.8475187,2.2559967,Monocyte,E14S,transferred
-5.566038,2.7463562,Resident Macrophage,E14S,transferred
2.716266,11.234179,Il1b+ TAM,E14S,transferred
-4.9406724,3.872016,Resident Macrophage,E14S,transferred
-4.040682,1.2632784,Spp1+ TAM,E14S,transferred
-5.224515,4.630629,C1qc+ TAM,E14S,transferred
-1.8617177,3.7678256,Resident Macrophage,E14S,transferred
1.8313553,14.956644,NK,E14S,transferred
-5.78835,1.8578482,Spp1+ TAM,E14S,transferred
-1.7380006,2.1662421,Monocyte,E14S,transferred
-3.7950377,4.2318134,Il1b+ TAM,E14S,transferred
-4.125065,5.4890924,C1qc+ TAM,E14S,transferred
-5.0729,4.677503,Resident Macrophage,E14S,transferred
-3.153425,1.6814324,Il1b+ TAM,E14S,transferred
-0.18197599,-6.751023,Neutrophil,E14S,transferred
-0.8523663,0.942473,Monocyte,E14S,transferred
0.36431935,-6.211631,Neutrophil,E14S,transferred
-3.2401125,4.4091525,Il1b+ TAM,E14S,transferred
-0.91490906,3.0151682,Monocyte,E14S,transferred
-5.988232,1.090719,Spp1+ TAM,E14S,transferred
-1.4757838,2.4434416,Monocyte,E14S,transferred
-4.8579473,1.262846,Spp1+ TAM,E14S,transferred
-6.1011834,3.4314537,Resident Macrophage,E14S,transferred
2.784372,-6.878554,Neutrophil,E14S,transferred
-4.916357,2.3592012,Monocyte,E14S,transferred
-5.570025,4.9049563,C1qc+ TAM,E14S,transferred
-0.37807754,1.2549007,Monocyte,E14S,transferred
-3.8561323,4.4730835,Monocyte,E14S,transferred
-1.2281569,1.0480332,Monocyte,E14S,transferred
-2.0575266,3.686521,Resident Macrophage,E14S,transferred
-5.779825,1.2319709,Spp1+ TAM,E14S,transferred
-4.637885,4.978593,C1qc+ TAM,E14S,transferred
-2.1326158,1.2010643,Il1b+ TAM,E14S,transferred
-4.829354,5.681567,C1qc+ TAM,E14S,transferred
16.481627,7.2886972,Hypoxic Tumor,E14S,transferred
0.23497902,0.8022884,Monocyte,E14S,transferred
-3.1400502,2.575657,Monocyte,E14S,transferred
-1.7365638,2.7742176,Monocyte,E14S,transferred
-3.4770842,6.885958,B,E14S,transferred
-5.5767527,1.5702071,Resident Macrophage,E14S,transferred
16.905865,6.215372,Hypoxic Tumor,E14S,transferred
0.37405106,4.8594837,cDC,E14S,transferred
-6.165852,3.3343434,Il1b+ TAM,E14S,transferred
-2.3717954,1.2260683,Monocyte,E14S,transferred
2.0145726,13.646972,NK T,E14S,transferred
-0.26768148,-8.2881975,Neutrophil,E14S,transferred
0.66123843,5.2206635,cDC,E14S,transferred
-3.396637,2.8295097,Il1b+ TAM,E14S,transferred
1.4763813,6.9775634,mDC,E14S,transferred
-4.6719694,6.2284293,C1qc+ TAM,E14S,transferred
-5.0923433,4.5601664,Monocyte,E14S,transferred
-2.5572474,2.8841724,Monocyte,E14S,transferred
-0.6186134,1.4777011,Monocyte,E14S,transferred
0.22284573,5.6876497,cDC,E14S,transferred
0.7505649,-6.66756,Neutrophil,E14S,transferred
-5.032312,5.2596827,C1qc+ TAM,E14S,transferred
-4.837383,2.9732823,Il1b+ TAM,E14S,transferred
17.512697,7.018158,Hypoxic Tumor,E14S,transferred
-0.55670255,0.86506754,Monocyte,E14S,transferred
-4.714177,3.619717,Il1b+ TAM,E14S,transferred
-4.7041497,2.5941396,Il1b+ TAM,E14S,transferred
-0.61457896,1.3925804,Monocyte,E14S,transferred
-1.4770516,3.8542926,Resident Macrophage,E14S,transferred
-4.8872533,2.4715164,Il1b+ TAM,E14S,transferred
0.79475075,5.5224924,cDC,E14S,transferred
-3.8568296,3.6358938,Il1b+ TAM,E14S,transferred
-6.5206447,4.207796,Resident Macrophage,E14S,transferred
-0.78503555,2.7194557,Monocyte,E14S,transferred
-5.158173,0.85567325,Spp1+ TAM,E14S,transferred
-1.6874999,3.0405369,Monocyte,E14S,transferred
-3.652508,6.3592196,C1qc+ TAM,E14S,transferred
-3.5521808,1.2646604,Il1b+ TAM,E14S,transferred
3.2287166,12.587705,Regulatory CD8 T,E14S,transferred
-1.5826184,3.6451733,Resident Macrophage,E14S,transferred
1.9702235,14.599823,NK,E14S,transferred
3.35991,12.82926,CD8 Exhausted Proliferating,E14S,transferred
-3.457248,3.641925,Monocyte,E14S,transferred
-2.611831,2.0600283,Il1b+ TAM,E14S,transferred
-3.5956964,6.811625,C1qc+ TAM,E14S,transferred
18.91637,7.495459,Hypoxic Tumor,E14S,transferred
-3.259482,3.2204378,Monocyte,E14S,transferred
-4.2324524,4.7203436,Il1b+ TAM,E14S,transferred
-3.7467055,4.7092147,Monocyte,E14S,transferred
-6.500508,2.4808466,Spp1+ TAM,E14S,transferred
-2.653371,3.59776,Monocyte,E14S,transferred
-6.0901704,3.3282075,Resident Macrophage,E14S,transferred
-1.3743813,0.7012455,Monocyte,E14S,transferred
-0.3797736,0.81298137,Monocyte,E14S,transferred
-0.53833395,-7.50813,Neutrophil,E14S,transferred
-3.5751696,5.7781835,C1qc+ TAM,E14S,transferred
-2.2109988,5.8794384,Spp1+ TAM,E14S,transferred
-0.9597333,2.0399048,Monocyte,E14S,transferred
-2.0447276,2.9803047,Resident Macrophage,E14S,transferred
22.320683,4.2569475,Hypoxic Tumor,E14S,transferred
1.3984859,-8.300722,Neutrophil,E14S,transferred
-0.8135817,2.368576,Monocyte,E14S,transferred
1.3925161,13.741555,NK,E14S,transferred
-4.3259,2.2249649,C1qc+ TAM,E14S,transferred
2.5334327,15.152815,NK,E14S,transferred
2.143835,12.751933,Il1b+ TAM,E14S,transferred
16.706503,5.8739657,Hypoxic Tumor,E14S,knn
-3.6169953,3.034526,Il1b+ TAM,E14S,transferred
-3.6115103,5.5652633,C1qc+ TAM,E14S,transferred
3.1753805,12.779863,Resident Macrophage,E14S,transferred
-6.45848,2.3080292,C1qc+ TAM,E14S,transferred
-4.2574,3.013394,Il1b+ TAM,E14S,transferred
-5.435749,3.5216238,Resident Macrophage,E14S,transferred
-4.2674656,2.7745106,Il1b+ TAM,E14S,transferred
1.9132608,-9.023405,Neutrophil,E14S,transferred
1.574033,13.996677,NK,E14S,transferred
3.3413649,12.234874,CD8 Exhausted Proliferating,E14S,transferred
16.588247,10.313764,Stromal,E14S,transferred
17.687008,10.76481,Stromal,E14S,transferred
3.3704464,12.773938,Regulatory CD8 T,E14S,transferred
-5.251281,1.0299063,Resident Macrophage,E14S,transferred
3.0565674,11.139715,CD8 Terminally Exhausted,E14S,transferred
-4.1954265,4.7696266,Il1b+ TAM,E14S,transferred
-3.7990143,4.314202,Il1b+ TAM,E14S,transferred
0.7518834,4.897602,cDC,E14S,transferred
-3.2721639,6.5354767,C1qc+ TAM,E14S,transferred
-4.351137,3.6898186,Il1b+ TAM,E14S,transferred
0.183078,1.6121421,Monocyte,E14S,transferred
-4.489441,3.6107192,Resident Macrophage,E14S,transferred
1.7279913,14.899072,NK,E14S,transferred
-5.3403893,2.189423,Il1b+ TAM,E14S,transferred
-5.5601573,3.241685,Il1b+ TAM,E14S,transferred
-5.4577823,2.9997017,Il1b+ TAM,E14S,transferred
0.22728886,-5.477262,Neutrophil,E14S,transferred
-3.53681,3.0899343,Il1b+ TAM,E14S,transferred
-0.09388094,-7.6389027,Neutrophil,E14S,transferred
-3.2623587,2.233925,Il1b+ TAM,E14S,transferred
-4.4290657,4.511908,Monocyte,E14S,transferred
0.09260008,1.7382046,Monocyte,E14S,transferred
-6.711296,3.9212155,Il1b+ TAM,E14S,transferred
3.346836,12.413843,Regulatory CD8 T,E14S,transferred
-1.8399872,3.5001354,Resident Macrophage,E14S,transferred
-5.8459997,3.9754415,Il1b+ TAM,E14S,transferred
-5.3927755,3.744946,Il1b+ TAM,E14S,transferred
-0.90880674,-8.143344,Neutrophil,E14S,transferred
-0.45346713,3.517171,Monocyte,E14S,transferred
-5.869351,1.89632,Resident Macrophage,E14S,transferred
-2.4468317,1.3444824,Il1b+ TAM,E14S,transferred
-0.53504497,-0.44171417,Monocyte,E14S,transferred
-6.401604,4.2170134,Resident Macrophage,E14S,transferred
1.9760807,-7.486304,Neutrophil,E14S,transferred
-1.2314565,3.1097555,Resident Macrophage,E14S,transferred
-0.19749829,2.4821875,Monocyte,E14S,transferred
26.357695,3.4297655,Tumor,E14S,transferred
0.23677132,5.2174063,cDC,E14S,transferred
-2.6099963,1.4779668,Il1b+ TAM,E14S,transferred
-6.0512185,3.6850424,C1qc+ TAM,E14S,transferred
0.3564944,5.0153995,cDC,E14S,transferred
-5.0730257,2.3435812,Resident Macrophage,E14S,transferred
0.6790217,5.607111,cDC,E14S,transferred
-4.0157013,2.0664067,Il1b+ TAM,E14S,transferred
-5.9169335,4.947461,Resident Macrophage,E14S,transferred
-1.3681549,2.3009088,Monocyte,E14S,transferred
-6.0156,2.5097997,Resident Macrophage,E14S,transferred
-4.3223643,4.646131,C1qc+ TAM,E14S,transferred
-1.5483909,0.8025237,Monocyte,E14S,transferred
-5.777779,1.3765916,Spp1+ TAM,E14S,transferred
-3.416469,5.3979354,Il1b+ TAM,E14S,transferred
1.4936593,14.491326,NK,E14S,transferred
-3.9598904,6.466586,Resident Macrophage,E14S,transferred
16.785278,6.0706205,Hypoxic Tumor,E14S,transferred
-0.45210597,0.6594254,Monocyte,E14S,transferred
-5.9638324,5.2470593,cDC,E14S,transferred
0.58226544,5.6471143,cDC,E14S,transferred
-4.602614,0.5203147,Spp1+ TAM,E14S,transferred
-4.5281124,3.1635177,Il1b+ TAM,E14S,transferred
-1.9226568,1.4804018,Monocyte,E14S,transferred
-4.668471,1.9399191,Il1b+ TAM,E14S,transferred
-2.4821696,4.118924,Monocyte,E14S,transferred
0.93605375,5.489721,cDC,E14S,transferred
25.03851,5.854212,Tumor,E14S,transferred
-5.7764325,3.8736339,Monocyte,E14S,transferred
-4.3783574,6.3585377,C1qc+ TAM,E14S,transferred
24.832619,4.514686,Tumor Proliferating,E14S,transferred
-3.0858152,4.5589542,C1qc+ TAM,E14S,transferred
-2.9815686,4.134689,C1qc+ TAM,E14S,transferred
-6.434843,3.3830664,Resident Macrophage,E14S,transferred
15.784814,11.568035,Stromal,E14S,transferred
0.1571965,1.2783647,Monocyte,E14S,transferred
3.0292487,12.630257,Regulatory CD8 T,E14S,transferred
1.5819576,14.156714,NK,E14S,transferred
23.297625,5.004561,Tumor Proliferating,E14S,transferred
-3.8871906,0.7198177,Spp1+ TAM,E14S,transferred
-3.9744792,2.1635044,Il1b+ TAM,E14S,transferred
-0.61466,3.496429,Monocyte,E14S,transferred
-3.4871788,5.326828,Monocyte,E14S,transferred
-0.17427795,4.8087873,cDC,E14S,transferred
0.5761515,5.2488017,cDC,E14S,transferred
-6.7079897,2.170814,C1qc+ TAM,E14S,transferred
-1.2606312,3.824056,Resident Macrophage,E14S,transferred
1.1725768,-8.892755,Neutrophil,E14S,transferred
-2.37043,2.5243628,Monocyte,E14S,transferred
-0.31439763,4.5094867,cDC,E14S,transferred
-2.1173327,3.4863567,Monocyte,E14S,transferred
-1.9605731,3.963053,Monocyte,E14S,transferred
-4.925407,1.5322083,Il1b+ TAM,E14S,transferred
-4.3419366,3.8210776,Resident Macrophage,E14S,transferred
2.889789,12.284923,Regulatory CD4 T,E14S,transferred
-3.3307214,5.584131,Monocyte,E14S,transferred
2.1141598,6.699209,mDC,E14S,transferred
-2.6013365,1.504527,Il1b+ TAM,E14S,transferred
-1.2363594,1.8912083,Monocyte,E14S,transferred
-0.46360078,2.3956766,Monocyte,E14S,transferred
0.49970275,0.9439952,Monocyte,E14S,transferred
-5.268136,5.612154,C1qc+ TAM,E14S,transferred
-2.8272312,2.0199497,Il1b+ TAM,E14S,transferred
2.435623,13.468582,NK T,E14S,transferred
-2.92688,2.6695178,Monocyte,E14S,transferred
-0.3666398,-0.12476828,Monocyte,E14S,transferred
-4.5135655,2.0954878,Il1b+ TAM,E14S,transferred
-0.63185793,1.5748315,Monocyte,E14S,transferred
-4.559279,4.381868,Resident Macrophage,E14S,transferred
-3.6830058,4.260372,Il1b+ TAM,E14S,transferred
-2.3842695,4.971471,Resident Macrophage,E14S,transferred
-0.9331839,3.1536236,Monocyte,E14S,transferred
-5.5474916,3.1982522,Resident Macrophage,E14S,transferred
-5.954918,3.206826,C1qc+ TAM,E14S,transferred
-5.49724,2.4104116,Il1b+ TAM,E14S,transferred
-6.055398,5.0935926,C1qc+ TAM,E14S,transferred
-5.0569654,1.9889882,Il1b+ TAM,E14S,transferred
0.4139178,-6.3283734,Neutrophil,E14S,transferred
1.4790671,-7.76854,Neutrophil,E14S,transferred
-3.0822124,1.2745746,Spp1+ TAM,E14S,transferred
-6.2583127,4.3778734,C1qc+ TAM,E14S,transferred
-0.68148446,1.476297,Monocyte,E14S,transferred
-1.7214192,3.2410874,Monocyte,E14S,transferred
2.4256246,15.464079,NK,E14S,transferred
2.1669676,-9.0231495,Neutrophil,E14S,transferred
-4.3473415,1.9259382,C1qc+ TAM,E14S,transferred
-4.3439884,5.262913,C1qc+ TAM,E14S,transferred
-0.63095796,2.2989087,Monocyte,E14S,transferred
-3.1761096,6.3990226,C1qc+ TAM,E14S,transferred
16.222128,9.172029,Hypoxic Tumor,E14S,transferred
-4.2240987,2.1678836,Il1b+ TAM,E14S,transferred
-5.219414,3.4933236,Resident Macrophage,E14S,transferred
17.775824,8.024622,Hypoxic Tumor,E14S,transferred
2.571088,-7.080773,Neutrophil,E14S,transferred
1.1473639,-8.144331,Neutrophil,E14S,transferred
-0.22374234,1.3590724,Monocyte,E14S,transferred
2.4465322,13.56075,NK T,E14S,transferred
-2.107428,2.6573665,Monocyte,E14S,transferred
-1.1850976,3.121582,Resident Macrophage,E14S,transferred
-6.2338266,2.2874842,Spp1+ TAM,E14S,transferred
-4.3238034,0.53398,Spp1+ TAM,E14S,transferred
-0.31173533,4.4643526,Il1b+ TAM,E14S,transferred
-4.130366,3.9426553,C1qc+ TAM,E14S,transferred
-5.5885215,3.7473066,Resident Macrophage,E14S,transferred
-6.1718874,4.579706,Resident Macrophage,E14S,transferred
1.3628664,14.26947,NK,E14S,transferred
-1.238663,2.437669,Monocyte,E14S,transferred
18.494244,7.1418085,Hypoxic Tumor,E14S,transferred
-4.8156962,3.4184544,Resident Macrophage,E14S,transferred
-2.6564145,4.4468994,Monocyte,E14S,transferred
2.1349597,6.6540337,mDC,E14S,transferred
-5.2686105,3.8141065,Resident Macrophage,E14S,transferred
-4.1797953,5.677301,C1qc+ TAM,E14S,transferred
-4.0416164,3.6492586,Il1b+ TAM,E14S,transferred
1.3818811,6.2678275,mDC,E14S,transferred
-0.47978154,1.5379424,Monocyte,E14S,transferred
-3.3600826,2.3155415,Il1b+ TAM,E14S,transferred
-4.729993,4.4263334,Resident Macrophage,E14S,transferred
-5.974069,4.9601526,Resident Macrophage,E14S,transferred
2.5028944,12.146628,Monocyte,E14S,transferred
-6.312465,2.9959595,C1qc+ TAM,E14S,transferred
-4.81298,5.2117023,Resident Macrophage,E14S,transferred
-2.5147448,3.247322,Monocyte,E14S,transferred
-3.2712805,3.2218606,Monocyte,E14S,transferred
-3.408895,4.81796,Il1b+ TAM,E14S,transferred
3.1682508,12.160914,CD8 Exhausted Proliferating,E14S,transferred
16.957956,7.498835,Hypoxic Tumor,E14S,transferred
-3.7427986,3.397194,Il1b+ TAM,E14S,transferred
-3.3936207,3.772245,Il1b+ TAM,E14S,transferred
-4.5983214,3.224086,Il1b+ TAM,E14S,transferred
1.0091114,-8.465944,Neutrophil,E14S,transferred
-1.8294315,3.5552912,Resident Macrophage,E14S,transferred
-2.2021182,3.1513631,Monocyte,E14S,transferred
-1.4211851,3.7038438,Resident Macrophage,E14S,transferred
-5.777704,3.045277,Resident Macrophage,E14S,transferred
-3.6625452,2.4311829,Il1b+ TAM,E14S,transferred
-0.28084752,0.7226346,Monocyte,E14S,transferred
2.6141436,7.5917397,mDC,E14S,transferred
-2.3221142,2.2861562,Il1b+ TAM,E14S,transferred
-6.306906,4.0164146,C1qc+ TAM,E14S,transferred
-2.6868541,1.4103885,Monocyte,E14S,transferred
0.51746035,-8.31058,Neutrophil,E14S,transferred
-3.3293965,4.1219187,Il1b+ TAM,E14S,transferred
-5.702924,2.493736,Il1b+ TAM,E14S,transferred
0.68922,5.2894664,cDC,E14S,transferred
-3.7415378,1.0382211,Spp1+ TAM,E14S,transferred
2.5907469,15.12959,NK,E14S,transferred
-5.589002,2.7864501,Il1b+ TAM,E14S,transferred
-4.3268085,4.831907,C1qc+ TAM,E14S,transferred
-3.4744463,5.5637527,Il1b+ TAM,E14S,transferred
2.2281938,14.867616,NK,E14S,transferred
-5.553935,3.7188413,Resident Macrophage,E14S,transferred
-5.145614,2.5972352,Il1b+ TAM,E14S,transferred
-1.7745595,3.8583393,Resident Macrophage,E14S,transferred
27.447088,4.937904,Tumor,E14S,transferred
-0.80843353,4.1580634,cDC,E14S,transferred
16.40001,7.666945,Hypoxic Tumor,E14S,transferred
-4.174499,0.96032965,Il1b+ TAM,E14S,transferred
-1.297236,3.4952273,Monocyte,E14S,transferred
0.62630576,-5.9940987,Neutrophil,E14S,transferred
0.08841925,-5.3618493,Neutrophil,E14S,transferred
-5.530407,2.5452976,Il1b+ TAM,E14S,transferred
-1.3259543,2.592411,Monocyte,E14S,transferred
-4.2199745,2.5052419,Monocyte,E14S,transferred
3.117129,-7.3391037,Neutrophil,E14S,transferred
2.5833845,7.368558,mDC,E14S,transferred
-0.7803723,-0.079938434,Monocyte,E14S,transferred
-3.013917,3.0291002,Monocyte,E14S,transferred
22.3463,4.194485,Hypoxic Tumor,E14S,transferred
-0.2320313,3.008257,Monocyte,E14S,transferred
-6.404662,3.4580564,C1qc+ TAM,E14S,transferred
-3.86823,4.191424,Il1b+ TAM,E14S,transferred
0.8835579,-8.765694,Neutrophil,E14S,transferred
3.2046726,12.744015,Regulatory CD8 T,E14S,transferred
-4.793456,3.2033565,Resident Macrophage,E14S,transferred
1.2132015,6.1325865,mDC,E14S,transferred
1.0071373,-6.1106467,Neutrophil,E14S,transferred
-4.198332,2.1508415,Resident Macrophage,E14S,transferred
0.14332387,1.6818514,Monocyte,E14S,transferred
17.119854,6.173662,Hypoxic Tumor,E14S,transferred
-0.67296183,0.5283427,Il1b+ TAM,E14S,transferred
-1.6934245,3.164212,Monocyte,E14S,transferred
-3.2848182,3.9028764,C1qc+ TAM,E14S,transferred
-2.7346811,3.2685812,Monocyte,E14S,transferred
16.815231,7.1229777,Hypoxic Tumor,E14S,transferred
-5.9163356,3.216731,Monocyte,E14S,transferred
-5.1388016,3.89393,Resident Macrophage,E14S,transferred
1.7821994,14.522372,NK,E14S,transferred
18.159178,10.70001,Stromal,E14S,transferred
-4.8287916,1.3031399,Spp1+ TAM,E14S,transferred
16.745735,5.832629,Hypoxic Tumor,E14S,knn
-3.074907,5.3733983,Monocyte,E14S,transferred
1.7131628,14.578705,NK,E14S,transferred
-3.9754388,2.8975868,Monocyte,E14S,transferred
-1.0057317,2.744085,Monocyte,E14S,transferred
0.44710892,-5.493828,Neutrophil,E14S,transferred
-4.572433,4.1775494,Il1b+ TAM,E14S,transferred
-3.9914994,6.4085383,Resident Macrophage,E14S,transferred
2.496844,15.197182,NK,E14S,transferred
-0.8974555,1.7556863,Monocyte,E14S,transferred
-1.5522622,4.7928424,Resident Macrophage,E14S,transferred
-0.28982526,1.1155769,Monocyte,E14S,transferred
-0.9136696,1.1750823,Monocyte,E14S,transferred
-3.8562016,3.9387972,C1qc+ TAM,E14S,transferred
-4.374897,2.452121,C1qc+ TAM,E14S,transferred
17.321735,10.081224,Stromal,E14S,transferred
17.236996,7.710799,Hypoxic Tumor,E14S,transferred
-4.920862,2.1230783,Il1b+ TAM,E14S,transferred
-4.8235393,5.465265,Resident Macrophage,E14S,transferred
-4.7399364,4.66286,C1qc+ TAM,E14S,transferred
-4.9005065,1.0372626,Resident Macrophage,E14S,transferred
-4.8873796,3.5508044,Resident Macrophage,E14S,transferred
-0.005607435,1.265468,Monocyte,E14S,transferred
2.3382196,10.685566,CD4 T,E14S,transferred
-3.5587416,1.112698,Spp1+ TAM,E14S,transferred
3.2862816,-7.0933576,Neutrophil,E14S,transferred
16.792765,7.4515486,Hypoxic Tumor,E14S,transferred
-4.070042,1.3452239,Spp1+ TAM,E14S,transferred
2.0750968,7.3623195,mDC,E14S,transferred
-5.14872,5.0886316,Resident Macrophage,E14S,transferred
3.4424515,12.250223,Regulatory CD8 T,E14S,transferred
0.037487365,1.8517667,Monocyte,E14S,transferred
1.1094223,5.833593,cDC,E14S,transferred
0.63829625,5.6848803,cDC,E14S,transferred
-2.7488153,1.0715486,Il1b+ TAM,E14S,transferred
-5.364421,0.71841234,Spp1+ TAM,E14S,transferred
16.945404,6.3536906,Hypoxic Tumor,E14S,transferred
-6.078026,3.633672,Il1b+ TAM,E14S,transferred
-3.208982,4.3152966,Monocyte,E14S,transferred
16.425533,7.3838363,Hypoxic Tumor,E14S,transferred
-3.6267023,5.328532,C1qc+ TAM,E14S,transferred
-4.386451,1.5706822,Spp1+ TAM,E14S,transferred
-3.1035752,5.83892,C1qc+ TAM,E14S,transferred
-3.3948836,2.489358,Il1b+ TAM,E14S,transferred
-2.303513,1.8889948,Monocyte,E14S,transferred
2.2161174,7.141916,mDC,E14S,transferred
16.519596,7.270793,Hypoxic Tumor,E14S,transferred
-6.064549,1.2908795,Spp1+ TAM,E14S,transferred
2.541724,15.493898,NK,E14S,transferred
0.35801634,-6.151783,Neutrophil,E14S,transferred
2.3595858,14.902948,NK,E14S,transferred
-4.09363,6.2057033,Resident Macrophage,E14S,transferred
-1.2351434,1.7328225,Monocyte,E14S,transferred
-0.6192886,0.96617013,Monocyte,E14S,transferred
-5.655448,2.151563,Resident Macrophage,E14S,transferred
-0.97633225,0.29736882,Monocyte,E14S,transferred
5.3295894,9.928196,B,E14S,transferred
1.401741,14.359727,NK,E14S,transferred
-5.89833,2.7529807,Il1b+ TAM,E14S,transferred
2.1384008,-7.7146316,Neutrophil,E14S,transferred
0.16510437,0.69783986,Monocyte,E14S,transferred
-3.4549336,3.0535424,Il1b+ TAM,E14S,transferred
0.35139295,-5.779386,Neutrophil,E14S,transferred
0.07818425,-7.3796353,Neutrophil,E14S,transferred
-2.5093405,2.524349,Monocyte,E14S,transferred
1.8645594,6.543581,mDC,E14S,transferred
1.7346171,7.105309,mDC,E14S,transferred
-0.8598465,0.44587356,Monocyte,E14S,transferred
22.782558,4.5927796,Hypoxic Tumor,E14S,transferred
-6.800907,1.5023522,Spp1+ TAM,E14S,transferred
-0.70078886,0.22634466,Monocyte,E14S,transferred
-2.8574247,4.146345,Il1b+ TAM,E14S,transferred
-5.522152,2.5956285,Il1b+ TAM,E14S,transferred
-3.2777176,3.8045406,Monocyte,E14S,transferred
16.489365,7.408874,Hypoxic Tumor,E14S,transferred
1.3621789,-7.3100066,Neutrophil,E14S,transferred
-3.1333013,1.7051152,Il1b+ TAM,E14S,transferred
23.926853,5.8067665,Hypoxic Tumor,E14S,transferred
3.0405402,11.141889,CD8 Exhausted Proliferating,E14S,transferred
-4.353945,2.8435066,Il1b+ TAM,E14S,transferred
-4.4134836,4.0497875,C1qc+ TAM,E14S,transferred
-5.7683067,4.7618427,Resident Macrophage,E14S,transferred
-3.8862967,4.7252307,Il1b+ TAM,E14S,transferred
-2.4560368,3.6912649,Monocyte,E14S,transferred
-4.563783,3.3325348,Monocyte,E14S,transferred
2.1095116,14.902583,NK,E14S,transferred
0.19517595,1.7474586,Monocyte,E14S,transferred
-5.695026,2.6060865,C1qc+ TAM,E14S,transferred
-2.340767,3.924351,Monocyte,E14S,transferred
0.7005889,-6.62824,Neutrophil,E14S,transferred
1.8823179,-7.4786,Neutrophil,E14S,transferred
-6.2821054,2.395851,C1qc+ TAM,E14S,transferred
-3.3780513,3.7555487,Monocyte,E14S,transferred
0.09471634,5.098163,Il1b+ TAM,E14S,transferred
-5.044243,3.7103536,Resident Macrophage,E14S,transferred
-2.8313322,5.2550564,Monocyte,E14S,transferred
16.440178,8.865003,Hypoxic Tumor,E14S,transferred
0.8320775,-6.610212,Neutrophil,E14S,transferred
-2.2610366,3.7388167,C1qc+ TAM,E14S,transferred
-5.780435,3.2791693,Resident Macrophage,E14S,transferred
16.630112,6.875012,Hypoxic Tumor,E14S,transferred
0.8203468,-8.989957,Neutrophil,E14S,transferred
-3.0580451,4.367983,Il1b+ TAM,E14S,transferred
-2.8102808,2.9607878,Monocyte,E14S,transferred
-6.8984213,3.9290109,C1qc+ TAM,E14S,transferred
-0.84483147,1.9175067,Monocyte,E14S,transferred
1.5797787,14.091464,NK,E14S,transferred
-4.422633,4.484045,C1qc+ TAM,E14S,transferred
-6.3745627,3.9866605,C1qc+ TAM,E14S,transferred
0.73448855,5.7542706,cDC,E14S,transferred
-3.9924948,2.908471,Il1b+ TAM,E14S,transferred
-0.97207576,0.1923179,Monocyte,E14S,transferred
-4.0835333,3.2902803,Il1b+ TAM,E14S,transferred
-4.0170574,3.5539582,Il1b+ TAM,E14S,transferred
-3.7747254,4.5545115,Monocyte,E14S,transferred
-4.129631,3.547484,Il1b+ TAM,E14S,transferred
-4.910699,3.2025433,Monocyte,E14S,transferred
2.0266962,-9.121504,Neutrophil,E14S,transferred
1.6018134,13.769691,NK,E14S,transferred
16.70666,6.2269545,Hypoxic Tumor,E14S,transferred
1.8389565,14.779727,NK,E14S,transferred
-3.3669183,3.1749194,Monocyte,E14S,transferred
-4.0878687,3.8183703,Il1b+ TAM,E14S,transferred
0.087988734,5.2072906,Il1b+ TAM,E14S,transferred
2.3662772,10.7213545,Regulatory CD4 T,E14S,transferred
0.0595771,-7.729818,Neutrophil,E14S,transferred
-2.234014,1.456329,Il1b+ TAM,E14S,transferred
-2.4547558,3.5099576,Monocyte,E14S,transferred
-0.16156523,5.0438643,cDC,E14S,transferred
3.2408164,12.706674,CD8 Exhausted Proliferating,E14S,transferred
-4.892997,3.5258794,Resident Macrophage,E14S,transferred
-1.0992931,4.602895,Resident Macrophage,E14S,transferred
3.1322355,12.938728,CD8 Terminally Exhausted,E14S,transferred
-1.3058609,10.7421465,B,E14S,transferred
-1.7929928,1.2276388,Monocyte,E14S,transferred
17.698275,7.056904,Hypoxic Tumor,E14S,transferred
5.3379383,9.920366,Il1b+ TAM,E14S,transferred
-6.2780714,3.3808799,Resident Macrophage,E14S,transferred
-4.3978915,3.4372907,Monocyte,E14S,transferred
2.3176763,7.384132,mDC,E14S,transferred
-5.1403737,3.6259794,Resident Macrophage,E14S,transferred
16.785303,7.8101325,Hypoxic Tumor,E14S,transferred
26.397484,4.996673,Tumor,E14S,transferred
-5.9085355,0.9830979,Spp1+ TAM,E14S,transferred
-3.9258924,3.8963566,Il1b+ TAM,E14S,transferred
-1.103943,2.7641435,Monocyte,E14S,transferred
2.4609272,13.693499,NK T,E14S,transferred
0.6888558,-5.8961177,Neutrophil,E14S,transferred
-1.610668,1.7630839,Monocyte,E14S,transferred
2.5248015,13.068185,NK T,E14S,transferred
-4.6552386,1.0398569,Spp1+ TAM,E14S,transferred
2.8938897,12.356334,CD8 Exhausted Proliferating,E14S,transferred
-3.6219945,6.320487,C1qc+ TAM,E14S,transferred
-1.961532,3.0198965,Monocyte,E14S,transferred
-1.0416472,2.5656636,Monocyte,E14S,transferred
-1.6874746,2.891018,Monocyte,E14S,transferred
-4.788852,2.6514854,Resident Macrophage,E14S,transferred
3.1866403,13.119716,CD8 Terminally Exhausted,E14S,transferred
-2.3654606,1.0536554,Monocyte,E14S,transferred
-5.3458667,4.4480305,C1qc+ TAM,E14S,transferred
-1.470067,1.3518612,Monocyte,E14S,transferred
-2.79077,4.047171,Monocyte,E14S,transferred
-6.2675285,2.36478,Resident Macrophage,E14S,transferred
-4.9910502,2.6013403,Il1b+ TAM,E14S,transferred
-0.62666804,3.1070514,Monocyte,E14S,transferred
-0.14116573,3.6851637,Monocyte,E14S,transferred
-6.37085,2.0531042,Monocyte,E14S,transferred
-4.526241,1.0939795,Il1b+ TAM,E14S,transferred
2.9629426,12.782541,CD8 Terminally Exhausted,E14S,transferred
-6.217057,3.7927759,Resident Macrophage,E14S,transferred
-5.837925,2.414696,Il1b+ TAM,E14S,transferred
-6.8126435,2.7606218,C1qc+ TAM,E14S,transferred
-4.098783,5.6746964,C1qc+ TAM,E14S,transferred
-1.8905026,0.8879657,Il1b+ TAM,E14S,transferred
3.323105,12.780016,CD8 Terminally Exhausted,E14S,transferred
-4.9540553,3.3942966,C1qc+ TAM,E14S,transferred
-1.7140678,3.266905,Resident Macrophage,E14S,transferred
-0.7952396,0.12345451,Monocyte,E14S,transferred
-3.4890225,5.36426,C1qc+ TAM,E14S,transferred
-1.684784,3.2782123,Monocyte,E14S,transferred
-3.8165674,4.484057,Monocyte,E14S,transferred
-3.5423932,3.0484161,Il1b+ TAM,E14S,transferred
16.779276,8.03124,Hypoxic Tumor,E14S,transferred
16.427233,7.3497586,Hypoxic Tumor,E14S,transferred
-4.8839116,5.379005,Resident Macrophage,E14S,transferred
1.8254273,-7.337135,Neutrophil,E14S,transferred
0.3342858,0.7741503,Monocyte,E14S,transferred
-4.5332556,2.468276,Il1b+ TAM,E14S,transferred
-6.07785,0.99587953,Spp1+ TAM,E14S,transferred
-3.8244052,4.294663,C1qc+ TAM,E14S,transferred
-2.6104248,4.693532,Monocyte,E14S,transferred
1.410263,13.773129,NK,E14S,transferred
-0.4641466,-7.6307154,Neutrophil,E14S,transferred
-0.8538714,1.7884245,Monocyte,E14S,transferred
-1.5437168,3.2616181,Resident Macrophage,E14S,transferred
-3.5738764,5.7597737,Monocyte,E14S,transferred
-2.0092065,1.6168019,Monocyte,E14S,transferred
1.049499,5.964244,cDC,E14S,transferred
-6.1545515,5.1948576,Resident Macrophage,E14S,transferred
0.69949067,-5.758449,Neutrophil,E14S,transferred
-3.7753525,5.6048775,C1qc+ TAM,E14S,transferred
-1.2120407,1.0469942,Monocyte,E14S,transferred
16.827362,7.5289783,Hypoxic Tumor,E14S,transferred
3.2524447,12.861096,CD8 Exhausted Proliferating,E14S,transferred
17.039705,7.0921793,Hypoxic Tumor,E14S,transferred
-3.3365185,5.4064484,C1qc+ TAM,E14S,transferred
24.861036,3.8715727,Tumor,E14S,transferred
3.2327135,12.459336,CD8 Terminally Exhausted,E14S,transferred
-2.4118865,4.2318954,Resident Macrophage,E14S,transferred
-4.0511637,2.838363,Il1b+ TAM,E14S,transferred
-2.227583,2.3131301,Monocyte,E14S,transferred
16.621347,5.875576,Hypoxic Tumor,E14S,transferred
-0.8117154,-7.64632,Neutrophil,E14S,transferred
-5.9183135,2.54836,Resident Macrophage,E14S,transferred
26.441135,2.9966471,Tumor,E14S,transferred
2.9983246,11.517003,CD8 Exhausted Proliferating,E14S,transferred
-5.6316624,1.7602443,Resident Macrophage,E14S,transferred
-1.9286641,1.4350319,Monocyte,E14S,transferred
-6.398356,3.2655785,C1qc+ TAM,E14S,transferred
-2.2545846,2.4450407,Monocyte,E14S,transferred
-3.1925673,3.4387252,C1qc+ TAM,E14S,transferred
16.81651,7.5649667,Hypoxic Tumor,E14S,transferred
-6.3666477,4.3563437,C1qc+ TAM,E14S,transferred
-4.4993315,1.3991826,Spp1+ TAM,E14S,transferred
-0.9627088,2.745631,Monocyte,E14S,transferred
19.638906,8.302769,Hypoxic Tumor,E14S,transferred
2.4889405,7.487365,mDC,E14S,transferred
-3.659277,3.160673,Il1b+ TAM,E14S,transferred
-4.671377,5.8222537,Resident Macrophage,E14S,transferred
1.8168355,14.891399,NK,E14S,transferred
-4.447376,2.5660434,Il1b+ TAM,E14S,transferred
16.38069,8.481566,Hypoxic Tumor,E14S,transferred
16.532501,6.3221393,Hypoxic Tumor,E14S,knn
0.28038514,-6.0695925,Neutrophil,E14S,transferred
0.7320787,4.9797063,cDC,E14S,transferred
-1.3522228,1.0452272,Monocyte,E14S,transferred
22.29446,4.3762536,Hypoxic Tumor,E14S,transferred
-5.296092,3.4297338,Resident Macrophage,E14S,transferred
-5.592748,0.7714608,Resident Macrophage,E14S,transferred
-0.7545288,0.70440304,Monocyte,E14S,transferred
-2.647739,4.1378665,Resident Macrophage,E14S,transferred
-4.005018,5.4120784,C1qc+ TAM,E14S,transferred
-5.6956263,5.1428466,C1qc+ TAM,E14S,transferred
2.1033967,13.656483,NK T,E14S,transferred
24.6731,4.4865375,CAF,E14S,transferred
-5.4491825,0.77214265,Spp1+ TAM,E14S,transferred
2.4347198,7.314885,mDC,E14S,transferred
0.5452217,5.0479054,cDC,E14S,transferred
3.156256,11.592757,CD8 Terminally Exhausted,E14S,transferred
26.630733,3.076557,Tumor,E14S,transferred
-3.5631917,4.030451,Il1b+ TAM,E14S,transferred
0.31236684,1.9310108,Monocyte,E14S,transferred
-3.511432,3.4195225,Il1b+ TAM,E14S,transferred
-4.5824046,3.9688847,Il1b+ TAM,E14S,transferred
-2.1626143,3.7980473,Monocyte,E14S,transferred
-3.5070872,2.4771583,Il1b+ TAM,E14S,transferred
2.695902,12.819371,CD4 T,E14S,transferred
-5.3990602,5.235793,C1qc+ TAM,E14S,transferred
-4.862277,2.6309056,Il1b+ TAM,E14S,transferred
-3.6773736,2.291589,Il1b+ TAM,E14S,transferred
-4.4387517,2.1376903,Il1b+ TAM,E14S,transferred
1.5180247,13.987389,NK,E14S,transferred
3.1960843,12.74506,CD8 Terminally Exhausted,E14S,transferred
-4.7453465,5.0949726,C1qc+ TAM,E14S,transferred
15.946261,11.575994,Tumor,E14S,transferred
0.51092976,0.46647084,Monocyte,E14S,transferred
0.0381323,2.013381,Monocyte,E14S,transferred
-6.039197,2.8972478,Resident Macrophage,E14S,transferred
0.28007138,0.31776497,Monocyte,E14S,transferred
-1.9799072,4.855583,Resident Macrophage,E14S,transferred
16.580244,7.1436796,Hypoxic Tumor,E14S,transferred
-2.7275894,4.090386,Monocyte,E14S,transferred
16.64386,6.1610575,Hypoxic Tumor,E14S,knn
1.5688808,-6.230396,Neutrophil,E14S,transferred
1.1330445,4.9984603,cDC,E14S,transferred
-5.451578,5.235991,C1qc+ TAM,E14S,transferred
-3.9545734,4.0510178,Il1b+ TAM,E14S,transferred
-4.109732,4.9707575,C1qc+ TAM,E14S,transferred
-5.9137826,4.369832,Il1b+ TAM,E14S,transferred
-1.5865363,4.7359943,Resident Macrophage,E14S,transferred
1.9956819,14.823767,NK,E14S,transferred
2.491921,7.1096807,mDC,E14S,transferred
1.837775,14.559139,NK,E14S,transferred
0.43519202,-6.772931,Neutrophil,E14S,transferred
-2.6450722,1.8998048,Monocyte,E14S,transferred
2.418292,12.137079,Resident Macrophage,E14S,transferred
-2.7740004,1.377655,Il1b+ TAM,E14S,transferred
-1.7616892,0.73430884,Monocyte,E14S,transferred
-5.9200497,3.635049,Resident Macrophage,E14S,transferred
-3.4974287,4.885137,C1qc+ TAM,E14S,transferred
-4.1037946,1.5196642,Monocyte,E14S,transferred
-5.0911746,3.9970493,Resident Macrophage,E14S,transferred
-5.7183022,3.9509366,Resident Macrophage,E14S,transferred
0.67872953,-6.5687604,Neutrophil,E14S,transferred
-1.7215286,2.7008283,Monocyte,E14S,transferred
-5.398759,1.8833852,Spp1+ TAM,E14S,transferred
2.1033046,7.3248158,mDC,E14S,transferred
0.40968892,-6.2595477,Neutrophil,E14S,transferred
16.87355,6.1872516,Hypoxic Tumor,E14S,knn
-1.7086084,2.7853498,Monocyte,E14S,transferred
2.8573287,12.323603,Regulatory CD8 T,E14S,transferred
-1.5314579,3.7603927,Resident Macrophage,E14S,transferred
-0.24575734,0.3644686,Monocyte,E14S,transferred
-3.8939312,1.8840871,Il1b+ TAM,E14S,transferred
0.006886749,0.7197005,Monocyte,E14S,transferred
2.4766512,13.315686,NK T,E14S,transferred
-4.044285,4.796489,C1qc+ TAM,E14S,transferred
-6.2958984,3.6443064,C1qc+ TAM,E14S,transferred
2.2068384,7.140987,mDC,E14S,transferred
-3.5256057,6.661423,C1qc+ TAM,E14S,transferred
-2.7266526,2.3244927,Spp1+ TAM,E14S,transferred
1.7746027,14.32399,NK,E14S,transferred
16.350595,6.379318,Hypoxic Tumor,E14S,knn
-4.0910664,3.539249,Spp1+ TAM,E14S,transferred
-1.7928513,4.772551,Resident Macrophage,E14S,transferred
0.1210594,-5.6519732,Neutrophil,E14S,transferred
-6.161425,5.1289864,Resident Macrophage,E14S,transferred
0.9307591,5.751835,cDC,E14S,transferred
-1.7167234,1.6727371,Monocyte,E14S,transferred
2.5871708,7.533303,mDC,E14S,transferred
-5.6478267,4.77037,Resident Macrophage,E14S,transferred
-2.6610367,3.4026499,Monocyte,E14S,transferred
-2.4804366,5.9909015,C1qc+ TAM,E14S,transferred
-4.83126,2.92848,Resident Macrophage,E14S,transferred
2.139344,7.0260863,mDC,E14S,transferred
1.6502254,-7.945255,Neutrophil,E14S,transferred
-4.521082,1.9913973,Il1b+ TAM,E14S,transferred
-5.632296,3.4169223,C1qc+ TAM,E14S,transferred
-4.6985846,2.7045565,Resident Macrophage,E14S,transferred
-4.230051,2.641788,Il1b+ TAM,E14S,transferred
-2.305599,3.88299,Monocyte,E14S,transferred
-4.066053,2.9279952,Il1b+ TAM,E14S,transferred
-6.26201,0.62514156,Resident Macrophage,E14S,transferred
0.6702993,1.2230533,Monocyte,E14S,transferred
-0.9679673,1.381984,Monocyte,E14S,transferred
1.6736068,7.177734,mDC,E14S,transferred
-6.894776,2.4943404,C1qc+ TAM,E14S,transferred
-1.0882571,0.18027993,Monocyte,E14S,transferred
-1.24108,3.8600461,Monocyte,E14S,transferred
-6.2265515,2.5028083,C1qc+ TAM,E14S,transferred
3.3139322,13.017332,CD8 Terminally Exhausted,E14S,transferred
23.810616,4.6702237,Tumor Proliferating,E14S,transferred
-1.0932783,3.2690048,Monocyte,E14S,transferred
-5.8495197,5.150712,Resident Macrophage,E14S,transferred
1.5161347,14.501265,NK,E14S,transferred
1.6943094,-6.542638,Neutrophil,E14S,transferred
-2.1583734,1.4849397,Monocyte,E14S,transferred
2.4795308,12.125408,Resident Macrophage,E14S,transferred
16.737534,6.8808193,Hypoxic Tumor,E14S,transferred
-3.9708889,6.6641836,Resident Macrophage,E14S,transferred
-5.04633,3.4229245,Il1b+ TAM,E14S,transferred
-4.5468717,1.6436712,Monocyte,E14S,transferred
0.28037825,-5.559297,Neutrophil,E14S,transferred
0.16881223,1.4564309,Monocyte,E14S,transferred
-6.212029,1.4368688,Spp1+ TAM,E14S,transferred
-0.7315189,-8.240888,Neutrophil,E14S,transferred
1.114848,6.0483656,cDC,E14S,transferred
-0.42545778,4.2862663,cDC,E14S,transferred
2.605948,15.177173,NK,E14S,transferred
-3.2139466,3.6821847,Monocyte,E14S,transferred
-5.3345027,4.1247106,C1qc+ TAM,E14S,transferred
-5.7403297,2.718401,Resident Macrophage,E14S,transferred
-3.114338,3.312864,Monocyte,E14S,transferred
-6.936343,3.6848736,C1qc+ TAM,E14S,transferred
-5.6867895,4.1079674,Resident Macrophage,E14S,transferred
-6.2603803,2.8274913,Resident Macrophage,E14S,transferred
3.1654563,12.360045,CD8 Terminally Exhausted,E14S,transferred
-3.2556012,6.610292,C1qc+ TAM,E14S,transferred
-1.7934176,2.4998324,Monocyte,E14S,transferred
-4.798599,5.2176557,C1qc+ TAM,E14S,transferred
24.98066,3.8773804,Tumor,E14S,transferred
3.4083395,12.810042,Regulatory CD8 T,E14S,transferred
0.12429676,5.172513,cDC,E14S,transferred
-3.0244737,2.4896715,Il1b+ TAM,E14S,transferred
-5.088843,4.596261,C1qc+ TAM,E14S,transferred
-2.7571077,3.9781516,Monocyte,E14S,transferred
-6.255768,3.62395,Il1b+ TAM,E14S,transferred
-6.210094,4.4526896,Resident Macrophage,E14S,transferred
2.0756767,14.526658,NK,E14S,transferred
1.2737728,-7.6320815,Neutrophil,E14S,transferred
-4.1710744,3.5886612,Resident Macrophage,E14S,transferred
1.3591753,13.7457,NK,E14S,transferred
3.2873316,12.886087,CD8 Terminally Exhausted,E14S,transferred
-3.1732335,3.9315245,Il1b+ TAM,E14S,transferred
-4.578221,2.2355673,Il1b+ TAM,E14S,transferred
2.3300624,10.681451,Regulatory CD4 T,E14S,transferred
0.90854865,-9.07905,Neutrophil,E14S,transferred
-3.4943225,4.37461,Monocyte,E14S,transferred
5.3617725,9.898262,B,E14S,transferred
16.502243,6.9252143,Hypoxic Tumor,E14S,transferred
-1.2993062,4.3749757,Il1b+ TAM,E14S,transferred
2.1839232,14.9137125,NK,E14S,transferred
-0.8921971,2.4114606,Monocyte,E14S,transferred
1.2421516,-8.807927,Neutrophil,E14S,transferred
16.592096,8.023023,Hypoxic Tumor,E14S,transferred
-3.6655314,2.0191395,Il1b+ TAM,E14S,transferred
-3.7995484,5.1532693,C1qc+ TAM,E14S,transferred
-2.7412822,4.2207894,Monocyte,E14S,transferred
-0.95313305,0.94629747,Monocyte,E14S,transferred
-3.8471553,3.5587475,Il1b+ TAM,E14S,transferred
-3.411581,2.2805812,Monocyte,E14S,transferred
-1.6856662,3.4240777,Monocyte,E14S,transferred
1.8676523,-8.409229,Neutrophil,E14S,transferred
-6.2368813,1.0405897,Spp1+ TAM,E14S,transferred
0.1674025,-7.580506,Neutrophil,E14S,transferred
0.22942275,4.9242206,cDC,E14S,transferred
-5.4889216,1.7319525,Resident Macrophage,E14S,transferred
-4.5914106,4.0310245,Resident Macrophage,E14S,transferred
-0.1803921,1.8743075,Monocyte,E14S,transferred
-6.848121,3.564706,C1qc+ TAM,E14S,transferred
3.0706606,12.19622,CD8 Terminally Exhausted,E14S,transferred
2.9770768,12.483278,CD8 Exhausted Proliferating,E14S,transferred
-0.20920894,1.6167722,Monocyte,E14S,transferred
-2.1333754,1.5238671,Monocyte,E14S,transferred
-3.789063,2.644377,Il1b+ TAM,E14S,transferred
-3.2639754,3.828248,Il1b+ TAM,E14S,transferred
0.9002196,5.847599,cDC,E14S,transferred
17.323309,7.902374,Hypoxic Tumor,E14S,transferred
-0.93865556,1.9302583,Monocyte,E14S,transferred
-5.927102,3.8972564,Resident Macrophage,E14S,transferred
-5.537548,4.017981,Resident Macrophage,E14S,transferred
-2.6090224,3.2134821,Resident Macrophage,E14S,transferred
16.41848,7.0818534,Hypoxic Tumor,E14S,transferred
0.3839775,4.887797,cDC,E14S,transferred
-0.31816253,4.7252283,cDC,E14S,transferred
-1.597434,5.1043563,Resident Macrophage,E14S,transferred
-0.38585523,2.0008867,Monocyte,E14S,transferred
-0.5989595,3.2206228,Monocyte,E14S,transferred
17.122896,6.396723,Hypoxic Tumor,E14S,transferred
-4.177636,6.152237,C1qc+ TAM,E14S,transferred
-6.6156106,1.3731409,Resident Macrophage,E14S,transferred
-4.59828,5.7343717,C1qc+ TAM,E14S,transferred
-0.37340793,1.5950956,Monocyte,E14S,transferred
-5.112347,5.6391807,C1qc+ TAM,E14S,transferred
0.007930663,4.6497483,cDC,E14S,transferred
23.800114,5.594773,Tumor,E14S,transferred
1.3823231,-7.523183,Neutrophil,E14S,transferred
-1.5958833,2.70137,Monocyte,E14S,transferred
-4.946322,5.5433974,C1qc+ TAM,E14S,transferred
-3.3243656,3.0692034,Il1b+ TAM,E14S,transferred
2.3705902,15.51832,NK,E14S,transferred
0.021232223,5.1540294,cDC,E14S,transferred
-4.122426,2.9742017,Il1b+ TAM,E14S,transferred
-0.2989695,1.5936626,Monocyte,E14S,transferred
-3.8792942,3.0574024,Il1b+ TAM,E14S,transferred
0.4027289,5.185961,B,E14S,transferred
16.868456,7.492385,Hypoxic Tumor,E14S,transferred
-0.5229833,-7.6222777,Neutrophil,E14S,transferred
-4.3777137,3.6509197,Il1b+ TAM,E14S,transferred
-4.969162,2.1917615,Resident Macrophage,E14S,transferred
2.665078,11.846082,Resident Macrophage,E14S,transferred
-6.4481297,1.7646694,Resident Macrophage,E14S,transferred
2.3014746,6.729886,mDC,E14S,transferred
16.336594,7.566634,Hypoxic Tumor,E14S,transferred
16.685186,11.551525,Hypoxic Tumor,E14S,transferred
-3.3732655,4.353272,Monocyte,E14S,transferred
3.154554,12.404298,CD8 Terminally Exhausted,E14S,transferred
-1.9187434,1.5976251,Monocyte,E14S,transferred
16.679605,6.834524,Hypoxic Tumor,E14S,transferred
-4.749897,5.137273,C1qc+ TAM,E14S,transferred
-1.2580785,10.637282,B,E14S,transferred
-2.2396138,1.3398516,Il1b+ TAM,E14S,transferred
25.451603,3.8072476,Tumor,E14S,transferred
3.076011,11.156794,CD8 Exhausted Proliferating,E14S,transferred
-1.3868248,3.6218534,Monocyte,E14S,transferred
-0.6391222,-0.10303812,B,E14S,transferred
-4.6625447,4.614662,C1qc+ TAM,E14S,transferred
-4.9586415,2.479925,Resident Macrophage,E14S,transferred
-3.8844068,4.4716167,Monocyte,E14S,transferred
-2.661232,2.5800169,Monocyte,E14S,transferred
0.0036310796,5.070149,cDC,E14S,transferred
-1.9671155,2.2938204,Monocyte,E14S,transferred
0.36463782,5.0368342,cDC,E14S,transferred
22.614258,4.252885,Il1b+ TAM,E14S,transferred
-3.1236436,2.8890057,Il1b+ TAM,E14S,transferred
-3.5603008,2.211665,Il1b+ TAM,E14S,transferred
1.7450682,-9.037969,Neutrophil,E14S,transferred
-2.1143906,2.9225626,Spp1+ TAM,E14S,transferred
-4.723984,2.3214033,Il1b+ TAM,E14S,transferred
-6.499523,2.604537,Resident Macrophage,E14S,transferred
22.318748,4.7365375,Hypoxic Tumor,E14S,transferred
-0.40662947,3.7502456,Monocyte,E14S,transferred
1.3546779,-8.89372,Neutrophil,E14S,transferred
3.2287986,12.824072,CD8 Terminally Exhausted,E14S,transferred
-4.1396713,0.5130286,Spp1+ TAM,E14S,transferred
0.53892606,5.4182024,cDC,E14S,transferred
-2.7492647,3.5032382,Monocyte,E14S,transferred
-3.1331413,5.6294074,C1qc+ TAM,E14S,transferred
0.2618148,0.93567955,Monocyte,E14S,transferred
-5.3504176,4.0864277,Resident Macrophage,E14S,transferred
-5.512392,3.3448472,Resident Macrophage,E14S,transferred
-4.356065,2.9771407,Il1b+ TAM,E14S,transferred
-3.5578966,4.8412127,C1qc+ TAM,E14S,transferred
16.70605,8.1430235,Hypoxic Tumor,E14S,transferred
1.0453999,-8.930457,Neutrophil,E14S,transferred
-4.0912,5.027747,Il1b+ TAM,E14S,transferred
-4.090037,6.432604,Resident Macrophage,E14S,transferred
-5.052695,3.8424037,C1qc+ TAM,E14S,transferred
1.3006577,13.89389,NK,E14S,transferred
1.9302878,15.018745,NK,E14S,transferred
-4.3421974,2.4244668,Il1b+ TAM,E14S,transferred
16.220493,9.13855,Hypoxic Tumor,E14S,transferred
1.6476177,7.22515,mDC,E14S,transferred
-5.702588,4.57447,Resident Macrophage,E14S,transferred
-1.2068138,1.9385281,Monocyte,E14S,transferred
-1.9148685,3.5804398,Resident Macrophage,E14S,transferred
1.937666,-7.397762,Neutrophil,E14S,transferred
26.552584,4.168924,Tumor,E14S,transferred
2.6278892,15.2664995,NK,E14S,transferred
25.749125,5.9558563,Hypoxic Tumor,E14S,transferred
-5.7425933,4.2409115,Resident Macrophage,E14S,transferred
-2.0641725,1.91656,Monocyte,E14S,transferred
2.5573425,7.407214,mDC,E14S,transferred
0.7898261,5.3412013,cDC,E14S,transferred
16.382107,7.402182,Hypoxic Tumor,E14S,transferred
1.8118727,-8.292407,Neutrophil,E14S,transferred
-3.72947,3.0865967,Il1b+ TAM,E14S,transferred
-1.2487829,2.7711487,Monocyte,E14S,transferred
-5.077671,0.53805465,Spp1+ TAM,E14S,transferred
2.2042167,-8.975286,Neutrophil,E14S,transferred
16.527514,7.0070043,Hypoxic Tumor,E14S,transferred
2.412403,-7.6150484,Neutrophil,E14S,transferred
-4.8925714,1.0285088,Resident Macrophage,E14S,transferred
-3.3851945,5.7141304,Monocyte,E14S,transferred
-5.199888,1.8679347,Spp1+ TAM,E14S,transferred
-4.214435,5.057456,C1qc+ TAM,E14S,transferred
-0.9978463,2.634471,Monocyte,E14S,transferred
16.786684,7.8453593,Hypoxic Tumor,E14S,transferred
-5.6092677,2.0426893,Il1b+ TAM,E14S,transferred
-3.886026,4.377516,Monocyte,E14S,transferred
-0.7567199,0.40233868,Monocyte,E14S,transferred
-6.884884,3.401604,C1qc+ TAM,E14S,transferred
-6.148375,0.83184034,Spp1+ TAM,E14S,transferred
-4.902517,2.8984735,Il1b+ TAM,E14S,transferred
-4.1562076,5.255308,C1qc+ TAM,E14S,transferred
-0.5990953,-0.0044079856,Resident Macrophage,E14S,transferred
1.8041738,-7.7554774,Neutrophil,E14S,transferred
-3.9940088,5.0341363,C1qc+ TAM,E14S,transferred
22.767977,3.7024837,C1qc+ TAM,E14S,transferred
1.7271757,-7.6154127,Neutrophil,E14S,transferred
16.448086,6.9808774,Hypoxic Tumor,E14S,transferred
25.790184,5.196697,Tumor,E14S,transferred
-3.4614747,1.2423942,Monocyte,E14S,transferred
0.20350732,4.7244444,B,E14S,transferred
-1.1494913,2.0963917,Monocyte,E14S,transferred
-2.692175,2.1269577,Il1b+ TAM,E14S,transferred
-6.2608047,3.54911,Resident Macrophage,E14S,transferred
-3.161909,2.6498709,Il1b+ TAM,E14S,transferred
-5.9478016,2.8427582,Resident Macrophage,E14S,transferred
-2.4216654,1.3752295,Monocyte,E14S,transferred
-5.5521555,5.251909,C1qc+ TAM,E14S,transferred
-5.91169,4.450934,C1qc+ TAM,E14S,transferred
0.13770147,-5.9564133,Neutrophil,E14S,transferred
-3.7998302,6.8224487,C1qc+ TAM,E14S,transferred
0.26791543,1.1933857,Monocyte,E14S,transferred
-0.42219675,3.6113822,Monocyte,E14S,transferred
16.406399,8.104204,Hypoxic Tumor,E14S,transferred
-3.510758,5.8062525,C1qc+ TAM,E14S,transferred
-3.262144,0.82575494,Spp1+ TAM,E14S,transferred
0.81264687,-5.9959836,Neutrophil,E14S,transferred
18.799583,7.2542257,Hypoxic Tumor,E14S,transferred
1.9814584,15.138757,NK,E14S,transferred
0.44724956,-5.8845525,Neutrophil,E14S,transferred
17.132364,7.8170047,Hypoxic Tumor,E14S,transferred
2.6022508,11.737167,Resident Macrophage,E14S,transferred
-4.5749516,1.7202742,Spp1+ TAM,E14S,transferred
-3.731842,2.3243468,Il1b+ TAM,E14S,transferred
-5.2560325,3.085023,Monocyte,E14S,transferred
1.9587276,7.3451176,mDC,E14S,transferred
0.36589575,1.9621948,Monocyte,E14S,transferred
-4.12585,2.8956416,Il1b+ TAM,E14S,transferred
-0.20321164,3.9458764,Monocyte,E14S,transferred
-1.2297058,0.3275636,Il1b+ TAM,E14S,transferred
-3.6665504,2.776208,Il1b+ TAM,E14S,transferred
3.0887728,12.720345,CD8 Terminally Exhausted,E14S,transferred
0.026328258,-5.159138,Monocyte,E14S,transferred
-5.9631624,3.7385821,C1qc+ TAM,E14S,transferred
-0.36545974,-7.8614845,Neutrophil,E14S,transferred
-6.409702,1.2204868,Resident Macrophage,E14S,transferred
-2.1881523,1.0408953,Il1b+ TAM,E14S,transferred
24.483877,4.461503,CAF,E14S,transferred
23.780678,5.382135,Hypoxic Tumor,E14S,transferred
-2.5818157,3.2906556,Monocyte,E14S,transferred
-4.300092,3.4599984,Monocyte,E14S,transferred
3.0592306,12.000809,CD8 Terminally Exhausted,E14S,transferred
-2.977033,3.471657,Monocyte,E14S,transferred
-5.030296,2.6766737,Il1b+ TAM,E14S,transferred
-5.432855,2.6135035,Resident Macrophage,E14S,transferred
23.260609,3.505297,Tumor Proliferating,E14S,transferred
2.2329571,14.96873,NK,E14S,transferred
-1.9991401,3.772646,Resident Macrophage,E14S,transferred
-3.8162591,3.4393132,C1qc+ TAM,E14S,transferred
16.171793,10.412243,Hypoxic Tumor,E14S,transferred
-4.0806017,2.21329,Il1b+ TAM,E14S,transferred
0.52071714,-5.8577,Neutrophil,E14S,transferred
-4.316338,3.347148,Il1b+ TAM,E14S,transferred
1.1591119,5.0028176,cDC,E14S,transferred
-1.6007624,1.92278,Monocyte,E14S,transferred
3.2088084,-7.2522764,Neutrophil,E14S,transferred
-3.8920403,0.70889795,Resident Macrophage,E14S,transferred
0.7769255,0.58859444,Monocyte,E14S,transferred
1.5654975,-8.155111,Neutrophil,E14S,transferred
-2.9512546,4.575759,Monocyte,E14S,transferred
3.0215406,12.804449,CD8 Terminally Exhausted,E14S,transferred
-1.1398557,2.4418478,Monocyte,E14S,transferred
0.48014483,-5.4622316,Neutrophil,E14S,transferred
2.9559884,13.477474,CD8 Exhausted Proliferating,E14S,transferred
0.21064343,2.0637388,Monocyte,E14S,transferred
-4.1238194,3.7952874,Il1b+ TAM,E14S,transferred
-5.7569957,3.9872165,Resident Macrophage,E14S,transferred
-3.398329,1.5061716,Il1b+ TAM,E14S,transferred
0.869663,5.620631,cDC,E14S,transferred
-2.39636,3.8475873,Monocyte,E14S,transferred
-2.2446344,3.121575,Monocyte,E14S,transferred
-4.676541,2.4652035,Resident Macrophage,E14S,transferred
-5.915307,4.925172,C1qc+ TAM,E14S,transferred
-4.1337504,2.3891895,Il1b+ TAM,E14S,transferred
-4.743461,3.2022967,Monocyte,E14S,transferred
-2.7003775,3.0645728,Il1b+ TAM,E14S,transferred
-0.8727436,2.4131866,Monocyte,E14S,transferred
-5.3325624,0.6704549,Spp1+ TAM,E14S,transferred
-4.373467,1.246758,Spp1+ TAM,E14S,transferred
0.81989056,-5.6194596,Neutrophil,E14S,transferred
-5.6964874,2.1603003,Resident Macrophage,E14S,transferred
0.92629045,6.036627,cDC,E14S,transferred
16.912235,6.3607154,Hypoxic Tumor,E14S,transferred
-3.7470016,1.6041591,Il1b+ TAM,E14S,transferred
-0.28825426,2.495506,Monocyte,E14S,transferred
-1.9710902,4.610056,Resident Macrophage,E14S,transferred
22.49741,4.195399,Hypoxic Tumor,E14S,transferred
-5.2817173,3.4973073,Monocyte,E14S,transferred
-4.215845,2.614126,Il1b+ TAM,E14S,transferred
-1.0363847,0.02139388,Il1b+ TAM,E14S,transferred
-2.5952177,3.6784847,Monocyte,E14S,transferred
-2.5661495,3.0017865,Resident Macrophage,E14S,transferred
1.8516754,6.5625753,mDC,E14S,transferred
-0.27154794,1.7616304,Monocyte,E14S,transferred
1.8251346,-7.898136,Neutrophil,E14S,transferred
1.600208,7.107292,mDC,E14S,transferred
2.278712,-8.439238,Neutrophil,E14S,transferred
-4.0976806,3.303109,Resident Macrophage,E14S,transferred
-0.80039227,2.348881,Monocyte,E14S,transferred
3.1330712,11.735836,CD8 Terminally Exhausted,E14S,transferred
1.2075799,13.70743,NK,E14S,transferred
26.415962,3.491425,Tumor,E14S,transferred
-3.098529,3.9679568,Monocyte,E14S,transferred
2.505094,13.757396,NK T,E14S,transferred
0.5714484,-8.220878,Neutrophil,E14S,transferred
-5.5632606,3.2051039,Il1b+ TAM,E14S,transferred
-5.8514366,4.3277626,Resident Macrophage,E14S,transferred
-4.815129,5.9998302,C1qc+ TAM,E14S,transferred
-3.008998,3.5178926,Monocyte,E14S,transferred
1.9654644,7.2602386,mDC,E14S,transferred
-1.1708753,2.7705708,Monocyte,E14S,transferred
1.1766528,-7.401238,Neutrophil,E14S,transferred
25.859287,3.3353486,Tumor,E14S,transferred
-4.893393,3.8552814,Il1b+ TAM,E14S,transferred
-4.776277,3.939943,Monocyte,E14S,transferred
2.324167,-7.352229,Neutrophil,E14S,transferred
3.131942,-7.0626965,Neutrophil,E14S,transferred
-3.4643366,4.5535417,C1qc+ TAM,E14S,transferred
-3.8854551,4.945188,C1qc+ TAM,E14S,transferred
-6.226856,2.7867913,Il1b+ TAM,E14S,transferred
-4.726709,2.3116484,Il1b+ TAM,E14S,transferred
-2.8826787,2.0475495,Il1b+ TAM,E14S,transferred
-5.114394,4.963897,C1qc+ TAM,E14S,transferred
-2.9876192,4.4268064,Monocyte,E14S,transferred
0.34225982,-7.6118126,Neutrophil,E14S,transferred
-4.528464,4.3112206,Resident Macrophage,E14S,transferred
-3.4732084,4.1758323,Il1b+ TAM,E14S,transferred
0.40366977,-7.5214343,Neutrophil,E14S,transferred
-0.08793177,0.7801221,Monocyte,E14S,transferred
-3.5029283,0.46422803,Spp1+ TAM,E14S,transferred
0.06159567,4.9571147,cDC,E14S,transferred
-4.8745914,3.8775911,Monocyte,E14S,transferred
-4.693513,4.7390265,cDC,E14S,transferred
-4.1605473,3.2610283,Il1b+ TAM,E14S,transferred
26.757402,3.1599889,Tumor,E14S,transferred
-1.9082507,4.902317,Resident Macrophage,E14S,transferred
0.6018244,-5.90781,Neutrophil,E14S,transferred
3.324558,12.7169285,CD8 Terminally Exhausted,E14S,transferred
3.3353047,12.031061,CD8 Terminally Exhausted,E14S,transferred
15.6435995,11.505642,Stromal,E14S,transferred
3.3860419,12.84872,CD8 Terminally Exhausted,E14S,transferred
-4.078154,2.3774476,Il1b+ TAM,E14S,transferred
-2.0897806,3.5103958,Monocyte,E14S,transferred
-0.48632312,2.938578,Monocyte,E14S,transferred
-3.9301481,5.252343,C1qc+ TAM,E14S,transferred
-0.8376764,1.1043087,Monocyte,E14S,transferred
-4.9193273,4.2993326,Il1b+ TAM,E14S,transferred
-4.7371974,2.4398613,Il1b+ TAM,E14S,transferred
1.2057523,-9.014271,Neutrophil,E14S,transferred
2.3655581,12.113021,Resident Macrophage,E14S,transferred
2.4085217,11.312739,Il1b+ TAM,E14S,transferred
-0.40938726,1.2091931,Monocyte,E14S,transferred
-4.3632264,2.8034754,Il1b+ TAM,E14S,transferred
-2.332154,2.975874,Monocyte,E14S,transferred
5.459244,9.826749,B,E14S,transferred
-0.87901324,1.3442708,Monocyte,E14S,transferred
2.1162193,13.928349,Il1b+ TAM,E14S,transferred
-5.297868,3.1749814,Monocyte,E14S,transferred
-3.725544,2.8949711,Monocyte,E14S,transferred
-3.9967868,5.840539,Monocyte,E14S,transferred
-4.7952123,4.395379,Resident Macrophage,E14S,transferred
2.047608,6.8987503,mDC,E14S,transferred
0.20928416,4.5630603,cDC,E14S,transferred
-0.88001347,2.512809,Monocyte,E14S,transferred
1.4801824,14.272936,NK,E14S,transferred
2.3312602,11.7535515,Monocyte,E14S,transferred
3.293334,-7.114806,Neutrophil,E14S,transferred
0.4882117,0.769018,Monocyte,E14S,transferred
-4.0904984,5.9023566,Resident Macrophage,E14S,transferred
-6.1123686,4.5051413,C1qc+ TAM,E14S,transferred
-2.41145,3.1155937,Monocyte,E14S,transferred
2.1829867,14.484049,NK,E14S,transferred
2.2554939,15.148199,NK,E14S,transferred
-6.0697346,3.2593446,Resident Macrophage,E14S,transferred
-0.30958804,4.661017,cDC,E14S,transferred
-6.1243157,2.961088,Resident Macrophage,E14S,transferred
24.036386,6.0246277,Hypoxic Tumor,E14S,transferred
16.64125,6.5325627,Hypoxic Tumor,E14S,transferred
-1.9866834,1.9635432,Monocyte,E14S,transferred
1.3417126,-7.3303037,Neutrophil,E14S,transferred
18.850206,7.3126435,Hypoxic Tumor,E14S,transferred
18.742956,7.276173,Hypoxic Tumor,E14S,transferred
-3.5151358,4.9741554,C1qc+ TAM,E14S,transferred
0.75819975,0.46983424,Monocyte,E14S,transferred
-0.20525543,0.5857072,Monocyte,E14S,transferred
-4.594035,3.1548834,Il1b+ TAM,E14S,transferred
-4.6118093,4.1268816,C1qc+ TAM,E14S,transferred
-4.4886866,4.881723,Resident Macrophage,E14S,transferred
17.406668,10.50538,Stromal,E14S,transferred
0.28609744,-6.2952175,Neutrophil,E14S,transferred
-2.0639627,4.3089914,Resident Macrophage,E14S,transferred
-0.45520476,-0.38298264,Monocyte,E14S,transferred
-3.3550687,5.563793,C1qc+ TAM,E14S,transferred
-5.1494603,0.90241295,Spp1+ TAM,E14S,transferred
-1.7907491,2.7631624,Monocyte,E14S,transferred
-2.2087278,3.442965,Monocyte,E14S,transferred
-5.196322,2.7467847,Il1b+ TAM,E14S,transferred
2.275279,7.39386,mDC,E14S,transferred
-0.2570932,5.203333,cDC,E14S,transferred
0.003053894,-7.954266,Neutrophil,E14S,transferred
-1.6672738,2.3676546,Monocyte,E14S,transferred
-4.6971235,3.630863,Il1b+ TAM,E14S,transferred
0.5033171,-5.803629,Neutrophil,E14S,transferred
0.48651633,0.67033035,Monocyte,E14S,transferred
-6.3485622,2.9185808,Il1b+ TAM,E14S,transferred
-4.321364,2.5767243,Il1b+ TAM,E14S,transferred
-3.9037576,4.1273255,Monocyte,E14S,transferred
-0.9501973,0.26419038,Monocyte,E14S,transferred
5.490768,9.800837,B,E14S,transferred
-5.9999237,1.2792528,Resident Macrophage,E14S,transferred
-6.1620526,1.0249504,Spp1+ TAM,E14S,transferred
3.1480088,12.264208,CD8 Exhausted Proliferating,E14S,transferred
-2.871364,3.749133,Monocyte,E14S,transferred
2.9892225,12.813483,CD8 Terminally Exhausted,E14S,transferred
0.826257,5.77815,cDC,E14S,transferred
-5.0141745,1.7293622,Il1b+ TAM,E14S,transferred
-0.16956525,2.5650403,Monocyte,E14S,transferred
-3.7461076,3.7088847,C1qc+ TAM,E14S,transferred
-2.793248,5.715226,Il1b+ TAM,E14S,transferred
-0.3054587,3.5539148,Monocyte,E14S,transferred
-6.773263,4.0888195,Resident Macrophage,E14S,transferred
-0.40188968,2.2048094,Resident Macrophage,E14S,transferred
16.529335,6.178587,Hypoxic Tumor,E14S,transferred
-5.886813,1.3511573,Spp1+ TAM,E14S,transferred
-5.1658626,4.8633204,C1qc+ TAM,E14S,transferred
1.1092561,-5.8416085,Neutrophil,E14S,transferred
-4.70985,2.6919203,Resident Macrophage,E14S,transferred
-0.28383762,2.1629984,Monocyte,E14S,transferred
-5.0436287,3.8306267,Resident Macrophage,E14S,transferred
-3.90076,3.3898427,Il1b+ TAM,E14S,transferred
-4.574629,1.0095822,Spp1+ TAM,E14S,transferred
-5.9476705,5.3695507,Resident Macrophage,E14S,transferred
-0.4411328,5.093222,cDC,E14S,transferred
-6.4038167,2.5204499,Resident Macrophage,E14S,transferred
-4.603714,4.5047007,C1qc+ TAM,E14S,transferred
-0.41532168,-0.051086195,Monocyte,E14S,transferred
-0.17672649,-7.494262,Neutrophil,E14S,transferred
1.4098903,-8.742109,Neutrophil,E14S,transferred
-1.2860421,2.859528,Monocyte,E14S,transferred
-5.80865,4.770989,Resident Macrophage,E14S,transferred
-4.2438426,2.4761415,Il1b+ TAM,E14S,transferred
19.070927,7.035511,Hypoxic Tumor,E14S,knn
-1.1875793,2.0498402,Monocyte,E14S,transferred
-3.074764,1.9099319,Il1b+ TAM,E14S,transferred
-0.13522299,3.763102,Monocyte,E14S,transferred
-2.337377,4.2994967,Monocyte,E14S,transferred
-0.55359685,-8.492595,Neutrophil,E14S,transferred
2.5038722,-7.513791,Neutrophil,E14S,transferred
-3.2978644,3.3524106,C1qc+ TAM,E14S,transferred
26.438086,3.240328,Tumor,E14S,transferred
-3.8592517,1.644011,Il1b+ TAM,E14S,transferred
-4.1844263,2.556053,Il1b+ TAM,E14S,transferred
-1.5551845,1.6287159,Il1b+ TAM,E14S,transferred
-6.0905333,4.1564465,C1qc+ TAM,E14S,transferred
-1.6863801,5.045337,Resident Macrophage,E14S,transferred
-3.1502054,4.4549875,Il1b+ TAM,E14S,transferred
-2.4021392,4.2233944,Resident Macrophage,E14S,transferred
-3.3414736,4.8261952,C1qc+ TAM,E14S,transferred
-3.548196,5.0741563,C1qc+ TAM,E14S,transferred
2.3880188,-7.528116,Neutrophil,E14S,transferred
-4.173744,0.5326933,Spp1+ TAM,E14S,transferred
-0.9347278,2.9669805,Monocyte,E14S,transferred
2.6575744,15.118036,NK,E14S,transferred
-0.019099023,-8.740357,Neutrophil,E14S,transferred
-4.3635073,3.5999544,Il1b+ TAM,E14S,transferred
0.77500707,-7.368538,Neutrophil,E14S,transferred
-6.293049,3.4541147,Resident Macrophage,E14S,transferred
-3.513161,2.477414,Spp1+ TAM,E14S,transferred
-2.7544546,2.2951021,Il1b+ TAM,E14S,transferred
-0.6593925,1.585098,Monocyte,E14S,transferred
-2.003067,2.4415658,Monocyte,E14S,transferred
2.3360527,15.0936165,NK,E14S,transferred
1.3815339,-7.4118814,Neutrophil,E14S,transferred
-1.2762502,4.177542,Resident Macrophage,E14S,transferred
2.796181,12.495192,CD4 T,E14S,transferred
-0.6416269,-0.34279484,Resident Macrophage,E14S,transferred
-0.19076772,4.6928,cDC,E14S,transferred
-5.5262675,2.4886403,Il1b+ TAM,E14S,transferred
-4.2192025,2.8904498,Il1b+ TAM,E14S,transferred
-3.505561,4.4578924,Monocyte,E14S,transferred
-1.732718,2.8161767,C1qc+ TAM,E14S,transferred
-1.4159648,3.9094849,Il1b+ TAM,E14S,transferred
2.1814792,6.694369,mDC,E14S,transferred
-2.8027449,2.503889,Il1b+ TAM,E14S,transferred
2.9259825,12.752841,CD8 Terminally Exhausted,E14S,transferred
1.7680289,-8.127313,Neutrophil,E14S,transferred
-4.2461023,2.9268715,Il1b+ TAM,E14S,transferred
0.46443284,-6.060081,Neutrophil,E14S,transferred
-2.1365528,2.4944897,Monocyte,E14S,transferred
-5.7743235,3.8012128,C1qc+ TAM,E14S,transferred
-2.2266054,2.5108562,Il1b+ TAM,E14S,transferred
-3.7032022,2.7268076,C1qc+ TAM,E14S,transferred
0.96240205,-7.883942,Neutrophil,E14S,transferred
-5.3136277,2.0757418,Il1b+ TAM,E14S,transferred
1.7009724,14.38353,NK,E14S,transferred
-5.2911544,3.8272715,Resident Macrophage,E14S,transferred
16.61412,6.044824,Hypoxic Tumor,E14S,transferred
-3.7735422,1.6211414,Spp1+ TAM,E14S,transferred
-4.7734027,6.326458,C1qc+ TAM,E14S,transferred
-6.569419,2.7618184,C1qc+ TAM,E14S,transferred
1.7678349,6.542908,mDC,E14S,transferred
-2.8155718,4.3077264,Il1b+ TAM,E14S,transferred
2.3413165,15.469986,NK,E14S,transferred
-4.196004,3.1368227,Monocyte,E14S,transferred
-0.15740062,-7.8549504,Neutrophil,E14S,transferred
0.34400553,0.7906697,Monocyte,E14S,transferred
-0.6182113,-0.23851417,Resident Macrophage,E14S,transferred
-4.767169,2.720123,Il1b+ TAM,E14S,transferred
2.2200627,14.793586,NK,E14S,transferred
-2.4870088,3.185361,Monocyte,E14S,transferred
-0.8611602,4.057638,Monocyte,E14S,transferred
-1.9259752,4.210093,Resident Macrophage,E14S,transferred
0.36958924,-6.445077,Neutrophil,E14S,transferred
2.4173133,7.3756914,mDC,E14S,transferred
-0.59442514,-0.36783814,Monocyte,E14S,transferred
-3.8205206,1.5716287,Monocyte,E14S,transferred
-0.9967366,1.3400962,Monocyte,E14S,transferred
24.996605,4.133497,CAF,E14S,transferred
2.2175467,-9.010948,Neutrophil,E14S,transferred
-5.5195365,1.9504106,Resident Macrophage,E14S,transferred
-0.5090888,2.0939486,Monocyte,E14S,transferred
-2.462409,2.2111633,Monocyte,E14S,transferred
-3.5785944,2.341678,Il1b+ TAM,E14S,transferred
3.0449655,12.576084,CD8 Terminally Exhausted,E14S,transferred
-3.7401369,5.5426188,C1qc+ TAM,E14S,transferred
-3.585338,3.5392723,Il1b+ TAM,E14S,transferred
-1.4405091,1.249441,Monocyte,E14S,transferred
-0.85297406,2.1405237,Resident Macrophage,E14S,transferred
3.0797558,12.918447,CD8 Terminally Exhausted,E14S,transferred
-1.4356233,3.7184854,Resident Macrophage,E14S,transferred
-0.7759184,1.7237629,Monocyte,E14S,transferred
2.1240373,-9.159595,Neutrophil,E14S,transferred
16.247686,6.560801,Hypoxic Tumor,E14S,transferred
-3.932561,6.0923157,C1qc+ TAM,E14S,transferred
2.0449724,14.940243,NK,E14S,transferred
-6.9621816,3.7444286,C1qc+ TAM,E14S,transferred
-3.746731,1.4110092,Spp1+ TAM,E14S,transferred
2.2038686,15.132542,NK,E14S,transferred
-5.3724957,3.0260878,Il1b+ TAM,E14S,transferred
17.207987,8.000787,Hypoxic Tumor,E14S,transferred
2.116035,-9.207548,Neutrophil,E14S,transferred
-0.38205248,3.6814358,Monocyte,E14S,transferred
-4.473276,1.4409317,Il1b+ TAM,E14S,transferred
-3.0116243,1.5791621,Monocyte,E14S,transferred
-1.1204998,0.41498938,Monocyte,E14S,transferred
-5.7931147,1.0854719,Spp1+ TAM,E14S,transferred
-6.2492213,0.8764912,Spp1+ TAM,E14S,transferred
-1.0093447,1.8554574,Monocyte,E14S,transferred
0.069264814,-8.7078905,Neutrophil,E14S,transferred
-5.0146804,3.141891,Resident Macrophage,E14S,transferred
0.6402419,5.1453786,cDC,E14S,transferred
0.60707766,-5.658598,Neutrophil,E14S,transferred
-3.4626973,6.943891,C1qc+ TAM,E14S,transferred
-6.613277,2.4030523,C1qc+ TAM,E14S,transferred
-3.758028,5.5470085,C1qc+ TAM,E14S,transferred
1.3622543,6.234904,mDC,E14S,transferred
-2.8687658,1.1515657,Monocyte,E14S,transferred
-4.003407,3.8807774,Il1b+ TAM,E14S,transferred
-5.383706,2.2283566,Il1b+ TAM,E14S,transferred
-3.3058856,2.6740181,Monocyte,E14S,transferred
16.698439,8.042752,Hypoxic Tumor,E14S,transferred
-6.4579544,0.9862519,Spp1+ TAM,E14S,transferred
-3.293428,4.9324045,C1qc+ TAM,E14S,transferred
-2.9597788,5.2861595,Monocyte,E14S,transferred
3.124109,12.306386,CD8 Exhausted Proliferating,E14S,transferred
0.07833016,-8.587249,Neutrophil,E14S,transferred
-1.5890001,3.7021782,Resident Macrophage,E14S,transferred
-4.947479,3.8908565,Resident Macrophage,E14S,transferred
-3.578402,4.670897,Il1b+ TAM,E14S,transferred
-4.1608763,2.538273,Il1b+ TAM,E14S,transferred
-2.109621,1.8285557,Monocyte,E14S,transferred
2.451334,15.371345,NK,E14S,transferred
-4.908916,0.46671388,Spp1+ TAM,E14S,transferred
-4.154403,5.543434,C1qc+ TAM,E14S,transferred
-3.8768237,5.9422245,C1qc+ TAM,E14S,transferred
-3.7474775,4.531154,C1qc+ TAM,E14S,transferred
2.2593281,13.610955,NK T,E14S,transferred
2.32348,7.362157,mDC,E14S,transferred
0.87682056,-5.682489,Neutrophil,E14S,transferred
-4.547467,6.1377773,C1qc+ TAM,E14S,transferred
-0.3561009,-7.6537375,Neutrophil,E14S,transferred
-3.6704822,3.7824047,C1qc+ TAM,E14S,transferred
-3.3982296,2.898157,Monocyte,E14S,transferred
1.8452822,14.558135,NK,E14S,transferred
-3.769858,2.0470195,Il1b+ TAM,E14S,transferred
16.848774,8.162755,Hypoxic Tumor,E14S,transferred
-5.5662017,2.778753,Monocyte,E14S,transferred
24.0588,3.7775347,CAF,E14S,transferred
17.921543,10.731185,Stromal,E14S,transferred
1.6812975,13.931855,NK,E14S,transferred
25.364655,3.453421,Tumor,E14S,transferred
3.173395,11.675733,CD8 Terminally Exhausted,E14S,transferred
-4.36044,5.163373,C1qc+ TAM,E14S,transferred
-2.2716444,4.575282,Resident Macrophage,E14S,transferred
2.30032,7.3460264,mDC,E14S,transferred
-4.0058,4.3987875,Monocyte,E14S,transferred
-0.48160365,-0.03151391,Monocyte,E14S,transferred
-5.6718097,0.67173827,Spp1+ TAM,E14S,transferred
-1.2255224,0.13241105,Il1b+ TAM,E14S,transferred
-2.6653585,4.0331054,Monocyte,E14S,transferred
-3.6362212,2.3368273,Il1b+ TAM,E14S,transferred
-5.7900233,2.5265691,Il1b+ TAM,E14S,transferred
-3.442632,6.4159455,C1qc+ TAM,E14S,transferred
-4.268384,5.6970444,C1qc+ TAM,E14S,transferred
-6.4676676,3.289879,C1qc+ TAM,E14S,transferred
2.2499347,-9.28569,Neutrophil,E14S,transferred
-5.100937,4.5898976,Resident Macrophage,E14S,transferred
-0.9086721,4.758483,cDC,E14S,transferred
-6.708772,1.3492947,Spp1+ TAM,E14S,transferred
22.575712,4.449224,Hypoxic Tumor,E14S,transferred
-1.8204845,5.171422,Resident Macrophage,E14S,transferred
5.394385,9.878624,B,E14S,transferred
-1.688427,1.259509,Neutrophil,E14S,transferred
-4.7319183,0.75486416,Il1b+ TAM,E14S,transferred
1.271921,-8.701165,Neutrophil,E14S,transferred
3.2257206,12.286992,CD8 Exhausted Proliferating,E14S,transferred
18.700422,7.3309097,Hypoxic Tumor,E14S,transferred
-1.3419771,3.6861837,Monocyte,E14S,transferred
2.3142843,10.663727,CD8 Terminally Exhausted,E14S,transferred
1.675567,7.1155176,mDC,E14S,transferred
-2.0667205,3.3212457,Il1b+ TAM,E14S,transferred
-0.5376558,1.8060681,Monocyte,E14S,transferred
-4.9299927,6.179371,C1qc+ TAM,E14S,transferred
-0.036345586,1.7399348,Monocyte,E14S,transferred
-2.6662126,1.5303669,Monocyte,E14S,transferred
-5.6551595,4.2421947,Resident Macrophage,E14S,transferred
-3.9060428,2.6929786,Il1b+ TAM,E14S,transferred
-5.426992,2.4715524,Il1b+ TAM,E14S,transferred
2.4709923,13.712421,NK T,E14S,transferred
-6.2221227,1.9527406,Resident Macrophage,E14S,transferred
0.9490097,-8.550163,Neutrophil,E14S,transferred
-0.13214943,2.3240128,Monocyte,E14S,transferred
-2.6732154,2.5702536,Resident Macrophage,E14S,transferred
16.636057,6.0926027,Hypoxic Tumor,E14S,knn
1.320383,6.0340505,mDC,E14S,transferred
-4.265258,1.3230152,Spp1+ TAM,E14S,transferred
-3.2515416,3.4669857,Il1b+ TAM,E14S,transferred
-0.49913403,3.2121153,Monocyte,E14S,transferred
-3.3030827,3.3581707,Il1b+ TAM,E14S,transferred
16.679256,5.909474,Hypoxic Tumor,E14S,transferred
0.12738311,1.327737,Monocyte,E14S,transferred
16.259693,8.881851,Hypoxic Tumor,E14S,transferred
-5.540348,5.263704,C1qc+ TAM,E14S,transferred
-3.249754,4.433583,C1qc+ TAM,E14S,transferred
3.3472629,-6.6940436,Neutrophil,E14S,transferred
-4.633919,4.578899,C1qc+ TAM,E14S,transferred
-4.890888,1.1477195,Il1b+ TAM,E14S,transferred
-0.09399119,2.1099644,Monocyte,E14S,transferred
-0.55781996,-0.42026952,Resident Macrophage,E14S,transferred
-0.2030004,-7.942175,Neutrophil,E14S,transferred
-2.014447,2.6481826,Monocyte,E14S,transferred
-4.628829,4.2719545,C1qc+ TAM,E14S,transferred
-3.4422839,2.411505,Il1b+ TAM,E14S,transferred
-5.5997477,1.8539528,Resident Macrophage,E14S,transferred
-5.6661882,2.8155007,Resident Macrophage,E14S,transferred
-1.5630378,3.2101135,Monocyte,E14S,transferred
-2.9919164,4.103293,Monocyte,E14S,transferred
15.939092,11.154774,Stromal,E14S,transferred
0.49976298,1.0720322,Monocyte,E14S,transferred
1.2519099,6.149193,cDC,E14S,transferred
-0.49952263,1.2901888,Monocyte,E14S,transferred
-1.5406128,1.1787771,Monocyte,E14S,transferred
0.515057,5.4188185,cDC,E14S,transferred
-5.526092,2.9283872,Resident Macrophage,E14S,transferred
2.481555,7.53801,mDC,E14S,transferred
-3.5385108,2.8521454,Il1b+ TAM,E14S,transferred
-4.9644575,2.2647216,Il1b+ TAM,E14S,transferred
17.760942,8.084997,Hypoxic Tumor,E14S,transferred
-4.942407,2.9851058,Il1b+ TAM,E14S,transferred
-1.9766052,3.0319188,Resident Macrophage,E14S,transferred
-4.9988885,3.8781295,Resident Macrophage,E14S,transferred
1.203482,-8.455973,Neutrophil,E14S,transferred
-0.23856266,1.3890866,Monocyte,E14S,transferred
16.367085,7.245843,Hypoxic Tumor,E14S,transferred
-1.4914505,4.8659983,Resident Macrophage,E14S,transferred
0.404902,4.9820833,cDC,E14S,transferred
0.78647405,5.3002133,cDC,E14S,transferred
-3.2184234,6.607928,C1qc+ TAM,E14S,transferred
-2.692349,3.3818994,Monocyte,E14S,transferred
-4.2881527,5.2868023,C1qc+ TAM,E14S,transferred
-1.1386113,1.3657919,Monocyte,E14S,transferred
-1.7395338,1.7285682,Monocyte,E14S,transferred
-0.6391852,0.07070629,Monocyte,E14S,transferred
-6.6524587,1.1785772,Resident Macrophage,E14S,transferred
16.981083,7.9805226,Hypoxic Tumor,E14S,transferred
16.326637,7.0495486,Hypoxic Tumor,E14S,transferred
-2.5926082,3.2495186,Resident Macrophage,E14S,transferred
-5.241597,2.5260746,Resident Macrophage,E14S,transferred
-4.4195094,5.7643466,C1qc+ TAM,E14S,transferred
-5.989624,3.7108388,Il1b+ TAM,E14S,transferred
-2.0828147,3.6725042,Resident Macrophage,E14S,transferred
-4.7746215,4.718023,C1qc+ TAM,E14S,transferred
-5.106898,2.6034942,Il1b+ TAM,E14S,transferred
-4.393816,5.7186537,C1qc+ TAM,E14S,transferred
-5.2265773,4.978149,C1qc+ TAM,E14S,transferred
-2.924419,1.5140964,Il1b+ TAM,E14S,transferred
24.973495,3.467875,Tumor,E14S,transferred
-6.80934,3.7115982,C1qc+ TAM,E14S,transferred
-4.929795,4.1630974,Monocyte,E14S,transferred
2.3886995,-7.1921377,Neutrophil,E14S,transferred
1.7301339,6.714704,mDC,E14S,transferred
-0.013662614,1.5769293,Monocyte,E14S,transferred
-0.73707104,1.7216618,Monocyte,E14S,transferred
-6.7419333,3.97373,Resident Macrophage,E14S,transferred
16.971975,6.7276726,Hypoxic Tumor,E14S,transferred
-6.100951,4.117521,C1qc+ TAM,E14S,transferred
-3.132452,4.7844205,C1qc+ TAM,E14S,transferred
2.886388,11.05602,mDC,E14S,transferred
-2.3873646,0.9814252,Monocyte,E14S,transferred
-1.8051028,3.5763228,Resident Macrophage,E14S,transferred
-1.3346133,4.059368,Resident Macrophage,E14S,transferred
-3.4960158,6.946433,C1qc+ TAM,E14S,transferred
16.4791,6.056889,Hypoxic Tumor,E14S,knn
1.1219525,5.666987,cDC,E14S,transferred
-0.66273963,-7.9637284,Neutrophil,E14S,transferred
-5.6359825,2.3368676,Il1b+ TAM,E14S,transferred
-6.467112,3.9939337,C1qc+ TAM,E14S,transferred
-4.0595336,4.081669,Monocyte,E14S,transferred
-6.9340525,3.8864202,Resident Macrophage,E14S,transferred
-6.0047793,4.1818786,C1qc+ TAM,E14S,transferred
2.6485415,15.351366,NK,E14S,transferred
-1.3740184,3.0118473,Resident Macrophage,E14S,transferred
-2.0086102,0.9717676,Il1b+ TAM,E14S,transferred
-0.74718845,2.7034328,Monocyte,E14S,transferred
-2.2310019,3.0404325,Monocyte,E14S,transferred
-3.437242,5.5064483,Il1b+ TAM,E14S,transferred
-5.2095366,4.1496964,Resident Macrophage,E14S,transferred
-2.4235168,0.72454536,Spp1+ TAM,E14S,transferred
1.0731846,-6.791348,Neutrophil,E14S,transferred
5.343402,9.921226,B,E14S,transferred
23.420267,4.404314,Hypoxic Tumor,E14S,transferred
16.867508,6.8282685,Hypoxic Tumor,E14S,transferred
-4.911829,0.88809663,Spp1+ TAM,E14S,transferred
0.61956006,-5.7125325,Neutrophil,E14S,transferred
-0.44900754,-7.797949,Neutrophil,E14S,transferred
3.330779,12.761063,Regulatory CD8 T,E14S,transferred
-5.979647,1.0773029,Spp1+ TAM,E14S,transferred
-3.5043185,4.2196093,Il1b+ TAM,E14S,transferred
-1.5031167,4.701762,Resident Macrophage,E14S,transferred
-5.532871,3.4117205,Il1b+ TAM,E14S,transferred
-5.599584,2.417927,Il1b+ TAM,E14S,transferred
-6.8066454,2.8485012,Resident Macrophage,E14S,transferred
-3.2050445,2.5438585,Il1b+ TAM,E14S,transferred
2.25472,7.2012653,mDC,E14S,transferred
-4.2039304,4.74632,C1qc+ TAM,E14S,transferred
-5.236065,1.5814046,Spp1+ TAM,E14S,transferred
-2.9286618,4.8001456,Il1b+ TAM,E14S,transferred
-1.0185269,2.7291937,Monocyte,E14S,transferred
-0.6764502,-0.3311278,Monocyte,E14S,transferred
24.344378,4.369829,CAF,E14S,transferred
-6.095384,1.1786984,Spp1+ TAM,E14S,transferred
-6.4134636,3.0011628,Il1b+ TAM,E14S,transferred
3.2478147,12.673252,Regulatory CD8 T,E14S,transferred
-3.4993305,4.6062193,Il1b+ TAM,E14S,transferred
-1.979641,5.187401,Resident Macrophage,E14S,transferred
-3.5455666,4.639587,Monocyte,E14S,transferred
-3.914191,3.3511455,Il1b+ TAM,E14S,transferred
-4.146779,5.833181,C1qc+ TAM,E14S,transferred
-3.2301388,3.0444963,Monocyte,E14S,transferred
-5.4631243,3.1135054,Resident Macrophage,E14S,transferred
1.618565,14.011962,NK,E14S,transferred
2.0561132,6.8642554,mDC,E14S,transferred
-3.9920344,2.4415894,Il1b+ TAM,E14S,transferred
-5.741341,2.0656774,Il1b+ TAM,E14S,transferred
2.414721,-9.179715,Neutrophil,E14S,transferred
-1.5461352,2.4798844,Monocyte,E14S,transferred
-6.133326,5.2614183,Resident Macrophage,E14S,transferred
0.03496771,2.0267591,Monocyte,E14S,transferred
3.083267,-6.9985476,Neutrophil,E14S,transferred
2.1889462,14.719777,NK,E14S,transferred
2.641288,-7.4660954,Neutrophil,E14S,transferred
3.388156,12.924371,CD8 Terminally Exhausted,E14S,transferred
-0.48972875,2.8729868,Monocyte,E14S,transferred
-2.7767344,2.263972,Il1b+ TAM,E14S,transferred
-5.5365515,1.7930834,Spp1+ TAM,E14S,transferred
2.5943928,11.921146,Il1b+ TAM,E14S,transferred
22.646486,4.1074886,Tumor Proliferating,E14S,transferred
-5.7301903,3.1834073,Resident Macrophage,E14S,transferred
19.159338,7.3117495,Hypoxic Tumor,E14S,transferred
-4.2409925,3.8943005,Il1b+ TAM,E14S,transferred
-4.80207,4.8341045,Il1b+ TAM,E14S,transferred
1.29147,13.730882,NK,E14S,transferred
0.013937877,5.2900925,cDC,E14S,transferred
-1.5412203,1.3175088,Monocyte,E14S,transferred
-5.0096717,3.1948073,C1qc+ TAM,E14S,transferred
-3.8466015,6.5482225,C1qc+ TAM,E14S,transferred
3.39314,12.892663,CD8 Terminally Exhausted,E14S,transferred
-5.593534,1.8272287,Il1b+ TAM,E14S,transferred
-3.2591076,1.9025522,Il1b+ TAM,E14S,transferred
-0.40875894,-0.18116266,Monocyte,E14S,transferred
-3.6917636,2.9873378,Il1b+ TAM,E14S,transferred
-1.2218992,3.872265,Resident Macrophage,E14S,transferred
-2.3295283,3.5582287,Monocyte,E14S,transferred
-3.4155638,3.3915129,Il1b+ TAM,E14S,transferred
2.4330297,13.386339,NK T,E14S,transferred
26.297855,3.942222,Tumor,E14S,transferred
16.47049,6.6612706,Hypoxic Tumor,E14S,transferred
0.049604166,1.593686,Monocyte,E14S,transferred
0.46380374,4.5772133,cDC,E14S,transferred
-4.306627,3.7101576,Il1b+ TAM,E14S,transferred
16.488842,7.325534,Hypoxic Tumor,E14S,transferred
-3.3966298,5.538768,Il1b+ TAM,E14S,transferred
-3.867188,3.3735647,Il1b+ TAM,E14S,transferred
3.162332,13.049628,Regulatory CD8 T,E14S,transferred
-4.3484993,3.1666636,Il1b+ TAM,E14S,transferred
-0.23294231,0.16403542,Monocyte,E14S,transferred
-0.10373236,0.19129062,Monocyte,E14S,transferred
0.5428089,5.3289046,cDC,E14S,transferred
-5.388368,1.7109275,C1qc+ TAM,E14S,transferred
-1.5143851,4.5420213,Resident Macrophage,E14S,transferred
-0.61107445,2.2071905,Monocyte,E14S,transferred
-0.4150161,2.7767045,Monocyte,E14S,transferred
0.00036345175,4.990516,Il1b+ TAM,E14S,transferred
-4.0822916,4.401844,Resident Macrophage,E14S,transferred
0.06570262,1.6249892,Monocyte,E14S,transferred
-4.3791714,5.2631736,C1qc+ TAM,E14S,transferred
3.2929683,12.653312,Regulatory CD8 T,E14S,transferred
-0.72544545,3.190979,Monocyte,E14S,transferred
2.4145317,13.596282,Resident Macrophage,E14S,transferred
-3.8283198,6.2392626,C1qc+ TAM,E14S,transferred
3.0686157,12.753295,CD8 Terminally Exhausted,E14S,transferred
-5.9816666,4.8109035,C1qc+ TAM,E14S,transferred
-6.3295455,2.1832142,C1qc+ TAM,E14S,transferred
-3.670014,6.8320594,C1qc+ TAM,E14S,transferred
3.1558118,11.518036,CD8 Terminally Exhausted,E14S,transferred
-4.554326,2.3386137,C1qc+ TAM,E14S,transferred
0.09126029,-5.9076767,Neutrophil,E14S,transferred
0.64937204,-8.161354,Neutrophil,E14S,transferred
-6.368696,1.5906401,Resident Macrophage,E14S,transferred
-5.0992208,2.0836818,Il1b+ TAM,E14S,transferred
24.046959,5.533035,Tumor Proliferating,E14S,transferred
1.9024462,14.158745,NK,E14S,transferred
0.2783252,4.817162,cDC,E14S,transferred
15.56855,11.426134,Stromal,E14S,transferred
1.3069799,13.861142,NK,E14S,transferred
16.620745,7.133388,Hypoxic Tumor,E14S,transferred
1.5558822,14.65968,NK,E14S,transferred
3.240144,11.9454775,CD8 Terminally Exhausted,E14S,transferred
-2.586261,3.4312274,Monocyte,E14S,transferred
-0.34620395,3.981725,cDC,E14S,transferred
2.456934,15.325334,NK,E14S,transferred
-3.5923753,4.992275,C1qc+ TAM,E14S,transferred
-5.772275,3.941238,Il1b+ TAM,E14S,transferred
-3.0097091,4.135512,Il1b+ TAM,E14S,transferred
-5.8692045,0.83912337,Spp1+ TAM,E14S,transferred
25.724163,5.6745973,Tumor,E14S,transferred
0.8194641,5.2493777,cDC,E14S,transferred
-1.0054579,2.031595,Monocyte,E14S,transferred
18.875092,7.30983,Hypoxic Tumor,E14S,transferred
-5.1039157,5.152252,Resident Macrophage,E14S,transferred
-4.1612196,5.144786,Resident Macrophage,E14S,transferred
-1.0835872,2.328725,Monocyte,E14S,transferred
-3.2697659,3.8810349,Il1b+ TAM,E14S,transferred
2.50815,15.169135,NK,E14S,transferred
-2.9886744,4.3882604,Il1b+ TAM,E14S,transferred
-1.3819735,3.3232958,Resident Macrophage,E14S,transferred
2.3609407,15.512563,NK,E14S,transferred
-4.0593057,6.479926,C1qc+ TAM,E14S,transferred
-0.56632084,1.0680525,Monocyte,E14S,transferred
-5.2532706,5.388921,C1qc+ TAM,E14S,transferred
-5.6443048,2.207296,Il1b+ TAM,E14S,transferred
-1.7148433,5.00037,Resident Macrophage,E14S,transferred
-2.5685093,2.8919067,Il1b+ TAM,E14S,transferred
-2.2252946,2.5815465,Monocyte,E14S,transferred
-2.9889293,4.1826015,Il1b+ TAM,E14S,transferred
18.228949,10.830266,Stromal,E14S,transferred
-4.892963,2.764021,Resident Macrophage,E14S,transferred
-5.0267115,2.5242403,Il1b+ TAM,E14S,transferred
-4.516792,3.1721487,Il1b+ TAM,E14S,transferred
-5.2086763,1.2600244,Resident Macrophage,E14S,transferred
0.51661247,-6.3488145,Neutrophil,E14S,transferred
0.676955,4.9559984,cDC,E14S,transferred
-6.0581865,2.4232233,Resident Macrophage,E14S,transferred
-0.6296367,2.2509747,Monocyte,E14S,transferred
-0.6743087,3.1095273,Monocyte,E14S,transferred
-2.9467409,4.231177,Il1b+ TAM,E14S,transferred
-5.25421,1.5073193,Spp1+ TAM,E14S,transferred
-6.858684,3.6994014,C1qc+ TAM,E14S,transferred
2.801278,12.429784,Resident Macrophage,E14S,transferred
-3.8711603,3.0202894,Il1b+ TAM,E14S,transferred
-1.731058,3.110955,Monocyte,E14S,transferred
1.6464521,7.1117883,mDC,E14S,transferred
0.3546357,-6.270418,Neutrophil,E14S,transferred
-3.335823,3.7308435,Monocyte,E14S,transferred
-2.301646,3.7337472,Monocyte,E14S,transferred
-3.0354483,2.4436197,Il1b+ TAM,E14S,transferred
-1.2061888,1.5017272,Monocyte,E14S,transferred
-3.579793,3.0652924,Il1b+ TAM,E14S,transferred
-5.254665,1.3578824,Il1b+ TAM,E14S,transferred
2.0887103,14.393354,NK,E14S,transferred
16.821354,5.989063,Hypoxic Tumor,E14S,transferred
1.918643,-7.449914,Neutrophil,E14S,transferred
0.7842961,5.3283243,cDC,E14S,transferred
-0.30885398,2.619052,Monocyte,E14S,transferred
-5.008145,5.66069,C1qc+ TAM,E14S,transferred
2.7127147,15.211894,NK,E14S,transferred
0.043136775,4.6769624,cDC,E14S,transferred
-2.9763224,4.1738806,Il1b+ TAM,E14S,transferred
-4.360964,5.7389517,C1qc+ TAM,E14S,transferred
-0.25236773,-7.879464,Neutrophil,E14S,transferred
0.6865667,-5.7064376,Neutrophil,E14S,transferred
-2.1629238,1.7224033,Il1b+ TAM,E14S,transferred
-4.9471836,1.7261481,Il1b+ TAM,E14S,transferred
-0.6786855,-7.541827,Neutrophil,E14S,transferred
1.4453231,-8.371194,Neutrophil,E14S,transferred
-4.16045,0.727395,Spp1+ TAM,E14S,transferred
-6.3141108,1.6867504,C1qc+ TAM,E14S,transferred
-0.15058129,4.7983937,B,E14S,transferred
-4.9282837,5.2279468,C1qc+ TAM,E14S,transferred
-0.9059353,2.504086,Monocyte,E14S,transferred
0.8796164,-8.790846,Neutrophil,E14S,transferred
-3.856067,5.902855,Resident Macrophage,E14S,transferred
-6.5457973,2.6036506,Il1b+ TAM,E14S,transferred
0.11833528,0.7130388,Monocyte,E14S,transferred
-5.4741206,5.1292267,C1qc+ TAM,E14S,transferred
-6.0036936,5.2252116,Resident Macrophage,E14S,transferred
16.37592,7.669557,Hypoxic Tumor,E14S,transferred
3.3693757,12.07696,Resident Macrophage,E14S,transferred
-0.47730726,-0.37115172,Monocyte,E14S,transferred
-6.3461514,3.736027,C1qc+ TAM,E14S,transferred
-6.1825047,3.870615,Resident Macrophage,E14S,transferred
-4.1488395,4.7393155,C1qc+ TAM,E14S,transferred
-3.6899927,6.581565,Il1b+ TAM,E14S,transferred
-3.6361837,5.3169394,Monocyte,E14S,transferred
-6.5265565,3.359163,Il1b+ TAM,E14S,transferred
-5.532741,2.9069734,Il1b+ TAM,E14S,transferred
-5.5702777,5.5643687,Resident Macrophage,E14S,transferred
1.3127073,-8.48763,Neutrophil,E14S,transferred
-1.8149027,3.2035797,Monocyte,E14S,transferred
-3.0239472,4.397573,Monocyte,E14S,transferred
16.804394,5.940161,Hypoxic Tumor,E14S,knn
-3.5539129,5.5703926,C1qc+ TAM,E14S,transferred
-5.4825363,3.5096288,C1qc+ TAM,E14S,transferred
27.291206,4.804764,Tumor,E14S,transferred
-2.799787,2.769056,Il1b+ TAM,E14S,transferred
-2.7937138,2.8882122,Monocyte,E14S,transferred
2.9652727,11.437731,CD8 Terminally Exhausted,E14S,transferred
-2.6244006,4.4725275,Resident Macrophage,E14S,transferred
-1.0348713,1.9595989,Monocyte,E14S,transferred
5.490571,9.799427,B,E14S,transferred
-2.770664,3.5214458,Monocyte,E14S,transferred
0.39731956,1.5654924,Monocyte,E14S,transferred
-2.8073275,2.3549626,Il1b+ TAM,E14S,transferred
-0.8594653,1.2771974,Monocyte,E14S,transferred
-0.39660722,1.6297615,Monocyte,E14S,transferred
-0.40306222,0.14165796,Monocyte,E14S,transferred
3.2759645,12.365872,Regulatory CD8 T,E14S,transferred
-6.0587087,1.5100433,Spp1+ TAM,E14S,transferred
-0.49015263,-7.8004503,Neutrophil,E14S,transferred
1.1910814,-5.9627433,Neutrophil,E14S,transferred
-4.7823234,1.5269043,Il1b+ TAM,E14S,transferred
0.7291706,-8.766989,Neutrophil,E14S,transferred
-1.6593754,3.0672204,Resident Macrophage,E14S,transferred
-2.0434568,4.3203173,Resident Macrophage,E14S,transferred
-1.2890098,10.71712,Neutrophil,E14S,transferred
2.5485306,7.553969,mDC,E14S,transferred
-2.2544508,5.934134,Spp1+ TAM,E14S,transferred
-0.55585337,-7.915722,Neutrophil,E14S,transferred
-6.0767484,2.4719007,Il1b+ TAM,E14S,transferred
-2.823732,2.6798244,Monocyte,E14S,transferred
-2.978547,0.8589114,Spp1+ TAM,E14S,transferred
0.6558757,5.155992,B,E14S,transferred
-4.490909,3.3520916,C1qc+ TAM,E14S,transferred
0.7828869,-8.82768,Neutrophil,E14S,transferred
-3.602353,3.5546644,Monocyte,E14S,transferred
0.099669226,2.2554507,Monocyte,E14S,transferred
-0.5308746,1.9290556,Monocyte,E14S,transferred
18.27409,6.8691835,Hypoxic Tumor,E14S,transferred
-0.020976795,1.5152375,Monocyte,E14S,transferred
-2.9479277,4.6945763,Monocyte,E14S,transferred
0.101522885,4.6165633,cDC,E14S,transferred
-3.622893,4.7370963,Monocyte,E14S,transferred
-4.664678,3.430723,Resident Macrophage,E14S,transferred
-1.7830212,0.6946208,Monocyte,E14S,transferred
-3.8375092,1.3313816,Monocyte,E14S,transferred
-5.960879,0.5858653,Resident Macrophage,E14S,transferred
-5.2235007,3.677559,Il1b+ TAM,E14S,transferred
-2.254692,1.720015,Monocyte,E14S,transferred
3.1297305,12.236639,CD8 Terminally Exhausted,E14S,transferred
-4.5968704,5.748467,C1qc+ TAM,E14S,transferred
-2.0519073,4.935618,Resident Macrophage,E14S,transferred
-1.5371603,3.4498317,Resident Macrophage,E14S,transferred
-4.4340105,4.691784,Resident Macrophage,E14S,transferred
2.6679854,-7.7078586,Neutrophil,E14S,transferred
-1.5901723,2.638474,Il1b+ TAM,E14S,transferred
1.9421437,14.40466,Resident Macrophage,E14S,transferred
-4.17847,1.6623505,Il1b+ TAM,E14S,transferred
-0.6251665,-0.30226472,C1qc+ TAM,E14S,transferred
19.112747,6.8341374,Hypoxic Tumor,E14S,knn
1.3067529,13.879368,NK,E14S,transferred
-1.5936244,3.0926266,Monocyte,E14S,transferred
-6.507558,1.6235462,Spp1+ TAM,E14S,transferred
-4.712328,4.2920094,Monocyte,E14S,transferred
16.528454,7.1621323,Hypoxic Tumor,E14S,transferred
-3.3453975,3.8402467,Monocyte,E14S,transferred
-4.019074,5.0409575,C1qc+ TAM,E14S,transferred
-3.743318,3.1758554,Monocyte,E14S,transferred
2.2836866,7.269781,mDC,E14S,transferred
-1.6204208,2.3994987,Monocyte,E14S,transferred
-0.42271033,-0.10247165,Monocyte,E14S,transferred
-1.0701472,2.8115225,Monocyte,E14S,transferred
2.7396193,12.994906,NK T,E14S,transferred
-1.759538,2.3969743,Monocyte,E14S,transferred
-2.0847323,2.7029195,Monocyte,E14S,transferred
-5.416229,4.9632163,Resident Macrophage,E14S,transferred
16.521584,7.5660167,Hypoxic Tumor,E14S,transferred
0.26605478,1.4824266,Monocyte,E14S,transferred
2.5062082,13.616247,NK T,E14S,transferred
-6.539936,0.9654899,Spp1+ TAM,E14S,transferred
-0.22540064,2.4231632,Monocyte,E14S,transferred
-0.4462977,-0.19392793,Monocyte,E14S,transferred
-5.7662315,3.9648008,C1qc+ TAM,E14S,transferred
-0.4141527,1.0856398,Monocyte,E14S,transferred
2.5716462,15.45712,NK,E14S,transferred
-4.746289,4.8791056,Resident Macrophage,E14S,transferred
-0.7616311,2.982921,Resident Macrophage,E14S,transferred
-1.5229298,3.7690337,Resident Macrophage,E14S,transferred
0.841336,-8.900218,Neutrophil,E14S,transferred
1.7953141,6.445477,mDC,E14S,transferred
-0.79168695,3.5768023,Monocyte,E14S,transferred
-0.51018023,1.1115854,Monocyte,E14S,transferred
-2.4923265,2.9443116,Monocyte,E14S,transferred
-1.9063524,2.184171,Monocyte,E14S,transferred
5.4656906,9.820561,CD8 Terminally Exhausted,E14S,transferred
-5.220347,4.1480217,Resident Macrophage,E14S,transferred
-3.695413,3.5299037,Il1b+ TAM,E14S,transferred
-5.3537765,3.2765884,Resident Macrophage,E14S,transferred
-4.212567,1.0250382,Resident Macrophage,E14S,transferred
3.100723,12.329391,CD8 Terminally Exhausted,E14S,transferred
-6.4356256,3.466816,C1qc+ TAM,E14S,transferred
2.1457586,14.785684,NK,E14S,transferred
1.8239838,15.055711,NK,E14S,transferred
27.37861,3.7373946,Tumor,E14S,transferred
-4.2276764,1.2639314,Monocyte,E14S,transferred
-4.979828,3.8103614,Resident Macrophage,E14S,transferred
0.44547838,5.3082256,cDC,E14S,transferred
2.0739322,13.653208,NK T,E14S,transferred
-2.6978285,1.7861892,Il1b+ TAM,E14S,transferred
0.26087725,0.9453586,Monocyte,E14S,transferred
-5.432953,4.693629,Resident Macrophage,E14S,transferred
-3.9997816,1.9333446,Il1b+ TAM,E14S,transferred
-3.9068782,3.6543558,Il1b+ TAM,E14S,transferred
-0.910556,1.7528512,Monocyte,E14S,transferred
-0.3651525,1.050508,Resident Macrophage,E14S,transferred
-0.7038852,1.8833187,Monocyte,E14S,transferred
0.66990316,-6.064735,Neutrophil,E14S,transferred
3.4178684,12.839108,CD8 Terminally Exhausted,E14S,transferred
-3.9409568,2.9099028,Il1b+ TAM,E14S,transferred
-3.7133348,6.831041,Resident Macrophage,E14S,transferred
-4.5988426,5.3566074,C1qc+ TAM,E14S,transferred
16.78517,8.045052,Hypoxic Tumor,E14S,transferred
-5.110768,1.8054875,Resident Macrophage,E14S,transferred
2.4451978,15.001326,NK,E14S,transferred
-1.8922762,4.89802,Resident Macrophage,E14S,transferred
-2.8219306,2.4692128,Il1b+ TAM,E14S,transferred
0.48807305,-6.5428348,Neutrophil,E14S,transferred
-4.6447935,6.2947106,C1qc+ TAM,E14S,transferred
0.9396882,-5.5421352,Il1b+ TAM,E14S,transferred
-0.8590795,1.3811065,Monocyte,E14S,transferred
-0.069089286,-6.1336656,Monocyte,E14S,transferred
-4.7356834,5.7416286,C1qc+ TAM,E14S,transferred
2.5703287,15.27242,NK,E14S,transferred
2.3607695,13.618323,NK T,E14S,transferred
-5.553836,0.54952705,Spp1+ TAM,E14S,transferred
-4.0607553,1.8171029,Il1b+ TAM,E14S,transferred
2.4683275,15.253756,NK,E14S,transferred
0.9360282,5.445122,cDC,E14S,transferred
-1.9357572,3.8338428,Resident Macrophage,E14S,transferred
0.05487296,3.8710275,Monocyte,E14S,transferred
3.1213746,12.550576,Regulatory CD8 T,E14S,transferred
-4.463509,2.4838715,Il1b+ TAM,E14S,transferred
17.94578,10.753082,Stromal,E14S,transferred
-4.958706,3.147837,Il1b+ TAM,E14S,transferred
-2.6078713,3.0992432,Monocyte,E14S,transferred
-5.5091877,1.4834247,Spp1+ TAM,E14S,transferred
-6.8498015,4.0664015,Resident Macrophage,E14S,transferred
16.919712,7.7307687,Hypoxic Tumor,E14S,transferred
-3.2968953,1.24352,Il1b+ TAM,E14S,transferred
-2.5382109,1.2464637,Il1b+ TAM,E14S,transferred
-5.5153627,4.643095,C1qc+ TAM,E14S,transferred
-6.1691704,2.8911204,Il1b+ TAM,E14S,transferred
-6.3987184,4.474378,C1qc+ TAM,E14S,transferred
-4.363374,3.8186438,Il1b+ TAM,E14S,transferred
-1.7416766,3.2979622,Monocyte,E14S,transferred
-3.0752246,4.1439114,Monocyte,E14S,transferred
2.351989,7.420228,mDC,E14S,transferred
-4.1796665,0.3709219,Spp1+ TAM,E14S,transferred
0.006416709,5.0868115,B,E14S,transferred
0.24933062,-5.429479,Neutrophil,E14S,transferred
-5.2813025,3.0734587,Il1b+ TAM,E14S,transferred
-5.846365,3.0930011,Resident Macrophage,E14S,transferred
1.6259094,14.518807,NK,E14S,transferred
-6.311201,4.5198956,C1qc+ TAM,E14S,transferred
-4.369714,1.8085527,Il1b+ TAM,E14S,transferred
-2.6909895,3.512011,Monocyte,E14S,transferred
-1.9813738,2.9502032,Monocyte,E14S,transferred
-5.6399274,0.97221524,Spp1+ TAM,E14S,transferred
-5.474524,5.121793,C1qc+ TAM,E14S,transferred
0.56275225,-5.7268662,Neutrophil,E14S,transferred
3.0143232,12.14263,CD4 T,E14S,transferred
-3.713922,3.0456178,C1qc+ TAM,E14S,transferred
1.8992126,14.993115,NK,E14S,transferred
25.178425,3.9176443,Hypoxic Tumor,E14S,transferred
-0.036865093,-7.517888,Neutrophil,E14S,transferred
1.5753055,13.888716,NK,E14S,transferred
-0.6299199,4.2613816,cDC,E14S,transferred
-2.0080352,0.7993388,Monocyte,E14S,transferred
-0.32876664,-8.711825,Neutrophil,E14S,transferred
-4.6176715,2.787862,Resident Macrophage,E14S,transferred
-6.8126025,1.7177542,C1qc+ TAM,E14S,transferred
-1.8348157,2.5181963,Monocyte,E14S,transferred
-1.3549819,2.841713,Monocyte,E14S,transferred
3.126818,12.508661,CD8 Terminally Exhausted,E14S,transferred
-6.12397,2.9521766,Resident Macrophage,E14S,transferred
-2.3806498,1.8903822,Il1b+ TAM,E14S,transferred
1.770008,14.621799,NK,E14S,transferred
-1.2237811,2.5247922,Monocyte,E14S,transferred
1.348514,14.195124,Regulatory CD8 T,E14S,transferred
-4.7601337,1.2436037,Resident Macrophage,E14S,transferred
-5.0794287,5.377846,C1qc+ TAM,E14S,transferred
-5.759688,2.8510582,Resident Macrophage,E14S,transferred
3.354908,12.765659,CD8 Terminally Exhausted,E14S,transferred
-4.8102074,1.4916978,Spp1+ TAM,E14S,transferred
19.782488,7.9748926,Hypoxic Tumor,E14S,transferred
-2.885984,2.1350567,Il1b+ TAM,E14S,transferred
-2.2564335,3.4440148,Monocyte,E14S,transferred
-3.0990264,3.0590153,Monocyte,E14S,transferred
-3.9457738,2.9561067,Resident Macrophage,E14S,transferred
-5.7166147,4.422973,Resident Macrophage,E14S,transferred
-3.8318183,2.0763836,Spp1+ TAM,E14S,transferred
3.0757005,11.176482,CD8 Terminally Exhausted,E14S,transferred
-4.1250987,1.299451,Monocyte,E14S,transferred
0.057505194,5.1423707,Il1b+ TAM,E14S,transferred
1.993577,14.886456,NK,E14S,transferred
-4.127032,2.533601,Il1b+ TAM,E14S,transferred
-1.587342,4.5928135,Resident Macrophage,E14S,transferred
1.6123972,14.110279,NK,E14S,transferred
-0.06147658,-6.3511667,Neutrophil,E14S,transferred
-5.5316396,4.7221947,Resident Macrophage,E14S,transferred
-5.7665877,4.330108,Resident Macrophage,E14S,transferred
-4.1855454,4.85618,Il1b+ TAM,E14S,transferred
-4.839572,3.2145467,Il1b+ TAM,E14S,transferred
-3.6078274,2.7694411,Il1b+ TAM,E14S,transferred
-5.345543,5.11909,C1qc+ TAM,E14S,transferred
-1.7264661,2.5352383,Monocyte,E14S,transferred
-2.253274,2.9773576,Monocyte,E14S,transferred
1.8534249,13.570138,CD4 T,E14S,transferred
-5.6582646,1.1298617,Spp1+ TAM,E14S,transferred
-3.6821437,4.457858,Monocyte,E14S,transferred
-2.3906994,3.3467555,Monocyte,E14S,transferred
-0.44234616,0.0816772,Monocyte,E14S,transferred
-4.0696173,2.6012144,Il1b+ TAM,E14S,transferred
-5.608056,5.0703354,Resident Macrophage,E14S,transferred
3.127463,11.658423,CD8 Terminally Exhausted,E14S,transferred
-3.0644965,3.9336674,C1qc+ TAM,E14S,transferred
19.027628,6.926695,Hypoxic Tumor,E14S,transferred
-4.74379,4.0817432,Resident Macrophage,E14S,transferred
-3.289098,6.215027,C1qc+ TAM,E14S,transferred
3.4017231,12.927123,CD8 Terminally Exhausted,E14S,transferred
-5.1479044,4.489295,C1qc+ TAM,E14S,transferred
-5.0676827,4.548443,C1qc+ TAM,E14S,transferred
5.427797,9.852157,B,E14S,transferred
-4.891699,5.5059757,C1qc+ TAM,E14S,transferred
3.1113172,11.916152,CD8 Terminally Exhausted,E14S,transferred
-2.5555713,2.481778,Monocyte,E14S,transferred
-4.404533,0.41736528,Spp1+ TAM,E14S,transferred
-3.5518756,6.8186765,C1qc+ TAM,E14S,transferred
-1.8872133,2.6994364,Monocyte,E14S,transferred
-0.51281375,-0.38852602,Resident Macrophage,E14S,transferred
-2.8000343,3.3304155,Resident Macrophage,E14S,transferred
-4.87233,3.9295805,Resident Macrophage,E14S,transferred
2.5533826,15.5592575,NK,E14S,transferred
-2.9628608,3.6485558,Il1b+ TAM,E14S,transferred
-4.183909,5.4602776,C1qc+ TAM,E14S,transferred
-5.574875,4.4024806,C1qc+ TAM,E14S,transferred
-1.767078,3.7053688,Monocyte,E14S,transferred
-2.0070062,2.8349552,Monocyte,E14S,transferred
-4.8705473,0.80648303,Monocyte,E14S,transferred
2.3962107,-7.5764456,Neutrophil,E14S,transferred
1.8925437,14.476187,NK,E14S,transferred
-4.002606,2.5214205,Il1b+ TAM,E14S,transferred
-3.5609007,0.4170666,Spp1+ TAM,E14S,transferred
-3.9389026,4.6371217,C1qc+ TAM,E14S,transferred
1.8609663,-7.6171584,Neutrophil,E14S,transferred
0.46072933,-7.5779595,Neutrophil,E14S,transferred
-2.0903835,1.3694875,Monocyte,E14S,transferred
-5.1098704,4.5777297,Monocyte,E14S,transferred
-4.875403,3.4207413,Il1b+ TAM,E14S,transferred
-5.977244,3.9562354,Monocyte,E14S,transferred
-4.8151507,1.5741081,Spp1+ TAM,E14S,transferred
-5.305725,4.563192,Resident Macrophage,E14S,transferred
-4.15079,2.60727,Il1b+ TAM,E14S,transferred
-5.85281,4.3062797,Resident Macrophage,E14S,transferred
-1.0963695,1.7785336,Monocyte,E14S,transferred
-0.7603082,1.2129273,Monocyte,E14S,transferred
1.810324,6.7334833,mDC,E14S,transferred
-5.372386,2.1248965,Il1b+ TAM,E14S,transferred
-4.139009,5.494874,C1qc+ TAM,E14S,transferred
-2.1683514,1.1330355,Il1b+ TAM,E14S,transferred
-2.836843,2.8707633,Il1b+ TAM,E14S,transferred
-2.269321,3.755641,Resident Macrophage,E14S,transferred
1.8235642,13.899595,Resident Macrophage,E14S,transferred
-4.53779,4.69661,Il1b+ TAM,E14S,transferred
-1.8815786,3.0425594,Monocyte,E14S,transferred
-1.7433065,5.1136127,Resident Macrophage,E14S,transferred
-2.9421387,3.2230217,Monocyte,E14S,transferred
2.9109259,12.195782,CD4 T,E14S,transferred
-5.995324,2.808477,Il1b+ TAM,E14S,transferred
-0.95368093,2.739839,Monocyte,E14S,transferred
-2.4274044,2.735802,Monocyte,E14S,transferred
0.89017165,5.314877,cDC,E14S,transferred
-5.902664,1.8677284,Il1b+ TAM,E14S,transferred
-0.28672546,1.9437937,Monocyte,E14S,transferred
1.3372071,6.1837487,cDC,E14S,transferred
-3.0669436,5.1785235,Il1b+ TAM,E14S,transferred
-1.143387,2.608642,Resident Macrophage,E14S,transferred
-4.5973887,4.322992,Monocyte,E14S,transferred
26.889471,3.2569287,Tumor,E14S,transferred
2.3815446,7.205785,mDC,E14S,transferred
-1.7834947,0.8860375,Monocyte,E14S,transferred
16.456682,8.323206,Hypoxic Tumor,E14S,transferred
-2.2539136,1.5877582,Monocyte,E14S,transferred
-4.0233073,5.319129,Monocyte,E14S,transferred
16.546165,7.3295007,Hypoxic Tumor,E14S,transferred
18.391153,6.9909687,Hypoxic Tumor,E14S,transferred
-5.6021843,3.72075,Resident Macrophage,E14S,transferred
-4.68708,5.0677776,Resident Macrophage,E14S,transferred
-3.4848814,4.339853,Monocyte,E14S,transferred
-2.8616107,3.9247544,Monocyte,E14S,transferred
-4.6385984,2.3659785,Il1b+ TAM,E14S,transferred
-0.037271045,1.1294044,Monocyte,E14S,transferred
-0.024182696,0.3290524,Monocyte,E14S,transferred
-5.379868,2.209726,Il1b+ TAM,E14S,transferred
-4.4735155,5.3140626,Resident Macrophage,E14S,transferred
-6.4426794,1.2921895,Spp1+ TAM,E14S,transferred
-5.9465013,0.70057267,Spp1+ TAM,E14S,transferred
-2.954988,4.3326507,Il1b+ TAM,E14S,transferred
2.6551986,12.048866,Resident Macrophage,E14S,transferred
16.568558,7.1653304,Hypoxic Tumor,E14S,transferred
-0.8572807,2.518526,Monocyte,E14S,transferred
-5.99699,5.010307,C1qc+ TAM,E14S,transferred
-0.66434735,3.0153549,Monocyte,E14S,transferred
-3.808462,5.4732785,Il1b+ TAM,E14S,transferred
-4.176035,3.989244,Il1b+ TAM,E14S,transferred
0.5197584,4.961029,cDC,E14S,transferred
-3.4642105,3.434041,Monocyte,E14S,transferred
0.88661313,-8.348343,Neutrophil,E14S,transferred
-5.191954,5.3698745,C1qc+ TAM,E14S,transferred
-6.0539937,1.9492356,Resident Macrophage,E14S,transferred
-5.5648136,3.8191721,Il1b+ TAM,E14S,transferred
-3.550629,5.3804917,Il1b+ TAM,E14S,transferred
0.58428365,5.113537,cDC,E14S,transferred
-0.1454746,4.5386767,Il1b+ TAM,E14S,transferred
-5.05759,0.7174809,Spp1+ TAM,E14S,transferred
2.4899116,11.1955,Il1b+ TAM,E14S,transferred
2.3111327,15.388034,NK,E14S,transferred
0.35837767,-5.432951,Neutrophil,E14S,transferred
-2.8638775,1.7170395,Il1b+ TAM,E14S,transferred
-3.7298665,3.8706942,Monocyte,E14S,transferred
26.518955,4.8086576,Tumor,E14S,transferred
1.7866873,14.422061,NK,E14S,transferred
-0.9728737,1.4969424,Monocyte,E14S,transferred
-2.3083131,2.7123647,Il1b+ TAM,E14S,transferred
-4.728072,6.127493,C1qc+ TAM,E14S,transferred
0.5927199,-8.851585,Neutrophil,E14S,transferred
-3.2909882,2.7003324,Il1b+ TAM,E14S,transferred
-2.619688,2.1400926,Monocyte,E14S,transferred
-1.8838633,3.3838418,Monocyte,E14S,transferred
-2.8247745,4.171081,Monocyte,E14S,transferred
-6.6064343,3.3159847,C1qc+ TAM,E14S,transferred
-5.253165,2.3206832,Il1b+ TAM,E14S,transferred
-3.946106,3.7029936,Resident Macrophage,E14S,transferred
-0.43408626,2.1849446,Monocyte,E14S,transferred
-0.87952375,3.4792562,Monocyte,E14S,transferred
3.1647851,11.572729,Regulatory CD8 T,E14S,transferred
0.5385681,0.92751,Monocyte,E14S,transferred
3.2400196,12.518232,Regulatory CD8 T,E14S,transferred
1.3939737,-7.662376,Neutrophil,E14S,transferred
-5.7400284,3.558963,Resident Macrophage,E14S,transferred
-5.226516,1.7762759,Il1b+ TAM,E14S,transferred
16.519863,8.271629,Hypoxic Tumor,E14S,transferred
0.5197931,-7.6643596,Neutrophil,E14S,transferred
1.1983668,6.2356987,cDC,E14S,transferred
0.32302254,4.5394096,cDC,E14S,transferred
-3.3495827,4.317473,Monocyte,E14S,transferred
-2.0267246,2.1611676,Monocyte,E14S,transferred
-1.9651979,4.6432405,Resident Macrophage,E14S,transferred
0.569238,5.1922436,cDC,E14S,transferred
1.1640084,5.1213923,cDC,E14S,transferred
1.982556,-7.429797,Neutrophil,E14S,transferred
-3.1552737,6.236269,C1qc+ TAM,E14S,transferred
-3.7528229,1.069531,Spp1+ TAM,E14S,transferred
-2.710047,3.5652018,Monocyte,E14S,transferred
-2.9106283,2.048134,Il1b+ TAM,E14S,transferred
2.2356899,-7.287909,Neutrophil,E14S,transferred
2.5323975,7.541928,mDC,E14S,transferred
-2.9898868,1.3650017,Il1b+ TAM,E14S,transferred
-1.2601484,10.683543,B,E14S,transferred
-1.2306345,2.7687557,Monocyte,E14S,transferred
0.22095533,-7.789486,Neutrophil,E14S,transferred
2.679527,12.091439,CD4 T,E14S,transferred
3.159087,11.700304,CD4 T,E14S,transferred
-4.4754796,5.4828362,C1qc+ TAM,E14S,transferred
23.148909,5.7716255,Hypoxic Tumor,E14S,transferred
-5.699459,3.3704057,Resident Macrophage,E14S,transferred
-3.3088212,2.0764384,Il1b+ TAM,E14S,transferred
27.25408,4.9721246,Tumor,E14S,transferred
-1.5415871,1.5820304,Monocyte,E14S,transferred
23.317492,5.488789,Hypoxic Tumor,E14S,transferred
-5.9509306,4.95772,C1qc+ TAM,E14S,transferred
-4.304984,4.2207932,C1qc+ TAM,E14S,transferred
-4.6450534,2.9089048,Il1b+ TAM,E14S,transferred
2.6084967,7.410585,mDC,E14S,transferred
2.280889,15.175763,NK,E14S,transferred
-3.3311672,4.438113,Il1b+ TAM,E14S,transferred
1.5849775,6.345877,mDC,E14S,transferred
1.2362542,-7.7810874,Neutrophil,E14S,transferred
-0.42558086,1.2307851,Monocyte,E14S,transferred
-2.728076,2.7825465,Monocyte,E14S,transferred
-5.686375,4.244587,C1qc+ TAM,E14S,transferred
-3.256468,3.4632869,Il1b+ TAM,E14S,transferred
2.514817,15.570039,NK,E14S,transferred
17.096212,6.4312787,Hypoxic Tumor,E14S,transferred
0.86506677,5.743481,cDC,E14S,transferred
-4.6861854,4.0351133,Il1b+ TAM,E14S,transferred
-0.059190582,5.006336,Il1b+ TAM,E14S,transferred
-4.8409834,4.567782,Resident Macrophage,E14S,transferred
-0.15772794,2.0454285,Monocyte,E14S,transferred
0.5612963,-5.552792,Neutrophil,E14S,transferred
-5.2594786,5.761521,C1qc+ TAM,E14S,transferred
-6.275108,0.8223637,Spp1+ TAM,E14S,transferred
-6.034497,4.0146394,Resident Macrophage,E14S,transferred
16.529943,6.0576854,Hypoxic Tumor,E14S,knn
-5.5556393,0.8281394,Spp1+ TAM,E14S,transferred
-4.585437,2.7956336,Resident Macrophage,E14S,transferred
-0.793929,1.6626601,Monocyte,E14S,transferred
-0.659089,2.1946707,Monocyte,E14S,transferred
-1.8716806,0.7319436,Monocyte,E14S,transferred
2.1100612,15.18489,NK,E14S,transferred
-3.624172,4.803251,Monocyte,E14S,transferred
-1.1452527,3.2107093,Monocyte,E14S,transferred
3.0394287,12.724624,CD8 Terminally Exhausted,E14S,transferred
0.4099428,5.134643,cDC,E14S,transferred
2.4967513,15.460301,NK,E14S,transferred
16.512392,8.2373495,Hypoxic Tumor,E14S,transferred
19.570768,7.4864135,Hypoxic Tumor,E14S,transferred
-2.0091434,3.60771,Monocyte,E14S,transferred
24.859062,3.7711833,Tumor,E14S,transferred
-6.152287,1.1308428,Spp1+ TAM,E14S,transferred
0.480346,-5.8215356,Neutrophil,E14S,transferred
-3.3042858,1.9234518,Il1b+ TAM,E14S,transferred
-4.1680555,5.1482863,C1qc+ TAM,E14S,transferred
-3.3046973,1.4762417,Monocyte,E14S,transferred
2.9108717,-7.2915616,Neutrophil,E14S,transferred
-5.3181105,5.1913414,C1qc+ TAM,E14S,transferred
-5.971186,5.254387,C1qc+ TAM,E14S,transferred
0.42469332,-6.397319,Neutrophil,E14S,transferred
1.5230241,14.453257,NK,E14S,transferred
-0.8289344,-7.9178705,Neutrophil,E14S,transferred
-1.4699223,1.4068259,Monocyte,E14S,transferred
0.78320587,0.64210725,Monocyte,E14S,transferred
-3.0036798,5.3104935,C1qc+ TAM,E14S,transferred
1.4833808,7.0383496,mDC,E14S,transferred
16.668098,5.895539,Hypoxic Tumor,E14S,knn
-5.121375,3.4261713,Resident Macrophage,E14S,transferred
-6.7185135,1.4772562,Monocyte,E14S,transferred
0.8247506,-8.964067,Neutrophil,E14S,transferred
2.570788,7.600626,mDC,E14S,transferred
-5.9821277,0.7407231,Spp1+ TAM,E14S,transferred
0.11064259,0.66099,Monocyte,E14S,transferred
-4.6507907,4.462676,Resident Macrophage,E14S,transferred
23.459898,5.2493434,Hypoxic Tumor,E14S,transferred
-2.0626445,1.1174766,Monocyte,E14S,transferred
-3.0930438,2.334344,Monocyte,E14S,transferred
-5.6507063,3.520268,Resident Macrophage,E14S,transferred
1.2025685,4.990227,cDC,E14S,transferred
0.4445756,-6.177728,Neutrophil,E14S,transferred
-2.4360523,4.225679,Il1b+ TAM,E14S,transferred
-0.13511547,-7.5191326,Neutrophil,E14S,transferred
-3.805696,4.179795,Il1b+ TAM,E14S,transferred
-1.915855,5.0160356,Resident Macrophage,E14S,transferred
2.1781962,14.881066,NK,E14S,transferred
-6.0729585,4.551714,Resident Macrophage,E14S,transferred
19.492516,7.462144,Hypoxic Tumor,E14S,transferred
-1.7687451,3.87769,Resident Macrophage,E14S,transferred
0.51302224,-7.34341,Neutrophil,E14S,transferred
-4.029866,4.842322,Il1b+ TAM,E14S,transferred
-0.6407369,2.7524433,Monocyte,E14S,transferred
-2.9799662,3.9549322,C1qc+ TAM,E14S,transferred
-0.87134427,2.376139,Monocyte,E14S,transferred
-3.584083,5.1573668,C1qc+ TAM,E14S,transferred
-1.2759312,10.693828,B,E14S,transferred
-0.67881924,0.9133818,Monocyte,E14S,transferred
-5.7693634,5.2337084,C1qc+ TAM,E14S,transferred
0.98199594,5.6367126,cDC,E14S,transferred
-3.6925743,3.9651113,Monocyte,E14S,transferred
-3.750767,3.7243032,Il1b+ TAM,E14S,transferred
-4.6803546,4.275431,Resident Macrophage,E14S,transferred
-1.6743854,2.1363013,Monocyte,E14S,transferred
2.0615914,-8.901639,Neutrophil,E14S,transferred
-3.906834,4.657004,Il1b+ TAM,E14S,transferred
-3.7114925,4.5481944,Monocyte,E14S,transferred
-1.7199596,3.4791327,Monocyte,E14S,transferred
1.5966765,14.255661,NK,E14S,transferred
0.48996642,-6.174433,Neutrophil,E14S,transferred
-4.6438794,2.2975597,Il1b+ TAM,E14S,transferred
-5.7739954,5.646398,C1qc+ TAM,E14S,transferred
-5.715084,1.952233,Il1b+ TAM,E14S,transferred
1.3850777,14.140025,NK,E14S,transferred
16.54059,7.2467713,Hypoxic Tumor,E14S,transferred
0.0686182,4.9840426,cDC,E14S,transferred
16.326128,8.69099,Hypoxic Tumor,E14S,transferred
-5.843688,2.5218103,Resident Macrophage,E14S,transferred
0.78927165,5.975787,mDC,E14S,transferred
-0.4628777,2.72449,Monocyte,E14S,transferred
-5.6312356,3.744014,Resident Macrophage,E14S,transferred
-5.336386,3.5998333,Resident Macrophage,E14S,transferred
2.6184614,15.303997,NK,E14S,transferred
2.6033878,7.611883,mDC,E14S,transferred
3.2933767,12.44378,CD8 Terminally Exhausted,E14S,transferred
-5.131412,1.2550937,Spp1+ TAM,E14S,transferred
-2.4624016,2.0882018,Monocyte,E14S,transferred
-6.3772526,2.6038277,Resident Macrophage,E14S,transferred
24.520391,5.8166523,Hypoxic Tumor,E14S,transferred
-1.6368862,4.614896,Il1b+ TAM,E14S,transferred
1.4443727,-8.112806,Neutrophil,E14S,transferred
-5.099166,5.656556,Resident Macrophage,E14S,transferred
-6.463489,1.3887649,Spp1+ TAM,E14S,transferred
-1.2094408,1.0868993,Monocyte,E14S,transferred
0.6041694,-5.9430676,Neutrophil,E14S,transferred
-3.7465405,2.7524736,Il1b+ TAM,E14S,transferred
1.5568954,13.633831,NK,E14S,transferred
0.87945896,-8.475728,Neutrophil,E14S,transferred
-4.9706416,4.054737,Il1b+ TAM,E14S,transferred
-5.4826746,1.1963187,Spp1+ TAM,E14S,transferred
-1.5344139,4.9153686,Resident Macrophage,E14S,transferred
-1.6965464,2.206552,Resident Macrophage,E14S,transferred
-0.40196383,-7.7823596,Neutrophil,E14S,transferred
-5.308763,3.3886323,Il1b+ TAM,E14S,transferred
-1.725744,0.5041335,Il1b+ TAM,E14S,transferred
-0.52666366,2.649868,Monocyte,E14S,transferred
-2.3110461,3.2606356,Monocyte,E14S,transferred
-2.5426185,3.3471978,Monocyte,E14S,transferred
22.619564,3.972769,Hypoxic Tumor,E14S,transferred
1.1675782,-6.048321,Neutrophil,E14S,transferred
-6.4855065,3.5825121,Il1b+ TAM,E14S,transferred
-4.89571,3.5593488,Resident Macrophage,E14S,transferred
2.4938982,7.590491,mDC,E14S,transferred
0.3114885,-8.424103,Neutrophil,E14S,transferred
22.509642,4.2236085,Hypoxic Tumor,E14S,transferred
2.4290192,15.419926,NK,E14S,transferred
0.32490817,5.4119134,cDC,E14S,transferred
2.115378,14.931332,NK,E14S,transferred
0.3302901,1.4593658,Monocyte,E14S,transferred
-4.27913,4.3907194,Monocyte,E14S,transferred
0.5913658,-5.801711,Neutrophil,E14S,transferred
-0.31456074,0.76211524,Monocyte,E14S,transferred
-2.9172378,4.648452,Monocyte,E14S,transferred
-1.0499474,3.0453565,Monocyte,E14S,transferred
0.06609677,1.2206799,Monocyte,E14S,transferred
-3.785679,5.560231,C1qc+ TAM,E14S,transferred
2.056676,6.6823688,mDC,E14S,transferred
-2.8696234,3.0751276,Spp1+ TAM,E14S,transferred
-1.9785086,2.0178032,Monocyte,E14S,transferred
1.157728,5.012286,cDC,E14S,transferred
16.460049,7.529525,Hypoxic Tumor,E14S,transferred
-1.2852676,10.714461,Neutrophil,E14S,transferred
-4.201317,1.6821067,Monocyte,E14S,transferred
3.2195346,12.175018,CD8 Terminally Exhausted,E14S,transferred
-0.86174935,-8.156194,Neutrophil,E14S,transferred
-3.504578,4.338066,Monocyte,E14S,transferred
3.1940858,13.091212,CD8 Terminally Exhausted,E14S,transferred
16.38444,6.828866,Hypoxic Tumor,E14S,transferred
16.762684,7.504338,Hypoxic Tumor,E14S,transferred
3.2281425,12.124066,CD8 Terminally Exhausted,E14S,transferred
2.2099364,-9.220522,Neutrophil,E14S,transferred
2.4504523,7.2468367,mDC,E14S,transferred
-4.9628115,4.695187,C1qc+ TAM,E14S,transferred
2.9979663,11.337042,CD8 Terminally Exhausted,E14S,transferred
-6.9391184,3.866606,C1qc+ TAM,E14S,transferred
-1.5250468,2.713149,Monocyte,E14S,transferred
17.864029,7.8827224,Hypoxic Tumor,E14S,transferred
-5.5755334,2.993023,Resident Macrophage,E14S,transferred
-5.5887823,3.5902667,Il1b+ TAM,E14S,transferred
2.1159725,14.513116,NK,E14S,transferred
-0.30390227,5.361747,cDC,E14S,transferred
25.716858,3.9067109,Tumor,E14S,transferred
-6.5147643,1.3873047,Spp1+ TAM,E14S,transferred
2.7809985,12.493534,cDC,E14S,transferred
-3.3689387,2.1190982,Il1b+ TAM,E14S,transferred
-1.3291671,2.4617214,Monocyte,E14S,transferred
0.47048265,5.048002,cDC,E14S,transferred
-6.6192975,1.0156753,Resident Macrophage,E14S,transferred
25.77567,4.291501,Tumor,E14S,transferred
-5.7151494,3.6561093,Resident Macrophage,E14S,transferred
-3.545242,2.8935487,Il1b+ TAM,E14S,transferred
-4.7915277,4.9906745,C1qc+ TAM,E14S,transferred
1.3669679,14.02725,NK,E14S,transferred
-0.7227516,2.413016,Monocyte,E14S,transferred
-4.6790795,0.9917556,Spp1+ TAM,E14S,transferred
-3.0359979,5.062422,Monocyte,E14S,transferred
-1.296261,10.731242,B,E14S,transferred
0.029899467,-6.816927,Neutrophil,E14S,transferred
2.0570323,6.732419,mDC,E14S,transferred
-3.5236063,2.272107,Il1b+ TAM,E14S,transferred
-2.0722635,3.928086,Resident Macrophage,E14S,transferred
-5.9500437,5.2416663,Resident Macrophage,E14S,transferred
-3.916239,4.963672,Monocyte,E14S,transferred
-0.36988458,3.8142688,Monocyte,E14S,transferred
-1.923356,3.5242686,Monocyte,E14S,transferred
-4.8572526,1.1918862,Spp1+ TAM,E14S,transferred
-2.1331217,6.0285106,Spp1+ TAM,E14S,transferred
-6.2941265,3.142339,Resident Macrophage,E14S,transferred
-1.4505458,4.800708,Resident Macrophage,E14S,transferred
16.38844,8.199808,Hypoxic Tumor,E14S,transferred
-0.9391951,3.6642587,Monocyte,E14S,transferred
24.809765,5.9782853,Tumor,E14S,transferred
-3.645034,3.1367416,Il1b+ TAM,E14S,transferred
-1.420308,2.5716975,Monocyte,E14S,transferred
-1.139087,2.2642605,Monocyte,E14S,transferred
3.1578908,13.059183,CD8 Exhausted Proliferating,E14S,transferred
26.170698,2.8556077,Hypoxic Tumor,E14S,transferred
-4.217591,4.0450115,C1qc+ TAM,E14S,transferred
0.34682572,-6.188506,Neutrophil,E14S,transferred
-1.9017652,2.9457211,Monocyte,E14S,transferred
-0.69436425,-0.07931017,Resident Macrophage,E14S,transferred
-5.2811365,3.562844,Resident Macrophage,E14S,transferred
1.2625136,13.682747,NK,E14S,transferred
-6.404501,4.467299,Resident Macrophage,E14S,transferred
-2.5185697,2.769981,Monocyte,E14S,transferred
16.661978,6.2145376,Hypoxic Tumor,E14S,transferred
1.270851,-8.913379,Neutrophil,E14S,transferred
2.061398,7.199166,mDC,E14S,transferred
-4.7687984,2.2471442,Il1b+ TAM,E14S,transferred
-3.6651707,4.990631,Il1b+ TAM,E14S,transferred
-5.736371,1.109951,Spp1+ TAM,E14S,transferred
-4.0747805,1.9716797,Il1b+ TAM,E14S,transferred
2.0608997,-9.071262,Neutrophil,E14S,transferred
-0.078587145,-6.9982924,Neutrophil,E14S,transferred
-5.74348,5.0553265,Resident Macrophage,E14S,transferred
0.63775,-5.9831586,Neutrophil,E14S,transferred
-5.915489,2.9273098,Resident Macrophage,E14S,transferred
-4.662441,3.9936886,Il1b+ TAM,E14S,transferred
-6.0839586,5.3154345,Resident Macrophage,E14S,transferred
-0.7556016,2.9375243,Monocyte,E14S,transferred
-2.365584,3.1535227,Monocyte,E14S,transferred
-5.510768,3.9536004,Monocyte,E14S,transferred
-5.394453,4.070057,Resident Macrophage,E14S,transferred
-3.2123926,1.4298168,Il1b+ TAM,E14S,transferred
-3.5158858,5.686365,Monocyte,E14S,transferred
16.918806,5.9659314,Hypoxic Tumor,E14S,transferred
-1.0257299,2.3416336,Monocyte,E14S,transferred
2.7901597,11.317839,Monocyte,E14S,transferred
0.10283556,-8.68092,Neutrophil,E14S,transferred
3.246662,12.662977,CD8 Terminally Exhausted,E14S,transferred
-0.595877,2.4899473,Monocyte,E14S,transferred
-3.1127174,5.5255423,Il1b+ TAM,E14S,transferred
-5.008211,2.3928816,Il1b+ TAM,E14S,transferred
-1.4833744,2.3850183,Resident Macrophage,E14S,transferred
-2.4539213,4.6235538,Resident Macrophage,E14S,transferred
2.241778,-9.248032,Neutrophil,E14S,transferred
2.3223536,10.659716,CD8 Terminally Exhausted,E14S,transferred
-2.7270224,2.1974392,Monocyte,E14S,transferred
-5.6490974,3.6585333,Resident Macrophage,E14S,transferred
2.4231684,13.595953,Resident Macrophage,E14S,transferred
3.1775718,12.269603,CD8 Exhausted Proliferating,E14S,transferred
1.1532176,-8.639605,Neutrophil,E14S,transferred
-5.294557,0.6626864,Spp1+ TAM,E14S,transferred
-4.1356854,4.399581,Resident Macrophage,E14S,transferred
-3.0997162,4.3221674,Il1b+ TAM,E14S,transferred
-5.7318764,2.3741033,Il1b+ TAM,E14S,transferred
-4.085321,3.3841677,Resident Macrophage,E14S,transferred
23.594374,5.787205,Hypoxic Tumor,E14S,transferred
-0.9369297,2.0092545,Monocyte,E14S,transferred
-0.16445532,1.328595,Monocyte,E14S,transferred
0.5480603,-8.001269,Neutrophil,E14S,transferred
-0.8356017,1.466272,Monocyte,E14S,transferred
-4.2337875,2.9133382,Il1b+ TAM,E14S,transferred
0.78227466,-8.265688,Neutrophil,E14S,transferred
-4.06366,5.048752,C1qc+ TAM,E14S,transferred
-4.8675766,2.5851064,Il1b+ TAM,E14S,transferred
0.29801056,-5.7219667,Neutrophil,E14S,transferred
-4.7911277,5.204539,C1qc+ TAM,E14S,transferred
0.4484508,-5.595199,Neutrophil,E14S,transferred
18.664196,7.092984,Hypoxic Tumor,E14S,transferred
23.133766,4.866623,Hypoxic Tumor,E14S,transferred
-0.87849516,3.0627594,Resident Macrophage,E14S,transferred
2.0956361,7.3037653,mDC,E14S,transferred
0.4418008,0.84760404,Monocyte,E14S,transferred
-0.5371432,0.27925795,Monocyte,E14S,transferred
-1.2855104,2.4977217,Monocyte,E14S,transferred
-4.7698007,2.5849833,Il1b+ TAM,E14S,transferred
-3.8397012,2.1933777,Il1b+ TAM,E14S,transferred
-0.038380783,0.4445328,Monocyte,E14S,transferred
-6.2687845,2.5661983,Il1b+ TAM,E14S,transferred
24.964434,3.317307,Tumor,E14S,transferred
-4.405349,3.0940263,Resident Macrophage,E14S,transferred
17.749271,7.9125137,Hypoxic Tumor,E14S,transferred
-2.1636646,1.2308571,Monocyte,E14S,transferred
-5.41361,2.9629273,Resident Macrophage,E14S,transferred
-5.563558,2.8882563,Il1b+ TAM,E14S,transferred
-0.8904806,0.5638784,Monocyte,E14S,transferred
-1.8777874,1.2889522,Monocyte,E14S,transferred
1.1760832,-6.881889,Neutrophil,E14S,transferred
-5.6909823,2.8504393,Il1b+ TAM,E14S,transferred
-6.1260633,3.5229075,Il1b+ TAM,E14S,transferred
-1.1637918,3.2501948,Monocyte,E14S,transferred
1.5395613,14.088968,CD8 Exhausted Proliferating,E14S,transferred
-6.281942,4.206789,Monocyte,E14S,transferred
-4.3810134,4.9469266,C1qc+ TAM,E14S,transferred
-4.501137,2.5264037,Il1b+ TAM,E14S,transferred
0.25759736,4.985203,cDC,E14S,transferred
3.367336,12.855891,Regulatory CD8 T,E14S,transferred
-5.7691116,3.5365925,Resident Macrophage,E14S,transferred
-4.704122,3.4316971,Monocyte,E14S,transferred
2.1253815,-8.925607,Neutrophil,E14S,transferred
-6.054054,3.1898482,Resident Macrophage,E14S,transferred
-3.7269235,1.9556594,Spp1+ TAM,E14S,transferred
-5.6736526,0.97164047,Spp1+ TAM,E14S,transferred
-5.7971416,3.211074,C1qc+ TAM,E14S,transferred
0.43791696,0.5476198,Monocyte,E14S,transferred
16.72789,6.312839,Hypoxic Tumor,E14S,knn
-0.7136993,2.1776915,Monocyte,E14S,transferred
0.4364012,0.9667531,Monocyte,E14S,transferred
-6.053271,3.0949388,Il1b+ TAM,E14S,transferred
-3.0198855,5.9278746,C1qc+ TAM,E14S,transferred
-6.6027565,2.4189808,C1qc+ TAM,E14S,transferred
-3.5256822,4.7320027,C1qc+ TAM,E14S,transferred
3.2403917,13.076655,CD8 Terminally Exhausted,E14S,transferred
-0.5675722,1.0369287,Monocyte,E14S,transferred
-0.08996099,4.788011,cDC,E14S,transferred
-5.6208916,1.8577622,Il1b+ TAM,E14S,transferred
-4.1850953,4.1163177,Il1b+ TAM,E14S,transferred
-1.0361651,2.582886,Monocyte,E14S,transferred
16.378807,7.091169,Hypoxic Tumor,E14S,transferred
-2.025067,4.4957056,Resident Macrophage,E14S,transferred
-3.5676632,1.5397242,Monocyte,E14S,transferred
16.683506,6.2386627,Hypoxic Tumor,E14S,transferred
-3.948157,2.0580192,Il1b+ TAM,E14S,transferred
3.0154974,-7.2257957,Neutrophil,E14S,transferred
0.5605167,-8.8268175,Neutrophil,E14S,transferred
3.0445979,11.532936,CD8 Exhausted Proliferating,E14S,transferred
2.4457433,13.580335,NK T,E14S,transferred
-5.4851236,2.458687,Il1b+ TAM,E14S,transferred
0.45981443,-5.975196,Neutrophil,E14S,transferred
1.2053686,-8.961731,Neutrophil,E14S,transferred
-5.8393393,3.0680857,Resident Macrophage,E14S,transferred
-5.4713054,3.980408,C1qc+ TAM,E14S,transferred
-2.5677073,3.3306286,Spp1+ TAM,E14S,transferred
-3.647951,2.6145194,Il1b+ TAM,E14S,transferred
-3.0708134,3.2455313,Monocyte,E14S,transferred
-5.378704,4.434752,Resident Macrophage,E14S,transferred
-3.7004268,4.9749246,Il1b+ TAM,E14S,transferred
-0.7015279,1.5850502,Monocyte,E14S,transferred
-4.640903,3.25426,Il1b+ TAM,E14S,transferred
-0.88145965,2.6757,Monocyte,E14S,transferred
-2.427317,0.8838512,Il1b+ TAM,E14S,transferred
-1.7385037,1.7985691,Monocyte,E14S,transferred
2.397957,13.801025,CD8 Terminally Exhausted,E14S,transferred
-3.2955892,4.6338935,Il1b+ TAM,E14S,transferred
-2.649177,4.042864,Monocyte,E14S,transferred
-0.7732222,0.97454,Monocyte,E14S,transferred
-6.0067534,1.592213,Spp1+ TAM,E14S,transferred
25.692595,3.2826648,Tumor,E14S,transferred
-3.7326555,5.412775,C1qc+ TAM,E14S,transferred
-3.267633,2.4710834,Il1b+ TAM,E14S,transferred
1.0948027,6.0972204,cDC,E14S,transferred
-0.72918606,2.493652,Monocyte,E14S,transferred
-1.0339149,0.12962754,Monocyte,E14S,transferred
0.3311666,4.8001394,cDC,E14S,transferred
-2.1244354,3.142114,Monocyte,E14S,transferred
-4.5737543,4.2927966,Il1b+ TAM,E14S,transferred
-4.572219,3.1283457,Il1b+ TAM,E14S,transferred
-0.6807566,1.6702754,Monocyte,E14S,transferred
-1.2954094,3.2108357,Monocyte,E14S,transferred
-0.87550163,2.5598567,Monocyte,E14S,transferred
-4.2683644,2.6477273,Il1b+ TAM,E14S,transferred
18.523985,7.337619,Hypoxic Tumor,E14S,transferred
1.336807,-8.621283,Neutrophil,E14S,transferred
-0.91944844,-0.00012887306,Monocyte,E14S,transferred
-5.7788854,3.3766983,Resident Macrophage,E14S,transferred
2.6845262,11.312554,Il1b+ TAM,E14S,transferred
-5.139379,3.0686083,Il1b+ TAM,E14S,transferred
2.2422059,-9.374259,Neutrophil,E14S,transferred
-3.802799,4.495749,Il1b+ TAM,E14S,transferred
-5.794489,4.4533935,C1qc+ TAM,E14S,transferred
17.344692,7.5190983,Hypoxic Tumor,E14S,transferred
-1.6139557,4.02122,Il1b+ TAM,E14S,transferred
-5.3170075,5.2976604,C1qc+ TAM,E14S,transferred
-4.2583156,1.8623842,Il1b+ TAM,E14S,transferred
3.1662438,13.224331,CD8 Exhausted Proliferating,E14S,transferred
0.006249872,1.4347943,Monocyte,E14S,transferred
16.568468,8.014019,Hypoxic Tumor,E14S,transferred
-3.294637,1.4137962,Il1b+ TAM,E14S,transferred
-4.1706815,4.868986,Il1b+ TAM,E14S,transferred
16.919395,6.245073,Hypoxic Tumor,E14S,transferred
3.3403063,12.831743,Regulatory CD8 T,E14S,transferred
-2.2532086,4.97854,Resident Macrophage,E14S,transferred
-3.747734,4.296943,Monocyte,E14S,transferred
-2.1024885,1.7465796,Monocyte,E14S,transferred
-5.1903954,2.799014,Resident Macrophage,E14S,transferred
26.308258,4.673579,Tumor,E14S,transferred
1.6398686,-7.951256,Neutrophil,E14S,transferred
-0.5763949,2.8459187,Monocyte,E14S,transferred
0.31104663,-7.841731,Neutrophil,E14S,transferred
-6.411707,3.1539052,C1qc+ TAM,E14S,transferred
0.22470531,-7.610543,Neutrophil,E14S,transferred
1.7443852,14.255472,Resident Macrophage,E14S,transferred
-5.3630867,2.5030222,Spp1+ TAM,E14S,transferred
-2.250564,1.9290706,Monocyte,E14S,transferred
-4.06965,2.8216286,Resident Macrophage,E14S,transferred
0.9376339,-7.7745457,Neutrophil,E14S,transferred
1.0600499,-8.007886,Neutrophil,E14S,transferred
3.4056964,12.79654,CD8 Terminally Exhausted,E14S,transferred
1.3094244,13.960283,NK,E14S,transferred
-2.2591481,1.4513946,Monocyte,E14S,transferred
-2.3168058,2.451744,Monocyte,E14S,transferred
-5.854215,3.1150417,Resident Macrophage,E14S,transferred
-1.1457316,2.2365193,Monocyte,E14S,transferred
-5.8307185,1.8688365,Spp1+ TAM,E14S,transferred
-4.1015124,5.5539026,Resident Macrophage,E14S,transferred
-4.840295,3.4695282,Il1b+ TAM,E14S,transferred
-4.4876366,5.5188475,C1qc+ TAM,E14S,transferred
-6.0712247,5.1392355,Resident Macrophage,E14S,transferred
-2.2392914,4.071466,Resident Macrophage,E14S,transferred
-3.717755,6.0031757,Monocyte,E14S,transferred
-5.5895295,5.0597916,Resident Macrophage,E14S,transferred
2.160112,-6.680431,Neutrophil,E14S,transferred
1.448368,6.727458,mDC,E14S,transferred
-0.20781618,1.9706085,Monocyte,E14S,transferred
17.012669,10.703891,Stromal,E14S,transferred
-3.3591151,6.5539036,C1qc+ TAM,E14S,transferred
-3.3026965,4.435803,C1qc+ TAM,E14S,transferred
-3.9257836,4.3141165,Monocyte,E14S,transferred
-5.7108626,2.7947478,Il1b+ TAM,E14S,transferred
1.261741,13.804644,NK,E14S,transferred
2.8342297,11.246261,Monocyte,E14S,transferred
-0.9589628,3.1844501,Monocyte,E14S,transferred
-2.9539578,2.5128987,Il1b+ TAM,E14S,transferred
-6.391472,4.0907145,Resident Macrophage,E14S,transferred
-3.4888754,4.0737925,Monocyte,E14S,transferred
-4.601957,2.460239,Il1b+ TAM,E14S,transferred
-1.8887587,4.90551,Resident Macrophage,E14S,transferred
-5.095289,3.7644973,Il1b+ TAM,E14S,transferred
-4.695884,4.7895346,C1qc+ TAM,E14S,transferred
-3.2677016,4.9224815,C1qc+ TAM,E14S,transferred
-5.4935417,1.3700264,Spp1+ TAM,E14S,transferred
-2.9333482,1.5708611,Monocyte,E14S,transferred
2.802178,11.439966,mDC,E14S,transferred
-0.8988592,1.3932605,Monocyte,E14S,transferred
-1.5258784,0.7452967,Monocyte,E14S,transferred
1.4462293,-8.537851,Neutrophil,E14S,transferred
16.405827,8.155375,Hypoxic Tumor,E14S,transferred
-0.6753714,-0.2684081,Resident Macrophage,E14S,transferred
3.2903697,12.478259,CD8 Terminally Exhausted,E14S,transferred
-1.6197594,5.0179324,Resident Macrophage,E14S,transferred
-3.218473,6.010217,C1qc+ TAM,E14S,transferred
-3.3734953,2.0572925,Il1b+ TAM,E14S,transferred
-3.5646448,6.8273544,C1qc+ TAM,E14S,transferred
-2.4419427,0.9034238,Il1b+ TAM,E14S,transferred
-4.075594,2.8166196,Il1b+ TAM,E14S,transferred
-2.6434598,2.06711,Monocyte,E14S,transferred
16.63489,5.8896303,Hypoxic Tumor,E14S,knn
-5.277852,0.6647,Spp1+ TAM,E14S,transferred
-2.8852248,1.2440488,Il1b+ TAM,E14S,transferred
-0.90680075,2.9276178,Monocyte,E14S,transferred
2.0275416,6.6521764,mDC,E14S,transferred
0.3433911,0.9891033,Monocyte,E14S,transferred
-6.110437,1.5390067,Resident Macrophage,E14S,transferred
-2.5077581,2.8751183,Il1b+ TAM,E14S,transferred
1.4603649,14.444993,NK,E14S,transferred
16.749449,7.854826,Hypoxic Tumor,E14S,transferred
2.2634482,7.2634115,mDC,E14S,transferred
22.725523,4.106954,C1qc+ TAM,E14S,transferred
-1.6334306,4.321339,Monocyte,E14S,transferred
-6.60528,2.5609267,Il1b+ TAM,E14S,transferred
-6.2172213,1.5890012,Spp1+ TAM,E14S,transferred
-5.220785,2.0077727,Il1b+ TAM,E14S,transferred
-0.014519456,-6.1164045,Neutrophil,E14S,transferred
-0.61178744,1.1795961,Monocyte,E14S,transferred
-1.5563784,2.8315089,Monocyte,E14S,transferred
-0.40642,4.618396,cDC,E14S,transferred
-6.3022857,3.24022,C1qc+ TAM,E14S,transferred
-5.543715,4.087284,Resident Macrophage,E14S,transferred
-3.470464,6.742682,C1qc+ TAM,E14S,transferred
-4.381046,3.1574724,Il1b+ TAM,E14S,transferred
-3.0566688,2.0697749,Il1b+ TAM,E14S,transferred
0.62113667,-6.437377,Neutrophil,E14S,transferred
-3.9246771,2.9567142,Il1b+ TAM,E14S,transferred
24.59724,5.9387875,Hypoxic Tumor,E14S,transferred
-1.9014922,3.29018,Monocyte,E14S,transferred
-2.836949,4.001406,Monocyte,E14S,transferred
-2.0807528,0.65147,Monocyte,E14S,transferred
-0.49722433,2.6135075,Monocyte,E14S,transferred
-3.677841,6.5992193,C1qc+ TAM,E14S,transferred
-4.86198,1.8476967,Il1b+ TAM,E14S,transferred
2.3620574,13.49282,NK T,E14S,transferred
-4.405849,1.7148637,Il1b+ TAM,E14S,transferred
-0.2963446,1.3132514,Monocyte,E14S,transferred
26.083342,5.204057,Tumor,E14S,transferred
2.0747838,-8.011584,Neutrophil,E14S,transferred
-1.097668,2.1081564,Monocyte,E14S,transferred
1.9830917,6.682058,mDC,E14S,transferred
3.4564922,12.03004,Regulatory CD8 T,E14S,transferred
0.004429027,4.1164417,Monocyte,E14S,transferred
-5.9145617,4.8598566,C1qc+ TAM,E14S,transferred
-4.0975633,4.8936543,C1qc+ TAM,E14S,transferred
-4.9560866,2.2159479,Il1b+ TAM,E14S,transferred
-5.0687294,2.9135911,Il1b+ TAM,E14S,transferred
-3.1125755,5.1644874,Resident Macrophage,E14S,transferred
1.9038512,15.085627,NK,E14S,transferred
-6.039785,2.7738,Il1b+ TAM,E14S,transferred
-2.9358702,4.254711,Monocyte,E14S,transferred
-5.820567,1.548161,Spp1+ TAM,E14S,transferred
-5.2556324,1.9795835,Il1b+ TAM,E14S,transferred
-2.2608273,5.4277782,Resident Macrophage,E14S,transferred
-3.4409277,2.3296297,Il1b+ TAM,E14S,transferred
-5.434233,2.0990021,Spp1+ TAM,E14S,transferred
2.1740348,13.512083,NK T,E14S,transferred
-5.203875,4.259723,C1qc+ TAM,E14S,transferred
16.372595,7.792665,Hypoxic Tumor,E14S,transferred
2.9941592,-6.9648676,Neutrophil,E14S,transferred
-3.1959176,4.297748,C1qc+ TAM,E14S,transferred
-1.0717677,4.6018476,Monocyte,E14S,transferred
-4.0567775,6.4776793,Resident Macrophage,E14S,transferred
2.4933448,7.3989234,mDC,E14S,transferred
-5.37545,5.39151,C1qc+ TAM,E14S,transferred
-6.186268,2.9274397,Il1b+ TAM,E14S,transferred
0.94598526,-8.282357,Neutrophil,E14S,transferred
2.9408739,12.559362,CD8 Terminally Exhausted,E14S,transferred
-1.4064221,1.2489781,Monocyte,E14S,transferred
-2.1091151,1.6162454,Il1b+ TAM,E14S,transferred
23.32166,5.3929143,Hypoxic Tumor,E14S,transferred
-5.3274813,4.6655965,C1qc+ TAM,E14S,transferred
-3.2043688,3.4153187,Monocyte,E14S,transferred
-4.19668,2.9816437,Il1b+ TAM,E14S,transferred
-5.2601676,2.7096503,Il1b+ TAM,E14S,transferred
-1.4440039,0.4693711,Spp1+ TAM,E14S,transferred
-6.0483785,4.2208424,Il1b+ TAM,E14S,transferred
-3.0594442,0.6590361,Spp1+ TAM,E14S,transferred
0.642453,-5.75614,Neutrophil,E14S,transferred
-0.39444995,2.0191085,Monocyte,E14S,transferred
3.159415,12.841506,CD8 Terminally Exhausted,E14S,transferred
26.040968,5.059633,Tumor,E14S,transferred
-2.9809551,3.190123,Il1b+ TAM,E14S,transferred
-5.6048203,4.5450683,Resident Macrophage,E14S,transferred
-3.5844998,4.074887,Monocyte,E14S,transferred
1.456628,14.004536,NK,E14S,transferred
16.683054,6.5023103,Hypoxic Tumor,E14S,transferred
-0.8637823,0.47098574,Monocyte,E14S,transferred
2.4152064,11.874339,Il1b+ TAM,E14S,transferred
-3.2800727,2.4817276,Monocyte,E14S,transferred
16.558002,6.2670565,Hypoxic Tumor,E14S,transferred
1.2362456,-8.065746,Neutrophil,E14S,transferred
-3.3692977,0.76317555,Spp1+ TAM,E14S,transferred
-5.2922473,2.4584436,Il1b+ TAM,E14S,transferred
-3.6414833,4.055568,C1qc+ TAM,E14S,transferred
2.8901374,12.519382,CD4 T,E14S,transferred
-6.2787485,4.6186075,Resident Macrophage,E14S,transferred
16.70338,8.717661,Hypoxic Tumor,E14S,transferred
-0.7311447,-8.241085,Neutrophil,E14S,transferred
1.9561106,6.568368,mDC,E14S,transferred
-6.0950456,1.4566728,Spp1+ TAM,E14S,transferred
-6.9811244,3.1461303,C1qc+ TAM,E14S,transferred
2.6619565,7.497639,mDC,E14S,transferred
-6.4352465,4.040061,C1qc+ TAM,E14S,transferred
0.22081499,1.7776796,Monocyte,E14S,transferred
-0.06433443,4.838296,cDC,E14S,transferred
-2.4304986,3.681031,Il1b+ TAM,E14S,transferred
-2.7587223,3.8821263,Monocyte,E14S,transferred
3.4221299,12.240581,CD8 Exhausted Proliferating,E14S,transferred
1.0026194,5.795534,cDC,E14S,transferred
1.7269441,7.2196145,mDC,E14S,transferred
-3.2753527,4.081451,Il1b+ TAM,E14S,transferred
-3.954864,6.65259,C1qc+ TAM,E14S,transferred
1.7613623,-6.57053,Neutrophil,E14S,transferred
1.8924941,7.3217077,mDC,E14S,transferred
2.2285492,-8.899085,Neutrophil,E14S,transferred
-3.6074066,6.4669757,C1qc+ TAM,E14S,transferred
-5.286302,1.882193,Spp1+ TAM,E14S,transferred
-6.0150814,2.8301115,Il1b+ TAM,E14S,transferred
-4.664644,1.3329965,Spp1+ TAM,E14S,transferred
0.5995684,-6.127647,Neutrophil,E14S,transferred
-1.3611395,2.741763,Monocyte,E14S,transferred
-3.9419515,6.577961,Resident Macrophage,E14S,transferred
-2.5637531,1.2381953,Il1b+ TAM,E14S,transferred
0.12741838,4.50919,cDC,E14S,transferred
18.817017,7.127861,Hypoxic Tumor,E14S,transferred
-4.987891,4.3546333,Resident Macrophage,E14S,transferred
-6.330024,5.2620893,Resident Macrophage,E14S,transferred
-2.9148707,1.5979009,Il1b+ TAM,E14S,transferred
-0.3879157,2.3844953,Monocyte,E14S,transferred
2.4539695,13.584443,NK T,E14S,transferred
0.51847684,-5.7130146,Neutrophil,E14S,transferred
16.545519,8.220395,Hypoxic Tumor,E14S,transferred
16.668669,5.835781,Hypoxic Tumor,E14S,knn
-1.245732,3.2719288,Resident Macrophage,E14S,transferred
-0.2214956,1.3292602,Monocyte,E14S,transferred
-6.0832143,3.7282739,C1qc+ TAM,E14S,transferred
1.4308009,-7.3778095,Neutrophil,E14S,transferred
-0.36601844,1.4515957,Monocyte,E14S,transferred
3.2204175,-7.1733217,Neutrophil,E14S,transferred
-3.8684313,3.0111668,Il1b+ TAM,E14S,transferred
-5.801066,1.8190533,Spp1+ TAM,E14S,transferred
-3.0779178,5.853974,Monocyte,E14S,transferred
2.1554427,-6.686272,Neutrophil,E14S,transferred
0.728568,5.3980246,cDC,E14S,transferred
-5.5020647,2.2081077,Il1b+ TAM,E14S,transferred
2.0795128,-7.261369,Neutrophil,E14S,transferred
-6.0159674,4.1246886,C1qc+ TAM,E14S,transferred
-6.332126,3.2918403,Il1b+ TAM,E14S,transferred
1.3422357,13.761772,NK,E14S,transferred
1.0349079,-8.559427,Neutrophil,E14S,transferred
-1.7093464,1.4967968,Il1b+ TAM,E14S,transferred
-6.5858397,1.3193337,Spp1+ TAM,E14S,transferred
-4.7120895,3.5197065,Il1b+ TAM,E14S,transferred
-3.2480867,2.259599,Il1b+ TAM,E14S,transferred
26.284752,4.5992656,Tumor,E14S,transferred
5.4920063,9.798276,B,E14S,transferred
-0.4962419,-0.3717606,Resident Macrophage,E14S,transferred
0.6827478,-8.632083,Neutrophil,E14S,transferred
-1.589455,4.4159355,Resident Macrophage,E14S,transferred
-5.721687,4.6354656,C1qc+ TAM,E14S,transferred
-1.2587197,3.361999,Resident Macrophage,E14S,transferred
-3.415802,6.8154993,C1qc+ TAM,E14S,transferred
-6.323613,4.1164427,Resident Macrophage,E14S,transferred
-4.3726673,4.193714,C1qc+ TAM,E14S,transferred
-4.3013315,2.1023967,Il1b+ TAM,E14S,transferred
2.3219259,15.349693,NK,E14S,transferred
0.38838655,-8.148099,Neutrophil,E14S,transferred
-4.994573,4.94119,Resident Macrophage,E14S,transferred
2.4663103,6.9873233,mDC,E14S,transferred
-3.7391331,4.687514,C1qc+ TAM,E14S,transferred
-1.4057968,1.4493961,Monocyte,E14S,transferred
-3.374406,3.137471,Il1b+ TAM,E14S,transferred
-0.91562086,1.9939653,Monocyte,E14S,transferred
1.5023355,-7.897265,Neutrophil,E14S,transferred
0.38862705,4.9247527,cDC,E14S,transferred
-1.74713,2.2721353,Monocyte,E14S,transferred
2.4638228,6.9114633,mDC,E14S,transferred
-0.5442517,2.6538584,Monocyte,E14S,transferred
0.69652,5.6946716,Il1b+ TAM,E14S,transferred
-0.5235931,3.9413843,Monocyte,E14S,transferred
-3.6962054,5.2547073,C1qc+ TAM,E14S,transferred
-3.427658,3.400188,Monocyte,E14S,transferred
-5.6157236,1.8433721,Il1b+ TAM,E14S,transferred
-2.8744953,2.717788,Il1b+ TAM,E14S,transferred
-1.4584723,2.2799325,Monocyte,E14S,transferred
-2.2834182,3.5271747,Monocyte,E14S,transferred
-0.5173868,3.1022773,Monocyte,E14S,transferred
-3.820643,6.4652176,C1qc+ TAM,E14S,transferred
-0.1568824,-8.198464,Neutrophil,E14S,transferred
2.141462,7.3645825,mDC,E14S,transferred
2.3875613,13.737615,NK T,E14S,transferred
3.0852957,11.232985,CD8 Terminally Exhausted,E14S,transferred
0.38250932,-8.864346,Neutrophil,E14S,transferred
-3.208224,1.1418256,Il1b+ TAM,E14S,transferred
-2.9516382,2.2389863,Il1b+ TAM,E14S,transferred
-5.423115,2.210095,Resident Macrophage,E14S,transferred
-1.0920151,1.0127764,Monocyte,E14S,transferred
0.44678926,4.7352624,cDC,E14S,transferred
16.278196,7.801969,Hypoxic Tumor,E14S,transferred
-0.3021327,2.0082226,Monocyte,E14S,transferred
-6.1072874,3.550989,Resident Macrophage,E14S,transferred
-4.0847464,4.590578,Il1b+ TAM,E14S,transferred
-2.8792298,1.1651216,Monocyte,E14S,transferred
0.26907364,-8.431448,Neutrophil,E14S,transferred
0.3691865,4.7383604,cDC,E14S,transferred
0.33420733,1.215799,Monocyte,E14S,transferred
-5.160843,2.6038947,Il1b+ TAM,E14S,transferred
-4.448364,3.3049862,Resident Macrophage,E14S,transferred
2.203948,6.6772594,mDC,E14S,transferred
-2.41881,4.0083013,Monocyte,E14S,transferred
0.95759857,-8.7256775,Neutrophil,E14S,transferred
2.7990856,12.769367,NK,E14S,transferred
0.2500785,-5.4768767,Neutrophil,E14S,transferred
0.3660133,-6.592485,Neutrophil,E14S,transferred
-1.4624822,0.7631403,Monocyte,E14S,transferred
0.4230035,-5.3678,Neutrophil,E14S,transferred
-1.5682663,2.0654042,Monocyte,E14S,transferred
-1.8281288,1.8040568,Monocyte,E14S,transferred
-2.9891047,0.7986142,Spp1+ TAM,E14S,transferred
16.30069,7.4896765,Hypoxic Tumor,E14S,transferred
-4.6452613,2.3175786,Il1b+ TAM,E14S,transferred
-1.9112287,4.88429,Resident Macrophage,E14S,transferred
1.9426986,15.204327,NK,E14S,transferred
-2.9627004,1.9078631,Il1b+ TAM,E14S,transferred
-3.7685068,2.5528862,Il1b+ TAM,E14S,transferred
-3.785598,2.180846,Il1b+ TAM,E14S,transferred
-0.9672679,2.9252238,Il1b+ TAM,E14S,transferred
-2.5609422,3.7059588,Monocyte,E14S,transferred
-0.45577693,2.6361592,Monocyte,E14S,transferred
-3.612788,1.889169,Il1b+ TAM,E14S,transferred
-2.9806495,3.5019748,Monocyte,E14S,transferred
-1.0318037,1.4614453,Neutrophil,E14S,transferred
26.704687,3.2708983,Tumor,E14S,transferred
1.7025672,6.458718,mDC,E14S,transferred
2.142917,-9.022597,Neutrophil,E14S,transferred
-3.0290856,1.709547,Il1b+ TAM,E14S,transferred
-3.4683285,3.877407,Il1b+ TAM,E14S,transferred
26.121338,3.0045774,Tumor,E14S,transferred
-6.619282,1.9954665,Spp1+ TAM,E14S,transferred
-2.6533,4.369106,Monocyte,E14S,transferred
2.6270823,11.544584,Regulatory CD4 T,E14S,transferred
1.8029137,7.279965,mDC,E14S,transferred
-2.2810538,4.1075797,Monocyte,E14S,transferred
18.379389,7.1567564,Hypoxic Tumor,E14S,transferred
2.0104337,14.266851,NK,E14S,transferred
0.770784,-5.74704,Il1b+ TAM,E14S,transferred
-1.9940974,1.0773096,Il1b+ TAM,E14S,transferred
16.457054,6.773461,Hypoxic Tumor,E14S,transferred
-5.8007007,4.7088957,C1qc+ TAM,E14S,transferred
-1.8963513,2.5436938,Monocyte,E14S,transferred
-2.8683689,4.333318,Monocyte,E14S,transferred
-5.1318293,3.683473,Resident Macrophage,E14S,transferred
-5.1119175,4.7411547,Monocyte,E14S,transferred
-2.482787,1.6131048,Monocyte,E14S,transferred
-1.9556097,3.4134336,Monocyte,E14S,transferred
-3.0986388,2.6913042,Il1b+ TAM,E14S,transferred
-5.6314473,4.2357464,C1qc+ TAM,E14S,transferred
-3.8501015,2.3604019,Il1b+ TAM,E14S,transferred
-6.472411,0.94674826,Resident Macrophage,E14S,transferred
2.3091164,10.648753,CD8 Exhausted Proliferating,E14S,transferred
-4.2781196,3.6040955,Il1b+ TAM,E14S,transferred
-1.3523924,1.6223041,Monocyte,E14S,transferred
-6.976927,3.4928794,C1qc+ TAM,E14S,transferred
-4.2611294,5.5210795,C1qc+ TAM,E14S,transferred
-5.929201,3.2251484,Resident Macrophage,E14S,transferred
-2.1564574,1.8969336,Monocyte,E14S,transferred
-0.3665279,3.278018,Monocyte,E14S,transferred
-6.3225126,2.3400335,C1qc+ TAM,E14S,transferred
1.3511676,13.881259,NK,E14S,transferred
-4.722575,5.151909,C1qc+ TAM,E14S,transferred
23.19037,5.6072073,Hypoxic Tumor,E14S,transferred
3.1593246,13.2749605,NK,E14S,transferred
-1.4920999,3.3893247,Monocyte,E14S,transferred
-1.8161759,4.6750097,Resident Macrophage,E14S,transferred
-5.4218254,4.043661,Resident Macrophage,E14S,transferred
0.3803072,0.9758664,Monocyte,E14S,transferred
-4.881712,2.7115438,Il1b+ TAM,E14S,transferred
-4.249277,5.866738,C1qc+ TAM,E14S,transferred
0.4950979,0.46211848,Monocyte,E14S,transferred
-4.9216695,2.5669594,C1qc+ TAM,E14S,transferred
-2.3684561,1.9730605,Monocyte,E14S,transferred
16.881227,7.576155,Hypoxic Tumor,E14S,transferred
-2.675045,4.3767033,Monocyte,E14S,transferred
16.61916,7.7408466,Hypoxic Tumor,E14S,transferred
-4.1524096,5.819407,Resident Macrophage,E14S,transferred
-1.5238287,3.6490316,Monocyte,E14S,transferred
-0.8755346,3.1070879,Monocyte,E14S,transferred
-5.5454273,2.7757826,Resident Macrophage,E14S,transferred
3.2636652,12.059682,CD8 Terminally Exhausted,E14S,transferred
-0.04764343,-7.6134133,Neutrophil,E14S,transferred
-3.813097,0.60320026,Spp1+ TAM,E14S,transferred
19.04894,6.897103,Hypoxic Tumor,E14S,transferred
-1.782719,2.920065,Monocyte,E14S,transferred
-4.1431108,3.1538026,Il1b+ TAM,E14S,transferred
16.033657,11.624345,Stromal,E14S,transferred
-5.3158975,3.7435381,Resident Macrophage,E14S,transferred
27.450336,3.3644483,Tumor,E14S,transferred
-5.182256,1.9629776,Resident Macrophage,E14S,transferred
-0.9783329,-8.006398,Neutrophil,E14S,transferred
3.1619797,13.017349,CD8 Terminally Exhausted,E14S,transferred
-4.015337,4.338785,Il1b+ TAM,E14S,transferred
-6.385283,0.9826496,Spp1+ TAM,E14S,transferred
3.1978123,11.63684,CD8 Terminally Exhausted,E14S,transferred
-5.269888,2.0194125,Il1b+ TAM,E14S,transferred
-4.8195987,4.4814153,Resident Macrophage,E14S,transferred
2.1364381,7.1924815,mDC,E14S,transferred
2.2972171,10.620574,CD8 Terminally Exhausted,E14S,transferred
19.22306,6.9802737,Hypoxic Tumor,E14S,knn
-4.0771217,0.3262213,Spp1+ TAM,E14S,transferred
-4.632095,5.5192075,C1qc+ TAM,E14S,transferred
0.49534014,1.2486314,Monocyte,E14S,transferred
-4.851885,3.3176665,Resident Macrophage,E14S,transferred
-1.6995103,4.0303335,Resident Macrophage,E14S,transferred
-1.6714189,0.6843199,Monocyte,E14S,transferred
-3.2879376,5.9277334,Il1b+ TAM,E14S,transferred
-3.7540383,2.3023083,Il1b+ TAM,E14S,transferred
16.454008,7.044982,Hypoxic Tumor,E14S,transferred
-1.6611217,3.565324,Resident Macrophage,E14S,transferred
-1.8971449,1.5368068,Monocyte,E14S,transferred
-0.22941418,1.3430823,Monocyte,E14S,transferred
-5.157562,2.5717106,Il1b+ TAM,E14S,transferred
-1.3741702,1.9107387,Monocyte,E14S,transferred
-2.5763798,3.341576,Monocyte,E14S,transferred
0.001567412,2.2356832,Monocyte,E14S,transferred
-4.1878204,6.33063,Resident Macrophage,E14S,transferred
-2.0439851,2.2741263,Monocyte,E14S,transferred
2.3452668,10.68744,CD8 Terminally Exhausted,E14S,transferred
-0.3802947,0.026916798,Monocyte,E14S,transferred
-4.501472,2.8416638,Il1b+ TAM,E14S,transferred
-6.283195,1.3788948,Resident Macrophage,E14S,transferred
-2.763934,2.7302377,Monocyte,E14S,transferred
22.739246,3.8944988,Hypoxic Tumor,E14S,transferred
-4.3534846,4.9947357,Il1b+ TAM,E14S,transferred
2.556678,15.20255,NK,E14S,transferred
16.186956,10.528009,Stromal,E14S,transferred
0.9164692,5.44639,cDC,E14S,transferred
2.9209883,12.196559,CD4 T,E14S,transferred
-3.0478117,3.5857277,Monocyte,E14S,transferred
-4.349068,2.3734407,Il1b+ TAM,E14S,transferred
-4.143316,4.85144,Il1b+ TAM,E14S,transferred
0.9010582,5.4737988,cDC,E14S,transferred
-6.4347,1.2214457,Resident Macrophage,E14S,transferred
-5.5387807,1.576405,Spp1+ TAM,E14S,transferred
0.36333585,4.996279,cDC,E14S,transferred
-0.14173159,4.819052,Il1b+ TAM,E14S,transferred
1.6673427,14.492294,NK,E14S,transferred
0.6608187,0.565171,Monocyte,E14S,transferred
-0.87203497,1.6174994,Monocyte,E14S,transferred
-5.8283935,1.6071068,Spp1+ TAM,E14S,transferred
0.39996988,0.91522235,Monocyte,E14S,transferred
-5.9566917,1.6721579,Spp1+ TAM,E14S,transferred
-4.4432087,0.46376526,Spp1+ TAM,E14S,transferred
2.9956813,11.267709,Regulatory CD4 T,E14S,transferred
-0.20160428,4.521283,Il1b+ TAM,E14S,transferred
-5.0227537,4.327441,Monocyte,E14S,transferred
0.5819202,-5.8498764,Neutrophil,E14S,transferred
-0.47383806,1.597221,Monocyte,E14S,transferred
-0.12837529,1.3386239,Monocyte,E14S,transferred
2.2791119,7.455085,mDC,E14S,transferred
-0.2127091,1.8805573,Monocyte,E14S,transferred
-2.2613225,0.6075341,Spp1+ TAM,E14S,transferred
-1.6913067,4.1818404,Resident Macrophage,E14S,transferred
-0.2485769,3.283261,Monocyte,E14S,transferred
-3.0866394,2.6338232,Il1b+ TAM,E14S,transferred
-2.7584853,2.1956272,Il1b+ TAM,E14S,transferred
-3.4401255,3.9360743,C1qc+ TAM,E14S,transferred
1.7258962,14.441421,NK,E14S,transferred
0.410579,0.7867523,Monocyte,E14S,transferred
-2.6502607,2.8314745,Monocyte,E14S,transferred
18.90455,7.2911773,Hypoxic Tumor,E14S,transferred
-4.967871,1.4006519,Il1b+ TAM,E14S,transferred
-6.1592336,2.5457308,Spp1+ TAM,E14S,transferred
-3.165243,2.5887744,Il1b+ TAM,E14S,transferred
-1.0463033,1.0604516,Monocyte,E14S,transferred
-2.178858,1.4346988,Monocyte,E14S,transferred
-3.9438252,3.0214953,Il1b+ TAM,E14S,transferred
-0.73998696,1.0921679,Monocyte,E14S,transferred
-2.1784105,2.8142884,Monocyte,E14S,transferred
-0.52041304,-0.25452742,Monocyte,E14S,transferred
1.8463373,7.3434806,mDC,E14S,transferred
-3.9254997,4.776458,C1qc+ TAM,E14S,transferred
3.2957008,12.692462,CD8 Terminally Exhausted,E14S,transferred
1.1636963,5.081782,cDC,E14S,transferred
-2.0496442,3.3189888,Monocyte,E14S,transferred
-6.141798,3.9108999,Il1b+ TAM,E14S,transferred
1.9755198,14.483779,NK,E14S,transferred
-3.8012514,0.98647445,Spp1+ TAM,E14S,transferred
-5.3514905,1.0920846,Spp1+ TAM,E14S,transferred
-4.170139,4.3732934,Il1b+ TAM,E14S,transferred
2.2589266,7.217647,mDC,E14S,transferred
1.8976448,14.699937,NK,E14S,transferred
1.8248645,-7.735413,Neutrophil,E14S,transferred
-5.8773346,4.458976,C1qc+ TAM,E14S,transferred
-5.0756154,3.7534668,Monocyte,E14S,transferred
-2.1703265,5.1067095,Resident Macrophage,E14S,transferred
0.42288366,-7.9044895,Neutrophil,E14S,transferred
-3.8060455,4.3239455,Monocyte,E14S,transferred
2.4223099,13.540407,NK T,E14S,transferred
-2.24363,1.4255193,Il1b+ TAM,E14S,transferred
-5.3654513,4.7677336,C1qc+ TAM,E14S,transferred
2.3947964,-7.530225,Neutrophil,E14S,transferred
1.2783812,13.722787,NK,E14S,transferred
19.05285,6.9790235,Hypoxic Tumor,E14S,knn
-3.3412404,5.3843274,C1qc+ TAM,E14S,transferred
-2.9668674,2.490627,Monocyte,E14S,transferred
3.0141456,13.012764,NK,E14S,transferred
0.3367073,-5.5593996,Neutrophil,E14S,transferred
2.4219646,15.2940855,NK,E14S,transferred
16.883802,7.1807575,Hypoxic Tumor,E14S,transferred
-1.1826053,3.900317,Il1b+ TAM,E14S,transferred
1.6555306,14.598545,Monocyte,E14S,transferred
1.1728108,-7.766632,Neutrophil,E14S,transferred
-5.2035103,4.1412845,Resident Macrophage,E14S,transferred
-4.4445477,4.016217,Resident Macrophage,E14S,transferred
-6.6226716,1.5329612,Spp1+ TAM,E14S,transferred
-3.564709,5.8196588,Resident Macrophage,E14S,transferred
-4.861561,2.7700007,Il1b+ TAM,E14S,transferred
-1.9245015,5.202388,Resident Macrophage,E14S,transferred
-0.2992002,1.7571614,Monocyte,E14S,transferred
-0.6890992,2.1593633,Monocyte,E14S,transferred
-1.3599817,2.8496485,Monocyte,E14S,transferred
-6.778654,4.030416,C1qc+ TAM,E14S,transferred
1.0578773,-8.690192,Neutrophil,E14S,transferred
0.7408721,-9.045296,Neutrophil,E14S,transferred
2.3695796,10.702533,CD8 Terminally Exhausted,E14S,transferred
-2.7317207,4.0081835,Monocyte,E14S,transferred
1.7546926,6.5111985,mDC,E14S,transferred
-0.93842477,-0.02395651,Il1b+ TAM,E14S,transferred
-6.5449123,4.0064297,C1qc+ TAM,E14S,transferred
-2.9496834,3.8997521,C1qc+ TAM,E14S,transferred
-3.8045657,2.070154,Il1b+ TAM,E14S,transferred
1.8018142,-8.07381,Neutrophil,E14S,transferred
-1.8345413,4.55101,Resident Macrophage,E14S,transferred
-4.0393887,2.438939,Il1b+ TAM,E14S,transferred
-5.9090137,3.792877,C1qc+ TAM,E14S,transferred
-2.904684,1.1302044,Il1b+ TAM,E14S,transferred
-4.86373,4.9280562,C1qc+ TAM,E14S,transferred
-4.929084,5.4727626,C1qc+ TAM,E14S,transferred
-3.3864324,5.079745,C1qc+ TAM,E14S,transferred
15.860081,11.332999,Stromal,E14S,transferred
-5.272011,1.4611707,Resident Macrophage,E14S,transferred
-6.394471,3.3249283,C1qc+ TAM,E14S,transferred
-4.732808,3.3996196,Resident Macrophage,E14S,transferred
-1.592567,1.4929796,Monocyte,E14S,transferred
1.9913831,-8.143575,Neutrophil,E14S,transferred
-4.337408,5.9665303,C1qc+ TAM,E14S,transferred
-5.3532767,1.5910119,Spp1+ TAM,E14S,transferred
-4.9322753,3.402889,Il1b+ TAM,E14S,transferred
-5.5546393,2.4391081,Il1b+ TAM,E14S,transferred
16.82103,7.8955584,Hypoxic Tumor,E14S,transferred
-0.31879878,1.4848726,Monocyte,E14S,transferred
1.2653092,13.87577,NK,E14S,transferred
0.43227327,-5.9473047,Neutrophil,E14S,transferred
16.656574,6.246279,Hypoxic Tumor,E14S,transferred
2.2159042,6.784013,mDC,E14S,transferred
-5.091577,4.6478906,Il1b+ TAM,E14S,transferred
-4.0731444,2.8184402,Il1b+ TAM,E14S,transferred
5.3914566,9.874316,B,E14S,transferred
17.609882,9.30143,Stromal,E14S,transferred
-6.241817,3.28343,C1qc+ TAM,E14S,transferred
-1.3060654,10.743883,B,E14S,transferred
-6.2641854,5.1930666,Resident Macrophage,E14S,transferred
-5.4682746,4.6639357,C1qc+ TAM,E14S,transferred
-3.5935638,5.2137346,Monocyte,E14S,transferred
-4.407555,2.585699,Il1b+ TAM,E14S,transferred
-4.7451077,1.8228924,Spp1+ TAM,E14S,transferred
25.463936,3.337229,Tumor,E14S,transferred
-5.059428,1.0521069,Resident Macrophage,E14S,transferred
-1.9717213,2.353766,Monocyte,E14S,transferred
-3.6470704,1.4494514,Il1b+ TAM,E14S,transferred
-1.592002,3.45393,Resident Macrophage,E14S,transferred
-0.223964,-8.275135,Neutrophil,E14S,transferred
1.1666968,-7.337864,Neutrophil,E14S,transferred
-2.9350903,2.521825,Il1b+ TAM,E14S,transferred
1.9295862,-7.8889546,Neutrophil,E14S,transferred
-4.8331184,6.074438,Resident Macrophage,E14S,transferred
3.3394988,11.989631,CD8 Terminally Exhausted,E14S,transferred
-4.966865,0.87977034,Spp1+ TAM,E14S,transferred
-2.9942226,3.6508045,Monocyte,E14S,transferred
-2.7728767,4.7226186,Resident Macrophage,E14S,transferred
-2.4791312,2.047397,Monocyte,E14S,transferred
-3.732781,0.40463558,Spp1+ TAM,E14S,transferred
-3.718511,4.4297695,Il1b+ TAM,E14S,transferred
1.7350929,-8.362018,Neutrophil,E14S,transferred
-3.9591286,2.5285969,Il1b+ TAM,E14S,transferred
-3.1104577,1.2880198,Il1b+ TAM,E14S,transferred
2.026149,15.13878,NK,E14S,transferred
16.687689,6.1896462,Hypoxic Tumor,E14S,transferred
3.0692928,-6.9659142,Neutrophil,E14S,transferred
-3.731997,2.8103223,C1qc+ TAM,E14S,transferred
-5.024506,3.4063544,Resident Macrophage,E14S,transferred
-6.233535,0.8351246,Spp1+ TAM,E14S,transferred
-4.1904283,6.5602727,C1qc+ TAM,E14S,transferred
-4.645175,2.2275376,Il1b+ TAM,E14S,transferred
-6.2449145,4.239492,Resident Macrophage,E14S,transferred
1.7520517,-8.566546,Neutrophil,E14S,transferred
16.457815,6.6359735,Hypoxic Tumor,E14S,transferred
16.924788,7.6001086,Hypoxic Tumor,E14S,transferred
-1.4863826,2.9322584,Monocyte,E14S,transferred
-1.6939567,0.64036864,Monocyte,E14S,transferred
-3.5188646,4.998992,C1qc+ TAM,E14S,transferred
-3.8186178,5.9933934,C1qc+ TAM,E14S,transferred
25.39878,3.5487044,Tumor,E14S,transferred
-3.221918,1.7405592,Il1b+ TAM,E14S,transferred
-1.6981456,1.9760157,Monocyte,E14S,transferred
-2.5797877,1.259279,Il1b+ TAM,E14S,transferred
26.416504,4.5792475,Hypoxic Tumor,E14S,transferred
-1.4237373,4.0512085,Resident Macrophage,E14S,transferred
-0.28534022,-7.445734,Neutrophil,E14S,transferred
-2.9561217,3.5058875,Monocyte,E14S,transferred
-5.8778353,2.0745845,Il1b+ TAM,E14S,transferred
18.499264,9.380679,Stromal,E14S,transferred
-5.1377625,3.238277,Resident Macrophage,E14S,transferred
-3.556515,4.148996,Monocyte,E14S,transferred
-3.300041,3.0320375,Monocyte,E14S,transferred
2.7411354,-7.523839,Neutrophil,E14S,transferred
1.4901519,6.2931423,mDC,E14S,transferred
-3.8449817,3.716237,Spp1+ TAM,E14S,transferred
0.69309175,-5.8580823,Neutrophil,E14S,transferred
-1.7661346,0.72561085,Monocyte,E14S,transferred
2.3465257,-7.980949,Neutrophil,E14S,transferred
2.3493385,6.8872757,mDC,E14S,transferred
17.018328,6.9375196,Hypoxic Tumor,E14S,transferred
1.1352421,5.3613396,cDC,E14S,transferred
1.74799,-7.941635,Neutrophil,E14S,transferred
-1.7859493,2.3088346,Monocyte,E14S,transferred
-6.3707876,3.6741934,Spp1+ TAM,E14S,transferred
3.4443648,12.752758,Regulatory CD8 T,E14S,transferred
3.0491352,13.278868,NK,E14S,transferred
-5.936181,3.6637456,Monocyte,E14S,transferred
2.0709026,-9.157755,Neutrophil,E14S,transferred
-3.519585,6.7777205,C1qc+ TAM,E14S,transferred
2.2752783,6.848531,mDC,E14S,transferred
-5.6882515,3.0410888,Resident Macrophage,E14S,transferred
0.98901176,5.4563923,cDC,E14S,transferred
-2.1893756,3.6205132,Monocyte,E14S,transferred
2.1349087,-9.214847,Neutrophil,E14S,transferred
-1.9763888,0.6934635,Monocyte,E14S,transferred
-0.72746223,3.6205273,Monocyte,E14S,transferred
0.3381187,5.2817464,cDC,E14S,transferred
23.46324,5.7010784,Tumor Proliferating,E14S,transferred
2.0893743,-9.179091,Neutrophil,E14S,transferred
2.2075555,15.200138,NK,E14S,transferred
-4.570923,3.2558134,Il1b+ TAM,E14S,transferred
1.5326369,6.9417214,mDC,E14S,transferred
-0.51883143,2.3054757,Resident Macrophage,E14S,transferred
-2.6230965,3.3876176,Monocyte,E14S,transferred
-4.89907,3.5999022,Il1b+ TAM,E14S,transferred
0.43563512,0.77776366,Monocyte,E14S,transferred
3.156515,12.57164,Regulatory CD8 T,E14S,transferred
-0.37781727,1.7980604,Monocyte,E14S,transferred
-1.1770837,3.972449,Il1b+ TAM,E14S,transferred
-0.58940405,1.066099,Monocyte,E14S,transferred
-1.018435,0.90042514,Monocyte,E14S,transferred
-3.486079,4.2414412,Monocyte,E14S,transferred
0.10931711,-5.395716,Neutrophil,E14S,transferred
-6.6939588,1.2457399,Spp1+ TAM,E14S,transferred
-4.6533103,4.272016,Il1b+ TAM,E14S,transferred
-3.7593992,3.625883,Il1b+ TAM,E14S,transferred
16.634516,8.243475,Hypoxic Tumor,E14S,transferred
-0.5738791,3.4223096,Monocyte,E14S,transferred
-0.96547604,-7.8572674,Neutrophil,E14S,transferred
-0.31112766,-0.08540583,Monocyte,E14S,transferred
-2.9235106,2.1719306,Il1b+ TAM,E14S,transferred
-4.0667224,2.4784794,Spp1+ TAM,E14S,transferred
2.4801102,15.091903,NK,E14S,transferred
-5.780085,0.7880008,Spp1+ TAM,E14S,transferred
2.4485874,6.9959817,mDC,E14S,transferred
-4.11004,1.7681049,Il1b+ TAM,E14S,transferred
-6.04624,2.9641657,Resident Macrophage,E14S,transferred
-4.4818006,3.8718941,Monocyte,E14S,transferred
-3.1135826,5.3422813,C1qc+ TAM,E14S,transferred
-1.9794946,1.9901552,Monocyte,E14S,transferred
2.5176125,11.242412,Il1b+ TAM,E14S,transferred
-3.909223,5.365259,C1qc+ TAM,E14S,transferred
-5.2692075,4.350897,Resident Macrophage,E14S,transferred
-1.7576587,2.9908733,Resident Macrophage,E14S,transferred
-1.5371436,1.4439085,Monocyte,E14S,transferred
17.002047,7.0688305,Hypoxic Tumor,E14S,transferred
-2.4634855,3.4163854,Monocyte,E14S,transferred
0.6627497,5.1691766,cDC,E14S,transferred
-4.547045,5.846741,C1qc+ TAM,E14S,transferred
-6.6096444,3.2855597,Resident Macrophage,E14S,transferred
-4.246037,1.6342305,Il1b+ TAM,E14S,transferred
-4.130866,5.588253,C1qc+ TAM,E14S,transferred
-0.36660194,0.57966435,Monocyte,E14S,transferred
-4.9660535,4.0256515,Monocyte,E14S,transferred
-0.104852945,-5.8186226,Neutrophil,E14S,transferred
1.8834523,6.4967437,mDC,E14S,transferred
0.23461974,0.65328777,Monocyte,E14S,transferred
-5.395817,2.5735903,Il1b+ TAM,E14S,transferred
-3.8999004,1.6898302,Monocyte,E14S,transferred
-5.6607428,1.8510177,Resident Macrophage,E14S,transferred
-6.1863294,1.026559,Spp1+ TAM,E14S,transferred
3.3460262,12.810451,Regulatory CD8 T,E14S,transferred
-2.0491488,1.2204562,Monocyte,E14S,transferred
-0.25035003,-6.8542128,Neutrophil,E14S,transferred
-3.983259,2.1769466,Il1b+ TAM,E14S,transferred
-5.4544663,1.1585993,Spp1+ TAM,E14S,transferred
-4.292199,0.40491584,Spp1+ TAM,E14S,transferred
-0.6971458,0.83002764,Monocyte,E14S,transferred
-4.419576,3.1982045,Il1b+ TAM,E14S,transferred
-5.744715,4.49975,Resident Macrophage,E14S,transferred
-3.4736981,6.6784863,C1qc+ TAM,E14S,transferred
-4.7446613,1.0273825,Monocyte,E14S,transferred
-6.427024,3.6474626,Il1b+ TAM,E14S,transferred
-5.109186,4.7558675,C1qc+ TAM,E14S,transferred
-5.2356124,3.8441067,Il1b+ TAM,E14S,transferred
-5.421299,4.494207,Resident Macrophage,E14S,transferred
-2.792987,2.9379911,Spp1+ TAM,E14S,transferred
-5.8534408,3.4498389,Resident Macrophage,E14S,transferred
-1.6443577,0.6395401,Monocyte,E14S,transferred
1.2995319,5.0314035,cDC,E14S,transferred
2.3691025,15.246713,NK,E14S,transferred
-3.5571215,5.67869,C1qc+ TAM,E14S,transferred
-0.2948046,1.1602695,Monocyte,E14S,transferred
-2.235343,1.1918403,Monocyte,E14S,transferred
-3.6558495,2.5278225,Il1b+ TAM,E14S,transferred
0.4699552,1.3158085,Monocyte,E14S,transferred
-2.474383,1.701589,Monocyte,E14S,transferred
-4.089582,1.7848527,Il1b+ TAM,E14S,transferred
-4.0708966,4.0912514,Il1b+ TAM,E14S,transferred
-3.5682893,4.876758,Monocyte,E14S,transferred
-3.2626936,4.93436,C1qc+ TAM,E14S,transferred
1.2355413,-5.9871254,Neutrophil,E14S,transferred
0.098233595,0.7595901,Monocyte,E14S,transferred
-4.712057,4.2529845,Resident Macrophage,E14S,transferred
-1.5312885,4.911706,Resident Macrophage,E14S,transferred
3.290378,12.2932,CD8 Terminally Exhausted,E14S,transferred
16.480175,7.7851677,Hypoxic Tumor,E14S,transferred
-1.4731977,3.7431045,Resident Macrophage,E14S,transferred
22.281235,4.490551,Hypoxic Tumor,E14S,transferred
18.650227,7.1877165,Resident Macrophage,E14S,transferred
17.202463,6.6461735,Hypoxic Tumor,E14S,transferred
-4.9374332,2.1139376,Il1b+ TAM,E14S,transferred
-6.5585084,1.0753413,Resident Macrophage,E14S,transferred
1.4666374,14.529229,NK,E14S,transferred
16.874584,7.3549685,Hypoxic Tumor,E14S,transferred
2.2414043,14.462365,NK,E14S,transferred
-5.6244884,3.7546623,Resident Macrophage,E14S,transferred
1.2211522,13.6469,NK,E14S,transferred
2.0778794,14.1897545,NK,E14S,transferred
-3.9324605,3.481866,Il1b+ TAM,E14S,transferred
-4.368703,2.7792492,Il1b+ TAM,E14S,transferred
-1.0794563,3.1382957,Monocyte,E14S,transferred
0.41424686,-5.7132816,Neutrophil,E14S,transferred
-6.282421,5.1621914,Resident Macrophage,E14S,transferred
-6.2800417,4.4202766,Resident Macrophage,E14S,transferred
-3.2377856,4.907816,Monocyte,E14S,transferred
0.8088437,-5.784048,Neutrophil,E14S,transferred
2.2893486,7.2751627,mDC,E14S,transferred
-4.042611,3.9185245,Il1b+ TAM,E14S,transferred
-1.5319494,3.4508233,Resident Macrophage,E14S,transferred
16.8582,10.748506,Stromal,E14S,transferred
2.6935465,7.4645886,mDC,E14S,transferred
-3.5519545,2.283611,Monocyte,E14S,transferred
1.6759698,6.5250177,mDC,E14S,transferred
3.268369,13.103553,CD8 Terminally Exhausted,E14S,transferred
19.363153,8.560496,Hypoxic Tumor,E14S,transferred
3.043526,12.5725765,Regulatory CD8 T,E14S,transferred
-4.960207,4.832321,Resident Macrophage,E14S,transferred
16.207146,9.511907,Hypoxic Tumor,E14S,transferred
-1.7331624,1.5689038,Spp1+ TAM,E14S,transferred
-3.4466023,6.830451,C1qc+ TAM,E14S,transferred
2.040962,14.545077,NK,E14S,transferred
1.9149052,14.984505,NK,E14S,transferred
-3.9423394,0.5424703,Spp1+ TAM,E14S,transferred
-3.809882,4.6129503,Il1b+ TAM,E14S,transferred
-4.1609945,1.3433977,Il1b+ TAM,E14S,transferred
-3.7610466,6.2524166,C1qc+ TAM,E14S,transferred
-0.0044532963,-6.281833,Il1b+ TAM,E14S,transferred
-4.523555,2.2319658,Il1b+ TAM,E14S,transferred
-4.217526,0.46462953,Spp1+ TAM,E14S,transferred
-5.446075,0.8717159,Monocyte,E14S,transferred
-2.2070787,1.0361534,Il1b+ TAM,E14S,transferred
1.8823282,-7.5060067,Neutrophil,E14S,transferred
-0.7639997,0.44102636,Monocyte,E14S,transferred
-5.436278,3.2466471,Resident Macrophage,E14S,transferred
-2.8896046,2.6238446,Monocyte,E14S,transferred
1.0548055,-8.88249,Neutrophil,E14S,transferred
-0.42000052,0.87557864,Monocyte,E14S,transferred
-1.0148382,2.3195138,Monocyte,E14S,transferred
-4.808842,4.1249304,C1qc+ TAM,E14S,transferred
-4.6594687,4.1487308,C1qc+ TAM,E14S,transferred
-5.8514495,2.038089,Spp1+ TAM,E14S,transferred
-4.3746815,4.582845,Monocyte,E14S,transferred
-4.258814,2.3284872,Il1b+ TAM,E14S,transferred
-1.7807463,1.5559464,Monocyte,E14S,transferred
-0.5845888,-8.238613,Neutrophil,E14S,transferred
0.6215068,-5.9829316,Neutrophil,E14S,transferred
-1.9713591,0.92309135,Monocyte,E14S,transferred
-5.083006,4.6694603,Il1b+ TAM,E14S,transferred
-4.167691,4.182087,Il1b+ TAM,E14S,transferred
1.2882499,-5.9616265,Neutrophil,E14S,transferred
2.2548387,-9.199781,Neutrophil,E14S,transferred
1.9332935,6.585633,mDC,E14S,transferred
-2.0590146,3.2551434,Monocyte,E14S,transferred
3.3501766,13.057818,CD8 Exhausted Proliferating,E14S,transferred
-5.6399245,4.377234,Resident Macrophage,E14S,transferred
-0.8870795,2.1700168,Monocyte,E14S,transferred
2.651406,15.28749,NK,E14S,transferred
-4.2337756,3.9479795,Il1b+ TAM,E14S,transferred
1.462318,14.293487,NK,E14S,transferred
-0.26743853,0.9302548,Monocyte,E14S,transferred
3.0376148,11.186884,CD8 Exhausted Proliferating,E14S,transferred
-5.9310894,2.1748023,Il1b+ TAM,E14S,transferred
-3.7133489,6.3412423,C1qc+ TAM,E14S,transferred
-1.2877184,3.2414718,Monocyte,E14S,transferred
1.6624599,14.427586,NK,E14S,transferred
-3.748074,2.915275,Il1b+ TAM,E14S,transferred
0.74855983,-6.083004,Neutrophil,E14S,transferred
-4.0387464,3.7037117,Monocyte,E14S,transferred
2.2000122,13.444969,NK T,E14S,transferred
-0.04862107,0.098457925,Monocyte,E14S,transferred
-5.3265033,0.9062005,Spp1+ TAM,E14S,transferred
16.496918,6.290151,Hypoxic Tumor,E14S,transferred
-3.6187165,6.8016005,C1qc+ TAM,E14S,transferred
-3.187517,4.6989293,C1qc+ TAM,E14S,transferred
0.54585963,1.0035647,Monocyte,E14S,transferred
2.4557803,10.860672,CD4 T,E14S,transferred
-3.119844,1.774109,Il1b+ TAM,E14S,transferred
-5.6355433,2.8244324,Il1b+ TAM,E14S,transferred
1.2325443,13.642673,NK,E14S,transferred
-2.9743407,3.4899678,Monocyte,E14S,transferred
0.77239174,-6.3095517,Neutrophil,E14S,transferred
0.21538883,-5.7355547,Neutrophil,E14S,transferred
-6.270424,2.6083732,Il1b+ TAM,E14S,transferred
-2.3872893,3.0345073,Monocyte,E14S,transferred
-4.0372257,1.1154975,Spp1+ TAM,E14S,transferred
-6.242536,1.7078424,Spp1+ TAM,E14S,transferred
-6.234845,4.3056803,C1qc+ TAM,E14S,transferred
0.37323856,1.0794934,Monocyte,E14S,transferred
-5.085642,5.078111,C1qc+ TAM,E14S,transferred
-0.7488075,2.7742524,Monocyte,E14S,transferred
-0.9588001,0.069026574,Monocyte,E14S,transferred
0.9316498,-7.8135586,Neutrophil,E14S,transferred
-0.61364317,2.8214993,Monocyte,E14S,transferred
-6.035143,1.1703807,Spp1+ TAM,E14S,transferred
1.2756065,13.782752,NK,E14S,transferred
-0.18311848,1.9483066,Monocyte,E14S,transferred
-4.830192,3.1730793,Il1b+ TAM,E14S,transferred
-4.066971,0.40516424,Spp1+ TAM,E14S,transferred
-5.3118114,0.7034969,Spp1+ TAM,E14S,transferred
-4.1320996,3.4600031,Resident Macrophage,E14S,transferred
-1.0352296,2.9832447,Monocyte,E14S,transferred
-5.74194,3.0220823,Il1b+ TAM,E14S,transferred
1.9807638,-7.2918205,Neutrophil,E14S,transferred
-5.6468134,4.097528,Resident Macrophage,E14S,transferred
0.5255989,-5.976477,Neutrophil,E14S,transferred
0.5950924,-7.520064,Neutrophil,E14S,transferred
-3.9091704,2.965305,Resident Macrophage,E14S,transferred
0.40582028,-7.1129165,Neutrophil,E14S,transferred
3.3547974,12.003037,CD8 Terminally Exhausted,E14S,transferred
0.5073275,-5.3844094,Neutrophil,E14S,transferred
-0.7594312,1.6103648,Monocyte,E14S,transferred
-6.0457916,5.083305,Resident Macrophage,E14S,transferred
-0.19485524,3.8394222,Monocyte,E14S,transferred
25.132969,3.4286742,CAF,E14S,transferred
-3.1984794,2.7069464,C1qc+ TAM,E14S,transferred
-0.23310849,4.0608053,Monocyte,E14S,transferred
-1.8184357,3.7252846,Resident Macrophage,E14S,transferred
-1.4588574,2.8575668,Monocyte,E14S,transferred
-3.8321238,6.04165,C1qc+ TAM,E14S,transferred
3.2439,12.337167,CD4 T,E14S,transferred
-6.4356256,2.3750768,Resident Macrophage,E14S,transferred
-6.051855,1.9923077,Il1b+ TAM,E14S,transferred
-6.256367,4.186656,Resident Macrophage,E14S,transferred
-5.0478096,2.4161494,Il1b+ TAM,E14S,transferred
-4.8588634,3.3437936,Il1b+ TAM,E14S,transferred
16.521921,6.2852407,Hypoxic Tumor,E14S,transferred
-4.264435,3.384752,Il1b+ TAM,E14S,transferred
3.054237,-6.9490023,Neutrophil,E14S,transferred
-4.6395526,5.698221,C1qc+ TAM,E14S,transferred
-4.862687,1.818395,Il1b+ TAM,E14S,transferred
-0.09046591,1.8387951,Monocyte,E14S,transferred
3.2495792,12.827407,Resident Macrophage,E14S,transferred
-4.1028833,5.339255,C1qc+ TAM,E14S,transferred
-4.0478196,5.076473,C1qc+ TAM,E14S,transferred
2.128157,-7.4474807,Neutrophil,E14S,transferred
-3.7562194,5.3560486,Monocyte,E14S,transferred
0.92223996,-7.814246,Neutrophil,E14S,transferred
-3.1700456,2.0704858,Il1b+ TAM,E14S,transferred
0.43162268,-5.7532535,Neutrophil,E14S,transferred
1.733348,-7.4242935,Neutrophil,E14S,transferred
1.310318,-7.7103696,Neutrophil,E14S,transferred
-0.023671608,-7.432497,Neutrophil,E14S,transferred
-2.4658422,3.7155404,Monocyte,E14S,transferred
-0.71430534,1.0065104,Monocyte,E14S,transferred
-3.6214616,2.5000901,Il1b+ TAM,E14S,transferred
-0.10342647,1.7430454,Monocyte,E14S,transferred
-4.4391055,1.3002764,Monocyte,E14S,transferred
-5.5176735,1.8514545,Resident Macrophage,E14S,transferred
-2.9717813,1.136858,Il1b+ TAM,E14S,transferred
-6.2826505,5.2026954,Resident Macrophage,E14S,transferred
-6.2279034,4.0904436,Resident Macrophage,E14S,transferred
16.597979,6.5205436,Hypoxic Tumor,E14S,knn
0.4151866,-5.833497,Neutrophil,E14S,transferred
0.54686594,5.513377,cDC,E14S,transferred
-3.4804966,1.4518142,Monocyte,E14S,transferred
-1.6142242,2.6663551,Monocyte,E14S,transferred
3.2907133,12.713024,CD8 Terminally Exhausted,E14S,transferred
-1.002797,2.8284018,Monocyte,E14S,transferred
3.3951263,13.175506,CD8 Terminally Exhausted,E14S,transferred
-4.282265,0.46804792,Spp1+ TAM,E14S,transferred
-6.494312,3.1020343,Resident Macrophage,E14S,transferred
-3.9737833,2.5539343,Il1b+ TAM,E14S,transferred
-1.7624639,1.3663771,Monocyte,E14S,transferred
-2.4421463,1.5047863,Il1b+ TAM,E14S,transferred
2.5000517,12.021,Il1b+ TAM,E14S,transferred
-2.1171968,1.7059826,Il1b+ TAM,E14S,transferred
2.301203,14.416346,NK,E14S,transferred
-3.0255065,4.05638,Monocyte,E14S,transferred
3.0260136,13.19216,NK,E14S,transferred
-4.590343,2.24295,Il1b+ TAM,E14S,transferred
-3.2297819,2.925782,Monocyte,E14S,transferred
-5.0100513,3.392551,Resident Macrophage,E14S,transferred
0.20982915,-6.3106833,Neutrophil,E14S,transferred
-3.3704226,4.698046,Resident Macrophage,E14S,transferred
-5.646996,4.5178585,Resident Macrophage,E14S,transferred
3.0483603,11.645833,CD8 Terminally Exhausted,E14S,transferred
-3.2037535,2.0355206,Il1b+ TAM,E14S,transferred
-0.6563695,2.0153182,Monocyte,E14S,transferred
0.5764623,-5.500387,Neutrophil,E14S,transferred
-4.1955624,4.003571,Il1b+ TAM,E14S,transferred
-4.1229696,3.0561502,Resident Macrophage,E14S,transferred
16.98166,7.7256064,Hypoxic Tumor,E14S,transferred
26.633675,2.9007967,Hypoxic Tumor,E14S,transferred
-2.3752983,2.4373379,Monocyte,E14S,transferred
-4.6067505,2.3831058,Resident Macrophage,E14S,transferred
-4.1215453,5.796287,C1qc+ TAM,E14S,transferred
1.5145661,14.416716,CD8 Exhausted Proliferating,E14S,transferred
-4.246905,2.4828377,Il1b+ TAM,E14S,transferred
-2.9082737,2.0643723,Il1b+ TAM,E14S,transferred
-0.7983635,1.2717774,Monocyte,E14S,transferred
16.513762,8.30241,Hypoxic Tumor,E14S,transferred
-4.35999,4.345516,Resident Macrophage,E14S,transferred
15.946934,10.747479,Stromal,E14S,transferred
2.6513028,7.4087653,mDC,E14S,transferred
2.421082,11.797136,Monocyte,E14S,transferred
1.9459072,-8.391255,Neutrophil,E14S,transferred
-5.4749923,2.6503046,Resident Macrophage,E14S,transferred
-0.5872449,3.2610078,Monocyte,E14S,transferred
24.573387,4.1222715,Tumor,E14S,transferred
-0.7976932,1.471548,Monocyte,E14S,transferred
-2.476867,4.9064193,Monocyte,E14S,transferred
2.017351,13.758905,NK,E14S,transferred
1.0251923,6.013456,cDC,E14S,transferred
26.91064,3.6238604,Tumor,E14S,transferred
-0.10784331,1.6479627,Monocyte,E14S,transferred
0.11142856,4.475875,cDC,E14S,transferred
-6.64598,2.4924064,Resident Macrophage,E14S,transferred
2.193396,15.234227,NK,E14S,transferred
0.26954615,-6.1093335,Neutrophil,E14S,transferred
2.9816084,11.262573,CD8 Terminally Exhausted,E14S,transferred
-5.025656,0.59723574,Spp1+ TAM,E14S,transferred
-6.1174445,1.1561517,Spp1+ TAM,E14S,transferred
-7.0597773,2.8935397,C1qc+ TAM,E14S,transferred
16.144056,10.936048,Stromal,E14S,transferred
17.275171,9.178356,Hypoxic Tumor,E14S,transferred
-2.898841,4.4518723,Monocyte,E14S,transferred
16.52427,6.446117,Hypoxic Tumor,E14S,knn
-4.7747407,2.6685157,Il1b+ TAM,E14S,transferred
-0.55772465,1.2570922,Monocyte,E14S,transferred
-3.595095,5.2256637,C1qc+ TAM,E14S,transferred
1.8001775,13.953212,NK,E14S,transferred
0.39946637,5.2442207,cDC,E14S,transferred
-4.38009,0.78402853,Il1b+ TAM,E14S,transferred
2.395872,13.495783,NK T,E14S,transferred
-0.79152745,1.6757667,Monocyte,E14S,transferred
-5.1143327,3.3051996,Resident Macrophage,E14S,transferred
-4.587795,3.769676,Il1b+ TAM,E14S,transferred
2.6771452,15.074827,NK,E14S,transferred
-5.4534307,1.5038636,Spp1+ TAM,E14S,transferred
-0.144863,2.1263623,Monocyte,E14S,transferred
-5.971061,2.2514846,Resident Macrophage,E14S,transferred
19.10501,6.8729577,Hypoxic Tumor,E14S,transferred
-5.281184,5.722236,C1qc+ TAM,E14S,transferred
-5.4878325,1.754815,Spp1+ TAM,E14S,transferred
-0.04902111,0.238546,Monocyte,E14S,transferred
-0.09740991,-6.847714,Neutrophil,E14S,transferred
-1.543916,2.688168,Monocyte,E14S,transferred
-3.5943413,1.8287978,Il1b+ TAM,E14S,transferred
-1.6140915,4.1643205,Resident Macrophage,E14S,transferred
2.2536979,-7.304829,Neutrophil,E14S,transferred
3.0558836,12.308033,CD8 Terminally Exhausted,E14S,transferred
-3.0688465,4.424965,C1qc+ TAM,E14S,transferred
-1.9715602,5.029819,Resident Macrophage,E14S,transferred
-4.428277,6.230553,Resident Macrophage,E14S,transferred
1.3145643,13.668412,NK,E14S,transferred
-3.1752982,2.9151232,Il1b+ TAM,E14S,transferred
2.1422386,14.298461,NK,E14S,transferred
16.522663,7.1104727,Hypoxic Tumor,E14S,transferred
-1.4371794,1.300831,Neutrophil,E14S,transferred
3.1704762,11.576789,CD8 Terminally Exhausted,E14S,transferred
-2.3322153,3.5200834,Spp1+ TAM,E14S,transferred
2.2079291,6.707799,mDC,E14S,transferred
-4.182623,4.129039,Resident Macrophage,E14S,transferred
-1.3382752,2.930347,Monocyte,E14S,transferred
-3.0588129,3.5965853,Il1b+ TAM,E14S,transferred
-3.6725316,5.622408,C1qc+ TAM,E14S,transferred
-3.4430509,1.4097651,Monocyte,E14S,transferred
-0.722382,2.6658387,Monocyte,E14S,transferred
-4.598792,6.090976,C1qc+ TAM,E14S,transferred
24.076397,4.782304,Tumor Proliferating,E14S,transferred
0.7675416,-5.6236253,Neutrophil,E14S,transferred
2.4768293,7.0354156,mDC,E14S,transferred
-5.3318577,1.8285646,Resident Macrophage,E14S,transferred
-2.0030026,3.1844735,Monocyte,E14S,transferred
0.8610662,5.5479174,cDC,E14S,transferred
0.4204433,-7.2821302,Neutrophil,E14S,transferred
-2.9417858,2.7654147,Il1b+ TAM,E14S,transferred
0.10018016,-7.693825,Neutrophil,E14S,transferred
-4.9793453,2.42853,Il1b+ TAM,E14S,transferred
-6.5191035,0.93607104,Resident Macrophage,E14S,transferred
-4.769868,3.7671845,Il1b+ TAM,E14S,transferred
-0.122709624,-5.8977447,Neutrophil,E14S,transferred
-4.7100983,5.0663824,C1qc+ TAM,E14S,transferred
-3.670029,3.5135322,Monocyte,E14S,transferred
-0.9005471,0.8561177,Monocyte,E14S,transferred
-4.20411,5.0588784,C1qc+ TAM,E14S,transferred
0.5174551,4.9128323,cDC,E14S,transferred
0.9100882,-7.158631,Neutrophil,E14S,transferred
-4.0863695,0.4545014,Spp1+ TAM,E14S,transferred
0.10362441,-5.523178,Neutrophil,E14S,transferred
2.2795508,15.463366,NK,E14S,transferred
1.2381346,-7.8973775,Neutrophil,E14S,transferred
-0.5172026,3.0593307,Monocyte,E14S,transferred
1.3725702,14.343647,NK,E14S,transferred
1.6746933,-8.48668,Neutrophil,E14S,transferred
-0.66729075,-0.2156507,Resident Macrophage,E14S,transferred
0.668815,5.0144763,cDC,E14S,transferred
-1.6250523,4.0751624,Monocyte,E14S,transferred
-1.049257,1.982825,Monocyte,E14S,transferred
-4.187333,0.66087115,Spp1+ TAM,E14S,transferred
2.1854472,7.4008408,mDC,E14S,transferred
0.93668354,-8.058293,Neutrophil,E14S,transferred
26.579733,2.9121876,Hypoxic Tumor,E14S,transferred
-6.296063,3.6524627,Resident Macrophage,E14S,transferred
-3.1104016,1.3773555,Il1b+ TAM,E14S,transferred
0.59903413,0.39287263,Monocyte,E14S,transferred
-3.3961942,5.955176,C1qc+ TAM,E14S,transferred
22.175093,5.0484176,Hypoxic Tumor,E14S,transferred
-1.3248981,1.9270928,Monocyte,E14S,transferred
1.5363606,14.156464,NK,E14S,transferred
16.435339,7.8574066,Hypoxic Tumor,E14S,transferred
16.565317,8.278677,Hypoxic Tumor,E14S,transferred
-5.867463,0.7514224,Spp1+ TAM,E14S,transferred
-1.1910621,3.2059345,Resident Macrophage,E14S,transferred
2.1293867,14.730496,NK,E14S,transferred
-2.7718613,4.363089,Resident Macrophage,E14S,transferred
19.052286,7.5913887,Hypoxic Tumor,E14S,transferred
-1.9622854,2.7669268,Monocyte,E14S,transferred
-5.793076,1.3226016,Spp1+ TAM,E14S,transferred
0.44957587,-6.297447,Neutrophil,E14S,transferred
-0.84093153,0.7714624,Monocyte,E14S,transferred
1.4946436,14.229862,NK,E14S,transferred
-4.6728663,5.6370425,C1qc+ TAM,E14S,transferred
16.859428,11.390832,Stromal,E14S,transferred
0.9929491,5.4790254,cDC,E14S,transferred
-6.130914,4.8644085,C1qc+ TAM,E14S,transferred
-1.2769053,10.697273,B,E14S,transferred
0.8581178,4.9739804,cDC,E14S,transferred
-3.7180321,2.4444454,Il1b+ TAM,E14S,transferred
-3.7526197,3.8835335,C1qc+ TAM,E14S,transferred
2.255046,-7.652339,Neutrophil,E14S,transferred
3.2466123,13.1915865,CD8 Terminally Exhausted,E14S,transferred
1.5875391,-7.755113,Neutrophil,E14S,transferred
-6.247236,1.0726029,Spp1+ TAM,E14S,transferred
-3.308373,2.1349733,Il1b+ TAM,E14S,transferred
2.0530312,-9.004016,Neutrophil,E14S,transferred
-2.6162825,1.5131862,Il1b+ TAM,E14S,transferred
-0.41149822,1.4009106,Monocyte,E14S,transferred
-3.2142808,6.653122,C1qc+ TAM,E14S,transferred
-6.3738647,2.0242026,C1qc+ TAM,E14S,transferred
-0.8315702,2.3149028,Resident Macrophage,E14S,transferred
-2.6230834,1.8751454,Il1b+ TAM,E14S,transferred
1.9189456,-8.896302,Neutrophil,E14S,transferred
2.4024286,14.277046,NK,E14S,transferred
-3.2178168,2.0078802,Monocyte,E14S,transferred
22.546707,4.2948656,Hypoxic Tumor,E14S,transferred
1.360876,13.797105,NK,E14S,transferred
16.589504,6.2280245,Hypoxic Tumor,E14S,transferred
-3.2395627,3.6888523,Il1b+ TAM,E14S,transferred
-1.05974,-0.0522002,Il1b+ TAM,E14S,transferred
-2.901477,2.6943033,Il1b+ TAM,E14S,transferred
-0.63025665,1.1831826,Monocyte,E14S,transferred
-6.2449193,3.8092313,Resident Macrophage,E14S,transferred
-6.258601,0.69870335,Spp1+ TAM,E14S,transferred
1.7643732,6.665777,mDC,E14S,transferred
0.046466462,-5.90469,Neutrophil,E14S,transferred
-4.8322225,3.6247807,Resident Macrophage,E14S,transferred
-2.080783,0.94474447,Monocyte,E14S,transferred
3.3389745,-6.6926346,Neutrophil,E14S,transferred
-1.5069515,2.978622,Monocyte,E14S,transferred
-4.0042095,2.5292642,Il1b+ TAM,E14S,transferred
-6.0134254,2.7152224,Il1b+ TAM,E14S,transferred
-5.3873544,3.4980323,Resident Macrophage,E14S,transferred
16.609943,8.233554,Hypoxic Tumor,E14S,transferred
-4.454447,5.0178494,Monocyte,E14S,transferred
-3.1731238,5.090252,Il1b+ TAM,E14S,transferred
-0.03794596,1.7144396,Monocyte,E14S,transferred
-1.8347108,2.9774146,Monocyte,E14S,transferred
16.584764,6.3733816,Hypoxic Tumor,E14S,transferred
-4.4076047,4.4061346,C1qc+ TAM,E14S,transferred
-1.7510946,4.643826,Resident Macrophage,E14S,transferred
-1.8999397,3.2443125,Resident Macrophage,E14S,transferred
-1.6423516,1.4955323,Monocyte,E14S,transferred
-6.3163943,1.9163812,Spp1+ TAM,E14S,transferred
2.9296045,13.360181,NK,E14S,transferred
-4.160121,6.294398,Resident Macrophage,E14S,transferred
-4.3921084,1.3742678,Il1b+ TAM,E14S,transferred
-4.5403895,2.4864295,Il1b+ TAM,E14S,transferred
-6.5346212,2.506346,C1qc+ TAM,E14S,transferred
-4.611829,3.5888495,Il1b+ TAM,E14S,transferred
2.3383338,10.666051,CD8 Exhausted Proliferating,E14S,transferred
-5.3523016,3.8312278,C1qc+ TAM,E14S,transferred
-4.5998044,5.3298554,C1qc+ TAM,E14S,transferred
-4.235486,3.2685068,Il1b+ TAM,E14S,transferred
-4.6048474,4.8743963,C1qc+ TAM,E14S,transferred
1.3162047,13.936205,NK,E14S,transferred
-4.9023128,0.6527671,Il1b+ TAM,E14S,transferred
17.231066,6.8305545,Hypoxic Tumor,E14S,transferred
1.4014736,14.049695,NK,E14S,transferred
-4.2022314,0.57561594,Spp1+ TAM,E14S,transferred
18.367805,7.157694,Hypoxic Tumor,E14S,transferred
-5.59758,1.1241782,Spp1+ TAM,E14S,transferred
-0.40856424,4.259478,cDC,E14S,transferred
-3.8575485,6.5512385,Resident Macrophage,E14S,transferred
-3.1402493,4.332787,Il1b+ TAM,E14S,transferred
27.07286,3.2080166,Tumor,E14S,transferred
-1.7478966,0.8898393,Il1b+ TAM,E14S,transferred
-4.7493796,3.7991924,Il1b+ TAM,E14S,transferred
-4.0734134,4.9493766,C1qc+ TAM,E14S,transferred
2.8395462,13.124758,Regulatory CD8 T,E14S,transferred
24.582867,6.18315,Hypoxic Tumor,E14S,transferred
-4.906481,4.385261,Resident Macrophage,E14S,transferred
-5.733585,0.65536153,Spp1+ TAM,E14S,transferred
-1.9826912,4.1031404,Monocyte,E14S,transferred
-6.8439283,3.6563694,C1qc+ TAM,E14S,transferred
-0.054445017,1.6202123,Monocyte,E14S,transferred
27.21067,3.9130743,Tumor,E14S,transferred
3.1389456,12.422931,Regulatory CD8 T,E14S,transferred
2.2277288,13.579029,NK T,E14S,transferred
-0.3603634,5.0468206,cDC,E14S,transferred
3.1923122,11.700731,CD8 Terminally Exhausted,E14S,transferred
1.1106504,-8.07016,Neutrophil,E14S,transferred
0.47004673,0.790447,Monocyte,E14S,transferred
-4.9784055,4.3283286,Resident Macrophage,E14S,transferred
1.8258752,-8.15098,Neutrophil,E14S,transferred
0.7401145,-5.58883,Neutrophil,E14S,transferred
-3.8953087,2.2070243,Il1b+ TAM,E14S,transferred
2.9107795,11.364335,Regulatory CD4 T,E14S,transferred
3.3852003,12.966576,CD8 Terminally Exhausted,E14S,transferred
3.2958164,12.554106,CD8 Terminally Exhausted,E14S,transferred
-0.023649672,-5.7410846,Neutrophil,E14S,transferred
1.3008041,13.621589,NK,E14S,transferred
-2.650242,1.5327314,Il1b+ TAM,E14S,transferred
-1.6386527,3.4460611,Monocyte,E14S,transferred
-5.5376544,3.3614378,Resident Macrophage,E14S,transferred
-6.4783845,4.616938,Resident Macrophage,E14S,transferred
-4.5558095,3.1033614,Resident Macrophage,E14S,transferred
-5.5788403,3.371686,Il1b+ TAM,E14S,transferred
1.7255425,13.705088,NK,E14S,transferred
-1.0695257,2.1701488,Monocyte,E14S,transferred
2.6664848,7.479821,mDC,E14S,transferred
19.720549,7.6195016,Hypoxic Tumor,E14S,transferred
-2.417949,3.0680516,Monocyte,E14S,transferred
3.3410213,-6.749246,Neutrophil,E14S,transferred
-6.8301897,1.9826714,C1qc+ TAM,E14S,transferred
-2.6705766,1.2373837,Monocyte,E14S,transferred
1.2708743,13.696172,NK,E14S,transferred
-5.3619313,3.6386976,Resident Macrophage,E14S,transferred
-3.7842238,0.4299477,Spp1+ TAM,E14S,transferred
3.389038,12.999093,CD8 Exhausted Proliferating,E14S,transferred
-3.8830838,3.5579045,Il1b+ TAM,E14S,transferred
2.5324771,13.749888,NK T,E14S,transferred
-5.5096784,3.7665775,Resident Macrophage,E14S,transferred
3.3643787,12.724604,CD8 Terminally Exhausted,E14S,transferred
-2.226139,2.64269,Monocyte,E14S,transferred
-4.8735185,3.1252677,Monocyte,E14S,transferred
-4.840853,1.4749705,Spp1+ TAM,E14S,transferred
-5.296533,2.7798274,Il1b+ TAM,E14S,transferred
-5.1753936,3.7939312,Resident Macrophage,E14S,transferred
-2.175858,4.394419,Resident Macrophage,E14S,transferred
-4.73803,3.8344822,Resident Macrophage,E14S,transferred
-2.7866364,4.1386986,Monocyte,E14S,transferred
22.746853,4.2555127,Hypoxic Tumor,E14S,transferred
-1.2725432,10.705149,B,E14S,transferred
-1.8238578,3.160122,Monocyte,E14S,transferred
-4.944946,0.61852425,Spp1+ TAM,E14S,transferred
-6.756507,3.927273,C1qc+ TAM,E14S,transferred
-5.8012867,5.0632153,Resident Macrophage,E14S,transferred
-4.2083397,3.324892,Resident Macrophage,E14S,transferred
-2.718997,3.1786013,Resident Macrophage,E14S,transferred
-6.924672,3.8576987,Resident Macrophage,E14S,transferred
-4.257232,3.0042896,Resident Macrophage,E14S,transferred
27.415785,3.2510622,Tumor,E14S,transferred
-1.2974569,3.1167967,Resident Macrophage,E14S,transferred
-1.5580775,0.35837728,Il1b+ TAM,E14S,transferred
-5.198824,3.220652,Monocyte,E14S,transferred
-3.5227897,5.174676,Resident Macrophage,E14S,transferred
18.285067,6.913314,Hypoxic Tumor,E14S,transferred
-5.873176,4.394361,Resident Macrophage,E14S,transferred
-1.5540462,2.9730754,Monocyte,E14S,transferred
-1.5269891,1.657091,Monocyte,E14S,transferred
-5.201523,2.0580487,Il1b+ TAM,E14S,transferred
-7.0240436,3.0501027,C1qc+ TAM,E14S,transferred
0.69122005,-6.18992,Neutrophil,E14S,transferred
-4.1437874,5.0404286,C1qc+ TAM,E14S,transferred
2.4480784,7.143002,mDC,E14S,transferred
16.328003,6.8279767,Hypoxic Tumor,E14S,transferred
0.7203485,0.5163654,Monocyte,E14S,transferred
2.4693234,10.875205,CD4 T,E14S,transferred
-2.895306,2.4514797,Il1b+ TAM,E14S,transferred
-6.0579314,5.1910644,Resident Macrophage,E14S,transferred
0.8955885,-5.6743073,Neutrophil,E14S,transferred
-4.264958,1.4732487,Spp1+ TAM,E14S,transferred
0.75400436,-5.694457,Neutrophil,E14S,transferred
0.43134975,-8.859912,Neutrophil,E14S,transferred
-1.8715277,1.2270473,Monocyte,E14S,transferred
-4.9132466,5.8870444,C1qc+ TAM,E14S,transferred
0.11294477,2.2623746,Monocyte,E14S,transferred
-4.0345187,2.3868845,Il1b+ TAM,E14S,transferred
0.6712827,5.217888,cDC,E14S,transferred
-1.7394118,2.24428,Monocyte,E14S,transferred
-6.3656034,4.330474,Resident Macrophage,E14S,transferred
-5.861392,3.4062793,Resident Macrophage,E14S,transferred
-0.08401746,-7.9301353,Neutrophil,E14S,transferred
16.797548,8.678629,Tumor,E14S,transferred
-5.913291,0.5725965,Spp1+ TAM,E14S,transferred
2.6152303,7.61457,mDC,E14S,transferred
17.450462,8.812926,Hypoxic Tumor,E14S,transferred
-4.104748,2.2722955,Il1b+ TAM,E14S,transferred
-2.1596017,3.3215017,Monocyte,E14S,transferred
-2.6288314,2.5492916,Il1b+ TAM,E14S,transferred
2.4308264,11.861997,C1qc+ TAM,E14S,transferred
-5.326952,3.7949264,Resident Macrophage,E14S,transferred
-0.14042972,1.7248856,Monocyte,E14S,transferred
-1.7765645,1.7634118,Monocyte,E14S,transferred
-5.996258,2.634332,C1qc+ TAM,E14S,transferred
3.2207518,12.366223,Regulatory CD8 T,E14S,transferred
-5.796792,5.024228,Resident Macrophage,E14S,transferred
-4.79696,2.3827946,Monocyte,E14S,transferred
-5.8554244,2.923379,Resident Macrophage,E14S,transferred
23.799751,3.2597272,Tumor Proliferating,E14S,transferred
16.241741,6.6747656,Hypoxic Tumor,E14S,transferred
0.48329014,5.234161,cDC,E14S,transferred
-2.1352978,3.3759148,Monocyte,E14S,transferred
-5.6004925,0.67972064,Spp1+ TAM,E14S,transferred
-4.746405,5.3768153,C1qc+ TAM,E14S,transferred
-6.6066995,3.210471,C1qc+ TAM,E14S,transferred
-1.6798308,2.6370456,Monocyte,E14S,transferred
-3.3666556,2.9685676,Il1b+ TAM,E14S,transferred
0.08858587,0.67035556,Monocyte,E14S,transferred
1.7225482,14.36789,NK,E14S,transferred
2.4124498,-8.965209,Neutrophil,E14S,transferred
-3.2742352,3.9895017,Il1b+ TAM,E14S,transferred
-1.5555855,1.9282229,Il1b+ TAM,E14S,transferred
-3.6845489,5.2129126,C1qc+ TAM,E14S,transferred
16.524767,7.4975276,Hypoxic Tumor,E14S,transferred
-4.0161757,2.6405127,Il1b+ TAM,E14S,transferred
-3.6512194,6.0804973,Monocyte,E14S,transferred
-2.8340306,1.4042058,Il1b+ TAM,E14S,transferred
1.5153571,14.32276,NK,E14S,transferred
2.9056354,11.506339,CD8 Terminally Exhausted,E14S,transferred
-4.0191255,3.426829,Monocyte,E14S,transferred
2.1255817,7.1765003,mDC,E14S,transferred
-6.3883486,3.189316,Resident Macrophage,E14S,transferred
-4.653279,4.5888515,Il1b+ TAM,E14S,transferred
-0.6597897,1.6068628,Monocyte,E14S,transferred
-6.6483464,3.8466804,C1qc+ TAM,E14S,transferred
-2.6797037,3.056044,Monocyte,E14S,transferred
2.3195758,-7.997346,Neutrophil,E14S,transferred
0.1863272,-8.859587,Resident Macrophage,E14S,transferred
-2.9519475,2.0547109,Monocyte,E14S,transferred
2.3335657,10.669627,CD4 T,E14S,transferred
-3.5370429,0.59330815,Spp1+ TAM,E14S,transferred
-3.8735049,1.0949081,Il1b+ TAM,E14S,transferred
1.8181897,6.5897775,mDC,E14S,transferred
-0.5880271,1.248101,Monocyte,E14S,transferred
-1.4874423,2.6426203,Monocyte,E14S,transferred
-5.5758696,0.7732347,Spp1+ TAM,E14S,transferred
2.3964362,13.24747,NK T,E14S,transferred
-5.2801166,4.2549686,Resident Macrophage,E14S,transferred
-5.083612,5.223344,Monocyte,E14S,transferred
-4.561475,2.5232208,Il1b+ TAM,E14S,transferred
2.1746829,7.2462535,mDC,E14S,transferred
-5.081898,2.1633434,Il1b+ TAM,E14S,transferred
-4.1290426,1.7676321,Il1b+ TAM,E14S,transferred
1.3344712,14.323837,NK,E14S,transferred
-6.182708,2.4829273,Resident Macrophage,E14S,transferred
2.9881988,11.278405,Regulatory CD4 T,E14S,transferred
0.4599102,1.0338207,Monocyte,E14S,transferred
-0.7194873,0.016570231,Monocyte,E14S,transferred
3.0787156,11.214004,CD8 Terminally Exhausted,E14S,transferred
-3.5781777,0.9313325,Spp1+ TAM,E14S,transferred
3.1275282,-7.3356333,Neutrophil,E14S,transferred
1.869218,-9.077062,Neutrophil,E14S,transferred
-6.9405317,2.0618448,C1qc+ TAM,E14S,transferred
-5.2590456,4.21933,C1qc+ TAM,E14S,transferred
-1.529865,3.5788455,Monocyte,E14S,transferred
2.09575,6.657748,mDC,E14S,transferred
-1.9354669,0.6733328,Monocyte,E14S,transferred
1.1665523,13.683908,NK,E14S,transferred
0.8441688,-9.028442,Neutrophil,E14S,transferred
0.5323677,5.0621176,cDC,E14S,transferred
3.391132,12.135485,CD8 Exhausted Proliferating,E14S,transferred
1.3836327,14.3378935,NK,E14S,transferred
0.61149734,0.9111276,Monocyte,E14S,transferred
2.6555977,-7.4316993,Neutrophil,E14S,transferred
-4.195249,5.2249284,Monocyte,E14S,transferred
0.45789045,5.6795797,cDC,E14S,transferred
-5.117275,3.3184876,Resident Macrophage,E14S,transferred
-4.688438,2.2805598,Il1b+ TAM,E14S,transferred
-0.03409463,1.8807524,Monocyte,E14S,transferred
-1.3245286,2.677769,Resident Macrophage,E14S,transferred
2.6832895,15.392072,NK,E14S,transferred
-5.5419817,3.706214,Il1b+ TAM,E14S,transferred
-6.1207566,4.7907395,Resident Macrophage,E14S,transferred
2.4390516,7.0190845,mDC,E14S,transferred
26.18692,3.3419333,Tumor,E14S,transferred
-0.49610984,1.0182287,Resident Macrophage,E14S,transferred
3.0335593,11.841232,CD8 Terminally Exhausted,E14S,transferred
-5.4009213,1.856238,Il1b+ TAM,E14S,transferred
-0.7069406,2.599049,Monocyte,E14S,transferred
-4.2577734,3.734199,Il1b+ TAM,E14S,transferred
-3.679197,1.5183433,Il1b+ TAM,E14S,transferred
-1.8098791,3.8293648,Resident Macrophage,E14S,transferred
-1.6876141,1.2838349,Monocyte,E14S,transferred
-0.28849524,-0.08674903,Monocyte,E14S,transferred
-4.148964,3.602263,Il1b+ TAM,E14S,transferred
-3.1907468,3.5467267,Monocyte,E14S,transferred
-1.0198218,1.9607499,Monocyte,E14S,transferred
2.2745297,14.322447,NK,E14S,transferred
-4.0343266,5.703034,C1qc+ TAM,E14S,transferred
-3.4845467,4.5659637,Il1b+ TAM,E14S,transferred
-6.0405774,2.0126143,Spp1+ TAM,E14S,transferred
-4.175701,4.0700917,Monocyte,E14S,transferred
-5.8404093,2.624073,Il1b+ TAM,E14S,transferred
-3.435138,6.870941,C1qc+ TAM,E14S,transferred
1.5152882,6.972634,mDC,E14S,transferred
-5.543606,1.9496496,Spp1+ TAM,E14S,transferred
18.921925,7.3312726,Hypoxic Tumor,E14S,transferred
-4.6987176,3.1164997,Il1b+ TAM,E14S,transferred
-1.504702,0.90367734,Il1b+ TAM,E14S,transferred
0.7793001,5.5344152,cDC,E14S,transferred
-5.797174,1.9845477,Il1b+ TAM,E14S,transferred
-1.8119881,2.7911966,Monocyte,E14S,transferred
2.0461342,6.9028354,mDC,E14S,transferred
-0.17352082,1.9042196,Monocyte,E14S,transferred
-2.468997,4.2964106,Il1b+ TAM,E14S,transferred
3.0530868,-7.023284,Neutrophil,E14S,transferred
0.33388183,4.862534,cDC,E14S,transferred
1.2034699,13.67754,NK,E14S,transferred
3.2870812,12.246022,Regulatory CD8 T,E14S,transferred
19.222296,7.2650657,Hypoxic Tumor,E14S,transferred
-2.3063517,1.5833021,Monocyte,E14S,transferred
-3.5479488,1.1579374,Monocyte,E14S,transferred
-3.3310068,2.2155132,Il1b+ TAM,E14S,transferred
-2.4485898,5.7370934,C1qc+ TAM,E14S,transferred
16.732126,5.8836956,Hypoxic Tumor,E14S,knn
-6.023995,4.84835,C1qc+ TAM,E14S,transferred
2.7687974,-7.3943114,Neutrophil,E14S,transferred
-2.0984387,1.5963734,Il1b+ TAM,E14S,transferred
2.1956162,14.555294,NK,E14S,transferred
-4.837494,1.3538485,Il1b+ TAM,E14S,transferred
-0.81677765,-8.142279,Neutrophil,E14S,transferred
-3.892526,2.957932,Il1b+ TAM,E14S,transferred
0.5789031,5.8466306,cDC,E14S,transferred
0.32949615,1.2517684,Monocyte,E14S,transferred
-1.5429177,0.7686741,Monocyte,E14S,transferred
-4.4604373,3.1827304,Il1b+ TAM,E14S,transferred
16.699139,6.278817,Hypoxic Tumor,E14S,transferred
18.99471,7.90354,Hypoxic Tumor,E14S,transferred
-4.240771,2.2801805,C1qc+ TAM,E14S,transferred
5.508475,9.781188,B,E14S,transferred
-3.832433,6.073842,C1qc+ TAM,E14S,transferred
16.52007,7.3299603,Hypoxic Tumor,E14S,transferred
-2.625915,3.975099,Monocyte,E14S,transferred
-4.8621387,5.1587863,C1qc+ TAM,E14S,transferred
2.4465518,7.0777392,mDC,E14S,transferred
1.5723488,-8.485044,Neutrophil,E14S,transferred
16.517365,7.4205523,Hypoxic Tumor,E14S,transferred
-5.9396386,2.718067,C1qc+ TAM,E14S,transferred
-2.440905,3.8749332,Monocyte,E14S,transferred
-4.927438,2.7103252,Il1b+ TAM,E14S,transferred
-5.43518,3.4505594,Resident Macrophage,E14S,transferred
27.061375,3.7725365,Tumor,E14S,transferred
-4.4717374,2.3379576,Il1b+ TAM,E14S,transferred
-4.2438073,5.249224,C1qc+ TAM,E14S,transferred
-5.7483,2.1788902,Il1b+ TAM,E14S,transferred
0.064187065,0.39158386,Monocyte,E14S,transferred
-0.8379191,-7.9531093,Neutrophil,E14S,transferred
-3.5125697,2.7698097,Il1b+ TAM,E14S,transferred
1.5280763,6.8899336,mDC,E14S,transferred
-6.007675,1.6432284,Il1b+ TAM,E14S,transferred
-5.2921443,4.348065,Resident Macrophage,E14S,transferred
24.980364,5.888058,Tumor,E14S,transferred
-4.3310685,0.55404836,Spp1+ TAM,E14S,transferred
0.25260887,1.4824711,Monocyte,E14S,transferred
-4.285068,5.4940696,C1qc+ TAM,E14S,transferred
-4.302851,1.3232428,Il1b+ TAM,E14S,transferred
0.3134389,5.284226,cDC,E14S,transferred
3.1172926,12.072108,CD8 Terminally Exhausted,E14S,transferred
0.33347946,-7.8719254,Neutrophil,E14S,transferred
-6.450077,2.8766382,Resident Macrophage,E14S,transferred
-4.5259776,4.770104,Resident Macrophage,E14S,transferred
0.088431865,1.1019378,Monocyte,E14S,transferred
1.6925929,-6.470417,Neutrophil,E14S,transferred
-3.9105477,3.0808256,Il1b+ TAM,E14S,transferred
-3.672207,6.90786,C1qc+ TAM,E14S,transferred
-0.9828403,0.32018802,Monocyte,E14S,transferred
1.437361,14.438624,NK,E14S,transferred
-1.110848,2.5118842,Resident Macrophage,E14S,transferred
19.285307,7.249135,Hypoxic Tumor,E14S,transferred
-1.3307436,10.767782,B,E14S,transferred
-5.292595,3.1865613,Il1b+ TAM,E14S,transferred
-3.0073915,3.0333998,Monocyte,E14S,transferred
0.64430666,0.9823804,Monocyte,E14S,transferred
-3.7009382,1.4420241,Il1b+ TAM,E14S,transferred
1.8489505,14.644267,NK,E14S,transferred
-5.734248,4.384716,Resident Macrophage,E14S,transferred
2.8927116,12.177859,CD4 T,E14S,transferred
-5.4752827,3.6448872,Resident Macrophage,E14S,transferred
1.129256,-7.888981,Neutrophil,E14S,transferred
-4.3001504,1.1418294,Monocyte,E14S,transferred
-5.7383146,2.4989483,C1qc+ TAM,E14S,transferred
16.931248,7.39163,Hypoxic Tumor,E14S,transferred
-5.272413,5.198458,C1qc+ TAM,E14S,transferred
-1.5639108,2.274326,Monocyte,E14S,transferred
1.9291042,14.549185,NK,E14S,transferred
-4.828269,2.3815076,Resident Macrophage,E14S,transferred
-1.413653,2.4947042,Monocyte,E14S,transferred
-4.005896,4.8873615,C1qc+ TAM,E14S,transferred
-2.1472065,3.6851597,Monocyte,E14S,transferred
-4.0191803,4.2403955,Il1b+ TAM,E14S,transferred
-5.718207,5.3185277,C1qc+ TAM,E14S,transferred
-2.2141044,1.2942952,Monocyte,E14S,transferred
1.7436646,6.471065,mDC,E14S,transferred
-4.705735,2.742914,Il1b+ TAM,E14S,transferred
17.097176,6.5040474,Hypoxic Tumor,E14S,transferred
-1.5930145,2.5449133,Monocyte,E14S,transferred
-5.2484136,3.696668,Il1b+ TAM,E14S,transferred
-0.29815176,1.7106414,Monocyte,E14S,transferred
-0.2393173,4.9720807,cDC,E14S,transferred
-5.694149,0.6984314,Spp1+ TAM,E14S,transferred
-1.0308442,2.4829712,Monocyte,E14S,transferred
-3.4573865,4.0958977,Monocyte,E14S,transferred
-3.0760348,4.6084814,C1qc+ TAM,E14S,transferred
0.7706796,-5.527187,Il1b+ TAM,E14S,transferred
-1.1090566,1.3830951,Monocyte,E14S,transferred
-5.1501193,4.24953,Il1b+ TAM,E14S,transferred
3.0145319,11.320072,CD8 Terminally Exhausted,E14S,transferred
-6.682086,1.772098,C1qc+ TAM,E14S,transferred
-3.3152728,3.7032874,Monocyte,E14S,transferred
-3.3045802,5.897862,Resident Macrophage,E14S,transferred
-5.6551385,1.493741,Spp1+ TAM,E14S,transferred
-4.528781,0.889284,Il1b+ TAM,E14S,transferred
-3.5173485,4.509375,C1qc+ TAM,E14S,transferred
-4.196168,3.6744041,Il1b+ TAM,E14S,transferred
-2.360815,6.035344,C1qc+ TAM,E14S,transferred
-3.9076967,4.765055,C1qc+ TAM,E14S,transferred
-2.7050242,4.1740966,Monocyte,E14S,transferred
-6.2344685,2.385956,Resident Macrophage,E14S,transferred
-2.935793,3.8962102,C1qc+ TAM,E14S,transferred
17.069342,7.917274,Hypoxic Tumor,E14S,transferred
-2.464043,2.8051705,Resident Macrophage,E14S,transferred
-5.0559382,2.1301448,Il1b+ TAM,E14S,transferred
16.411486,7.6403284,Hypoxic Tumor,E14S,transferred
-2.1351075,3.5556903,Monocyte,E14S,transferred
-0.04108519,1.6920795,Monocyte,E14S,transferred
-3.067625,4.2712903,Il1b+ TAM,E14S,transferred
-6.103062,3.4930866,C1qc+ TAM,E14S,transferred
0.21318437,-7.817955,Neutrophil,E14S,transferred
-2.6938236,4.10611,Monocyte,E14S,transferred
18.392742,9.274607,Stromal,E14S,transferred
-1.2870343,3.534433,Monocyte,E14S,transferred
-3.1130304,5.001848,Il1b+ TAM,E14S,transferred
-5.0756674,3.824022,Monocyte,E14S,transferred
-5.3109937,2.8813837,Resident Macrophage,E14S,transferred
1.2098603,-8.378249,Neutrophil,E14S,transferred
-2.5069788,2.483923,Monocyte,E14S,transferred
3.102152,11.121312,CD8 Terminally Exhausted,E14S,transferred
-0.39671028,-8.181719,Neutrophil,E14S,transferred
2.1962628,-8.959807,Neutrophil,E14S,transferred
-3.0754406,4.7628107,Monocyte,E14S,transferred
-5.155953,0.74022496,Spp1+ TAM,E14S,transferred
2.2579823,15.407678,NK,E14S,transferred
-6.6350455,3.9745827,C1qc+ TAM,E14S,transferred
26.51447,4.437385,Tumor,E14S,transferred
2.9988747,11.154199,Resident Macrophage,E14S,transferred
-4.700258,4.5818453,Resident Macrophage,E14S,transferred
-2.7295637,3.9364505,Monocyte,E14S,transferred
-6.019307,4.5253005,C1qc+ TAM,E14S,transferred
-4.3099437,0.4054128,Spp1+ TAM,E14S,transferred
-1.3983147,3.3237498,Monocyte,E14S,transferred
-6.2652197,3.6658235,Resident Macrophage,E14S,transferred
2.4196389,15.291902,NK,E14S,transferred
-0.43850702,0.44891572,Monocyte,E14S,transferred
0.554377,-6.1904187,Neutrophil,E14S,transferred
-4.710934,4.8512287,Resident Macrophage,E14S,transferred
-4.169038,2.3095376,Il1b+ TAM,E14S,transferred
-1.2994189,10.735299,B,E14S,transferred
-5.142499,2.8869903,Il1b+ TAM,E14S,transferred
-4.282102,1.9251658,Il1b+ TAM,E14S,transferred
1.2470574,13.719238,NK,E14S,transferred
3.0683324,13.323272,NK,E14S,transferred
1.9929742,6.975653,mDC,E14S,transferred
-3.2329965,5.6623015,Il1b+ TAM,E14S,transferred
2.995136,11.437221,CD4 T,E14S,transferred
0.12038456,-8.218746,Neutrophil,E14S,transferred
-0.24662718,3.7478027,Monocyte,E14S,transferred
-0.024191208,1.5422393,Monocyte,E14S,transferred
16.468416,10.272514,Stromal,E14S,transferred
-3.8656664,1.7732277,Il1b+ TAM,E14S,transferred
-1.6457311,4.5664916,Resident Macrophage,E14S,transferred
-5.3918414,3.461646,Il1b+ TAM,E14S,transferred
16.836224,7.848833,Hypoxic Tumor,E14S,transferred
-1.1226782,2.9388607,Monocyte,E14S,transferred
-1.3133934,2.8314764,Monocyte,E14S,transferred
-5.6590385,2.373334,Il1b+ TAM,E14S,transferred
16.248388,10.706124,Stromal,E14S,transferred
-4.999682,2.018482,Resident Macrophage,E14S,transferred
2.4372842,10.95338,Il1b+ TAM,E14S,transferred
16.398182,6.3897324,Hypoxic Tumor,E14S,knn
0.513725,5.5951796,cDC,E14S,transferred
0.743061,-7.750843,Neutrophil,E14S,transferred
2.8151798,-7.2914166,Neutrophil,E14S,transferred
3.119736,13.015303,CD8 Terminally Exhausted,E14S,transferred
-6.0265517,4.8230257,Resident Macrophage,E14S,transferred
-0.6683679,-0.23021543,Monocyte,E14S,transferred
2.651099,7.444559,mDC,E14S,transferred
-1.3868259,2.8179834,Monocyte,E14S,transferred
-6.12165,5.2947097,Resident Macrophage,E14S,transferred
-5.9293046,1.6404363,C1qc+ TAM,E14S,transferred
-1.251612,3.5621064,Resident Macrophage,E14S,transferred
-3.8708837,6.1935377,Monocyte,E14S,transferred
-5.400802,2.8341548,Resident Macrophage,E14S,transferred
-6.033014,0.9409336,Spp1+ TAM,E14S,transferred
-2.3938935,4.0891275,Monocyte,E14S,transferred
-1.520871,2.7750206,Monocyte,E14S,transferred
-1.5057466,2.5192482,Monocyte,E14S,transferred
-1.6039646,3.2773833,Resident Macrophage,E14S,transferred
-2.5129502,2.1113436,Monocyte,E14S,transferred
-0.74608934,1.8496442,Monocyte,E14S,transferred
-3.3643842,0.74443823,Monocyte,E14S,transferred
-2.7269218,3.7852097,Monocyte,E14S,transferred
-5.6524105,5.4269285,C1qc+ TAM,E14S,transferred
-5.4994545,4.428824,C1qc+ TAM,E14S,transferred
-6.29483,5.2672834,Resident Macrophage,E14S,transferred
-3.43033,0.55735624,Monocyte,E14S,transferred
3.3406107,12.154634,CD8 Terminally Exhausted,E14S,transferred
-3.7404885,5.2763524,C1qc+ TAM,E14S,transferred
-0.18349141,-7.078182,Neutrophil,E14S,transferred
-3.0852027,4.484107,C1qc+ TAM,E14S,transferred
-3.844979,3.3725457,Resident Macrophage,E14S,transferred
-5.5673404,3.285914,Resident Macrophage,E14S,transferred
0.6788122,-7.7853274,Neutrophil,E14S,transferred
1.3170264,14.168016,NK,E14S,transferred
-5.302973,5.2451816,C1qc+ TAM,E14S,transferred
-6.1166787,2.5153859,Il1b+ TAM,E14S,transferred
2.6137373,7.3329644,mDC,E14S,transferred
-0.4222816,-0.047617417,Monocyte,E14S,transferred
1.0707688,-8.301773,Neutrophil,E14S,transferred
-3.2924433,6.2983494,Il1b+ TAM,E14S,transferred
-0.92767984,1.5992599,Monocyte,E14S,transferred
-3.4970887,0.5447346,Spp1+ TAM,E14S,transferred
-4.5172687,6.1798177,C1qc+ TAM,E14S,transferred
-1.6964303,3.9578972,Monocyte,E14S,transferred
-4.057217,6.7540116,Resident Macrophage,E14S,transferred
16.655003,8.273277,Hypoxic Tumor,E14S,transferred
-5.573306,1.440729,Spp1+ TAM,E14S,transferred
2.2360122,14.250905,NK,E14S,transferred
0.25281766,1.6686206,Monocyte,E14S,transferred
-1.6165711,4.787276,Resident Macrophage,E14S,transferred
1.7036605,-8.372067,Neutrophil,E14S,transferred
-5.523839,0.61570567,Spp1+ TAM,E14S,transferred
-0.45943668,1.698499,Monocyte,E14S,transferred
22.545795,4.1774354,Hypoxic Tumor,E14S,transferred
-3.0683684,1.9910698,Il1b+ TAM,E14S,transferred
0.14851497,1.0777605,Monocyte,E14S,transferred
16.679152,7.6172543,Hypoxic Tumor,E14S,transferred
-4.271437,5.774723,C1qc+ TAM,E14S,transferred
-0.7803397,3.0484395,Monocyte,E14S,transferred
-3.5709488,4.1711836,Il1b+ TAM,E14S,transferred
-0.4525932,4.892112,B,E14S,transferred
2.3852668,-9.289129,Neutrophil,E14S,transferred
16.38385,7.473668,Hypoxic Tumor,E14S,transferred
-4.8295813,3.1769745,Il1b+ TAM,E14S,transferred
16.60262,5.9665294,Hypoxic Tumor,E14S,knn
-3.9156177,2.3940017,Il1b+ TAM,E14S,transferred
3.2054155,-7.116112,Neutrophil,E14S,transferred
-4.260665,2.137326,Il1b+ TAM,E14S,transferred
-4.499698,3.4947085,Il1b+ TAM,E14S,transferred
-1.4793178,2.7582169,Monocyte,E14S,transferred
-1.6521177,2.1790686,Monocyte,E14S,transferred
-4.2549915,4.1937957,Il1b+ TAM,E14S,transferred
-4.9885235,4.4345827,Il1b+ TAM,E14S,transferred
1.0776674,-5.9549828,Neutrophil,E14S,transferred
-5.288826,1.6877723,Spp1+ TAM,E14S,transferred
0.34419525,0.46760154,Monocyte,E14S,transferred
0.59497094,-7.7994633,Neutrophil,E14S,transferred
-1.4111841,2.795207,Monocyte,E14S,transferred
-4.955573,4.275313,C1qc+ TAM,E14S,transferred
3.2547958,-7.1533875,Neutrophil,E14S,transferred
0.19176194,4.3915834,cDC,E14S,transferred
-5.503985,2.9248672,Resident Macrophage,E14S,transferred
-2.128089,1.1976353,Monocyte,E14S,transferred
26.486563,4.217594,Tumor,E14S,transferred
-2.1771762,4.040161,Resident Macrophage,E14S,transferred
1.3481754,14.080293,NK,E14S,transferred
1.9762901,-9.056372,Neutrophil,E14S,transferred
2.630786,11.009539,cDC,E14S,transferred
-0.9726971,2.243919,Resident Macrophage,E14S,transferred
-0.45520148,-0.08639955,Monocyte,E14S,transferred
-1.4790568,0.81495595,Monocyte,E14S,transferred
-5.445678,4.546035,Resident Macrophage,E14S,transferred
-3.2576923,4.3639784,Il1b+ TAM,E14S,transferred
-0.89529294,1.4791812,Monocyte,E14S,transferred
16.644157,5.9539967,Hypoxic Tumor,E14S,knn
-0.5625883,0.014295771,Monocyte,E14S,transferred
16.387234,8.199302,Hypoxic Tumor,E14S,transferred
-3.3686082,3.9725404,Il1b+ TAM,E14S,transferred
-6.477089,2.6118176,Spp1+ TAM,E14S,transferred
19.057379,6.9881735,Hypoxic Tumor,E14S,transferred
-2.9170465,3.1885927,Il1b+ TAM,E14S,transferred
-3.2224674,1.7726462,Monocyte,E14S,transferred
-6.224101,4.3417983,Resident Macrophage,E14S,transferred
-1.2780966,3.7402246,Resident Macrophage,E14S,transferred
5.405708,9.873146,B,E14S,transferred
1.0689881,5.0218625,cDC,E14S,transferred
25.05351,5.6551657,Tumor,E14S,transferred
-3.9660904,6.4924765,C1qc+ TAM,E14S,transferred
1.6173724,14.231011,NK,E14S,transferred
3.4154835,12.070708,CD8 Exhausted Proliferating,E14S,transferred
2.9524589,11.20125,Resident Macrophage,E14S,transferred
0.86211157,-8.702989,Neutrophil,E14S,transferred
-4.3642044,2.363017,Resident Macrophage,E14S,transferred
-1.7337852,3.5261388,Monocyte,E14S,transferred
15.370938,11.238973,Stromal,E14S,transferred
-3.2536068,3.1341176,Monocyte,E14S,transferred
-4.8048973,3.581148,Il1b+ TAM,E14S,transferred
-5.1896043,3.560932,Il1b+ TAM,E14S,transferred
1.9598746,6.8768277,mDC,E14S,transferred
-4.4634438,3.502279,Resident Macrophage,E14S,transferred
2.877753,12.252257,CD8 Terminally Exhausted,E14S,transferred
-0.4076073,1.3451228,Monocyte,E14S,transferred
3.2323604,13.075381,CD8 Exhausted Proliferating,E14S,transferred
-4.4954233,3.3436716,Il1b+ TAM,E14S,transferred
1.8745648,7.339923,mDC,E14S,transferred
16.903837,9.292863,Hypoxic Tumor,E14S,transferred
-3.3740406,2.5134323,Il1b+ TAM,E14S,transferred
-1.9918718,2.9550915,Monocyte,E14S,transferred
-4.5912247,3.945277,Resident Macrophage,E14S,transferred
2.4863398,7.2464232,mDC,E14S,transferred
-1.6956904,2.5855515,Monocyte,E14S,transferred
0.17105234,5.279388,cDC,E14S,transferred
-2.037358,3.431108,Monocyte,E14S,transferred
-1.0409086,2.9819074,Monocyte,E14S,transferred
-4.6285214,5.4161954,C1qc+ TAM,E14S,transferred
0.31097266,5.386796,cDC,E14S,transferred
-1.1795119,2.8343945,Resident Macrophage,E14S,transferred
0.083207786,-6.3047585,Neutrophil,E14S,transferred
1.425541,-8.539629,Neutrophil,E14S,transferred
3.3523328,-7.095801,Neutrophil,E14S,transferred
-3.6384892,2.6486835,Il1b+ TAM,E14S,transferred
1.4254355,6.8937016,mDC,E14S,transferred
-4.626362,3.2058494,Il1b+ TAM,E14S,transferred
-4.556548,2.1819277,Il1b+ TAM,E14S,transferred
2.4126706,11.385123,Il1b+ TAM,E14S,transferred
-0.40479723,1.3339981,Monocyte,E14S,transferred
-6.489284,3.0072892,Resident Macrophage,E14S,transferred
0.17491882,0.47186822,Monocyte,E14S,transferred
22.97508,3.9483078,Hypoxic Tumor,E14S,transferred
-5.4600525,3.841311,Resident Macrophage,E14S,transferred
-4.338539,4.6509376,Resident Macrophage,E14S,transferred
2.9021773,11.170064,Resident Macrophage,E14S,transferred
1.3766577,14.045602,NK,E14S,transferred
-4.152782,1.3151101,Spp1+ TAM,E14S,transferred
-4.9133406,5.5101275,C1qc+ TAM,E14S,transferred
-2.1122513,3.2552657,Monocyte,E14S,transferred
-2.6460946,3.4706087,Monocyte,E14S,transferred
-0.6056319,0.09574982,Monocyte,E14S,transferred
-2.7754378,3.7121046,C1qc+ TAM,E14S,transferred
-4.120928,2.0498922,Il1b+ TAM,E14S,transferred
3.0157883,11.338018,CD8 Terminally Exhausted,E14S,transferred
1.4739635,13.805467,NK,E14S,transferred
-1.2777666,2.1685262,Monocyte,E14S,transferred
1.7804676,14.509877,NK,E14S,transferred
0.35382095,2.0103605,Monocyte,E14S,transferred
-2.2035441,2.3556569,Monocyte,E14S,transferred
2.5846097,15.259581,NK,E14S,transferred
-2.4009068,4.1657643,Resident Macrophage,E14S,transferred
-1.4456424,2.8859184,Monocyte,E14S,transferred
-2.5051675,1.3450905,Monocyte,E14S,transferred
1.4866168,13.884031,NK,E14S,transferred
-3.1782546,4.263554,C1qc+ TAM,E14S,transferred
3.284156,13.040129,CD8 Terminally Exhausted,E14S,transferred
-3.171064,3.4099941,Il1b+ TAM,E14S,transferred
-3.7704353,4.411534,Il1b+ TAM,E14S,transferred
-2.0050406,2.7268703,Monocyte,E14S,transferred
16.31847,10.380271,Hypoxic Tumor,E14S,transferred
-0.90677696,-0.13730448,Monocyte,E14S,transferred
0.9585578,5.396162,cDC,E14S,transferred
1.85337,6.563158,mDC,E14S,transferred
2.0585387,6.9598923,mDC,E14S,transferred
-5.3783417,4.754853,C1qc+ TAM,E14S,transferred
0.9060574,-7.9733396,Neutrophil,E14S,transferred
-3.4754453,1.1288947,Il1b+ TAM,E14S,transferred
3.2918532,12.129562,CD8 Exhausted Proliferating,E14S,transferred
-2.0868094,3.7678027,Monocyte,E14S,transferred
2.8380768,12.208505,CD4 T,E14S,transferred
-4.6961384,6.4659033,C1qc+ TAM,E14S,transferred
1.3218534,13.677985,NK,E14S,transferred
1.0420007,6.0382376,cDC,E14S,transferred
-6.0180173,2.978277,Resident Macrophage,E14S,transferred
-3.0126216,5.2745485,Monocyte,E14S,transferred
-3.3790555,2.1961455,Il1b+ TAM,E14S,transferred
-3.6516812,6.5466185,C1qc+ TAM,E14S,transferred
-4.0105586,6.4222503,C1qc+ TAM,E14S,transferred
-3.722429,1.6367177,Il1b+ TAM,E14S,transferred
-2.9257102,1.6741161,Monocyte,E14S,transferred
-6.510347,0.9662011,Spp1+ TAM,E14S,transferred
18.553326,7.091658,Hypoxic Tumor,E14S,transferred
-3.2567809,5.1990714,C1qc+ TAM,E14S,transferred
-5.7972856,4.4033723,C1qc+ TAM,E14S,transferred
-2.3163872,2.1685958,Monocyte,E14S,transferred
27.26917,4.965815,Tumor,E14S,transferred
0.95311075,-7.6343765,Neutrophil,E14S,transferred
-0.77646166,-8.059121,Neutrophil,E14S,transferred
-6.6297665,3.8490841,Resident Macrophage,E14S,transferred
-2.50601,4.1980534,Il1b+ TAM,E14S,transferred
1.4207249,14.329716,NK,E14S,transferred
-1.0148764,1.149029,Monocyte,E14S,transferred
-3.325598,4.7885866,C1qc+ TAM,E14S,transferred
26.378315,3.5050795,Tumor,E14S,transferred
1.587875,-7.670734,Neutrophil,E14S,transferred
2.1379359,7.507696,mDC,E14S,transferred
1.4807832,-7.265465,Neutrophil,E14S,transferred
27.242542,3.2460463,Tumor,E14S,transferred
-3.3053305,4.7527165,Il1b+ TAM,E14S,transferred
-1.5908508,3.1797736,Resident Macrophage,E14S,transferred
2.5041285,7.1340117,mDC,E14S,transferred
0.83558774,5.8211303,cDC,E14S,transferred
-6.2826757,1.9048783,Spp1+ TAM,E14S,transferred
1.441919,7.0359373,mDC,E14S,transferred
2.713318,12.7332,CD8 Terminally Exhausted,E14S,transferred
-6.3059535,1.4810172,Spp1+ TAM,E14S,transferred
-1.9726025,5.0788307,Resident Macrophage,E14S,transferred
-3.5164251,6.705011,C1qc+ TAM,E14S,transferred
-6.8616676,1.1669109,C1qc+ TAM,E14S,transferred
3.2065828,13.101239,CD8 Terminally Exhausted,E14S,transferred
-0.41536608,3.5738158,Monocyte,E14S,transferred
1.0381162,-8.083934,Neutrophil,E14S,transferred
3.3271966,12.1942425,CD8 Exhausted Proliferating,E14S,transferred
-5.138118,4.2075725,Resident Macrophage,E14S,transferred
-0.06449016,2.357113,Monocyte,E14S,transferred
-2.7087288,3.0392978,Monocyte,E14S,transferred
-0.6156584,4.699149,B,E14S,transferred
-5.448583,4.8108196,C1qc+ TAM,E14S,transferred
-2.0515368,4.783976,Resident Macrophage,E14S,transferred
-3.7161734,6.75158,C1qc+ TAM,E14S,transferred
-2.4118903,2.6263876,Monocyte,E14S,transferred
-2.972408,2.688854,Monocyte,E14S,transferred
0.3439939,0.5364002,Monocyte,E14S,transferred
-3.2584915,2.6492867,Monocyte,E14S,transferred
-4.368313,1.8940742,Neutrophil,E14S,transferred
-0.27083808,-7.4681144,Neutrophil,E14S,transferred
-2.8649554,3.2834213,Spp1+ TAM,E14S,transferred
-5.1871476,3.711636,Resident Macrophage,E14S,transferred
1.8265946,6.839284,mDC,E14S,transferred
-3.83171,6.553816,C1qc+ TAM,E14S,transferred
0.24582906,5.078543,cDC,E14S,transferred
0.45327973,4.9118495,cDC,E14S,transferred
-5.349342,2.8089733,Resident Macrophage,E14S,transferred
-1.5381962,1.129983,Monocyte,E14S,transferred
0.2357903,-8.100596,Neutrophil,E14S,transferred
19.080578,6.961371,Hypoxic Tumor,E14S,transferred
-3.1522546,3.140408,Monocyte,E14S,transferred
-0.30634964,0.8585697,Monocyte,E14S,transferred
3.189768,12.634311,Resident Macrophage,E14S,transferred
2.5037384,13.709268,NK T,E14S,transferred
-2.1805634,1.8968585,Monocyte,E14S,transferred
-1.9547693,3.1615088,Monocyte,E14S,transferred
0.119856715,-7.561027,Neutrophil,E14S,transferred
-5.520545,3.373212,Resident Macrophage,E14S,transferred
2.8923597,12.524419,CD8 Terminally Exhausted,E14S,transferred
-0.26041806,2.0643733,Monocyte,E14S,transferred
-1.2007701,1.9477383,Monocyte,E14S,transferred
-4.396317,0.63498116,Spp1+ TAM,E14S,transferred
-0.8477082,0.03864947,Il1b+ TAM,E14S,transferred
-5.8238544,1.4555448,Spp1+ TAM,E14S,transferred
-1.3259168,0.4079574,Il1b+ TAM,E14S,transferred
-3.4125524,2.076796,Il1b+ TAM,E14S,transferred
2.091996,14.698186,NK,E14S,transferred
-4.38752,2.772727,Il1b+ TAM,E14S,transferred
-1.785123,0.60757256,Spp1+ TAM,E14S,transferred
3.1213374,11.090088,CD8 Terminally Exhausted,E14S,transferred
-5.88927,1.0425085,Spp1+ TAM,E14S,transferred
0.47202617,-5.9207954,Neutrophil,E14S,transferred
16.425129,8.276686,Hypoxic Tumor,E14S,transferred
-3.7609656,3.9419332,Il1b+ TAM,E14S,transferred
-2.981819,4.2589116,Il1b+ TAM,E14S,transferred
17.695654,6.7207108,Hypoxic Tumor,E14S,transferred
0.27946347,-8.526433,Neutrophil,E14S,transferred
-4.4308057,4.3254156,C1qc+ TAM,E14S,transferred
-1.0390395,2.635119,Monocyte,E14S,transferred
-6.3467913,2.6099265,Resident Macrophage,E14S,transferred
2.9126723,11.366425,CD8 Exhausted Proliferating,E14S,transferred
-3.9163754,5.991763,C1qc+ TAM,E14S,transferred
-3.931302,3.7695842,Il1b+ TAM,E14S,transferred
16.467997,6.941557,Hypoxic Tumor,E14S,transferred
0.33861107,-5.813206,Neutrophil,E14S,transferred
-2.8392346,3.405506,Monocyte,E14S,transferred
-5.715226,3.1631413,Il1b+ TAM,E14S,transferred
0.87028414,-6.0497713,Neutrophil,E14S,transferred
-0.4768407,3.1977592,Monocyte,E14S,transferred
0.90738,-8.619742,Neutrophil,E14S,transferred
-0.49670437,1.1880832,Monocyte,E14S,transferred
-2.9466143,1.7665752,Il1b+ TAM,E14S,transferred
16.770983,6.39021,Hypoxic Tumor,E14S,transferred
-3.332175,4.952302,Il1b+ TAM,E14S,transferred
-2.1622224,5.079295,Resident Macrophage,E14S,transferred
-1.8178768,3.0727017,Monocyte,E14S,transferred
-4.7342577,4.878033,Il1b+ TAM,E14S,transferred
-1.2001351,3.0607996,Monocyte,E14S,transferred
25.547781,5.6089845,Hypoxic Tumor,E14S,transferred
0.5495799,-6.2187705,Neutrophil,E14S,transferred
-4.022515,4.748436,C1qc+ TAM,E14S,transferred
22.900362,4.022369,Hypoxic Tumor,E14S,transferred
-3.3819222,5.374971,Il1b+ TAM,E14S,transferred
-5.9169855,3.6654627,Resident Macrophage,E14S,transferred
0.54852897,-5.6535854,Neutrophil,E14S,transferred
-3.7471216,3.838947,C1qc+ TAM,E14S,transferred
2.9464047,13.144698,CD8 Terminally Exhausted,E14S,transferred
-0.0767674,-6.1416626,Neutrophil,E14S,transferred
1.229315,5.082356,cDC,E14S,transferred
-1.6261337,4.309728,Resident Macrophage,E14S,transferred
0.48704398,-5.6739287,Neutrophil,E14S,transferred
-2.3904831,4.407095,C1qc+ TAM,E14S,transferred
-5.3453264,0.7337746,Spp1+ TAM,E14S,transferred
-5.27374,5.1574297,C1qc+ TAM,E14S,transferred
0.8622261,5.898025,cDC,E14S,transferred
3.0539157,11.130059,Resident Macrophage,E14S,transferred
-2.9658134,1.4026806,Monocyte,E14S,transferred
16.932243,7.7676477,Hypoxic Tumor,E14S,transferred
-6.76368,3.159724,C1qc+ TAM,E14S,transferred
2.9796004,11.443331,CD8 Terminally Exhausted,E14S,transferred
-4.6471624,6.250143,C1qc+ TAM,E14S,transferred
3.4155865,13.032796,CD8 Exhausted Proliferating,E14S,transferred
-3.6686769,0.70419157,Spp1+ TAM,E14S,transferred
-3.247092,4.613739,Monocyte,E14S,transferred
0.6701393,0.65423906,Monocyte,E14S,transferred
2.5877268,14.934789,NK,E14S,transferred
-3.82052,2.4055002,Il1b+ TAM,E14S,transferred
17.139412,10.455753,Stromal,E14S,transferred
-6.094116,2.4011662,Il1b+ TAM,E14S,transferred
2.1326072,7.181779,mDC,E14S,transferred
-1.3044523,5.1183863,Resident Macrophage,E14S,transferred
-4.370225,5.2038975,C1qc+ TAM,E14S,transferred
-6.5966563,0.93715364,Resident Macrophage,E14S,transferred
-3.4744499,4.804921,Il1b+ TAM,E14S,transferred
-2.7622015,1.0786525,Il1b+ TAM,E14S,transferred
-1.3707157,3.1419885,Resident Macrophage,E14S,transferred
-2.8852696,3.661771,Il1b+ TAM,E14S,transferred
-4.218604,4.702616,Il1b+ TAM,E14S,transferred
-3.2953422,1.3483585,Il1b+ TAM,E14S,transferred
-1.9251868,4.6753573,Resident Macrophage,E14S,transferred
-2.2519667,1.170653,Il1b+ TAM,E14S,transferred
-5.449283,3.9431446,Il1b+ TAM,E14S,transferred
-3.353407,3.1451986,Spp1+ TAM,E14S,transferred
-4.893412,4.64176,C1qc+ TAM,E14S,transferred
15.533631,11.092696,Stromal,E15S,transferred
2.068011,14.5311985,NK,E15S,transferred
18.501871,8.233227,Stromal,E15S,knn
-4.9731154,1.9783207,Il1b+ TAM,E15S,transferred
23.419611,3.8433237,Tumor Proliferating,E15S,transferred
0.5469573,-8.267442,Neutrophil,E15S,transferred
-5.3817067,4.1238866,Resident Macrophage,E15S,transferred
19.347847,8.890579,Stromal,E15S,transferred
-5.434884,1.2749772,Resident Macrophage,E15S,transferred
23.243917,4.0060506,Tumor Proliferating,E15S,transferred
24.20273,3.803648,CAF,E15S,transferred
-5.396848,3.955037,C1qc+ TAM,E15S,transferred
-1.281081,3.1986356,Monocyte,E15S,transferred
25.758717,5.7013597,Tumor,E15S,transferred
-1.7723384,1.2546226,Monocyte,E15S,transferred
2.2015786,-8.239026,Neutrophil,E15S,transferred
18.75203,9.945222,Stromal,E15S,transferred
-0.8069538,1.8551414,Monocyte,E15S,transferred
-5.203657,5.6656604,C1qc+ TAM,E15S,transferred
19.243986,7.12751,Hypoxic Tumor,E15S,knn
-3.0658383,2.5068774,Resident Macrophage,E15S,transferred
17.326452,10.07464,Stromal,E15S,transferred
1.3378465,-8.403195,Neutrophil,E15S,transferred
25.385859,4.6303906,Tumor,E15S,transferred
16.782291,7.408537,Hypoxic Tumor,E15S,knn
-4.136932,4.070799,Monocyte,E15S,transferred
17.373173,9.821453,Stromal,E15S,transferred
2.5753787,-7.313723,Neutrophil,E15S,transferred
17.031055,11.479062,Stromal,E15S,transferred
1.6888721,-7.288376,Neutrophil,E15S,transferred
17.562498,6.780452,Hypoxic Tumor,E15S,knn
0.2886677,4.9968133,cDC,E15S,transferred
-5.3853917,2.9167342,Resident Macrophage,E15S,transferred
23.58767,3.8670762,CAF,E15S,transferred
25.604437,4.659857,CAF,E15S,transferred
23.109674,3.521576,Tumor Proliferating,E15S,transferred
-5.112816,6.1522107,C1qc+ TAM,E15S,transferred
15.454322,11.495157,Stromal,E15S,transferred
25.959253,3.9420083,Tumor,E15S,transferred
0.14645724,-6.2721214,Il1b+ TAM,E15S,transferred
-0.20043318,-7.9604926,Neutrophil,E15S,transferred
-6.212725,0.91804934,Spp1+ TAM,E15S,transferred
-0.2706979,-8.379831,Neutrophil,E15S,transferred
-4.2846723,5.7172904,C1qc+ TAM,E15S,transferred
23.640524,5.5050697,Tumor Proliferating,E15S,transferred
16.597475,7.4402885,Hypoxic Tumor,E15S,transferred
26.042622,5.460789,Tumor,E15S,transferred
0.60069525,5.094342,cDC,E15S,transferred
-6.952694,3.4477756,C1qc+ TAM,E15S,transferred
-4.82,5.992972,C1qc+ TAM,E15S,transferred
15.847561,11.012905,Stromal,E15S,transferred
16.624426,5.9943495,Hypoxic Tumor,E15S,knn
24.834908,5.0705643,Tumor Proliferating,E15S,transferred
-4.1293025,2.1157775,Resident Macrophage,E15S,transferred
24.574608,4.0487146,Tumor,E15S,transferred
27.560839,3.4124238,Tumor,E15S,transferred
1.3428226,14.253041,NK,E15S,transferred
18.642296,9.173217,Tumor Proliferating,E15S,transferred
-5.0405664,0.49804372,Spp1+ TAM,E15S,transferred
-5.544767,4.3085566,C1qc+ TAM,E15S,transferred
27.115665,3.7350473,Tumor,E15S,transferred
25.158922,3.655063,CAF,E15S,transferred
-0.53629243,-7.553051,Neutrophil,E15S,transferred
1.7944757,14.480916,NK,E15S,transferred
-3.0339234,2.821574,Spp1+ TAM,E15S,transferred
17.59608,9.594813,Stromal,E15S,transferred
2.181358,14.709208,NK,E15S,transferred
24.666935,4.73471,Tumor Proliferating,E15S,transferred
24.128761,3.786338,CAF,E15S,transferred
-1.9486941,3.4601886,Monocyte,E15S,transferred
0.46213982,-7.3463044,Neutrophil,E15S,transferred
16.414194,8.829365,Hypoxic Tumor,E15S,transferred
16.769379,6.103725,Hypoxic Tumor,E15S,transferred
-5.7337937,0.70951295,Spp1+ TAM,E15S,transferred
27.2684,4.101334,Tumor,E15S,transferred
-5.7096863,2.3564284,Resident Macrophage,E15S,transferred
2.8887966,-7.4133167,Neutrophil,E15S,transferred
25.839367,5.4089127,Hypoxic Tumor,E15S,transferred
0.6000509,-7.8251753,Neutrophil,E15S,transferred
24.102575,4.076143,CAF,E15S,transferred
-4.9698143,2.8278134,Resident Macrophage,E15S,transferred
25.589834,3.8742907,Tumor,E15S,transferred
-3.777895,2.8831468,C1qc+ TAM,E15S,transferred
-1.7625413,2.9241486,Monocyte,E15S,transferred
-3.274383,6.300203,Il1b+ TAM,E15S,transferred
17.795143,11.27673,Stromal,E15S,transferred
16.99771,7.936873,Hypoxic Tumor,E15S,transferred
23.30523,4.090781,Tumor Proliferating,E15S,transferred
25.05216,3.8841515,Tumor,E15S,transferred
-0.14688575,-7.4908247,Neutrophil,E15S,transferred
-2.5432522,3.5034523,Resident Macrophage,E15S,transferred
-3.111567,0.46648228,Spp1+ TAM,E15S,transferred
0.00894834,-7.747592,Neutrophil,E15S,transferred
-0.12000309,-8.277989,Neutrophil,E15S,transferred
18.269974,10.573673,Stromal,E15S,transferred
-0.77300924,1.4885415,Monocyte,E15S,transferred
24.117102,5.8296857,Tumor,E15S,transferred
23.300755,5.1978297,Tumor Proliferating,E15S,transferred
16.210611,9.502366,Hypoxic Tumor,E15S,transferred
0.80734587,-8.299318,Neutrophil,E15S,transferred
23.142532,3.862822,Tumor Proliferating,E15S,transferred
26.177488,2.8803086,Tumor,E15S,transferred
16.7553,9.64259,Stromal,E15S,transferred
18.355473,9.807002,Stromal,E15S,transferred
18.23138,10.518385,Stromal,E15S,transferred
0.6450968,-8.314199,Neutrophil,E15S,transferred
25.813406,5.1869564,Tumor,E15S,transferred
-2.438888,2.176327,Monocyte,E15S,transferred
17.921148,9.5752125,Stromal,E15S,transferred
-0.3741083,-7.886882,Neutrophil,E15S,transferred
22.793657,4.057936,Tumor Proliferating,E15S,transferred
-6.968445,1.8261417,C1qc+ TAM,E15S,transferred
-0.6713255,-8.0158,Neutrophil,E15S,transferred
-2.084685,1.5705464,Monocyte,E15S,transferred
2.557355,15.4396925,NK,E15S,transferred
24.369213,5.6390605,Tumor,E15S,transferred
15.900149,11.411468,Stromal,E15S,transferred
25.718704,3.0757394,Tumor,E15S,transferred
-1.2479967,3.0717847,Monocyte,E15S,transferred
-2.5027204,2.2397034,Monocyte,E15S,transferred
2.333486,13.479334,NK T,E15S,transferred
-2.6895165,2.660516,C1qc+ TAM,E15S,transferred
1.7205726,-7.4662375,Neutrophil,E15S,transferred
2.3998947,13.7563095,NK T,E15S,transferred
25.432932,3.4163508,Tumor,E15S,transferred
-3.3799863,6.623617,Monocyte,E15S,transferred
17.492,6.7841606,Hypoxic Tumor,E15S,knn
23.50404,4.124756,CAF,E15S,transferred
-2.9294837,4.2140064,C1qc+ TAM,E15S,transferred
-3.0488276,3.8681505,Monocyte,E15S,transferred
0.8629313,-8.835995,Neutrophil,E15S,transferred
16.398985,7.630261,Hypoxic Tumor,E15S,transferred
-3.3630128,1.5418582,Monocyte,E15S,transferred
-4.004512,3.3431487,Resident Macrophage,E15S,transferred
-0.346528,1.2149711,Monocyte,E15S,transferred
-0.20105569,-8.345149,Neutrophil,E15S,transferred
2.4287415,10.816168,Monocyte,E15S,transferred
-4.8599663,2.4395618,Il1b+ TAM,E15S,transferred
1.115233,-7.787749,Neutrophil,E15S,transferred
23.882957,3.650285,Tumor Proliferating,E15S,transferred
-5.890451,3.8611736,Resident Macrophage,E15S,transferred
16.301632,11.22467,Stromal,E15S,transferred
-4.793324,4.9789453,C1qc+ TAM,E15S,transferred
26.763708,3.1282969,Tumor,E15S,transferred
18.804846,9.745798,Stromal,E15S,transferred
27.146547,4.506009,Tumor,E15S,transferred
16.80322,8.108248,Hypoxic Tumor,E15S,transferred
18.313513,10.253604,Stromal,E15S,transferred
5.3281226,9.933189,B,E15S,knn
-3.9799118,6.7869854,C1qc+ TAM,E15S,transferred
1.1573997,-8.859401,Neutrophil,E15S,transferred
-2.5721972,2.8398328,Monocyte,E15S,transferred
-6.095183,1.1841172,Spp1+ TAM,E15S,transferred
25.690792,3.8172843,Tumor,E15S,transferred
-1.5281931,1.6123564,Monocyte,E15S,transferred
-3.1051605,5.871278,C1qc+ TAM,E15S,transferred
-5.2616014,2.1367137,C1qc+ TAM,E15S,transferred
16.41139,11.014238,Stromal,E15S,transferred
2.2820716,15.00559,NK,E15S,transferred
19.5935,8.411565,Stromal,E15S,transferred
25.694317,5.018297,Tumor,E15S,transferred
-1.7190967,1.3897294,Il1b+ TAM,E15S,transferred
-6.4361515,2.6077065,C1qc+ TAM,E15S,transferred
-3.3535068,6.3612213,C1qc+ TAM,E15S,transferred
17.804047,10.081963,Stromal,E15S,transferred
26.699337,4.1666856,Tumor,E15S,transferred
2.181442,14.924962,NK,E15S,transferred
24.52623,3.6946673,CAF,E15S,transferred
26.515247,4.4031386,Tumor,E15S,transferred
16.908743,7.681239,Hypoxic Tumor,E15S,transferred
0.8050536,-6.631345,Neutrophil,E15S,transferred
-0.37824234,4.1602864,cDC,E15S,transferred
-3.802451,0.4525583,Spp1+ TAM,E15S,transferred
-4.391653,1.4624294,C1qc+ TAM,E15S,transferred
-1.1804338,1.6491301,Monocyte,E15S,transferred
-0.03676562,0.61522543,Monocyte,E15S,transferred
24.790781,3.1827734,CAF,E15S,transferred
0.16612919,-5.533177,Neutrophil,E15S,transferred
16.897827,10.027963,Stromal,E15S,transferred
0.15052208,-7.446301,Neutrophil,E15S,transferred
18.599749,8.468088,Stromal,E15S,transferred
25.805244,3.2040117,Tumor,E15S,transferred
0.48640093,0.99754256,Monocyte,E15S,transferred
17.658508,10.72553,Stromal,E15S,transferred
23.698944,4.2227907,CAF,E15S,knn
1.0638969,-8.169215,Neutrophil,E15S,transferred
23.547035,3.6803565,CAF,E15S,transferred
-1.0626469,3.4060194,Resident Macrophage,E15S,transferred
5.558446,9.731958,B,E15S,transferred
0.7275469,-8.508476,Neutrophil,E15S,transferred
17.029255,7.5850687,Hypoxic Tumor,E15S,knn
27.462301,3.8662872,Tumor,E15S,transferred
-0.7586386,-7.706833,Neutrophil,E15S,transferred
17.200283,10.424879,Tumor,E15S,transferred
-4.652611,3.6749892,Resident Macrophage,E15S,transferred
19.228905,8.829718,Stromal,E15S,transferred
1.1800147,5.0971246,cDC,E15S,transferred
23.882162,3.3027987,CAF,E15S,transferred
-0.3389919,3.070685,Monocyte,E15S,transferred
-4.8573914,2.0733032,Spp1+ TAM,E15S,transferred
18.794296,9.831461,Stromal,E15S,transferred
17.471203,9.650427,Stromal,E15S,transferred
25.775915,5.571013,Tumor,E15S,transferred
-4.8910027,1.7777,Spp1+ TAM,E15S,transferred
2.289506,-9.341917,Neutrophil,E15S,transferred
23.315464,3.3254297,Tumor Proliferating,E15S,transferred
16.81449,6.3704863,Hypoxic Tumor,E15S,transferred
-3.902587,2.6178546,Il1b+ TAM,E15S,transferred
17.867489,11.15906,Stromal,E15S,transferred
-4.825725,3.3306231,C1qc+ TAM,E15S,transferred
23.971828,4.662564,Tumor Proliferating,E15S,transferred
-3.54709,4.5311365,Il1b+ TAM,E15S,transferred
22.713795,3.982524,Tumor Proliferating,E15S,knn
-4.86367,4.806379,C1qc+ TAM,E15S,transferred
27.20437,4.792119,Tumor,E15S,transferred
16.909985,9.792263,Stromal,E15S,transferred
-5.0914474,1.8038429,Spp1+ TAM,E15S,transferred
1.0246507,5.008325,cDC,E15S,transferred
23.279243,3.5706515,Tumor Proliferating,E15S,transferred
25.163095,3.7193353,Tumor,E15S,transferred
17.681082,10.585522,Stromal,E15S,transferred
17.408396,7.1587286,Hypoxic Tumor,E15S,knn
-2.3058653,3.7388253,C1qc+ TAM,E15S,transferred
25.941563,4.873954,Tumor,E15S,transferred
18.195723,6.8195243,Hypoxic Tumor,E15S,knn
-4.382722,2.772491,Il1b+ TAM,E15S,transferred
16.403753,6.733651,Hypoxic Tumor,E15S,knn
-5.1616936,3.679941,C1qc+ TAM,E15S,transferred
-1.4882131,2.592063,Monocyte,E15S,transferred
-2.209389,5.0116234,Resident Macrophage,E15S,knn
24.513588,5.09946,Tumor,E15S,transferred
16.466684,8.023896,Hypoxic Tumor,E15S,transferred
-6.0694284,3.8889744,C1qc+ TAM,E15S,transferred
17.426022,9.657083,Stromal,E15S,transferred
27.048223,5.1237745,Tumor,E15S,transferred
-5.7777753,2.0016315,Spp1+ TAM,E15S,transferred
19.146408,7.0101533,Hypoxic Tumor,E15S,knn
17.275457,9.744846,Stromal,E15S,transferred
-6.496239,1.460504,C1qc+ TAM,E15S,transferred
22.613157,4.3288236,Tumor Proliferating,E15S,transferred
-5.8620343,1.1650759,Resident Macrophage,E15S,transferred
-5.0514774,6.3861876,C1qc+ TAM,E15S,transferred
-3.3457181,1.4771467,Monocyte,E15S,transferred
-3.3086555,6.2448454,C1qc+ TAM,E15S,transferred
19.70752,7.403059,Hypoxic Tumor,E15S,transferred
-4.611303,3.186076,C1qc+ TAM,E15S,transferred
15.486487,11.518217,Stromal,E15S,transferred
24.887716,3.9840827,Tumor,E15S,transferred
16.353819,8.511192,Hypoxic Tumor,E15S,knn
16.21021,6.765424,Hypoxic Tumor,E15S,knn
-6.368544,3.3155065,Resident Macrophage,E15S,transferred
-6.296761,2.132506,C1qc+ TAM,E15S,transferred
2.1242619,-8.003241,Neutrophil,E15S,transferred
24.615812,3.9396842,Tumor,E15S,transferred
0.37242663,-5.488506,Neutrophil,E15S,transferred
2.4478276,-7.62296,Neutrophil,E15S,transferred
-4.9570436,5.3677177,C1qc+ TAM,E15S,transferred
26.259491,4.14856,Tumor,E15S,transferred
-2.9930205,3.821176,Resident Macrophage,E15S,transferred
-3.0647495,3.447104,Il1b+ TAM,E15S,transferred
-5.9596477,0.65685934,Spp1+ TAM,E15S,transferred
16.709244,11.179295,Stromal,E15S,transferred
26.65878,3.2144897,Tumor,E15S,transferred
2.9354775,-7.53204,Neutrophil,E15S,transferred
26.884789,4.441421,Tumor,E15S,transferred
25.726248,4.360514,CAF,E15S,transferred
24.203878,3.0710335,CAF,E15S,transferred
0.96793234,-7.8544145,Neutrophil,E15S,transferred
0.39502454,1.1204959,Monocyte,E15S,transferred
1.2398492,-5.9637475,Neutrophil,E15S,transferred
25.681614,4.7441626,CAF,E15S,transferred
25.496502,2.970522,Tumor,E15S,transferred
-2.6290624,1.8520494,C1qc+ TAM,E15S,transferred
2.943355,11.461969,CD8 Terminally Exhausted,E15S,knn
-5.842689,2.8956194,C1qc+ TAM,E15S,transferred
-3.0440316,5.885504,Monocyte,E15S,transferred
-0.6602193,1.5301062,Monocyte,E15S,transferred
18.433815,10.495491,Stromal,E15S,transferred
-5.3658824,5.8647175,C1qc+ TAM,E15S,transferred
16.914024,9.594574,Stromal,E15S,transferred
26.27103,4.22767,Tumor,E15S,transferred
23.855387,4.066072,CAF,E15S,transferred
24.324848,3.9299836,CAF,E15S,transferred
-1.1963205,1.3143888,Spp1+ TAM,E15S,transferred
23.885054,3.8484468,CAF,E15S,transferred
2.2633357,14.303054,NK,E15S,transferred
17.133408,10.150541,Stromal,E15S,transferred
1.0408857,-8.866302,Neutrophil,E15S,transferred
0.42550418,1.5043042,Monocyte,E15S,transferred
-2.1810365,0.5878701,Monocyte,E15S,transferred
16.522043,10.255236,Stromal,E15S,transferred
23.593374,4.9731793,Tumor Proliferating,E15S,transferred
26.478254,5.269128,Tumor,E15S,transferred
-5.433145,5.4061966,C1qc+ TAM,E15S,transferred
-0.41460773,3.0063894,Monocyte,E15S,transferred
-4.785462,4.463821,C1qc+ TAM,E15S,transferred
-6.5870275,2.710606,Resident Macrophage,E15S,transferred
23.64421,4.05161,Tumor Proliferating,E15S,transferred
-3.3349636,3.7598212,Il1b+ TAM,E15S,transferred
-2.1955688,3.3939884,Resident Macrophage,E15S,transferred
-3.7290978,0.4212901,Spp1+ TAM,E15S,transferred
-4.92167,0.47232282,Spp1+ TAM,E15S,transferred
15.298315,11.402959,Stromal,E15S,transferred
0.23022892,-5.421802,Neutrophil,E15S,transferred
-5.025078,4.8819165,C1qc+ TAM,E15S,transferred
17.745266,10.64568,Stromal,E15S,transferred
24.162933,3.1540172,CAF,E15S,transferred
-5.8657002,1.1616325,Spp1+ TAM,E15S,transferred
26.207495,3.0389762,Tumor,E15S,transferred
-3.1227567,3.7602918,Il1b+ TAM,E15S,transferred
5.536403,9.755703,B,E15S,transferred
-0.60028696,-0.41846395,Monocyte,E15S,transferred
-0.42090392,1.3810833,Monocyte,E15S,transferred
15.786168,11.517171,Stromal,E15S,transferred
25.581764,2.9242547,Tumor,E15S,transferred
0.8447734,-8.790547,Neutrophil,E15S,transferred
-2.7076168,5.2766314,C1qc+ TAM,E15S,transferred
18.55452,10.262951,Stromal,E15S,transferred
25.584238,5.709162,Tumor,E15S,transferred
-6.953569,2.4122393,C1qc+ TAM,E15S,transferred
-3.9608471,1.5510066,Il1b+ TAM,E15S,transferred
-6.267235,1.5526638,C1qc+ TAM,E15S,transferred
17.81227,11.319413,Stromal,E15S,transferred
0.8774651,-7.40465,Neutrophil,E15S,transferred
1.3689879,-8.587617,Neutrophil,E15S,transferred
-5.690513,1.0833352,Spp1+ TAM,E15S,transferred
-3.6796706,2.1280682,Monocyte,E15S,transferred
-0.4580339,-8.288189,Neutrophil,E15S,transferred
-5.3383875,2.0648007,Spp1+ TAM,E15S,transferred
-4.0201507,0.9465624,Spp1+ TAM,E15S,transferred
-0.5818189,2.1352937,Monocyte,E15S,transferred
17.574202,11.134894,Stromal,E15S,transferred
-2.8348033,2.9599688,Il1b+ TAM,E15S,transferred
-4.8954034,2.663842,C1qc+ TAM,E15S,transferred
-1.7599716,4.91162,Resident Macrophage,E15S,knn
23.346058,4.7516136,Tumor Proliferating,E15S,transferred
23.83895,5.731162,Tumor Proliferating,E15S,transferred
1.4553753,14.335835,NK,E15S,transferred
-5.359235,0.80782324,Spp1+ TAM,E15S,transferred
-5.063238,5.719922,C1qc+ TAM,E15S,transferred
25.317986,5.4596553,Tumor,E15S,transferred
16.603552,10.451005,Stromal,E15S,transferred
-5.4037576,2.3803072,Spp1+ TAM,E15S,transferred
15.487238,11.098695,Stromal,E15S,transferred
-0.06400881,-8.782138,Neutrophil,E15S,knn
16.45282,9.832933,Hypoxic Tumor,E15S,transferred
0.725431,-8.759368,Neutrophil,E15S,transferred
-5.635494,4.6239204,C1qc+ TAM,E15S,transferred
0.67610604,-5.9040933,Il1b+ TAM,E15S,transferred
-5.3734293,3.0222192,Resident Macrophage,E15S,transferred
17.14666,11.4147835,Stromal,E15S,transferred
23.883951,3.1418722,Tumor Proliferating,E15S,transferred
23.531734,5.7819905,Tumor Proliferating,E15S,transferred
3.088249,11.20079,CD4 T,E15S,transferred
16.593813,5.8228254,Hypoxic Tumor,E15S,knn
-4.5347924,5.5142174,C1qc+ TAM,E15S,transferred
-2.104937,4.246066,Monocyte,E15S,transferred
1.2201133,-8.586017,Neutrophil,E15S,transferred
-2.0540705,4.52471,Resident Macrophage,E15S,transferred
-5.7002006,2.029425,C1qc+ TAM,E15S,transferred
-4.093307,5.848882,Resident Macrophage,E15S,transferred
18.973316,8.194417,Stromal,E15S,transferred
17.568762,9.391722,Stromal,E15S,transferred
26.89997,4.2687488,Tumor,E15S,transferred
2.6326003,11.474438,C1qc+ TAM,E15S,transferred
18.296772,8.402768,Stromal,E15S,knn
23.140999,4.255714,Tumor Proliferating,E15S,transferred
25.005518,5.1188393,Tumor,E15S,transferred
-0.3091158,1.3482242,Monocyte,E15S,transferred
-0.99092454,-8.042115,Neutrophil,E15S,knn
-2.4347336,1.2479593,C1qc+ TAM,E15S,transferred
25.434464,3.6655135,CAF,E15S,transferred
-4.6562643,1.8891096,Il1b+ TAM,E15S,transferred
-5.2779593,0.8560783,Spp1+ TAM,E15S,transferred
1.9446532,-8.122028,Neutrophil,E15S,transferred
-6.260632,4.0127892,C1qc+ TAM,E15S,transferred
-3.0129178,3.9152231,Il1b+ TAM,E15S,transferred
18.195175,9.437961,Stromal,E15S,transferred
-4.8691735,4.1369643,Resident Macrophage,E15S,transferred
-2.0349712,4.765773,Resident Macrophage,E15S,knn
-2.8372412,2.6201913,C1qc+ TAM,E15S,transferred
18.794512,7.2362986,Hypoxic Tumor,E15S,knn
2.3838544,-7.834817,Neutrophil,E15S,transferred
25.877796,5.366801,Tumor,E15S,transferred
26.549265,3.6420553,Hypoxic Tumor,E15S,transferred
-6.336629,3.2790124,C1qc+ TAM,E15S,transferred
-4.8097672,1.4727721,Spp1+ TAM,E15S,transferred
2.9308345,-7.2443104,Neutrophil,E15S,transferred
17.710371,10.621053,Stromal,E15S,transferred
0.134508,-6.52222,Neutrophil,E15S,transferred
-5.531833,0.6665301,Spp1+ TAM,E15S,transferred
25.710918,3.963737,Tumor,E15S,transferred
-2.9053693,3.6529038,Il1b+ TAM,E15S,transferred
-6.2091346,1.4502473,Resident Macrophage,E15S,transferred
24.038633,4.7787733,Tumor Proliferating,E15S,transferred
26.352787,4.1048183,Tumor,E15S,transferred
18.15033,9.373736,Stromal,E15S,transferred
-0.66251147,-8.031869,Neutrophil,E15S,transferred
25.693922,2.916015,Tumor,E15S,transferred
1.9794017,-7.7736654,Neutrophil,E15S,transferred
27.422836,4.274784,Tumor,E15S,transferred
-0.034171075,-5.8410788,Neutrophil,E15S,transferred
25.176252,5.1560287,Tumor,E15S,transferred
25.650063,3.0176573,Tumor,E15S,transferred
23.938421,4.8670125,Tumor Proliferating,E15S,transferred
18.973,8.5683565,Stromal,E15S,transferred
19.106241,6.9149365,Hypoxic Tumor,E15S,knn
1.2323546,13.669723,Regulatory CD8 T,E15S,transferred
24.20844,4.94366,Tumor Proliferating,E15S,transferred
-4.9169483,2.1830425,Il1b+ TAM,E15S,transferred
24.29712,3.5360231,Tumor,E15S,transferred
-4.4784694,4.999275,C1qc+ TAM,E15S,transferred
-4.3618374,4.64396,Resident Macrophage,E15S,transferred
19.066536,6.861489,Hypoxic Tumor,E15S,knn
-0.3801357,-8.400945,Neutrophil,E15S,transferred
-5.475143,4.2219934,Resident Macrophage,E15S,transferred
24.659645,4.858226,Tumor,E15S,transferred
-1.6213628,4.508733,C1qc+ TAM,E15S,transferred
1.3046631,-8.635677,Neutrophil,E15S,transferred
24.670715,5.4259367,Tumor,E15S,transferred
19.017488,6.80924,Hypoxic Tumor,E15S,transferred
-6.302766,1.6825024,Resident Macrophage,E15S,transferred
-6.9547133,4.0340824,C1qc+ TAM,E15S,transferred
-3.5027387,6.8484044,C1qc+ TAM,E15S,transferred
2.0804305,-8.026206,Neutrophil,E15S,transferred
1.2409756,-8.99218,Neutrophil,E15S,transferred
17.450087,11.33002,Stromal,E15S,transferred
-1.5651594,1.5934517,Monocyte,E15S,transferred
16.779028,11.486951,Stromal,E15S,transferred
-5.484658,5.7964973,C1qc+ TAM,E15S,transferred
-0.09029428,-6.3307633,Neutrophil,E15S,transferred
2.2545292,-9.037925,Neutrophil,E15S,transferred
-6.714344,1.9761167,C1qc+ TAM,E15S,transferred
18.108385,9.621327,Stromal,E15S,transferred
-5.814083,2.0455236,Resident Macrophage,E15S,transferred
-4.106803,6.666785,C1qc+ TAM,E15S,transferred
0.6366458,-8.07454,Neutrophil,E15S,transferred
0.21049209,-8.416656,Neutrophil,E15S,transferred
0.66491526,-5.9640884,Neutrophil,E15S,transferred
25.62687,4.935923,Tumor,E15S,transferred
19.038736,9.223501,Stromal,E15S,transferred
16.697186,7.4972057,Hypoxic Tumor,E15S,transferred
2.5855594,-7.315885,Neutrophil,E15S,transferred
16.953243,10.496849,Stromal,E15S,transferred
16.076878,10.877635,Tumor,E15S,transferred
23.990969,4.929429,Tumor Proliferating,E15S,transferred
24.231976,5.4184546,Tumor,E15S,transferred
23.096235,5.473644,Tumor Proliferating,E15S,transferred
-6.6047077,2.636424,C1qc+ TAM,E15S,transferred
-4.3292637,1.120365,Spp1+ TAM,E15S,transferred
2.4061453,12.991064,NK,E15S,transferred
16.74255,9.5256,Stromal,E15S,transferred
-3.7626412,6.871658,C1qc+ TAM,E15S,transferred
-5.0558996,3.198806,C1qc+ TAM,E15S,transferred
18.166162,8.89156,Stromal,E15S,transferred
0.9019076,-8.095478,Neutrophil,E15S,transferred
23.324238,3.4828968,Tumor Proliferating,E15S,transferred
-5.230301,4.4095488,C1qc+ TAM,E15S,transferred
0.73107314,0.5299719,Monocyte,E15S,transferred
22.554983,4.3332143,Tumor Proliferating,E15S,transferred
27.229918,3.6057494,Tumor,E15S,transferred
1.8615385,14.825851,NK,E15S,transferred
-4.2687745,4.979115,C1qc+ TAM,E15S,transferred
24.840471,5.576333,Tumor Proliferating,E15S,transferred
17.162298,7.7531614,Hypoxic Tumor,E15S,knn
-0.867449,1.4409043,Monocyte,E15S,transferred
-6.4387736,2.6478133,C1qc+ TAM,E15S,transferred
24.672968,2.9179199,CAF,E15S,transferred
-5.954561,4.322526,C1qc+ TAM,E15S,transferred
-4.305021,4.9627085,C1qc+ TAM,E15S,transferred
24.844345,3.722947,CAF,E15S,transferred
24.452478,3.4847946,CAF,E15S,transferred
-4.3226566,5.41743,C1qc+ TAM,E15S,transferred
0.966771,-8.382437,Neutrophil,E15S,transferred
-0.4281605,-8.424538,Neutrophil,E15S,transferred
0.34959844,-5.63942,Neutrophil,E15S,transferred
25.022423,4.4000473,Tumor,E15S,transferred
-5.7664504,2.9488418,Il1b+ TAM,E15S,transferred
17.744265,9.814228,Stromal,E15S,transferred
16.260029,7.843064,Hypoxic Tumor,E15S,knn
-6.9342546,4.057563,Resident Macrophage,E15S,transferred
17.418402,11.196334,Stromal,E15S,transferred
1.5053531,14.170197,NK,E15S,transferred
23.60044,5.392301,Tumor Proliferating,E15S,transferred
25.105911,2.821923,CAF,E15S,transferred
24.317719,4.263821,CAF,E15S,transferred
16.78039,7.4385586,Hypoxic Tumor,E15S,transferred
27.142391,3.897406,Tumor,E15S,transferred
27.282585,3.8057199,Tumor,E15S,transferred
15.776104,10.980924,Stromal,E15S,transferred
2.348048,15.166324,NK,E15S,transferred
-5.991863,0.61705536,Spp1+ TAM,E15S,transferred
-2.4627197,3.7350686,Spp1+ TAM,E15S,transferred
-1.3932555,2.0039012,Monocyte,E15S,transferred
-4.624038,2.8596566,C1qc+ TAM,E15S,transferred
18.037773,8.79306,Stromal,E15S,transferred
-1.9634115,1.5026658,Monocyte,E15S,transferred
0.043026835,-7.4774175,Neutrophil,E15S,transferred
-6.040015,3.34834,Resident Macrophage,E15S,transferred
16.060614,10.067119,Hypoxic Tumor,E15S,transferred
17.64605,10.105211,Stromal,E15S,transferred
-4.4996824,1.9900852,C1qc+ TAM,E15S,transferred
5.5115533,9.773879,B,E15S,transferred
-5.578266,3.5248535,C1qc+ TAM,E15S,transferred
0.7829299,-8.786166,Neutrophil,E15S,transferred
-1.92008,2.4214902,Monocyte,E15S,transferred
-0.16752984,2.3890162,Monocyte,E15S,transferred
-5.28935,2.043715,C1qc+ TAM,E15S,transferred
-0.28430337,-8.503093,Neutrophil,E15S,transferred
0.22089042,-6.6548615,Neutrophil,E15S,transferred
19.332933,8.978724,Stromal,E15S,transferred
-4.3711014,3.3106816,C1qc+ TAM,E15S,transferred
-6.365568,1.5719087,Spp1+ TAM,E15S,transferred
0.7850308,-5.8044024,Neutrophil,E15S,transferred
16.951033,10.499667,Stromal,E15S,transferred
24.95191,3.920674,CAF,E15S,transferred
-6.3235483,0.91883373,Spp1+ TAM,E15S,transferred
-4.079251,2.466916,Resident Macrophage,E15S,transferred
17.82261,11.080038,Stromal,E15S,transferred
-6.0784945,4.2661786,Resident Macrophage,E15S,transferred
1.3020633,-8.884624,Neutrophil,E15S,transferred
0.06710061,-7.611508,Neutrophil,E15S,transferred
0.02350172,-5.5112576,Neutrophil,E15S,transferred
-6.9703293,2.849548,C1qc+ TAM,E15S,transferred
26.175232,3.763699,Tumor,E15S,transferred
-3.5338194,3.17737,Spp1+ TAM,E15S,transferred
23.390474,3.9959776,CAF,E15S,transferred
-2.8421547,1.5531723,Il1b+ TAM,E15S,transferred
16.953295,7.387404,Hypoxic Tumor,E15S,knn
-6.3670087,2.0623443,Resident Macrophage,E15S,transferred
23.483793,5.1962137,Tumor Proliferating,E15S,transferred
-5.1464615,1.5160468,Spp1+ TAM,E15S,transferred
23.003223,3.7466693,CAF,E15S,transferred
-4.855831,2.5612035,Resident Macrophage,E15S,transferred
18.13466,9.690061,Stromal,E15S,transferred
16.46715,9.862375,Stromal,E15S,transferred
17.279188,9.860074,Stromal,E15S,transferred
26.705397,5.004006,Tumor,E15S,transferred
-5.7867646,1.764935,Resident Macrophage,E15S,transferred
18.865095,9.596416,Stromal,E15S,transferred
0.95160884,-5.8160515,Neutrophil,E15S,transferred
-4.7402487,4.4418454,Resident Macrophage,E15S,transferred
2.0142012,-8.770322,Neutrophil,E15S,transferred
18.67268,7.391969,Hypoxic Tumor,E15S,knn
-5.3351135,1.9549458,Spp1+ TAM,E15S,transferred
-4.9978333,4.6512995,Resident Macrophage,E15S,knn
-0.39166647,1.8847797,Monocyte,E15S,transferred
-3.3768673,4.9143567,C1qc+ TAM,E15S,transferred
-3.4650586,6.7563987,C1qc+ TAM,E15S,transferred
17.321863,10.501856,Stromal,E15S,transferred
-3.983965,3.4947202,C1qc+ TAM,E15S,transferred
-5.247723,5.2823644,C1qc+ TAM,E15S,transferred
17.556702,9.801961,Stromal,E15S,transferred
0.46871775,-7.8570323,Neutrophil,E15S,transferred
17.687866,9.179057,Stromal,E15S,transferred
16.986551,10.636627,Stromal,E15S,transferred
25.759037,3.8482862,Tumor,E15S,transferred
-0.2353904,1.6929585,Monocyte,E15S,transferred
-4.4118104,3.8189297,C1qc+ TAM,E15S,transferred
16.565212,8.255975,Hypoxic Tumor,E15S,transferred
23.867147,3.853039,CAF,E15S,transferred
-3.2195292,3.309673,C1qc+ TAM,E15S,transferred
-3.834114,5.932419,Il1b+ TAM,E15S,transferred
26.347973,4.114137,Tumor,E15S,transferred
23.058592,3.580448,Tumor Proliferating,E15S,transferred
-3.6313128,0.7703307,Spp1+ TAM,E15S,transferred
1.1297767,-7.6470923,Neutrophil,E15S,transferred
26.955076,4.725176,Tumor,E15S,transferred
-4.3876805,3.8548856,Resident Macrophage,E15S,transferred
23.250837,5.2950497,Tumor Proliferating,E15S,transferred
-4.054695,3.685872,Resident Macrophage,E15S,transferred
17.30123,11.433787,Stromal,E15S,transferred
18.663662,7.3653135,Hypoxic Tumor,E15S,knn
-0.3281723,-8.212376,Neutrophil,E15S,transferred
17.884174,11.097492,Stromal,E15S,transferred
-0.040150404,-7.698478,Neutrophil,E15S,transferred
22.738775,5.2145553,Tumor Proliferating,E15S,knn
-5.2121897,2.2572157,Spp1+ TAM,E15S,transferred
-5.863451,3.4378223,Resident Macrophage,E15S,transferred
-2.7975118,3.6762314,C1qc+ TAM,E15S,knn
19.110994,9.36367,Stromal,E15S,transferred
-1.8781493,1.4855206,Monocyte,E15S,transferred
1.7832352,-9.129161,Neutrophil,E15S,transferred
-6.6372085,3.2248363,C1qc+ TAM,E15S,transferred
0.22549663,0.84946936,Monocyte,E15S,transferred
25.453308,4.5805225,Tumor,E15S,transferred
-6.1883936,2.0287647,Resident Macrophage,E15S,transferred
22.900146,3.6343915,Tumor Proliferating,E15S,transferred
-6.7164483,3.1723802,C1qc+ TAM,E15S,transferred
1.6306559,-7.8353124,Neutrophil,E15S,transferred
25.6891,4.9289775,Tumor,E15S,transferred
26.195332,5.2980347,Tumor,E15S,transferred
24.055506,3.5703087,CAF,E15S,transferred
-4.6940174,2.0882883,Il1b+ TAM,E15S,transferred
0.33609226,-6.462421,Neutrophil,E15S,transferred
27.39275,4.7393613,Tumor,E15S,transferred
-5.466041,2.8565302,C1qc+ TAM,E15S,transferred
-3.8938744,6.606794,C1qc+ TAM,E15S,transferred
23.676865,5.5553193,Tumor Proliferating,E15S,transferred
-6.2767296,4.885876,Resident Macrophage,E15S,transferred
19.411703,8.692876,Stromal,E15S,transferred
16.373207,10.434418,Tumor,E15S,transferred
1.1173232,-8.835672,Neutrophil,E15S,knn
-2.3509576,1.6533893,Monocyte,E15S,transferred
23.354832,5.1901865,Tumor Proliferating,E15S,transferred
18.294142,9.696726,Stromal,E15S,transferred
-4.734746,3.6725397,C1qc+ TAM,E15S,transferred
-5.6017094,2.5171301,Il1b+ TAM,E15S,transferred
-2.0099747,3.1805,Monocyte,E15S,transferred
1.7800097,14.341165,NK,E15S,transferred
26.114048,3.9901645,Tumor,E15S,transferred
24.204613,3.6200745,CAF,E15S,transferred
-0.30397654,3.6148615,Resident Macrophage,E15S,transferred
18.204618,10.424675,Stromal,E15S,transferred
24.226456,4.9237237,Tumor Proliferating,E15S,transferred
-1.3927344,4.282067,Resident Macrophage,E15S,transferred
1.2175839,-7.8186364,Neutrophil,E15S,transferred
1.3858516,-8.814603,Neutrophil,E15S,transferred
-1.025957,3.404203,Resident Macrophage,E15S,knn
16.294636,11.362219,Stromal,E15S,transferred
18.304625,9.44895,Stromal,E15S,transferred
3.2629075,-7.0576873,Neutrophil,E15S,transferred
27.180292,3.568412,Tumor,E15S,transferred
1.8519775,14.84236,NK,E15S,transferred
-5.697475,1.320443,Spp1+ TAM,E15S,transferred
18.230211,10.300081,Stromal,E15S,transferred
-0.9947526,-8.097636,Neutrophil,E15S,transferred
-3.6130028,4.9052916,C1qc+ TAM,E15S,transferred
1.9236237,14.156914,NK,E15S,transferred
-7.1130204,3.4874787,C1qc+ TAM,E15S,transferred
17.880455,7.666411,Hypoxic Tumor,E15S,transferred
1.9181995,-7.37212,Neutrophil,E15S,transferred
23.59256,3.872814,CAF,E15S,transferred
25.102049,4.175047,Tumor,E15S,transferred
2.822592,-7.5473223,Neutrophil,E15S,transferred
25.214376,5.202951,CAF,E15S,transferred
-4.3111496,4.4222107,C1qc+ TAM,E15S,transferred
-1.8196956,3.805303,C1qc+ TAM,E15S,transferred
18.112745,10.372388,Stromal,E15S,transferred
0.54532677,-8.259721,Neutrophil,E15S,transferred
-3.3914466,2.1960785,C1qc+ TAM,E15S,transferred
17.936314,9.808969,Stromal,E15S,transferred
-3.8405154,2.275953,Resident Macrophage,E15S,transferred
25.919666,5.1235495,Tumor,E15S,transferred
26.13079,3.4315028,Tumor,E15S,transferred
27.19396,3.7572265,Tumor,E15S,transferred
-2.5979848,1.2089677,Spp1+ TAM,E15S,transferred
-4.700426,4.531089,Resident Macrophage,E15S,knn
-0.62135035,2.1900303,Monocyte,E15S,transferred
-4.371488,0.6999833,Spp1+ TAM,E15S,transferred
25.12663,3.880339,CAF,E15S,transferred
16.518187,10.780137,Tumor,E15S,transferred
17.47913,10.999058,Stromal,E15S,transferred
16.68423,10.15646,Stromal,E15S,transferred
-6.54753,2.4046524,C1qc+ TAM,E15S,transferred
2.9314673,-7.284719,Neutrophil,E15S,transferred
0.4047941,-8.542935,Neutrophil,E15S,transferred
18.403719,9.419699,Stromal,E15S,transferred
26.345547,3.9896345,Tumor,E15S,transferred
16.404205,10.135734,Stromal,E15S,transferred
23.388712,5.1575537,Tumor Proliferating,E15S,transferred
18.36853,6.868549,Hypoxic Tumor,E15S,knn
2.6438577,15.4341955,NK,E15S,transferred
24.736418,5.1499434,Tumor,E15S,transferred
-5.2356544,1.4550965,Spp1+ TAM,E15S,transferred
16.43379,6.9783874,Hypoxic Tumor,E15S,transferred
-5.724237,1.1063927,Spp1+ TAM,E15S,transferred
26.647123,3.2250094,Tumor,E15S,transferred
-4.1219707,2.448655,C1qc+ TAM,E15S,transferred
19.563549,8.309107,Stromal,E15S,transferred
-2.6667514,3.3287556,Resident Macrophage,E15S,transferred
27.301222,4.121374,Tumor,E15S,transferred
24.394527,4.9537845,Tumor,E15S,transferred
18.748678,8.042828,Stromal,E15S,transferred
27.400303,3.7359982,Tumor,E15S,transferred
22.935905,4.3509126,Tumor Proliferating,E15S,transferred
24.327908,4.7085505,Tumor Proliferating,E15S,transferred
22.549517,4.236205,Tumor Proliferating,E15S,transferred
16.764845,11.077937,Stromal,E15S,transferred
-0.88144565,1.6106675,Monocyte,E15S,transferred
25.153065,3.4011085,Tumor,E15S,transferred
-0.26053268,1.9814935,Monocyte,E15S,transferred
3.3233728,-6.869815,Neutrophil,E15S,transferred
0.97067773,-5.882245,Neutrophil,E15S,transferred
-6.567391,4.2145767,Resident Macrophage,E15S,transferred
26.696325,4.7184134,Tumor,E15S,transferred
24.744486,4.1571774,Tumor Proliferating,E15S,transferred
25.395512,3.7723691,Tumor,E15S,transferred
0.090259165,4.3269825,Monocyte,E15S,transferred
-4.6789,3.7605262,Resident Macrophage,E15S,transferred
-3.9670088,4.890271,C1qc+ TAM,E15S,transferred
-0.50664157,0.80391467,Monocyte,E15S,transferred
17.986961,8.683631,Stromal,E15S,transferred
25.978191,3.7937465,Tumor,E15S,transferred
-3.8636518,3.4787772,C1qc+ TAM,E15S,transferred
-5.894978,1.5074037,Spp1+ TAM,E15S,transferred
-4.104288,3.03381,Il1b+ TAM,E15S,transferred
-2.7158082,2.3996682,Monocyte,E15S,transferred
26.788557,3.9939148,Tumor,E15S,transferred
-0.072947524,-7.989188,Neutrophil,E15S,transferred
17.831644,9.430606,Stromal,E15S,transferred
-1.1732328,2.4521706,Monocyte,E15S,transferred
25.306982,3.451951,CAF,E15S,transferred
0.34387028,-8.400549,Neutrophil,E15S,transferred
2.223589,6.982279,mDC,E15S,transferred
-3.3352163,6.268469,C1qc+ TAM,E15S,transferred
-4.9734015,2.973011,Il1b+ TAM,E15S,transferred
-5.6914988,1.9675493,Resident Macrophage,E15S,transferred
25.63984,3.769877,Tumor,E15S,transferred
27.539148,3.6787205,Tumor,E15S,transferred
-5.704434,2.6232507,Resident Macrophage,E15S,transferred
-2.1402206,1.5918214,Monocyte,E15S,transferred
-0.15213804,-7.739375,Neutrophil,E15S,transferred
-6.2633996,1.5231966,Spp1+ TAM,E15S,transferred
-3.328593,4.259138,C1qc+ TAM,E15S,transferred
23.538519,4.134945,CAF,E15S,transferred
1.5542967,13.754586,NK,E15S,transferred
-0.5138563,-8.407189,Neutrophil,E15S,knn
-4.7797775,4.341435,C1qc+ TAM,E15S,transferred
2.4727604,-9.231848,Neutrophil,E15S,transferred
16.76383,10.37734,Stromal,E15S,transferred
-2.0572386,1.7927306,Monocyte,E15S,transferred
-0.48613152,-8.3662405,Neutrophil,E15S,knn
-5.2458963,3.0345645,Resident Macrophage,E15S,transferred
23.677874,3.663454,CAF,E15S,transferred
3.1368256,-7.144547,Neutrophil,E15S,transferred
23.346535,5.290764,Tumor Proliferating,E15S,transferred
25.901054,2.8548307,Tumor,E15S,transferred
1.6600367,-7.1651573,Neutrophil,E15S,transferred
24.74824,5.957616,Tumor,E15S,transferred
26.572203,3.3654876,Tumor,E15S,transferred
23.979847,5.262191,Tumor,E15S,transferred
-3.259487,3.8995922,C1qc+ TAM,E15S,transferred
16.576424,6.1730227,Hypoxic Tumor,E15S,knn
-5.715699,5.2505136,Resident Macrophage,E15S,transferred
-4.6714764,6.2894034,C1qc+ TAM,E15S,transferred
-2.0450327,1.8058895,Monocyte,E15S,transferred
-0.8513788,3.4051473,cDC,E15S,transferred
1.3242646,-7.4359274,Neutrophil,E15S,transferred
1.7451357,14.27518,NK,E15S,transferred
18.990442,7.2675242,Hypoxic Tumor,E15S,knn
-2.2998114,1.0705539,Monocyte,E15S,transferred
-5.7922797,4.727882,Resident Macrophage,E15S,transferred
-0.0657893,-5.67758,Neutrophil,E15S,transferred
-0.05296059,1.1708419,Monocyte,E15S,transferred
-6.7209735,2.472501,C1qc+ TAM,E15S,transferred
16.55658,7.037022,Hypoxic Tumor,E15S,knn
17.042149,9.922647,Stromal,E15S,transferred
-6.10689,5.166171,Resident Macrophage,E15S,transferred
-4.563923,4.3499856,Resident Macrophage,E15S,transferred
0.92952704,-6.0482287,Neutrophil,E15S,transferred
2.2248902,-9.369362,Neutrophil,E15S,transferred
25.820204,3.0039148,Tumor,E15S,transferred
17.148838,10.408534,Stromal,E15S,transferred
27.291662,4.9433846,Tumor,E15S,transferred
-2.2374613,5.8960333,Spp1+ TAM,E15S,transferred
26.208424,4.8602996,CAF,E15S,transferred
0.5117519,-5.975719,Neutrophil,E15S,transferred
-2.0003822,2.57351,Resident Macrophage,E15S,transferred
0.46615028,-7.7153773,Neutrophil,E15S,transferred
-3.6777558,3.9547286,C1qc+ TAM,E15S,transferred
0.67280155,-7.988558,Neutrophil,E15S,transferred
18.506647,9.115047,Stromal,E15S,transferred
26.481234,4.5001636,Tumor,E15S,transferred
3.059242,-7.147163,Neutrophil,E15S,transferred
18.058998,9.701456,Stromal,E15S,transferred
-6.41107,3.4940205,Resident Macrophage,E15S,transferred
23.37009,5.1951127,Tumor Proliferating,E15S,transferred
-0.4285655,3.0080152,Monocyte,E15S,transferred
24.951721,4.8787875,Tumor Proliferating,E15S,transferred
27.259502,4.0327783,Tumor,E15S,transferred
17.538038,11.087038,Stromal,E15S,transferred
-5.2770205,4.3231792,Resident Macrophage,E15S,transferred
17.364908,10.539193,Stromal,E15S,transferred
-6.1409874,1.0215828,Spp1+ TAM,E15S,transferred
-5.695978,1.4595237,Spp1+ TAM,E15S,transferred
19.202839,7.487879,Hypoxic Tumor,E15S,knn
24.897993,3.7601316,CAF,E15S,transferred
16.628061,7.725903,Hypoxic Tumor,E15S,knn
0.207994,-8.007073,Neutrophil,E15S,transferred
25.786013,5.9653463,Tumor,E15S,transferred
-3.6252265,5.3544345,C1qc+ TAM,E15S,transferred
27.029833,5.0720415,Tumor,E15S,transferred
-0.25886744,-8.155133,Neutrophil,E15S,transferred
-5.6089864,3.0870497,Il1b+ TAM,E15S,transferred
-6.309646,2.078159,Resident Macrophage,E15S,knn
23.528214,4.137465,CAF,E15S,transferred
1.8079019,-7.7821994,Neutrophil,E15S,transferred
17.899063,11.132546,Stromal,E15S,transferred
16.265003,9.012649,Hypoxic Tumor,E15S,transferred
-2.477562,5.206654,Resident Macrophage,E15S,knn
-1.8119373,1.4371166,Monocyte,E15S,transferred
-2.5835116,3.6202989,Spp1+ TAM,E15S,transferred
26.010069,5.131573,Tumor,E15S,transferred
-1.7425555,1.8300037,Monocyte,E15S,transferred
-3.3260596,6.786738,C1qc+ TAM,E15S,transferred
19.53084,7.8023524,Stromal,E15S,knn
2.039643,-8.186981,Neutrophil,E15S,transferred
-5.203447,1.4549209,Spp1+ TAM,E15S,transferred
25.436726,5.5494766,Tumor,E15S,transferred
1.1540169,6.044209,cDC,E15S,transferred
-5.9912744,3.487728,Resident Macrophage,E15S,transferred
-6.251013,2.996811,C1qc+ TAM,E15S,transferred
25.934305,5.455597,Tumor,E15S,transferred
-3.7143924,4.9680877,C1qc+ TAM,E15S,transferred
23.67007,3.788463,CAF,E15S,transferred
-3.724336,2.89752,Il1b+ TAM,E15S,transferred
2.4351962,14.913604,NK,E15S,transferred
-4.209548,4.4711046,C1qc+ TAM,E15S,transferred
18.002405,9.8070755,Stromal,E15S,transferred
-1.9975024,4.86472,Resident Macrophage,E15S,knn
27.29874,3.2533088,Tumor,E15S,transferred
17.118753,11.088106,Stromal,E15S,transferred
0.177206,-8.253572,Neutrophil,E15S,transferred
-1.780648,4.393493,Resident Macrophage,E15S,knn
16.970161,10.466757,Stromal,E15S,transferred
27.433119,3.2958071,Tumor,E15S,transferred
-0.7841096,-0.014936526,Resident Macrophage,E15S,transferred
-2.767988,5.37153,C1qc+ TAM,E15S,transferred
19.531494,8.4940195,Stromal,E15S,transferred
-4.2624683,4.562577,C1qc+ TAM,E15S,transferred
23.380999,5.554345,Tumor Proliferating,E15S,transferred
-4.473455,4.0977225,C1qc+ TAM,E15S,transferred
16.346733,8.623902,Hypoxic Tumor,E15S,transferred
0.91290855,5.3265176,cDC,E15S,transferred
-4.538487,2.3962266,C1qc+ TAM,E15S,transferred
25.820276,3.8314655,CAF,E15S,transferred
2.7267656,7.448725,mDC,E15S,transferred
16.876154,6.042595,Hypoxic Tumor,E15S,knn
-4.470612,0.40873408,Spp1+ TAM,E15S,transferred
24.348232,4.7912517,CAF,E15S,transferred
19.066654,9.246057,Stromal,E15S,transferred
-4.9045777,4.5566273,Resident Macrophage,E15S,transferred
18.397806,9.970461,Stromal,E15S,transferred
16.619158,6.134653,Hypoxic Tumor,E15S,knn
-5.429306,2.678891,Resident Macrophage,E15S,transferred
18.864542,9.864777,Stromal,E15S,transferred
27.319763,4.8116927,Tumor,E15S,transferred
23.882812,5.1757803,Tumor Proliferating,E15S,transferred
-4.8888645,2.464355,C1qc+ TAM,E15S,transferred
27.67301,3.5762753,Tumor,E15S,transferred
-3.3756526,2.394879,Il1b+ TAM,E15S,transferred
0.5647894,0.8924295,Monocyte,E15S,transferred
16.61529,11.149888,Stromal,E15S,transferred
26.719107,4.2575254,Tumor,E15S,transferred
27.685757,3.7490847,Tumor,E15S,transferred
2.2948425,-7.549416,Neutrophil,E15S,transferred
19.534155,8.263997,Stromal,E15S,transferred
26.727175,4.264102,Tumor,E15S,transferred
-6.2715783,1.0553796,Spp1+ TAM,E15S,transferred
23.942303,5.145705,Tumor,E15S,transferred
0.11795098,-8.499544,Neutrophil,E15S,transferred
17.36526,10.399861,Stromal,E15S,transferred
-4.9733133,0.5029252,Spp1+ TAM,E15S,transferred
25.745428,2.7481837,Tumor,E15S,transferred
0.7966433,-7.85247,Neutrophil,E15S,transferred
-0.19423799,1.6418288,Resident Macrophage,E15S,transferred
26.147545,4.4215713,Tumor,E15S,transferred
-5.1426716,2.204501,Il1b+ TAM,E15S,transferred
2.2378583,15.139058,NK,E15S,transferred
-3.2435815,3.1140363,Il1b+ TAM,E15S,transferred
24.813387,4.883616,Tumor,E15S,transferred
3.0179665,-6.829125,Neutrophil,E15S,transferred
2.2755659,-7.8260736,Neutrophil,E15S,transferred
23.639338,3.3735406,Tumor Proliferating,E15S,transferred
23.25779,5.422278,Tumor Proliferating,E15S,transferred
-0.0939434,-5.9263425,Neutrophil,E15S,transferred
24.830994,2.853493,Tumor,E15S,transferred
-7.011977,3.329203,C1qc+ TAM,E15S,transferred
-0.60190666,-0.17519663,Monocyte,E15S,transferred
2.588646,-7.187359,Neutrophil,E15S,transferred
-6.796603,3.2338169,C1qc+ TAM,E15S,transferred
-5.536042,2.5303369,C1qc+ TAM,E15S,transferred
19.273703,9.123818,Stromal,E15S,transferred
-1.8684082,3.1651797,C1qc+ TAM,E15S,transferred
1.3976835,-8.864299,Neutrophil,E15S,transferred
27.094147,4.794271,Tumor,E15S,transferred
-4.4602895,5.5459747,C1qc+ TAM,E15S,transferred
-4.667642,4.8225813,Resident Macrophage,E15S,transferred
0.040446717,-6.2780113,Neutrophil,E15S,transferred
-4.82778,4.3644247,C1qc+ TAM,E15S,transferred
0.36785087,-7.21295,Neutrophil,E15S,transferred
-4.144042,3.5201707,C1qc+ TAM,E15S,transferred
25.038855,5.1439166,Tumor,E15S,transferred
16.689095,10.470865,Stromal,E15S,transferred
-0.36723062,3.6095538,Monocyte,E15S,transferred
23.793304,5.146112,Hypoxic Tumor,E15S,transferred
26.755493,2.94659,Hypoxic Tumor,E15S,transferred
25.056389,5.16301,CAF,E15S,transferred
1.4350884,-7.9976873,Neutrophil,E15S,transferred
23.571209,5.27997,Tumor Proliferating,E15S,transferred
0.24029313,-5.6633844,Neutrophil,E15S,transferred
17.61464,9.523598,Stromal,E15S,transferred
24.300869,5.924736,Tumor,E15S,transferred
-5.9665275,3.5882778,Resident Macrophage,E15S,transferred
25.68112,2.7829113,Tumor,E15S,transferred
18.19828,9.098125,Stromal,E15S,transferred
26.747871,3.8623126,Tumor,E15S,transferred
0.4560578,-7.432906,Neutrophil,E15S,transferred
-5.247693,4.735499,Resident Macrophage,E15S,transferred
-5.1178055,3.2440288,Resident Macrophage,E15S,transferred
-3.6733289,4.7008777,C1qc+ TAM,E15S,transferred
17.513916,10.578901,Stromal,E15S,transferred
-5.721092,4.456807,C1qc+ TAM,E15S,transferred
24.263695,3.0858564,CAF,E15S,transferred
-6.357823,1.2522442,Spp1+ TAM,E15S,transferred
0.18338917,-7.4327307,Neutrophil,E15S,transferred
-5.848452,4.3889556,Resident Macrophage,E15S,transferred
-4.572918,4.8149157,C1qc+ TAM,E15S,transferred
23.756413,3.979401,CAF,E15S,transferred
22.778576,3.7149425,Tumor Proliferating,E15S,transferred
26.644686,3.503586,Tumor,E15S,transferred
-2.101358,2.4654682,Monocyte,E15S,transferred
26.459463,4.508548,Tumor,E15S,transferred
16.328318,6.6843066,Hypoxic Tumor,E15S,transferred
25.256424,4.111282,Tumor Proliferating,E15S,transferred
-6.44509,1.1136348,Spp1+ TAM,E15S,transferred
26.195435,3.6033783,Tumor,E15S,transferred
-0.40469253,-8.189615,Neutrophil,E15S,transferred
-4.610469,5.784705,C1qc+ TAM,E15S,transferred
24.063295,3.6482575,CAF,E15S,transferred
-4.221991,1.3813728,Il1b+ TAM,E15S,transferred
17.270147,9.345685,Stromal,E15S,transferred
-1.8474697,3.2580557,Resident Macrophage,E15S,transferred
0.14786568,-7.309689,Neutrophil,E15S,transferred
0.8221147,-6.45192,Neutrophil,E15S,transferred
26.759052,3.4932952,Tumor,E15S,transferred
-0.42512023,-8.137994,Neutrophil,E15S,transferred
16.599075,6.822447,Hypoxic Tumor,E15S,transferred
16.892828,8.097087,Hypoxic Tumor,E15S,transferred
3.205355,12.66518,NK,E15S,transferred
25.09121,3.379804,Tumor,E15S,transferred
-4.1065946,1.2168838,Spp1+ TAM,E15S,transferred
-3.7705438,5.293941,C1qc+ TAM,E15S,transferred
-0.28723565,-8.270005,Neutrophil,E15S,transferred
1.1639153,-8.9503355,Neutrophil,E15S,transferred
1.8668233,-7.719674,Neutrophil,E15S,transferred
25.618786,5.653482,Tumor,E15S,transferred
-6.093284,0.8405526,Spp1+ TAM,E15S,transferred
16.572903,11.497176,Stromal,E15S,transferred
-5.871503,5.1040506,C1qc+ TAM,E15S,transferred
-4.2551937,4.268032,C1qc+ TAM,E15S,transferred
24.125187,3.0536356,CAF,E15S,transferred
-0.62441635,3.3749392,Resident Macrophage,E15S,transferred
-3.9044752,4.101068,Resident Macrophage,E15S,transferred
18.42773,7.165083,Hypoxic Tumor,E15S,knn
0.06501843,-8.165969,Neutrophil,E15S,transferred
16.464642,9.949148,Stromal,E15S,transferred
24.02505,6.0468116,Tumor,E15S,transferred
-3.0680528,0.7023743,Spp1+ TAM,E15S,transferred
25.793201,4.076514,Tumor,E15S,transferred
18.64379,9.953011,Stromal,E15S,transferred
-3.7207792,4.3825397,Il1b+ TAM,E15S,transferred
25.25423,4.2234683,Tumor,E15S,transferred
-6.12068,2.6390438,Resident Macrophage,E15S,transferred
-4.897884,6.294508,C1qc+ TAM,E15S,transferred
-4.054014,6.083791,C1qc+ TAM,E15S,transferred
-3.893279,1.5976168,Monocyte,E15S,transferred
25.650024,4.376869,Tumor,E15S,transferred
17.950274,10.4876375,Stromal,E15S,transferred
23.828934,5.2626595,Tumor Proliferating,E15S,transferred
3.4315104,12.8402815,Regulatory CD8 T,E15S,transferred
18.981117,7.061316,Hypoxic Tumor,E15S,knn
27.257437,3.9972975,Tumor,E15S,transferred
25.70205,2.8608866,Tumor,E15S,transferred
25.05544,4.347279,CAF,E15S,transferred
0.5726919,-7.263366,Neutrophil,E15S,transferred
-5.8445024,1.3166121,Spp1+ TAM,E15S,transferred
-4.3968053,2.9867034,Monocyte,E15S,transferred
1.553682,-8.177733,Neutrophil,E15S,transferred
24.54973,5.3036633,Tumor Proliferating,E15S,transferred
27.048597,4.6469073,Tumor,E15S,transferred
23.875631,5.3163495,Tumor Proliferating,E15S,transferred
25.164274,5.0761895,CAF,E15S,transferred
27.234352,3.8717518,Tumor,E15S,transferred
27.072191,4.046101,Tumor,E15S,transferred
-4.2289147,6.26271,C1qc+ TAM,E15S,transferred
27.559546,3.6694863,Tumor,E15S,transferred
-1.23158,2.27483,Monocyte,E15S,transferred
26.268337,4.230968,Tumor,E15S,transferred
0.51737744,-7.173112,Neutrophil,E15S,transferred
18.3682,10.214867,Stromal,E15S,transferred
-1.3270193,3.6168296,Monocyte,E15S,transferred
23.463415,5.435597,Tumor Proliferating,E15S,transferred
-4.554519,3.6085954,Resident Macrophage,E15S,transferred
16.315838,11.0657425,Stromal,E15S,transferred
-7.0936623,3.9083252,C1qc+ TAM,E15S,transferred
18.928772,7.841961,Stromal,E15S,transferred
3.3492172,-6.8974867,Neutrophil,E15S,transferred
-6.0402718,5.3730745,Resident Macrophage,E15S,transferred
17.175245,9.798313,Stromal,E15S,transferred
-3.618712,6.446577,C1qc+ TAM,E15S,transferred
-5.053588,0.5798918,Spp1+ TAM,E15S,transferred
16.896692,9.823538,Stromal,E15S,transferred
-5.8586855,4.003371,Il1b+ TAM,E15S,transferred
25.077751,4.175207,CAF,E15S,transferred
-3.3507094,1.1021893,Monocyte,E15S,transferred
23.24011,3.3793912,Tumor Proliferating,E15S,transferred
-3.9159214,1.5610183,C1qc+ TAM,E15S,transferred
0.1078532,-8.2904415,Neutrophil,E15S,transferred
-5.527556,4.5609326,C1qc+ TAM,E15S,transferred
3.1170535,-7.259388,Neutrophil,E15S,transferred
-2.6848574,4.0851464,Monocyte,E15S,transferred
0.54796726,-7.4265437,Neutrophil,E15S,transferred
-0.98090285,2.8676848,Monocyte,E15S,transferred
16.065783,11.0335245,Stromal,E15S,transferred
-3.0756166,0.55090725,Spp1+ TAM,E15S,transferred
-7.0628796,2.292328,C1qc+ TAM,E15S,transferred
19.595089,8.442735,Stromal,E15S,transferred
-5.4354553,5.4820347,C1qc+ TAM,E15S,transferred
17.953074,8.769222,Stromal,E15S,transferred
26.603897,3.6381316,Tumor,E15S,transferred
-2.7999249,3.3723962,C1qc+ TAM,E15S,transferred
16.471243,6.379718,Hypoxic Tumor,E15S,knn
-5.7832584,0.9454076,Spp1+ TAM,E15S,transferred
25.822664,4.657269,Tumor,E15S,transferred
-4.3472753,2.7581768,Resident Macrophage,E15S,transferred
26.117191,3.119749,CAF,E15S,transferred
24.364847,5.21309,Tumor Proliferating,E15S,transferred
17.672277,7.392625,Hypoxic Tumor,E15S,knn
24.4696,4.6612964,Tumor Proliferating,E15S,transferred
18.021622,11.133197,Stromal,E15S,transferred
-2.0506036,2.5235393,Monocyte,E15S,transferred
16.299177,6.3553658,Hypoxic Tumor,E15S,transferred
25.358137,3.8579288,Tumor,E15S,transferred
2.8518496,-7.427817,Neutrophil,E15S,transferred
-0.7631889,-7.662926,Neutrophil,E15S,transferred
-6.001786,5.07644,Resident Macrophage,E15S,transferred
-4.8289866,5.016506,Resident Macrophage,E15S,transferred
18.702099,8.129404,Stromal,E15S,transferred
0.51076585,-6.304987,Neutrophil,E15S,transferred
26.59587,3.2087886,Tumor,E15S,transferred
-1.2373769,3.930148,Monocyte,E15S,transferred
1.8675381,-8.3435335,Neutrophil,E15S,transferred
-6.6597376,1.3107222,Spp1+ TAM,E15S,transferred
-0.74166334,-8.122152,Neutrophil,E15S,transferred
25.623774,3.626586,CAF,E15S,transferred
-4.217248,5.021952,C1qc+ TAM,E15S,transferred
1.3743156,-6.0356426,Neutrophil,E15S,transferred
17.334908,9.909142,Stromal,E15S,transferred
-5.021493,4.3467116,C1qc+ TAM,E15S,transferred
24.428848,4.6376133,Tumor Proliferating,E15S,transferred
0.60825646,-8.465417,Neutrophil,E15S,transferred
16.653019,7.0564933,Hypoxic Tumor,E15S,knn
16.44946,6.9456387,Hypoxic Tumor,E15S,transferred
17.681757,10.05688,Stromal,E15S,transferred
0.20350137,-7.745291,Neutrophil,E15S,transferred
-1.9771137,2.8838015,Il1b+ TAM,E15S,transferred
-5.3498497,2.2336094,Spp1+ TAM,E15S,transferred
19.24884,8.969088,Stromal,E15S,transferred
-6.2920647,4.554787,Resident Macrophage,E15S,transferred
-5.3261905,3.4130287,Resident Macrophage,E15S,transferred
26.882685,3.1255,Tumor,E15S,transferred
19.188665,8.862801,Stromal,E15S,transferred
-1.9994273,3.9853086,Resident Macrophage,E15S,transferred
-5.9512777,3.035529,Resident Macrophage,E15S,transferred
-3.0662067,1.2886049,Spp1+ TAM,E15S,transferred
15.916717,10.05643,Hypoxic Tumor,E15S,transferred
2.0423489,14.106456,NK,E15S,transferred
-4.4360785,4.082825,Resident Macrophage,E15S,transferred
17.63394,9.417652,Stromal,E15S,transferred
2.9586744,11.19065,CD8 Exhausted Proliferating,E15S,transferred
25.729555,5.9482875,Stromal,E15S,transferred
-0.87397873,3.2349005,C1qc+ TAM,E15S,transferred
17.281734,10.308071,Stromal,E15S,transferred
2.352136,15.431912,NK,E15S,transferred
-4.5111833,6.1170893,C1qc+ TAM,E15S,transferred
27.25296,3.6857157,Tumor,E15S,transferred
-3.9054406,6.8046584,C1qc+ TAM,E15S,transferred
-1.8792048,1.4342344,Monocyte,E15S,transferred
18.345171,8.70655,Stromal,E15S,transferred
-2.8828425,4.7843823,C1qc+ TAM,E15S,transferred
-3.1402423,3.8445928,C1qc+ TAM,E15S,transferred
24.941786,4.8107104,C1qc+ TAM,E15S,transferred
18.052113,11.008063,Stromal,E15S,transferred
-3.3989055,1.6630462,Monocyte,E15S,transferred
23.84027,5.4439964,Tumor Proliferating,E15S,transferred
18.33185,7.5463305,Hypoxic Tumor,E15S,knn
0.21490647,-7.76049,Neutrophil,E15S,transferred
23.953726,4.1670837,CAF,E15S,transferred
-3.6527314,4.001752,C1qc+ TAM,E15S,transferred
27.369028,4.177019,Tumor,E15S,transferred
23.910408,4.0041785,CAF,E15S,transferred
25.44231,4.090533,Tumor,E15S,transferred
-0.21857002,4.0657654,Monocyte,E15S,transferred
25.271055,2.6618924,Tumor,E15S,transferred
25.053175,4.278554,CAF,E15S,transferred
1.5443797,13.992651,NK,E15S,transferred
24.682674,4.5662103,Tumor Proliferating,E15S,transferred
-2.4372728,1.5111419,Il1b+ TAM,E15S,transferred
0.38133702,1.3983434,Monocyte,E15S,transferred
16.294632,8.545472,Hypoxic Tumor,E15S,transferred
19.261362,9.224577,Stromal,E15S,transferred
24.451529,4.7903004,Tumor Proliferating,E15S,transferred
-2.7353969,3.4913387,Resident Macrophage,E15S,transferred
0.0210642,-5.669636,Neutrophil,E15S,transferred
-0.02897197,-8.580125,Neutrophil,E15S,transferred
18.389364,10.451969,Stromal,E15S,transferred
-6.3438873,2.309721,Resident Macrophage,E15S,transferred
23.88166,3.231152,Tumor Proliferating,E15S,transferred
-6.0204253,1.4136425,Spp1+ TAM,E15S,transferred
-5.9572916,1.306184,Spp1+ TAM,E15S,transferred
1.7294112,-7.8910036,Neutrophil,E15S,transferred
-3.8167384,3.081691,C1qc+ TAM,E15S,transferred
-4.446094,0.36245775,Spp1+ TAM,E15S,transferred
17.114399,11.564258,Stromal,E15S,transferred
-3.7353718,2.8041458,C1qc+ TAM,E15S,transferred
0.58963186,-7.788252,Neutrophil,E15S,transferred
-3.51597,4.5170345,C1qc+ TAM,E15S,transferred
-3.2056034,3.345146,C1qc+ TAM,E15S,transferred
0.111526996,-5.0233417,Neutrophil,E15S,transferred
2.3073254,-8.504359,Neutrophil,E15S,transferred
17.591364,6.2888503,Hypoxic Tumor,E15S,knn
18.662685,9.798543,Stromal,E15S,transferred
26.787401,5.0101986,Tumor,E15S,transferred
1.7035663,-7.265541,Neutrophil,E15S,transferred
-4.4328694,2.9791615,C1qc+ TAM,E15S,transferred
-4.79589,5.567183,Resident Macrophage,E15S,transferred
16.542688,6.9995184,Hypoxic Tumor,E15S,knn
25.049948,4.43808,Tumor Proliferating,E15S,transferred
5.388707,9.895825,B,E15S,transferred
-3.0484166,4.6861653,C1qc+ TAM,E15S,transferred
2.967706,13.430458,NK,E15S,transferred
-5.1758685,4.107237,Resident Macrophage,E15S,transferred
18.174252,10.9128895,Stromal,E15S,transferred
-1.4395235,3.705163,Resident Macrophage,E15S,transferred
25.721066,4.2778,Tumor,E15S,transferred
25.131315,2.9481516,CAF,E15S,transferred
2.1903453,-7.373674,Neutrophil,E15S,transferred
26.672546,4.683159,Tumor,E15S,transferred
-2.5197713,2.7119405,Monocyte,E15S,transferred
23.263319,5.702033,Tumor Proliferating,E15S,transferred
26.988728,4.8781047,Tumor,E15S,transferred
-4.8730226,2.3364928,Il1b+ TAM,E15S,transferred
-0.80356437,1.4039996,Monocyte,E15S,transferred
-5.426146,4.6020017,Resident Macrophage,E15S,transferred
17.133713,11.180289,Stromal,E15S,transferred
23.958618,4.3749304,CAF,E15S,transferred
23.484756,4.988609,Tumor Proliferating,E15S,transferred
26.028316,3.5833879,Tumor,E15S,transferred
-3.689178,3.674763,C1qc+ TAM,E15S,transferred
1.0576929,-8.477694,Neutrophil,E15S,transferred
24.009073,5.8289533,Tumor Proliferating,E15S,transferred
-4.515967,2.329102,Il1b+ TAM,E15S,transferred
16.087067,6.5400047,Hypoxic Tumor,E15S,knn
5.363813,9.91098,B,E15S,transferred
-3.9222977,6.593861,Resident Macrophage,E15S,transferred
-4.8634834,4.7951336,C1qc+ TAM,E15S,transferred
25.6821,3.8472967,CAF,E15S,transferred
1.7757647,-8.1358595,Neutrophil,E15S,transferred
18.67222,7.3362193,Hypoxic Tumor,E15S,knn
-5.4031034,3.5845869,C1qc+ TAM,E15S,transferred
1.2942688,-7.262829,Neutrophil,E15S,transferred
18.683876,7.1777673,Hypoxic Tumor,E15S,knn
0.6887823,-7.8953295,Neutrophil,E15S,transferred
-6.1634207,0.81839055,Spp1+ TAM,E15S,transferred
-6.199442,2.5177932,Resident Macrophage,E15S,transferred
17.976723,6.7560577,Hypoxic Tumor,E15S,knn
18.626934,7.29415,Hypoxic Tumor,E15S,knn
23.84146,4.74268,Tumor Proliferating,E15S,transferred
25.995049,5.2848554,Tumor,E15S,transferred
-2.9772332,2.448971,Il1b+ TAM,E15S,transferred
22.226559,4.46564,Tumor Proliferating,E15S,transferred
-4.351387,4.3159237,C1qc+ TAM,E15S,transferred
1.9089854,6.809412,mDC,E15S,transferred
26.929245,4.1702137,Tumor,E15S,transferred
-5.450692,1.3903602,Spp1+ TAM,E15S,transferred
26.117655,5.4220123,Tumor,E15S,transferred
17.52668,9.981847,Stromal,E15S,transferred
16.3797,7.947853,Hypoxic Tumor,E15S,transferred
-3.681734,2.322542,C1qc+ TAM,E15S,transferred
-5.2015533,2.0029604,Spp1+ TAM,E15S,transferred
25.474459,5.5407844,Tumor,E15S,transferred
-0.039344657,-6.9099607,Neutrophil,E15S,transferred
24.001635,3.0790498,CAF,E15S,transferred
-3.8357944,3.480317,Spp1+ TAM,E15S,transferred
-3.7270224,4.953446,C1qc+ TAM,E15S,transferred
25.107912,2.7482462,CAF,E15S,transferred
25.636784,5.5974307,Tumor,E15S,transferred
25.508055,4.3219748,CAF,E15S,transferred
-5.2669506,1.4469117,Spp1+ TAM,E15S,transferred
19.23861,9.118851,Stromal,E15S,transferred
25.880968,4.9908113,Tumor,E15S,transferred
25.578953,4.6040535,Tumor,E15S,transferred
-1.4591274,2.6283042,Monocyte,E15S,transferred
25.090057,2.7737155,CAF,E15S,transferred
-4.56428,3.1620739,Il1b+ TAM,E15S,transferred
2.4861495,-7.304599,Neutrophil,E15S,transferred
-6.3652067,2.0504558,Resident Macrophage,E15S,transferred
-5.2348247,4.399456,C1qc+ TAM,E15S,transferred
-3.2061062,4.1858015,C1qc+ TAM,E15S,transferred
-6.6756105,3.0831509,C1qc+ TAM,E15S,transferred
24.83044,3.4643466,CAF,E15S,transferred
16.918188,11.315077,Stromal,E15S,transferred
-0.11342093,1.5358155,Monocyte,E15S,transferred
16.33677,11.030201,Stromal,E15S,transferred
-6.506013,2.0473075,Resident Macrophage,E15S,transferred
1.2017674,-9.073266,Neutrophil,E15S,transferred
-4.1007333,2.3112082,C1qc+ TAM,E15S,transferred
-6.0118127,4.1003537,C1qc+ TAM,E15S,transferred
-2.23,4.118126,C1qc+ TAM,E15S,transferred
16.274101,8.790494,Hypoxic Tumor,E15S,transferred
2.2756906,15.116649,NK,E15S,transferred
-4.843507,4.1870866,C1qc+ TAM,E15S,transferred
24.27972,5.3078656,Tumor Proliferating,E15S,transferred
24.48017,4.2058525,Tumor,E15S,transferred
24.428013,3.8378937,CAF,E15S,transferred
25.014057,3.4296067,Tumor Proliferating,E15S,transferred
24.577614,4.7361555,Tumor,E15S,transferred
-5.3042274,3.2536745,Il1b+ TAM,E15S,transferred
22.748125,4.1655273,Tumor Proliferating,E15S,transferred
-3.0157979,3.041238,Monocyte,E15S,transferred
24.878746,3.6227484,CAF,E15S,transferred
-6.1813116,4.4736514,Resident Macrophage,E15S,transferred
-5.768474,3.149107,Resident Macrophage,E15S,transferred
2.3444104,-9.003528,Neutrophil,E15S,transferred
-4.808453,1.2352909,Il1b+ TAM,E15S,transferred
26.81127,3.1944745,Tumor,E15S,transferred
22.36314,4.279879,Tumor Proliferating,E15S,transferred
2.160436,15.352551,NK,E15S,transferred
17.614073,10.089511,Stromal,E15S,transferred
-0.040804174,2.078434,Monocyte,E15S,transferred
0.11039693,0.98515713,Monocyte,E15S,transferred
-5.0535665,1.5681247,Il1b+ TAM,E15S,transferred
-5.330266,3.1369653,C1qc+ TAM,E15S,transferred
-5.142275,1.4469929,Spp1+ TAM,E15S,transferred
17.993896,8.794867,Stromal,E15S,transferred
1.8905102,14.853354,NK,E15S,transferred
-4.1179776,6.4674263,C1qc+ TAM,E15S,transferred
-1.3149036,1.8586787,Spp1+ TAM,E15S,transferred
25.149792,3.3361428,Tumor,E15S,transferred
18.542175,6.9152527,Hypoxic Tumor,E15S,knn
2.7501009,-7.0805807,Neutrophil,E15S,transferred
26.014364,3.2515678,Tumor,E15S,transferred
0.684193,0.67309886,Monocyte,E15S,transferred
3.0302138,-6.904269,Neutrophil,E15S,transferred
-2.38597,3.1403818,Monocyte,E15S,transferred
1.624763,-8.718206,Neutrophil,E15S,transferred
3.1695313,-7.086143,Neutrophil,E15S,transferred
18.294682,6.9689307,Hypoxic Tumor,E15S,knn
-4.512252,5.822958,C1qc+ TAM,E15S,transferred
-4.6542754,2.6406634,C1qc+ TAM,E15S,transferred
23.963854,5.6277385,Tumor Proliferating,E15S,transferred
-6.6315866,2.528191,C1qc+ TAM,E15S,transferred
-0.9228762,2.2008018,Monocyte,E15S,transferred
0.4192916,5.178332,cDC,E15S,transferred
0.39981148,0.4572605,Resident Macrophage,E15S,transferred
-5.231313,2.682492,Il1b+ TAM,E15S,transferred
-3.6134472,2.0046463,Il1b+ TAM,E15S,transferred
27.051313,4.526025,Tumor,E15S,transferred
23.613691,3.6848667,Tumor Proliferating,E15S,transferred
25.044662,3.1859791,CAF,E15S,transferred
25.558846,5.320567,Tumor,E15S,transferred
27.17474,3.282771,Hypoxic Tumor,E15S,transferred
-3.9574451,1.3978664,Spp1+ TAM,E15S,transferred
-1.1467106,2.923304,Monocyte,E15S,transferred
26.62107,3.082638,Hypoxic Tumor,E15S,transferred
16.704336,11.283423,Stromal,E15S,transferred
16.083353,9.521246,Hypoxic Tumor,E15S,transferred
3.1528807,-6.8441052,Neutrophil,E15S,transferred
-3.749624,2.1881573,C1qc+ TAM,E15S,transferred
16.590479,8.382056,Hypoxic Tumor,E15S,transferred
-1.8564432,0.7829595,Monocyte,E15S,transferred
-1.2892624,10.720968,B,E15S,transferred
-5.217346,0.7828633,Spp1+ TAM,E15S,transferred
0.08053433,2.306706,Monocyte,E15S,transferred
24.506592,2.9302106,Tumor,E15S,transferred
24.025793,5.51559,Tumor Proliferating,E15S,transferred
-5.548309,1.0231569,Spp1+ TAM,E15S,transferred
-2.1946728,3.193002,Monocyte,E15S,transferred
2.0463593,-8.94213,Neutrophil,E15S,transferred
-6.0958996,4.3980613,Resident Macrophage,E15S,transferred
-2.6472552,3.5916538,Resident Macrophage,E15S,transferred
16.604841,8.313608,Hypoxic Tumor,E15S,transferred
-6.714725,2.81935,Resident Macrophage,E15S,transferred
1.4993505,-8.4831085,Neutrophil,E15S,knn
25.349827,5.152021,CAF,E15S,transferred
-0.8179515,2.6366346,Monocyte,E15S,transferred
3.0139122,11.595313,CD8 Terminally Exhausted,E15S,transferred
-3.8615007,2.5792613,Il1b+ TAM,E15S,transferred
-0.048582394,5.4066877,cDC,E15S,transferred
-1.4428943,3.82376,Resident Macrophage,E15S,transferred
18.575554,8.511384,Stromal,E15S,transferred
-0.64063066,2.4208822,Spp1+ TAM,E15S,transferred
-0.11475879,1.4696605,Monocyte,E15S,transferred
-4.502889,6.253458,C1qc+ TAM,E15S,transferred
-5.557262,4.6424203,C1qc+ TAM,E15S,transferred
2.6954381,-7.144479,Neutrophil,E15S,transferred
-5.211812,1.7081277,Spp1+ TAM,E15S,transferred
16.497166,7.9163437,Hypoxic Tumor,E15S,knn
16.931631,7.420955,Hypoxic Tumor,E15S,transferred
-4.5773973,0.6042261,Spp1+ TAM,E15S,transferred
-2.7828526,2.8055768,Il1b+ TAM,E15S,transferred
0.8533591,-7.5008893,Neutrophil,E15S,transferred
-4.376276,2.9016209,Resident Macrophage,E15S,transferred
1.0143846,-5.921525,Neutrophil,E15S,transferred
-2.006443,2.0999548,Monocyte,E15S,transferred
-4.5276012,3.9111462,C1qc+ TAM,E15S,transferred
23.910105,5.2988834,Tumor Proliferating,E15S,transferred
-1.7283834,3.0584712,Monocyte,E15S,transferred
24.99823,5.6660604,Tumor,E15S,transferred
27.55264,4.059977,Tumor,E15S,transferred
-6.556427,2.0342143,C1qc+ TAM,E15S,transferred
27.141901,4.8969464,Tumor,E15S,transferred
24.986805,3.7126532,Tumor,E15S,transferred
-1.5195793,3.5791175,Monocyte,E15S,transferred
24.806839,3.4865294,Tumor,E15S,transferred
-4.560221,1.0885016,Spp1+ TAM,E15S,transferred
24.828314,4.904201,CAF,E15S,transferred
2.0851126,-7.3047996,Neutrophil,E15S,transferred
-2.2492757,2.4172966,Monocyte,E15S,transferred
-0.99254936,-8.010398,Neutrophil,E15S,transferred
-3.1917868,3.0382283,Spp1+ TAM,E15S,transferred
-4.9761415,4.4742203,Resident Macrophage,E15S,transferred
-0.34936816,2.345531,Monocyte,E15S,transferred
-6.665954,3.7947774,Resident Macrophage,E15S,transferred
-6.8565307,2.295383,C1qc+ TAM,E15S,transferred
-0.7270701,2.3912039,Monocyte,E15S,transferred
0.50194144,-8.719388,Neutrophil,E15S,transferred
0.17411116,1.1489655,Monocyte,E15S,transferred
0.59482163,-6.8689475,Neutrophil,E15S,transferred
17.969814,8.686932,Hypoxic Tumor,E15S,transferred
2.3308523,14.748244,NK,E15S,transferred
-4.486186,3.4591262,C1qc+ TAM,E15S,transferred
17.29448,10.533464,Stromal,E15S,transferred
-5.963277,2.6094956,Il1b+ TAM,E15S,transferred
-3.0024748,1.897435,Monocyte,E15S,transferred
1.5868394,14.65427,NK,E15S,transferred
23.090288,3.587932,Tumor Proliferating,E15S,transferred
23.41017,5.2836447,Tumor Proliferating,E15S,transferred
-3.7642841,2.1429102,C1qc+ TAM,E15S,transferred
-1.0503181,1.3015283,Monocyte,E15S,transferred
18.768272,7.6949906,Stromal,E15S,transferred
24.332945,4.3297253,Tumor,E15S,transferred
-4.8037105,3.0977404,Resident Macrophage,E15S,transferred
-5.344308,4.408363,Resident Macrophage,E15S,transferred
-5.2818556,3.0593963,Resident Macrophage,E15S,transferred
-3.7765656,1.2197604,Monocyte,E15S,transferred
-3.3303041,3.6394663,C1qc+ TAM,E15S,transferred
-5.0206723,0.94377965,Spp1+ TAM,E15S,transferred
2.13875,-9.063419,Neutrophil,E15S,transferred
2.6177227,-9.163832,Neutrophil,E15S,transferred
25.068274,5.0234284,Tumor,E15S,transferred
-6.577341,2.8478656,C1qc+ TAM,E15S,transferred
1.6477407,-8.12888,Neutrophil,E15S,transferred
-4.297968,5.4833326,C1qc+ TAM,E15S,transferred
-3.2626529,2.5181832,Il1b+ TAM,E15S,transferred
-0.275059,2.186878,Monocyte,E15S,transferred
-3.6289165,3.7869492,C1qc+ TAM,E15S,transferred
2.4585004,-7.397619,Neutrophil,E15S,transferred
-4.4864316,5.913102,C1qc+ TAM,E15S,transferred
-6.3918414,1.7612911,Resident Macrophage,E15S,transferred
-3.9728734,4.1335797,C1qc+ TAM,E15S,transferred
23.051058,3.5965128,Tumor Proliferating,E15S,transferred
-0.39691877,3.030443,Monocyte,E15S,transferred
16.511322,7.3274126,Hypoxic Tumor,E15S,transferred
-6.2193384,4.915409,Resident Macrophage,E15S,transferred
-1.1304926,3.0433319,Resident Macrophage,E15S,transferred
-0.40652266,-6.966605,Neutrophil,E15S,transferred
16.231668,6.8396826,Hypoxic Tumor,E15S,transferred
2.1808832,-9.165502,Neutrophil,E15S,transferred
-5.1490374,1.7541854,Resident Macrophage,E15S,transferred
24.566534,4.007403,Tumor,E15S,transferred
27.017666,4.216611,Tumor,E15S,transferred
18.234379,9.601864,Stromal,E15S,transferred
-5.1965795,3.4162593,Monocyte,E15S,transferred
17.541302,6.5616994,Hypoxic Tumor,E15S,knn
-2.4055843,4.003745,Monocyte,E15S,transferred
5.4568515,9.828514,B,E15S,transferred
-0.58658487,-7.8378873,Neutrophil,E15S,transferred
-6.494843,2.3505754,C1qc+ TAM,E15S,transferred
18.054554,9.520428,Stromal,E15S,transferred
17.808716,8.861068,Stromal,E15S,transferred
-0.28961858,1.2495574,Monocyte,E15S,transferred
-0.93198925,1.4878547,Monocyte,E15S,transferred
2.4331222,-7.5235662,Neutrophil,E15S,transferred
-4.479984,2.604631,Il1b+ TAM,E15S,transferred
-3.4548316,2.6824076,Il1b+ TAM,E15S,transferred
-5.645011,3.9642713,Resident Macrophage,E15S,transferred
-3.767824,1.4653848,Spp1+ TAM,E15S,knn
-6.7433877,3.5531147,Resident Macrophage,E15S,transferred
-5.3572927,3.3284042,Resident Macrophage,E15S,transferred
26.833473,4.145063,Tumor,E15S,transferred
16.819683,6.1963468,Hypoxic Tumor,E15S,transferred
26.324453,3.07323,Tumor,E15S,transferred
2.1834593,14.656522,NK,E15S,transferred
-7.0453706,3.1739821,C1qc+ TAM,E15S,transferred
1.0725338,-8.98908,Neutrophil,E15S,transferred
27.160917,4.7914104,Tumor,E15S,transferred
24.988884,5.583863,Tumor Proliferating,E15S,transferred
-0.18556187,-7.836353,Neutrophil,E15S,transferred
-2.1318252,0.9550888,Monocyte,E15S,transferred
-5.854885,0.867837,Spp1+ TAM,E15S,transferred
-1.1093906,1.3215249,Spp1+ TAM,E15S,transferred
26.129335,4.1416416,Tumor,E15S,transferred
17.764524,11.249321,Stromal,E15S,transferred
25.400454,3.5541441,Tumor,E15S,transferred
0.43027732,-6.673576,Neutrophil,E15S,transferred
1.3007294,14.198599,NK,E15S,transferred
26.250654,4.8606944,Tumor,E15S,transferred
2.8964343,-6.992933,Neutrophil,E15S,transferred
-1.8969653,3.540906,Monocyte,E15S,transferred
16.95236,7.418995,Hypoxic Tumor,E15S,knn
24.979101,4.8308997,Tumor Proliferating,E15S,transferred
0.271749,-7.98945,Neutrophil,E15S,transferred
-0.2612819,2.2724519,Monocyte,E15S,transferred
25.84199,2.8106937,Tumor,E15S,transferred
-6.0481853,1.5844046,Resident Macrophage,E15S,transferred
23.607132,3.991207,CAF,E15S,transferred
-4.0757394,4.3840947,C1qc+ TAM,E15S,transferred
-3.4357576,4.99556,C1qc+ TAM,E15S,transferred
24.304497,5.0118976,Tumor Proliferating,E15S,transferred
24.125439,6.0589004,Tumor,E15S,transferred
-1.7305651,4.12248,Monocyte,E15S,transferred
27.286068,4.0320616,Tumor,E15S,transferred
15.66391,10.964238,Stromal,E15S,transferred
1.1232086,-7.8306766,Neutrophil,E15S,transferred
0.6315671,0.66287863,Monocyte,E15S,transferred
25.989218,3.4624155,Tumor,E15S,transferred
-2.2130253,2.3461185,Monocyte,E15S,transferred
18.308554,9.091647,Stromal,E15S,transferred
-6.904548,3.384871,C1qc+ TAM,E15S,transferred
-1.9051279,1.2968156,Monocyte,E15S,transferred
-4.5140843,2.977774,C1qc+ TAM,E15S,transferred
17.416592,10.26869,Stromal,E15S,transferred
23.559364,5.154251,Tumor Proliferating,E15S,transferred
-5.3567367,4.86169,Resident Macrophage,E15S,transferred
17.37312,10.1286955,Stromal,E15S,transferred
0.87639344,-7.583229,Neutrophil,E15S,transferred
0.34550712,-8.343717,Neutrophil,E15S,transferred
16.641533,11.4188385,Stromal,E15S,transferred
0.6397763,-7.994267,Neutrophil,E15S,transferred
-3.5576196,6.5488234,C1qc+ TAM,E15S,transferred
19.010077,9.572118,Stromal,E15S,transferred
-6.988419,1.7240436,C1qc+ TAM,E15S,transferred
0.1994163,-8.384272,Neutrophil,E15S,transferred
23.047722,3.6087997,CAF,E15S,transferred
-5.8722086,1.4867864,Resident Macrophage,E15S,transferred
27.311934,4.989247,Tumor,E15S,transferred
17.5278,10.835015,Stromal,E15S,transferred
-6.3091106,3.8842638,Resident Macrophage,E15S,transferred
-0.15200244,-8.287463,Neutrophil,E15S,transferred
23.236029,4.298918,Tumor Proliferating,E15S,transferred
-0.927093,2.7105854,Monocyte,E15S,transferred
16.369997,6.2675104,Hypoxic Tumor,E15S,knn
-3.3603313,6.155791,C1qc+ TAM,E15S,transferred
17.452806,10.935655,Stromal,E15S,transferred
27.362644,4.90333,Tumor,E15S,transferred
-1.0553882,1.253765,Monocyte,E15S,transferred
2.5155056,15.496183,NK,E15S,transferred
27.436235,3.2284024,Tumor,E15S,transferred
18.299885,6.814466,Hypoxic Tumor,E15S,transferred
16.73792,11.099223,Hypoxic Tumor,E15S,transferred
16.741772,5.6448073,Hypoxic Tumor,E15S,knn
15.45755,11.286618,Stromal,E15S,transferred
2.298593,10.637429,CD4 T,E15S,transferred
-4.7514863,5.432783,C1qc+ TAM,E15S,transferred
16.745192,9.854333,Stromal,E15S,transferred
22.330677,4.22206,Tumor Proliferating,E15S,transferred
27.347214,4.0713034,Tumor,E15S,transferred
26.468887,4.487485,Tumor,E15S,transferred
-3.583699,1.8931214,Il1b+ TAM,E15S,transferred
0.5874528,-5.948522,Neutrophil,E15S,transferred
-4.5112567,0.65027606,Resident Macrophage,E15S,transferred
26.8579,3.774917,Tumor,E15S,transferred
25.787592,4.6768656,CAF,E15S,transferred
23.786983,5.0857167,Tumor Proliferating,E15S,transferred
25.8296,4.0059342,Tumor,E15S,transferred
22.260096,4.2027426,Tumor Proliferating,E15S,transferred
1.1774969,-8.102307,Neutrophil,E15S,transferred
1.9939655,14.705898,NK,E15S,transferred
-5.7006702,0.9806026,Spp1+ TAM,E15S,transferred
27.136387,3.4636297,Tumor,E15S,transferred
23.252342,3.7957828,Tumor Proliferating,E15S,transferred
26.208506,3.87095,Tumor,E15S,transferred
-4.149376,0.9753975,Resident Macrophage,E15S,transferred
25.55119,4.349646,Tumor,E15S,transferred
25.113644,3.5116973,Tumor,E15S,transferred
-6.735193,2.5615044,Resident Macrophage,E15S,transferred
25.408367,3.6918697,Tumor,E15S,transferred
25.23972,2.7882118,Tumor,E15S,transferred
-0.7940416,2.3952754,Monocyte,E15S,transferred
0.7954609,-8.597642,Neutrophil,E15S,transferred
16.688791,6.6452613,Hypoxic Tumor,E15S,transferred
-3.0424018,0.9119086,Spp1+ TAM,E15S,transferred
17.048557,11.483206,Stromal,E15S,transferred
-2.0637934,5.21941,Resident Macrophage,E15S,knn
16.485537,11.6449795,Stromal,E15S,transferred
-1.3005519,4.352236,Monocyte,E15S,transferred
-1.9298203,4.6148634,Resident Macrophage,E15S,knn
-3.9267962,6.290655,C1qc+ TAM,E15S,transferred
0.29195234,-8.381233,Neutrophil,E15S,transferred
23.712864,4.2240496,CAF,E15S,transferred
18.422056,8.834129,Stromal,E15S,transferred
-2.9467402,6.420267,C1qc+ TAM,E15S,transferred
-2.7251618,4.0264072,Monocyte,E15S,transferred
-1.1034076,3.1508677,Monocyte,E15S,transferred
23.960854,5.757965,Tumor Proliferating,E15S,transferred
26.353693,3.9955196,Tumor,E15S,transferred
19.39208,8.516368,Stromal,E15S,transferred
0.9536002,-7.7244506,Neutrophil,E15S,transferred
-4.527665,5.3335323,C1qc+ TAM,E15S,transferred
23.241293,5.2737207,Tumor Proliferating,E15S,transferred
-4.387544,0.3234873,Spp1+ TAM,E15S,transferred
-6.6649284,4.283477,C1qc+ TAM,E15S,transferred
16.434034,10.869169,Stromal,E15S,transferred
-4.0862126,4.709464,C1qc+ TAM,E15S,transferred
-3.8752584,0.63558334,Spp1+ TAM,E15S,transferred
17.39834,7.2173085,Hypoxic Tumor,E15S,knn
24.776361,3.8084016,Tumor,E15S,transferred
26.476957,3.463106,Tumor,E15S,transferred
15.9010515,10.07299,Hypoxic Tumor,E15S,transferred
16.7079,7.6946535,Hypoxic Tumor,E15S,knn
-3.7819097,2.8104181,Il1b+ TAM,E15S,transferred
-1.1557353,1.2003921,Monocyte,E15S,transferred
-4.323104,5.050193,C1qc+ TAM,E15S,transferred
-5.672883,2.7257183,Resident Macrophage,E15S,transferred
16.115084,10.769741,Hypoxic Tumor,E15S,transferred
16.331219,10.4612255,Tumor,E15S,transferred
-5.187986,3.028131,C1qc+ TAM,E15S,transferred
17.73107,9.969437,Stromal,E15S,transferred
-5.7794747,1.8712541,Resident Macrophage,E15S,transferred
26.56187,4.50307,Tumor,E15S,transferred
26.750624,5.19895,Tumor,E15S,transferred
18.565403,7.067714,Hypoxic Tumor,E15S,transferred
-3.983156,2.626109,Il1b+ TAM,E15S,transferred
-4.9065223,2.4432487,Il1b+ TAM,E15S,transferred
15.984827,9.8414345,Hypoxic Tumor,E15S,transferred
5.4968395,9.793213,B,E15S,transferred
2.02096,-8.031228,Neutrophil,E15S,transferred
25.042265,4.7833433,Tumor Proliferating,E15S,transferred
-0.3391236,2.2419915,Monocyte,E15S,transferred
24.255789,3.9917579,CAF,E15S,transferred
24.667065,3.1349926,CAF,E15S,transferred
1.3396132,-7.9986176,Neutrophil,E15S,transferred
-0.14017393,-8.6805,Neutrophil,E15S,transferred
2.0094585,-7.3200426,Neutrophil,E15S,transferred
24.531635,3.3210154,CAF,E15S,transferred
17.782345,9.587024,Stromal,E15S,transferred
-7.057069,2.9825928,C1qc+ TAM,E15S,transferred
-4.0425134,1.1187974,Spp1+ TAM,E15S,transferred
19.525127,7.8729854,Stromal,E15S,knn
16.51824,9.762518,Stromal,E15S,transferred
-0.96815246,3.610354,Il1b+ TAM,E15S,transferred
-1.2735236,10.692855,Neutrophil,E15S,transferred
16.137054,6.3733664,Hypoxic Tumor,E15S,transferred
-3.012477,3.2849681,Spp1+ TAM,E15S,transferred
18.132393,10.680214,Stromal,E15S,transferred
23.487701,4.1141872,CAF,E15S,transferred
-5.8811216,4.132004,Resident Macrophage,E15S,transferred
19.685184,8.623152,Stromal,E15S,transferred
-3.414451,4.7719326,C1qc+ TAM,E15S,transferred
-7.0534754,3.6521118,C1qc+ TAM,E15S,transferred
18.804361,9.160753,Tumor Proliferating,E15S,transferred
0.9763685,-7.6790724,Neutrophil,E15S,transferred
-0.08656995,1.0428656,Monocyte,E15S,transferred
-4.6730328,1.5818052,Spp1+ TAM,E15S,transferred
0.77881825,0.5778677,Monocyte,E15S,transferred
1.0184482,-5.785619,Neutrophil,E15S,transferred
24.962229,3.4125843,CAF,E15S,transferred
-6.964378,3.3729079,C1qc+ TAM,E15S,transferred
0.11266186,1.2525247,Monocyte,E15S,transferred
1.2327815,-8.232113,Neutrophil,E15S,transferred
1.8712002,-8.475187,Neutrophil,E15S,transferred
17.548922,9.702258,Stromal,E15S,transferred
22.713184,4.758743,Tumor Proliferating,E15S,transferred
2.2712693,-8.019879,Neutrophil,E15S,transferred
25.298397,4.7210274,CAF,E15S,transferred
3.092771,-7.1728487,Neutrophil,E15S,transferred
16.849936,11.077726,Stromal,E15S,transferred
-6.162835,4.0381393,Resident Macrophage,E15S,transferred
18.122107,9.397162,Stromal,E15S,transferred
25.358322,5.7105575,Tumor,E15S,transferred
1.0362659,-8.62053,Neutrophil,E15S,transferred
-4.288018,2.8497424,Spp1+ TAM,E15S,transferred
-5.260526,1.6597605,Spp1+ TAM,E15S,transferred
24.30052,4.3031335,Tumor Proliferating,E15S,transferred
-5.3299513,0.88287485,Spp1+ TAM,E15S,transferred
3.0752597,-7.1901693,Neutrophil,E15S,transferred
-3.7200143,6.613477,C1qc+ TAM,E15S,transferred
18.220524,8.750724,Stromal,E15S,transferred
-6.777299,2.4373655,C1qc+ TAM,E15S,transferred
-5.0799656,3.241051,C1qc+ TAM,E15S,transferred
25.197363,3.4778423,CAF,E15S,transferred
16.629986,7.2347026,Hypoxic Tumor,E15S,knn
18.523287,10.104567,Stromal,E15S,transferred
-2.9172213,3.9044514,Il1b+ TAM,E15S,transferred
-3.6413927,4.3499737,C1qc+ TAM,E15S,transferred
-0.5285545,-0.40408263,Monocyte,E15S,transferred
-0.24120766,-8.195708,Neutrophil,E15S,transferred
18.964556,6.7753143,Hypoxic Tumor,E15S,knn
22.967388,3.4797137,Tumor Proliferating,E15S,transferred
-3.4235983,2.769538,C1qc+ TAM,E15S,transferred
-5.242836,3.9921355,Resident Macrophage,E15S,transferred
0.23330823,1.8459421,Monocyte,E15S,transferred
25.872137,4.5406265,CAF,E15S,transferred
-6.586375,2.668586,C1qc+ TAM,E15S,transferred
26.777199,4.545612,Hypoxic Tumor,E15S,transferred
-4.047129,0.6902362,Spp1+ TAM,E15S,transferred
-5.574528,4.0405865,Il1b+ TAM,E15S,transferred
17.022902,9.758682,Stromal,E15S,transferred
-5.5008683,5.728975,C1qc+ TAM,E15S,transferred
25.406647,4.160813,Tumor,E15S,transferred
26.009155,4.8216124,CAF,E15S,transferred
26.53015,3.320295,Tumor,E15S,transferred
16.430574,6.927799,Hypoxic Tumor,E15S,knn
-3.4501095,1.3942174,Il1b+ TAM,E15S,transferred
-3.223663,4.2793393,C1qc+ TAM,E15S,transferred
22.860302,3.6041684,Tumor Proliferating,E15S,transferred
17.392164,9.6123,Stromal,E15S,transferred
2.951108,-7.0616684,Neutrophil,E15S,transferred
-5.792268,4.965623,C1qc+ TAM,E15S,transferred
-1.839927,4.2697687,Resident Macrophage,E15S,transferred
18.897078,9.168161,Stromal,E15S,transferred
-4.431001,4.639402,C1qc+ TAM,E15S,transferred
16.28417,7.4030237,Hypoxic Tumor,E15S,transferred
0.74748904,-6.188433,Neutrophil,E15S,transferred
-1.6460801,2.3215108,Spp1+ TAM,E15S,transferred
-5.0795865,2.6994781,C1qc+ TAM,E15S,transferred
-0.16626239,-8.561109,Neutrophil,E15S,knn
-2.9525304,3.4927106,C1qc+ TAM,E15S,transferred
23.286272,3.4699528,Tumor Proliferating,E15S,transferred
1.9129974,-7.2171035,Neutrophil,E15S,transferred
-3.69813,2.78955,Il1b+ TAM,E15S,transferred
-1.9702866,1.0947529,Monocyte,E15S,transferred
1.6629449,-7.2413583,Neutrophil,E15S,transferred
0.5427768,-7.9275546,Neutrophil,E15S,transferred
24.357372,3.7463233,CAF,E15S,transferred
-3.450879,3.7104044,C1qc+ TAM,E15S,transferred
16.24556,10.628742,Tumor,E15S,transferred
23.08079,3.986063,Tumor Proliferating,E15S,transferred
2.842933,-7.551195,Neutrophil,E15S,transferred
-4.6642585,2.301092,Spp1+ TAM,E15S,transferred
16.503357,10.5211,Stromal,E15S,transferred
-5.453398,3.4205081,Resident Macrophage,E15S,transferred
23.065767,4.1283903,CAF,E15S,transferred
24.465347,4.57124,CAF,E15S,transferred
23.78009,4.8018155,Tumor Proliferating,E15S,transferred
19.184843,8.748568,Stromal,E15S,transferred
-3.4437292,5.26718,C1qc+ TAM,E15S,transferred
22.393356,4.487419,Tumor Proliferating,E15S,transferred
23.899054,6.0737424,Tumor,E15S,transferred
-5.645949,2.9124777,C1qc+ TAM,E15S,transferred
22.294365,4.29024,Tumor Proliferating,E15S,transferred
-5.652276,2.0691252,Spp1+ TAM,E15S,transferred
2.76496,12.250208,CD4 T,E15S,knn
24.199814,5.6030884,Tumor Proliferating,E15S,transferred
22.220598,4.1791635,Tumor Proliferating,E15S,transferred
25.360794,4.477477,CAF,E15S,transferred
23.94268,5.5982943,Tumor,E15S,knn
-5.180266,5.1963882,C1qc+ TAM,E15S,transferred
25.41294,4.3818994,CAF,E15S,transferred
0.680859,5.1778708,cDC,E15S,transferred
-5.9212217,1.1759688,Spp1+ TAM,E15S,transferred
1.1096125,4.999283,cDC,E15S,transferred
26.022451,4.803858,CAF,E15S,transferred
26.37562,3.4802854,Tumor,E15S,transferred
-4.448594,2.7939856,C1qc+ TAM,E15S,transferred
24.54272,4.3384356,Tumor,E15S,transferred
1.6934972,14.457098,NK,E15S,transferred
-5.768064,3.2520237,C1qc+ TAM,E15S,transferred
25.579657,3.877121,Tumor,E15S,transferred
25.632347,5.824587,Tumor,E15S,transferred
-4.9176474,3.6041787,Resident Macrophage,E15S,transferred
-2.5057542,2.5234509,C1qc+ TAM,E15S,transferred
-4.250989,4.5901227,Resident Macrophage,E15S,transferred
17.361343,10.037264,Stromal,E15S,transferred
-5.0657825,1.6185517,Spp1+ TAM,E15S,transferred
1.7894381,14.188237,NK,E15S,transferred
-4.376853,5.2357354,Resident Macrophage,E15S,transferred
26.683855,3.1634147,Tumor,E15S,transferred
25.287756,3.222544,Tumor,E15S,transferred
26.236723,3.1717548,Tumor,E15S,transferred
17.79394,10.007563,Stromal,E15S,transferred
-5.3833146,1.2359614,Spp1+ TAM,E15S,transferred
26.32821,3.405235,Tumor,E15S,transferred
25.566545,5.470639,Tumor,E15S,transferred
16.862434,9.82107,Stromal,E15S,transferred
18.096571,8.970736,Resident Macrophage,E15S,transferred
-2.269394,0.733787,Monocyte,E15S,transferred
-4.6641226,5.192048,C1qc+ TAM,E15S,transferred
27.165941,4.0491166,Tumor,E15S,transferred
23.045094,4.780759,Tumor Proliferating,E15S,transferred
-4.4211173,2.2854774,Il1b+ TAM,E15S,transferred
23.901213,5.6156144,Tumor Proliferating,E15S,transferred
1.072067,-5.786734,Neutrophil,E15S,transferred
2.4778306,-7.238117,Neutrophil,E15S,transferred
-0.11449534,-8.226223,Neutrophil,E15S,transferred
-0.06316985,2.1625326,Monocyte,E15S,transferred
-5.287588,3.0429752,C1qc+ TAM,E15S,transferred
-1.6828928,3.4721897,Resident Macrophage,E15S,transferred
3.1745274,-7.314443,Neutrophil,E15S,transferred
3.0673056,-7.0240397,Neutrophil,E15S,transferred
-3.2089083,4.2359686,C1qc+ TAM,E15S,transferred
16.838259,10.609857,Stromal,E15S,transferred
23.668718,4.2607203,CAF,E15S,transferred
15.852543,11.004606,Stromal,E15S,transferred
18.607065,8.290472,Stromal,E15S,transferred
-3.2164564,2.4702785,Il1b+ TAM,E15S,transferred
25.026722,5.3809447,Tumor Proliferating,E15S,transferred
-0.23610273,2.481857,Monocyte,E15S,transferred
-5.760831,5.2292633,C1qc+ TAM,E15S,transferred
-2.6870146,1.09707,Monocyte,E15S,transferred
1.549834,14.347588,NK,E15S,transferred
-5.05512,4.3247237,Resident Macrophage,E15S,transferred
-5.794526,2.8032224,Resident Macrophage,E15S,transferred
-2.3886714,4.201774,Resident Macrophage,E15S,knn
0.20495811,4.8970995,cDC,E15S,transferred
24.59328,3.563331,CAF,E15S,transferred
18.026957,9.23587,Stromal,E15S,transferred
-5.172382,5.2714977,C1qc+ TAM,E15S,transferred
0.6111381,-8.768902,Neutrophil,E15S,transferred
3.3742971,-6.8249683,Neutrophil,E15S,transferred
17.10566,10.027587,Stromal,E15S,transferred
0.62270474,0.7248245,Monocyte,E15S,transferred
-6.045878,2.6718485,Resident Macrophage,E15S,transferred
-3.8306477,5.485826,C1qc+ TAM,E15S,transferred
16.525747,10.426607,Stromal,E15S,transferred
17.210821,9.203391,Stromal,E15S,transferred
-6.2265015,1.7972107,C1qc+ TAM,E15S,transferred
26.16488,4.1778035,Tumor,E15S,transferred
0.5932411,-8.390956,Neutrophil,E15S,transferred
-6.9515123,2.9652689,C1qc+ TAM,E15S,transferred
-2.597337,3.8686342,Monocyte,E15S,transferred
16.681435,7.313099,Hypoxic Tumor,E15S,knn
2.317188,-7.5161533,Neutrophil,E15S,transferred
23.221903,5.268399,Tumor Proliferating,E15S,transferred
18.478529,8.618906,Stromal,E15S,knn
-4.5299883,2.5036027,Il1b+ TAM,E15S,transferred
-6.289169,4.0333385,Resident Macrophage,E15S,transferred
-2.7887456,1.2642888,Spp1+ TAM,E15S,transferred
16.955627,10.731365,Tumor,E15S,transferred
-4.871452,6.389617,C1qc+ TAM,E15S,transferred
23.034925,4.7395377,Tumor Proliferating,E15S,transferred
17.082935,11.522315,Stromal,E15S,transferred
17.21894,9.320659,Stromal,E15S,transferred
-5.2909365,0.5274853,Spp1+ TAM,E15S,transferred
-3.7128954,5.590578,C1qc+ TAM,E15S,transferred
0.60235626,-6.8755,Neutrophil,E15S,transferred
0.10301514,1.6253781,Monocyte,E15S,transferred
-5.275485,3.5406916,Resident Macrophage,E15S,transferred
-5.2447457,2.342391,Spp1+ TAM,E15S,transferred
18.48093,6.9181952,Hypoxic Tumor,E15S,transferred
-4.204609,3.7091382,C1qc+ TAM,E15S,transferred
-3.7508738,2.6965687,Monocyte,E15S,transferred
25.47431,3.7886937,Tumor,E15S,transferred
25.139154,5.3809624,Tumor,E15S,transferred
-5.4079657,1.8852804,C1qc+ TAM,E15S,transferred
1.5607209,14.447317,NK,E15S,transferred
-4.052961,5.5466824,C1qc+ TAM,E15S,transferred
-2.7858248,2.6748478,Il1b+ TAM,E15S,transferred
-0.33182204,-7.0383534,Neutrophil,E15S,transferred
26.986609,3.8438678,Tumor,E15S,transferred
-5.8395033,2.5906644,Spp1+ TAM,E15S,transferred
18.614134,10.186113,Stromal,E15S,transferred
-4.24667,4.871802,C1qc+ TAM,E15S,transferred
-3.4454892,3.85687,C1qc+ TAM,E15S,transferred
17.102776,10.104685,Tumor,E15S,transferred
-2.8774474,2.8826888,Il1b+ TAM,E15S,transferred
5.487753,9.800578,B,E15S,transferred
-0.24507363,1.4176693,Monocyte,E15S,transferred
-6.8319526,4.017996,Resident Macrophage,E15S,transferred
26.660889,4.2702847,Tumor,E15S,transferred
24.753069,4.549418,Tumor,E15S,transferred
-1.0616076,1.8766776,Monocyte,E15S,transferred
-5.854922,3.7207932,Resident Macrophage,E15S,transferred
23.739607,6.051245,Tumor Proliferating,E15S,transferred
-3.4018276,3.6286201,Il1b+ TAM,E15S,transferred
16.432377,10.393873,Stromal,E15S,transferred
16.915028,7.5050306,Hypoxic Tumor,E15S,transferred
-5.3221955,3.960352,Resident Macrophage,E15S,transferred
16.746216,6.072953,Hypoxic Tumor,E15S,knn
15.878881,10.374969,Hypoxic Tumor,E15S,transferred
-1.8193817,3.2711985,Resident Macrophage,E15S,transferred
22.888863,5.587592,Tumor Proliferating,E15S,transferred
25.496302,5.202693,Tumor,E15S,transferred
-6.422135,1.4276674,Spp1+ TAM,E15S,transferred
0.1330576,-5.26559,Neutrophil,E15S,transferred
-3.1731358,2.232742,Il1b+ TAM,E15S,transferred
24.386076,3.1668525,Tumor Proliferating,E15S,transferred
1.2221371,-8.101372,Neutrophil,E15S,transferred
0.6755761,5.16288,B,E15S,transferred
24.352625,5.206009,Tumor Proliferating,E15S,transferred
25.600657,5.90966,Stromal,E15S,transferred
-0.34143308,0.17771536,Monocyte,E15S,transferred
-1.746103,0.7198312,Monocyte,E15S,transferred
-2.0483809,1.3712574,Monocyte,E15S,transferred
1.4312205,-8.633114,Neutrophil,E15S,transferred
-0.24454103,-8.4587345,Neutrophil,E15S,knn
25.151642,3.4346976,CAF,E15S,transferred
25.530575,5.2694817,Tumor,E15S,transferred
23.083485,3.5551252,Tumor Proliferating,E15S,transferred
25.506105,3.0043461,CAF,E15S,transferred
-4.0853972,5.4340544,C1qc+ TAM,E15S,transferred
22.570457,4.4689865,Tumor Proliferating,E15S,transferred
23.30128,3.6130235,CAF,E15S,transferred
-5.521997,5.7241516,Resident Macrophage,E15S,transferred
16.31066,8.67218,Hypoxic Tumor,E15S,transferred
23.071173,3.921455,Tumor Proliferating,E15S,transferred
0.666622,5.099671,cDC,E15S,transferred
23.437883,3.5075288,Tumor Proliferating,E15S,transferred
16.448898,6.8179975,Hypoxic Tumor,E15S,transferred
-2.0195413,4.3959026,Resident Macrophage,E15S,knn
-4.82271,1.6354591,Spp1+ TAM,E15S,transferred
-4.101177,5.466914,C1qc+ TAM,E15S,transferred
-3.6142464,5.8295493,C1qc+ TAM,E15S,transferred
18.31591,8.80575,Stromal,E15S,transferred
0.13199939,-8.079816,Neutrophil,E15S,transferred
-2.9527829,1.1209958,Monocyte,E15S,transferred
-2.4898672,2.2535465,Monocyte,E15S,transferred
18.234322,8.803817,Stromal,E15S,transferred
-5.4989314,4.0372114,C1qc+ TAM,E15S,transferred
-5.1949515,1.48999,C1qc+ TAM,E15S,transferred
-2.882436,2.6621618,C1qc+ TAM,E15S,transferred
-1.8989627,3.1491122,Il1b+ TAM,E15S,transferred
-3.6595104,5.971705,C1qc+ TAM,E15S,transferred
18.950613,9.357732,Stromal,E15S,transferred
16.97972,9.955448,Stromal,E15S,transferred
-3.2435796,5.335321,C1qc+ TAM,E15S,transferred
-4.8069625,4.1649256,Resident Macrophage,E15S,transferred
2.0596633,-7.5984488,Neutrophil,E15S,transferred
-6.367571,1.0623361,Spp1+ TAM,E15S,transferred
-3.3672433,3.9370959,Il1b+ TAM,E15S,transferred
-1.1726072,2.9626167,Monocyte,E15S,transferred
15.521559,11.052151,Stromal,E15S,transferred
-4.132605,2.2818854,Il1b+ TAM,E15S,transferred
-4.8462224,1.434453,Spp1+ TAM,E15S,transferred
15.866983,11.443847,Stromal,E15S,transferred
3.016317,11.091524,CD8 Exhausted Proliferating,E15S,transferred
25.382368,5.898083,Tumor,E15S,transferred
-0.8025491,2.4476376,Monocyte,E15S,transferred
2.3441467,10.689154,CD4 T,E15S,transferred
-3.857418,5.633375,C1qc+ TAM,E15S,transferred
-1.8068954,2.539344,Il1b+ TAM,E15S,transferred
17.819862,10.147657,Stromal,E15S,transferred
3.2320485,-7.368727,Neutrophil,E15S,transferred
2.3359718,-7.5686703,Neutrophil,E15S,transferred
-3.7428796,5.429507,C1qc+ TAM,E15S,transferred
1.671425,-8.288805,Neutrophil,E15S,transferred
-0.64962137,1.2575037,Monocyte,E15S,transferred
-2.2381475,5.9850163,C1qc+ TAM,E15S,knn
27.256708,4.984713,Tumor,E15S,transferred
16.218107,8.599501,Hypoxic Tumor,E15S,transferred
-0.43329084,-8.428214,Neutrophil,E15S,transferred
-0.5214019,-8.257389,Neutrophil,E15S,transferred
24.999023,4.601515,CAF,E15S,transferred
-5.1987195,3.5379612,Il1b+ TAM,E15S,transferred
-4.8485627,3.0967298,Il1b+ TAM,E15S,transferred
-4.619127,2.5055842,Spp1+ TAM,E15S,transferred
23.102253,5.3940496,Tumor Proliferating,E15S,transferred
17.443422,10.192664,Stromal,E15S,transferred
3.2792609,-6.7155676,Neutrophil,E15S,transferred
-5.4582295,0.7772071,Spp1+ TAM,E15S,transferred
-6.646525,2.7396765,C1qc+ TAM,E15S,transferred
-6.9209814,1.9964985,C1qc+ TAM,E15S,transferred
24.965124,4.0163727,CAF,E15S,transferred
0.73828393,0.87051064,Monocyte,E15S,transferred
16.625788,11.304839,Stromal,E15S,transferred
-1.8843184,4.738618,Resident Macrophage,E15S,knn
-2.2534397,4.248359,Resident Macrophage,E15S,transferred
24.220108,4.843639,Tumor Proliferating,E15S,transferred
24.17103,5.861659,Tumor Proliferating,E15S,transferred
0.19559056,-8.623016,Neutrophil,E15S,transferred
-4.231741,0.35604137,Spp1+ TAM,E15S,transferred
-4.9221997,2.0418417,Spp1+ TAM,E15S,transferred
25.89662,5.3677125,Tumor,E15S,transferred
-2.9547231,4.5396028,C1qc+ TAM,E15S,transferred
1.832943,14.087686,NK,E15S,transferred
0.6105789,1.0186379,Monocyte,E15S,transferred
16.74979,10.679063,Stromal,E15S,transferred
-2.29789,2.3443444,Monocyte,E15S,transferred
-2.3710902,4.671969,Monocyte,E15S,transferred
23.915686,5.7740993,Tumor Proliferating,E15S,transferred
-0.49223003,-0.36276665,Monocyte,E15S,transferred
-5.603653,4.089522,C1qc+ TAM,E15S,transferred
-3.8710828,3.6406555,Resident Macrophage,E15S,transferred
-2.0316992,1.7671455,C1qc+ TAM,E15S,transferred
-3.8327959,6.3229485,C1qc+ TAM,E15S,transferred
-2.0042636,2.5568414,Monocyte,E15S,transferred
17.177555,10.252002,Stromal,E15S,transferred
2.0359755,14.065667,NK,E15S,transferred
-4.5923305,1.5226793,Spp1+ TAM,E15S,transferred
16.713217,5.6553855,Hypoxic Tumor,E15S,knn
2.699421,11.359312,Monocyte,E15S,transferred
-3.784575,2.8815324,Resident Macrophage,E15S,transferred
27.442709,3.9799776,Tumor,E15S,transferred
-0.68763214,2.0346127,Monocyte,E15S,transferred
26.75587,3.741153,Tumor,E15S,transferred
23.918457,3.9068444,CAF,E15S,transferred
-0.23814397,2.0389993,Monocyte,E15S,transferred
19.005245,9.352544,Stromal,E15S,transferred
16.54585,9.505827,Hypoxic Tumor,E15S,transferred
18.553041,8.879787,Stromal,E15S,transferred
17.593328,9.855597,Stromal,E15S,transferred
-5.875701,3.6997871,Resident Macrophage,E15S,transferred
0.19158906,-7.5788465,Neutrophil,E15S,transferred
-6.6273556,2.4321425,C1qc+ TAM,E15S,transferred
19.57466,8.514195,Stromal,E15S,transferred
17.545734,11.482624,Stromal,E15S,transferred
16.368382,6.7066054,Hypoxic Tumor,E15S,transferred
25.017628,5.57154,Tumor,E15S,transferred
17.708185,8.840211,Stromal,E15S,transferred
-5.2639656,2.6504722,C1qc+ TAM,E15S,transferred
0.32650542,-8.326849,Neutrophil,E15S,transferred
-4.9550633,2.13793,Spp1+ TAM,E15S,transferred
1.9571738,14.899238,NK,E15S,transferred
26.400902,3.2673721,Tumor,E15S,transferred
0.13170783,-5.5284505,Neutrophil,E15S,transferred
0.45203626,-6.106744,Neutrophil,E15S,transferred
-4.171405,4.304599,C1qc+ TAM,E15S,knn
-4.2787275,4.9369774,Il1b+ TAM,E15S,transferred
-1.0407057,1.9266104,Monocyte,E15S,transferred
26.27439,2.9625406,Tumor,E15S,transferred
-4.0367155,6.5187445,Resident Macrophage,E15S,transferred
-6.197204,2.2947283,Resident Macrophage,E15S,transferred
-5.472975,3.7278118,C1qc+ TAM,E15S,transferred
2.2990348,-8.689358,Neutrophil,E15S,transferred
1.024381,-9.01241,Neutrophil,E15S,transferred
24.889189,4.1796207,Tumor Proliferating,E15S,transferred
-5.5168147,3.3593698,C1qc+ TAM,E15S,transferred
17.307583,10.800201,Stromal,E15S,transferred
0.024047544,-8.326296,Neutrophil,E15S,transferred
-6.1074896,0.9761221,Spp1+ TAM,E15S,transferred
27.428343,4.7380214,Tumor,E15S,transferred
18.776104,9.328935,Stromal,E15S,transferred
-6.445433,1.0088652,Spp1+ TAM,E15S,knn
25.206665,5.7101655,Tumor,E15S,transferred
1.2522552,-8.383481,Neutrophil,E15S,transferred
24.164383,5.275096,Tumor Proliferating,E15S,transferred
24.633074,6.116759,Tumor,E15S,transferred
2.3353462,-7.899639,Neutrophil,E15S,transferred
-5.685664,2.0779982,Spp1+ TAM,E15S,transferred
-6.598103,0.9932572,Spp1+ TAM,E15S,transferred
-1.4350893,3.7622128,Monocyte,E15S,transferred
-3.773262,2.9343824,Il1b+ TAM,E15S,transferred
-6.051615,2.100441,C1qc+ TAM,E15S,transferred
-4.9892817,4.9226384,Resident Macrophage,E15S,transferred
-5.035509,1.8686302,Spp1+ TAM,E15S,transferred
1.4496415,14.432124,NK,E15S,transferred
25.590342,5.2896285,Tumor,E15S,transferred
-3.0989347,4.145685,Il1b+ TAM,E15S,transferred
24.937176,4.695643,C1qc+ TAM,E15S,transferred
-0.2147597,-7.8635,Neutrophil,E15S,transferred
2.254867,-7.198185,Neutrophil,E15S,transferred
17.663723,11.361197,Stromal,E15S,transferred
-2.5024447,4.7576666,C1qc+ TAM,E15S,transferred
15.378396,11.333968,Stromal,E15S,transferred
-3.0722651,1.6136237,Monocyte,E15S,transferred
24.839624,4.287585,CAF,E15S,transferred
1.9683316,-8.287127,Neutrophil,E15S,transferred
24.053608,5.1827917,Tumor Proliferating,E15S,transferred
-1.9765975,1.9425689,Monocyte,E15S,transferred
-2.986122,0.54852057,Spp1+ TAM,E15S,transferred
15.912359,11.4853735,Tumor,E15S,transferred
23.320198,3.6162066,Tumor Proliferating,E15S,transferred
18.844345,8.583274,Stromal,E15S,transferred
17.815817,10.562155,Stromal,E15S,transferred
16.427458,10.348595,Stromal,E15S,transferred
-0.5527372,-8.27338,Neutrophil,E15S,transferred
17.668053,9.778633,Stromal,E15S,transferred
-6.308803,2.8353467,C1qc+ TAM,E15S,transferred
-1.3598341,1.6710923,Monocyte,E15S,transferred
26.856642,3.2501307,Tumor,E15S,transferred
-5.8589287,1.1565083,Spp1+ TAM,E15S,transferred
0.39685196,1.3339405,Monocyte,E15S,transferred
-5.632127,1.2726105,Spp1+ TAM,E15S,transferred
23.447916,5.5982213,Tumor Proliferating,E15S,transferred
-4.2738748,2.475741,C1qc+ TAM,E15S,transferred
17.82614,10.61483,Stromal,E15S,transferred
-5.65177,5.705262,C1qc+ TAM,E15S,transferred
25.994135,5.134258,Tumor,E15S,transferred
25.013676,4.343237,Tumor,E15S,transferred
-4.6172967,2.4544673,Il1b+ TAM,E15S,transferred
23.875055,5.3341956,Tumor Proliferating,E15S,transferred
26.523643,3.7949939,Tumor,E15S,transferred
-0.33620578,-8.166114,Neutrophil,E15S,transferred
0.5646263,4.866446,cDC,E15S,transferred
-2.5852287,3.7145813,C1qc+ TAM,E15S,transferred
19.488537,8.343249,Stromal,E15S,transferred
-3.8248515,6.800453,C1qc+ TAM,E15S,transferred
-3.0721853,0.80752015,Spp1+ TAM,E15S,transferred
19.432018,9.05694,Stromal,E15S,transferred
23.649445,4.1322203,CAF,E15S,transferred
-2.3272393,2.8102348,Monocyte,E15S,transferred
-4.5824313,2.7589853,Il1b+ TAM,E15S,transferred
18.192312,8.888459,Stromal,E15S,transferred
18.278193,8.97688,Stromal,E15S,transferred
2.8122032,-7.360695,Neutrophil,E15S,transferred
-2.0845342,1.5600569,Monocyte,E15S,transferred
16.419567,8.581784,Hypoxic Tumor,E15S,transferred
-0.025485517,-7.955753,Neutrophil,E15S,transferred
16.624743,10.675497,Stromal,E15S,transferred
2.3086112,-7.620481,Neutrophil,E15S,transferred
-3.6448085,4.9796305,Resident Macrophage,E15S,transferred
17.34413,9.696785,Stromal,E15S,transferred
-6.6310983,3.3831685,Resident Macrophage,E15S,transferred
26.19433,3.428541,Tumor,E15S,transferred
23.621235,3.4892807,CAF,E15S,transferred
26.121552,3.7656322,Tumor,E15S,transferred
-4.248939,3.0610428,Monocyte,E15S,transferred
16.472633,7.597201,Hypoxic Tumor,E15S,transferred
26.638813,4.371836,Tumor,E15S,transferred
16.09254,6.5711446,Hypoxic Tumor,E15S,knn
2.3760283,7.03689,mDC,E15S,transferred
26.587511,3.7092242,Tumor,E15S,transferred
-6.683955,3.8797927,C1qc+ TAM,E15S,transferred
16.204477,8.910911,Hypoxic Tumor,E15S,transferred
-4.6831975,4.231136,Resident Macrophage,E15S,transferred
-5.699526,3.8962219,Resident Macrophage,E15S,transferred
-5.523822,1.7621429,Spp1+ TAM,E15S,transferred
2.3731368,-7.3869033,Neutrophil,E15S,transferred
26.928265,4.248648,Tumor,E15S,transferred
-4.6717105,1.941423,Il1b+ TAM,E15S,transferred
-6.345045,0.84323615,Resident Macrophage,E15S,transferred
27.142275,4.1768355,Tumor,E15S,transferred
-2.7843833,3.131387,Il1b+ TAM,E15S,transferred
17.861399,9.49089,Stromal,E15S,transferred
2.2052908,-8.71811,Neutrophil,E15S,transferred
-4.151046,0.98845357,Spp1+ TAM,E15S,transferred
1.9047273,-8.273065,Neutrophil,E15S,transferred
24.479815,5.844432,Tumor,E15S,transferred
-2.097391,2.7319815,Monocyte,E15S,transferred
16.591671,10.045032,Stromal,E15S,transferred
2.5402725,-7.432897,Neutrophil,E15S,transferred
1.8503466,-7.133338,Neutrophil,E15S,transferred
25.475536,5.5533514,Tumor,E15S,transferred
23.875067,5.564401,Tumor Proliferating,E15S,transferred
18.407232,6.9601326,Hypoxic Tumor,E15S,knn
-4.7169175,4.151236,Resident Macrophage,E15S,transferred
15.971662,9.978234,Hypoxic Tumor,E15S,transferred
-2.0878758,1.30757,Monocyte,E15S,transferred
27.255814,3.1508532,Tumor,E15S,transferred
-4.3938417,3.8269498,C1qc+ TAM,E15S,transferred
3.0817506,-7.3720703,Neutrophil,E15S,transferred
26.324745,4.851281,CAF,E15S,transferred
0.07031712,0.89711094,Monocyte,E15S,transferred
17.786243,6.8422422,Stromal,E15S,knn
26.406225,5.2202682,Tumor,E15S,transferred
1.131092,-8.015406,Neutrophil,E15S,transferred
19.543213,8.4768095,Stromal,E15S,transferred
1.7526838,14.463368,NK,E15S,transferred
-3.6579177,4.102073,Il1b+ TAM,E15S,transferred
-2.1561353,1.0774463,Il1b+ TAM,E15S,transferred
-2.1180718,1.867333,Monocyte,E15S,transferred
1.3562336,-7.393081,Neutrophil,E15S,transferred
-0.61311775,0.5634139,Resident Macrophage,E15S,transferred
25.045385,5.68436,Tumor,E15S,transferred
17.970602,9.973164,Stromal,E15S,transferred
-3.1954436,3.800416,C1qc+ TAM,E15S,transferred
1.5485706,-8.212116,Neutrophil,E15S,transferred
0.0611719,-7.5843935,Neutrophil,E15S,transferred
-2.0618625,1.28463,Monocyte,E15S,transferred
24.711985,2.9753535,CAF,E15S,transferred
-3.069527,3.7609916,C1qc+ TAM,E15S,transferred
1.1299642,-8.876562,Neutrophil,E15S,transferred
-1.820359,5.5160403,Resident Macrophage,E15S,knn
-4.593957,2.2538924,Il1b+ TAM,E15S,transferred
24.121347,4.8646,Tumor Proliferating,E15S,transferred
16.957281,10.317962,Stromal,E15S,transferred
1.7526654,-7.253438,Neutrophil,E15S,transferred
-4.0048513,2.5989294,C1qc+ TAM,E15S,transferred
-5.2422686,4.7975645,Resident Macrophage,E15S,transferred
-6.4261246,2.6414993,Resident Macrophage,E15S,transferred
-5.0028334,4.6560016,Resident Macrophage,E15S,transferred
1.4927952,-8.477877,Neutrophil,E15S,transferred
-5.2655687,2.2941692,C1qc+ TAM,E15S,transferred
17.50022,10.335342,Stromal,E15S,transferred
-6.406688,2.8485725,C1qc+ TAM,E15S,transferred
-5.115492,2.5207584,C1qc+ TAM,E15S,transferred
22.992306,3.4359384,Tumor Proliferating,E15S,transferred
25.672514,5.265235,Tumor,E15S,transferred
24.618235,4.6242313,Tumor Proliferating,E15S,transferred
-4.5881968,2.6925259,Il1b+ TAM,E15S,transferred
-0.035271697,-8.664314,Neutrophil,E15S,transferred
1.6603866,-8.26627,Neutrophil,E15S,transferred
-4.0706415,6.5286245,C1qc+ TAM,E15S,transferred
16.230715,10.588933,Stromal,E15S,transferred
0.28461394,1.3429267,Monocyte,E15S,transferred
25.38566,3.7334528,Tumor,E15S,transferred
17.771343,10.835034,Stromal,E15S,transferred
16.569386,11.324243,Stromal,E15S,transferred
16.414337,10.926094,Stromal,E15S,transferred
17.78689,9.693255,Stromal,E15S,transferred
18.70333,9.406114,Stromal,E15S,transferred
18.954178,7.0510516,Hypoxic Tumor,E15S,knn
23.811798,3.7742002,CAF,E15S,transferred
1.2680719,-8.8462515,Neutrophil,E15S,knn
27.268867,3.5463023,Tumor,E15S,transferred
26.139229,5.115371,Tumor,E15S,transferred
26.208971,5.0417485,Tumor,E15S,transferred
-5.275263,2.9837523,Resident Macrophage,E15S,transferred
5.4853487,9.801589,B,E15S,transferred
25.062534,3.6265965,Tumor,E15S,transferred
25.648298,5.709413,Tumor,E15S,transferred
1.8382779,14.294207,NK,E15S,transferred
-6.626202,2.0043514,Resident Macrophage,E15S,transferred
24.893463,3.7136853,Tumor,E15S,transferred
-4.4815884,3.4469924,Il1b+ TAM,E15S,transferred
-4.187873,0.5746952,Spp1+ TAM,E15S,transferred
-3.6776068,3.2491927,C1qc+ TAM,E15S,transferred
24.845203,5.83273,Tumor,E15S,transferred
1.0648755,-8.80593,Neutrophil,E15S,knn
16.40105,6.360404,Hypoxic Tumor,E15S,knn
-5.3080215,1.4893211,C1qc+ TAM,E15S,transferred
18.217493,10.126962,Stromal,E15S,transferred
16.449673,11.513178,Stromal,E15S,transferred
-2.521225,3.3222096,Spp1+ TAM,E15S,transferred
-5.2449718,4.0799036,Resident Macrophage,E15S,transferred
0.65811354,-7.4797115,Neutrophil,E15S,transferred
0.63175404,-5.8313446,Neutrophil,E15S,transferred
2.0900302,-8.780432,Neutrophil,E15S,transferred
-5.1156864,2.5957696,C1qc+ TAM,E15S,transferred
-5.8253055,4.3177056,C1qc+ TAM,E15S,transferred
-2.7690167,3.1665647,Il1b+ TAM,E15S,transferred
-3.6140687,6.774152,C1qc+ TAM,E15S,transferred
-5.9989605,2.5832,Resident Macrophage,E15S,transferred
-0.41715536,-0.18404992,Monocyte,E15S,transferred
1.0220344,-8.929224,Neutrophil,E15S,knn
-0.4100628,-8.248834,Neutrophil,E15S,transferred
-4.621343,1.9271066,C1qc+ TAM,E15S,transferred
2.2795763,-7.6108685,Neutrophil,E15S,transferred
-2.1690125,4.8350544,Resident Macrophage,E15S,knn
-1.378953,3.6321785,Resident Macrophage,E15S,knn
-4.4313054,3.8291569,Il1b+ TAM,E15S,transferred
17.268927,10.653449,Stromal,E15S,transferred
24.184422,4.2138085,CAF,E15S,transferred
26.195457,4.9315944,Tumor,E15S,transferred
1.8140951,-8.289517,Neutrophil,E15S,transferred
15.672954,10.830389,Hypoxic Tumor,E15S,transferred
-4.2783594,3.8219175,Resident Macrophage,E15S,transferred
16.337048,6.6784716,Hypoxic Tumor,E15S,knn
0.32038203,-8.564992,Neutrophil,E15S,transferred
-6.8004103,4.1185627,Resident Macrophage,E15S,transferred
18.509518,10.164763,Stromal,E15S,transferred
23.899284,4.0569267,CAF,E15S,transferred
2.418211,-7.557857,Neutrophil,E15S,transferred
-0.51420534,-8.234636,Neutrophil,E15S,transferred
-0.38775983,3.7620518,Resident Macrophage,E15S,transferred
24.274559,3.8595848,CAF,E15S,transferred
26.448404,4.413051,Tumor,E15S,transferred
27.058956,3.6801069,Tumor,E15S,transferred
16.432793,6.4861407,Hypoxic Tumor,E15S,knn
26.322605,3.5829868,Tumor,E15S,transferred
-4.380973,4.4493923,C1qc+ TAM,E15S,transferred
-3.431638,2.931968,C1qc+ TAM,E15S,transferred
-4.4162955,3.9610527,C1qc+ TAM,E15S,transferred
19.551966,8.616209,Stromal,E15S,transferred
-5.005489,5.5063405,C1qc+ TAM,E15S,transferred
-0.26746124,2.379749,Monocyte,E15S,transferred
26.75305,3.8686252,Tumor,E15S,transferred
-3.5462074,5.928668,C1qc+ TAM,E15S,transferred
-1.3065519,2.1919863,Spp1+ TAM,E15S,transferred
23.42606,4.338657,CAF,E15S,transferred
-0.05333016,-8.481204,Neutrophil,E15S,knn
24.42426,3.6425896,CAF,E15S,transferred
-3.032974,2.9286504,C1qc+ TAM,E15S,transferred
18.332834,8.943069,Stromal,E15S,transferred
16.081528,6.551841,Hypoxic Tumor,E15S,knn
-2.2654479,3.7708256,Resident Macrophage,E15S,transferred
16.536554,6.129187,Hypoxic Tumor,E15S,transferred
-1.8114088,2.2152185,Monocyte,E15S,transferred
-5.569778,4.2383313,Resident Macrophage,E15S,transferred
-6.4311028,2.6929085,Resident Macrophage,E15S,transferred
-1.9776621,3.0260923,Resident Macrophage,E15S,transferred
16.77521,8.193564,Hypoxic Tumor,E15S,transferred
22.640446,3.8307097,Tumor Proliferating,E15S,transferred
-4.518841,3.1864114,Il1b+ TAM,E15S,transferred
-6.7087483,2.6473587,C1qc+ TAM,E15S,transferred
-5.4289613,3.078277,C1qc+ TAM,E15S,transferred
26.288305,5.3046737,Tumor,E15S,transferred
-0.2907231,0.7757888,Monocyte,E15S,transferred
2.5524561,-8.005659,Neutrophil,E15S,transferred
-6.671446,3.9870098,Resident Macrophage,E15S,transferred
26.923946,4.7722173,Tumor,E15S,transferred
-6.5802207,1.5766096,Spp1+ TAM,E15S,transferred
27.420982,4.2329097,Tumor,E15S,transferred
15.400712,11.301379,Stromal,E15S,transferred
17.85437,9.965262,Stromal,E15S,transferred
17.508669,9.897055,Stromal,E15S,transferred
-5.6182427,1.1669374,Spp1+ TAM,E15S,transferred
2.2352858,-8.036783,Neutrophil,E15S,transferred
-5.8874993,4.7370887,Resident Macrophage,E15S,transferred
25.517628,4.9872494,Tumor,E15S,transferred
-0.102419846,2.286638,Monocyte,E15S,transferred
-0.30638704,-8.43877,Neutrophil,E15S,knn
25.832315,5.5305715,Tumor,E15S,transferred
-3.8869112,6.575577,C1qc+ TAM,E15S,transferred
2.164702,14.839283,NK,E15S,transferred
25.82219,4.1128063,Tumor,E15S,transferred
-0.5180456,2.7634685,Monocyte,E15S,transferred
27.102554,4.2186112,Tumor,E15S,transferred
23.859785,6.172415,Tumor,E15S,transferred
0.745382,4.9128795,cDC,E15S,transferred
-5.0088286,6.331201,C1qc+ TAM,E15S,transferred
23.87623,5.970525,Tumor,E15S,transferred
19.321589,8.912769,Stromal,E15S,transferred
17.33629,11.077788,Stromal,E15S,transferred
-2.305396,1.6614982,Monocyte,E15S,transferred
16.954487,10.585831,Stromal,E15S,transferred
17.14573,9.820881,Stromal,E15S,transferred
23.74615,5.0407705,Tumor Proliferating,E15S,transferred
-4.1414714,6.624308,C1qc+ TAM,E15S,transferred
26.863773,4.412647,Tumor,E15S,transferred
27.265577,4.4738917,Tumor,E15S,transferred
18.510935,9.848995,Stromal,E15S,transferred
-4.378253,2.159648,Spp1+ TAM,E15S,transferred
17.404875,9.709431,Stromal,E15S,transferred
17.446306,8.967131,Stromal,E15S,transferred
-4.348528,4.208013,Resident Macrophage,E15S,transferred
16.980392,7.5946507,Hypoxic Tumor,E15S,transferred
2.1099193,6.93827,mDC,E15S,transferred
17.58717,10.2327795,Stromal,E15S,transferred
-6.293392,1.0092862,Spp1+ TAM,E15S,transferred
25.558609,5.1583896,Tumor,E15S,transferred
-4.7180963,5.187322,C1qc+ TAM,E15S,transferred
24.420698,3.7715049,CAF,E15S,transferred
16.264458,8.905937,Hypoxic Tumor,E15S,transferred
24.594528,4.9774027,Tumor Proliferating,E15S,knn
16.48436,11.628551,Stromal,E15S,transferred
-0.67812175,1.0462362,Monocyte,E15S,transferred
16.371517,6.7426753,Hypoxic Tumor,E15S,transferred
15.644249,10.967916,Hypoxic Tumor,E15S,transferred
18.161959,10.74522,Stromal,E15S,transferred
16.594213,7.017859,Hypoxic Tumor,E15S,transferred
-5.564622,2.9570029,C1qc+ TAM,E15S,transferred
3.2430234,-6.9416695,Neutrophil,E15S,transferred
26.541132,3.0257897,Tumor,E15S,transferred
24.840588,3.705584,Tumor,E15S,transferred
0.26857617,-5.671779,Neutrophil,E15S,transferred
-5.4031935,4.1493587,Resident Macrophage,E15S,transferred
-6.5430017,3.236587,Resident Macrophage,E15S,transferred
-6.45377,3.3126638,C1qc+ TAM,E15S,transferred
18.891298,9.498792,Stromal,E15S,transferred
19.406435,8.665777,Stromal,E15S,transferred
-4.8477206,2.9968293,Resident Macrophage,E15S,transferred
-5.997049,1.12725,Spp1+ TAM,E15S,transferred
17.754622,10.530277,Stromal,E15S,transferred
-3.1587484,3.8810716,Il1b+ TAM,E15S,transferred
-5.919595,3.6645293,C1qc+ TAM,E15S,transferred
18.63474,10.133878,Stromal,E15S,transferred
16.091866,11.592046,Stromal,E15S,transferred
-0.40439942,1.6378881,Monocyte,E15S,transferred
-1.7405164,0.9854897,Monocyte,E15S,transferred
-1.6226431,4.9643683,Resident Macrophage,E15S,knn
2.2873123,15.040058,NK,E15S,transferred
-5.8449225,1.5914153,Resident Macrophage,E15S,transferred
17.766422,10.774861,Tumor,E15S,transferred
24.312435,4.8310933,Tumor Proliferating,E15S,transferred
23.950752,3.226889,CAF,E15S,transferred
-5.829626,5.448844,C1qc+ TAM,E15S,transferred
1.7141814,-8.401746,Neutrophil,E15S,transferred
-4.29841,4.750419,Resident Macrophage,E15S,transferred
24.991026,5.562664,Tumor,E15S,transferred
23.86068,5.47731,Tumor Proliferating,E15S,transferred
-5.993059,5.3671947,Resident Macrophage,E15S,transferred
-0.7146755,-7.6270022,Neutrophil,E15S,transferred
1.5748216,-8.750782,Neutrophil,E15S,transferred
-3.752633,0.5150133,Monocyte,E15S,transferred
19.21677,7.21605,Hypoxic Tumor,E15S,knn
16.991632,7.7920475,Hypoxic Tumor,E15S,transferred
24.875107,4.5887012,CAF,E15S,transferred
0.8210343,-5.949661,Neutrophil,E15S,transferred
-0.8530112,2.7986305,Monocyte,E15S,transferred
-4.4159346,2.3840446,Il1b+ TAM,E15S,transferred
3.2189133,-7.237708,Neutrophil,E15S,transferred
-4.3582644,2.9839354,Il1b+ TAM,E15S,transferred
15.6397505,11.086675,Stromal,E15S,transferred
-4.9951463,3.7863874,Resident Macrophage,E15S,transferred
25.832226,3.857775,Tumor,E15S,transferred
26.074804,5.028035,Tumor,E15S,transferred
19.31893,7.101017,Hypoxic Tumor,E15S,knn
25.937885,4.0680847,Tumor,E15S,knn
2.444954,15.56209,NK,E15S,transferred
-5.367702,4.190713,Resident Macrophage,E15S,transferred
-6.5891204,1.8679057,C1qc+ TAM,E15S,transferred
16.4026,10.010451,Stromal,E15S,transferred
25.48438,4.699911,CAF,E15S,transferred
16.63512,10.73492,Stromal,E15S,transferred
25.70687,3.1445763,CAF,E15S,transferred
-3.4600449,2.9543364,Spp1+ TAM,E15S,transferred
19.041275,9.558656,Stromal,E15S,transferred
25.828136,3.7844949,CAF,E15S,transferred
-5.491354,3.017355,Il1b+ TAM,E15S,transferred
-4.8181562,2.8786805,C1qc+ TAM,E15S,transferred
26.017542,4.351908,CAF,E15S,transferred
2.40075,-7.9956193,Neutrophil,E15S,transferred
25.700062,5.975715,Stromal,E15S,transferred
1.103379,-8.013354,Neutrophil,E15S,transferred
26.378181,3.4135375,Tumor,E15S,transferred
25.714043,5.6969953,Tumor,E15S,transferred
2.5022151,-7.788544,Neutrophil,E15S,transferred
0.11628703,-5.6948924,Monocyte,E15S,transferred
-1.0450832,2.9126444,Monocyte,E15S,transferred
27.255436,4.0366054,Tumor,E15S,transferred
-4.1667614,0.474622,Spp1+ TAM,E15S,transferred
26.151691,3.8637123,Tumor,E15S,transferred
26.174452,3.225512,Tumor,E15S,transferred
-2.696457,3.089799,Monocyte,E15S,transferred
25.260408,5.636645,Tumor,E15S,transferred
-4.5562224,3.743829,Resident Macrophage,E15S,transferred
17.391422,10.133456,Stromal,E15S,transferred
2.3147304,14.906099,NK,E15S,transferred
24.891544,2.911341,Tumor,E15S,transferred
22.95671,5.5901713,Tumor Proliferating,E15S,transferred
26.86452,4.377943,Tumor,E15S,transferred
-3.7414098,4.9165463,C1qc+ TAM,E15S,transferred
2.5068834,-7.5227227,Neutrophil,E15S,transferred
23.025616,3.562617,Tumor Proliferating,E15S,transferred
-0.762627,0.59174484,Monocyte,E15S,transferred
0.5068535,-7.782322,Neutrophil,E15S,transferred
-5.7717476,4.8866644,C1qc+ TAM,E15S,transferred
-5.4888754,4.424145,Resident Macrophage,E15S,transferred
25.890205,3.8330052,Tumor,E15S,transferred
-0.31744048,1.7488691,Monocyte,E15S,transferred
16.87723,10.45154,Stromal,E15S,transferred
16.433378,9.902052,Stromal,E15S,transferred
26.011265,3.777486,Tumor,E15S,transferred
2.4579363,-6.9793606,Neutrophil,E15S,transferred
17.897041,10.392452,Stromal,E15S,transferred
18.721535,9.3951845,Tumor Proliferating,E15S,transferred
-3.1659527,2.0744448,Il1b+ TAM,E15S,transferred
1.6444942,-7.925017,Neutrophil,E15S,transferred
-4.6049657,4.0152,C1qc+ TAM,E15S,transferred
24.551193,3.223074,CAF,E15S,transferred
22.564108,4.358146,Tumor Proliferating,E15S,transferred
17.997519,10.981314,Stromal,E15S,transferred
0.21468565,-6.3671904,Il1b+ TAM,E15S,transferred
16.648518,10.614055,Stromal,E15S,transferred
-5.596531,5.090431,C1qc+ TAM,E15S,transferred
24.579502,4.636418,Tumor Proliferating,E15S,transferred
-5.2264338,1.5359203,Il1b+ TAM,E15S,transferred
1.3780864,14.272983,NK,E15S,transferred
-2.5032651,1.2150326,Monocyte,E15S,transferred
0.51737785,0.5291588,Monocyte,E15S,transferred
18.876148,8.931113,Stromal,E15S,transferred
17.964766,10.475883,Stromal,E15S,transferred
25.961967,3.251913,Tumor,E15S,transferred
-4.955266,4.69896,Resident Macrophage,E15S,transferred
-2.66287,3.9946158,C1qc+ TAM,E15S,transferred
25.477083,2.9507778,Tumor,E15S,transferred
-4.7308125,0.9963855,Spp1+ TAM,E15S,transferred
-5.133163,2.3910198,C1qc+ TAM,E15S,transferred
23.607681,3.4869888,Tumor Proliferating,E15S,transferred
-3.2659326,2.9259129,Il1b+ TAM,E15S,transferred
16.233143,6.5327573,Hypoxic Tumor,E15S,transferred
1.7427518,-8.362382,Neutrophil,E15S,transferred
-1.6327593,3.0065365,Resident Macrophage,E15S,transferred
-5.543971,2.6216583,C1qc+ TAM,E15S,transferred
-1.6945443,3.222568,Monocyte,E15S,transferred
-5.312414,2.6231842,Il1b+ TAM,E15S,transferred
23.076706,3.6537786,Tumor Proliferating,E15S,transferred
-5.940857,5.3955336,C1qc+ TAM,E15S,transferred
-3.261223,2.9296012,C1qc+ TAM,E15S,transferred
19.65247,7.379257,Hypoxic Tumor,E15S,knn
-5.176264,3.570098,Resident Macrophage,E15S,transferred
19.106647,9.491818,Stromal,E15S,transferred
-6.729526,2.299506,C1qc+ TAM,E15S,transferred
16.550514,10.482877,Stromal,E15S,transferred
17.157196,11.091012,Stromal,E15S,transferred
-3.0583541,4.955964,C1qc+ TAM,E15S,transferred
19.02635,7.600432,Tumor Proliferating,E15S,knn
23.337433,5.4760036,Tumor Proliferating,E15S,transferred
26.856033,3.4586546,Tumor,E15S,transferred
-5.6383615,3.4543886,C1qc+ TAM,E15S,transferred
17.485958,9.556846,Stromal,E15S,transferred
17.975424,10.581468,Stromal,E15S,transferred
3.2778614,-6.9667373,Neutrophil,E15S,transferred
-4.190728,2.8407273,Resident Macrophage,E15S,transferred
22.862661,4.758186,Tumor Proliferating,E15S,transferred
16.420683,9.928796,Stromal,E15S,transferred
-0.48173106,-8.317378,Neutrophil,E15S,knn
2.2035248,15.250217,NK,E15S,transferred
25.812757,4.8218937,Tumor,E15S,transferred
-4.7014437,4.4773045,C1qc+ TAM,E15S,transferred
-5.632428,3.1837091,Resident Macrophage,E15S,knn
26.175049,4.645922,CAF,E15S,transferred
-0.9933567,2.6955492,Monocyte,E15S,transferred
1.9452139,-8.245099,Neutrophil,E15S,transferred
-3.374561,2.3275106,Il1b+ TAM,E15S,transferred
25.385406,4.8491387,CAF,E15S,transferred
-2.251428,3.8868725,Monocyte,E15S,transferred
-6.171588,3.0487545,Resident Macrophage,E15S,transferred
26.129398,2.8986864,Tumor,E15S,transferred
17.738409,8.954367,Stromal,E15S,knn
17.958912,6.5896945,Hypoxic Tumor,E15S,knn
-1.2841591,10.70923,B,E15S,transferred
2.3301692,15.465632,NK,E15S,transferred
-4.2993693,3.9569018,Il1b+ TAM,E15S,transferred
-3.3388019,4.103393,C1qc+ TAM,E15S,transferred
25.442003,2.9384599,CAF,E15S,transferred
18.184856,6.7052646,Hypoxic Tumor,E15S,transferred
26.19648,3.9067087,Tumor,E15S,transferred
5.395093,9.920526,B,E15S,transferred
27.21128,4.572203,Tumor,E15S,transferred
2.462238,-9.18104,Neutrophil,E15S,transferred
2.1606112,-7.4095526,Neutrophil,E15S,transferred
-1.0507547,2.3670657,Monocyte,E15S,transferred
-2.3820353,3.6255214,C1qc+ TAM,E15S,transferred
-1.2538426,10.677418,B,E15S,transferred
24.421423,3.8690174,CAF,E15S,transferred
1.1731718,-5.8789535,Neutrophil,E15S,transferred
23.00525,3.7528841,Tumor Proliferating,E15S,transferred
17.696968,9.993141,Stromal,E15S,transferred
-1.1065347,2.682919,Monocyte,E15S,transferred
26.58141,3.2940395,Tumor,E15S,transferred
25.720867,5.5038643,Tumor,E15S,transferred
16.681852,8.453697,Hypoxic Tumor,E15S,transferred
23.901861,4.818953,Tumor Proliferating,E15S,transferred
-5.4657054,4.9988256,C1qc+ TAM,E15S,transferred
0.49468797,-5.219855,Monocyte,E15S,transferred
26.611084,3.9332683,Tumor,E15S,transferred
25.332611,4.801678,CAF,E15S,transferred
16.428183,7.747541,Hypoxic Tumor,E15S,transferred
-5.720556,1.9194534,Resident Macrophage,E15S,transferred
18.237333,8.62771,Stromal,E15S,transferred
-6.03589,2.916929,Resident Macrophage,E15S,transferred
25.254116,3.3076065,Tumor,E15S,transferred
16.47954,11.38341,Stromal,E15S,transferred
18.168974,7.7893586,Hypoxic Tumor,E15S,knn
17.800196,10.961631,Stromal,E15S,transferred
0.011119378,4.6974754,B,E15S,transferred
1.9637417,14.966329,NK,E15S,transferred
1.6181406,-7.743014,Neutrophil,E15S,transferred
1.372567,-7.791453,Neutrophil,E15S,transferred
-3.9097147,5.3029284,C1qc+ TAM,E15S,transferred
17.65176,9.941826,Stromal,E15S,transferred
26.47576,3.9628825,Tumor,E15S,transferred
-3.479273,3.391746,C1qc+ TAM,E15S,transferred
0.54785466,-7.709789,Neutrophil,E15S,transferred
-6.2622585,4.697339,Resident Macrophage,E15S,transferred
-6.591329,2.309801,C1qc+ TAM,E15S,transferred
24.74299,2.9884772,Tumor,E15S,transferred
-4.9982157,3.5913281,Resident Macrophage,E15S,transferred
16.552792,6.3480186,Hypoxic Tumor,E15S,knn
17.499304,8.968339,Stromal,E15S,transferred
16.768648,9.939409,Stromal,E15S,transferred
2.2801108,-7.402742,Neutrophil,E15S,transferred
0.58611363,-8.004577,Neutrophil,E15S,transferred
-5.960851,1.636641,Resident Macrophage,E15S,transferred
-4.596551,5.853048,C1qc+ TAM,E15S,transferred
26.501545,3.3259404,Tumor,E15S,transferred
-0.82231075,2.8722174,Monocyte,E15S,transferred
-1.3176178,2.4995854,Monocyte,E15S,transferred
24.3924,4.264093,CAF,E15S,transferred
-3.5462914,4.1379757,C1qc+ TAM,E15S,transferred
-3.9935403,3.610845,C1qc+ TAM,E15S,transferred
25.665102,3.8791995,Tumor,E15S,transferred
23.342302,5.149203,Tumor Proliferating,E15S,transferred
-0.55589074,2.0374076,Monocyte,E15S,transferred
15.489289,11.273923,Stromal,E15S,transferred
-6.4652658,2.8039258,Resident Macrophage,E15S,transferred
-4.0846553,4.0917425,C1qc+ TAM,E15S,transferred
0.32901365,-8.26111,Neutrophil,E15S,transferred
-5.0826373,3.4115047,Resident Macrophage,E15S,transferred
-3.9586787,5.0895324,C1qc+ TAM,E15S,transferred
-0.16457802,1.1765292,Resident Macrophage,E15S,transferred
25.139154,2.7637322,CAF,E15S,transferred
16.352255,8.574687,Hypoxic Tumor,E15S,knn
-5.694587,3.896932,Resident Macrophage,E15S,transferred
-0.7043403,2.1046557,Monocyte,E15S,transferred
2.4187224,-8.919294,Neutrophil,E15S,transferred
2.5625818,15.141722,NK,E15S,transferred
25.439228,4.181684,Tumor,E15S,transferred
2.4007592,-7.4896574,Neutrophil,E15S,transferred
-6.6093736,4.048661,Resident Macrophage,E15S,transferred
23.116806,5.1718082,Tumor Proliferating,E15S,knn
16.499487,11.124052,Hypoxic Tumor,E15S,transferred
-3.8172405,1.5943549,Spp1+ TAM,E15S,transferred
-2.806297,2.9391468,Monocyte,E15S,transferred
-5.727387,4.285982,Resident Macrophage,E15S,transferred
-1.7280632,4.868169,Resident Macrophage,E15S,knn
-3.6838753,3.9341853,C1qc+ TAM,E15S,transferred
15.415415,11.244244,Stromal,E15S,transferred
2.5585845,11.987856,Monocyte,E15S,transferred
17.706999,11.308253,Stromal,E15S,transferred
3.3527887,12.8824005,CD8 Exhausted Proliferating,E15S,transferred
26.123108,3.4576933,Hypoxic Tumor,E15S,transferred
23.600607,3.9364228,CAF,E15S,transferred
1.5279114,13.617664,NK,E15S,transferred
-5.6321774,4.218652,Resident Macrophage,E15S,transferred
-2.0412173,3.0601592,Resident Macrophage,E15S,transferred
-0.2985124,0.029035708,Monocyte,E15S,transferred
24.376686,3.1328943,Tumor,E15S,transferred
19.397755,8.835763,Stromal,E15S,transferred
2.7023017,-7.089292,Neutrophil,E15S,transferred
16.109278,10.931036,Stromal,E15S,transferred
-6.7931128,2.9570243,C1qc+ TAM,E15S,transferred
23.218851,5.4262185,Tumor Proliferating,E15S,transferred
-5.0802565,4.3038087,Resident Macrophage,E15S,transferred
1.7923446,14.089959,NK,E15S,transferred
16.469103,11.12622,Stromal,E15S,transferred
-5.257382,2.8868127,Il1b+ TAM,E15S,transferred
-1.8259304,0.76527864,Monocyte,E15S,transferred
19.67925,7.239603,Hypoxic Tumor,E15S,transferred
-0.35544574,1.5970707,Monocyte,E15S,transferred
0.6189128,0.94931424,Monocyte,E15S,transferred
24.854893,4.983692,CAF,E15S,transferred
-5.1257257,3.5688937,Resident Macrophage,E15S,transferred
-5.403085,1.2484151,C1qc+ TAM,E15S,transferred
16.488024,10.349721,Stromal,E15S,transferred
-1.5882756,1.3013256,Monocyte,E15S,transferred
17.615454,10.266262,Stromal,E15S,transferred
-3.761974,3.6502666,C1qc+ TAM,E15S,transferred
16.85995,7.8141813,Hypoxic Tumor,E15S,knn
-4.0050035,3.2211294,Il1b+ TAM,E15S,transferred
16.095085,7.350843,Hypoxic Tumor,E15S,transferred
3.0681498,11.157311,CD8 Exhausted Proliferating,E15S,transferred
0.37050205,-7.6615176,Neutrophil,E15S,transferred
-0.0050821267,-8.534403,Neutrophil,E15S,transferred
-1.0443028,2.6063228,Monocyte,E15S,transferred
17.147747,11.290751,Stromal,E15S,transferred
1.3562094,-7.3236856,Neutrophil,E15S,transferred
26.926638,3.97872,Tumor,E15S,transferred
-6.0150194,1.7845981,Resident Macrophage,E15S,transferred
-0.22279927,-5.709172,Neutrophil,E15S,transferred
-4.5890117,4.994987,C1qc+ TAM,E15S,transferred
-5.7403393,2.5670474,C1qc+ TAM,E15S,transferred
-4.40548,4.2320366,C1qc+ TAM,E15S,transferred
-0.99180406,2.6607323,Monocyte,E15S,transferred
1.7313324,-7.568197,Neutrophil,E15S,transferred
26.915005,3.7093463,Tumor,E15S,transferred
-4.349351,5.6146,C1qc+ TAM,E15S,transferred
-0.7949682,0.9591243,Monocyte,E15S,transferred
26.87834,4.806207,Tumor,E15S,transferred
18.811838,9.038012,Stromal,E15S,transferred
0.6066203,5.3083334,cDC,E15S,transferred
-4.335081,5.5151815,C1qc+ TAM,E15S,transferred
15.812555,11.211087,Stromal,E15S,transferred
-3.3176131,5.2959847,Il1b+ TAM,E15S,transferred
-5.446638,1.297707,Spp1+ TAM,E15S,transferred
1.4326739,-7.6964016,Neutrophil,E15S,transferred
23.531305,4.4400744,Tumor Proliferating,E15S,transferred
-5.0962315,2.8701375,Resident Macrophage,E15S,transferred
-3.780813,3.9615803,C1qc+ TAM,E15S,transferred
27.460056,3.4437397,Tumor,E15S,transferred
19.474895,8.85263,Stromal,E15S,transferred
-1.7422832,4.74389,Resident Macrophage,E15S,knn
23.27905,5.1911526,Tumor Proliferating,E15S,transferred
-5.949883,5.370782,Resident Macrophage,E15S,transferred
17.9386,10.873273,Stromal,E15S,transferred
25.83507,3.9478047,Tumor,E15S,transferred
26.41138,4.8545413,Tumor,E15S,transferred
16.308125,11.151563,Stromal,E15S,transferred
25.880203,5.0643053,Tumor,E15S,transferred
22.893026,4.132891,Tumor Proliferating,E15S,transferred
2.684091,-7.4604063,Neutrophil,E15S,transferred
-3.079998,4.1789856,C1qc+ TAM,E15S,transferred
-3.8636658,0.58739805,Spp1+ TAM,E15S,transferred
15.668545,11.363822,Stromal,E15S,transferred
-0.4634709,1.8403702,Monocyte,E15S,transferred
23.701395,3.792446,CAF,E15S,transferred
-4.9820714,5.0748205,C1qc+ TAM,E15S,transferred
23.485651,5.773957,Tumor Proliferating,E15S,transferred
23.408585,3.6758184,Tumor Proliferating,E15S,transferred
-5.830906,2.591636,Resident Macrophage,E15S,transferred
-0.56781036,0.90999967,Monocyte,E15S,transferred
-5.997121,2.773339,Resident Macrophage,E15S,transferred
-2.4040873,3.2464256,Resident Macrophage,E15S,transferred
5.35991,9.901541,B,E15S,transferred
-3.5535102,4.098821,C1qc+ TAM,E15S,transferred
-2.2370842,2.4678335,Monocyte,E15S,transferred
26.491327,4.382052,Tumor,E15S,transferred
-2.7418313,1.1572627,Il1b+ TAM,E15S,transferred
25.897882,3.4209185,Tumor,E15S,transferred
25.785131,4.3277216,CAF,E15S,transferred
18.528112,10.372029,Stromal,E15S,transferred
23.600061,4.0384955,Tumor Proliferating,E15S,transferred
-0.50894195,0.14171438,Monocyte,E15S,transferred
-5.2441845,1.4220353,Spp1+ TAM,E15S,transferred
0.07381667,-5.944916,Neutrophil,E15S,transferred
18.875637,8.72573,Stromal,E15S,transferred
17.695143,10.832278,Stromal,E15S,transferred
-1.5090363,0.87294024,Monocyte,E15S,transferred
-2.6355453,3.769879,C1qc+ TAM,E15S,transferred
-5.9354053,2.1984198,Resident Macrophage,E15S,knn
-5.6427283,3.3260846,Resident Macrophage,E15S,transferred
23.688353,4.0707664,Tumor Proliferating,E15S,transferred
-5.089336,3.5476067,C1qc+ TAM,E15S,transferred
-2.696872,3.5941846,Resident Macrophage,E15S,transferred
15.471214,11.476914,Stromal,E15S,transferred
17.728064,9.615551,Stromal,E15S,transferred
2.0211565,-8.3377285,Neutrophil,E15S,transferred
-3.8737988,3.7354903,Resident Macrophage,E15S,transferred
24.107967,4.5797114,Tumor Proliferating,E15S,transferred
25.713245,3.8727448,Tumor,E15S,transferred
23.950056,4.023798,CAF,E15S,transferred
16.206902,6.5176983,Hypoxic Tumor,E15S,transferred
0.9838435,-8.8164015,Neutrophil,E15S,transferred
-2.5779023,4.604729,Resident Macrophage,E15S,transferred
18.345129,8.465687,Stromal,E15S,transferred
-6.0461893,4.540279,Resident Macrophage,E15S,transferred
27.035433,4.5154057,Tumor,E15S,transferred
2.4113533,-7.3844147,Neutrophil,E15S,transferred
-5.1719522,2.2051363,Spp1+ TAM,E15S,transferred
23.925259,3.4589012,CAF,E15S,transferred
-3.4908166,3.6417632,C1qc+ TAM,E15S,transferred
24.537693,4.85718,Tumor Proliferating,E15S,transferred
26.83182,4.0318017,Tumor,E15S,transferred
-3.471003,2.1761937,Il1b+ TAM,E15S,transferred
0.83173674,-6.528536,Neutrophil,E15S,transferred
25.803064,4.0552754,Tumor,E15S,transferred
-6.629155,1.9518517,C1qc+ TAM,E15S,transferred
2.0155065,-7.8251286,Neutrophil,E15S,transferred
25.76248,5.721741,Tumor,E15S,transferred
-0.26644453,2.3085709,Monocyte,E15S,transferred
18.325577,8.779907,Stromal,E15S,transferred
26.161894,4.682323,Tumor,E15S,transferred
-0.68210286,0.2907829,Monocyte,E15S,transferred
-3.9704008,0.36295226,Spp1+ TAM,E15S,transferred
26.39264,4.1097565,Tumor,E15S,transferred
-1.9434007,5.0424867,Resident Macrophage,E15S,knn
-6.101117,2.1270754,Resident Macrophage,E15S,transferred
-3.1845696,2.818487,Il1b+ TAM,E15S,transferred
2.19555,-9.326759,Neutrophil,E15S,transferred
0.91004765,-8.6304245,Neutrophil,E15S,transferred
0.11159338,-8.109322,Neutrophil,E15S,transferred
-2.8373756,1.7585771,Il1b+ TAM,E15S,transferred
26.238632,4.776952,Tumor,E15S,transferred
24.115866,5.3868194,Tumor Proliferating,E15S,transferred
27.206232,5.055782,Tumor,E15S,transferred
-1.9570194,5.9303026,Spp1+ TAM,E15S,knn
-0.049225636,-8.788735,Neutrophil,E15S,knn
25.231602,3.2396817,Tumor,E15S,transferred
24.9086,4.624998,Tumor,E15S,transferred
0.32005066,-6.967632,Neutrophil,E15S,transferred
17.97897,9.435241,Stromal,E15S,transferred
23.989885,5.7478356,Tumor Proliferating,E15S,transferred
-1.9640467,4.9742947,Resident Macrophage,E15S,transferred
16.233831,6.688968,Hypoxic Tumor,E15S,knn
16.761581,7.367403,Hypoxic Tumor,E15S,transferred
17.54436,10.178942,Stromal,E15S,transferred
26.539948,4.393271,Tumor,E15S,transferred
-0.09900534,-7.959002,Neutrophil,E15S,transferred
25.17325,5.1510067,Tumor,E15S,transferred
-5.8763824,1.8147912,Spp1+ TAM,E15S,transferred
19.133734,8.745148,Stromal,E15S,transferred
1.4262977,-8.19331,Neutrophil,E15S,transferred
-4.4273767,1.6797458,Spp1+ TAM,E15S,transferred
-5.732756,1.8053584,Spp1+ TAM,E15S,transferred
26.37824,3.4597547,Tumor,E15S,transferred
17.88895,10.604514,Stromal,E15S,transferred
-0.034090456,-8.383517,Neutrophil,E15S,knn
-3.3877895,4.4872017,C1qc+ TAM,E15S,transferred
16.498747,10.79363,Stromal,E15S,transferred
-0.3598253,-8.352775,Neutrophil,E15S,transferred
16.528683,6.4214277,Hypoxic Tumor,E15S,transferred
3.2447119,12.206791,CD8 Exhausted Proliferating,E15S,transferred
22.81977,5.7095203,Tumor Proliferating,E15S,transferred
-4.939415,2.2792075,C1qc+ TAM,E15S,transferred
-6.888279,1.6554955,C1qc+ TAM,E15S,transferred
16.410242,7.8691,Hypoxic Tumor,E15S,transferred
-3.514117,3.2785413,Spp1+ TAM,E15S,transferred
18.964014,6.975552,Hypoxic Tumor,E15S,knn
18.288399,9.073831,Stromal,E15S,transferred
16.573174,6.424341,Hypoxic Tumor,E15S,knn
16.329239,6.731718,Hypoxic Tumor,E15S,transferred
17.784876,9.644893,Stromal,E15S,transferred
-1.7689482,2.1498392,Monocyte,E15S,transferred
-5.3521833,0.6930912,Spp1+ TAM,E15S,transferred
2.555276,-7.242205,Neutrophil,E15S,transferred
23.43167,4.4450154,CAF,E15S,transferred
-4.734967,3.4001493,C1qc+ TAM,E15S,transferred
25.397451,4.22804,Tumor,E15S,transferred
22.608967,4.171764,Tumor Proliferating,E15S,knn
0.36743557,5.036642,cDC,E15S,transferred
26.044819,3.453554,Tumor,E15S,transferred
-3.493725,4.1279535,C1qc+ TAM,E15S,transferred
0.39496556,-8.411492,Neutrophil,E15S,transferred
-3.3843257,4.491302,Resident Macrophage,E15S,transferred
2.4980202,-7.243826,Neutrophil,E15S,transferred
19.324154,9.06882,Stromal,E15S,transferred
17.56506,9.535094,Stromal,E15S,transferred
-5.7505155,0.9969161,Spp1+ TAM,E15S,transferred
23.971424,4.6887217,CAF,E15S,transferred
18.523811,10.471906,Stromal,E15S,transferred
-0.018111812,-7.8621407,Neutrophil,E15S,transferred
-5.7751102,3.5538116,Resident Macrophage,E15S,transferred
-6.2556725,4.200563,C1qc+ TAM,E15S,transferred
26.738941,4.713817,Tumor,E15S,transferred
-5.6922836,3.8053129,Resident Macrophage,E15S,knn
-4.3449163,0.9196456,Spp1+ TAM,E15S,transferred
-0.0030271742,-8.47494,Neutrophil,E15S,transferred
16.292229,8.6064825,Hypoxic Tumor,E15S,knn
0.87442553,-6.785202,Neutrophil,E15S,transferred
17.344296,10.786404,Stromal,E15S,transferred
-4.3414044,4.4187746,Resident Macrophage,E15S,transferred
24.996477,2.9086497,Tumor,E15S,transferred
-2.1985164,3.6741881,Resident Macrophage,E15S,transferred
-5.1050143,1.8120137,C1qc+ TAM,E15S,transferred
27.337349,4.362717,Tumor,E15S,transferred
23.762125,5.831306,Tumor Proliferating,E15S,transferred
18.625393,8.9758415,Stromal,E15S,transferred
17.523916,10.066543,Stromal,E15S,transferred
23.325878,4.129178,Tumor Proliferating,E15S,transferred
1.5021999,13.568358,NK,E15S,transferred
-5.7733936,3.122086,Resident Macrophage,E15S,transferred
23.771046,4.0503345,CAF,E15S,transferred
25.179487,4.9620185,Tumor,E15S,transferred
0.24499503,0.72182256,Monocyte,E15S,transferred
-4.3501763,3.0873861,Il1b+ TAM,E15S,transferred
0.24852003,-7.8777037,Neutrophil,E15S,transferred
22.756464,3.6301806,Tumor Proliferating,E15S,transferred
25.189177,3.3609757,Tumor,E15S,transferred
0.30169457,-8.546303,Neutrophil,E15S,transferred
18.079988,10.081126,Stromal,E15S,transferred
26.643042,3.9894888,Tumor,E15S,transferred
26.131945,2.9104238,Tumor,E15S,transferred
0.061877824,-5.7452664,Neutrophil,E15S,transferred
-0.75145215,-8.166437,Neutrophil,E15S,transferred
26.221107,4.1396394,Tumor,E15S,transferred
-0.35420638,-7.611819,Neutrophil,E15S,transferred
2.480499,-7.8213334,Neutrophil,E15S,transferred
25.213448,5.9783363,Tumor,E15S,transferred
24.922657,5.121407,Tumor,E15S,transferred
25.006132,4.219538,Tumor Proliferating,E15S,transferred
-0.88935536,-8.153894,Neutrophil,E15S,transferred
-3.1171238,4.5205145,C1qc+ TAM,E15S,transferred
2.6531656,15.164747,NK,E15S,transferred
1.2618856,14.190766,NK,E15S,transferred
23.733246,4.809979,CAF,E15S,transferred
19.069117,7.1769314,Hypoxic Tumor,E15S,knn
-1.034944,4.1612024,cDC,E15S,transferred
-4.536211,2.271974,Il1b+ TAM,E15S,transferred
16.763071,7.450693,Hypoxic Tumor,E15S,knn
24.570595,4.79867,Tumor Proliferating,E15S,transferred
17.24741,10.625882,Stromal,E15S,transferred
-6.5474415,3.4959261,Resident Macrophage,E15S,transferred
-1.9634982,3.1893413,Monocyte,E15S,transferred
1.7087667,-8.428577,Neutrophil,E15S,transferred
-4.033294,0.6808379,Spp1+ TAM,E15S,transferred
-6.0549946,3.0574098,C1qc+ TAM,E15S,transferred
-3.1173587,4.410944,C1qc+ TAM,E15S,transferred
1.1633062,-7.735628,Neutrophil,E15S,transferred
-1.7806915,3.5687988,Monocyte,E15S,transferred
26.901136,4.283263,Hypoxic Tumor,E15S,transferred
17.849802,6.6363688,Hypoxic Tumor,E15S,knn
25.133524,4.488348,Tumor Proliferating,E15S,transferred
15.375523,11.289092,Stromal,E15S,transferred
2.286754,10.629375,CD4 T,E15S,transferred
15.810846,10.862539,Tumor,E15S,transferred
1.7218215,-7.17938,Neutrophil,E15S,transferred
25.667974,5.195358,Tumor,E15S,transferred
-1.9658834,1.3218473,Monocyte,E15S,transferred
-5.7378955,4.494803,Resident Macrophage,E15S,transferred
0.15750551,-7.293613,Neutrophil,E15S,transferred
17.661367,9.846668,Stromal,E15S,transferred
27.694048,3.66426,Tumor,E15S,transferred
-0.89531153,-8.11762,Neutrophil,E15S,transferred
26.853798,4.8648577,Tumor,E15S,transferred
-1.9513292,4.843864,Resident Macrophage,E15S,knn
-1.6422442,3.2344327,C1qc+ TAM,E15S,transferred
1.5427617,-7.7714777,Neutrophil,E15S,transferred
24.290058,5.5862703,Tumor,E15S,transferred
-6.507104,2.4505851,Resident Macrophage,E15S,transferred
27.487171,4.2473125,Tumor,E15S,transferred
3.0399973,-6.8850784,Neutrophil,E15S,transferred
17.584188,10.483823,Stromal,E15S,transferred
-2.3406794,1.5064247,Monocyte,E15S,transferred
16.94116,10.271219,Stromal,E15S,transferred
2.0439982,7.2547054,mDC,E15S,transferred
17.745861,7.258737,Tumor Proliferating,E15S,knn
25.653376,4.1756096,Tumor,E15S,transferred
-5.63758,4.7705874,C1qc+ TAM,E15S,transferred
-4.61979,6.288624,C1qc+ TAM,E15S,transferred
25.330193,6.0657873,Tumor,E15S,knn
0.57593614,-8.957631,Neutrophil,E15S,transferred
1.6493769,-7.166899,Neutrophil,E15S,transferred
25.127466,5.220463,Tumor,E15S,transferred
17.184391,6.4243345,Hypoxic Tumor,E15S,knn
24.144335,5.971538,Tumor,E15S,transferred
19.13706,7.2124276,Hypoxic Tumor,E15S,transferred
23.598566,3.7669473,CAF,E15S,transferred
25.606302,3.8162951,Tumor,E15S,transferred
-5.1953697,2.978916,Resident Macrophage,E15S,transferred
2.31585,10.6597395,CD4 T,E15S,transferred
-1.8572963,1.1033642,Monocyte,E15S,transferred
0.3495626,5.395503,cDC,E15S,transferred
-3.5167966,0.4769923,Spp1+ TAM,E15S,transferred
1.0058347,-5.5441165,Il1b+ TAM,E15S,transferred
-4.604084,3.757576,Resident Macrophage,E15S,transferred
22.744036,3.9906948,Tumor Proliferating,E15S,transferred
-4.1628575,0.57518536,Spp1+ TAM,E15S,transferred
-3.227228,5.0725093,Il1b+ TAM,E15S,transferred
-0.21453054,-8.437712,Neutrophil,E15S,transferred
18.454123,7.66876,Hypoxic Tumor,E15S,knn
-0.87657243,-7.777816,Neutrophil,E15S,transferred
-7.028324,3.1401262,C1qc+ TAM,E15S,transferred
-2.235712,3.7159488,Monocyte,E15S,knn
23.684662,4.760666,Tumor Proliferating,E15S,transferred
-2.4468048,4.1788797,Monocyte,E15S,transferred
17.64049,10.161461,Stromal,E15S,transferred
17.820595,7.7440534,Hypoxic Tumor,E15S,knn
26.690517,4.3808546,Tumor,E15S,transferred
-5.7649407,0.9635779,Spp1+ TAM,E15S,transferred
25.846304,5.3684096,Tumor,E15S,transferred
24.006649,3.779251,CAF,E15S,transferred
-7.1117396,3.573047,C1qc+ TAM,E15S,transferred
-4.952248,1.8311194,Spp1+ TAM,E15S,transferred
-6.1245575,5.0654325,C1qc+ TAM,E15S,transferred
25.554636,5.0889597,Tumor,E15S,transferred
-5.571355,3.5812638,Resident Macrophage,E15S,transferred
26.809958,4.3368025,Tumor,E15S,transferred
27.306952,4.581722,Tumor,E15S,transferred
-0.83747727,2.3108823,Monocyte,E15S,transferred
-1.5440248,3.457834,Monocyte,E15S,transferred
-6.428714,3.4327753,Resident Macrophage,E15S,transferred
23.985626,4.6905394,Tumor Proliferating,E15S,transferred
-0.42163315,-8.115496,Neutrophil,E15S,transferred
17.414558,11.119231,Stromal,E15S,transferred
-5.7453823,1.572636,Spp1+ TAM,E15S,transferred
-6.503382,2.7548537,Resident Macrophage,E15S,transferred
-4.541679,3.2482798,Il1b+ TAM,E15S,transferred
24.932785,4.014825,Tumor,E15S,transferred
-1.9306333,3.8867555,Resident Macrophage,E15S,knn
24.266428,3.6117961,CAF,E15S,transferred
-3.2599118,3.5480964,C1qc+ TAM,E15S,transferred
25.553118,3.8480172,CAF,E15S,transferred
25.574589,4.53655,CAF,E15S,transferred
16.503654,6.6608963,Hypoxic Tumor,E15S,transferred
-1.5688137,1.5212009,Monocyte,E15S,transferred
23.204596,5.7604237,Tumor Proliferating,E15S,transferred
1.5218384,13.827277,NK,E15S,transferred
0.4383234,-8.36638,Neutrophil,E15S,transferred
16.757912,6.0485935,Hypoxic Tumor,E15S,knn
1.9346607,14.891172,NK,E15S,transferred
18.50372,8.991251,Stromal,E15S,transferred
3.1502635,11.571628,CD4 T,E15S,transferred
17.384878,11.516251,Stromal,E15S,transferred
26.245245,3.0315268,Tumor,E15S,transferred
-4.2257495,5.8418436,C1qc+ TAM,E15S,transferred
-2.3328145,3.209882,Spp1+ TAM,E15S,transferred
25.674,3.7632356,Tumor,E15S,transferred
-3.1334112,5.125954,C1qc+ TAM,E15S,transferred
-0.024067724,-7.716899,Neutrophil,E15S,transferred
25.785927,3.8236656,CAF,E15S,transferred
15.651498,11.0485935,Stromal,E15S,transferred
-6.494815,1.1616434,Spp1+ TAM,E15S,transferred
0.6036102,-8.436245,Neutrophil,E15S,knn
16.39062,6.285222,Hypoxic Tumor,E15S,transferred
-5.5679765,1.4092442,Spp1+ TAM,E15S,transferred
-0.44440186,0.78233707,Monocyte,E15S,transferred
-2.757447,1.3899256,Il1b+ TAM,E15S,transferred
-3.683265,5.626884,C1qc+ TAM,E15S,transferred
-0.27613306,-8.475212,Neutrophil,E15S,knn
2.1128561,-9.269564,Neutrophil,E15S,transferred
25.643087,3.9471433,Tumor,E15S,transferred
23.602985,5.4923525,Tumor Proliferating,E15S,transferred
25.90629,3.414909,Tumor,E15S,transferred
25.830008,3.4370577,Tumor,E15S,transferred
-2.2235546,2.615833,Monocyte,E15S,transferred
1.87474,-7.791976,Neutrophil,E15S,transferred
-6.0803394,4.543899,C1qc+ TAM,E15S,transferred
23.435741,4.9698033,Tumor Proliferating,E15S,transferred
2.3254051,6.941364,mDC,E15S,transferred
-0.097029835,5.208398,B,E15S,transferred
-1.7807697,2.3250592,C1qc+ TAM,E15S,transferred
26.839228,4.798321,Tumor,E15S,transferred
-2.9045951,4.407324,C1qc+ TAM,E15S,transferred
0.81728476,-5.982664,Neutrophil,E15S,transferred
-5.256501,3.3358598,C1qc+ TAM,E15S,transferred
16.836702,11.104122,Stromal,E15S,transferred
-1.3486826,3.451113,Resident Macrophage,E15S,knn
-5.19179,4.36203,Resident Macrophage,E15S,transferred
-2.7466938,1.6850203,Monocyte,E15S,transferred
-6.4745736,4.284978,Resident Macrophage,E15S,transferred
-2.9712942,5.8685045,C1qc+ TAM,E15S,transferred
16.891525,9.971834,Stromal,E15S,transferred
-5.3432693,3.6893566,C1qc+ TAM,E15S,transferred
-5.1333146,1.5540307,Resident Macrophage,E15S,transferred
-2.8140473,1.4028919,Monocyte,E15S,transferred
17.491846,10.956129,Stromal,E15S,transferred
-5.371284,1.4117466,Spp1+ TAM,E15S,transferred
-2.8526468,3.7247548,Resident Macrophage,E15S,transferred
-5.5987897,0.81285846,Spp1+ TAM,E15S,transferred
-5.206844,2.216337,Spp1+ TAM,E15S,transferred
18.334116,9.9788065,Stromal,E15S,transferred
-4.3546815,5.85306,C1qc+ TAM,E15S,transferred
-5.19006,2.646681,C1qc+ TAM,E15S,transferred
-1.9726533,3.6141086,Monocyte,E15S,transferred
-1.7086089,1.1857972,Monocyte,E15S,transferred
19.238731,8.973866,Stromal,E15S,transferred
1.8716906,6.5825562,mDC,E15S,transferred
16.996391,10.292191,Stromal,E15S,transferred
-0.40254694,1.0159818,Monocyte,E15S,transferred
0.78565234,5.839397,cDC,E15S,transferred
-6.5793676,3.6263144,C1qc+ TAM,E15S,transferred
24.120148,5.416793,Tumor Proliferating,E15S,transferred
-3.9660227,4.3228106,C1qc+ TAM,E15S,transferred
24.42298,3.598846,Tumor Proliferating,E15S,transferred
-5.4189115,2.4365034,Resident Macrophage,E15S,transferred
16.701164,7.776684,Hypoxic Tumor,E15S,transferred
-4.25637,2.1343672,Spp1+ TAM,E15S,transferred
17.417185,10.597893,Stromal,E15S,transferred
18.062735,6.784748,Hypoxic Tumor,E15S,knn
-3.4170592,2.9112768,Il1b+ TAM,E15S,transferred
-3.3872075,1.8496037,Il1b+ TAM,E15S,transferred
24.333807,5.442049,Tumor,E15S,transferred
1.7314788,14.649703,NK,E15S,transferred
26.619846,4.1122117,Tumor,E15S,transferred
25.296942,5.7067714,Tumor,E15S,transferred
1.1434886,-7.529652,Neutrophil,E15S,transferred
2.7661417,-7.822891,Neutrophil,E15S,transferred
0.6840765,0.74124163,Monocyte,E15S,transferred
23.57436,3.3938425,Tumor Proliferating,E15S,transferred
-4.6755576,2.7128334,Resident Macrophage,E15S,transferred
25.355959,5.823687,Tumor,E15S,transferred
1.3166492,-8.249129,Neutrophil,E15S,transferred
0.34246716,-5.995139,Neutrophil,E15S,transferred
-3.6378078,1.3721056,Monocyte,E15S,transferred
18.522572,10.261232,Stromal,E15S,transferred
-1.9690627,2.3965971,Monocyte,E15S,transferred
-0.26551268,-7.9630823,Neutrophil,E15S,transferred
24.363422,5.003914,Tumor Proliferating,E15S,transferred
2.1052005,-7.673809,Neutrophil,E15S,transferred
16.755463,9.716314,Stromal,E15S,transferred
17.50688,10.532488,Stromal,E15S,knn
26.054106,4.048246,Tumor,E15S,transferred
25.314703,5.584925,Tumor,E15S,transferred
25.622349,3.1348011,Tumor,E15S,transferred
15.483296,11.266879,Stromal,E15S,transferred
26.40629,4.9837213,Tumor,E15S,transferred
16.245916,11.361356,Stromal,E15S,transferred
-1.1642134,1.4437528,Monocyte,E15S,transferred
23.862442,3.6873634,CAF,E15S,transferred
1.150596,-5.894392,Neutrophil,E15S,transferred
23.354923,5.6971335,Tumor Proliferating,E15S,transferred
-5.02025,3.5014405,Resident Macrophage,E15S,transferred
-5.2546406,3.602549,Resident Macrophage,E15S,transferred
16.50075,11.63548,Stromal,E15S,transferred
23.67966,4.2552752,CAF,E15S,transferred
-3.211819,2.409853,Monocyte,E15S,transferred
-5.97168,3.7670743,Resident Macrophage,E15S,transferred
24.29149,5.7442923,Tumor,E15S,transferred
0.42764777,1.6969076,Monocyte,E15S,transferred
26.446434,4.053249,Tumor,E15S,transferred
0.67920583,5.1062922,cDC,E15S,transferred
23.645102,3.5958793,Tumor Proliferating,E15S,transferred
1.2663,-8.687104,Neutrophil,E15S,transferred
-4.4418006,2.5704443,Il1b+ TAM,E15S,transferred
-4.787364,3.6537137,Resident Macrophage,E15S,transferred
0.35187978,-8.293107,Neutrophil,E15S,transferred
2.2393064,-9.379447,Neutrophil,E15S,transferred
1.011855,-5.9466577,Neutrophil,E15S,transferred
0.96212125,-8.3833885,Neutrophil,E15S,knn
16.768795,10.876809,Stromal,E15S,transferred
2.2364264,-7.8590593,Neutrophil,E15S,transferred
-3.525075,5.235318,C1qc+ TAM,E15S,transferred
-5.9074106,0.93819296,Spp1+ TAM,E15S,transferred
-0.29625273,3.6491165,Monocyte,E15S,transferred
17.030478,10.151314,Stromal,E15S,transferred
25.875944,3.269321,Tumor,E15S,transferred
2.0956862,-7.222304,Neutrophil,E15S,transferred
-2.8242033,3.1620123,Spp1+ TAM,E15S,transferred
27.244429,4.1201224,Tumor,E15S,transferred
-5.0424457,5.8607807,C1qc+ TAM,E15S,transferred
23.10761,4.205857,Tumor Proliferating,E15S,transferred
2.2197073,15.392069,NK,E15S,transferred
-4.0105023,3.164902,Resident Macrophage,E15S,transferred
-3.1009994,3.876394,C1qc+ TAM,E15S,transferred
-5.797939,1.9610616,Spp1+ TAM,E15S,transferred
-3.385192,3.8132124,C1qc+ TAM,E15S,transferred
-6.032389,4.426429,C1qc+ TAM,E15S,transferred
26.10958,5.0961533,Tumor,E15S,knn
1.7891996,-7.417468,Neutrophil,E15S,transferred
-6.5138893,1.9876351,Resident Macrophage,E15S,transferred
16.79658,10.150675,Stromal,E15S,transferred
-5.9242783,4.097327,Resident Macrophage,E15S,transferred
-5.3988266,1.4040109,Spp1+ TAM,E15S,transferred
17.080332,11.423747,Stromal,E15S,transferred
3.4716728,12.150265,CD8 Exhausted Proliferating,E15S,transferred
-0.7663348,2.482732,Monocyte,E15S,transferred
17.35595,9.116786,Stromal,E15S,transferred
18.226274,10.070713,Stromal,E15S,transferred
0.08932837,-8.518165,Neutrophil,E15S,transferred
-6.925664,3.007757,C1qc+ TAM,E15S,transferred
25.761889,5.7468185,Tumor,E15S,transferred
-3.8747244,0.88156986,C1qc+ TAM,E15S,transferred
-3.606642,2.2532072,Il1b+ TAM,E15S,transferred
-6.141496,3.2930698,Resident Macrophage,E15S,transferred
-4.0315757,4.445241,C1qc+ TAM,E15S,transferred
-4.190157,2.8585472,C1qc+ TAM,E15S,transferred
15.422999,11.209718,Stromal,E15S,transferred
-4.308425,0.36923295,Spp1+ TAM,E15S,transferred
16.562984,10.479971,Stromal,E15S,transferred
-6.5425506,1.0923529,Spp1+ TAM,E15S,transferred
-4.016768,3.5860734,C1qc+ TAM,E15S,transferred
24.391779,3.3425832,CAF,E15S,transferred
-5.6720757,1.7798408,Spp1+ TAM,E15S,transferred
-4.531962,5.3574204,Resident Macrophage,E15S,transferred
18.6588,9.842557,Stromal,E15S,transferred
17.6091,10.789907,Stromal,E15S,transferred
1.1253666,-7.4608502,Neutrophil,E15S,transferred
26.43074,3.3640482,Tumor,E15S,transferred
-3.7445636,0.78708696,Spp1+ TAM,E15S,transferred
0.3507209,0.47293928,Monocyte,E15S,transferred
2.430146,-9.218544,Neutrophil,E15S,transferred
-3.8684764,6.552663,C1qc+ TAM,E15S,transferred
15.625297,10.945741,Stromal,E15S,transferred
27.09465,4.4943075,Tumor,E15S,transferred
27.051182,4.260653,Tumor,E15S,transferred
-4.9225554,2.2766273,Spp1+ TAM,E15S,transferred
-6.0586348,4.8639736,Resident Macrophage,E15S,transferred
18.749926,9.000227,Stromal,E15S,transferred
18.597782,10.0391245,Stromal,E15S,transferred
25.021019,5.419012,CAF,E15S,transferred
-3.3397503,2.1091032,Il1b+ TAM,E15S,transferred
-3.7557008,0.41883633,Spp1+ TAM,E15S,transferred
1.408119,-7.238559,Neutrophil,E15S,transferred
17.79491,8.168712,Hypoxic Tumor,E15S,knn
-3.9619155,3.6259933,C1qc+ TAM,E15S,transferred
-1.4113101,2.709437,C1qc+ TAM,E15S,transferred
17.087378,10.963283,Stromal,E15S,transferred
18.279772,10.717581,Stromal,E15S,transferred
16.849417,9.934571,Stromal,E15S,transferred
-6.2941785,2.099371,Spp1+ TAM,E15S,transferred
16.88819,11.285089,Stromal,E15S,transferred
3.0125616,-7.3568034,Neutrophil,E15S,transferred
-5.079412,2.2220168,Il1b+ TAM,E15S,transferred
26.050415,3.682451,Tumor,E15S,transferred
-4.5831084,5.6776295,C1qc+ TAM,E15S,transferred
-3.1892004,2.3366637,Spp1+ TAM,E15S,transferred
-6.355938,2.600843,C1qc+ TAM,E15S,transferred
16.57013,6.1091495,Hypoxic Tumor,E15S,knn
-5.238554,2.7258005,C1qc+ TAM,E15S,transferred
-0.33130497,-8.273605,Neutrophil,E15S,transferred
-0.65135753,-8.398878,Neutrophil,E15S,transferred
16.45513,7.380953,Hypoxic Tumor,E15S,knn
-2.7580354,2.0871596,Monocyte,E15S,transferred
23.078693,3.8456473,CAF,E15S,transferred
-5.402932,0.6375917,Spp1+ TAM,E15S,transferred
-0.47937828,-8.349825,Neutrophil,E15S,transferred
-2.9533448,2.357433,Il1b+ TAM,E15S,transferred
16.341938,11.720505,Stromal,E15S,transferred
16.490606,8.196342,Hypoxic Tumor,E15S,transferred
3.3058522,12.459288,CD4 T,E15S,transferred
17.806297,10.682607,Stromal,E15S,transferred
-0.890286,0.16118729,Monocyte,E15S,transferred
-3.3411865,2.7188947,Il1b+ TAM,E15S,transferred
1.8376458,-8.04803,Neutrophil,E15S,transferred
23.657196,4.9419985,Tumor Proliferating,E15S,transferred
-2.7810485,3.1814594,Resident Macrophage,E15S,transferred
22.460987,4.438849,Tumor Proliferating,E15S,transferred
26.591356,5.015472,Tumor,E15S,transferred
-2.3488135,3.4671388,Il1b+ TAM,E15S,transferred
27.162647,4.43631,Tumor,E15S,transferred
-5.5960875,3.4048,Resident Macrophage,E15S,transferred
24.742468,4.15919,CAF,E15S,transferred
-5.141791,5.2755823,C1qc+ TAM,E15S,transferred
-6.1381974,1.7327105,Resident Macrophage,E15S,transferred
-0.056780055,-5.780633,Neutrophil,E15S,transferred
-4.203146,2.9431353,Il1b+ TAM,E15S,transferred
17.032919,11.018198,Stromal,E15S,transferred
-0.78171855,-7.9289823,Neutrophil,E15S,transferred
-2.5743268,5.9596562,C1qc+ TAM,E15S,transferred
-6.4173603,1.4581649,Resident Macrophage,E15S,transferred
1.3237709,-7.9740906,Neutrophil,E15S,transferred
16.696121,7.5147424,Hypoxic Tumor,E15S,knn
-6.151462,2.748289,Resident Macrophage,E15S,transferred
-5.841993,4.7710147,Resident Macrophage,E15S,transferred
17.078144,9.952228,Stromal,E15S,transferred
17.095736,10.945951,Stromal,E15S,transferred
2.4245822,-7.366512,Neutrophil,E15S,transferred
22.873642,4.2546525,Tumor Proliferating,E15S,transferred
17.415064,10.3032,Stromal,E15S,transferred
16.562464,6.627805,Hypoxic Tumor,E15S,knn
18.26871,8.712438,Stromal,E15S,transferred
25.030962,4.2511287,CAF,E15S,transferred
27.19922,4.672155,Tumor,E15S,transferred
0.039887864,-8.353697,Neutrophil,E15S,transferred
-6.1126833,4.9208508,C1qc+ TAM,E15S,transferred
-4.73133,0.91015965,Spp1+ TAM,E15S,transferred
18.166609,9.590122,Stromal,E15S,transferred
25.645638,3.326532,Tumor,E15S,transferred
2.436564,-7.7712173,Neutrophil,E15S,transferred
25.898504,4.8868747,Tumor,E15S,transferred
17.037416,9.727491,Stromal,E15S,transferred
23.539948,5.4434905,Tumor Proliferating,E15S,transferred
-2.2097952,1.0217081,Spp1+ TAM,E15S,transferred
2.0391972,-7.8519535,Neutrophil,E15S,transferred
-6.067644,4.5947824,C1qc+ TAM,E15S,transferred
2.8787642,-7.672361,Neutrophil,E15S,transferred
-4.4423122,2.0876043,Il1b+ TAM,E15S,transferred
1.7466186,-8.973479,Neutrophil,E15S,transferred
23.236158,5.543441,Tumor Proliferating,E15S,transferred
1.5767977,-8.824369,Neutrophil,E15S,transferred
0.50979024,0.64158463,Monocyte,E15S,transferred
-3.0589368,2.0911326,Il1b+ TAM,E15S,transferred
18.618177,6.999226,Hypoxic Tumor,E15S,transferred
-3.1152785,2.6970205,C1qc+ TAM,E15S,transferred
0.4057104,1.2464823,Monocyte,E15S,transferred
25.310377,4.323572,CAF,E15S,transferred
16.738674,7.892961,Hypoxic Tumor,E15S,transferred
-6.1708226,1.5326458,C1qc+ TAM,E15S,transferred
27.225382,4.7952824,Tumor,E15S,transferred
-2.1454835,2.0656867,Monocyte,E15S,transferred
-3.4548194,4.571322,C1qc+ TAM,E15S,transferred
2.2091153,-7.79575,Neutrophil,E15S,transferred
23.955284,5.689193,Tumor Proliferating,E15S,transferred
24.447102,5.288924,Tumor Proliferating,E15S,transferred
-5.511725,3.0972242,Resident Macrophage,E15S,transferred
1.8149228,-7.7249374,Neutrophil,E15S,transferred
25.232944,4.7378654,Tumor Proliferating,E15S,transferred
1.0620599,-7.475932,Neutrophil,E15S,transferred
-0.0099894265,-8.256039,Neutrophil,E15S,transferred
0.57661575,-7.2009974,Neutrophil,E15S,transferred
-5.524834,5.6298175,C1qc+ TAM,E15S,transferred
-5.5647516,2.2411911,C1qc+ TAM,E15S,transferred
17.557964,10.771257,Stromal,E15S,transferred
25.036589,3.1115649,CAF,E15S,transferred
-0.7377567,-0.18170564,Monocyte,E15S,transferred
-5.6594095,4.9396777,Resident Macrophage,E15S,transferred
16.865465,10.056531,Stromal,E15S,transferred
-6.101626,3.3799498,Il1b+ TAM,E15S,transferred
2.2594187,-9.308803,Neutrophil,E15S,transferred
-3.5634599,2.6501052,C1qc+ TAM,E15S,transferred
2.434546,-7.486231,Neutrophil,E15S,transferred
22.18036,4.342167,Tumor Proliferating,E15S,transferred
-3.340135,2.2076828,C1qc+ TAM,E15S,transferred
5.447312,9.833425,B,E15S,transferred
-5.009607,3.7261364,Il1b+ TAM,E15S,transferred
-4.2477045,3.0681424,Resident Macrophage,E15S,transferred
17.871231,11.259427,Stromal,E15S,transferred
25.08225,4.767838,Tumor Proliferating,E15S,transferred
17.674128,9.776165,Stromal,E15S,transferred
27.08102,4.902411,Tumor,E15S,transferred
16.425749,10.727928,Tumor,E15S,transferred
-6.1467934,2.52601,Resident Macrophage,E15S,transferred
-1.9469963,2.6775756,Monocyte,E15S,transferred
1.4322543,-7.185559,Neutrophil,E15S,transferred
18.09913,8.851878,Stromal,E15S,transferred
2.416824,15.171175,NK,E15S,transferred
17.403893,10.8292265,Stromal,E15S,transferred
-1.225415,1.4456308,Monocyte,E15S,transferred
-5.452014,3.900577,Resident Macrophage,E15S,transferred
25.874731,5.1647167,Tumor,E15S,transferred
-2.8365161,4.0178847,C1qc+ TAM,E15S,transferred
-4.8096924,1.6740494,C1qc+ TAM,E15S,transferred
23.71209,4.203872,Tumor Proliferating,E15S,transferred
26.656254,3.0828815,Tumor,E15S,transferred
24.794718,3.9796839,Tumor,E15S,transferred
25.26116,2.7873342,CAF,E15S,transferred
26.638544,3.0123553,Tumor,E15S,transferred
16.475025,6.4739385,Hypoxic Tumor,E15S,knn
0.5084857,5.4172077,cDC,E15S,transferred
-0.4395874,-0.1775185,Monocyte,E15S,transferred
25.641136,5.28165,Tumor,E15S,transferred
16.494709,11.456326,Stromal,E15S,transferred
2.055858,-9.359709,Neutrophil,E15S,transferred
0.9214914,-8.92334,Neutrophil,E15S,transferred
18.714664,7.995585,Stromal,E15S,knn
26.58211,3.2892594,Tumor,E15S,transferred
27.085121,3.7395601,Tumor,E15S,transferred
-4.6539526,4.479096,C1qc+ TAM,E15S,transferred
24.860228,4.306592,CAF,E15S,transferred
-4.7657423,1.3703859,C1qc+ TAM,E15S,transferred
-6.232352,2.2578487,Resident Macrophage,E15S,transferred
26.435028,3.1707606,Tumor,E15S,transferred
-0.52494997,1.2101489,Monocyte,E15S,transferred
26.63061,4.478254,Tumor,E15S,transferred
27.596096,3.4493809,Tumor,E15S,transferred
-4.5306635,3.1366007,C1qc+ TAM,E15S,transferred
25.456758,4.429459,CAF,E15S,transferred
-2.7602658,2.595973,Il1b+ TAM,E15S,transferred
17.47777,9.348907,Tumor,E15S,transferred
2.5760336,14.892917,NK T,E15S,transferred
16.422247,11.345534,Hypoxic Tumor,E15S,transferred
-3.9177537,3.8540232,Resident Macrophage,E15S,knn
-5.5120826,2.184092,Spp1+ TAM,E15S,transferred
19.453573,8.812064,Stromal,E15S,transferred
23.122587,5.4099946,Tumor Proliferating,E15S,transferred
2.1779268,-7.965957,Neutrophil,E15S,transferred
-4.677819,2.955248,Il1b+ TAM,E15S,transferred
2.4706547,-9.231084,Neutrophil,E15S,transferred
16.067432,11.507996,Stromal,E15S,transferred
26.18989,2.9740863,Tumor,E15S,transferred
18.916435,6.9675245,Hypoxic Tumor,E15S,transferred
-4.3632812,2.1419637,C1qc+ TAM,E15S,transferred
-6.9487443,2.6437373,C1qc+ TAM,E15S,transferred
-4.05293,5.482694,C1qc+ TAM,E15S,transferred
-6.9804535,3.3663743,C1qc+ TAM,E15S,transferred
-1.9088216,5.8997984,Hypoxic Tumor,E15S,knn
17.774578,9.864078,Stromal,E15S,transferred
16.593609,5.948628,Hypoxic Tumor,E15S,transferred
0.8170949,-6.4642396,Neutrophil,E15S,transferred
-3.2820685,3.7764635,C1qc+ TAM,E15S,transferred
2.2458665,14.278359,NK,E15S,transferred
17.67203,8.574121,Hypoxic Tumor,E15S,transferred
18.11483,10.437069,Stromal,E15S,transferred
19.652504,8.641181,Stromal,E15S,transferred
16.454334,10.402672,Stromal,E15S,transferred
23.416494,3.6274202,CAF,E15S,transferred
-1.8410318,1.5857365,Monocyte,E15S,transferred
-5.7248244,2.3547897,Il1b+ TAM,E15S,transferred
18.526487,7.5252614,Hypoxic Tumor,E15S,knn
24.938387,4.7491226,Tumor Proliferating,E15S,transferred
17.301418,10.471971,Stromal,E15S,transferred
-4.8880773,2.502845,Resident Macrophage,E15S,transferred
-2.4489155,2.2706327,Il1b+ TAM,E15S,transferred
17.218145,10.676329,Stromal,E15S,transferred
0.11283109,-6.5335217,Neutrophil,E15S,transferred
-0.281794,-8.245108,Neutrophil,E15S,transferred
19.51112,8.303677,Stromal,E15S,transferred
18.20067,8.643101,Stromal,E15S,transferred
24.689726,4.4653816,Tumor Proliferating,E15S,transferred
-6.5303626,4.1328754,Resident Macrophage,E15S,transferred
-5.3795943,1.9324744,Resident Macrophage,E15S,transferred
-1.8946259,2.5757828,Monocyte,E15S,transferred
23.43657,4.135828,CAF,E15S,transferred
18.35566,10.143773,Stromal,E15S,transferred
24.080019,3.9022894,Tumor Proliferating,E15S,transferred
25.94601,3.4431338,Tumor,E15S,transferred
23.668575,5.492362,Tumor Proliferating,E15S,transferred
26.592007,4.926941,Tumor,E15S,transferred
0.8642018,-7.965464,Neutrophil,E15S,knn
0.030632682,0.48011184,Monocyte,E15S,transferred
18.824528,7.9305754,Stromal,E15S,transferred
26.13398,5.355705,Tumor,E15S,transferred
2.3502505,6.764109,mDC,E15S,transferred
2.5310287,-8.372957,Neutrophil,E15S,transferred
-4.876238,3.5808206,Resident Macrophage,E15S,knn
-3.920343,6.7349787,Resident Macrophage,E15S,transferred
-1.803351,3.2637181,Resident Macrophage,E15S,transferred
-3.6639054,2.265861,Resident Macrophage,E15S,transferred
-3.6026623,1.5616146,Il1b+ TAM,E15S,transferred
-6.0125556,5.4221106,Resident Macrophage,E15S,transferred
2.5097299,13.547305,NK T,E15S,transferred
27.556864,4.1433973,Tumor,E15S,transferred
-4.952905,2.8871598,Resident Macrophage,E15S,transferred
17.382595,7.3401647,Hypoxic Tumor,E15S,transferred
26.52252,2.9632723,Tumor,E15S,transferred
0.36568156,-8.553897,Neutrophil,E15S,knn
-6.6579313,2.8833792,Resident Macrophage,E15S,transferred
-4.9513445,3.6660588,Resident Macrophage,E15S,transferred
2.3123186,-7.8145843,Neutrophil,E15S,transferred
1.8710091,15.002542,NK,E15S,transferred
-4.9236636,4.1980553,C1qc+ TAM,E15S,transferred
-6.2359853,0.99829185,Spp1+ TAM,E15S,transferred
25.34202,4.3259106,Tumor Proliferating,E15S,transferred
17.6391,11.050985,Stromal,E15S,transferred
-3.7412176,3.2295673,Resident Macrophage,E15S,transferred
-0.89895236,1.5660776,Monocyte,E15S,transferred
17.585575,9.228585,Stromal,E15S,transferred
16.589712,8.277886,Hypoxic Tumor,E15S,transferred
2.2000926,-7.8900237,Neutrophil,E15S,transferred
-3.9839838,5.394759,C1qc+ TAM,E15S,transferred
0.08799369,-6.3162103,Neutrophil,E15S,transferred
-0.49809405,1.3009535,Monocyte,E15S,transferred
-0.9540109,2.9387136,Monocyte,E15S,transferred
0.056484163,-6.602916,Neutrophil,E15S,transferred
-4.437093,2.0102947,Il1b+ TAM,E15S,transferred
-7.1165347,3.412501,C1qc+ TAM,E15S,transferred
-7.0788918,3.3159847,C1qc+ TAM,E15S,transferred
-4.9665985,2.8636312,Resident Macrophage,E15S,transferred
-4.39751,2.5802999,C1qc+ TAM,E15S,transferred
-5.8699894,2.0492132,Resident Macrophage,E15S,transferred
-3.1184392,4.5585012,Monocyte,E15S,transferred
18.59723,8.685774,Stromal,E15S,transferred
-6.31268,4.169324,C1qc+ TAM,E15S,transferred
-4.381067,1.1064544,Spp1+ TAM,E15S,transferred
-3.0053308,0.72310007,Spp1+ TAM,E15S,transferred
2.0634856,-7.8857465,Neutrophil,E15S,transferred
22.974865,3.7411475,Tumor Proliferating,E15S,transferred
24.666723,3.5060003,CAF,E15S,transferred
-5.698939,4.4396644,Resident Macrophage,E15S,transferred
25.332788,4.845173,CAF,E15S,transferred
27.451086,3.2397072,Tumor,E15S,transferred
-5.0512085,2.7153487,C1qc+ TAM,E15S,transferred
-5.747247,2.1902676,Il1b+ TAM,E15S,transferred
-0.15520185,-8.1119995,Neutrophil,E15S,transferred
-2.0917175,3.136826,Monocyte,E15S,transferred
25.786871,4.978154,Tumor,E15S,transferred
16.433308,7.7040772,Hypoxic Tumor,E15S,knn
-4.901559,2.0256941,Il1b+ TAM,E15S,transferred
1.6472204,14.218568,NK,E15S,transferred
25.135618,5.729375,Tumor,E15S,transferred
18.831615,7.1684613,Hypoxic Tumor,E15S,knn
-3.9669092,5.136955,C1qc+ TAM,E15S,transferred
17.762377,10.547254,Stromal,E15S,transferred
0.86919206,-8.404071,Neutrophil,E15S,knn
-5.1453266,2.7981613,C1qc+ TAM,E15S,transferred
-0.28525442,1.2127701,Monocyte,E15S,transferred
24.028088,5.613633,Tumor Proliferating,E15S,transferred
18.251028,9.004861,Stromal,E15S,transferred
27.257433,4.4921064,Tumor,E15S,transferred
23.768335,3.2647474,CAF,E15S,transferred
17.627115,10.964091,Stromal,E15S,transferred
16.566158,11.514625,Stromal,E15S,transferred
-5.955532,2.6142294,Spp1+ TAM,E15S,transferred
24.172068,4.043722,CAF,E15S,transferred
16.313025,8.24305,Hypoxic Tumor,E15S,knn
22.843088,3.703344,Tumor Proliferating,E15S,transferred
26.204544,3.831736,Tumor,E15S,transferred
-6.030676,3.2095551,Resident Macrophage,E15S,transferred
16.918457,11.510181,Stromal,E15S,transferred
-4.510021,2.8481736,C1qc+ TAM,E15S,transferred
18.449997,10.599362,Stromal,E15S,transferred
-4.5385528,4.617758,Resident Macrophage,E15S,transferred
-5.7013316,4.322238,C1qc+ TAM,E15S,transferred
-6.251904,3.5419323,C1qc+ TAM,E15S,transferred
16.505138,10.310007,Stromal,E15S,transferred
25.526112,3.26912,Tumor,E15S,transferred
25.532866,3.0374968,Tumor,E15S,transferred
0.20390043,-5.365255,Neutrophil,E15S,transferred
-5.632122,2.8334324,C1qc+ TAM,E15S,transferred
-5.237775,2.4093819,Il1b+ TAM,E15S,transferred
17.523235,9.742414,Stromal,E15S,transferred
0.54302806,-7.044717,Neutrophil,E15S,transferred
-1.8342298,3.7916055,Resident Macrophage,E15S,transferred
-4.392211,3.4253833,C1qc+ TAM,E15S,transferred
-6.3140855,1.011269,Spp1+ TAM,E15S,transferred
-2.6822217,2.8874633,Monocyte,E15S,transferred
24.118439,4.8562646,Tumor Proliferating,E15S,transferred
-4.272323,4.639256,Il1b+ TAM,E15S,transferred
26.622599,3.5562153,Tumor,E15S,transferred
17.92217,10.711104,Stromal,E15S,transferred
0.30880785,-7.6304994,Neutrophil,E15S,transferred
-5.647758,4.8849564,C1qc+ TAM,E15S,transferred
-0.13243268,0.6243749,Monocyte,E15S,transferred
24.501387,4.5821247,Tumor,E15S,transferred
16.46544,8.280556,Hypoxic Tumor,E15S,transferred
2.1600056,14.684343,NK,E15S,transferred
-5.2285404,4.5134206,C1qc+ TAM,E15S,transferred
15.842213,10.87708,Tumor,E15S,transferred
26.47993,3.245585,Tumor,E15S,transferred
-5.801311,1.5233338,Spp1+ TAM,E15S,transferred
-6.2405767,1.2474875,Spp1+ TAM,E15S,transferred
16.169706,9.443923,Hypoxic Tumor,E15S,transferred
0.50755596,-7.982963,Neutrophil,E15S,transferred
0.046214264,-6.170842,Neutrophil,E15S,transferred
16.164448,10.616229,Stromal,E15S,transferred
-0.70204574,2.5528839,Monocyte,E15S,transferred
16.753603,7.510313,Hypoxic Tumor,E15S,transferred
1.7306163,-8.500492,Neutrophil,E15S,transferred
27.099586,4.179509,Tumor,E15S,transferred
-5.154638,3.440776,Resident Macrophage,E15S,transferred
0.061337795,-7.964448,Neutrophil,E15S,transferred
2.2734325,-9.3191395,Neutrophil,E15S,transferred
15.46118,11.14004,Stromal,E15S,transferred
0.026599776,-5.516958,Neutrophil,E15S,transferred
24.820099,3.7670946,Tumor,E15S,transferred
25.15596,4.9440203,Tumor,E15S,transferred
-6.186837,2.6985931,C1qc+ TAM,E15S,transferred
-4.4656224,2.1708426,C1qc+ TAM,E15S,transferred
22.63196,3.9010835,Tumor Proliferating,E15S,transferred
-0.44646814,2.421617,Monocyte,E15S,transferred
-3.0385249,2.7888021,C1qc+ TAM,E15S,transferred
-1.8425095,2.5954838,Spp1+ TAM,E15S,transferred
-6.2554626,2.9334342,Resident Macrophage,E15S,transferred
18.079351,10.300182,Stromal,E15S,transferred
-5.9995117,2.7512143,C1qc+ TAM,E15S,transferred
26.979631,4.0859895,Tumor,E15S,transferred
-5.987996,3.853377,Resident Macrophage,E15S,transferred
0.7447661,-8.561919,Neutrophil,E15S,transferred
16.482359,10.648334,Stromal,E15S,transferred
2.989954,-7.202308,Neutrophil,E15S,transferred
18.392147,8.953163,Stromal,E15S,transferred
1.491448,14.086741,NK,E15S,transferred
16.61475,7.354497,Hypoxic Tumor,E15S,knn
-6.1165595,1.496757,Resident Macrophage,E15S,transferred
-3.5320258,5.5438037,Resident Macrophage,E15S,transferred
22.83155,5.634085,Tumor Proliferating,E15S,transferred
3.2680595,-6.969189,Neutrophil,E15S,transferred
18.300077,7.696638,Hypoxic Tumor,E15S,knn
-4.347566,1.4171067,Spp1+ TAM,E15S,transferred
-4.9204555,1.7840958,Il1b+ TAM,E15S,transferred
15.571248,11.515562,Stromal,E15S,transferred
19.615715,8.535656,Stromal,E15S,transferred
-4.3011384,0.88235676,Spp1+ TAM,E15S,transferred
-2.048694,3.1724238,Monocyte,E15S,transferred
-1.7897226,3.3591087,Resident Macrophage,E15S,transferred
-5.651054,1.8123603,Resident Macrophage,E15S,knn
-1.6234398,3.5547156,Monocyte,E15S,transferred
-3.4242477,6.436365,Il1b+ TAM,E15S,transferred
24.7236,3.0787375,CAF,E15S,transferred
-0.48087123,2.7792583,Monocyte,E15S,knn
-6.024708,1.0325124,Spp1+ TAM,E15S,transferred
1.7368361,14.267548,NK,E15S,transferred
-3.6103952,4.6074123,C1qc+ TAM,E15S,transferred
-3.7684226,4.466932,Monocyte,E15S,transferred
-5.855651,1.8029045,Resident Macrophage,E15S,transferred
16.467808,10.632291,Stromal,E15S,transferred
25.979435,3.181889,Tumor,E15S,transferred
-4.2367845,3.8450484,C1qc+ TAM,E15S,transferred
-1.7061914,5.4444814,Resident Macrophage,E15S,knn
-1.2224599,10.648531,B,E15S,transferred
1.5591472,-8.641946,Neutrophil,E15S,transferred
24.837252,4.181387,CAF,E15S,transferred
24.37209,3.2045612,CAF,E15S,transferred
19.050074,6.8909345,Hypoxic Tumor,E15S,knn
0.82426476,5.786635,cDC,E15S,transferred
-0.1666346,-7.9918437,Neutrophil,E15S,transferred
-3.2530758,2.259326,Il1b+ TAM,E15S,transferred
17.383753,10.249031,Stromal,E15S,transferred
-2.9993331,4.7876954,Il1b+ TAM,E15S,transferred
17.04425,11.077635,Stromal,E15S,transferred
-0.3042913,-7.8574457,Neutrophil,E15S,transferred
-5.7859883,4.497977,C1qc+ TAM,E15S,transferred
16.742926,11.483124,Stromal,E15S,transferred
1.2658347,-8.215666,Neutrophil,E15S,transferred
1.68444,14.604255,NK,E15S,transferred
27.629204,3.629038,Tumor,E15S,transferred
-5.539934,0.64439636,Spp1+ TAM,E15S,transferred
25.391903,4.086353,Tumor,E15S,transferred
-2.4148479,3.28445,Monocyte,E15S,transferred
-2.9992108,4.345295,C1qc+ TAM,E15S,transferred
22.794516,4.3015985,Tumor Proliferating,E15S,transferred
18.073586,10.432841,Stromal,E15S,transferred
17.690716,8.047597,Hypoxic Tumor,E15S,transferred
16.272774,10.989041,Stromal,E15S,transferred
-6.5965753,1.2845871,Spp1+ TAM,E15S,transferred
27.300907,4.725301,Tumor,E15S,transferred
2.6008887,-7.621678,Neutrophil,E15S,transferred
19.115873,8.775579,Stromal,E15S,transferred
16.822573,9.940429,Stromal,E15S,transferred
23.433104,4.1625495,CAF,E15S,transferred
1.9948924,-8.897044,Neutrophil,E15S,transferred
25.418282,4.1182265,Tumor Proliferating,E15S,transferred
18.25989,10.781448,Stromal,E15S,transferred
-5.560038,4.895889,Resident Macrophage,E15S,transferred
16.522104,6.512316,Hypoxic Tumor,E15S,transferred
-0.0006352595,-5.521037,Neutrophil,E15S,transferred
22.757725,3.6825304,Tumor Proliferating,E15S,transferred
26.508282,2.8300517,Hypoxic Tumor,E15S,transferred
-6.998009,3.9025958,Resident Macrophage,E15S,transferred
-4.9226456,5.042862,C1qc+ TAM,E15S,transferred
16.599316,6.1103454,Hypoxic Tumor,E15S,knn
23.584057,4.855358,Tumor Proliferating,E15S,transferred
-4.5148907,4.8741326,Resident Macrophage,E15S,transferred
0.66749066,-6.9705954,Neutrophil,E15S,transferred
23.94949,4.7305336,Tumor Proliferating,E15S,transferred
16.571362,10.15167,Stromal,E15S,transferred
-3.5265958,1.6412039,Il1b+ TAM,E15S,transferred
26.84761,4.720454,Tumor,E15S,transferred
0.6948456,0.65746075,Monocyte,E15S,transferred
-4.80139,6.2269807,C1qc+ TAM,E15S,transferred
17.108046,9.526444,Stromal,E15S,transferred
19.0069,9.589558,Stromal,E15S,transferred
23.707705,5.070892,Tumor Proliferating,E15S,transferred
-2.9969552,1.2005893,Il1b+ TAM,E15S,transferred
0.49741015,-8.943616,Neutrophil,E15S,transferred
24.530783,4.765612,Tumor,E15S,transferred
19.45337,8.89651,Stromal,E15S,transferred
26.574287,3.997574,Tumor,E15S,transferred
-6.77437,4.0308785,Resident Macrophage,E15S,transferred
-4.592842,2.830946,Il1b+ TAM,E15S,transferred
26.541407,3.197973,Tumor,E15S,transferred
3.2273436,-6.8905463,Neutrophil,E15S,transferred
-4.2758822,6.135148,C1qc+ TAM,E15S,transferred
0.24989766,-6.1464944,Neutrophil,E15S,transferred
16.711243,10.0007925,Hypoxic Tumor,E15S,transferred
25.214142,4.4007688,Tumor Proliferating,E15S,transferred
23.81691,4.1160393,CAF,E15S,transferred
1.3777852,-6.1096354,Neutrophil,E15S,transferred
25.802822,5.2866187,Tumor,E15S,transferred
24.169931,5.5165806,Tumor Proliferating,E15S,transferred
2.5553513,-7.468676,Neutrophil,E15S,transferred
-5.044845,4.599202,Resident Macrophage,E15S,transferred
1.3733579,-8.1419325,Neutrophil,E15S,transferred
25.099419,4.233109,CAF,E15S,transferred
16.883263,11.332341,Stromal,E15S,transferred
-0.12815432,-8.4373255,Neutrophil,E15S,knn
-0.70266855,2.7323,Monocyte,E15S,transferred
26.304445,3.349431,Tumor,E15S,transferred
-4.3722467,4.7438006,C1qc+ TAM,E15S,transferred
0.8926437,-8.886088,Neutrophil,E15S,transferred
-3.6696498,4.922174,C1qc+ TAM,E15S,transferred
27.266285,3.29488,Tumor,E15S,transferred
18.334177,10.70713,Stromal,E15S,transferred
18.16094,9.768149,Stromal,E15S,transferred
-3.025419,2.3718765,Il1b+ TAM,E15S,transferred
22.739918,4.024521,Tumor Proliferating,E15S,transferred
-3.0736337,4.594157,C1qc+ TAM,E15S,transferred
0.9121553,-7.4325294,Neutrophil,E15S,transferred
17.13886,9.373829,Stromal,E15S,transferred
26.101488,5.5123124,Tumor,E15S,transferred
19.441553,8.661774,Stromal,E15S,transferred
25.386522,5.353692,Tumor,E15S,transferred
-5.383856,1.7247118,Spp1+ TAM,E15S,transferred
25.58468,4.195742,Tumor,E15S,transferred
16.745985,10.926875,Tumor,E15S,transferred
23.27701,4.143594,CAF,E15S,transferred
16.629011,5.7326603,Hypoxic Tumor,E15S,knn
-5.66212,4.4178367,Resident Macrophage,E15S,transferred
16.931395,11.30332,Stromal,E15S,transferred
-5.462054,3.2308104,Il1b+ TAM,E15S,transferred
-3.3943448,1.4512798,Monocyte,E15S,transferred
26.570307,4.311737,Tumor,E15S,transferred
25.369099,4.6592274,Tumor,E15S,transferred
2.3318577,15.408114,NK,E15S,transferred
25.893358,4.1056376,Tumor,E15S,transferred
-0.05985539,1.9454836,Monocyte,E15S,transferred
0.110757954,-5.4327497,Neutrophil,E15S,transferred
23.272118,3.587977,Tumor Proliferating,E15S,transferred
-2.8890743,4.7642283,C1qc+ TAM,E15S,transferred
1.097508,-5.906583,Neutrophil,E15S,transferred
-4.432704,2.9825633,Resident Macrophage,E15S,transferred
-3.0831895,5.6682725,Monocyte,E15S,transferred
24.63289,5.1291103,Tumor Proliferating,E15S,transferred
-5.6305118,2.3250976,Spp1+ TAM,E15S,transferred
2.0421457,14.481994,NK,E15S,transferred
15.799656,10.915616,Stromal,E15S,transferred
25.20532,3.4842768,Tumor,E15S,transferred
18.135235,10.647579,Stromal,E15S,transferred
17.930517,9.790023,Stromal,E15S,transferred
-5.2915306,3.7383304,C1qc+ TAM,E15S,transferred
-1.2642378,3.338999,Monocyte,E15S,transferred
16.482365,6.3604474,Hypoxic Tumor,E15S,transferred
-0.67408544,-7.5965137,Neutrophil,E15S,transferred
-4.735464,3.6396892,C1qc+ TAM,E15S,transferred
27.019966,4.4498596,Tumor,E15S,transferred
24.865204,3.7589447,CAF,E15S,transferred
26.2624,4.828881,Tumor,E15S,transferred
25.15758,3.6563911,CAF,E15S,transferred
26.099566,5.5096664,Tumor,E15S,transferred
0.98005086,-7.761534,Neutrophil,E15S,transferred
-4.272781,0.9817614,Spp1+ TAM,E15S,transferred
16.221397,11.025516,Hypoxic Tumor,E15S,transferred
1.8802861,14.675231,NK,E15S,transferred
-2.090933,3.455805,Resident Macrophage,E15S,transferred
-1.2964423,3.3975468,Monocyte,E15S,transferred
25.47511,5.120098,Tumor,E15S,transferred
0.22528802,-4.982274,Neutrophil,E15S,transferred
-2.3356457,1.4504892,Monocyte,E15S,transferred
-5.8653274,1.9570756,Resident Macrophage,E15S,transferred
-0.9057509,-8.126475,Neutrophil,E15S,transferred
-4.224833,3.2278543,Il1b+ TAM,E15S,transferred
-5.8983326,2.7141366,Resident Macrophage,E15S,transferred
26.592245,4.351947,Tumor,E15S,transferred
-4.0740705,6.401775,Resident Macrophage,E15S,transferred
15.816061,11.474727,Tumor,E15S,transferred
-2.0898705,0.87632906,Il1b+ TAM,E15S,transferred
18.57291,8.493568,Stromal,E15S,transferred
2.5643556,-7.0954266,Neutrophil,E15S,transferred
16.949947,10.011558,Stromal,E15S,transferred
17.009733,11.262431,Stromal,E15S,transferred
-4.0871453,2.942196,C1qc+ TAM,E15S,transferred
-5.9266253,3.3499615,Resident Macrophage,E15S,transferred
-5.5476656,2.7299724,Il1b+ TAM,E15S,transferred
17.35325,10.730222,Stromal,E15S,transferred
16.689983,9.614629,Stromal,E15S,transferred
26.661205,3.2188082,Tumor,E15S,transferred
27.302856,4.0389223,Tumor,E15S,transferred
-0.96288574,2.5364146,Monocyte,E15S,transferred
0.5576823,-7.9671764,Neutrophil,E15S,transferred
0.7536126,-7.727107,Neutrophil,E15S,transferred
-5.3221173,3.4116466,C1qc+ TAM,E15S,transferred
16.406994,7.3043036,Hypoxic Tumor,E15S,transferred
17.51354,9.521866,Stromal,E15S,transferred
17.586224,8.660133,Hypoxic Tumor,E15S,transferred
0.98633385,-5.940991,Neutrophil,E15S,transferred
19.606304,8.481902,Stromal,E15S,transferred
-2.027692,2.002675,Monocyte,E15S,transferred
16.474617,10.573529,Stromal,E15S,transferred
25.215557,4.3291907,Tumor,E15S,transferred
25.625229,3.8027124,Tumor,E15S,transferred
-3.969337,3.7781591,C1qc+ TAM,E15S,transferred
16.462318,8.080933,Hypoxic Tumor,E15S,transferred
16.648338,10.079785,Stromal,E15S,transferred
16.973722,9.7511635,Stromal,E15S,transferred
-2.4586337,2.0319626,Monocyte,E15S,transferred
17.621399,8.792938,Stromal,E15S,transferred
-4.8770466,2.5930734,Il1b+ TAM,E15S,transferred
-4.7035513,3.3976717,Resident Macrophage,E15S,transferred
-6.374747,3.6407144,C1qc+ TAM,E15S,transferred
17.470385,9.775709,Stromal,E15S,transferred
25.716076,3.3214335,Tumor,E15S,transferred
2.2799337,14.13236,NK,E15S,transferred
0.62476,-7.8046966,Neutrophil,E15S,transferred
-4.936287,3.9578881,Resident Macrophage,E15S,transferred
18.189703,10.441933,Stromal,E15S,transferred
0.8017382,-6.0087132,Neutrophil,E15S,transferred
25.226723,3.514301,Tumor,E15S,transferred
1.2139386,-8.069098,Neutrophil,E15S,transferred
-5.642543,4.077902,Resident Macrophage,E15S,transferred
-6.069993,4.1771617,Resident Macrophage,E15S,transferred
24.264729,4.1591945,CAF,E15S,transferred
0.8635398,-7.5237093,Neutrophil,E15S,transferred
26.329863,2.9640348,Tumor,E15S,transferred
-5.451076,5.7065544,C1qc+ TAM,E15S,transferred
18.988564,9.318432,Stromal,E15S,transferred
-2.9222062,3.647513,Resident Macrophage,E15S,transferred
-6.335416,3.698886,Resident Macrophage,E15S,transferred
-2.65275,3.7627382,Spp1+ TAM,E15S,transferred
-1.8183317,5.2931323,Resident Macrophage,E15S,knn
26.127258,3.161881,Tumor,E15S,transferred
-2.9856327,1.9820831,Il1b+ TAM,E15S,transferred
-1.4128937,0.8113024,Monocyte,E15S,transferred
2.0748668,-6.993858,Neutrophil,E15S,transferred
-3.2280674,4.2940607,C1qc+ TAM,E15S,transferred
-2.6751137,2.2583332,Il1b+ TAM,E15S,transferred
26.940662,3.7301207,Tumor,E15S,transferred
-1.4906396,2.8089716,Spp1+ TAM,E15S,transferred
26.58631,4.6125336,Tumor,E15S,transferred
-3.34051,3.9872372,C1qc+ TAM,E15S,transferred
-1.9528664,2.4649627,Monocyte,E15S,transferred
-3.3201032,3.320875,Il1b+ TAM,E15S,transferred
24.287031,5.4427314,Tumor Proliferating,E15S,transferred
17.745821,10.951864,Stromal,E15S,transferred
-4.8151736,5.111688,C1qc+ TAM,E15S,transferred
0.46360826,-8.342269,Neutrophil,E15S,transferred
-3.9589384,3.2167938,Il1b+ TAM,E15S,transferred
16.754045,9.652893,Stromal,E15S,transferred
24.206604,5.936011,Tumor,E15S,transferred
-5.8295875,1.1630448,Spp1+ TAM,E15S,transferred
25.829079,4.3419824,Tumor,E15S,transferred
-6.603227,2.6824527,C1qc+ TAM,E15S,transferred
25.789663,3.7232552,Tumor,E15S,transferred
19.09455,6.7745085,Hypoxic Tumor,E15S,transferred
16.26081,6.6126437,Hypoxic Tumor,E15S,knn
24.506092,3.7176228,CAF,E15S,transferred
3.2579951,12.341392,Regulatory CD8 T,E15S,transferred
-0.4511498,4.5553427,cDC,E15S,knn
16.558392,10.607943,Stromal,E15S,transferred
0.97301847,-8.7541485,Neutrophil,E15S,transferred
-6.45303,3.0788534,Resident Macrophage,E15S,transferred
24.783894,5.2970734,Tumor,E15S,transferred
-3.0338647,0.57608163,Spp1+ TAM,E15S,transferred
16.5361,10.396638,Hypoxic Tumor,E15S,transferred
-2.8449492,2.6199741,Monocyte,E15S,transferred
-3.8287652,4.371328,Monocyte,E15S,transferred
-1.6639222,4.872585,Resident Macrophage,E15S,knn
0.60581756,0.57629275,Monocyte,E15S,transferred
24.564482,5.0860476,Tumor Proliferating,E15S,transferred
17.109667,10.540272,Tumor,E15S,transferred
-1.9861676,5.81648,Hypoxic Tumor,E15S,knn
1.0148621,-8.036811,Neutrophil,E15S,transferred
18.30986,9.933687,Stromal,E15S,transferred
1.2873753,-8.587784,Neutrophil,E15S,knn
1.8361319,-8.40689,Neutrophil,E15S,transferred
25.20091,2.9942183,CAF,E15S,transferred
17.479654,10.912716,Stromal,E15S,transferred
-4.7280397,6.365315,C1qc+ TAM,E15S,transferred
-3.9369574,5.092652,Resident Macrophage,E15S,transferred
-3.306347,2.1343498,Spp1+ TAM,E15S,transferred
-2.4289675,1.3742968,Monocyte,E15S,transferred
-6.091181,4.1523266,C1qc+ TAM,E15S,transferred
25.514717,3.3791704,Tumor,E15S,transferred
0.65592545,-8.552678,Neutrophil,E15S,knn
26.819601,3.780693,Tumor,E15S,transferred
2.6959217,-9.148496,Neutrophil,E15S,transferred
1.4291841,-8.011663,Neutrophil,E15S,transferred
-2.8160424,1.3068805,Il1b+ TAM,E15S,transferred
-6.388135,3.574187,C1qc+ TAM,E15S,transferred
0.2965546,-7.567887,Neutrophil,E15S,transferred
0.46785456,-6.063605,Neutrophil,E15S,transferred
-1.2513824,3.4857166,Monocyte,E15S,transferred
-0.3891961,1.2623572,Monocyte,E15S,transferred
26.207495,4.961724,Tumor,E15S,transferred
-2.9373615,3.2033372,Monocyte,E15S,transferred
-4.1986556,5.5608754,C1qc+ TAM,E15S,transferred
0.07177136,-8.651544,Neutrophil,E15S,knn
-3.7556648,3.6815424,Il1b+ TAM,E15S,transferred
-5.916469,5.3167586,Resident Macrophage,E15S,transferred
2.6878018,-7.425895,Neutrophil,E15S,transferred
-4.5664854,6.0285754,C1qc+ TAM,E15S,transferred
0.71818674,-8.942042,Neutrophil,E15S,transferred
-3.660602,1.6136899,Spp1+ TAM,E15S,transferred
26.890507,4.0184116,Tumor,E15S,transferred
16.665983,10.118081,Stromal,E15S,transferred
18.234556,10.530922,Stromal,E15S,transferred
-4.542469,5.4974227,C1qc+ TAM,E15S,transferred
-2.2966766,1.895078,Monocyte,E15S,transferred
-0.47071275,2.819765,Monocyte,E15S,transferred
-0.7991467,-7.7330074,Neutrophil,E15S,transferred
-4.2962875,1.928185,Resident Macrophage,E15S,transferred
0.42711413,-8.69508,Neutrophil,E15S,knn
-5.5445056,3.629744,Resident Macrophage,E15S,transferred
-5.2654314,1.5186952,Spp1+ TAM,E15S,transferred
22.81558,4.2930913,Tumor Proliferating,E15S,transferred
-3.587027,5.1647887,C1qc+ TAM,E15S,transferred
-1.6345291,4.122227,Resident Macrophage,E15S,transferred
19.75851,7.4876966,Tumor Proliferating,E15S,transferred
16.459106,10.888356,Stromal,E15S,transferred
17.11419,9.981303,Stromal,E15S,transferred
-6.017422,4.0207467,Resident Macrophage,E15S,transferred
1.3586794,-8.422331,Neutrophil,E15S,transferred
24.341745,5.8524137,Tumor,E15S,transferred
-6.475582,1.6053722,Spp1+ TAM,E15S,transferred
-0.5720769,-0.40658015,Monocyte,E15S,transferred
16.506733,7.8386116,Hypoxic Tumor,E15S,transferred
0.64423966,-5.956532,Neutrophil,E15S,transferred
-0.92732686,0.1579911,Monocyte,E15S,transferred
-6.190682,3.248907,C1qc+ TAM,E15S,transferred
24.056032,5.3979015,Tumor Proliferating,E15S,transferred
0.44563428,-7.8866186,Neutrophil,E15S,transferred
-0.04218868,1.1808238,Monocyte,E15S,transferred
-0.9695823,-7.9864283,Neutrophil,E15S,transferred
25.198298,4.94058,Tumor,E15S,transferred
26.78849,3.746017,Tumor,E15S,transferred
17.947155,8.726876,Stromal,E15S,transferred
-4.0656457,2.9804246,Il1b+ TAM,E15S,transferred
-4.2898326,1.7587873,Spp1+ TAM,E15S,transferred
26.152891,4.5516863,Tumor,E15S,transferred
2.101586,-8.56531,Neutrophil,E15S,transferred
-6.626726,1.124701,Spp1+ TAM,E15S,transferred
23.963451,5.0034122,Tumor Proliferating,E15S,transferred
-6.5687585,1.2971942,Spp1+ TAM,E15S,transferred
0.17503859,-8.29797,Neutrophil,E15S,transferred
24.459217,3.5081344,Tumor,E15S,transferred
26.851297,4.352513,Tumor,E15S,transferred
2.1903536,-7.522946,Neutrophil,E15S,transferred
24.282776,5.5632424,Tumor Proliferating,E15S,transferred
25.828548,4.125167,Tumor,E15S,transferred
27.426376,3.305971,Tumor,E15S,transferred
-3.396849,3.6394823,C1qc+ TAM,E15S,transferred
22.843002,3.5821116,Tumor Proliferating,E15S,transferred
-2.9224453,4.885995,C1qc+ TAM,E15S,transferred
-1.8399596,1.4296993,Monocyte,E15S,transferred
-6.1999226,0.98190105,Spp1+ TAM,E15S,transferred
0.08066307,-7.8600454,Neutrophil,E15S,transferred
3.2190368,-6.9975014,Neutrophil,E15S,transferred
-2.7734306,4.212265,C1qc+ TAM,E15S,transferred
16.845814,7.2627606,Hypoxic Tumor,E15S,knn
23.374784,4.067879,Tumor Proliferating,E15S,transferred
-0.1044867,-8.08152,Neutrophil,E15S,transferred
24.237848,5.8443313,Tumor,E15S,transferred
23.012634,5.3363624,Tumor Proliferating,E15S,transferred
17.67594,9.657539,Stromal,E15S,transferred
25.81618,5.0473447,Hypoxic Tumor,E15S,transferred
23.324013,5.487703,Tumor Proliferating,E15S,transferred
-3.1778815,1.3759111,C1qc+ TAM,E15S,transferred
-3.5267274,2.6146524,Il1b+ TAM,E15S,transferred
16.674566,10.185791,Stromal,E15S,transferred
23.26674,4.1023474,Tumor Proliferating,E15S,transferred
1.0178641,-8.162869,Neutrophil,E15S,transferred
0.13044359,-7.92598,Neutrophil,E15S,transferred
-4.6832952,5.2028008,C1qc+ TAM,E15S,transferred
27.035583,4.247916,Tumor,E15S,transferred
-5.436108,2.1935902,Resident Macrophage,E15S,transferred
0.4933657,-7.905625,Neutrophil,E15S,transferred
-1.2285765,0.63672155,Monocyte,E15S,transferred
16.520283,8.082949,Hypoxic Tumor,E15S,transferred
23.112665,3.6470842,Tumor Proliferating,E15S,transferred
17.880762,9.239524,Stromal,E15S,transferred
26.2967,5.019813,CAF,E15S,transferred
-0.18257356,0.9927743,Monocyte,E15S,transferred
25.410292,3.676636,Tumor,E15S,transferred
18.258549,10.790771,Stromal,E15S,transferred
3.1905746,13.144822,Regulatory CD8 T,E15S,transferred
1.8965038,14.137569,NK,E15S,transferred
0.5842083,-8.446953,Neutrophil,E15S,transferred
-4.5394077,4.3920016,C1qc+ TAM,E15S,transferred
-0.060391337,2.0845609,Monocyte,E15S,transferred
-4.851606,3.247215,Resident Macrophage,E15S,transferred
-5.8560596,1.4899848,Spp1+ TAM,E15S,transferred
-2.7706385,2.6816492,Il1b+ TAM,E15S,transferred
-4.0554824,2.4778433,C1qc+ TAM,E15S,transferred
-3.966163,3.3035624,C1qc+ TAM,E15S,transferred
-2.2347353,2.3707306,C1qc+ TAM,E15S,transferred
1.080996,-5.845929,Neutrophil,E15S,transferred
23.180735,3.4930122,CAF,E15S,transferred
-4.7810354,2.0746286,Il1b+ TAM,E15S,transferred
-4.204676,4.080836,C1qc+ TAM,E15S,transferred
-0.6211071,3.9599128,Il1b+ TAM,E15S,transferred
25.85045,3.0258522,Tumor,E15S,transferred
-5.932761,2.4141433,Resident Macrophage,E15S,transferred
-4.669527,6.4750276,C1qc+ TAM,E15S,transferred
17.890608,10.974351,Stromal,E15S,transferred
24.905914,3.7751524,CAF,E15S,transferred
-4.3166604,4.5837994,C1qc+ TAM,E15S,transferred
0.57726264,-6.118341,Neutrophil,E15S,transferred
23.112196,4.179314,Tumor Proliferating,E15S,transferred
17.824718,10.631237,Stromal,E15S,transferred
3.3675756,13.048866,Regulatory CD8 T,E15S,transferred
18.774225,9.632486,Stromal,E15S,transferred
1.3164599,13.905842,NK,E15S,transferred
2.5488563,-9.037409,Neutrophil,E15S,transferred
1.0278679,-5.861169,Neutrophil,E15S,transferred
-3.8472712,5.324889,Resident Macrophage,E15S,transferred
0.061772767,-7.4191,Neutrophil,E15S,transferred
-3.312742,5.709408,Resident Macrophage,E15S,transferred
-5.8942914,1.0174078,Spp1+ TAM,E15S,transferred
17.19068,9.855876,Stromal,E15S,transferred
-5.372794,3.6720002,Resident Macrophage,E15S,transferred
0.6202701,0.621569,Monocyte,E15S,transferred
-2.64554,2.1968148,Monocyte,E15S,transferred
26.905052,4.748589,Tumor,E15S,transferred
-0.72397244,0.89134294,Monocyte,E15S,transferred
-4.6874084,2.8871233,Il1b+ TAM,E15S,transferred
15.646692,11.312481,Tumor,E15S,transferred
27.186754,3.9275131,Tumor,E15S,transferred
-5.0030165,4.1940384,Resident Macrophage,E15S,transferred
-4.4988804,2.4559755,C1qc+ TAM,E15S,transferred
0.9832115,-6.011379,Neutrophil,E15S,transferred
-6.068649,4.9131556,Resident Macrophage,E15S,transferred
-3.7101805,5.2929974,C1qc+ TAM,E15S,transferred
-3.756565,5.506169,C1qc+ TAM,E15S,transferred
-2.02439,2.9408658,Monocyte,E15S,transferred
-2.4459617,1.4272698,Monocyte,E15S,transferred
-2.01811,3.7415862,Resident Macrophage,E15S,transferred
-3.9834194,5.2530003,C1qc+ TAM,E15S,transferred
0.132664,-7.90692,Neutrophil,E15S,transferred
2.5521991,13.569394,NK T,E15S,transferred
1.7394881,-7.41257,Neutrophil,E15S,transferred
19.033524,9.920317,CAF,E15S,transferred
-1.2962352,4.616586,Resident Macrophage,E15S,knn
-6.228647,3.001375,C1qc+ TAM,E15S,transferred
18.832777,9.709697,Stromal,E15S,transferred
16.513437,7.847662,Hypoxic Tumor,E15S,knn
1.0949152,-5.8511863,Neutrophil,E15S,transferred
-5.802396,5.093769,C1qc+ TAM,E15S,transferred
16.666227,7.993924,Hypoxic Tumor,E15S,transferred
-0.8488045,2.6242244,Monocyte,E15S,transferred
23.45369,5.284388,Tumor Proliferating,E15S,transferred
-4.547382,2.1928527,Il1b+ TAM,E15S,transferred
17.260902,10.156711,Stromal,E15S,transferred
-0.17285752,-8.545228,Neutrophil,E15S,transferred
-3.803513,6.3021398,C1qc+ TAM,E15S,transferred
-0.69583285,-7.7237916,Neutrophil,E15S,transferred
16.34786,11.677246,Stromal,E15S,transferred
25.943401,3.2451825,Tumor,E15S,transferred
-1.2794478,2.814063,Monocyte,E15S,transferred
0.18267423,-7.7936583,Neutrophil,E15S,transferred
-3.791688,0.41613132,Resident Macrophage,E15S,transferred
-6.363865,3.4449098,C1qc+ TAM,E15S,transferred
17.75197,9.381938,Stromal,E15S,transferred
17.752115,9.511788,Stromal,E15S,transferred
26.08087,3.6983404,Tumor,E15S,transferred
26.849375,4.5627484,Tumor,E15S,transferred
19.284065,9.116721,Stromal,E15S,transferred
-5.935421,3.9877691,Resident Macrophage,E15S,transferred
19.36846,9.044941,Stromal,E15S,transferred
-0.11963253,-8.625313,Neutrophil,E15S,knn
-5.717323,2.3806286,Il1b+ TAM,E15S,transferred
24.12902,5.093766,Tumor Proliferating,E15S,transferred
27.285927,3.581044,Tumor,E15S,transferred
-5.4236603,2.15985,C1qc+ TAM,E15S,transferred
-0.8085729,1.2004946,Monocyte,E15S,transferred
24.069418,3.0316157,CAF,E15S,transferred
18.033651,9.740514,Stromal,E15S,transferred
26.666046,4.481218,Tumor,E15S,transferred
-0.43169257,-7.8289175,Neutrophil,E15S,transferred
24.59913,4.9823856,Tumor Proliferating,E15S,transferred
1.4919193,-8.015809,Neutrophil,E15S,transferred
-3.4714286,2.7596269,Il1b+ TAM,E15S,transferred
-5.28164,4.4156713,Resident Macrophage,E15S,transferred
25.078499,5.0660343,Tumor,E15S,transferred
25.740955,3.383205,Tumor,E15S,transferred
-3.0581186,2.8135774,Il1b+ TAM,E15S,transferred
0.9344143,-7.868016,Neutrophil,E15S,transferred
24.068293,4.7611675,Tumor Proliferating,E15S,transferred
25.34533,4.1352377,Tumor,E15S,knn
26.156687,3.4997418,Tumor,E15S,transferred
-4.431621,0.6651226,Resident Macrophage,E15S,transferred
-0.9982717,-7.8921404,Neutrophil,E15S,transferred
-0.27236953,1.9261249,Monocyte,E15S,transferred
18.271692,9.555844,Stromal,E15S,transferred
5.2705774,9.897609,B,E15S,knn
17.8381,9.759742,Stromal,E15S,transferred
1.3277975,-7.8311315,Neutrophil,E15S,transferred
-4.3267155,3.5292082,C1qc+ TAM,E15S,transferred
-4.8518844,3.1623385,C1qc+ TAM,E15S,transferred
-5.5740323,2.5240092,Il1b+ TAM,E15S,transferred
3.3522081,11.826352,CD8 Exhausted Proliferating,E15S,transferred
-4.940208,4.2665334,Resident Macrophage,E15S,transferred
-0.64373875,-7.648692,Neutrophil,E15S,transferred
-6.333447,4.435651,C1qc+ TAM,E15S,transferred
0.1071433,5.095303,B,E15S,transferred
25.530128,4.1291046,CAF,E15S,transferred
-5.184196,4.7704186,Resident Macrophage,E15S,transferred
-0.7671338,-8.211895,Neutrophil,E15S,transferred
2.4969385,-8.890406,Tumor,E15S,transferred
-5.276827,2.5658765,C1qc+ TAM,E15S,transferred
24.65396,3.8538053,Tumor,E15S,transferred
26.149494,3.0840287,Tumor,E15S,transferred
-2.2369702,1.3359668,Monocyte,E15S,transferred
-1.5941792,3.2169416,Resident Macrophage,E15S,transferred
-1.9677147,2.4116132,Monocyte,E15S,transferred
17.19534,11.004438,Stromal,E15S,transferred
-4.5373645,5.003958,C1qc+ TAM,E15S,transferred
-6.4573073,0.9339653,Spp1+ TAM,E15S,transferred
1.7468415,-8.611937,Neutrophil,E15S,knn
17.794804,10.737227,Stromal,E15S,transferred
-5.921706,3.425137,C1qc+ TAM,E15S,transferred
26.045536,3.707082,CAF,E15S,transferred
-4.9514008,2.7954626,Resident Macrophage,E15S,knn
16.697968,10.201397,Stromal,E15S,transferred
24.801712,4.034516,CAF,E15S,transferred
17.460682,11.052567,Tumor,E15S,transferred
23.87769,4.91494,Tumor Proliferating,E15S,transferred
-5.136299,4.5112195,Resident Macrophage,E15S,transferred
24.100054,4.7128673,Tumor Proliferating,E15S,transferred
1.2567217,-7.9999104,Neutrophil,E15S,transferred
-6.9776225,2.8605528,Resident Macrophage,E15S,transferred
24.87442,4.2543187,CAF,E15S,transferred
-4.400756,3.7636642,C1qc+ TAM,E15S,transferred
0.9074986,-5.819969,Neutrophil,E15S,transferred
17.852869,10.360944,Stromal,E15S,transferred
23.899437,3.4378629,Tumor Proliferating,E15S,transferred
1.4340347,14.196186,NK,E15S,transferred
-3.4062665,6.2511935,C1qc+ TAM,E15S,transferred
-4.2113686,4.046379,C1qc+ TAM,E15S,transferred
17.01218,10.270896,Stromal,E15S,transferred
-6.072156,2.8972456,C1qc+ TAM,E15S,transferred
17.337202,10.702915,Stromal,E15S,transferred
23.388706,3.9798417,CAF,E15S,transferred
0.41238096,-8.181552,Neutrophil,E15S,transferred
23.0911,3.762258,Tumor Proliferating,E15S,transferred
23.098692,5.3792825,Tumor Proliferating,E15S,transferred
17.968723,9.264317,Stromal,E15S,transferred
-6.090028,5.2732935,Resident Macrophage,E15S,transferred
16.299473,8.546255,Hypoxic Tumor,E15S,transferred
18.249355,9.267454,Stromal,E15S,transferred
18.0255,8.683621,Stromal,E15S,transferred
16.194305,6.755672,Hypoxic Tumor,E15S,transferred
16.464584,7.804754,Hypoxic Tumor,E15S,transferred
1.7332541,14.211466,NK,E15S,transferred
24.74138,4.6381674,Tumor Proliferating,E15S,transferred
25.355429,3.1610415,Tumor,E15S,transferred
25.689981,3.8235428,Tumor,E15S,transferred
2.848954,-7.559254,Neutrophil,E15S,transferred
-0.7298906,2.8270793,Monocyte,E15S,transferred
18.592613,8.196549,Stromal,E15S,transferred
16.902006,9.585908,Stromal,E15S,transferred
18.041084,8.429565,Resident Macrophage,E15S,transferred
2.2316697,-9.338935,Neutrophil,E15S,transferred
17.660955,8.84671,Stromal,E15S,transferred
16.364216,7.7811522,Hypoxic Tumor,E15S,transferred
-2.2235267,6.0250287,C1qc+ TAM,E15S,knn
25.295382,2.7951472,CAF,E15S,transferred
2.135656,-9.027438,Neutrophil,E15S,transferred
26.538162,4.4965954,Tumor,E15S,transferred
16.404331,10.772371,Hypoxic Tumor,E15S,transferred
0.012625654,-8.2224655,Neutrophil,E15S,transferred
16.75298,10.94816,Stromal,E15S,transferred
18.63174,10.154144,Stromal,E15S,transferred
-4.301817,3.45349,Resident Macrophage,E15S,transferred
-5.5060205,2.2689984,C1qc+ TAM,E15S,transferred
0.6003964,0.5673334,Resident Macrophage,E15S,transferred
16.873487,10.236457,Stromal,E15S,transferred
-4.569259,1.9514287,Il1b+ TAM,E15S,transferred
-3.7371426,0.2951104,Spp1+ TAM,E15S,transferred
-1.2743055,10.7116165,B,E15S,transferred
3.4675732,12.795471,Regulatory CD8 T,E15S,transferred
-4.954033,2.6033812,C1qc+ TAM,E15S,transferred
24.283716,5.8813205,Tumor,E15S,transferred
-3.798372,4.5566993,C1qc+ TAM,E15S,transferred
0.5584867,0.75867146,Monocyte,E15S,transferred
-0.7694975,-8.022575,Neutrophil,E15S,transferred
-4.8440604,6.3562565,C1qc+ TAM,E15S,transferred
2.3947654,-7.6484084,Neutrophil,E15S,transferred
27.476286,4.1888995,Tumor,E15S,transferred
2.176904,-8.240164,Neutrophil,E15S,transferred
1.1045382,5.0570107,cDC,E15S,transferred
25.146898,5.638244,Tumor,E15S,transferred
16.052181,11.026341,Stromal,E15S,transferred
23.855614,5.6007466,Tumor Proliferating,E15S,transferred
-0.06413286,-7.6066666,Neutrophil,E15S,transferred
-3.8566597,6.5167346,Resident Macrophage,E15S,transferred
-0.2072667,-8.311427,Neutrophil,E15S,knn
25.786062,6.0263186,Tumor,E15S,transferred
-0.95951647,1.7293112,Monocyte,E15S,transferred
26.80692,4.4214354,Tumor,E15S,transferred
-0.5141583,2.6916924,Monocyte,E15S,transferred
25.572802,4.819697,CAF,E15S,transferred
-5.716515,1.3777649,Spp1+ TAM,E15S,transferred
17.016716,10.222423,Stromal,E15S,transferred
18.24705,7.684465,Hypoxic Tumor,E15S,knn
23.21755,3.956713,Tumor Proliferating,E15S,transferred
-1.152257,2.6104202,Resident Macrophage,E15S,transferred
23.662832,5.608043,Tumor Proliferating,E15S,transferred
-3.6534028,6.415368,C1qc+ TAM,E15S,transferred
-2.585394,1.2902497,Il1b+ TAM,E15S,transferred
-5.867564,2.9751163,Il1b+ TAM,E15S,transferred
-4.619115,3.9778535,C1qc+ TAM,E15S,transferred
0.75188094,0.60881984,Monocyte,E15S,transferred
26.027863,4.454232,Tumor,E15S,transferred
-6.400568,1.8659152,Spp1+ TAM,E15S,transferred
2.545671,12.276455,Resident Macrophage,E15S,transferred
25.22659,3.1059525,CAF,E15S,transferred
2.1670496,14.203599,NK,E15S,transferred
26.86084,4.173682,Tumor,E15S,transferred
25.855143,5.4841423,Tumor,E15S,transferred
-1.0239637,2.8340864,Monocyte,E15S,transferred
-2.0107327,3.589184,Resident Macrophage,E15S,transferred
1.800287,-7.7509837,Neutrophil,E15S,transferred
24.064598,3.9068844,CAF,E15S,transferred
-4.264744,1.9890488,Spp1+ TAM,E15S,transferred
2.4516969,13.396549,NK T,E15S,transferred
24.164991,6.040967,Tumor,E15S,transferred
1.3000044,-8.490895,Neutrophil,E15S,transferred
-4.8598824,2.3773181,C1qc+ TAM,E15S,transferred
-3.7948966,0.35563827,Spp1+ TAM,E15S,transferred
-5.5885434,5.3147516,C1qc+ TAM,E15S,transferred
-4.7751517,4.6794376,C1qc+ TAM,E15S,transferred
-4.9273057,3.2463105,Resident Macrophage,E15S,transferred
23.819298,4.9756823,Tumor Proliferating,E15S,transferred
24.670721,4.1173487,CAF,E15S,transferred
-1.2528274,2.6325805,Monocyte,E15S,transferred
18.692476,9.8207245,Stromal,E15S,transferred
23.796238,4.8600516,Tumor Proliferating,E15S,transferred
-3.7229052,5.5285296,C1qc+ TAM,E15S,transferred
-4.7105412,4.3444552,C1qc+ TAM,E15S,transferred
25.664103,5.3420677,CAF,E15S,transferred
25.8812,3.7048912,CAF,E15S,transferred
-4.70469,4.4951143,C1qc+ TAM,E15S,transferred
-3.0833907,2.2094576,Il1b+ TAM,E15S,transferred
-3.8492253,5.197682,C1qc+ TAM,E15S,transferred
-3.4139273,4.906591,C1qc+ TAM,E15S,transferred
18.629328,7.067694,Hypoxic Tumor,E15S,knn
-0.76647925,1.5902956,Monocyte,E15S,transferred
-0.6389038,0.55149406,Monocyte,E15S,transferred
-1.333546,3.0363467,Resident Macrophage,E15S,transferred
-1.7660707,3.7605488,Resident Macrophage,E15S,transferred
23.092089,3.7392027,CAF,E15S,transferred
3.1902828,-6.9818645,Neutrophil,E15S,transferred
-5.9239225,2.7274406,C1qc+ TAM,E15S,transferred
1.5190384,-8.186154,Neutrophil,E15S,transferred
-0.66750866,-8.483132,Neutrophil,E15S,knn
1.4219142,14.362604,NK,E15S,transferred
19.348837,8.459355,Stromal,E15S,transferred
-2.6029186,3.028044,Spp1+ TAM,E15S,transferred
-4.040697,1.9741479,C1qc+ TAM,E15S,transferred
-1.407717,4.9163537,Resident Macrophage,E15S,knn
1.3247411,14.260108,NK,E15S,transferred
24.166782,5.4468737,Tumor Proliferating,E15S,transferred
-0.32417253,1.6070077,Monocyte,E15S,transferred
2.4045312,15.525561,NK,E15S,transferred
19.383352,7.540433,Hypoxic Tumor,E15S,transferred
2.4944928,15.280465,NK,E15S,transferred
-6.4171457,3.8540037,Resident Macrophage,E15S,transferred
-0.7306777,0.88699645,Monocyte,E15S,transferred
0.2565701,-6.29194,Neutrophil,E15S,transferred
24.933355,3.3292487,CAF,E15S,transferred
17.627834,11.1382,Tumor,E15S,transferred
0.6080775,5.111847,cDC,E15S,transferred
16.52588,8.024146,Hypoxic Tumor,E15S,transferred
0.34847662,-7.843057,Neutrophil,E15S,transferred
-4.8288918,1.1950754,Spp1+ TAM,E15S,transferred
-6.361694,4.2843843,C1qc+ TAM,E15S,transferred
3.0795946,-7.1397114,Neutrophil,E15S,transferred
2.2872334,-8.666111,Neutrophil,E15S,transferred
-5.2981877,3.1595743,Il1b+ TAM,E15S,transferred
0.2170689,-6.0194755,Neutrophil,E15S,transferred
-0.4921501,-8.153527,Neutrophil,E15S,transferred
17.842318,10.04076,Stromal,E15S,transferred
2.245195,-9.238798,Neutrophil,E15S,transferred
0.17400742,-8.255053,Neutrophil,E15S,transferred
25.538633,4.748217,Tumor,E15S,transferred
2.0290787,-7.34587,Neutrophil,E15S,transferred
1.4443736,-7.9110484,Neutrophil,E15S,transferred
-6.6005125,3.7888303,Resident Macrophage,E15S,transferred
-5.097959,5.805902,C1qc+ TAM,E15S,transferred
23.760942,4.249329,CAF,E15S,transferred
-1.2853485,0.2795423,Neutrophil,E15S,transferred
3.4629936,12.894857,Regulatory CD8 T,E15S,transferred
-3.1413186,0.7465479,Spp1+ TAM,E15S,transferred
0.29069725,-5.354526,Neutrophil,E15S,transferred
24.603651,4.657346,CAF,E15S,transferred
26.898952,4.4599733,Hypoxic Tumor,E15S,transferred
18.074192,9.376997,Stromal,E15S,transferred
-1.1705287,1.5611405,Monocyte,E15S,transferred
-3.292871,3.7956305,C1qc+ TAM,E15S,transferred
24.552982,4.4914937,CAF,E15S,transferred
16.284369,11.470588,Hypoxic Tumor,E15S,transferred
2.3111224,-7.5733147,Neutrophil,E15S,transferred
-6.5348883,2.6497853,C1qc+ TAM,E15S,transferred
-5.251325,1.4937643,Spp1+ TAM,E15S,transferred
-4.650079,0.39421165,Spp1+ TAM,E15S,transferred
0.037936322,-7.595353,Neutrophil,E15S,transferred
-5.3304467,3.195792,C1qc+ TAM,E15S,transferred
26.084705,3.911285,Tumor,E15S,transferred
16.573172,7.42816,Hypoxic Tumor,E15S,knn
22.821587,4.898396,Tumor Proliferating,E15S,transferred
-3.710696,4.831878,C1qc+ TAM,E15S,transferred
-0.67514294,-8.043568,Neutrophil,E15S,transferred
23.833395,4.671601,CAF,E15S,transferred
0.33755255,-7.3344965,Neutrophil,E15S,transferred
1.0510052,-8.178779,Neutrophil,E15S,transferred
0.1654173,-7.596063,Neutrophil,E15S,transferred
-2.7373147,1.1910998,Il1b+ TAM,E15S,transferred
-4.8862047,4.928705,C1qc+ TAM,E15S,transferred
27.066929,4.448003,Hypoxic Tumor,E15S,transferred
26.106928,5.409791,Tumor,E15S,transferred
-5.3397593,1.83392,Resident Macrophage,E15S,transferred
23.159147,5.3967943,Tumor Proliferating,E15S,transferred
-5.7342205,4.1880836,Resident Macrophage,E15S,transferred
1.5425873,-7.6739216,Neutrophil,E15S,transferred
24.469511,5.3771152,Tumor,E15S,transferred
17.806133,8.713141,Stromal,E15S,transferred
1.343836,-6.4433813,Neutrophil,E15S,transferred
-3.3438222,4.8495817,C1qc+ TAM,E15S,transferred
25.253115,3.2757528,Tumor,E15S,transferred
-5.7515864,4.245558,Resident Macrophage,E15S,transferred
-0.21884747,4.7542734,Monocyte,E15S,transferred
-4.7397943,2.7652159,Il1b+ TAM,E15S,transferred
2.2537742,-8.951251,Neutrophil,E15S,transferred
2.4185848,13.492916,NK T,E15S,transferred
25.427649,3.7977176,Tumor,E15S,transferred
24.495533,3.6253138,CAF,E15S,transferred
-2.564557,1.4318064,Il1b+ TAM,E15S,transferred
26.146145,3.3781803,Tumor,E15S,transferred
25.277433,6.0844626,Tumor,E15S,knn
18.068548,8.546374,Stromal,E15S,knn
0.42403728,4.952237,cDC,E15S,transferred
23.135134,3.7206688,Tumor Proliferating,E15S,transferred
-4.5898666,2.8473241,Il1b+ TAM,E15S,transferred
2.1176329,15.29753,NK,E15S,transferred
26.213884,2.7849503,Tumor,E15S,transferred
23.423649,5.492768,Tumor Proliferating,E15S,transferred
1.4212823,13.9847975,NK,E15S,transferred
-0.6119701,-7.9449267,Neutrophil,E15S,transferred
-2.7798502,1.4639994,Il1b+ TAM,E15S,transferred
16.869625,11.287771,Stromal,E15S,transferred
-3.1936955,4.1561866,Il1b+ TAM,E15S,transferred
2.4737995,-7.405703,Neutrophil,E15S,transferred
26.220459,3.0800738,Tumor,E15S,transferred
26.79054,3.9776332,Tumor,E15S,transferred
-2.8604548,5.4937096,Resident Macrophage,E15S,transferred
24.42283,3.4718852,CAF,E15S,transferred
-1.7292832,5.02368,Resident Macrophage,E15S,knn
23.792286,3.8574305,CAF,E15S,transferred
-3.8622065,6.1030827,C1qc+ TAM,E15S,transferred
-3.6478148,2.9513197,C1qc+ TAM,E15S,transferred
-2.3821435,0.61703044,Spp1+ TAM,E15S,transferred
16.171558,6.465684,Hypoxic Tumor,E15S,knn
-3.9409199,6.7015195,Resident Macrophage,E15S,transferred
25.486626,2.926382,Tumor,E15S,transferred
-1.5060158,0.90646255,Monocyte,E15S,transferred
-3.52785,3.4470468,Monocyte,E15S,transferred
-1.5171852,1.4391235,Monocyte,E15S,transferred
-6.2172427,5.0064387,Resident Macrophage,E15S,transferred
25.162653,4.218925,Tumor Proliferating,E15S,transferred
-6.6908016,2.7225826,Resident Macrophage,E15S,transferred
-3.9203696,3.7442205,C1qc+ TAM,E15S,transferred
-6.69183,3.671501,Resident Macrophage,E15S,transferred
25.39288,3.3025105,CAF,E15S,transferred
-4.6905622,3.1677463,Il1b+ TAM,E15S,transferred
0.6257802,-5.810762,Neutrophil,E15S,transferred
23.551756,4.944539,CAF,E15S,transferred
-1.9572008,2.824854,Monocyte,E15S,transferred
-6.5575514,2.601659,C1qc+ TAM,E15S,transferred
-3.1226482,2.1526632,Monocyte,E15S,transferred
-3.5942483,4.6373024,C1qc+ TAM,E15S,transferred
-5.149186,0.8511399,Il1b+ TAM,E15S,transferred
-0.9113214,0.0069099753,Monocyte,E15S,transferred
23.91443,5.316792,Tumor,E15S,transferred
-4.7837915,3.0793173,Il1b+ TAM,E15S,transferred
-5.7134533,5.0352826,C1qc+ TAM,E15S,transferred
-0.53784823,-0.1331784,Monocyte,E15S,transferred
25.185413,3.6008227,Tumor,E15S,transferred
-1.7788336,1.9492191,Monocyte,E15S,transferred
18.695986,8.407286,Stromal,E15S,transferred
-5.933688,4.095178,C1qc+ TAM,E15S,transferred
0.15323046,-5.7739635,Monocyte,E15S,transferred
17.478909,9.338989,Stromal,E15S,knn
-2.6835,2.2170784,Resident Macrophage,E15S,transferred
17.293076,9.687002,Stromal,E15S,transferred
-5.59224,1.6959072,Resident Macrophage,E15S,transferred
2.3097901,15.498012,NK,E15S,transferred
2.3704867,-7.2173033,Neutrophil,E15S,transferred
2.0175414,-8.681174,Neutrophil,E15S,transferred
-4.5293756,6.195648,C1qc+ TAM,E15S,transferred
1.949637,-7.88996,Neutrophil,E15S,transferred
-4.2058234,0.63439715,Spp1+ TAM,E15S,transferred
23.647305,5.9728975,Tumor Proliferating,E15S,transferred
25.302505,4.655303,Tumor,E15S,transferred
-1.9617764,3.660495,Resident Macrophage,E15S,transferred
-2.5040298,2.0626216,Il1b+ TAM,E15S,transferred
2.2995281,14.858669,NK,E15S,transferred
2.2876337,-8.30957,Neutrophil,E15S,transferred
27.625736,3.526968,Tumor,E15S,transferred
27.220398,4.439644,Tumor,E15S,transferred
-3.3154604,5.226308,C1qc+ TAM,E15S,transferred
-0.14025247,-7.8698525,Neutrophil,E15S,transferred
-1.8790556,4.9520006,Resident Macrophage,E15S,knn
-3.7740896,1.8926114,Spp1+ TAM,E15S,transferred
-5.964386,5.45154,C1qc+ TAM,E15S,transferred
23.929634,5.0341964,Tumor Proliferating,E15S,transferred
16.542004,10.07138,Stromal,E15S,transferred
17.246275,9.290653,Hypoxic Tumor,E15S,transferred
26.699797,4.9306903,Tumor,E15S,transferred
1.2872555,-8.9153185,Neutrophil,E15S,knn
-5.6155524,0.8683921,Spp1+ TAM,E15S,transferred
-3.7658422,4.8846364,C1qc+ TAM,E15S,transferred
-4.185568,0.4027962,Spp1+ TAM,E15S,transferred
-3.680149,6.0484877,C1qc+ TAM,E15S,transferred
17.648336,9.37919,Stromal,E15S,transferred
25.152187,5.9158893,Tumor,E15S,transferred
26.163723,4.952962,Tumor,E15S,transferred
0.7798279,5.2180753,cDC,E15S,transferred
-2.4085252,1.663836,Spp1+ TAM,E15S,transferred
24.438707,5.6713285,Tumor,E15S,transferred
-4.7574124,4.959552,Resident Macrophage,E15S,transferred
-5.444642,2.2368507,C1qc+ TAM,E15S,transferred
-2.7059727,3.0669007,Il1b+ TAM,E15S,transferred
16.890549,9.835018,Stromal,E15S,transferred
-3.251033,2.2213743,Il1b+ TAM,E15S,transferred
-3.6202927,1.1794041,cDC,E15S,transferred
27.051096,4.2214003,Tumor,E15S,transferred
0.51498294,-5.562238,Neutrophil,E15S,transferred
-5.274378,2.082334,C1qc+ TAM,E15S,transferred
0.83793694,-8.469228,Neutrophil,E15S,transferred
-3.1531613,2.5689304,Il1b+ TAM,E15S,transferred
-5.8443313,2.7663858,Resident Macrophage,E15S,transferred
-3.1232553,0.9919032,Spp1+ TAM,E15S,transferred
-4.869246,5.1624746,C1qc+ TAM,E15S,transferred
-6.8414674,1.9174352,C1qc+ TAM,E15S,transferred
24.989136,4.082831,Tumor,E15S,transferred
-0.43870777,4.8466477,cDC,E15S,knn
18.039255,9.814331,Stromal,E15S,transferred
25.638874,5.142321,Tumor,E15S,transferred
19.487846,8.748418,Stromal,E15S,transferred
22.962372,4.7517242,Tumor Proliferating,E15S,transferred
2.3717697,15.516104,NK,E15S,transferred
23.227072,5.085494,Tumor Proliferating,E15S,transferred
0.6180171,0.7113552,Monocyte,E15S,transferred
-1.405246,3.1612406,Monocyte,E15S,transferred
15.367652,11.261661,Stromal,E15S,transferred
27.355675,3.2408733,Tumor,E15S,transferred
23.838434,5.630204,Tumor Proliferating,E15S,transferred
22.663965,4.372682,Tumor Proliferating,E15S,transferred
16.187067,9.010364,Hypoxic Tumor,E15S,transferred
0.48297787,0.74860024,Monocyte,E15S,transferred
26.134806,4.8413124,Tumor,E15S,transferred
25.875093,3.9217055,Tumor,E15S,transferred
-7.096403,2.9080348,C1qc+ TAM,E15S,transferred
24.682957,3.0395067,CAF,E15S,transferred
-2.130163,4.055273,Monocyte,E15S,transferred
0.87481827,-6.3833146,Neutrophil,E15S,transferred
5.4694667,9.81223,B,E15S,transferred
-3.0498462,4.2118106,C1qc+ TAM,E15S,transferred
-5.593995,5.097168,C1qc+ TAM,E15S,transferred
25.963995,5.167469,Tumor,E15S,transferred
-0.1944607,-7.715455,Neutrophil,E15S,transferred
-1.8653655,1.4531503,Monocyte,E15S,transferred
2.5236363,7.435851,mDC,E15S,transferred
-0.30542544,-8.514347,Neutrophil,E15S,transferred
23.399878,5.0632544,Tumor Proliferating,E15S,transferred
16.750586,7.9580264,Hypoxic Tumor,E15S,transferred
17.244335,10.775922,Stromal,E15S,transferred
17.597746,11.3836355,Stromal,E15S,transferred
15.610619,11.524791,Stromal,E15S,transferred
-2.1708293,2.3527267,Il1b+ TAM,E15S,transferred
-0.63951564,2.9719272,Monocyte,E15S,transferred
2.5919244,12.006026,Resident Macrophage,E15S,transferred
-0.28737122,-8.437654,Neutrophil,E15S,knn
-3.9444995,1.5932194,Il1b+ TAM,E15S,transferred
1.3854048,13.917406,CD8 Exhausted Proliferating,E15S,transferred
-6.9168177,2.1540973,C1qc+ TAM,E15S,transferred
-3.7851899,2.452254,C1qc+ TAM,E15S,transferred
-0.015073539,0.7343601,Monocyte,E15S,transferred
16.542395,9.057766,Hypoxic Tumor,E15S,transferred
-3.6540256,5.221937,Il1b+ TAM,E15S,transferred
24.93658,3.8910306,CAF,E15S,transferred
-3.7457197,1.6611656,Spp1+ TAM,E15S,transferred
17.139053,11.511804,Stromal,E15S,transferred
-4.10059,3.320865,Il1b+ TAM,E15S,transferred
-0.8396505,2.172763,Resident Macrophage,E15S,transferred
0.0594037,-7.801108,Neutrophil,E15S,transferred
-3.129039,1.3820876,Monocyte,E15S,transferred
17.332285,9.756693,Stromal,E15S,transferred
1.6904608,14.486635,Stromal,E15S,transferred
0.831241,-5.827489,Neutrophil,E15S,transferred
-0.79816693,2.8142707,Monocyte,E15S,transferred
2.3007438,-7.8317003,Neutrophil,E15S,transferred
-2.016078,5.87109,C1qc+ TAM,E15S,knn
-3.0172951,2.7928722,Il1b+ TAM,E15S,transferred
-3.6439488,2.4907436,C1qc+ TAM,E15S,transferred
-3.1303828,4.6188483,C1qc+ TAM,E15S,transferred
-3.2382333,4.03743,C1qc+ TAM,E15S,transferred
17.724894,7.630867,Hypoxic Tumor,E15S,transferred
-2.4222393,0.8505795,Spp1+ TAM,E15S,transferred
16.56387,10.327717,Stromal,E15S,transferred
2.2935352,-9.365674,Neutrophil,E15S,transferred
23.934141,3.730865,CAF,E15S,transferred
17.832907,9.967808,Stromal,E15S,transferred
0.87427056,-5.7519126,Neutrophil,E15S,transferred
-6.0777154,3.1851585,C1qc+ TAM,E15S,transferred
0.82589227,-6.1377907,Neutrophil,E15S,transferred
-5.702216,4.6903887,C1qc+ TAM,E15S,transferred
-5.8981843,0.79348963,Spp1+ TAM,E15S,transferred
25.332376,3.026222,CAF,E15S,transferred
-2.314145,5.8116097,C1qc+ TAM,E15S,transferred
25.968115,5.4336567,Tumor,E15S,transferred
-2.0582101,3.719071,Monocyte,E15S,transferred
23.870182,3.6393178,CAF,E15S,transferred
16.664299,5.7169013,Hypoxic Tumor,E15S,knn
25.973337,4.1432667,Tumor,E15S,transferred
-2.2521324,3.7891667,Monocyte,E15S,transferred
-5.3789616,4.6656523,Resident Macrophage,E15S,knn
-6.375181,1.597235,Spp1+ TAM,E15S,transferred
-1.1500914,2.0899324,Monocyte,E15S,transferred
24.36305,4.9976563,Tumor Proliferating,E15S,transferred
-3.1981566,3.2125165,C1qc+ TAM,E15S,transferred
-5.7325687,4.22309,Resident Macrophage,E15S,transferred
-6.511523,4.588442,C1qc+ TAM,E15S,transferred
24.758076,3.083275,CAF,E15S,transferred
-6.018681,3.6620452,Resident Macrophage,E15S,transferred
0.4475682,-5.462039,Neutrophil,E15S,transferred
0.79419076,-8.660254,Neutrophil,E15S,transferred
24.56589,5.8910437,Tumor,E15S,transferred
25.998518,5.196519,Tumor,E15S,transferred
16.570261,7.0339684,Hypoxic Tumor,E15S,knn
-3.88427,4.868598,C1qc+ TAM,E15S,transferred
-5.61902,3.9462764,C1qc+ TAM,E15S,transferred
2.0979269,-9.116845,Neutrophil,E15S,transferred
24.828442,5.0423985,Tumor Proliferating,E15S,transferred
26.344975,3.7657537,Tumor,E15S,transferred
2.414903,-7.521718,Neutrophil,E15S,transferred
0.2211533,-6.4164324,Neutrophil,E15S,transferred
2.7663918,12.682748,NK T,E15S,transferred
25.953505,5.114637,Tumor,E15S,transferred
-5.7777452,2.1755283,Spp1+ TAM,E15S,transferred
16.710983,9.810476,Stromal,E15S,transferred
22.804638,4.44763,Tumor Proliferating,E15S,transferred
-4.596741,1.2899773,C1qc+ TAM,E15S,transferred
3.2064652,-6.738993,Neutrophil,E15S,transferred
-1.9810088,1.3120265,Monocyte,E15S,transferred
0.982861,-6.0362535,Neutrophil,E15S,transferred
-5.388492,4.655219,C1qc+ TAM,E15S,transferred
-4.018483,1.5337194,Spp1+ TAM,E15S,transferred
24.57546,5.409443,Tumor,E15S,transferred
-2.2335246,3.3640268,C1qc+ TAM,E15S,transferred
17.262333,9.430433,Stromal,E15S,transferred
18.73729,8.493385,Stromal,E15S,transferred
-3.8745444,5.5327864,C1qc+ TAM,E15S,transferred
-7.0896616,3.6244414,C1qc+ TAM,E15S,transferred
24.567148,5.718036,Tumor Proliferating,E15S,transferred
26.334799,3.0211165,Tumor,E15S,transferred
-5.5121894,1.4700837,Spp1+ TAM,E15S,transferred
-3.327404,3.8250747,Il1b+ TAM,E15S,transferred
-1.5625745,2.6737442,Spp1+ TAM,E15S,transferred
16.882193,10.796407,Tumor,E15S,transferred
18.69939,7.1372175,Hypoxic Tumor,E15S,knn
17.743633,10.398945,Stromal,E15S,transferred
-0.02973656,-5.6055384,Neutrophil,E15S,transferred
-3.7387815,4.2652006,Il1b+ TAM,E15S,transferred
15.599784,10.892345,Stromal,E15S,transferred
24.338762,5.5933537,Tumor,E15S,transferred
16.433685,7.7436786,Hypoxic Tumor,E15S,transferred
-4.4633775,5.9294257,C1qc+ TAM,E15S,transferred
-4.796094,2.954475,Resident Macrophage,E15S,transferred
-4.785788,3.5568595,Resident Macrophage,E15S,transferred
22.775724,4.196398,Tumor Proliferating,E15S,transferred
0.25883603,-6.297189,Neutrophil,E15S,transferred
-2.9006395,4.5030875,C1qc+ TAM,E15S,transferred
0.0030755862,-8.240174,Neutrophil,E15S,transferred
0.622863,-8.617801,Neutrophil,E15S,knn
-6.0328417,1.8888273,Resident Macrophage,E15S,transferred
-2.657525,1.9631139,Il1b+ TAM,E15S,transferred
0.42709774,0.5491433,Monocyte,E15S,transferred
-4.0897393,3.9118233,C1qc+ TAM,E15S,transferred
19.312342,8.855995,Stromal,E15S,transferred
16.759342,9.7928295,Stromal,E15S,transferred
-1.1094173,3.199264,Monocyte,E15S,transferred
-3.897097,5.4105573,C1qc+ TAM,E15S,transferred
-7.023642,3.3557408,C1qc+ TAM,E15S,transferred
2.2314897,-7.758579,Neutrophil,E15S,transferred
-6.8134108,4.2094464,C1qc+ TAM,E15S,transferred
-4.709795,1.9967734,Spp1+ TAM,E15S,transferred
0.6524506,-7.2313466,Neutrophil,E15S,transferred
17.216022,11.203047,Tumor,E15S,transferred
3.2135298,-7.0612984,Neutrophil,E15S,transferred
-4.09767,3.5077386,Il1b+ TAM,E15S,transferred
-0.82875437,-8.340386,Neutrophil,E15S,transferred
16.868061,10.102413,Stromal,E15S,transferred
0.33918786,5.151976,cDC,E15S,transferred
16.451122,7.398382,Hypoxic Tumor,E15S,transferred
27.369944,3.7080278,Tumor,E15S,transferred
0.14142378,-7.693052,Neutrophil,E15S,transferred
-5.431304,1.0497814,Spp1+ TAM,E15S,transferred
1.7157673,-8.420502,Neutrophil,E15S,transferred
18.866272,9.621737,Stromal,E15S,transferred
-3.9526706,2.6773982,C1qc+ TAM,E15S,transferred
-4.885433,0.950447,Spp1+ TAM,E15S,transferred
-4.1513424,5.107811,C1qc+ TAM,E15S,transferred
-4.055814,0.42362136,Spp1+ TAM,E15S,transferred
-2.408025,1.7146717,Monocyte,E15S,transferred
-4.543669,2.062325,Il1b+ TAM,E15S,transferred
15.397354,11.261386,Stromal,E15S,transferred
-3.7230067,5.067489,C1qc+ TAM,E15S,transferred
16.130613,10.274328,Resident Macrophage,E15S,transferred
-5.0716968,1.7846717,Spp1+ TAM,E15S,transferred
23.139112,5.628865,Tumor Proliferating,E15S,transferred
-3.576419,3.3473334,C1qc+ TAM,E15S,transferred
-4.7294965,2.471173,Il1b+ TAM,E15S,transferred
25.809956,3.3006744,CAF,E15S,transferred
16.637722,10.113427,Stromal,E15S,transferred
-1.463191,4.935656,Resident Macrophage,E15S,knn
-1.0591664,2.3588233,Monocyte,E15S,transferred
19.434113,8.82645,Stromal,E15S,transferred
-3.4527042,6.4422703,C1qc+ TAM,E15S,transferred
-5.0123997,3.9382129,Resident Macrophage,E15S,transferred
-4.7836556,5.2855973,C1qc+ TAM,E15S,transferred
-0.52953565,-7.536568,Neutrophil,E15S,transferred
-5.0315843,2.7235742,Resident Macrophage,E15S,transferred
2.8003814,-6.98053,Neutrophil,E15S,transferred
0.68965137,-8.958505,Resident Macrophage,E15S,knn
17.489737,11.277344,Stromal,E15S,transferred
24.238567,5.3559437,Tumor Proliferating,E15S,transferred
-6.0079665,1.5298538,Spp1+ TAM,E15S,transferred
24.481499,4.5248356,CAF,E15S,transferred
-4.7321825,1.4758188,C1qc+ TAM,E15S,transferred
-1.1504396,3.2750585,Resident Macrophage,E15S,transferred
0.3662598,-5.603322,Neutrophil,E15S,transferred
-0.43754396,1.3032489,Monocyte,E15S,transferred
1.4858459,14.521782,NK,E15S,transferred
18.096102,8.6672735,Stromal,E15S,transferred
-0.3064691,1.3439962,Monocyte,E15S,transferred
16.347221,7.0113482,Hypoxic Tumor,E15S,transferred
2.1915348,-8.83548,Neutrophil,E15S,transferred
17.837463,9.79437,Stromal,E15S,transferred
24.500284,4.9939823,Tumor Proliferating,E15S,transferred
24.250519,3.2598996,Tumor,E15S,transferred
-6.338656,1.1540041,Spp1+ TAM,E15S,transferred
-5.0239763,3.5199738,Resident Macrophage,E15S,transferred
16.607403,7.707132,Hypoxic Tumor,E15S,transferred
23.194141,5.2748985,Tumor Proliferating,E15S,knn
25.365591,5.481706,Tumor,E15S,transferred
1.9515086,6.9248953,mDC,E15S,transferred
-4.8961916,5.33653,C1qc+ TAM,E15S,transferred
-2.78683,3.639179,Monocyte,E15S,transferred
-4.329014,5.9728,C1qc+ TAM,E15S,transferred
-0.98907053,2.868328,Monocyte,E15S,transferred
17.250532,9.087386,Stromal,E15S,transferred
0.2856292,0.19558987,Monocyte,E15S,transferred
15.648886,11.465743,Stromal,E15S,transferred
25.150908,5.5474286,Tumor,E15S,transferred
25.449963,3.8356647,Tumor,E15S,transferred
-3.5261424,1.8413838,Spp1+ TAM,E15S,transferred
-3.1512957,4.9626226,C1qc+ TAM,E15S,transferred
1.1254386,-7.824743,Neutrophil,E15S,transferred
24.780859,5.978628,Tumor,E15S,transferred
-0.023129929,-8.674298,Neutrophil,E15S,transferred
25.196625,2.9027438,CAF,E15S,transferred
27.19781,3.9662473,Tumor,E15S,transferred
-4.6915817,2.2165668,Resident Macrophage,E15S,transferred
-5.6240697,4.6047654,Resident Macrophage,E15S,transferred
18.102654,8.709013,Stromal,E15S,transferred
25.011925,4.0346723,Tumor,E15S,transferred
22.708633,4.1124983,Tumor Proliferating,E15S,transferred
-5.3577075,2.007566,Resident Macrophage,E15S,transferred
16.05555,10.380743,Resident Macrophage,E15S,transferred
22.966341,3.9241273,Tumor Proliferating,E15S,transferred
1.127366,-8.854147,Neutrophil,E15S,transferred
17.356258,10.321027,Stromal,E15S,transferred
-5.0181904,2.7186878,Resident Macrophage,E15S,transferred
1.500832,14.024486,NK,E15S,transferred
2.6149087,11.202024,cDC,E15S,transferred
23.572266,4.0905576,CAF,E15S,transferred
25.383682,5.5188313,Tumor,E15S,transferred
24.952011,3.9045646,CAF,E15S,transferred
-6.7958083,4.00482,Resident Macrophage,E15S,transferred
25.159157,4.2572207,CAF,E15S,transferred
17.865583,10.383666,Stromal,E15S,transferred
18.989502,8.806686,Stromal,E15S,transferred
23.874834,4.7400293,Tumor Proliferating,E15S,transferred
-4.1776056,3.6692035,Resident Macrophage,E15S,transferred
2.2094822,-7.9328475,Neutrophil,E15S,transferred
2.474174,-9.132737,Neutrophil,E15S,transferred
1.5785162,13.798011,NK,E15S,transferred
16.676754,5.827246,Hypoxic Tumor,E15S,knn
17.646952,9.532962,Stromal,E15S,transferred
5.3604198,9.900793,B,E15S,knn
26.770496,4.3044415,Tumor,E15S,transferred
0.31134948,-5.9143014,Neutrophil,E15S,transferred
-3.5268564,4.8225255,C1qc+ TAM,E15S,transferred
-3.0194945,4.377587,C1qc+ TAM,E15S,transferred
-6.2867737,2.5029068,C1qc+ TAM,E15S,knn
-3.5331078,3.5555108,C1qc+ TAM,E15S,transferred
-2.7997334,3.3017445,Spp1+ TAM,E15S,transferred
-0.02644656,-8.321678,Neutrophil,E15S,transferred
24.696762,5.4513288,Tumor,E15S,transferred
16.176928,11.540261,Stromal,E15S,transferred
25.703962,5.759202,Tumor,E15S,transferred
2.7347527,-7.0875454,Neutrophil,E15S,transferred
-3.108168,4.4744935,C1qc+ TAM,E15S,transferred
18.161657,7.800739,Hypoxic Tumor,E15S,knn
-6.030981,5.527788,Resident Macrophage,E15S,transferred
0.63948375,-7.3977823,Neutrophil,E15S,transferred
19.58808,8.352942,Stromal,E15S,transferred
0.31216234,-8.668786,Neutrophil,E15S,knn
25.246588,5.628668,Tumor,E15S,transferred
19.38985,7.2907724,Hypoxic Tumor,E15S,knn
24.659729,6.0016627,Tumor,E15S,transferred
-3.3114154,2.0748377,Il1b+ TAM,E15S,transferred
24.838413,5.4541354,Tumor Proliferating,E15S,transferred
-2.205439,1.6977217,Monocyte,E15S,transferred
23.280958,3.9804251,Tumor Proliferating,E15S,transferred
16.547638,10.284201,Stromal,E15S,transferred
-5.7936864,2.8028455,Resident Macrophage,E15S,transferred
16.656061,5.9515877,Hypoxic Tumor,E15S,knn
17.548903,10.215742,Stromal,E15S,transferred
-0.053689834,-8.735193,Neutrophil,E15S,knn
2.2088528,6.7707086,mDC,E15S,transferred
24.133942,5.9908257,Tumor,E15S,transferred
17.86372,10.192552,Stromal,E15S,transferred
2.2595234,-7.5846014,Neutrophil,E15S,transferred
26.010471,5.5491614,Tumor,E15S,transferred
16.914352,7.5394335,Hypoxic Tumor,E15S,knn
-5.3271956,2.298858,Resident Macrophage,E15S,transferred
19.26255,9.251845,Stromal,E15S,transferred
-0.66488284,0.9287373,Monocyte,E15S,transferred
-5.9742703,2.6437984,C1qc+ TAM,E15S,transferred
22.97756,3.6131492,Tumor Proliferating,E15S,transferred
-1.3619206,3.2544274,Resident Macrophage,E15S,transferred
25.947718,2.9479434,Tumor,E15S,transferred
26.445127,4.64522,Tumor,E15S,transferred
-0.34171084,-8.785016,Neutrophil,E15S,knn
16.348759,6.6120896,Hypoxic Tumor,E15S,knn
24.591034,4.499933,Tumor Proliferating,E15S,transferred
16.627365,11.524442,Stromal,E15S,transferred
-1.0867825,2.1841385,Monocyte,E15S,transferred
-4.341104,4.132414,C1qc+ TAM,E15S,transferred
16.696997,6.5876217,Hypoxic Tumor,E15S,knn
-0.38411283,2.6589067,Monocyte,E15S,transferred
-4.7002378,4.3890433,Resident Macrophage,E15S,transferred
-2.019049,5.729274,Hypoxic Tumor,E15S,knn
2.3293204,7.1968217,mDC,E15S,transferred
24.692131,5.964939,Tumor,E15S,transferred
23.391605,3.988975,Tumor Proliferating,E15S,transferred
-5.8847284,4.586886,Resident Macrophage,E15S,transferred
2.1940868,7.343909,mDC,E15S,transferred
19.546293,8.858263,Stromal,E15S,transferred
0.032466367,-7.849461,Neutrophil,E15S,transferred
-3.5252614,4.954985,C1qc+ TAM,E15S,transferred
15.878285,11.452433,Tumor,E15S,transferred
26.237679,3.262032,Tumor,E15S,transferred
23.67233,3.924082,CAF,E15S,transferred
16.325075,11.641786,Stromal,E15S,transferred
-0.07832412,-8.718572,Neutrophil,E15S,knn
-0.6326912,-7.8918386,Neutrophil,E15S,transferred
2.7373981,-7.348666,Neutrophil,E15S,transferred
24.904078,6.123348,Hypoxic Tumor,E15S,transferred
-1.4593073,3.6671886,Monocyte,E15S,transferred
-4.693815,4.929501,C1qc+ TAM,E15S,transferred
25.937466,3.420801,Tumor,E15S,transferred
26.201563,5.2415056,Tumor,E15S,transferred
23.008158,3.6386907,Tumor Proliferating,E15S,transferred
-0.5583606,2.7745352,Monocyte,E15S,transferred
0.21374102,-8.061328,Neutrophil,E15S,transferred
0.33075863,-5.949013,Spp1+ TAM,E15S,transferred
-0.32483244,0.49402702,Monocyte,E15S,transferred
-5.5838056,3.7941062,Resident Macrophage,E15S,transferred
27.47779,4.15249,Tumor,E15S,transferred
1.9613949,15.076201,NK,E15S,transferred
-3.012351,2.469938,Il1b+ TAM,E15S,transferred
2.5921926,14.955679,NK,E15S,transferred
0.7528274,-8.844396,Neutrophil,E15S,transferred
0.7064521,-6.924959,Neutrophil,E15S,transferred
16.340214,6.9909425,Hypoxic Tumor,E15S,transferred
-6.024686,2.194355,Resident Macrophage,E15S,transferred
-3.9729874,1.9668658,Spp1+ TAM,E15S,transferred
-5.2940006,1.5561275,Spp1+ TAM,E15S,transferred
16.624805,8.0346575,Hypoxic Tumor,E15S,transferred
16.619324,8.200527,Hypoxic Tumor,E15S,transferred
-4.3602667,1.1762874,C1qc+ TAM,E15S,transferred
-4.205735,4.3896866,C1qc+ TAM,E15S,transferred
25.797354,4.557178,Tumor,E15S,transferred
-5.3378053,2.7642317,C1qc+ TAM,E15S,transferred
25.60601,2.8321056,Tumor,E15S,transferred
18.504852,8.989326,Stromal,E15S,transferred
23.604883,4.9185624,CAF,E15S,transferred
0.50980735,1.5935138,Monocyte,E15S,transferred
0.8870993,-5.707072,Neutrophil,E15S,transferred
-0.5242685,1.9542812,Monocyte,E15S,transferred
0.016219303,-7.931096,Neutrophil,E15S,transferred
1.6001945,14.20383,NK,E15S,transferred
26.163103,3.4236815,Tumor,E15S,transferred
27.159616,3.98911,Tumor,E15S,transferred
22.826668,4.431578,Tumor Proliferating,E15S,transferred
17.574259,10.372324,Stromal,E15S,transferred
24.384403,3.610597,CAF,E15S,transferred
-5.121651,3.6041386,Resident Macrophage,E15S,transferred
0.6855184,0.6622511,Monocyte,E15S,transferred
-4.452035,5.191765,C1qc+ TAM,E15S,transferred
23.618927,3.5855951,Tumor Proliferating,E15S,transferred
17.709015,9.665257,Stromal,E15S,transferred
16.517527,11.133193,Stromal,E15S,transferred
23.22712,5.0892334,Tumor Proliferating,E15S,transferred
-3.5332992,6.944313,C1qc+ TAM,E15S,transferred
-0.10792625,-8.52485,Neutrophil,E15S,transferred
27.386284,4.677075,Tumor,E15S,transferred
-5.5265284,2.8098202,Resident Macrophage,E15S,transferred
-4.4933305,2.4958527,Il1b+ TAM,E15S,transferred
0.5056111,-5.8798704,Neutrophil,E15S,transferred
-1.9021059,3.1279051,Spp1+ TAM,E15S,transferred
0.9245859,-6.6123095,Neutrophil,E15S,transferred
-3.6901243,3.5535975,C1qc+ TAM,E15S,transferred
-0.77502394,1.0230846,Monocyte,E15S,transferred
27.274961,3.7794223,Tumor,E15S,transferred
-0.7513533,2.8018353,Monocyte,E15S,transferred
1.2770444,-7.6114902,Neutrophil,E15S,transferred
1.1431617,-8.103192,Neutrophil,E15S,transferred
-5.376564,3.8467188,C1qc+ TAM,E15S,transferred
0.58695006,-8.427069,Neutrophil,E15S,transferred
0.53494006,-7.3379498,Neutrophil,E15S,transferred
-5.886808,4.478042,Resident Macrophage,E15S,transferred
18.162937,9.359759,Stromal,E15S,transferred
-1.4078091,4.1661587,Resident Macrophage,E15S,transferred
-0.06706007,-8.445837,Neutrophil,E15S,transferred
-1.900057,5.087116,Resident Macrophage,E15S,knn
0.22529377,1.5066936,Monocyte,E15S,transferred
0.48769802,-5.9155874,Neutrophil,E15S,transferred
-4.731154,3.8614452,C1qc+ TAM,E15S,transferred
0.43818033,0.68133503,Monocyte,E15S,transferred
2.761386,14.967495,NK,E15S,transferred
-5.2042217,5.5419836,C1qc+ TAM,E15S,transferred
3.0971103,13.166621,NK,E15S,transferred
2.4460483,7.4677672,mDC,E15S,transferred
-6.1363397,1.4507538,Spp1+ TAM,E15S,transferred
19.068253,7.115753,Hypoxic Tumor,E15S,knn
23.929941,4.2413635,CAF,E15S,transferred
-2.3129041,4.4266067,Resident Macrophage,E15S,knn
1.7471287,-7.7600064,Neutrophil,E15S,transferred
18.856655,7.3079906,Hypoxic Tumor,E15S,knn
-4.6997237,6.320453,C1qc+ TAM,E15S,transferred
-4.020481,1.0800072,Resident Macrophage,E15S,transferred
17.724127,9.607271,Stromal,E15S,transferred
24.268322,4.489586,Tumor Proliferating,E15S,transferred
-3.9772613,2.3611405,C1qc+ TAM,E15S,transferred
-0.7563436,-7.6136923,Neutrophil,E15S,transferred
3.2140481,12.215326,CD4 T,E15S,transferred
-5.209995,5.930399,C1qc+ TAM,E15S,transferred
0.22664955,1.2265257,Monocyte,E15S,transferred
-4.0347,1.373122,Spp1+ TAM,E15S,transferred
-3.8100827,3.3062515,Spp1+ TAM,E15S,transferred
2.036797,6.5979524,mDC,E15S,transferred
1.4981321,-7.52386,Neutrophil,E15S,transferred
-4.4711647,3.6624563,C1qc+ TAM,E15S,transferred
23.546463,4.857628,Tumor Proliferating,E15S,transferred
24.487736,3.5282762,CAF,E15S,transferred
-4.834354,5.056519,C1qc+ TAM,E15S,transferred
23.882,4.0672994,CAF,E15S,transferred
2.9472,-7.583048,Neutrophil,E15S,transferred
-0.45092583,-7.5686436,Neutrophil,E15S,transferred
24.80797,3.4025218,CAF,E15S,transferred
18.711706,6.989162,Hypoxic Tumor,E15S,transferred
27.587128,3.7511775,Tumor,E15S,transferred
26.315409,3.427566,Tumor,E15S,transferred
2.4966543,15.577511,NK,E15S,transferred
15.557391,11.430168,Stromal,E15S,transferred
25.812908,3.094548,Tumor,E15S,transferred
18.733152,8.196358,Stromal,E15S,transferred
25.598078,3.5305138,Tumor,E15S,transferred
17.07096,11.474665,Stromal,E15S,transferred
18.626953,7.022524,Hypoxic Tumor,E15S,transferred
-3.925958,5.115169,C1qc+ TAM,E15S,transferred
25.473873,5.1394033,Tumor,E15S,transferred
25.252459,4.980927,Tumor,E15S,transferred
24.318438,4.8829026,Tumor Proliferating,E15S,transferred
27.159847,4.168897,Tumor,E15S,transferred
18.396545,10.430719,Stromal,E15S,transferred
16.810507,6.131573,Hypoxic Tumor,E15S,knn
-5.2264123,4.6512346,C1qc+ TAM,E15S,transferred
0.27542806,-5.861067,Neutrophil,E15S,transferred
25.586208,4.065265,CAF,E15S,transferred
-2.0788176,1.9247564,Monocyte,E15S,transferred
-4.5157924,5.861379,C1qc+ TAM,E15S,transferred
-4.395804,5.7070107,C1qc+ TAM,E15S,transferred
-3.0840054,1.5262792,Monocyte,E15S,transferred
0.47895336,5.458424,cDC,E15S,transferred
16.58795,8.0773535,Hypoxic Tumor,E15S,transferred
24.73085,4.3275676,CAF,E15S,transferred
-4.150387,3.672661,Resident Macrophage,E15S,transferred
-4.369875,6.550188,C1qc+ TAM,E15S,transferred
1.820063,-8.434612,Neutrophil,E15S,transferred
-6.853099,3.2537892,C1qc+ TAM,E15S,transferred
16.515581,7.377438,Hypoxic Tumor,E15S,knn
18.163355,9.662191,Stromal,E15S,transferred
25.029867,4.138199,Tumor,E15S,transferred
25.729975,4.608064,CAF,E15S,transferred
23.978746,5.6015406,Tumor Proliferating,E15S,transferred
26.713871,4.9535265,Tumor,E15S,transferred
25.540283,3.2841048,Tumor,E15S,transferred
17.140247,8.080366,Hypoxic Tumor,E15S,transferred
-4.4365864,3.867919,Monocyte,E15S,transferred
-4.960232,5.9831448,C1qc+ TAM,E15S,transferred
15.446831,11.253709,Stromal,E15S,transferred
-6.194906,1.403879,Resident Macrophage,E15S,transferred
23.483982,5.0927906,Tumor Proliferating,E15S,transferred
26.372278,4.1579866,Tumor,E15S,transferred
-2.8811266,2.48414,Il1b+ TAM,E15S,transferred
-0.5475454,-8.168968,Neutrophil,E15S,knn
-0.27255237,2.5747306,Monocyte,E15S,transferred
24.517899,5.1406417,Tumor Proliferating,E15S,transferred
-0.2212139,2.3773348,Monocyte,E15S,transferred
16.670792,11.22437,Stromal,E15S,transferred
23.145927,4.478659,Tumor Proliferating,E15S,transferred
16.560284,10.845557,Stromal,E15S,transferred
-3.6004434,4.114196,C1qc+ TAM,E15S,transferred
-6.827246,1.3332819,Spp1+ TAM,E15S,transferred
-1.729399,3.2967923,Resident Macrophage,E15S,transferred
16.543917,6.163971,Hypoxic Tumor,E15S,knn
16.462296,11.417853,Stromal,E15S,transferred
27.089113,4.041484,Tumor,E15S,transferred
-1.6438354,5.1847444,Resident Macrophage,E15S,knn
0.52096033,0.89238656,Monocyte,E15S,transferred
-5.0348616,2.4349706,Il1b+ TAM,E15S,transferred
0.2457993,1.4066827,Monocyte,E15S,transferred
17.952475,8.791294,Stromal,E15S,transferred
24.588583,4.723139,Tumor Proliferating,E15S,transferred
2.32623,-9.315245,Neutrophil,E15S,transferred
25.110067,4.8870783,Tumor Proliferating,E15S,transferred
-4.141836,3.549504,Il1b+ TAM,E15S,transferred
-5.779431,4.1497765,Resident Macrophage,E15S,transferred
18.36367,10.546552,Stromal,E15S,transferred
3.0915234,12.127294,Regulatory CD4 T,E15S,transferred
0.55225754,-5.735883,Neutrophil,E15S,transferred
-5.0064487,3.9856358,Resident Macrophage,E15S,transferred
-4.152102,5.6648426,C1qc+ TAM,E15S,transferred
-2.5849204,1.6944318,Monocyte,E15S,transferred
22.635487,4.517997,Tumor Proliferating,E15S,transferred
23.862522,5.63042,Tumor Proliferating,E15S,transferred
25.906096,4.2471766,Tumor,E15S,transferred
18.18985,8.849424,Stromal,E15S,transferred
-4.537262,2.3581476,C1qc+ TAM,E15S,transferred
17.605343,7.377334,Hypoxic Tumor,E15S,transferred
-4.2950487,3.8234756,Resident Macrophage,E15S,transferred
-3.2246983,3.410858,Il1b+ TAM,E15S,transferred
2.1233685,-9.137931,Neutrophil,E15S,transferred
18.649519,9.359029,Stromal,E15S,transferred
1.5001045,-7.83407,Neutrophil,E15S,transferred
1.1154746,-8.995009,Neutrophil,E15S,transferred
18.796549,6.9756236,Hypoxic Tumor,E15S,knn
23.508461,5.0349927,Tumor Proliferating,E15S,transferred
-3.9721384,3.1951103,Il1b+ TAM,E15S,transferred
16.670755,6.007477,Hypoxic Tumor,E15S,knn
-3.3850613,6.519149,C1qc+ TAM,E15S,transferred
-5.2881036,5.5896707,C1qc+ TAM,E15S,transferred
-5.642311,2.3709857,Resident Macrophage,E15S,transferred
-3.1365798,4.399862,C1qc+ TAM,E15S,transferred
25.660921,2.9998236,Tumor,E15S,transferred
-5.400065,5.2409544,C1qc+ TAM,E15S,transferred
-5.0665927,2.2724342,Il1b+ TAM,E15S,transferred
2.4904683,15.256195,NK,E15S,transferred
-4.1733274,5.021347,C1qc+ TAM,E15S,transferred
26.396006,4.3196564,Tumor,E15S,transferred
19.056248,7.0630035,Hypoxic Tumor,E15S,knn
1.5471745,13.696459,NK,E15S,transferred
25.602589,5.7582664,Tumor,E15S,transferred
-1.2382637,3.3099132,Resident Macrophage,E15S,transferred
2.4468951,-9.162677,Neutrophil,E15S,transferred
16.49322,10.191756,Stromal,E15S,transferred
1.9074268,-7.5445123,Neutrophil,E15S,transferred
-4.1604266,0.3113307,Spp1+ TAM,E15S,transferred
23.514868,5.147171,Tumor Proliferating,E15S,transferred
-3.6834443,3.8608449,Monocyte,E15S,transferred
18.236074,8.0657015,Stromal,E15S,knn
-6.0059476,3.4841309,C1qc+ TAM,E15S,transferred
1.8598363,-7.342214,Neutrophil,E15S,transferred
17.086214,9.666316,Stromal,E15S,knn
-6.0174117,1.100287,Spp1+ TAM,E15S,transferred
25.793468,3.0582166,Tumor,E15S,transferred
-2.4613934,1.2309655,Spp1+ TAM,E15S,transferred
22.833626,3.8222458,Tumor Proliferating,E15S,transferred
26.954992,4.674454,Tumor,E15S,transferred
26.002985,4.9642916,Tumor,E15S,transferred
-1.7156261,2.4254992,Monocyte,E15S,transferred
-0.13593902,-8.585725,Neutrophil,E15S,transferred
-6.1493926,2.263062,C1qc+ TAM,E15S,transferred
-2.973425,3.8945715,C1qc+ TAM,E15S,transferred
25.261011,4.501823,CAF,E15S,transferred
1.5527035,-7.174724,Neutrophil,E15S,transferred
23.74733,4.0372505,CAF,E15S,transferred
18.266829,10.603715,Stromal,E15S,transferred
-5.2267585,2.3876145,Il1b+ TAM,E15S,transferred
-3.4480658,4.623199,C1qc+ TAM,E15S,transferred
-5.578146,2.9752223,Il1b+ TAM,E15S,transferred
25.933353,5.34437,Tumor,E15S,transferred
19.51826,8.793774,Stromal,E15S,transferred
17.01523,9.735289,Stromal,E15S,transferred
18.067429,10.657532,Stromal,E15S,transferred
19.159378,8.50687,Stromal,E15S,transferred
25.239035,3.2172968,Tumor,E15S,transferred
17.76591,10.840341,Stromal,E15S,transferred
0.73084205,-6.021908,Neutrophil,E15S,transferred
17.981861,8.476655,Stromal,E15S,knn
2.1096387,-8.488805,Neutrophil,E15S,transferred
0.56823206,1.1650639,Monocyte,E15S,transferred
-0.91213787,2.924553,Resident Macrophage,E15S,transferred
-6.469194,4.2545414,C1qc+ TAM,E15S,transferred
0.43792048,-6.520598,Neutrophil,E15S,transferred
19.369228,8.7091255,Stromal,E15S,transferred
-0.4281655,-8.416193,Neutrophil,E15S,transferred
-0.917125,1.3867543,Monocyte,E15S,transferred
26.232006,4.069856,Tumor,E15S,transferred
16.540535,8.152861,Hypoxic Tumor,E15S,transferred
1.4597642,13.906295,NK,E15S,transferred
-0.086848356,0.8798283,Monocyte,E15S,transferred
1.0920674,-9.129749,Neutrophil,E15S,transferred
17.36486,7.4641786,Tumor,E15S,transferred
-5.7393346,3.519579,Resident Macrophage,E15S,transferred
18.260862,10.645008,Stromal,E15S,transferred
-5.4744062,2.7632842,Il1b+ TAM,E15S,transferred
16.676294,10.391033,Stromal,E15S,transferred
17.440813,10.96413,Tumor,E15S,transferred
0.46904764,1.0278115,Monocyte,E15S,transferred
25.297815,4.759644,Tumor,E15S,transferred
0.029431878,-7.0417433,Neutrophil,E15S,transferred
-3.705432,6.067077,Resident Macrophage,E15S,transferred
24.886837,5.1506195,Tumor,E15S,transferred
27.417896,4.112413,Tumor,E15S,transferred
25.101099,4.8549275,CAF,E15S,transferred
-3.2035856,4.482009,C1qc+ TAM,E15S,transferred
16.512222,5.9937525,Hypoxic Tumor,E15S,knn
-0.9371675,0.013492189,Monocyte,E15S,transferred
2.281774,15.129588,NK,E15S,transferred
0.28592414,1.9595155,Monocyte,E15S,transferred
-0.917513,2.5656157,Resident Macrophage,E15S,transferred
-1.4233655,4.932822,Il1b+ TAM,E15S,knn
-5.298787,3.8736944,Resident Macrophage,E15S,transferred
23.224842,3.648186,Tumor Proliferating,E15S,transferred
23.768492,5.158061,Tumor Proliferating,E15S,transferred
23.566566,5.818844,Tumor Proliferating,E15S,transferred
-4.376396,2.4039173,Resident Macrophage,E15S,transferred
0.4492246,-8.011564,Neutrophil,E15S,transferred
23.761335,5.925373,Tumor Proliferating,E15S,transferred
18.36259,9.214904,Stromal,E15S,transferred
25.843103,3.3763368,Tumor,E15S,transferred
25.198236,3.3932774,Tumor,E15S,transferred
25.03117,4.6446366,CAF,E15S,transferred
25.089235,4.9505143,CAF,E15S,transferred
17.394903,10.540265,Stromal,E15S,transferred
-3.5495782,3.3844042,Il1b+ TAM,E15S,transferred
-0.15160434,1.2196904,Monocyte,E15S,transferred
-6.3557305,4.1853027,Resident Macrophage,E15S,transferred
-4.170205,4.602368,C1qc+ TAM,E15S,transferred
25.162996,4.5750003,Tumor,E15S,transferred
-2.113498,4.907504,Resident Macrophage,E15S,knn
0.12861095,-7.7158666,Neutrophil,E15S,transferred
-5.4108725,1.5768821,Spp1+ TAM,E15S,transferred
17.31819,7.5970798,Hypoxic Tumor,E15S,knn
-0.1262768,-5.736724,Neutrophil,E15S,transferred
18.25081,10.765796,Stromal,E15S,transferred
-5.861125,4.3997,Resident Macrophage,E15S,transferred
-4.695743,3.2530758,C1qc+ TAM,E15S,transferred
23.441666,4.094617,Tumor Proliferating,E15S,transferred
-5.866582,0.9112961,Spp1+ TAM,E15S,transferred
24.008198,3.0908601,CAF,E15S,transferred
-3.5003548,5.7520037,C1qc+ TAM,E15S,transferred
0.39036587,-8.481848,Neutrophil,E15S,transferred
25.718847,3.1310463,Tumor,E15S,transferred
15.577648,11.518677,Stromal,E15S,transferred
-4.976662,5.76497,C1qc+ TAM,E15S,transferred
16.490416,10.944846,Stromal,E15S,transferred
16.696508,10.187634,Hypoxic Tumor,E15S,transferred
-5.070711,3.193107,Resident Macrophage,E15S,transferred
-5.516733,2.4197187,Resident Macrophage,E15S,knn
-1.7323372,0.6457797,Monocyte,E15S,transferred
1.2953179,-8.7123165,Neutrophil,E15S,transferred
25.005445,2.8150651,CAF,E15S,transferred
-2.1181579,3.7034526,C1qc+ TAM,E15S,transferred
-3.5803077,4.1325154,C1qc+ TAM,E15S,transferred
-0.5671608,2.7213886,Monocyte,E15S,transferred
-2.8907864,3.3749714,Il1b+ TAM,E15S,knn
-5.5104346,1.4459548,C1qc+ TAM,E15S,transferred
-5.5847454,3.0260642,Resident Macrophage,E15S,transferred
26.210772,4.535348,CAF,E15S,transferred
-3.2096474,1.9153899,C1qc+ TAM,E15S,transferred
-0.47146803,1.4937679,Monocyte,E15S,transferred
16.870228,9.966696,Stromal,E15S,transferred
1.0657407,-8.862115,Neutrophil,E15S,knn
-5.2268715,2.3495212,C1qc+ TAM,E15S,transferred
25.39951,5.743051,Tumor,E15S,transferred
-6.1368876,1.173711,Spp1+ TAM,E15S,transferred
17.616,10.518958,Stromal,E15S,transferred
24.058996,5.534808,Tumor Proliferating,E15S,transferred
-6.6196313,3.2945337,C1qc+ TAM,E15S,transferred
26.884218,3.9519107,Tumor,E15S,transferred
1.4915147,-8.810941,Neutrophil,E15S,transferred
-1.9585981,1.5229352,Il1b+ TAM,E15S,transferred
0.28787816,-7.780448,Neutrophil,E15S,transferred
1.9686233,7.4161434,mDC,E15S,transferred
26.92753,4.9898624,Tumor,E15S,transferred
-3.1199086,3.9283714,C1qc+ TAM,E15S,transferred
2.3830078,-7.4215727,Neutrophil,E15S,transferred
0.17230554,-5.405327,Neutrophil,E15S,transferred
-1.6595563,5.0706263,Resident Macrophage,E15S,transferred
-4.903204,4.272809,Resident Macrophage,E15S,knn
-5.3218412,5.000642,C1qc+ TAM,E15S,transferred
27.331652,4.9893847,Tumor,E15S,transferred
27.139608,3.768501,Tumor,E15S,transferred
-4.6875353,0.9415954,Spp1+ TAM,E15S,transferred
2.3084815,-9.096216,Neutrophil,E15S,transferred
-3.663603,1.4527307,Spp1+ TAM,E15S,transferred
-5.9296584,4.955198,C1qc+ TAM,E15S,transferred
-0.29303607,1.2459404,Monocyte,E15S,transferred
1.095616,4.9744344,cDC,E15S,transferred
2.4343274,13.616233,NK T,E15S,transferred
-4.0992723,6.272611,C1qc+ TAM,E15S,transferred
1.6652752,-8.194573,Neutrophil,E15S,transferred
-5.3632703,2.016018,Resident Macrophage,E15S,transferred
2.5217037,15.516938,NK,E15S,transferred
-4.857925,2.0747597,C1qc+ TAM,E15S,transferred
16.819702,10.835488,Stromal,E15S,transferred
16.55732,11.283739,Stromal,E15S,transferred
2.4650683,14.882121,NK,E15S,transferred
-6.214899,4.985271,Resident Macrophage,E15S,transferred
1.2168913,13.61732,CD8 Exhausted Proliferating,E15S,transferred
23.037594,3.7144265,Tumor Proliferating,E15S,transferred
15.631353,11.559632,Stromal,E15S,transferred
24.756018,3.7484803,Tumor,E15S,transferred
17.498442,9.469406,Stromal,E15S,transferred
25.85018,4.475886,Tumor,E15S,transferred
-3.4250507,5.676911,C1qc+ TAM,E15S,transferred
-5.6630535,3.5026407,C1qc+ TAM,E15S,transferred
24.001785,3.8080902,CAF,E15S,transferred
-3.5300295,4.455588,C1qc+ TAM,E15S,transferred
24.64066,3.7726827,CAF,E15S,transferred
1.4836323,-8.117929,Neutrophil,E15S,transferred
26.336771,3.0864978,Tumor,E15S,transferred
0.50262463,-7.6245065,Neutrophil,E15S,transferred
16.296124,8.349789,Hypoxic Tumor,E15S,transferred
23.886015,5.857778,Tumor Proliferating,E15S,transferred
-3.9008172,6.4684734,C1qc+ TAM,E15S,transferred
2.4967628,13.73658,NK T,E15S,transferred
15.696997,10.8949,Stromal,E15S,transferred
17.839388,10.020057,Stromal,E15S,transferred
26.272482,3.0743482,Tumor,E15S,transferred
25.960934,3.6639054,Tumor,E15S,transferred
-3.9351857,3.4133973,C1qc+ TAM,E15S,transferred
1.3961111,14.109111,NK,E15S,transferred
16.901054,5.911011,Hypoxic Tumor,E15S,knn
0.1944642,-8.283358,Neutrophil,E15S,knn
17.916565,9.643057,Stromal,E15S,transferred
-5.754534,1.5041134,Spp1+ TAM,E15S,transferred
-6.217446,4.290248,Resident Macrophage,E15S,transferred
-4.816517,2.5002973,Spp1+ TAM,E15S,transferred
2.174495,-8.025564,Neutrophil,E15S,transferred
16.54715,6.55173,Hypoxic Tumor,E15S,transferred
-1.280213,10.706029,Neutrophil,E15S,transferred
-0.28470516,-8.508691,Neutrophil,E15S,transferred
17.461065,10.884259,Stromal,E15S,transferred
23.888943,4.865937,Tumor Proliferating,E15S,transferred
-3.4941876,4.6960135,C1qc+ TAM,E15S,transferred
-3.8607943,5.0837393,C1qc+ TAM,E15S,transferred
-4.085228,3.0564406,Il1b+ TAM,E15S,transferred
-6.4734282,3.5457408,Resident Macrophage,E15S,transferred
-6.2364407,2.1823566,Resident Macrophage,E15S,transferred
25.62916,4.775672,CAF,E15S,transferred
17.142744,9.495208,Stromal,E15S,transferred
24.701172,3.8081787,Tumor Proliferating,E15S,transferred
18.511356,7.925981,Stromal,E15S,knn
17.199564,10.997668,Stromal,E15S,transferred
15.418509,11.397447,Stromal,E15S,transferred
17.818499,11.279537,Stromal,E15S,transferred
-0.41731247,3.0924556,Monocyte,E15S,transferred
23.284502,3.691701,Tumor Proliferating,E15S,transferred
17.609774,9.637408,Stromal,E15S,transferred
-7.0792127,3.7970176,C1qc+ TAM,E15S,transferred
0.7030577,-5.8206215,Neutrophil,E15S,transferred
-0.5596437,1.2907479,Monocyte,E15S,transferred
24.855606,2.8734362,CAF,E15S,transferred
-3.0917733,4.695227,C1qc+ TAM,E15S,transferred
17.661104,9.826262,Stromal,E15S,transferred
16.273388,10.250526,Hypoxic Tumor,E15S,transferred
-2.068806,0.8532514,Il1b+ TAM,E15S,transferred
2.9463942,-7.31809,Neutrophil,E15S,transferred
1.1220353,-8.651504,Neutrophil,E15S,transferred
17.418192,10.298746,Stromal,E15S,transferred
-0.10611889,-8.064328,Neutrophil,E15S,transferred
-4.6349106,1.7281064,Il1b+ TAM,E15S,transferred
-0.11496862,2.2570539,Monocyte,E15S,transferred
18.347755,10.382032,Stromal,E15S,transferred
-3.5595372,6.759825,C1qc+ TAM,E15S,transferred
17.831793,7.752745,Hypoxic Tumor,E15S,knn
-4.651002,2.1817966,Il1b+ TAM,E15S,transferred
0.072915494,-7.2799997,Neutrophil,E15S,transferred
-4.1629944,0.2484117,Spp1+ TAM,E15S,transferred
-1.5001473,1.348328,Monocyte,E15S,transferred
-1.1826634,2.8279212,Monocyte,E15S,transferred
16.730242,5.740988,Hypoxic Tumor,E15S,knn
-2.4941413,2.5958707,Spp1+ TAM,E15S,transferred
19.180668,9.172463,Stromal,E15S,transferred
-4.5804825,0.5868313,Spp1+ TAM,E15S,transferred
2.7166407,-6.901459,Neutrophil,E15S,transferred
-3.0469558,2.5115798,C1qc+ TAM,E15S,transferred
-6.328952,4.4420276,C1qc+ TAM,E15S,transferred
16.69424,11.2890005,Stromal,E15S,transferred
0.5007936,-6.907336,Neutrophil,E15S,transferred
26.823034,3.4149637,Tumor,E15S,transferred
23.580114,4.734537,Tumor Proliferating,E15S,transferred
-1.6625134,2.537775,Spp1+ TAM,E15S,transferred
-1.0020874,-8.142318,Neutrophil,E15S,transferred
2.7361195,12.395248,Resident Macrophage,E15S,transferred
17.635496,9.817456,Stromal,E15S,transferred
-3.9355958,0.9883234,Spp1+ TAM,E15S,transferred
17.91457,6.8947825,Hypoxic Tumor,E15S,knn
-5.2802067,4.776898,C1qc+ TAM,E15S,transferred
-5.6844783,5.108747,C1qc+ TAM,E15S,transferred
1.5306503,7.0347767,mDC,E15S,knn
24.550884,4.4687295,Tumor,E15S,transferred
-3.551854,1.3709645,Monocyte,E15S,transferred
-7.0375996,3.2483454,C1qc+ TAM,E15S,transferred
1.873911,-8.478545,Neutrophil,E15S,transferred
23.858265,3.1175659,Tumor Proliferating,E15S,transferred
18.99745,6.977522,Hypoxic Tumor,E15S,knn
18.271942,10.726339,Stromal,E15S,transferred
22.843811,4.2040167,Tumor Proliferating,E15S,transferred
-4.9096107,3.9127533,Il1b+ TAM,E15S,transferred
-3.5554721,3.9105265,Il1b+ TAM,E15S,transferred
-6.3028584,2.1172037,Spp1+ TAM,E15S,transferred
-3.251162,2.8295448,C1qc+ TAM,E15S,transferred
18.388685,6.8370295,Hypoxic Tumor,E15S,transferred
-2.8526282,3.3068883,C1qc+ TAM,E15S,transferred
25.166334,4.3580937,CAF,E15S,transferred
-6.226117,4.616618,Resident Macrophage,E15S,transferred
19.79913,7.3017554,Tumor Proliferating,E15S,knn
-3.9854784,3.564596,Resident Macrophage,E15S,knn
1.5733614,-7.7029495,Neutrophil,E15S,transferred
17.484882,11.405381,Stromal,E15S,transferred
-6.1851287,0.92546016,Spp1+ TAM,E15S,transferred
2.2595756,-7.5074315,Neutrophil,E15S,transferred
-5.523888,4.5441556,Resident Macrophage,E15S,transferred
-3.2464292,0.5138644,Monocyte,E15S,transferred
19.01414,7.3557687,Hypoxic Tumor,E15S,knn
16.867954,10.05632,Stromal,E15S,transferred
-4.954484,2.2669318,Il1b+ TAM,E15S,transferred
19.022116,8.609012,Stromal,E15S,transferred
-5.550428,1.8273678,Resident Macrophage,E15S,knn
24.011122,5.45118,Tumor Proliferating,E15S,transferred
24.350487,5.1313334,Tumor Proliferating,E15S,transferred
17.487095,10.254944,Stromal,E15S,transferred
1.9123024,-8.3826065,Neutrophil,E15S,transferred
-3.9405663,3.2881536,Resident Macrophage,E15S,transferred
0.026522463,-5.4661903,Neutrophil,E15S,transferred
17.527128,9.573149,Stromal,E15S,transferred
25.488321,4.4881563,Tumor,E15S,transferred
16.615824,6.055477,Hypoxic Tumor,E15S,knn
24.200594,3.633226,CAF,E15S,transferred
26.181803,4.1206303,Tumor,E15S,transferred
27.03482,4.901843,Tumor,E15S,transferred
2.4327989,-7.5953493,Neutrophil,E15S,transferred
1.1114609,-9.007149,Neutrophil,E15S,transferred
25.345755,4.965217,CAF,E15S,transferred
-3.7933877,1.3380213,Spp1+ TAM,E15S,transferred
17.081078,10.396639,Stromal,E15S,transferred
1.388818,-8.74971,Neutrophil,E15S,transferred
-5.3306966,5.739628,C1qc+ TAM,E15S,transferred
17.994349,7.7445064,Hypoxic Tumor,E15S,knn
23.946516,4.5288844,Tumor Proliferating,E15S,transferred
-2.7725892,4.2312045,Il1b+ TAM,E15S,transferred
-6.1386733,4.9916277,Resident Macrophage,E15S,transferred
1.1475589,-7.395608,Neutrophil,E15S,transferred
-4.544265,3.332044,Resident Macrophage,E15S,transferred
17.210405,9.606476,Stromal,E15S,transferred
-1.8420277,0.74656177,Monocyte,E15S,transferred
16.359732,10.08219,Hypoxic Tumor,E15S,transferred
-0.9197366,2.0786748,Monocyte,E15S,transferred
19.542627,8.727212,Stromal,E15S,transferred
1.9895204,-8.974434,Neutrophil,E15S,transferred
2.5220509,-9.054602,Neutrophil,E15S,transferred
-5.304614,2.2975483,Il1b+ TAM,E15S,transferred
-4.948463,2.794231,C1qc+ TAM,E15S,transferred
24.35024,3.3380525,CAF,E15S,transferred
26.89188,4.9955106,Tumor,E15S,transferred
-2.9943619,3.2998445,Monocyte,E15S,transferred
-1.1582377,0.69915944,Monocyte,E15S,transferred
-0.34718567,0.87583077,Monocyte,E15S,transferred
-6.5737977,3.1228456,Resident Macrophage,E15S,transferred
25.46277,3.8565936,Tumor,E15S,transferred
0.23803414,4.835786,cDC,E15S,transferred
27.021646,3.4484034,Tumor,E15S,transferred
18.490831,10.21362,Stromal,E15S,transferred
17.334389,9.650283,Stromal,E15S,transferred
16.330238,7.374444,Hypoxic Tumor,E15S,knn
0.43849832,-6.8955474,Neutrophil,E15S,transferred
18.947502,7.5906973,Stromal,E15S,knn
-4.207899,1.5921425,Spp1+ TAM,E15S,knn
17.702477,9.503402,Stromal,E15S,transferred
18.050095,10.494666,Stromal,E15S,transferred
1.0532324,-8.603568,Neutrophil,E15S,transferred
-0.5804521,1.5442475,Monocyte,E15S,transferred
-6.0266414,1.4324783,Spp1+ TAM,E15S,transferred
27.474611,3.8293703,Tumor,E15S,transferred
-3.120214,0.9416533,Spp1+ TAM,E15S,transferred
-5.0981436,4.712684,C1qc+ TAM,E15S,transferred
17.792751,10.463017,Stromal,E15S,transferred
17.376917,10.854865,Stromal,E15S,transferred
25.320133,5.6602616,Tumor,E15S,transferred
25.09745,4.28099,Tumor,E15S,transferred
26.469387,4.0333776,Tumor,E15S,transferred
23.78686,4.893243,Tumor Proliferating,E15S,transferred
24.600872,3.4100754,CAF,E15S,transferred
-5.297238,3.0306108,Resident Macrophage,E15S,transferred
23.588737,5.700915,Tumor Proliferating,E15S,transferred
-1.2542318,4.1538897,cDC,E15S,transferred
17.684992,9.384039,Stromal,E15S,transferred
27.036787,3.4246233,Tumor,E15S,transferred
-0.03415407,-6.7939525,Il1b+ TAM,E15S,transferred
24.6454,3.3609502,CAF,E15S,transferred
-5.7405257,1.5176741,Spp1+ TAM,E15S,transferred
25.31107,5.101635,Tumor,E15S,transferred
-5.7169766,5.620555,C1qc+ TAM,E15S,transferred
27.198513,3.8473077,Tumor,E15S,transferred
-3.993064,6.720988,C1qc+ TAM,E15S,transferred
-5.63653,5.118187,C1qc+ TAM,E15S,transferred
25.561815,3.7229383,Tumor,E15S,transferred
-2.426816,1.5302631,Monocyte,E15S,transferred
27.339016,4.135839,Tumor,E15S,transferred
-1.996328,3.3490088,Monocyte,E15S,transferred
16.522173,6.1057363,Hypoxic Tumor,E15S,transferred
0.9662593,-5.8332367,Neutrophil,E15S,transferred
16.615868,7.5359254,Hypoxic Tumor,E15S,knn
26.803917,3.2867603,Tumor,E15S,transferred
-4.0275035,4.799076,C1qc+ TAM,E15S,transferred
26.40348,4.64545,Tumor,E15S,transferred
-5.9919453,2.0711334,Il1b+ TAM,E15S,transferred
-3.4800613,1.4672823,Spp1+ TAM,E15S,transferred
1.5224762,-8.464232,Neutrophil,E15S,transferred
-1.0060185,2.678774,Spp1+ TAM,E15S,transferred
16.657598,7.1141567,Hypoxic Tumor,E15S,knn
16.11896,6.6068015,Hypoxic Tumor,E15S,transferred
1.514233,-8.476928,Neutrophil,E15S,transferred
23.734383,3.7335784,CAF,E15S,transferred
17.666334,9.361802,Stromal,E15S,transferred
1.0512171,-6.878714,Neutrophil,E15S,transferred
-3.5110476,5.0364976,C1qc+ TAM,E15S,transferred
-6.4716425,0.7565267,Spp1+ TAM,E15S,transferred
-4.6760864,6.27269,C1qc+ TAM,E15S,transferred
17.588308,10.653355,Stromal,E15S,transferred
-1.550514,0.88231736,Monocyte,E15S,transferred
16.266264,7.8600464,Hypoxic Tumor,E15S,transferred
24.134449,3.0737562,CAF,E15S,transferred
2.621243,-7.7874455,Neutrophil,E15S,transferred
16.655134,7.4758296,Hypoxic Tumor,E15S,knn
-4.3083525,5.6936693,Resident Macrophage,E15S,transferred
-2.662421,2.4078794,Il1b+ TAM,E15S,transferred
26.72026,4.126261,Hypoxic Tumor,E15S,transferred
-3.9932666,2.8066347,Resident Macrophage,E15S,transferred
-4.248233,2.0767956,Il1b+ TAM,E15S,transferred
26.050209,3.6271672,Tumor,E15S,transferred
-3.8116734,2.6459808,Il1b+ TAM,E15S,transferred
-5.3384314,5.6473665,C1qc+ TAM,E15S,transferred
-5.5482807,4.523878,Resident Macrophage,E15S,transferred
-3.632854,6.4616694,C1qc+ TAM,E15S,transferred
-6.1151357,3.0326693,Resident Macrophage,E15S,transferred
18.086893,9.158622,Stromal,E15S,transferred
17.368793,10.760709,Stromal,E15S,transferred
0.31304148,-6.4782257,Neutrophil,E15S,transferred
-7.096187,3.8796957,C1qc+ TAM,E15S,transferred
-6.111885,2.2387257,Resident Macrophage,E15S,knn
25.82827,5.21979,Tumor,E15S,transferred
16.387266,10.003335,Stromal,E15S,transferred
-1.970812,3.1885006,Monocyte,E15S,transferred
-4.4641457,5.8146257,C1qc+ TAM,E15S,transferred
27.198793,3.9043474,Tumor,E15S,transferred
-0.23935744,-8.399508,Neutrophil,E15S,transferred
-3.7951999,4.039765,Monocyte,E15S,transferred
17.64359,9.435842,Stromal,E15S,transferred
26.535004,3.2989395,Tumor,E15S,transferred
1.610222,-8.660455,Neutrophil,E15S,transferred
26.795414,4.026855,Tumor,E15S,transferred
27.281233,3.8724365,Tumor,E15S,transferred
-3.5650055,2.265045,Il1b+ TAM,E15S,transferred
1.2810748,-8.503444,Neutrophil,E15S,transferred
2.379376,-8.8776,Neutrophil,E15S,transferred
-3.5078866,3.1423507,C1qc+ TAM,E15S,transferred
16.508593,11.159641,Stromal,E15S,transferred
2.4807582,15.524226,NK,E15S,transferred
18.231726,9.300217,Stromal,E15S,transferred
-2.1856613,4.6766477,CD8 Exhausted Proliferating,E15S,transferred
24.99405,4.202074,Tumor,E15S,transferred
-2.9358938,1.0413662,Spp1+ TAM,E15S,transferred
17.061998,11.030476,Stromal,E15S,transferred
-4.4760065,4.500737,C1qc+ TAM,E15S,transferred
18.889118,7.0361447,Hypoxic Tumor,E15S,knn
16.403198,9.951534,Stromal,E15S,transferred
18.352196,10.586846,Stromal,E15S,transferred
17.83497,9.35788,Stromal,E15S,transferred
17.372267,11.332644,Stromal,E15S,transferred
-1.3098844,1.752895,Monocyte,E15S,transferred
18.279104,7.6980305,Hypoxic Tumor,E15S,knn
-5.850484,4.1520133,Resident Macrophage,E15S,transferred
17.173302,10.013993,Stromal,E15S,transferred
-6.0815377,1.1655669,Spp1+ TAM,E15S,transferred
25.698423,5.335547,Tumor,E15S,transferred
-0.42489955,-8.139764,Neutrophil,E15S,transferred
18.674648,7.3528986,Hypoxic Tumor,E15S,knn
-4.9336863,5.19108,C1qc+ TAM,E15S,transferred
18.368526,6.874029,Hypoxic Tumor,E15S,knn
-0.054419186,-5.671953,Neutrophil,E15S,transferred
23.996807,3.4259632,CAF,E15S,transferred
24.458778,5.638611,Tumor,E15S,transferred
-0.63844466,0.6677985,Monocyte,E15S,transferred
-2.67574,4.6762385,C1qc+ TAM,E15S,transferred
15.551635,11.053691,Stromal,E15S,transferred
17.479696,11.24926,Stromal,E15S,transferred
16.203583,9.029459,Hypoxic Tumor,E15S,transferred
18.0733,8.5609455,Stromal,E15S,transferred
24.444757,5.10546,Tumor Proliferating,E15S,transferred
-5.9092803,4.740783,C1qc+ TAM,E15S,transferred
-3.6188772,6.096117,C1qc+ TAM,E15S,transferred
26.961494,4.085494,Tumor,E15S,transferred
25.745323,4.301998,Tumor,E15S,transferred
-5.5951633,4.3245854,C1qc+ TAM,E15S,transferred
24.702053,5.208363,Tumor Proliferating,E15S,transferred
26.31559,4.216769,Tumor,E15S,transferred
0.9275203,-5.861324,Neutrophil,E15S,transferred
-4.08224,3.709413,C1qc+ TAM,E15S,transferred
-3.1757917,4.459597,C1qc+ TAM,E15S,transferred
17.079794,8.0075655,Hypoxic Tumor,E15S,transferred
-3.3594763,3.3454545,C1qc+ TAM,E15S,transferred
-3.6269987,5.023021,C1qc+ TAM,E15S,transferred
17.715784,10.592222,Stromal,E15S,transferred
1.2249769,5.0086575,cDC,E15S,transferred
-2.8503346,3.8908021,Il1b+ TAM,E15S,transferred
1.5964475,-8.02977,Neutrophil,E15S,transferred
16.258072,11.516295,Stromal,E15S,transferred
-4.0885453,1.72251,Il1b+ TAM,E15S,transferred
24.451794,4.1711683,Tumor Proliferating,E15S,transferred
3.2594004,-6.774162,Neutrophil,E15S,transferred
-0.7512317,4.697271,cDC,E15S,knn
-6.928191,3.099021,Spp1+ TAM,E15S,transferred
0.22682801,-6.7236257,Neutrophil,E15S,transferred
-0.20455115,-7.5726643,Neutrophil,E15S,transferred
17.33843,10.793303,Stromal,E15S,transferred
-5.6981106,0.8458306,Spp1+ TAM,E15S,transferred
-3.2469475,3.1514866,C1qc+ TAM,E15S,transferred
23.409481,5.0278316,Tumor Proliferating,E15S,transferred
16.554132,10.872222,Stromal,E15S,transferred
16.531673,11.549426,Stromal,E15S,transferred
27.261217,3.338918,Tumor,E15S,transferred
23.670177,4.1412826,Tumor Proliferating,E15S,transferred
16.190458,10.872196,Hypoxic Tumor,E15S,transferred
-5.185985,3.6522374,Resident Macrophage,E15S,transferred
-3.3691823,3.8633292,Resident Macrophage,E15S,transferred
-4.591094,5.143689,C1qc+ TAM,E15S,transferred
17.815792,11.041047,Stromal,E15S,transferred
0.36599505,1.7692169,Monocyte,E15S,transferred
-1.8486197,5.2300053,Resident Macrophage,E15S,knn
-3.8606,2.6243513,C1qc+ TAM,E15S,transferred
24.052954,6.010209,Tumor,E15S,transferred
-4.4388027,4.419029,C1qc+ TAM,E15S,transferred
-7.158486,3.5816464,C1qc+ TAM,E15S,transferred
17.427216,9.899728,Stromal,E15S,transferred
0.9099992,5.9491487,mDC,E15S,transferred
-3.1653786,4.0117617,C1qc+ TAM,E15S,transferred
-3.3528457,3.174017,Resident Macrophage,E15S,transferred
27.03771,4.8434014,Tumor,E15S,transferred
-6.5317464,3.183136,C1qc+ TAM,E15S,transferred
-0.38759443,-8.238407,Neutrophil,E15S,transferred
-6.4924793,2.8687074,Resident Macrophage,E15S,transferred
-0.030414093,-5.913244,Neutrophil,E15S,transferred
0.11810787,-8.040691,Neutrophil,E15S,transferred
-2.6871326,3.58003,Monocyte,E15S,transferred
-0.33983862,2.3658187,Monocyte,E15S,transferred
17.586325,11.047365,Stromal,E15S,transferred
26.108261,3.881549,Tumor Proliferating,E15S,transferred
17.438848,8.42332,Hypoxic Tumor,E15S,transferred
22.87544,4.1231823,Tumor Proliferating,E15S,transferred
-5.3642926,1.5558215,Spp1+ TAM,E15S,transferred
17.8249,8.656425,Stromal,E15S,transferred
-3.5467458,2.860963,Il1b+ TAM,E15S,transferred
16.38475,10.728862,Stromal,E15S,transferred
1.4663476,-8.859378,Neutrophil,E15S,knn
16.837658,10.465407,Stromal,E15S,transferred
-1.3088977,10.740713,B,E15S,transferred
25.686031,4.23079,CAF,E15S,transferred
16.384863,7.8076243,Hypoxic Tumor,E15S,transferred
18.850182,8.6769905,Stromal,E15S,transferred
-2.095207,4.9544444,Resident Macrophage,E15S,transferred
24.664782,4.9285507,Tumor,E15S,transferred
-6.014398,2.6652682,Resident Macrophage,E15S,transferred
16.345222,7.387785,Hypoxic Tumor,E15S,knn
24.700539,3.2388785,CAF,E15S,transferred
18.350641,10.722279,Stromal,E15S,transferred
-5.4188957,0.5877039,Spp1+ TAM,E15S,transferred
1.1172228,-5.788508,Neutrophil,E15S,transferred
-5.839644,1.7265664,Spp1+ TAM,E15S,transferred
-1.7634358,0.88618916,Monocyte,E15S,transferred
-5.055094,3.6013489,C1qc+ TAM,E15S,transferred
25.645685,2.9403493,Tumor,E15S,transferred
-4.6357656,3.6802123,C1qc+ TAM,E15S,transferred
2.9999113,-7.139049,Neutrophil,E15S,transferred
25.74557,3.3191617,Tumor,E15S,transferred
16.669588,10.726822,Stromal,E15S,transferred
-3.8584592,3.0326335,Monocyte,E15S,transferred
26.891666,4.9384885,Tumor,E15S,transferred
22.810396,4.899884,Tumor Proliferating,E15S,transferred
-4.7103896,2.6979332,C1qc+ TAM,E15S,transferred
24.11289,3.5841432,CAF,E15S,transferred
1.2356997,-9.075245,Neutrophil,E15S,transferred
-5.026931,1.869039,Resident Macrophage,E15S,transferred
25.524767,4.385206,Tumor,E15S,transferred
3.3083816,-6.7928867,Neutrophil,E15S,transferred
-1.0348169,-8.130774,Neutrophil,E15S,transferred
1.7618939,-8.425275,Neutrophil,E15S,transferred
0.32457817,1.0321736,Monocyte,E15S,transferred
-7.004037,3.3973918,C1qc+ TAM,E15S,transferred
-2.4614735,3.077739,Spp1+ TAM,E15S,transferred
-5.4982285,0.9059678,Spp1+ TAM,E15S,transferred
0.26855046,0.7716896,Monocyte,E15S,transferred
0.15968135,-5.8785605,Neutrophil,E15S,transferred
0.647387,-6.0250587,Neutrophil,E15S,transferred
24.38737,4.078319,CAF,E15S,transferred
-0.34501454,-8.420579,Neutrophil,E15S,knn
16.432983,6.5341187,Hypoxic Tumor,E15S,knn
27.289999,4.0617666,Tumor,E15S,transferred
27.013214,4.2409945,Tumor,E15S,transferred
-4.0750446,2.6644902,Il1b+ TAM,E15S,transferred
-3.838167,2.150217,Il1b+ TAM,E15S,transferred
17.892847,10.6424465,Stromal,E15S,transferred
16.551569,11.593102,Stromal,E15S,transferred
17.786474,10.561279,Stromal,E15S,transferred
-4.038275,4.535735,C1qc+ TAM,E15S,transferred
24.086853,3.7688477,CAF,E15S,transferred
-5.3281393,5.683013,C1qc+ TAM,E15S,transferred
-6.431517,4.4274917,Resident Macrophage,E15S,transferred
24.331253,4.886164,Tumor,E15S,transferred
1.2187331,-8.6722,Neutrophil,E15S,transferred
-5.3638124,4.439256,Resident Macrophage,E15S,transferred
-5.294511,3.4116848,Resident Macrophage,E15S,transferred
-4.562387,1.0194589,Spp1+ TAM,E15S,transferred
-5.037551,3.9410014,Resident Macrophage,E15S,transferred
-6.412685,2.394276,Resident Macrophage,E15S,transferred
-2.2354987,5.7266703,Spp1+ TAM,E15S,knn
0.9596173,-8.322079,Neutrophil,E15S,transferred
23.074997,4.231246,Tumor Proliferating,E15S,transferred
-4.382952,2.0738418,Spp1+ TAM,E15S,transferred
0.7409693,-7.67764,Neutrophil,E15S,transferred
-1.01776,0.8536806,Monocyte,E15S,transferred
-6.3536143,3.8993993,Resident Macrophage,E15S,transferred
-4.774101,3.4227142,C1qc+ TAM,E15S,transferred
16.36981,11.367286,Stromal,E15S,transferred
15.728105,10.972926,Stromal,E15S,transferred
0.58824277,-8.186119,Neutrophil,E15S,transferred
-4.733812,1.3915035,Spp1+ TAM,E15S,transferred
-4.4056177,3.13525,Resident Macrophage,E15S,transferred
23.88201,5.4396515,Tumor Proliferating,E15S,transferred
26.100452,5.3346763,Tumor,E15S,transferred
-7.121281,3.4821177,C1qc+ TAM,E15S,transferred
27.613678,3.7747788,Tumor,E15S,transferred
25.886997,5.0795827,Tumor,E15S,transferred
24.721294,5.054062,Tumor Proliferating,E15S,transferred
-4.0805387,4.2491627,Resident Macrophage,E15S,transferred
2.0030332,-7.237226,Neutrophil,E15S,transferred
16.30765,10.091146,Hypoxic Tumor,E15S,transferred
17.061312,7.3371215,Hypoxic Tumor,E15S,knn
17.230093,10.381203,Stromal,E15S,transferred
17.380148,9.704738,Stromal,E15S,transferred
2.514102,15.591104,NK,E15S,transferred
23.407696,4.0160775,CAF,E15S,transferred
26.011187,5.39907,Tumor,E15S,transferred
-2.0710614,3.7944643,Resident Macrophage,E15S,transferred
0.34829545,0.92809767,Monocyte,E15S,transferred
25.878529,4.18459,Tumor,E15S,transferred
17.490902,10.709705,Stromal,E15S,transferred
26.785751,3.108417,Tumor,E15S,transferred
26.537815,4.5869694,Tumor,E15S,transferred
-0.9224422,0.059045613,Monocyte,E15S,transferred
24.580189,4.7004733,Tumor,E15S,transferred
-5.944263,4.698066,C1qc+ TAM,E15S,transferred
0.6168904,-6.903046,Neutrophil,E15S,transferred
17.381357,9.844568,Stromal,E15S,transferred
17.059479,9.927581,Stromal,E15S,transferred
24.505917,3.0864396,CAF,E15S,transferred
25.298626,4.2895627,CAF,E15S,transferred
-0.4963044,2.6950989,Monocyte,E15S,transferred
24.697859,5.448533,Tumor,E15S,transferred
18.69548,10.073953,Stromal,E15S,transferred
1.1084222,-8.107913,Neutrophil,E15S,transferred
-3.873471,2.865115,Il1b+ TAM,E15S,transferred
-2.09343,2.8642259,Spp1+ TAM,E15S,transferred
-3.4205477,3.8833385,Il1b+ TAM,E15S,transferred
24.24742,3.8059127,CAF,E15S,transferred
2.900055,-7.6401105,Neutrophil,E15S,transferred
-5.3876667,4.150304,Resident Macrophage,E15S,transferred
-0.73460954,-7.5747156,Neutrophil,E15S,transferred
-2.851349,2.0769224,Il1b+ TAM,E15S,transferred
27.459091,3.2552238,Tumor,E15S,transferred
16.762217,11.382751,Stromal,E15S,transferred
1.2563542,-8.275495,Neutrophil,E15S,transferred
24.309555,4.013808,Tumor,E15S,transferred
-4.0509777,4.0599213,C1qc+ TAM,E15S,transferred
1.6153145,-7.0424867,Neutrophil,E15S,transferred
1.8954557,14.916756,NK,E15S,transferred
24.375465,3.2126713,CAF,E15S,transferred
16.388786,10.982707,Hypoxic Tumor,E15S,transferred
16.920887,9.837761,Stromal,E15S,transferred
25.673101,3.560707,Tumor,E15S,transferred
-4.619167,2.66619,Il1b+ TAM,E15S,transferred
16.387394,7.653033,Hypoxic Tumor,E15S,transferred
-5.387038,3.2632687,Resident Macrophage,E15S,knn
-0.8159647,1.149909,Monocyte,E15S,transferred
17.317177,9.693298,Stromal,E15S,transferred
0.60667425,-8.102764,Neutrophil,E15S,transferred
0.6087053,-7.844391,Neutrophil,E15S,transferred
2.7571094,12.123906,CD8 Exhausted Proliferating,E15S,transferred
-3.5439532,4.156769,C1qc+ TAM,E15S,transferred
17.09088,9.910383,Stromal,E15S,transferred
-3.3425922,5.0191145,C1qc+ TAM,E15S,transferred
2.0298784,13.89051,NK T,E15S,transferred
-5.785633,5.390072,C1qc+ TAM,E15S,transferred
17.24399,9.355363,Stromal,E15S,transferred
25.402288,4.333611,CAF,E15S,transferred
26.620903,4.0054674,Tumor,E15S,transferred
-3.7268522,2.781109,C1qc+ TAM,E15S,transferred
1.85024,-8.316384,Neutrophil,E15S,transferred
-3.1981235,1.759727,Spp1+ TAM,E15S,transferred
25.878275,4.613201,Tumor,E15S,transferred
25.834793,3.8663738,Tumor,E15S,transferred
16.639238,10.752558,Stromal,E15S,transferred
-5.515127,1.462115,Spp1+ TAM,E15S,transferred
16.934511,7.6781664,Hypoxic Tumor,E15S,transferred
16.567202,10.553136,Stromal,E15S,transferred
26.505745,3.284481,Tumor,E15S,transferred
-1.7961477,5.2185245,Resident Macrophage,E15S,transferred
-4.8086705,3.5717158,Resident Macrophage,E15S,transferred
-0.7715323,1.9544803,Monocyte,E15S,transferred
17.247734,10.252796,Stromal,E15S,transferred
23.745327,3.2173114,CAF,E15S,transferred
17.33093,7.805109,Tumor Proliferating,E15S,transferred
24.880087,2.8802278,Tumor,E15S,transferred
2.3012977,-7.8221655,Neutrophil,E15S,transferred
-1.2182659,2.7005665,Spp1+ TAM,E15S,transferred
17.921955,9.567344,Stromal,E15S,transferred
23.756184,3.4350083,CAF,E15S,transferred
23.259289,3.7761528,Tumor Proliferating,E15S,transferred
25.590553,3.6217914,CAF,E15S,transferred
-2.0678623,1.5413587,Monocyte,E15S,transferred
23.531162,3.5987651,Tumor Proliferating,E15S,transferred
24.290474,3.530122,CAF,E15S,transferred
18.934654,6.8494596,Hypoxic Tumor,E15S,knn
-2.1371272,4.9805923,Resident Macrophage,E15S,knn
26.063963,3.7853434,Tumor,E15S,transferred
24.76841,5.539257,Tumor,E15S,transferred
25.28385,2.820313,CAF,E15S,transferred
25.285357,5.7584715,Tumor,E15S,transferred
-4.0324674,2.9578395,C1qc+ TAM,E15S,transferred
17.20229,9.929476,Stromal,E15S,transferred
23.74207,4.759098,CAF,E15S,transferred
-0.5615173,-8.057584,Neutrophil,E15S,transferred
-5.73952,1.7331481,C1qc+ TAM,E15S,transferred
25.602764,3.8795443,Tumor,E15S,transferred
-0.37991235,0.7546561,Monocyte,E15S,transferred
17.143103,11.453933,Stromal,E15S,transferred
-5.9132257,3.114192,Resident Macrophage,E15S,transferred
-0.025947783,2.018198,Monocyte,E15S,transferred
0.2515798,1.142848,Monocyte,E15S,transferred
27.301884,4.9731016,Tumor,E15S,transferred
0.9186799,5.547402,cDC,E15S,transferred
0.46017703,-7.9195137,Neutrophil,E15S,transferred
16.809162,7.1189184,Hypoxic Tumor,E15S,knn
-4.628678,2.9057784,Il1b+ TAM,E15S,transferred
-5.903452,3.512106,Resident Macrophage,E15S,transferred
-3.8445125,4.9110665,C1qc+ TAM,E15S,transferred
0.7389188,5.627673,cDC,E15S,transferred
17.737469,7.37069,Hypoxic Tumor,E15S,knn
17.6493,11.362673,Stromal,E15S,transferred
26.558483,4.191153,Tumor,E15S,transferred
-5.146178,3.9714687,Resident Macrophage,E15S,knn
24.172949,4.8980303,Tumor Proliferating,E15S,transferred
-4.545923,6.1953845,C1qc+ TAM,E15S,transferred
-5.000378,3.097997,Resident Macrophage,E15S,transferred
0.6676103,-8.742247,Neutrophil,E15S,transferred
-4.963257,5.3640666,C1qc+ TAM,E15S,transferred
3.1535332,-6.783298,Neutrophil,E15S,transferred
-3.2943254,4.282842,C1qc+ TAM,E15S,transferred
0.3044342,-6.1875176,Neutrophil,E15S,transferred
18.289114,10.709295,Stromal,E15S,transferred
19.439827,8.602677,Stromal,E15S,transferred
17.819838,8.774674,Stromal,E15S,transferred
0.8663643,-8.136463,Neutrophil,E15S,transferred
1.3076712,-8.506162,Neutrophil,E15S,transferred
17.64483,9.615258,Stromal,E15S,transferred
-1.4374404,1.6500098,Monocyte,E15S,transferred
18.823215,7.2843685,Hypoxic Tumor,E15S,knn
22.908081,3.7676482,Tumor Proliferating,E15S,transferred
24.358538,4.9031663,Tumor Proliferating,E15S,transferred
0.47876373,1.0228795,Monocyte,E15S,transferred
16.23136,8.850319,Hypoxic Tumor,E15S,transferred
-1.7222286,0.68631566,Monocyte,E15S,transferred
-4.689149,4.8668613,C1qc+ TAM,E15S,transferred
-3.4775078,1.7763399,Monocyte,E15S,transferred
1.7598952,-7.958597,Neutrophil,E15S,transferred
0.09656626,-5.1917005,Neutrophil,E15S,transferred
2.612209,14.551861,NK,E15S,transferred
-5.115792,1.4103588,Spp1+ TAM,E15S,transferred
-4.3050466,0.94208014,Spp1+ TAM,E15S,transferred
-1.1972026,1.7596407,Monocyte,E15S,transferred
25.353872,4.1697392,Tumor,E15S,transferred
1.9255857,14.854765,NK,E15S,transferred
-5.8715467,3.7773662,Resident Macrophage,E15S,transferred
23.928875,4.3057504,CAF,E15S,transferred
-1.9091012,2.9932954,Monocyte,E15S,transferred
-5.507598,3.7666516,Resident Macrophage,E15S,transferred
-0.56818765,3.1483636,Monocyte,E15S,transferred
24.784363,4.630957,Tumor Proliferating,E15S,transferred
2.119923,15.012445,NK,E15S,transferred
0.10459486,-5.53041,Neutrophil,E15S,transferred
-3.5817502,0.5198883,Spp1+ TAM,E15S,transferred
17.337084,9.007542,Stromal,E15S,transferred
2.4309487,-7.010411,Neutrophil,E15S,transferred
17.79308,8.9358,Stromal,E15S,transferred
0.5604659,-7.849621,Neutrophil,E15S,transferred
18.228037,9.399028,Stromal,E15S,transferred
-3.0337446,3.072165,Il1b+ TAM,E15S,transferred
23.53087,5.2045307,Tumor,E15S,transferred
-4.92687,6.114535,C1qc+ TAM,E15S,transferred
-0.45113006,3.1408541,Monocyte,E15S,transferred
-4.9671936,3.6793318,Il1b+ TAM,E15S,transferred
25.877432,5.6379013,Tumor,E15S,transferred
-4.214193,4.183094,C1qc+ TAM,E15S,transferred
-6.2653623,2.6845748,Resident Macrophage,E15S,knn
24.91588,5.4643106,Tumor Proliferating,E15S,transferred
-4.561524,5.986267,C1qc+ TAM,E15S,transferred
0.023814945,-8.692164,Neutrophil,E15S,knn
-2.0269756,3.7230763,Resident Macrophage,E15S,transferred
-0.13123596,-7.5837717,Neutrophil,E15S,transferred
-2.0856209,2.7594297,C1qc+ TAM,E15S,transferred
-0.44565478,-8.276859,Neutrophil,E15S,transferred
25.43239,5.1521754,Tumor,E15S,transferred
-5.947805,5.3912387,C1qc+ TAM,E15S,transferred
-6.1862397,4.778181,Resident Macrophage,E15S,transferred
-4.6917377,1.6010679,Spp1+ TAM,E15S,transferred
24.175747,3.3319163,CAF,E15S,transferred
-7.065151,3.0911336,C1qc+ TAM,E15S,transferred
-4.564443,4.2425675,C1qc+ TAM,E15S,transferred
2.8727784,-7.311154,Neutrophil,E15S,transferred
-5.3566217,2.9645278,Il1b+ TAM,E15S,transferred
-6.366837,2.4231002,Neutrophil,E15S,transferred
23.079948,5.3422747,Tumor Proliferating,E15S,transferred
26.851614,3.413177,Tumor,E15S,transferred
18.798498,8.461981,Stromal,E15S,transferred
-3.2877543,5.39484,C1qc+ TAM,E15S,transferred
-0.2621294,-8.405487,Neutrophil,E15S,transferred
-4.660366,1.9664114,Il1b+ TAM,E15S,transferred
-2.0358315,3.1927547,Spp1+ TAM,E15S,transferred
-7.010077,3.4086156,C1qc+ TAM,E15S,transferred
1.3621857,-8.863467,Neutrophil,E15S,knn
-5.131461,2.3880203,Il1b+ TAM,E15S,transferred
-6.5945516,1.3061392,Spp1+ TAM,E15S,transferred
-3.7381392,3.9738138,Resident Macrophage,E15S,transferred
25.782257,4.4565587,Tumor,E15S,transferred
-5.084985,2.126254,Il1b+ TAM,E15S,transferred
2.8830948,-7.2850847,Neutrophil,E15S,transferred
-5.406782,2.3340542,Spp1+ TAM,E15S,transferred
-3.6851697,4.0116534,C1qc+ TAM,E15S,transferred
25.68846,4.983433,Tumor,E15S,transferred
-4.8850284,3.0872185,C1qc+ TAM,E15S,transferred
18.630463,8.21473,Stromal,E15S,transferred
17.469372,9.101047,Stromal,E15S,transferred
1.9702355,14.887382,NK,E15S,transferred
18.208288,6.7816296,Hypoxic Tumor,E15S,transferred
-2.2070174,3.1795835,Monocyte,E15S,transferred
25.632397,2.8878303,Tumor,E15S,transferred
0.57678366,-7.4435964,Neutrophil,E15S,transferred
1.8004303,14.315521,NK,E15S,transferred
27.458422,3.3166218,Tumor,E15S,transferred
-4.589026,2.2107666,Il1b+ TAM,E15S,transferred
-5.0485024,1.9690344,C1qc+ TAM,E15S,transferred
1.944851,-8.22759,Neutrophil,E15S,transferred
24.690098,4.037572,Tumor Proliferating,E15S,transferred
-3.855962,5.5327806,C1qc+ TAM,E15S,transferred
-0.17901687,-8.63412,Neutrophil,E15S,knn
-0.08551336,-8.3035145,Neutrophil,E15S,transferred
25.010483,5.083346,CAF,E15S,transferred
-5.1331463,5.928542,C1qc+ TAM,E15S,transferred
-4.3544664,2.48512,Il1b+ TAM,E15S,transferred
23.784403,4.7981834,Tumor Proliferating,E15S,transferred
24.655191,5.6962986,Tumor,E15S,transferred
26.535318,5.231471,Tumor,E15S,transferred
0.8855382,-6.134994,Neutrophil,E15S,transferred
16.788338,11.496685,Stromal,E15S,transferred
26.09237,3.1940153,Tumor,E15S,transferred
22.896437,3.5844142,Tumor Proliferating,E15S,transferred
-5.516485,0.61143154,Spp1+ TAM,E15S,transferred
18.038198,10.792542,Stromal,E15S,transferred
1.5751626,-8.423864,Neutrophil,E15S,transferred
22.880297,4.0537167,Tumor Proliferating,E15S,transferred
0.6718775,5.549181,cDC,E15S,transferred
-5.9267125,1.4959358,Resident Macrophage,E15S,transferred
0.46362033,-8.281173,Neutrophil,E15S,transferred
26.919827,3.5645528,Tumor,E15S,transferred
-5.968619,1.4728848,Spp1+ TAM,E15S,transferred
16.518358,6.573724,Hypoxic Tumor,E15S,transferred
16.88792,10.145302,Stromal,E15S,transferred
24.702604,3.3706353,Tumor,E15S,transferred
25.637184,4.008622,Tumor,E15S,transferred
16.991543,6.783829,Hypoxic Tumor,E15S,transferred
-2.3948116,4.061232,C1qc+ TAM,E15S,transferred
15.631024,11.101154,Stromal,E15S,transferred
16.501907,11.229519,Hypoxic Tumor,E15S,transferred
27.113222,4.2710905,Tumor,E15S,transferred
3.1114755,12.26509,CD4 T,E15S,transferred
-1.5656639,3.7194288,Monocyte,E15S,transferred
16.993938,10.298569,Stromal,E15S,transferred
25.419998,2.7978365,Tumor,E15S,transferred
-5.180186,3.082503,Resident Macrophage,E15S,transferred
23.024559,5.277233,Tumor Proliferating,E15S,knn
16.660036,10.129711,Stromal,E15S,transferred
23.042654,4.262591,Tumor Proliferating,E15S,transferred
16.86969,11.379269,Stromal,E15S,transferred
23.447063,5.767539,Tumor Proliferating,E15S,transferred
0.1749358,1.5327297,Monocyte,E15S,transferred
22.363726,4.3474236,Tumor Proliferating,E15S,transferred
-4.1408195,4.0727215,Resident Macrophage,E15S,transferred
16.376585,11.145059,Stromal,E15S,transferred
25.449848,3.213448,Tumor,E15S,transferred
27.14811,5.038942,Tumor,E15S,transferred
1.4171944,-7.811375,Neutrophil,E15S,transferred
-3.6779296,0.7953975,Spp1+ TAM,E15S,transferred
-3.5100186,2.47493,Resident Macrophage,E15S,transferred
2.2217116,15.095299,NK,E15S,transferred
26.12461,5.428502,Tumor,E15S,transferred
26.82741,4.370092,Tumor,E15S,transferred
16.26442,8.7221985,Hypoxic Tumor,E15S,transferred
-4.548421,5.9064565,C1qc+ TAM,E15S,transferred
27.511557,3.966561,Tumor,E15S,transferred
0.33068168,-5.5358725,Neutrophil,E15S,transferred
17.249681,10.01937,Stromal,E15S,transferred
16.907032,8.064286,Hypoxic Tumor,E15S,transferred
1.9344118,-8.024626,Neutrophil,E15S,transferred
16.904058,9.754692,Stromal,E15S,transferred
-5.281303,2.4391954,Il1b+ TAM,E15S,transferred
17.925854,10.944681,Stromal,E15S,transferred
-3.556506,3.4528809,C1qc+ TAM,E15S,transferred
-3.375562,2.7048295,Il1b+ TAM,E15S,transferred
16.351475,8.141898,Hypoxic Tumor,E15S,transferred
24.917328,4.8782825,Tumor,E15S,transferred
25.236773,5.143383,Tumor,E15S,transferred
1.1864468,5.009534,cDC,E15S,transferred
25.387869,4.1259494,Tumor,E15S,transferred
17.3979,9.4051895,Stromal,E15S,transferred
3.014391,-6.6868367,Neutrophil,E15S,transferred
24.08698,4.055297,CAF,E15S,transferred
3.3210754,12.850995,CD8 Exhausted Proliferating,E15S,transferred
25.43888,3.1348603,Tumor,E15S,transferred
-2.4124382,1.2883164,Il1b+ TAM,E15S,transferred
1.9301413,14.242472,NK,E15S,transferred
17.335762,9.6466875,Stromal,E15S,transferred
-0.7766908,1.3088189,Monocyte,E15S,transferred
26.976786,3.7678273,Tumor,E15S,transferred
-1.7268469,5.112238,Resident Macrophage,E15S,knn
24.05046,5.742384,Tumor Proliferating,E15S,transferred
25.964483,3.2785556,Tumor,E15S,transferred
18.735493,8.78084,Stromal,E15S,transferred
19.19951,9.093459,Stromal,E15S,transferred
-1.8118066,5.051157,Resident Macrophage,E15S,knn
-7.0523086,3.8149903,C1qc+ TAM,E15S,transferred
-6.7121267,4.0559106,Resident Macrophage,E15S,transferred
1.1922216,-8.433628,Neutrophil,E15S,transferred
-6.044997,4.5292788,C1qc+ TAM,E15S,transferred
16.715906,7.049094,Hypoxic Tumor,E15S,knn
-4.460904,3.0605266,Resident Macrophage,E15S,transferred
16.5757,10.077101,Stromal,E15S,transferred
24.532393,4.6888146,Tumor Proliferating,E15S,transferred
-1.1023856,0.21953608,Monocyte,E15S,transferred
16.556734,10.182089,Tumor,E15S,transferred
1.5747311,-7.7939386,Neutrophil,E15S,transferred
0.9467902,-8.254058,Neutrophil,E15S,transferred
-5.884478,4.6454225,Resident Macrophage,E15S,transferred
23.11586,5.6608887,Tumor Proliferating,E15S,transferred
-5.471562,1.5478288,Spp1+ TAM,E15S,transferred
0.4758411,0.52213514,Monocyte,E15S,transferred
18.827028,7.902557,Stromal,E15S,transferred
-5.4580736,1.9696392,Resident Macrophage,E15S,transferred
2.5032527,15.513923,NK,E15S,transferred
0.23211919,-8.257077,Neutrophil,E15S,transferred
26.859932,3.5113428,Tumor,E15S,transferred
17.802458,10.803822,Stromal,E15S,transferred
18.513826,8.551944,Stromal,E15S,transferred
-3.558283,3.5297418,Il1b+ TAM,E15S,transferred
-2.1400132,4.077738,C1qc+ TAM,E15S,transferred
0.27634153,-8.284235,Neutrophil,E15S,transferred
25.789883,2.8885365,Tumor,E15S,transferred
-6.29055,3.9351902,Resident Macrophage,E15S,transferred
24.22345,4.3813,CAF,E15S,transferred
26.38678,4.7917013,Tumor,E15S,transferred
16.66183,10.374008,Stromal,E15S,transferred
18.122211,8.057908,Stromal,E15S,knn
-5.334394,3.1374774,Resident Macrophage,E15S,transferred
0.6727317,0.7283853,Monocyte,E15S,transferred
-4.6094604,3.276892,Resident Macrophage,E15S,transferred
1.848119,-9.23805,Neutrophil,E15S,transferred
-5.4012613,5.37882,C1qc+ TAM,E15S,transferred
-4.849446,6.110269,C1qc+ TAM,E15S,transferred
24.78497,5.979853,Tumor,E15S,transferred
16.523466,7.137374,Hypoxic Tumor,E15S,knn
-1.2638495,10.699504,B,E15S,transferred
-1.9846771,5.930356,Hypoxic Tumor,E15S,knn
23.973694,3.1250427,CAF,E15S,transferred
0.77040577,-6.0338182,Neutrophil,E15S,transferred
23.900127,5.419804,Tumor Proliferating,E15S,transferred
25.593473,3.0041533,Tumor,E15S,transferred
17.418879,9.556325,Stromal,E15S,transferred
2.6002243,13.012124,NK T,E15S,transferred
-1.8005459,3.2619193,Monocyte,E15S,transferred
17.310625,11.055498,Stromal,E15S,transferred
1.123378,-9.095109,Neutrophil,E15S,transferred
-5.6323776,2.2322268,Resident Macrophage,E15S,transferred
16.462097,7.0093594,Hypoxic Tumor,E15S,transferred
26.80751,4.8096156,Tumor,E15S,transferred
1.3004656,-5.901687,Neutrophil,E15S,transferred
16.306568,8.357842,Hypoxic Tumor,E15S,transferred
25.659542,3.525622,Tumor,E15S,transferred
27.328562,4.843155,Tumor,E15S,transferred
-5.5170197,5.0298514,C1qc+ TAM,E15S,transferred
-4.901052,3.0854886,Il1b+ TAM,E15S,transferred
-1.9283887,2.4030519,Monocyte,E15S,transferred
17.714752,9.846986,Stromal,E15S,transferred
-3.9017258,4.534699,C1qc+ TAM,E15S,transferred
25.704002,3.5332441,Tumor,E15S,transferred
15.497185,11.079078,Stromal,E15S,transferred
-5.1509995,6.1564183,C1qc+ TAM,E15S,transferred
24.724136,4.5584755,Tumor Proliferating,E15S,transferred
26.058117,3.5689785,Tumor,E15S,transferred
3.2163942,-6.909826,Neutrophil,E15S,transferred
-5.7507467,3.4704556,Resident Macrophage,E15S,transferred
0.51555574,-8.772229,Neutrophil,E15S,transferred
-3.7858129,5.1431913,C1qc+ TAM,E15S,transferred
-4.4401093,3.183052,Resident Macrophage,E15S,transferred
24.387707,4.718357,Tumor Proliferating,E15S,transferred
27.071604,4.530947,Tumor,E15S,transferred
1.3538331,-8.741924,Neutrophil,E15S,transferred
16.784859,10.56269,Stromal,E15S,transferred
0.2988565,-6.1905828,Neutrophil,E15S,transferred
-4.082591,2.3558755,Resident Macrophage,E15S,transferred
-4.839095,5.4938583,C1qc+ TAM,E15S,transferred
-6.311133,3.0441813,C1qc+ TAM,E15S,transferred
27.234419,4.150789,Tumor,E15S,transferred
-3.7110302,3.5964198,C1qc+ TAM,E15S,transferred
-6.31302,5.10171,Resident Macrophage,E15S,transferred
-1.7610728,2.1760497,Monocyte,E15S,transferred
18.061468,9.628203,Stromal,E15S,transferred
-3.3675325,2.5656626,C1qc+ TAM,E15S,transferred
15.747281,11.120409,Stromal,E15S,transferred
-3.5426579,5.160465,Monocyte,E15S,transferred
-4.7472763,4.422333,Resident Macrophage,E15S,transferred
24.970716,2.9889276,CAF,E15S,transferred
-5.6642094,4.132726,C1qc+ TAM,E15S,transferred
17.20625,10.122857,Stromal,E15S,transferred
-5.854212,1.3795156,Spp1+ TAM,E15S,transferred
-2.3658442,3.1904347,Monocyte,E15S,transferred
17.896467,10.692544,Stromal,E15S,transferred
-0.51095337,0.9438096,Monocyte,E15S,transferred
1.9245403,-7.6716237,Neutrophil,E15S,transferred
25.87452,3.763371,Tumor,E15S,transferred
22.829111,4.191511,Tumor Proliferating,E15S,transferred
-4.619178,4.6908813,Resident Macrophage,E15S,transferred
-3.2278118,2.2637773,Il1b+ TAM,E15S,transferred
2.7951028,11.301475,Monocyte,E15S,transferred
16.120892,10.797551,Tumor,E15S,transferred
18.773306,8.089798,Stromal,E15S,transferred
16.815214,9.807218,Stromal,E15S,transferred
-3.0754452,3.0472202,C1qc+ TAM,E15S,transferred
24.031145,5.5777063,Tumor Proliferating,E15S,transferred
-2.1997302,1.8127148,Monocyte,E15S,transferred
15.786843,11.034865,Stromal,E15S,transferred
3.3236978,11.862518,Regulatory CD8 T,E15S,transferred
23.763979,4.3884315,Tumor Proliferating,E15S,transferred
24.862349,4.9645805,Tumor,E15S,transferred
-5.6169443,1.3355968,Spp1+ TAM,E15S,transferred
26.147827,3.2395985,Tumor,E15S,transferred
-6.1368613,5.20914,Resident Macrophage,E15S,transferred
-6.372103,2.9250612,Resident Macrophage,E15S,transferred
0.47844893,-8.424639,Neutrophil,E15S,transferred
-0.14920942,-8.855196,Resident Macrophage,E15S,knn
-2.49636,5.953887,Spp1+ TAM,E15S,transferred
-5.094054,1.8276327,Il1b+ TAM,E15S,transferred
16.679605,8.084016,Hypoxic Tumor,E15S,transferred
-4.36814,3.447506,Il1b+ TAM,E15S,transferred
0.5611978,-5.9733863,Neutrophil,E15S,transferred
25.957317,2.9174356,Tumor,E15S,transferred
26.998692,2.991677,Tumor,E15S,transferred
17.18606,9.485381,Stromal,E15S,transferred
-5.73946,4.823003,Resident Macrophage,E15S,transferred
25.887062,3.140652,Tumor,E15S,transferred
-4.2813816,5.2301226,C1qc+ TAM,E15S,transferred
-6.7540708,2.186465,C1qc+ TAM,E15S,knn
25.709248,2.6873624,Tumor,E15S,transferred
-3.763901,6.177923,C1qc+ TAM,E15S,transferred
-0.117540784,-7.7019606,Neutrophil,E15S,transferred
17.342064,10.908416,Stromal,E15S,transferred
27.100958,4.8882527,Tumor,E15S,transferred
16.820944,9.616646,Stromal,E15S,transferred
0.39061964,-5.4360137,Neutrophil,E15S,transferred
2.163975,-8.664427,Neutrophil,E15S,transferred
-1.7133969,2.7017794,Monocyte,E15S,transferred
-0.20694134,-8.074534,Neutrophil,E15S,transferred
-5.280387,2.6975722,C1qc+ TAM,E15S,transferred
16.257368,10.65206,Hypoxic Tumor,E15S,transferred
26.892767,3.8585165,Tumor,E15S,transferred
25.961227,5.439704,Tumor,E15S,transferred
-4.5469646,3.4280949,C1qc+ TAM,E15S,transferred
2.573923,-9.223194,Neutrophil,E15S,transferred
23.2101,3.689306,Tumor Proliferating,E15S,transferred
0.5015232,-7.788196,Neutrophil,E15S,transferred
1.4001675,-7.562095,Neutrophil,E15S,transferred
1.7288108,-8.92373,Neutrophil,E15S,transferred
-5.5739293,3.6137881,Resident Macrophage,E15S,transferred
16.604322,9.654952,Stromal,E15S,transferred
-3.054284,4.1719894,Il1b+ TAM,E15S,transferred
-2.7811515,1.3379672,Spp1+ TAM,E15S,transferred
23.87692,5.540405,Tumor Proliferating,E15S,transferred
24.311646,5.8325267,Tumor,E15S,transferred
-2.46747,5.957349,C1qc+ TAM,E15S,transferred
-2.9483762,3.573893,Monocyte,E15S,transferred
-6.0177283,2.587008,C1qc+ TAM,E15S,transferred
2.5357308,14.906988,NK,E15S,transferred
-5.9021664,1.5307333,Spp1+ TAM,E15S,transferred
26.76245,4.206405,Tumor,E15S,transferred
-4.4888577,2.0350068,Spp1+ TAM,E15S,transferred
-2.5947764,3.8474185,C1qc+ TAM,E15S,knn
-2.8325136,4.3010125,C1qc+ TAM,E15S,transferred
2.5636096,-7.6191616,Neutrophil,E15S,transferred
-4.1816387,4.404482,C1qc+ TAM,E15S,transferred
23.403568,4.139633,Tumor Proliferating,E15S,transferred
-1.2883453,10.719513,B,E15S,transferred
1.5556179,-7.399349,Neutrophil,E15S,transferred
23.400303,3.974546,Tumor Proliferating,E15S,transferred
-2.61091,4.7378254,Monocyte,E15S,transferred
2.242152,14.725233,NK,E15S,transferred
-2.9918964,4.284458,Monocyte,E15S,transferred
-3.2977526,3.1447215,C1qc+ TAM,E15S,transferred
-5.7408137,5.2041636,C1qc+ TAM,E15S,transferred
-5.3238688,3.5535982,C1qc+ TAM,E15S,transferred
0.20510072,0.666152,Monocyte,E15S,transferred
23.47326,3.7475,Tumor Proliferating,E15S,transferred
-3.818938,4.7338476,C1qc+ TAM,E15S,transferred
-0.11244887,-8.383794,Neutrophil,E15S,transferred
19.096601,8.781085,Stromal,E15S,transferred
-0.8547217,-8.065284,Neutrophil,E15S,transferred
0.73226005,-6.34668,Neutrophil,E15S,transferred
-5.6165605,1.167296,Spp1+ TAM,E15S,transferred
1.0538434,-6.260494,Neutrophil,E15S,transferred
-6.3726974,2.3946908,Resident Macrophage,E15S,knn
-0.80742383,2.9320478,Monocyte,E15S,transferred
-6.621353,1.7596438,C1qc+ TAM,E15S,transferred
25.561432,4.1185136,Tumor,E15S,transferred
18.452671,10.298161,Stromal,E15S,transferred
-5.261241,4.3326855,Resident Macrophage,E15S,transferred
-4.9913034,2.3095162,C1qc+ TAM,E15S,transferred
1.2718165,-8.637371,Neutrophil,E15S,knn
-5.24427,3.9810634,C1qc+ TAM,E15S,transferred
-3.5321438,5.3057866,Monocyte,E15S,transferred
15.470631,11.2364855,Stromal,E15S,transferred
17.692656,10.663776,Stromal,E15S,transferred
24.676943,3.866303,Tumor,E15S,transferred
-1.3779937,0.8399391,Resident Macrophage,E15S,transferred
17.535763,9.413118,Stromal,E15S,transferred
16.246008,11.705986,Stromal,E15S,transferred
23.628695,5.2446513,Tumor Proliferating,E15S,transferred
27.290628,4.403617,Tumor,E15S,transferred
-4.2480707,1.521199,Resident Macrophage,E15S,transferred
23.310692,5.5426702,Tumor Proliferating,E15S,transferred
1.677391,-8.525467,Neutrophil,E15S,transferred
-4.3522534,5.9625883,C1qc+ TAM,E15S,transferred
-2.6460521,1.3115864,Spp1+ TAM,E15S,transferred
16.568102,10.767559,Stromal,E15S,transferred
26.855333,3.6290212,Tumor,E15S,transferred
17.79049,9.340088,Stromal,E15S,transferred
-0.8967603,5.062606,B,E15S,knn
-4.9741096,3.4136906,Resident Macrophage,E15S,transferred
-5.442221,3.7441978,C1qc+ TAM,E15S,transferred
18.99502,7.1845784,Hypoxic Tumor,E15S,knn
24.213158,4.137743,CAF,E15S,transferred
-4.821534,2.7756877,Il1b+ TAM,E15S,transferred
-0.32100287,0.086731665,Monocyte,E15S,transferred
-2.026678,1.4091477,Monocyte,E15S,transferred
17.002996,11.108932,Stromal,E15S,transferred
16.452667,7.3274617,Hypoxic Tumor,E15S,transferred
-1.9931552,1.6167185,Monocyte,E15S,transferred
-0.05825575,-5.9177966,Neutrophil,E15S,transferred
22.824726,3.617343,Tumor Proliferating,E15S,transferred
-5.6659384,1.5021662,Spp1+ TAM,E15S,transferred
-5.2601643,0.7299247,Spp1+ TAM,E15S,transferred
-1.8976113,2.6436474,Monocyte,E15S,transferred
23.310572,4.1570907,Tumor Proliferating,E15S,transferred
-1.682265,1.5486374,Monocyte,E15S,transferred
-3.9366217,0.49411935,Spp1+ TAM,E15S,transferred
25.511501,5.406035,Tumor,E15S,transferred
16.501242,10.802364,Stromal,E15S,transferred
23.380333,4.633455,Tumor Proliferating,E15S,transferred
17.326214,10.037616,Stromal,E15S,transferred
-4.319164,2.054409,Il1b+ TAM,E15S,transferred
-2.8649697,2.1158216,Il1b+ TAM,E15S,transferred
0.9241399,-6.532071,Neutrophil,E15S,transferred
26.675646,3.2759573,Tumor,E15S,transferred
-3.5955107,1.1714792,Spp1+ TAM,E15S,transferred
16.828241,7.447024,Hypoxic Tumor,E15S,knn
17.570538,10.137369,Stromal,E15S,transferred
18.239042,10.218544,Stromal,E15S,transferred
24.065447,3.2420762,Tumor Proliferating,E15S,transferred
16.732414,10.20222,Stromal,E15S,transferred
-4.755825,5.594925,C1qc+ TAM,E15S,transferred
25.590277,4.1489773,Tumor,E15S,transferred
25.529743,5.712007,Tumor,E15S,transferred
26.698072,4.1798525,Hypoxic Tumor,E15S,transferred
-4.57087,1.2791969,Spp1+ TAM,E15S,transferred
5.45991,9.826483,B,E15S,transferred
-1.2341331,2.691732,Monocyte,E15S,transferred
-4.809545,4.9224744,C1qc+ TAM,E15S,transferred
-1.5275129,1.9914063,Monocyte,E15S,transferred
0.37602523,-7.8093743,Neutrophil,E15S,transferred
15.505989,11.153462,Hypoxic Tumor,E15S,transferred
23.2558,5.6359944,Tumor Proliferating,E15S,transferred
19.729834,8.252183,Stromal,E15S,transferred
16.556288,6.9679794,Hypoxic Tumor,E15S,knn
-1.3951479,1.2977867,Monocyte,E15S,transferred
-4.12865,5.389984,C1qc+ TAM,E15S,transferred
-3.117288,3.4650087,Resident Macrophage,E15S,transferred
-1.0165821,0.81039464,Monocyte,E15S,transferred
-5.230621,4.227198,Resident Macrophage,E15S,transferred
27.027092,4.5501866,Tumor,E15S,transferred
25.101282,3.9893541,Tumor,E15S,transferred
-4.8584595,1.5008253,Spp1+ TAM,E15S,transferred
0.38244364,1.7171909,Monocyte,E15S,transferred
-6.8430967,3.7989557,Resident Macrophage,E15S,transferred
-5.748394,1.1845825,Spp1+ TAM,E15S,transferred
0.19644292,-5.6987133,Neutrophil,E15S,transferred
17.201212,10.49388,Stromal,E15S,transferred
0.76050794,-6.547475,Neutrophil,E15S,transferred
1.3684282,-7.8510623,Neutrophil,E15S,transferred
-6.1631603,4.4843893,C1qc+ TAM,E15S,transferred
0.5217021,-7.887878,Neutrophil,E15S,transferred
27.359932,3.1741045,Tumor,E15S,transferred
-1.7765206,3.447026,Monocyte,E15S,transferred
27.42185,3.2609909,Tumor,E15S,transferred
26.032444,3.7835276,Tumor,E15S,transferred
2.2561626,-8.936822,Neutrophil,E15S,transferred
25.517015,5.7233715,Tumor,E15S,transferred
-4.7748485,3.622983,C1qc+ TAM,E15S,transferred
26.666214,3.911834,Hypoxic Tumor,E15S,transferred
1.7080312,-8.203575,Neutrophil,E15S,transferred
-6.2308073,2.851906,Il1b+ TAM,E15S,transferred
2.828842,-7.236119,Neutrophil,E15S,transferred
-1.1955975,1.8136487,Monocyte,E15S,transferred
-5.2978053,4.9715943,C1qc+ TAM,E15S,transferred
16.53358,7.2250304,Hypoxic Tumor,E15S,knn
-4.162742,4.9974656,Il1b+ TAM,E15S,transferred
15.374573,11.401633,Stromal,E15S,transferred
-1.9601051,0.5827892,Monocyte,E15S,transferred
24.131485,5.290077,Tumor Proliferating,E15S,transferred
-2.4824815,2.0719671,C1qc+ TAM,E15S,transferred
2.2985735,13.471152,NK T,E15S,transferred
-2.7100666,3.7806244,Monocyte,E15S,transferred
24.004536,5.3552947,Tumor Proliferating,E15S,transferred
1.68541,-8.492806,Neutrophil,E15S,transferred
23.75678,3.9855006,CAF,E15S,transferred
16.331463,11.457941,Tumor,E15S,transferred
17.702152,11.390661,Stromal,E15S,transferred
27.007229,3.085638,Tumor,E15S,transferred
-4.1187234,2.9817126,Il1b+ TAM,E15S,transferred
-4.263066,2.4943871,Resident Macrophage,E15S,transferred
19.266203,8.710175,Stromal,E15S,transferred
-4.134431,5.5872273,C1qc+ TAM,E15S,transferred
0.26347837,5.010508,cDC,E15S,transferred
-6.5062943,2.6912012,C1qc+ TAM,E15S,transferred
18.634214,7.230179,Hypoxic Tumor,E15S,knn
-3.8312318,3.0811863,Il1b+ TAM,E15S,transferred
18.251802,9.110126,Stromal,E15S,transferred
-5.4658437,2.1419713,Spp1+ TAM,E15S,transferred
-0.3219223,1.2686404,Monocyte,E15S,transferred
18.869015,6.8654494,Hypoxic Tumor,E15S,knn
-6.265774,1.0960743,Spp1+ TAM,E15S,transferred
26.19137,3.0835376,Tumor,E15S,transferred
1.243697,-7.6934576,Neutrophil,E15S,transferred
-4.786986,2.1430328,Spp1+ TAM,E15S,transferred
-3.728615,3.1575968,Resident Macrophage,E15S,transferred
0.6661874,-5.6276007,Neutrophil,E15S,transferred
-5.3835263,3.975573,Resident Macrophage,E15S,transferred
2.4529414,7.5782704,mDC,E15S,transferred
24.163616,4.325667,Tumor Proliferating,E15S,transferred
2.2141469,6.8882384,mDC,E15S,transferred
25.62652,2.860156,Tumor,E15S,transferred
15.581516,11.1586485,Hypoxic Tumor,E15S,transferred
17.253695,9.260939,Stromal,E15S,transferred
24.903564,5.1130996,Tumor,E15S,transferred
0.16667698,-7.7986207,Neutrophil,E15S,transferred
1.4087873,-8.661454,Neutrophil,E15S,transferred
-3.4219272,6.965666,C1qc+ TAM,E15S,transferred
0.2698705,-6.0308423,Neutrophil,E15S,transferred
26.09461,2.999371,CAF,E15S,transferred
-5.116736,1.6964186,Spp1+ TAM,E15S,transferred
-5.039404,4.018476,Resident Macrophage,E15S,transferred
1.7365679,-7.7284155,Neutrophil,E15S,transferred
0.47203326,-5.208887,Neutrophil,E15S,transferred
0.49722937,-6.2198553,Neutrophil,E15S,transferred
-6.1902537,0.6437026,Spp1+ TAM,E15S,transferred
2.833462,-7.640618,Neutrophil,E15S,transferred
26.846756,4.3864017,Tumor,E15S,transferred
16.449774,8.690922,Hypoxic Tumor,E15S,transferred
18.09334,10.982882,Stromal,E15S,transferred
-2.920365,3.3221617,Spp1+ TAM,E15S,transferred
15.886625,10.236722,Hypoxic Tumor,E15S,transferred
-6.6288157,3.4675517,Resident Macrophage,E15S,transferred
2.5032604,15.574018,NK,E15S,transferred
-4.764228,3.8216667,Il1b+ TAM,E15S,transferred
-5.84497,4.398658,Resident Macrophage,E15S,transferred
22.390102,4.342318,Tumor Proliferating,E15S,transferred
-6.231617,2.7502394,Resident Macrophage,E15S,transferred
25.605299,5.5999637,Tumor,E15S,transferred
1.674051,-7.841016,Neutrophil,E15S,transferred
16.608686,5.9334054,Hypoxic Tumor,E15S,knn
16.664179,5.8616233,Hypoxic Tumor,E15S,knn
-6.846314,2.2142034,C1qc+ TAM,E15S,transferred
5.3683157,9.896205,B,E15S,knn
-6.5378737,4.234333,C1qc+ TAM,E15S,transferred
-3.627949,4.1681256,Monocyte,E15S,transferred
-5.5575676,4.4626255,C1qc+ TAM,E15S,transferred
-5.8478384,4.6557875,Resident Macrophage,E15S,transferred
2.13281,15.20932,NK,E15S,transferred
-5.525492,3.4021409,C1qc+ TAM,E15S,transferred
-3.6856074,0.66343766,Spp1+ TAM,E15S,transferred
2.1463146,15.339458,NK,E15S,transferred
17.294369,10.300497,Stromal,E15S,transferred
-0.8664626,1.0565596,Monocyte,E15S,transferred
-6.0366063,2.3368666,C1qc+ TAM,E15S,transferred
16.91897,6.4027658,Hypoxic Tumor,E15S,knn
1.0563313,-8.726322,Neutrophil,E15S,transferred
-3.9617667,2.218891,C1qc+ TAM,E15S,transferred
15.933586,11.181587,Tumor,E15S,transferred
-4.7294025,5.504272,C1qc+ TAM,E15S,transferred
-3.0643163,3.5075195,Monocyte,E15S,transferred
-5.682377,2.1750078,Resident Macrophage,E15S,knn
16.36917,7.1047063,Hypoxic Tumor,E15S,knn
-0.77841663,-8.262613,Neutrophil,E15S,knn
15.478378,11.161156,Stromal,E15S,transferred
25.42656,5.325275,Tumor,E15S,transferred
26.139526,3.5899494,Tumor,E15S,transferred
23.353685,4.112271,CAF,E15S,transferred
17.495354,8.978009,Stromal,E15S,transferred
-4.544235,1.7244679,Il1b+ TAM,E15S,transferred
22.45831,4.479579,Tumor Proliferating,E15S,transferred
23.900911,5.21804,Stromal,E15S,transferred
17.691317,9.787715,Stromal,E15S,transferred
17.94945,11.090967,Stromal,E15S,transferred
26.181234,5.3081408,Tumor,E15S,transferred
-6.6182475,3.8764434,C1qc+ TAM,E15S,transferred
0.3651849,1.1946939,Monocyte,E15S,transferred
0.0052527958,1.8231329,Monocyte,E15S,transferred
23.75985,5.4326806,Tumor Proliferating,E15S,knn
2.277429,-8.976025,Neutrophil,E15S,transferred
15.805896,10.8942375,Stromal,E15S,transferred
26.260387,5.1548657,Tumor,E15S,transferred
-6.5412397,1.0335972,Spp1+ TAM,E15S,transferred
-5.079058,3.0438478,Resident Macrophage,E15S,transferred
26.502668,3.2559817,Tumor,E15S,transferred
25.886822,3.9585288,Tumor,E15S,transferred
1.9143903,-7.7075434,Neutrophil,E15S,transferred
-5.965323,1.163102,Spp1+ TAM,E15S,transferred
25.523407,4.828553,CAF,E15S,transferred
18.055958,9.500583,Stromal,E15S,transferred
-1.0087186,0.0066500744,Monocyte,E15S,transferred
-0.3541395,-7.950309,Neutrophil,E15S,transferred
-1.2565788,4.2574215,C1qc+ TAM,E15S,transferred
-3.6235907,3.116875,Il1b+ TAM,E15S,transferred
27.56016,3.7823699,Tumor,E15S,transferred
16.90533,10.951342,Stromal,E15S,transferred
-5.276741,2.134143,Resident Macrophage,E15S,transferred
-4.892637,3.0943308,Resident Macrophage,E15S,transferred
-6.686591,3.7135088,C1qc+ TAM,E15S,transferred
-4.8303685,3.9511476,Resident Macrophage,E15S,transferred
16.538221,6.5831056,Hypoxic Tumor,E15S,knn
-0.70722467,2.6132133,Monocyte,E15S,transferred
0.049064547,-8.433311,Neutrophil,E15S,transferred
-1.1520731,1.0468239,Monocyte,E15S,transferred
-3.6196516,3.7174644,C1qc+ TAM,E15S,transferred
0.3041811,0.8166536,Monocyte,E15S,transferred
-3.9002838,5.9374704,C1qc+ TAM,E15S,transferred
1.0412151,-5.654817,Il1b+ TAM,E15S,transferred
0.37619278,-5.6950536,Il1b+ TAM,E15S,transferred
24.692707,6.0805764,Tumor,E15S,transferred
1.1956049,-7.604503,Neutrophil,E15S,transferred
18.37864,9.300229,Stromal,E15S,transferred
25.105629,3.1319869,CAF,E15S,transferred
-5.552437,3.5296142,Resident Macrophage,E15S,transferred
-5.6178966,3.2345464,Resident Macrophage,E15S,transferred
-1.5200796,3.6028223,Resident Macrophage,E15S,transferred
-5.9549766,2.6277914,Resident Macrophage,E15S,transferred
-1.7270226,3.3735645,Resident Macrophage,E15S,transferred
26.424314,2.9949837,Tumor,E15S,transferred
-6.450152,2.620202,C1qc+ TAM,E15S,transferred
23.762846,3.4409337,Tumor Proliferating,E15S,transferred
-4.3667836,3.310969,C1qc+ TAM,E15S,transferred
1.1384431,-5.928165,Neutrophil,E15S,transferred
-0.7935145,0.08373463,Monocyte,E15S,transferred
0.08897814,-5.2130666,Monocyte,E15S,transferred
23.942368,4.517282,CAF,E15S,transferred
1.3753122,13.840658,NK,E15S,transferred
26.705576,3.2864194,Tumor,E15S,transferred
25.28609,4.3011446,Tumor,E15S,transferred
23.29021,5.2729626,Tumor Proliferating,E15S,transferred
3.1171842,-7.3239536,Neutrophil,E15S,transferred
17.729292,9.564604,Resident Macrophage,E15S,transferred
-0.7914169,-8.401446,Neutrophil,E15S,knn
22.563408,4.370118,Tumor Proliferating,E15S,transferred
-4.537813,2.7557495,Il1b+ TAM,E15S,transferred
-0.58152574,-0.34366727,Monocyte,E15S,transferred
19.127872,8.775743,Stromal,E15S,transferred
-6.5365295,3.350902,Resident Macrophage,E15S,transferred
-0.7981219,2.8109028,Monocyte,E15S,transferred
24.208475,5.1977053,Tumor Proliferating,E15S,transferred
15.513794,11.0628,Hypoxic Tumor,E15S,transferred
-5.287117,3.0792868,Resident Macrophage,E15S,transferred
-3.4038186,4.037622,Il1b+ TAM,E15S,transferred
25.984846,3.971449,CAF,E15S,transferred
25.338017,4.7915807,CAF,E15S,transferred
0.9073303,-8.408489,Neutrophil,E15S,transferred
18.031471,9.691015,Stromal,E15S,transferred
-6.4884295,1.0633258,Spp1+ TAM,E15S,transferred
2.6263084,-7.830927,Neutrophil,E15S,transferred
26.444843,4.5373087,Tumor,E15S,transferred
-6.476549,2.034385,C1qc+ TAM,E15S,transferred
15.900077,11.187322,Tumor,E15S,transferred
2.3781168,-9.257558,Neutrophil,E15S,transferred
16.266554,7.9846983,Hypoxic Tumor,E15S,knn
26.440105,3.2109396,Tumor,E15S,transferred
-5.6307287,2.7678812,C1qc+ TAM,E15S,transferred
-0.13428333,-7.474155,Neutrophil,E15S,transferred
18.959385,9.029529,Stromal,E15S,transferred
16.856024,10.3981695,Tumor,E15S,transferred
0.36912927,-8.413392,Neutrophil,E15S,transferred
-2.3090734,3.0691266,Spp1+ TAM,E15S,transferred
0.12984282,-8.355638,Neutrophil,E15S,transferred
19.069553,7.042967,Hypoxic Tumor,E15S,knn
-3.2246025,3.379996,C1qc+ TAM,E15S,transferred
27.21823,3.9814403,Tumor,E15S,transferred
26.952177,3.8809512,Hypoxic Tumor,E15S,transferred
1.2282205,-8.762877,Neutrophil,E15S,transferred
-3.654009,5.1199656,C1qc+ TAM,E15S,transferred
2.7507043,11.983693,CD4 T,E15S,knn
17.57784,9.407302,Stromal,E15S,transferred
26.841822,3.4381113,Tumor,E15S,transferred
-2.2696931,0.5460405,Spp1+ TAM,E15S,transferred
-3.3391063,5.901832,C1qc+ TAM,E15S,knn
16.604877,7.972125,Hypoxic Tumor,E15S,transferred
18.682533,8.401258,Stromal,E15S,transferred
-3.2982233,1.3196824,Il1b+ TAM,E15S,transferred
-4.072384,4.1111727,C1qc+ TAM,E15S,transferred
1.7568479,14.337913,NK,E15S,transferred
26.960018,3.5010934,Tumor,E15S,transferred
-4.1046534,2.863215,Resident Macrophage,E15S,transferred
25.826782,5.395982,Tumor,E15S,transferred
-6.4655533,2.0894277,Resident Macrophage,E15S,transferred
0.22866923,-5.970725,Neutrophil,E15S,transferred
18.479738,8.97962,Stromal,E15S,transferred
27.427784,3.446612,Tumor,E15S,transferred
-3.9961972,0.8117723,Spp1+ TAM,E15S,transferred
-5.67581,4.602007,Resident Macrophage,E15S,knn
-6.125346,4.3073993,Resident Macrophage,E15S,transferred
-5.858486,4.839336,Resident Macrophage,E15S,transferred
25.649086,2.7855556,Tumor,E15S,transferred
18.73205,9.145502,Stromal,E15S,transferred
-4.66653,5.7885685,C1qc+ TAM,E15S,transferred
-3.4375901,5.868303,Resident Macrophage,E15S,transferred
-1.2099859,0.51496977,Il1b+ TAM,E15S,transferred
-5.908758,3.800062,C1qc+ TAM,E15S,transferred
24.793407,3.66967,Hypoxic Tumor,E15S,transferred
24.118517,4.0296593,CAF,E15S,transferred
-2.0328658,6.0656066,C1qc+ TAM,E15S,transferred
27.61887,3.8260522,Tumor,E15S,transferred
16.67668,5.876332,Hypoxic Tumor,E15S,knn
-3.3143039,3.8187754,C1qc+ TAM,E15S,transferred
18.06152,11.118512,Stromal,E15S,knn
-4.7404795,2.0782979,Spp1+ TAM,E15S,transferred
-4.6265755,3.5165687,Il1b+ TAM,E15S,transferred
17.071882,9.361606,Stromal,E15S,transferred
16.349264,8.109779,Hypoxic Tumor,E15S,transferred
24.625544,4.253312,C1qc+ TAM,E15S,transferred
-6.2472467,4.5281777,C1qc+ TAM,E15S,transferred
-4.317822,3.198181,Il1b+ TAM,E15S,transferred
25.746733,2.7508335,Tumor,E15S,transferred
26.17929,2.9040112,Tumor,E15S,transferred
0.01512992,-6.7673097,Neutrophil,E15S,transferred
25.66022,2.8636446,Tumor,E15S,transferred
-5.1718497,2.516594,C1qc+ TAM,E15S,transferred
18.386892,9.338204,Stromal,E15S,transferred
-5.266225,2.444883,C1qc+ TAM,E15S,transferred
26.535568,3.4832053,Tumor,E15S,transferred
0.36811554,-6.297725,Neutrophil,E15S,transferred
17.01592,10.57236,Stromal,E15S,transferred
-4.7660584,5.4450703,C1qc+ TAM,E15S,transferred
-3.6507318,3.0502486,C1qc+ TAM,E15S,transferred
27.36021,3.8201928,Tumor,E15S,transferred
-4.706107,1.4789579,C1qc+ TAM,E15S,transferred
-4.942578,3.0340722,Il1b+ TAM,E15S,transferred
-2.621913,1.7965207,Il1b+ TAM,E15S,transferred
26.069767,4.637461,Tumor,E15S,transferred
0.22535844,1.5264438,Monocyte,E15S,transferred
-5.6187534,1.0578794,Spp1+ TAM,E15S,transferred
27.11104,3.0461092,Hypoxic Tumor,E15S,transferred
22.884256,4.2585244,Tumor Proliferating,E15S,transferred
24.007488,3.6796448,CAF,E15S,transferred
24.287554,5.5080433,Tumor Proliferating,E15S,transferred
-6.7379684,1.4501922,C1qc+ TAM,E15S,transferred
25.058706,4.0562387,Tumor,E15S,transferred
-1.2517437,2.5397613,Monocyte,E15S,transferred
1.8528576,-7.8255696,Neutrophil,E15S,transferred
25.779537,3.7598722,Tumor,E15S,transferred
26.123817,4.8442235,Tumor,E15S,transferred
18.141197,9.579383,Stromal,E15S,transferred
-5.31457,2.2994883,C1qc+ TAM,E15S,transferred
0.39985883,-8.129855,Neutrophil,E15S,transferred
24.383287,5.2293563,Tumor Proliferating,E15S,transferred
-5.255332,3.7420604,Resident Macrophage,E15S,transferred
19.40868,8.715873,Stromal,E15S,transferred
-5.139201,2.961655,C1qc+ TAM,E15S,transferred
16.512123,9.855692,Stromal,E15S,transferred
-4.059211,0.55992913,Spp1+ TAM,E15S,transferred
23.618927,5.0786543,Tumor Proliferating,E15S,transferred
-3.2744608,3.0237634,Il1b+ TAM,E15S,transferred
24.860207,3.905649,Tumor,E15S,transferred
24.195301,5.6891265,Tumor,E15S,transferred
-5.4860625,3.8342478,Resident Macrophage,E15S,transferred
-3.6612306,3.7561414,C1qc+ TAM,E15S,transferred
2.2121127,-7.337874,Neutrophil,E15S,transferred
24.038961,5.576184,Tumor Proliferating,E15S,transferred
-2.570901,0.9474455,Spp1+ TAM,E15S,transferred
-6.125764,4.3867936,Resident Macrophage,E15S,transferred
-4.2398148,1.5517641,Spp1+ TAM,E15S,transferred
3.0414357,-7.5692186,Neutrophil,E15S,transferred
24.342293,5.165176,Tumor Proliferating,E15S,transferred
24.9917,4.7746625,Tumor,E15S,transferred
-2.9662383,0.9153992,Spp1+ TAM,E15S,transferred
26.903534,4.348793,Tumor,E15S,transferred
23.25664,3.869066,Tumor Proliferating,E15S,transferred
-5.102666,1.7324034,Spp1+ TAM,E15S,transferred
25.568563,3.1985087,Tumor,E15S,transferred
-5.7602167,0.8024847,Spp1+ TAM,E15S,transferred
26.975626,4.2750387,Tumor,E15S,transferred
24.003242,3.9189885,CAF,E15S,transferred
1.518258,-8.329015,Neutrophil,E15S,transferred
27.360863,4.5306597,Tumor,E15S,transferred
0.0583087,-7.661472,Neutrophil,E15S,transferred
24.160004,4.8819013,Tumor Proliferating,E15S,transferred
-5.868847,4.612393,Resident Macrophage,E15S,transferred
-4.2298093,5.0191636,Resident Macrophage,E15S,transferred
16.40297,8.387417,Hypoxic Tumor,E15S,transferred
26.33903,5.4453754,Tumor,E15S,transferred
-5.618452,2.181069,C1qc+ TAM,E15S,transferred
-2.5436022,2.9759367,Il1b+ TAM,E15S,transferred
24.60933,4.696183,Tumor,E15S,transferred
26.255774,5.049589,Tumor,E15S,transferred
-4.316969,6.118405,C1qc+ TAM,E15S,transferred
16.61641,11.518357,Stromal,E15S,transferred
25.59055,2.8652582,CAF,E15S,transferred
17.070795,10.898579,Tumor,E15S,transferred
0.14865513,-8.158818,Neutrophil,E15S,transferred
-2.4537313,4.995356,Resident Macrophage,E15S,knn
-0.10677924,-8.598979,Neutrophil,E15S,transferred
26.296215,3.2746317,Tumor,E15S,transferred
-3.7313654,0.81245834,Spp1+ TAM,E15S,transferred
3.0812516,-7.086165,Neutrophil,E15S,transferred
-5.800994,2.4464562,C1qc+ TAM,E15S,transferred
26.7205,3.528908,Tumor,E15S,transferred
-6.4473085,0.8637955,Resident Macrophage,E15S,knn
24.121239,3.7168922,CAF,E15S,transferred
27.037558,3.862071,Hypoxic Tumor,E15S,transferred
22.263107,4.40696,Tumor Proliferating,E15S,transferred
0.52500516,-5.992979,Neutrophil,E15S,transferred
27.033241,4.8881407,Tumor,E15S,transferred
-3.7593665,6.240504,C1qc+ TAM,E15S,transferred
-5.6049986,2.9236314,C1qc+ TAM,E15S,transferred
17.980322,10.148125,Stromal,E15S,transferred
25.213535,4.930871,Tumor,E15S,transferred
-3.1247585,4.899154,C1qc+ TAM,E15S,transferred
-5.501503,1.6173415,Spp1+ TAM,E15S,transferred
-6.415678,3.2165735,Resident Macrophage,E15S,transferred
15.7490635,11.114174,Stromal,E15S,transferred
-6.4931335,1.8153635,Spp1+ TAM,E15S,transferred
-7.119589,3.014996,C1qc+ TAM,E15S,transferred
23.625559,4.2431765,CAF,E15S,transferred
1.519057,-8.276908,Neutrophil,E15S,transferred
-1.6179715,1.2921364,Monocyte,E15S,transferred
27.242151,4.8218536,Tumor,E15S,transferred
17.603117,9.547355,Stromal,E15S,transferred
-6.084785,5.265737,Resident Macrophage,E15S,transferred
17.32175,9.903903,Stromal,E15S,transferred
16.523024,6.4335103,Hypoxic Tumor,E15S,transferred
24.67931,6.1504884,Tumor,E15S,knn
-3.3530428,6.566058,C1qc+ TAM,E15S,transferred
0.13444194,-7.900312,Neutrophil,E15S,transferred
26.122696,2.9490116,Tumor,E15S,transferred
1.1341673,5.0431595,cDC,E15S,transferred
-1.7132349,3.5796964,Resident Macrophage,E15S,transferred
16.471645,8.2471285,Hypoxic Tumor,E15S,transferred
24.148384,4.8712807,Tumor Proliferating,E15S,transferred
18.463476,9.510959,Stromal,E15S,transferred
-6.536537,2.826562,C1qc+ TAM,E15S,transferred
-0.4068579,-8.299581,Neutrophil,E15S,knn
-4.650613,4.7784734,C1qc+ TAM,E15S,transferred
17.578314,7.9636965,Hypoxic Tumor,E15S,transferred
-6.2910085,5.139754,Resident Macrophage,E15S,transferred
16.36111,6.2246146,Hypoxic Tumor,E15S,knn
1.2949275,-9.047069,Neutrophil,E15S,transferred
-0.53961325,1.4975449,Monocyte,E15S,transferred
-4.134939,3.104133,Il1b+ TAM,E15S,transferred
26.548922,4.5124984,Tumor,E15S,transferred
-3.8576145,3.6742618,Resident Macrophage,E15S,transferred
-6.289304,2.4395351,C1qc+ TAM,E15S,transferred
-4.4882193,1.3610457,C1qc+ TAM,E15S,transferred
-0.97085637,-8.153748,Neutrophil,E15S,transferred
-4.5616384,5.7997704,C1qc+ TAM,E15S,transferred
0.079082295,-7.4824085,Neutrophil,E15S,transferred
-4.802963,5.890938,C1qc+ TAM,E15S,transferred
1.2684497,-6.033197,Neutrophil,E15S,transferred
25.984352,4.09324,Tumor,E15S,transferred
0.6573436,-8.269324,Neutrophil,E15S,transferred
-3.3266542,2.0687175,Il1b+ TAM,E15S,transferred
18.772594,7.2250752,Hypoxic Tumor,E15S,knn
26.912249,4.258542,Tumor,E15S,transferred
24.344767,3.0012589,CAF,E15S,transferred
17.909157,10.199646,Stromal,E15S,transferred
23.022354,3.6114197,Tumor Proliferating,E15S,transferred
25.137756,5.0922065,CAF,E15S,transferred
-4.51151,2.1750038,Resident Macrophage,E15S,transferred
-6.33208,2.2592435,Resident Macrophage,E15S,transferred
0.05911857,-8.533033,Neutrophil,E15S,transferred
3.0046377,12.589313,CD8 Terminally Exhausted,E15S,transferred
0.9035765,-8.065425,Neutrophil,E15S,transferred
-5.589834,1.9842256,Il1b+ TAM,E15S,transferred
-5.527452,3.7200296,Resident Macrophage,E15S,transferred
1.9764764,14.765159,NK,E15S,transferred
16.301123,8.193026,Hypoxic Tumor,E15S,knn
-4.7962656,4.572309,C1qc+ TAM,E15S,transferred
-4.2277822,1.8269427,C1qc+ TAM,E15S,knn
-3.3373733,3.5955732,Resident Macrophage,E15S,transferred
27.460958,4.651432,Tumor,E15S,transferred
-5.578997,2.3734536,C1qc+ TAM,E15S,transferred
2.009364,-7.7631493,Neutrophil,E15S,transferred
-4.047915,3.0513604,C1qc+ TAM,E15S,transferred
0.63398945,0.9007922,Monocyte,E15S,transferred
19.145235,8.600631,Stromal,E15S,transferred
-6.735234,2.5655777,C1qc+ TAM,E15S,transferred
0.98362905,-8.827061,Neutrophil,E15S,transferred
-3.9420469,5.129898,C1qc+ TAM,E15S,transferred
-0.43992785,1.1897818,Monocyte,E15S,transferred
1.662971,6.478946,mDC,E15S,transferred
23.538826,4.218994,CAF,E15S,transferred
17.326422,10.477817,Stromal,E15S,transferred
18.54751,8.370119,Stromal,E15S,transferred
2.7092218,7.478108,mDC,E15S,transferred
25.689161,5.6214447,Tumor,E15S,transferred
24.43368,5.451516,Tumor Proliferating,E15S,transferred
-3.4564848,2.6121385,Il1b+ TAM,E15S,transferred
17.028254,9.775824,Stromal,E15S,transferred
-3.3659756,2.951908,Il1b+ TAM,E15S,transferred
17.959774,8.678306,Stromal,E15S,transferred
25.369446,4.2242255,CAF,E15S,transferred
24.32834,4.739422,Tumor Proliferating,E15S,transferred
27.322245,4.934706,Tumor,E15S,transferred
0.19644603,-8.317315,Neutrophil,E15S,transferred
0.4778262,-5.376862,Neutrophil,E15S,transferred
0.34185678,5.395847,cDC,E15S,transferred
17.920074,9.36123,Stromal,E15S,transferred
24.29755,5.216099,Tumor,E15S,transferred
-5.68502,3.5463378,Resident Macrophage,E15S,transferred
26.441607,4.181699,Tumor,E15S,transferred
-3.304322,3.2081978,C1qc+ TAM,E15S,transferred
24.284613,4.400667,Tumor Proliferating,E15S,transferred
-5.819432,4.677286,Resident Macrophage,E15S,transferred
-5.1620407,4.038322,Resident Macrophage,E15S,transferred
18.07398,10.563289,Stromal,E15S,transferred
17.728134,9.701876,Stromal,E15S,transferred
-6.3232546,5.0379643,Resident Macrophage,E15S,transferred
-1.3481706,10.780978,B,E15S,transferred
2.6494598,15.07311,NK,E15S,transferred
24.394093,4.922552,Tumor Proliferating,E15S,transferred
1.0990797,-8.977023,Neutrophil,E15S,knn
2.6196032,-7.5857897,Neutrophil,E15S,transferred
0.5733191,-6.3910728,Neutrophil,E15S,transferred
0.40826136,-5.4559155,Neutrophil,E15S,transferred
-5.5261383,2.7481146,Resident Macrophage,E15S,knn
-6.157027,4.0354934,Resident Macrophage,E15S,transferred
25.661495,3.96087,CAF,E15S,transferred
-3.3461473,1.810817,Il1b+ TAM,E15S,transferred
2.4353511,-7.2941437,Neutrophil,E15S,transferred
0.943571,-8.912863,Neutrophil,E15S,transferred
-4.9363174,3.4823203,Il1b+ TAM,E15S,transferred
-3.5926833,3.169713,C1qc+ TAM,E15S,transferred
-3.5303848,7.0163765,C1qc+ TAM,E15S,transferred
24.151447,4.3878794,CAF,E15S,transferred
-0.122999534,-7.937753,Neutrophil,E15S,transferred
17.009367,11.258168,Stromal,E15S,transferred
-2.3721764,2.5724049,Monocyte,E15S,transferred
-4.694961,5.117662,C1qc+ TAM,E15S,transferred
5.399266,9.884607,B,E15S,transferred
-4.8836555,3.0499282,Resident Macrophage,E15S,transferred
-4.1566386,1.7599541,Il1b+ TAM,E15S,transferred
19.019165,9.306616,Stromal,E15S,transferred
24.120687,5.8443284,Tumor Proliferating,E15S,transferred
-4.1086063,4.9843173,Resident Macrophage,E15S,transferred
-3.7100384,2.2012038,Spp1+ TAM,E15S,transferred
-5.648194,3.1482725,C1qc+ TAM,E15S,transferred
-5.1225367,6.058602,C1qc+ TAM,E15S,transferred
26.233147,3.6637912,Tumor,E15S,transferred
18.515562,9.969445,Stromal,E15S,transferred
16.262024,7.1737123,Hypoxic Tumor,E15S,transferred
19.477985,8.607702,Stromal,E15S,transferred
-4.267862,5.0365367,C1qc+ TAM,E15S,transferred
-6.6383576,3.697233,C1qc+ TAM,E15S,transferred
25.309788,5.789277,Tumor,E15S,transferred
0.14604695,1.2511624,Monocyte,E15S,transferred
0.18388815,-5.3692126,Neutrophil,E15S,transferred
-6.7320375,3.0736938,C1qc+ TAM,E15S,transferred
25.725176,2.9286077,Tumor,E15S,transferred
0.31655362,-8.859311,Neutrophil,E15S,transferred
27.608582,3.8338842,Tumor,E15S,transferred
-4.848095,1.7919723,Spp1+ TAM,E15S,transferred
16.653101,10.011934,Stromal,E15S,transferred
-4.384764,2.2942157,Il1b+ TAM,E15S,transferred
-6.702605,2.9509394,C1qc+ TAM,E15S,transferred
26.267092,3.743114,Tumor,E15S,transferred
-0.5250379,-8.044552,Neutrophil,E15S,transferred
22.95194,5.610561,Tumor Proliferating,E15S,transferred
16.334986,10.038842,Hypoxic Tumor,E15S,transferred
23.521309,4.151279,Tumor Proliferating,E15S,transferred
-4.308006,3.1931288,Il1b+ TAM,E15S,transferred
25.262016,3.9925263,CAF,E15S,transferred
0.7096159,-8.076411,Neutrophil,E15S,transferred
-1.1405356,2.7746468,Monocyte,E15S,transferred
-4.877641,0.578464,Spp1+ TAM,E15S,transferred
22.871723,4.6437755,Tumor Proliferating,E15S,transferred
26.761713,3.9701626,Tumor,E15S,transferred
-4.835984,3.4282186,Resident Macrophage,E15S,transferred
-2.9726038,4.1218257,C1qc+ TAM,E15S,transferred
17.398232,10.887121,Stromal,E15S,transferred
2.2141087,-7.9104357,Neutrophil,E15S,transferred
-0.7780993,1.8644118,Resident Macrophage,E15S,transferred
-5.0798335,2.6185017,Il1b+ TAM,E15S,transferred
-4.524569,2.1662848,Il1b+ TAM,E15S,transferred
-4.262892,4.8616633,Resident Macrophage,E15S,transferred
-3.4023993,3.8592126,Resident Macrophage,E15S,transferred
-1.7154346,4.5924478,Resident Macrophage,E15S,knn
23.455364,5.8780355,Tumor Proliferating,E15S,knn
16.143938,10.737728,Stromal,E15S,transferred
-4.5996523,6.5119033,C1qc+ TAM,E15S,transferred
17.241703,10.199153,Stromal,E15S,transferred
17.54056,10.040473,Stromal,E15S,transferred
22.817352,4.4867682,Tumor Proliferating,E15S,transferred
-6.4560895,1.9943948,C1qc+ TAM,E15S,transferred
-6.897941,1.5753642,C1qc+ TAM,E15S,transferred
25.210363,3.1299198,Tumor,E15S,transferred
1.3599445,-8.986115,Neutrophil,E15S,transferred
-6.0077243,2.9971924,Resident Macrophage,E15S,transferred
2.621179,-7.284704,Neutrophil,E15S,transferred
-1.282983,10.710231,B,E15S,transferred
2.260218,-8.241151,Neutrophil,E15S,transferred
3.1546383,13.182672,NK,E15S,transferred
-4.225394,2.339463,Il1b+ TAM,E15S,transferred
-1.4051771,2.2272477,Monocyte,E15S,transferred
18.093601,10.655243,Stromal,E15S,transferred
-2.823256,3.857692,C1qc+ TAM,E15S,transferred
2.3696744,-7.7409277,Neutrophil,E15S,transferred
-6.063495,4.5788026,Resident Macrophage,E15S,transferred
2.1911194,-7.484133,Neutrophil,E15S,transferred
-1.7114987,5.795429,Hypoxic Tumor,E15S,knn
24.659012,4.6440697,Tumor Proliferating,E15S,transferred
24.716597,3.715808,Tumor,E15S,transferred
-6.6415987,1.14175,Spp1+ TAM,E15S,transferred
25.921558,2.978131,Tumor,E15S,transferred
-0.6236974,1.4470143,Monocyte,E15S,transferred
23.069962,5.3035874,Tumor Proliferating,E15S,transferred
19.384113,7.2546725,Hypoxic Tumor,E15S,knn
-0.1601706,0.07904603,Monocyte,E15S,transferred
-1.8155589,1.8522999,Monocyte,E15S,transferred
-3.3603306,6.659668,C1qc+ TAM,E15S,transferred
-6.0811906,4.954976,C1qc+ TAM,E15S,transferred
-1.62542,1.4592324,Monocyte,E15S,transferred
-3.9028246,3.8079934,Resident Macrophage,E15S,transferred
-5.18851,4.5590935,Resident Macrophage,E15S,transferred
0.029200695,0.25593865,Monocyte,E15S,transferred
2.731415,15.192989,NK,E15S,transferred
26.843685,4.5222406,Tumor,E15S,transferred
-4.5951214,1.4329075,Spp1+ TAM,E15S,transferred
18.107664,8.705131,Stromal,E15S,transferred
0.906067,-7.415096,Neutrophil,E15S,transferred
2.5801568,15.409038,NK,E15S,transferred
-3.2915387,1.8652109,Il1b+ TAM,E15S,transferred
16.235325,7.607474,Hypoxic Tumor,E15S,transferred
-1.9459546,3.3823571,C1qc+ TAM,E15S,transferred
18.3992,9.392644,Stromal,E15S,transferred
24.681477,5.0068884,Tumor Proliferating,E15S,transferred
0.30177462,-7.4414487,Neutrophil,E15S,transferred
-4.90948,2.5664022,Resident Macrophage,E15S,transferred
24.11259,3.8009782,CAF,E15S,transferred
18.603502,7.509525,Hypoxic Tumor,E15S,knn
1.9611822,14.946601,NK,E15S,transferred
-3.1548796,4.7100677,C1qc+ TAM,E15S,transferred
0.8099012,-8.386886,Neutrophil,E15S,transferred
-1.2102461,2.8875027,Resident Macrophage,E15S,transferred
-1.8377981,2.6815424,C1qc+ TAM,E15S,transferred
16.56344,10.989212,Stromal,E15S,transferred
23.700766,5.126193,Tumor Proliferating,E15S,transferred
-1.2010046,10.625987,B,E15S,transferred
-3.800689,6.2461457,Resident Macrophage,E15S,transferred
-4.258042,2.7213476,C1qc+ TAM,E15S,transferred
-4.890107,5.6069875,C1qc+ TAM,E15S,transferred
-4.9189563,0.9612585,Spp1+ TAM,E15S,transferred
-0.330015,-8.391515,Neutrophil,E15S,knn
16.33962,11.105646,Stromal,E15S,transferred
-5.990409,3.9878883,C1qc+ TAM,E15S,transferred
26.787582,4.2983894,Tumor,E15S,transferred
26.218819,3.3518224,Tumor,E15S,transferred
-5.165623,4.186552,Resident Macrophage,E15S,transferred
-1.487121,2.0868886,Spp1+ TAM,E15S,transferred
16.602076,9.6164875,Stromal,E15S,transferred
-3.077476,4.212396,Monocyte,E15S,transferred
27.434164,4.6970997,Tumor,E15S,transferred
25.387846,4.9855833,CAF,E15S,transferred
25.721476,3.0920908,Tumor,E15S,transferred
0.62879086,-7.2300367,Neutrophil,E15S,transferred
-4.336919,0.9909138,Spp1+ TAM,E15S,transferred
23.418756,5.1108713,Tumor Proliferating,E15S,transferred
-4.806694,1.9985985,Spp1+ TAM,E15S,transferred
-2.7219388,2.3994813,Neutrophil,E15S,transferred
16.6323,5.7370534,Hypoxic Tumor,E15S,transferred
-0.7374284,0.6544836,Monocyte,E15S,transferred
-0.8696357,-8.176491,Neutrophil,E15S,transferred
-4.1533237,4.194635,C1qc+ TAM,E15S,transferred
-5.9495773,3.269579,Resident Macrophage,E15S,transferred
23.00527,4.2728724,Tumor Proliferating,E15S,transferred
16.192583,11.523732,Tumor,E15S,transferred
-4.202896,1.2608817,Spp1+ TAM,E15S,transferred
3.2956848,-7.1593304,Neutrophil,E15S,transferred
-3.3326056,0.8648085,Spp1+ TAM,E15S,transferred
-1.9867845,3.795069,Monocyte,E15S,knn
-0.30555376,1.2285042,Monocyte,E15S,transferred
-5.617831,3.8254774,Resident Macrophage,E15S,transferred
24.19664,3.8225093,CAF,E15S,transferred
-1.4012258,4.447471,Resident Macrophage,E15S,knn
-5.5573373,5.3645096,C1qc+ TAM,E15S,transferred
-3.2197983,4.405475,Il1b+ TAM,E15S,transferred
0.26931825,2.2032804,Monocyte,E15S,transferred
18.10874,10.451552,Stromal,E15S,transferred
1.8539044,-8.249147,Neutrophil,E15S,transferred
17.588512,8.947989,Stromal,E15S,transferred
-5.2715144,4.2474437,Resident Macrophage,E15S,transferred
-5.4210196,3.8422852,C1qc+ TAM,E15S,transferred
-4.9576864,2.0076385,Resident Macrophage,E15S,transferred
26.801775,3.0310874,Hypoxic Tumor,E15S,transferred
-3.0075624,2.258187,C1qc+ TAM,E15S,transferred
-2.3907864,2.077638,Monocyte,E15S,transferred
2.3578515,-8.853675,Neutrophil,E15S,transferred
-6.973982,3.534448,C1qc+ TAM,E15S,transferred
-5.7753863,0.64751434,Spp1+ TAM,E15S,transferred
27.389757,5.028454,Tumor,E15S,transferred
25.273434,5.024105,CAF,E15S,transferred
-3.7450716,2.671471,Il1b+ TAM,E15S,transferred
22.916414,5.0109572,Tumor Proliferating,E15S,transferred
-2.9520068,2.0505104,Il1b+ TAM,E15S,transferred
-5.880149,1.2317431,Spp1+ TAM,E15S,transferred
24.085207,5.852593,Tumor,E15S,transferred
26.869547,4.82483,Tumor,E15S,transferred
18.957405,8.19599,Stromal,E15S,transferred
25.36477,5.5922384,Tumor,E15S,transferred
0.30511415,1.8093082,Monocyte,E15S,transferred
25.134478,3.7463226,Tumor,E15S,transferred
-4.0353,0.7854573,Spp1+ TAM,E15S,transferred
25.919886,3.0482337,Tumor,E15S,transferred
23.241789,4.176054,Tumor Proliferating,E15S,transferred
-3.6721573,4.8774,C1qc+ TAM,E15S,transferred
16.167217,11.072,Stromal,E15S,transferred
-5.6399126,5.1681676,C1qc+ TAM,E15S,transferred
15.895623,10.979835,Stromal,E15S,transferred
16.655306,10.583968,Stromal,E15S,transferred
-5.723061,1.0698079,Spp1+ TAM,E15S,transferred
-4.0114183,1.3954383,Spp1+ TAM,E15S,transferred
22.947094,3.7202728,CAF,E15S,transferred
18.845781,9.708375,Stromal,E15S,transferred
26.764683,3.2064593,Hypoxic Tumor,E15S,transferred
1.0885638,-8.67672,Neutrophil,E15S,transferred
16.987411,11.355096,Stromal,E15S,transferred
16.353325,7.2787733,Hypoxic Tumor,E15S,knn
16.173948,6.461255,Hypoxic Tumor,E15S,knn
0.34060216,-8.43003,Neutrophil,E15S,transferred
-3.932086,1.1868184,Spp1+ TAM,E15S,transferred
24.235674,5.818501,Tumor,E15S,transferred
-4.575328,0.6207303,Spp1+ TAM,E15S,transferred
-0.46779823,0.4236086,Monocyte,E15S,transferred
-2.3023014,1.8876802,Il1b+ TAM,E15S,transferred
2.5518494,-7.538436,Neutrophil,E15S,transferred
17.817602,9.957193,Stromal,E15S,transferred
-4.7923746,5.4156733,C1qc+ TAM,E15S,transferred
22.9384,3.7028134,Tumor Proliferating,E15S,transferred
1.9764829,15.01012,NK,E15S,transferred
-4.783375,2.8676531,C1qc+ TAM,E15S,transferred
25.483887,5.6717496,Tumor,E15S,transferred
26.625679,4.059062,Tumor,E15S,transferred
15.968505,11.131263,Neutrophil,E15S,transferred
-4.3279366,3.9245942,Il1b+ TAM,E15S,transferred
-6.0847015,3.7656775,C1qc+ TAM,E15S,transferred
-3.2584624,3.875967,C1qc+ TAM,E15S,transferred
-3.65314,3.8419044,Resident Macrophage,E15S,transferred
23.364544,4.085506,Tumor Proliferating,E15S,transferred
25.093603,4.1050096,Tumor,E15S,transferred
-2.410352,1.7954596,Monocyte,E15S,transferred
23.284288,5.513043,Tumor Proliferating,E15S,transferred
23.30444,4.2883606,CAF,E15S,transferred
23.40006,4.045776,Tumor Proliferating,E15S,transferred
-4.8468833,3.6901681,Resident Macrophage,E15S,transferred
18.635883,9.719221,Stromal,E15S,transferred
-6.1342187,1.1880516,Spp1+ TAM,E15S,transferred
25.653635,3.7859466,Tumor,E15S,transferred
-5.322731,3.9854283,Resident Macrophage,E15S,transferred
-2.2344546,5.815958,Spp1+ TAM,E15S,transferred
16.73386,7.787591,Hypoxic Tumor,E15S,transferred
1.7833633,-8.497818,Neutrophil,E15S,transferred
23.251516,4.174371,Tumor Proliferating,E15S,transferred
-3.7457047,2.2974873,C1qc+ TAM,E15S,transferred
-4.5695496,2.426246,Il1b+ TAM,E15S,transferred
16.008724,10.905152,Stromal,E15S,transferred
17.621725,10.055366,Stromal,E15S,transferred
2.921065,-7.103431,Neutrophil,E15S,transferred
-4.3994293,2.6123202,Spp1+ TAM,E15S,transferred
16.601263,8.074547,Hypoxic Tumor,E15S,transferred
-6.414254,4.3328,Resident Macrophage,E15S,transferred
-5.9875865,2.820721,Resident Macrophage,E15S,transferred
15.865696,11.567103,Stromal,E15S,transferred
18.179852,9.965204,Stromal,E15S,transferred
-0.020716982,2.126914,Monocyte,E15S,transferred
1.5297406,-7.2526727,Neutrophil,E15S,transferred
-3.694046,4.6876526,C1qc+ TAM,E15S,transferred
-2.6702507,4.3296723,C1qc+ TAM,E15S,transferred
1.5708722,-7.8043795,Neutrophil,E15S,transferred
26.409485,4.1515636,Tumor,E15S,transferred
3.0923684,-6.7350736,Neutrophil,E15S,transferred
24.148176,4.9397607,Tumor,E15S,transferred
0.7120341,-5.6821666,C1qc+ TAM,E15S,transferred
17.761858,9.292426,Stromal,E15S,transferred
-3.075165,3.4105573,C1qc+ TAM,E15S,transferred
23.55323,3.7754953,Tumor Proliferating,E15S,transferred
18.548922,9.852872,Stromal,E15S,transferred
-1.3775519,4.9614673,Hypoxic Tumor,E15S,knn
-2.617506,2.566432,Monocyte,E15S,transferred
23.80996,4.8089695,Tumor Proliferating,E15S,transferred
24.160694,5.1610966,Tumor Proliferating,E15S,transferred
-3.8843062,1.8490314,Il1b+ TAM,E15S,transferred
18.415508,9.621871,Tumor Proliferating,E15S,transferred
0.73611647,-7.8595543,Neutrophil,E15S,transferred
-0.37932765,-7.993165,Neutrophil,E15S,transferred
-5.9807405,1.2758209,Spp1+ TAM,E15S,transferred
-3.7597606,2.0928524,C1qc+ TAM,E15S,transferred
-3.7473514,3.8628068,Resident Macrophage,E15S,transferred
-2.5006003,2.299011,Monocyte,E15S,transferred
-4.464381,4.501648,C1qc+ TAM,E15S,transferred
-6.701938,3.279603,C1qc+ TAM,E15S,transferred
-0.66216797,-8.246981,Neutrophil,E15S,knn
16.8518,10.199967,Stromal,E15S,transferred
24.511684,5.132295,Tumor,E15S,transferred
-4.03767,6.7558646,C1qc+ TAM,E15S,transferred
-3.4195473,3.152459,Monocyte,E15S,transferred
16.906078,7.471845,Hypoxic Tumor,E15S,knn
-0.32658127,2.2251084,Monocyte,E15S,transferred
17.9418,10.964707,Stromal,E15S,transferred
-6.8045077,2.756073,C1qc+ TAM,E15S,transferred
-3.74602,1.9196762,Il1b+ TAM,E15S,transferred
-3.0628843,4.0262995,Spp1+ TAM,E15S,transferred
17.97734,8.935065,Stromal,E15S,transferred
-3.73879,1.3452218,C1qc+ TAM,E15S,transferred
-0.25367546,-0.06875085,Monocyte,E15S,transferred
25.372698,5.1441154,Tumor,E15S,transferred
16.323492,8.493135,Hypoxic Tumor,E15S,knn
-6.4223146,2.6168058,C1qc+ TAM,E15S,transferred
-3.2422643,5.1820936,C1qc+ TAM,E15S,transferred
-4.009106,3.2872024,Resident Macrophage,E15S,transferred
-3.8173802,1.793567,Spp1+ TAM,E15S,transferred
-3.615408,2.7259417,Il1b+ TAM,E15S,transferred
2.2852085,15.265234,NK,E15S,transferred
16.861296,6.08864,Hypoxic Tumor,E15S,knn
23.102259,5.3093452,Tumor Proliferating,E15S,transferred
-4.9360547,4.886546,Resident Macrophage,E15S,transferred
-2.7190225,3.8262117,Resident Macrophage,E15S,transferred
-5.0898557,4.570907,C1qc+ TAM,E15S,transferred
3.1895773,-7.1147265,Neutrophil,E15S,transferred
-0.6800006,1.7620839,Monocyte,E15S,transferred
2.2032604,15.376457,NK,E15S,transferred
-1.6411043,1.4076844,Monocyte,E15S,transferred
0.18167876,-8.881562,Neutrophil,E15S,transferred
-6.3491273,5.151537,Resident Macrophage,E15S,transferred
22.833727,4.3127184,Tumor Proliferating,E15S,transferred
16.130453,9.269461,Hypoxic Tumor,E15S,transferred
-2.1346304,1.2418861,Monocyte,E15S,transferred
16.553543,10.924626,Stromal,E15S,transferred
26.522793,4.496144,Tumor,E15S,transferred
2.78215,-7.747445,Neutrophil,E15S,transferred
0.21986718,-6.4016495,Neutrophil,E15S,transferred
-3.2365506,4.708523,C1qc+ TAM,E15S,transferred
-5.524075,5.0858703,C1qc+ TAM,E15S,transferred
-3.2366421,3.9574933,Monocyte,E15S,transferred
-3.3781893,3.4584224,Resident Macrophage,E15S,transferred
-6.187438,1.605819,Resident Macrophage,E15S,transferred
26.163599,5.3043385,Tumor,E15S,transferred
-2.3924968,2.76363,Monocyte,E15S,transferred
-4.753769,6.524404,C1qc+ TAM,E15S,transferred
-2.0991328,5.6615825,Spp1+ TAM,E15S,knn
17.843285,9.757534,Stromal,E15S,transferred
17.192646,11.230256,Tumor,E15S,transferred
-2.4268486,2.3639576,Il1b+ TAM,E15S,transferred
26.609118,2.870667,Hypoxic Tumor,E15S,transferred
25.464495,2.899975,CAF,E15S,transferred
26.49831,3.5003154,Tumor,E15S,transferred
25.20468,3.6807396,Tumor,E15S,transferred
-4.523115,1.0371258,Spp1+ TAM,E15S,transferred
22.836683,3.725328,Tumor Proliferating,E15S,transferred
24.95294,3.0833607,Tumor,E15S,transferred
-3.6069362,6.5464854,C1qc+ TAM,E15S,transferred
25.304426,4.004247,Tumor,E15S,transferred
16.547916,11.067306,Stromal,E15S,transferred
-5.546969,3.6330402,Resident Macrophage,E15S,transferred
15.505443,11.17967,Stromal,E15S,transferred
-0.7702559,2.2142358,Monocyte,E15S,transferred
3.007527,-7.2314105,Neutrophil,E15S,transferred
-0.95266616,-8.200775,Neutrophil,E15S,transferred
23.479485,4.9078774,CAF,E15S,transferred
2.5517259,-7.9653535,Neutrophil,E15S,transferred
-4.5019855,3.5972652,Il1b+ TAM,E15S,transferred
-4.204967,4.7176504,C1qc+ TAM,E15S,transferred
-2.5223615,3.713406,C1qc+ TAM,E15S,transferred
1.8162795,14.248514,NK,E15S,transferred
-1.9427905,2.5880456,Monocyte,E15S,transferred
-0.6784848,3.0365582,Monocyte,E15S,transferred
-6.277133,5.241898,Resident Macrophage,E15S,transferred
18.221869,9.089492,Stromal,E15S,transferred
-5.154649,3.0200279,C1qc+ TAM,E15S,transferred
18.209087,10.279212,Stromal,E15S,transferred
-3.2322097,2.4927955,Il1b+ TAM,E15S,transferred
-4.8349957,6.0593934,C1qc+ TAM,E15S,transferred
-5.7534013,2.4695177,Il1b+ TAM,E15S,transferred
-4.822546,6.3334513,C1qc+ TAM,E15S,transferred
25.596586,5.512462,Tumor,E15S,transferred
-1.8900882,1.0777826,Monocyte,E15S,transferred
0.72075653,-7.854539,Neutrophil,E15S,transferred
-0.5467773,1.0124718,Monocyte,E15S,transferred
-5.625469,3.226905,C1qc+ TAM,E15S,transferred
-4.975587,3.1596572,C1qc+ TAM,E15S,transferred
0.08358096,-5.446474,Neutrophil,E15S,transferred
16.720932,10.135399,Stromal,E15S,transferred
-4.0821614,1.7573634,Il1b+ TAM,E15S,transferred
16.74409,10.730536,Stromal,E15S,transferred
24.611498,4.25764,CAF,E15S,transferred
16.593273,7.4927416,Hypoxic Tumor,E15S,knn
19.195627,8.667884,Stromal,E15S,transferred
-1.9807477,1.1197093,Monocyte,E15S,transferred
2.571922,7.4831076,mDC,E15S,transferred
17.023642,11.10548,Stromal,E15S,transferred
17.77364,10.107888,Stromal,E15S,transferred
-3.192035,1.5483446,Monocyte,E15S,transferred
23.494585,3.606194,Tumor Proliferating,E15S,transferred
2.6430538,15.222234,NK,E15S,transferred
-0.8199723,2.3842661,Monocyte,E15S,transferred
24.215782,5.276154,Tumor Proliferating,E15S,transferred
-6.4289927,0.97397095,Spp1+ TAM,E15S,transferred
-4.155123,4.203095,C1qc+ TAM,E15S,transferred
-0.81135845,-8.227399,Neutrophil,E15S,transferred
-6.0558677,3.653286,Resident Macrophage,E15S,transferred
-5.2747173,3.8595936,Resident Macrophage,E15S,transferred
24.653107,5.7153554,Tumor,E15S,transferred
-4.488803,2.4337227,Il1b+ TAM,E15S,transferred
-0.28281373,-8.394501,Neutrophil,E15S,transferred
-4.933347,1.5055232,C1qc+ TAM,E15S,transferred
-6.0707893,1.7641225,C1qc+ TAM,E15S,transferred
-0.10732887,4.6890125,cDC,E15S,transferred
27.311172,4.605518,Tumor,E15S,transferred
22.796635,3.535317,Tumor Proliferating,E15S,transferred
26.213083,4.685534,Tumor,E15S,transferred
-3.9110804,1.2739215,Spp1+ TAM,E15S,transferred
23.623041,4.490071,Tumor Proliferating,E15S,transferred
3.1472948,11.582674,CD8 Exhausted Proliferating,E15S,transferred
16.604246,9.934398,Stromal,E15S,transferred
24.856838,4.3369503,Tumor Proliferating,E15S,transferred
23.045439,3.618973,Tumor Proliferating,E15S,transferred
1.1209837,-5.9774475,Neutrophil,E15S,transferred
0.39688072,-7.864692,Neutrophil,E15S,transferred
25.81016,2.7760613,Tumor,E15S,transferred
24.268616,4.9353385,Tumor,E15S,transferred
0.13967797,-6.643368,Neutrophil,E15S,transferred
3.0948822,-7.061887,Neutrophil,E15S,transferred
2.3384216,13.492147,NK T,E15S,transferred
-0.22094762,0.060423523,Monocyte,E15S,transferred
-1.3041105,0.046199396,Neutrophil,E15S,transferred
-6.882984,1.6018097,C1qc+ TAM,E15S,transferred
16.835398,10.111221,Stromal,E15S,transferred
-5.066218,3.469259,Resident Macrophage,E15S,transferred
18.07616,8.496751,Stromal,E15S,knn
26.848444,3.4997168,Tumor,E15S,transferred
-2.669523,5.0893292,C1qc+ TAM,E15S,transferred
-3.9786112,3.4318798,Resident Macrophage,E15S,transferred
-4.2112827,6.250774,C1qc+ TAM,E15S,transferred
16.871725,6.2751966,Hypoxic Tumor,E15S,knn
-0.14122276,-8.524845,Neutrophil,E15S,transferred
23.581955,4.92299,Tumor Proliferating,E15S,transferred
-2.7434123,1.8489902,Resident Macrophage,E15S,transferred
17.761646,10.881264,Stromal,E15S,transferred
-5.295316,1.920993,Resident Macrophage,E15S,transferred
-5.020638,1.9922405,Il1b+ TAM,E15S,transferred
27.463835,3.3975682,Tumor,E15S,transferred
1.2728585,-8.932923,Neutrophil,E15S,knn
2.3712761,14.71546,NK,E15S,transferred
-3.3214025,3.6625252,Spp1+ TAM,E15S,transferred
1.8314161,14.906254,NK,E15S,transferred
-3.6840205,2.5900435,C1qc+ TAM,E15S,transferred
16.762402,6.0039754,Hypoxic Tumor,E15S,knn
19.605947,8.678629,Stromal,E15S,transferred
-0.7083985,2.8318555,Monocyte,E15S,transferred
0.45070052,-8.269388,Neutrophil,E15S,transferred
17.874306,9.463611,Stromal,E15S,transferred
-3.1946807,4.1295414,Il1b+ TAM,E15S,transferred
18.472271,10.024776,Stromal,E15S,transferred
-4.6884694,3.3311698,C1qc+ TAM,E15S,transferred
27.364122,4.87434,Tumor,E15S,transferred
-6.0605397,2.2489336,C1qc+ TAM,E15S,transferred
27.306162,4.0199594,Tumor,E15S,transferred
27.284966,5.029509,Tumor,E15S,transferred
25.76248,5.258898,Tumor,E15S,transferred
-3.5323195,1.5546149,C1qc+ TAM,E15S,transferred
-5.6998005,2.6935306,Il1b+ TAM,E15S,transferred
26.858078,3.8506613,Tumor,E15S,transferred
0.7690873,-8.072796,Neutrophil,E15S,knn
25.702633,2.861412,Tumor,E15S,transferred
0.16444448,0.90576863,Monocyte,E15S,transferred
-0.21362181,2.503614,Monocyte,E15S,transferred
24.801907,5.1813827,Tumor,E15S,transferred
-5.3371396,4.066246,C1qc+ TAM,E15S,transferred
16.356253,6.2310357,Hypoxic Tumor,E15S,knn
0.7483719,-8.693774,Neutrophil,E15S,transferred
-5.2256866,1.3719827,Spp1+ TAM,E15S,transferred
0.7285066,0.5872567,Monocyte,E15S,transferred
-0.5681003,-0.32786375,Monocyte,E15S,transferred
-4.593016,4.3367915,C1qc+ TAM,E15S,transferred
1.6260811,-6.9209604,Neutrophil,E15S,transferred
-4.589437,5.7414093,C1qc+ TAM,E15S,transferred
16.653652,6.0094686,Hypoxic Tumor,E15S,knn
26.500492,5.3045597,Tumor,E15S,transferred
17.942797,6.5542493,Hypoxic Tumor,E15S,knn
0.95862275,5.0576806,B,E15S,transferred
1.8200779,-8.163816,Neutrophil,E15S,transferred
25.2748,5.1862097,CAF,E15S,transferred
-4.313668,3.311742,C1qc+ TAM,E15S,transferred
17.928762,9.8836775,Stromal,E15S,transferred
-4.6706786,4.3357363,Il1b+ TAM,E15S,transferred
16.273506,7.9845023,Hypoxic Tumor,E15S,transferred
-0.87153745,-8.225319,Neutrophil,E15S,knn
-2.3424182,4.226149,Monocyte,E15S,transferred
0.7025527,-7.575914,Neutrophil,E15S,transferred
25.55544,4.247508,CAF,E15S,transferred
-3.6510675,4.8511415,C1qc+ TAM,E15S,transferred
1.3728975,14.494765,NK,E15S,transferred
25.952084,4.0783286,Tumor,E15S,transferred
1.7740784,-8.117589,Neutrophil,E15S,transferred
22.992432,3.8904035,Tumor Proliferating,E15S,transferred
0.80051875,-7.4571486,Neutrophil,E15S,transferred
0.46198675,-8.676126,Neutrophil,E15S,transferred
23.58426,3.6297596,CAF,E15S,transferred
16.282248,8.604445,Hypoxic Tumor,E15S,transferred
25.917618,3.3196037,Tumor,E15S,transferred
-0.1266635,-8.604264,Neutrophil,E15S,transferred
16.353384,7.0474596,Hypoxic Tumor,E15S,knn
3.1443338,-6.903502,Neutrophil,E15S,transferred
15.623321,11.083102,Hypoxic Tumor,E15S,transferred
0.5118572,-8.445461,Neutrophil,E15S,transferred
18.686193,9.78525,Stromal,E15S,transferred
2.2291565,-9.071164,Neutrophil,E15S,transferred
-5.5999813,5.110013,Resident Macrophage,E15S,transferred
17.125145,7.6643324,Hypoxic Tumor,E15S,knn
18.761278,9.854488,Stromal,E15S,transferred
17.755758,9.830166,Stromal,E15S,transferred
0.14636317,0.66350234,Monocyte,E15S,transferred
23.525646,4.088552,CAF,E15S,transferred
24.855715,5.5218368,Tumor,E15S,transferred
17.675184,10.6171255,Stromal,E15S,transferred
-4.4191117,1.5719007,Spp1+ TAM,E15S,transferred
0.14096145,-5.295099,Neutrophil,E15S,transferred
25.522606,3.6070511,Tumor,E15S,transferred
26.10664,3.883861,Tumor,E15S,transferred
2.4959688,13.728777,NK T,E15S,transferred
-2.7771494,3.9137144,Monocyte,E15S,transferred
18.043129,9.321656,Stromal,E15S,transferred
1.6082028,-8.386969,Neutrophil,E15S,transferred
0.036382996,-8.353167,Neutrophil,E15S,transferred
-5.6800985,3.6008263,Resident Macrophage,E15S,knn
24.79427,4.415444,Tumor,E15S,transferred
-3.481056,3.011934,C1qc+ TAM,E15S,transferred
-1.2057027,10.569623,B,E15S,transferred
0.643878,-6.872893,Neutrophil,E15S,transferred
-6.1811705,3.3382545,C1qc+ TAM,E15S,transferred
22.393454,4.517346,Tumor Proliferating,E15S,transferred
-6.136666,4.111935,Resident Macrophage,E15S,transferred
-2.5501115,1.2863857,Monocyte,E15S,transferred
16.692846,9.848272,Stromal,E15S,transferred
-1.7362367,1.2339486,Spp1+ TAM,E15S,transferred
-4.6529408,0.53904676,Spp1+ TAM,E15S,transferred
-2.0849419,5.096151,Resident Macrophage,E15S,knn
-6.0574636,1.2562153,Spp1+ TAM,E15S,transferred
26.49238,4.969698,Tumor,E15S,transferred
2.4403498,15.39784,NK,E15S,transferred
17.430214,10.396015,Stromal,E15S,transferred
0.3666682,-8.565883,Neutrophil,E15S,transferred
25.228708,2.767433,CAF,E15S,transferred
24.25302,4.939873,Tumor Proliferating,E15S,transferred
25.260626,4.131434,Tumor Proliferating,E15S,transferred
26.678583,5.1808496,Tumor,E15S,transferred
23.605585,3.6047711,Tumor Proliferating,E15S,transferred
18.454937,7.4940195,Tumor Proliferating,E15S,knn
26.808132,4.013332,Tumor,E15S,transferred
18.792534,8.809471,Stromal,E15S,transferred
27.29274,5.079051,Tumor,E15S,transferred
26.879148,3.8609142,Tumor,E15S,transferred
24.687561,4.9719553,Tumor Proliferating,E15S,transferred
16.471857,6.4840994,Hypoxic Tumor,E15S,knn
-6.9086967,1.4011322,C1qc+ TAM,E15S,transferred
26.329062,3.9512882,Tumor,E15S,transferred
-0.21158308,-8.635246,Neutrophil,E15S,transferred
-5.751416,3.0484357,Resident Macrophage,E15S,transferred
18.16905,9.521407,Stromal,E15S,transferred
26.6062,3.959133,Tumor,E15S,transferred
25.913147,3.0064416,Tumor,E15S,transferred
-1.8624842,5.604849,Resident Macrophage,E15S,knn
27.10952,3.530348,Tumor,E15S,transferred
-4.623909,1.526772,C1qc+ TAM,E15S,transferred
-4.075751,0.39486858,Spp1+ TAM,E15S,transferred
3.0877044,-7.189163,Neutrophil,E15S,transferred
-4.8775444,4.1875353,C1qc+ TAM,E15S,transferred
-6.569843,3.9201841,Spp1+ TAM,E15S,transferred
-1.7796048,0.62378615,Monocyte,E15S,transferred
26.4559,3.366151,Tumor,E15S,transferred
-2.742412,2.539585,Monocyte,E15S,transferred
25.86345,4.909132,Tumor,E15S,transferred
26.84521,4.399312,Tumor,E15S,transferred
-5.167962,4.2550273,Resident Macrophage,E15S,transferred
-4.210476,2.996066,Il1b+ TAM,E15S,transferred
16.04535,9.528941,Hypoxic Tumor,E15S,transferred
23.576956,3.9223742,CAF,E15S,transferred
-4.0973964,6.483573,C1qc+ TAM,E15S,transferred
-1.8369339,2.1568546,Monocyte,E15S,transferred
-3.192653,5.7827187,C1qc+ TAM,E15S,transferred
23.418354,5.2946897,Tumor Proliferating,E15S,transferred
1.9023161,13.542236,NK T,E15S,transferred
22.47971,4.570168,Tumor Proliferating,E15S,transferred
0.26918128,5.275842,cDC,E15S,transferred
25.489578,5.794065,Tumor,E15S,transferred
-2.7544312,2.7936857,Il1b+ TAM,E15S,transferred
-6.1924486,3.6334767,Resident Macrophage,E15S,transferred
-0.6154572,1.2906711,Monocyte,E15S,transferred
-1.8021957,0.6015999,Monocyte,E15S,transferred
2.231253,14.9627905,NK,E15S,transferred
-5.8681703,0.65410906,Spp1+ TAM,E15S,transferred
-1.1425545,0.51479214,Monocyte,E15S,transferred
24.448912,3.7953951,CAF,E15S,transferred
25.74027,5.4733486,Tumor,E15S,transferred
1.15034,-7.631827,Neutrophil,E15S,transferred
24.476368,4.042954,CAF,E15S,transferred
0.6756083,-7.673453,Neutrophil,E15S,transferred
-6.070822,2.7310123,Resident Macrophage,E15S,transferred
16.772186,11.37107,Stromal,E15S,transferred
18.48473,9.526623,Stromal,E15S,transferred
-2.9199345,2.6169226,Il1b+ TAM,E15S,transferred
-6.780371,3.1615613,C1qc+ TAM,E15S,transferred
1.2872459,13.643314,Regulatory CD8 T,E15S,transferred
-0.010359229,-7.5271277,Neutrophil,E15S,transferred
26.636898,4.0810394,Tumor,E15S,transferred
-3.913777,4.7070045,C1qc+ TAM,E15S,transferred
-1.9846631,3.5966082,Resident Macrophage,E15S,transferred
15.625749,10.932127,Hypoxic Tumor,E15S,transferred
1.3754138,-8.030859,Neutrophil,E15S,transferred
-2.1825013,4.5516973,Resident Macrophage,E15S,knn
17.131039,9.743159,Stromal,E15S,transferred
0.7472434,-8.032416,Neutrophil,E15S,transferred
-2.7400177,5.7416277,C1qc+ TAM,E15S,transferred
-5.1177273,2.2087464,Il1b+ TAM,E15S,transferred
-6.560119,2.4504268,Resident Macrophage,E15S,transferred
2.8734207,-7.2535434,Neutrophil,E15S,transferred
-5.6717677,1.9629922,Resident Macrophage,E15S,transferred
-4.5382376,2.0128822,Spp1+ TAM,E15S,transferred
-2.4628344,2.1327226,Spp1+ TAM,E15S,transferred
0.72438234,-7.8684998,Neutrophil,E15S,transferred
-7.1485405,3.7374957,C1qc+ TAM,E15S,transferred
16.838282,10.969989,Stromal,E15S,transferred
-4.8875,6.3967476,C1qc+ TAM,E15S,transferred
-4.595845,1.9543918,Il1b+ TAM,E15S,transferred
17.946983,9.575605,Stromal,E15S,transferred
0.2628049,1.8056124,Monocyte,E15S,transferred
16.655874,10.429815,Stromal,E15S,transferred
-6.6522894,3.7404327,C1qc+ TAM,E15S,transferred
26.58487,3.6092176,Tumor,E15S,transferred
25.16466,4.92793,Tumor,E15S,transferred
24.222483,4.705303,CAF,E15S,transferred
0.26378492,-8.246633,Neutrophil,E15S,transferred
15.925548,9.982948,Hypoxic Tumor,E15S,transferred
-1.6215614,3.481257,Resident Macrophage,E15S,transferred
18.206617,10.725365,Stromal,E15S,transferred
22.821566,4.2191176,Tumor Proliferating,E15S,transferred
-3.2277598,4.3592243,C1qc+ TAM,E15S,transferred
26.357584,4.5397835,Tumor,E15S,transferred
-2.2225862,3.1958666,Monocyte,E15S,transferred
3.2544973,-7.0516686,Neutrophil,E15S,transferred
18.13871,10.593069,Stromal,E15S,transferred
-2.1890514,0.91850394,Il1b+ TAM,E15S,transferred
-4.8945684,4.4974756,C1qc+ TAM,E15S,transferred
-5.3876085,4.5152016,Resident Macrophage,E15S,transferred
-3.7256281,5.186441,C1qc+ TAM,E15S,transferred
-1.8703378,1.4326433,Monocyte,E15S,transferred
-0.48065996,1.625141,Monocyte,E15S,transferred
26.619532,4.7937446,Tumor,E15S,transferred
-1.273135,2.5461538,Resident Macrophage,E15S,transferred
-3.5294487,4.735086,C1qc+ TAM,E15S,transferred
-1.4259441,2.7229679,Resident Macrophage,E15S,transferred
-2.9553237,4.099587,C1qc+ TAM,E15S,transferred
24.424248,5.337838,Tumor,E15S,transferred
25.358086,4.7843456,Tumor,E15S,transferred
26.415674,4.2400217,Tumor,E15S,transferred
24.773096,4.029285,CAF,E15S,transferred
-5.500252,4.587058,C1qc+ TAM,E15S,transferred
-3.6844833,3.2837791,Il1b+ TAM,E15S,transferred
2.1069593,14.255779,NK,E15S,transferred
-0.65895414,1.123113,Monocyte,E15S,transferred
25.720222,3.9918385,Tumor,E15S,transferred
-3.9400852,1.085779,Spp1+ TAM,E15S,transferred
-1.4710593,1.7296183,Monocyte,E15S,transferred
-2.896688,5.222773,C1qc+ TAM,E15S,transferred
-1.9591261,3.7312162,Resident Macrophage,E15S,transferred
25.943583,2.883687,Tumor,E15S,transferred
-1.3128672,1.0813708,Monocyte,E15S,transferred
18.381464,9.614978,Stromal,E15S,transferred
25.532598,5.655575,Tumor,E15S,transferred
-3.791661,0.44547546,Spp1+ TAM,E15S,knn
0.68426514,-8.959313,Neutrophil,E15S,transferred
-3.5506203,5.351142,C1qc+ TAM,E15S,transferred
-7.1439896,3.3546023,C1qc+ TAM,E15S,transferred
-0.56616426,2.794879,Monocyte,E15S,transferred
25.519447,4.2252765,CAF,E15S,transferred
1.3486639,14.377226,NK,E15S,transferred
16.976303,9.929411,Stromal,E15S,knn
25.538366,4.288447,CAF,E15S,transferred
-5.619975,2.0058887,Spp1+ TAM,E15S,transferred
24.130232,4.065182,CAF,E15S,transferred
-3.7206843,2.9741867,Il1b+ TAM,E15S,transferred
25.696648,3.0007312,Tumor,E15S,transferred
22.524252,4.4229774,Tumor Proliferating,E15S,transferred
24.659954,3.8450813,CAF,E15S,transferred
1.9719584,-7.3092318,Neutrophil,E15S,knn
-6.512729,1.0357469,Spp1+ TAM,E15S,transferred
-1.4379182,2.1434133,Monocyte,E15S,transferred
16.495499,6.8473916,Hypoxic Tumor,E15S,transferred
-2.0592942,5.462197,Resident Macrophage,E15S,knn
-1.0629758,1.4407506,Spp1+ TAM,E15S,transferred
25.809439,5.5045137,Tumor,E15S,transferred
26.273916,3.3970776,Tumor,E15S,transferred
19.672277,7.1419544,Hypoxic Tumor,E15S,knn
24.442562,4.097353,CAF,E15S,transferred
-0.1226191,-8.513864,Neutrophil,E15S,transferred
23.751738,4.924504,Tumor Proliferating,E15S,transferred
-3.7384305,5.9213524,Resident Macrophage,E15S,transferred
26.925621,3.4371774,Tumor,E15S,transferred
-0.9615196,1.8328705,Monocyte,E15S,transferred
0.07088836,-5.616239,Neutrophil,E15S,transferred
16.691788,9.861367,Stromal,E15S,transferred
16.417103,7.3945336,Hypoxic Tumor,E15S,transferred
17.737967,9.56606,Stromal,E15S,transferred
-6.187785,2.5428767,C1qc+ TAM,E15S,transferred
-4.583279,3.2447472,Il1b+ TAM,E15S,transferred
-0.51817286,2.5157268,Monocyte,E15S,transferred
1.0972015,5.513672,cDC,E15S,transferred
27.321024,4.689349,Tumor,E15S,transferred
0.2675488,-8.532691,Neutrophil,E15S,knn
24.585846,5.2920113,Tumor,E15S,transferred
-5.7403936,1.3645229,Spp1+ TAM,E15S,transferred
26.341545,3.7864125,Tumor,E15S,transferred
-2.594587,2.1585004,Monocyte,E15S,transferred
-0.7886483,2.018189,Monocyte,E15S,transferred
1.6511824,-8.10671,Neutrophil,E15S,transferred
15.70497,11.532014,Stromal,E15S,transferred
-6.489263,2.5949614,C1qc+ TAM,E15S,transferred
0.28980958,-7.943136,Neutrophil,E15S,transferred
-0.0148122115,-8.33754,Neutrophil,E15S,transferred
2.0814366,-7.68015,Neutrophil,E15S,transferred
18.197435,9.671154,Stromal,E15S,transferred
18.232,10.431297,Stromal,E15S,transferred
-4.1577153,4.739968,C1qc+ TAM,E15S,transferred
18.193098,9.327321,Stromal,E15S,transferred
-2.7695568,3.6643608,C1qc+ TAM,E15S,transferred
23.987255,5.0954857,Tumor Proliferating,E15S,transferred
27.345686,4.8094473,Tumor,E15S,transferred
-2.1406753,4.9568152,Resident Macrophage,E15S,knn
-3.9017606,2.889577,C1qc+ TAM,E15S,transferred
24.602375,5.037167,Tumor,E15S,transferred
16.709694,9.921063,Stromal,E15S,transferred
23.729343,3.7533753,Tumor Proliferating,E15S,transferred
18.260006,10.429131,Stromal,E15S,transferred
24.172161,6.042638,Tumor,E15S,transferred
1.9150925,-7.917357,Neutrophil,E15S,transferred
-4.5052466,2.321185,Spp1+ TAM,E15S,transferred
27.269459,4.449975,Tumor,E15S,transferred
25.930609,3.7665367,Tumor,E15S,transferred
16.384697,10.472989,Hypoxic Tumor,E15S,transferred
18.534111,9.205206,Stromal,E15S,transferred
2.3268683,-7.180043,Neutrophil,E15S,transferred
2.4820797,13.445786,Hypoxic Tumor,E15S,knn
-2.0094328,1.5010048,Monocyte,E15S,transferred
17.851337,9.581057,Stromal,E15S,transferred
-6.4880486,0.9638278,Spp1+ TAM,E15S,transferred
-3.3334496,2.404288,Il1b+ TAM,E15S,transferred
17.551628,10.580468,Stromal,E15S,transferred
16.090809,6.4284415,Hypoxic Tumor,E15S,knn
-4.2799845,1.5741076,Monocyte,E15S,transferred
-6.4457335,4.334312,Resident Macrophage,E15S,transferred
1.5681589,-8.839172,Neutrophil,E15S,transferred
19.512058,8.220643,Stromal,E15S,transferred
2.0835042,15.096623,NK,E15S,transferred
5.4782424,9.8107815,B,E15S,transferred
17.996529,10.528123,Stromal,E15S,transferred
26.572216,5.0476375,Tumor,E15S,transferred
25.125895,4.8792753,CAF,E15S,transferred
25.306639,5.586302,Tumor,E15S,transferred
3.2813528,-6.64977,Neutrophil,E15S,transferred
18.076077,6.592889,Hypoxic Tumor,E15S,knn
18.805513,9.132414,Stromal,E15S,transferred
1.7434216,14.652603,NK,E15S,transferred
1.9873571,-7.6402426,Neutrophil,E15S,transferred
2.7012866,-7.446982,Neutrophil,E15S,transferred
16.083776,11.643025,Stromal,E15S,transferred
1.7309492,13.715068,NK,E15S,transferred
25.44667,3.9096298,Tumor,E15S,transferred
-4.1309357,4.5900307,C1qc+ TAM,E15S,transferred
-6.30673,4.46279,C1qc+ TAM,E15S,transferred
1.9128337,-7.094377,Neutrophil,E15S,transferred
1.2706012,-7.5650764,Neutrophil,E15S,transferred
5.5169744,9.77083,B,E15S,transferred
-3.5987034,5.6642733,Resident Macrophage,E15S,transferred
24.055922,5.8363266,Tumor,E15S,transferred
23.445187,3.925393,CAF,E15S,transferred
0.8102883,-7.5955634,Neutrophil,E15S,transferred
-6.611071,1.0352595,Spp1+ TAM,E15S,transferred
-1.8100969,5.111033,Resident Macrophage,E15S,knn
-5.0556087,1.506584,Resident Macrophage,E15S,transferred
27.674065,3.7627354,Tumor,E15S,transferred
-6.34747,2.6651676,Resident Macrophage,E15S,transferred
-5.709871,2.9568808,Resident Macrophage,E15S,transferred
-0.49714637,-7.94205,Neutrophil,E15S,transferred
-0.25400984,-8.84343,Neutrophil,E15S,knn
-3.738822,6.0943146,Resident Macrophage,E15S,transferred
16.622322,7.270421,Hypoxic Tumor,E15S,transferred
17.272572,10.6925955,Stromal,E15S,transferred
23.039759,4.712539,Tumor Proliferating,E15S,transferred
26.390755,4.8088007,Tumor,E15S,transferred
-5.783262,3.4772959,Resident Macrophage,E15S,transferred
-5.2378592,0.8224048,Spp1+ TAM,E15S,transferred
18.07549,10.554483,Stromal,E15S,transferred
18.264,9.438432,Stromal,E15S,transferred
17.816744,10.432756,Stromal,E15S,transferred
26.151285,4.0160513,Tumor,E15S,transferred
0.5929206,-8.2602,Neutrophil,E15S,transferred
0.33182162,0.5802481,Monocyte,E15S,transferred
-4.469488,2.131252,Il1b+ TAM,E15S,transferred
-6.1067533,2.5639956,Resident Macrophage,E15S,transferred
-0.8506957,-7.90865,Neutrophil,E15S,transferred
-1.28159,10.71545,B,E15S,transferred
26.699175,5.088831,Tumor,E15S,transferred
-0.2823377,3.1491466,Monocyte,E15S,transferred
1.8809617,-9.130497,Neutrophil,E15S,transferred
15.886045,10.854858,Hypoxic Tumor,E15S,transferred
17.513899,9.580105,Stromal,E15S,transferred
16.521364,6.477424,Hypoxic Tumor,E15S,knn
17.666624,9.487524,Stromal,E15S,transferred
-0.90363437,-7.7873993,Neutrophil,E15S,transferred
24.911316,4.752461,Tumor,E15S,transferred
15.823781,11.669644,Stromal,E15S,transferred
-0.12035965,-7.9352813,Neutrophil,E15S,transferred
25.733948,3.3267615,Tumor,E15S,transferred
0.11507227,1.1840326,Monocyte,E15S,transferred
23.40249,5.201097,Tumor Proliferating,E15S,transferred
-5.477194,5.6768656,C1qc+ TAM,E15S,transferred
27.218966,4.484384,Tumor,E15S,transferred
2.4439783,-8.415127,Neutrophil,E15S,transferred
-6.2207193,1.6203109,Resident Macrophage,E15S,knn
-5.434433,0.55581367,Spp1+ TAM,E15S,transferred
-4.8528323,6.3228006,C1qc+ TAM,E15S,transferred
24.922874,4.6587253,Tumor,E15S,transferred
17.60604,9.837702,Stromal,E15S,transferred
0.26797447,0.5342305,Monocyte,E15S,transferred
2.5134199,15.496621,NK,E15S,transferred
18.952106,6.9862633,Hypoxic Tumor,E15S,knn
1.0353844,-8.922065,Neutrophil,E15S,knn
-4.4925203,2.844264,Resident Macrophage,E15S,transferred
-6.189942,3.9699886,C1qc+ TAM,E15S,transferred
18.993673,9.135547,Stromal,E15S,transferred
1.0611264,-6.052109,Neutrophil,E15S,transferred
16.402468,10.9791155,Stromal,E15S,transferred
-3.5847988,1.7269372,Il1b+ TAM,E15S,transferred
26.834663,4.2036357,Tumor,E15S,transferred
-5.512167,5.2036824,C1qc+ TAM,E15S,transferred
-4.6447825,5.0048237,Resident Macrophage,E15S,transferred
-4.673655,6.3851113,C1qc+ TAM,E15S,transferred
-4.4268956,0.5470522,Spp1+ TAM,E15S,transferred
26.501019,3.2814536,Tumor,E15S,transferred
15.752036,11.060314,Hypoxic Tumor,E15S,transferred
-2.1003773,1.6066968,Monocyte,E15S,transferred
-4.5218396,1.3065051,C1qc+ TAM,E15S,transferred
-4.1342797,4.480458,C1qc+ TAM,E15S,transferred
-0.38014528,-8.156752,Neutrophil,E15S,transferred
18.463144,8.911886,Stromal,E15S,transferred
-5.058122,1.031599,Resident Macrophage,E15S,transferred
23.523605,3.4929261,CAF,E15S,transferred
-3.4613943,4.600446,C1qc+ TAM,E15S,transferred
-5.83296,1.5345534,Spp1+ TAM,E15S,transferred
-1.6342347,3.959556,Monocyte,E15S,transferred
16.501684,8.127442,Hypoxic Tumor,E15S,transferred
-0.969062,3.999043,Resident Macrophage,E15S,transferred
-5.3190513,3.1357777,Resident Macrophage,E15S,transferred
0.1287289,-6.8039584,Neutrophil,E15S,transferred
-1.9856521,3.0180798,Monocyte,E15S,transferred
-3.9563816,3.083458,Il1b+ TAM,E15S,transferred
0.79739124,-8.9057255,Neutrophil,E15S,transferred
-4.824829,2.902002,Resident Macrophage,E15S,knn
-2.5198302,4.367616,Resident Macrophage,E15S,transferred
-3.0910823,3.7640908,C1qc+ TAM,E15S,transferred
-5.807687,1.9849495,Resident Macrophage,E15S,transferred
15.980268,11.52896,Stromal,E15S,transferred
-0.7288841,-7.6695976,Neutrophil,E15S,transferred
-2.985073,2.2169464,Il1b+ TAM,E15S,transferred
-0.45425367,1.9126363,Monocyte,E15S,knn
-2.118872,0.8628212,Il1b+ TAM,E15S,transferred
26.402006,5.223859,Tumor,E15S,transferred
0.18051568,-6.666388,Neutrophil,E15S,transferred
-6.5396247,2.518652,C1qc+ TAM,E15S,transferred
1.8947494,-9.085654,Neutrophil,E15S,transferred
15.760603,10.692166,Hypoxic Tumor,E15S,transferred
17.201618,9.697276,Stromal,E15S,transferred
-0.18740198,1.0022688,Monocyte,E15S,transferred
16.424314,9.537491,Hypoxic Tumor,E15S,knn
-0.5212478,-7.997248,Neutrophil,E15S,transferred
23.78159,3.2145689,Tumor Proliferating,E15S,transferred
24.981667,3.5981426,Tumor,E15S,transferred
-4.491441,1.7895886,Il1b+ TAM,E15S,transferred
17.952057,7.793198,Hypoxic Tumor,E15S,transferred
-2.1521084,1.7908751,Monocyte,E15S,transferred
26.120504,3.6828604,Tumor,E15S,transferred
25.553146,3.8729613,Tumor,E15S,transferred
19.016933,6.910006,Hypoxic Tumor,E15S,knn
-3.9386945,3.7756026,C1qc+ TAM,E15S,transferred
-4.89458,2.8090682,Resident Macrophage,E15S,transferred
16.990013,11.239324,Stromal,E15S,transferred
-4.841,3.7513907,Il1b+ TAM,E15S,transferred
27.296768,3.240416,Tumor,E15S,transferred
-3.7744591,5.4283595,C1qc+ TAM,E15S,transferred
-4.82713,1.5105755,C1qc+ TAM,E15S,transferred
25.352869,5.104697,Tumor,E15S,transferred
-0.24597014,-7.8039117,Neutrophil,E15S,transferred
-3.928464,6.264783,C1qc+ TAM,E15S,transferred
1.558246,-7.9877014,Neutrophil,E15S,transferred
-5.7870603,2.4097395,Il1b+ TAM,E15S,transferred
25.118904,5.3510213,Tumor,E15S,transferred
2.8306017,-7.620723,Neutrophil,E15S,transferred
-1.20992,2.4519649,Resident Macrophage,E15S,transferred
23.655817,3.668592,Tumor Proliferating,E15S,transferred
22.9778,4.3082256,Tumor Proliferating,E15S,transferred
-2.5034564,2.2944686,Monocyte,E15S,transferred
-4.619833,3.8724594,Resident Macrophage,E15S,transferred
0.61535203,-8.746301,Neutrophil,E15S,transferred
-4.7773333,0.45735568,Spp1+ TAM,E15S,transferred
-2.683619,1.865872,Monocyte,E15S,transferred
16.667992,10.186991,Stromal,E15S,transferred
-0.45617738,-8.25165,Neutrophil,E15S,transferred
-1.9834511,1.7287118,Monocyte,E15S,transferred
23.985424,4.4697843,Tumor Proliferating,E15S,transferred
24.770638,3.7792747,Tumor,E15S,transferred
-3.8627257,4.5829372,C1qc+ TAM,E15S,transferred
18.588964,10.071878,Stromal,E15S,transferred
-0.5569013,-0.43831167,Monocyte,E15S,transferred
16.893791,11.299458,Stromal,E15S,transferred
-3.5684848,6.829313,C1qc+ TAM,E15S,transferred
-3.4365876,2.863066,Resident Macrophage,E15S,transferred
-0.84140223,2.3884282,Monocyte,E15S,transferred
26.632027,4.9205127,Tumor,E15S,transferred
23.538292,4.8561516,Tumor,E15S,transferred
17.658045,10.034642,Stromal,E15S,transferred
-5.863334,4.128953,Resident Macrophage,E15S,transferred
24.051643,4.939787,Tumor Proliferating,E15S,transferred
23.55515,5.088082,CAF,E15S,transferred
-4.2066994,3.672193,Resident Macrophage,E15S,transferred
-2.0530622,3.0781283,Monocyte,E15S,transferred
-5.689156,1.0206162,Spp1+ TAM,E15S,transferred
1.2172221,-8.997719,Neutrophil,E15S,transferred
0.23100397,-5.7515187,Neutrophil,E15S,transferred
-5.3964815,1.5415926,Spp1+ TAM,E15S,transferred
0.5392202,-7.7943277,Neutrophil,E15S,transferred
-1.7000757,2.0848923,Spp1+ TAM,E15S,transferred
26.208818,3.7130709,Tumor,E15S,transferred
2.9734964,-7.2919664,Neutrophil,E15S,transferred
-1.4971875,2.5277867,Monocyte,E15S,transferred
-2.8806703,0.58191365,Spp1+ TAM,E15S,transferred
-2.9355469,1.8884661,Il1b+ TAM,E15S,transferred
2.452166,-7.5943737,Neutrophil,E15S,transferred
25.61988,5.625045,Tumor,E15S,transferred
0.13117105,-5.484663,Neutrophil,E15S,transferred
-0.71608657,-0.11362675,Monocyte,E15S,transferred
1.454232,-7.9422884,Neutrophil,E15S,transferred
16.547495,11.729393,Stromal,E15S,transferred
0.58452284,5.4145155,cDC,E15S,transferred
-1.3674325,3.0835793,Resident Macrophage,E15S,transferred
-5.2550445,0.846308,Spp1+ TAM,E15S,transferred
0.7071118,0.65690625,Monocyte,E15S,transferred
-2.628191,1.438459,Monocyte,E15S,transferred
24.27428,4.302346,CAF,E15S,transferred
-4.21727,2.1755185,Il1b+ TAM,E15S,transferred
25.164984,3.164655,Tumor,E15S,transferred
-4.1724725,2.7049282,Resident Macrophage,E15S,transferred
-5.0461946,4.2257566,C1qc+ TAM,E15S,transferred
16.669333,11.1050205,Stromal,E15S,transferred
16.548498,8.498493,Hypoxic Tumor,E15S,transferred
3.2941842,-6.7196016,Neutrophil,E15S,transferred
1.9577117,14.651959,NK,E15S,transferred
24.643438,4.0107036,Tumor,E15S,transferred
-4.9646955,4.056242,Resident Macrophage,E15S,transferred
25.087688,3.4118075,Tumor,E15S,transferred
-4.0188823,1.0327222,Spp1+ TAM,E15S,transferred
25.087196,4.2504106,CAF,E15S,transferred
-3.7390692,3.533732,Il1b+ TAM,E15S,transferred
16.65221,10.174721,Stromal,E15S,transferred
-4.003641,1.6786646,Spp1+ TAM,E15S,transferred
26.593193,3.1222682,Tumor,E15S,transferred
-1.1104687,4.014232,Monocyte,E15S,knn
27.215359,3.5420723,Hypoxic Tumor,E15S,transferred
-4.7695246,4.961725,Resident Macrophage,E15S,transferred
0.34995884,-7.6220994,Neutrophil,E15S,transferred
-0.31686205,0.54076934,Monocyte,E15S,transferred
-1.6673641,2.9478805,Monocyte,E15S,transferred
18.539597,7.5768003,Stromal,E15S,transferred
-5.1470766,0.7386552,Spp1+ TAM,E15S,transferred
16.641485,9.913127,Stromal,E15S,transferred
-0.65148985,-8.231134,Neutrophil,E15S,knn
24.922594,3.2988017,Tumor,E15S,transferred
-5.846184,2.1288986,Spp1+ TAM,E15S,transferred
27.428074,3.4438252,Tumor,E15S,transferred
15.335882,11.272237,Stromal,E15S,transferred
23.903324,5.726953,Tumor Proliferating,E15S,transferred
-5.7069416,3.2270033,Resident Macrophage,E15S,transferred
26.881895,5.104479,Tumor,E15S,transferred
-6.4622307,3.4781573,Resident Macrophage,E15S,transferred
-6.514069,2.4673002,C1qc+ TAM,E15S,transferred
26.248781,3.7737396,Tumor,E15S,transferred
2.7648637,-7.702126,Neutrophil,E15S,transferred
1.6899797,14.353359,NK,E15S,transferred
19.381214,8.823254,Stromal,E15S,transferred
18.108297,10.225472,Stromal,E15S,transferred
23.638634,5.047966,Tumor Proliferating,E15S,transferred
0.7991919,0.6350359,Monocyte,E15S,transferred
3.0028095,-6.8248487,Neutrophil,E15S,transferred
25.510529,3.920081,CAF,E15S,transferred
3.0035217,11.184543,CD8 Exhausted Proliferating,E15S,transferred
24.700935,6.106999,Tumor,E15S,transferred
0.21351053,1.5669973,Monocyte,E15S,transferred
-5.7994437,3.7983932,Resident Macrophage,E15S,transferred
-4.0623903,2.44973,C1qc+ TAM,E15S,transferred
-4.3414707,3.342175,Resident Macrophage,E15S,transferred
0.35258722,-6.168943,Neutrophil,E15S,transferred
18.305223,9.833164,Stromal,E15S,transferred
25.620287,5.790512,Tumor,E15S,transferred
18.198244,10.7503,Stromal,E15S,transferred
17.458809,10.69878,Stromal,E15S,transferred
-5.2552776,5.0849934,C1qc+ TAM,E15S,transferred
16.173613,6.569263,Hypoxic Tumor,E15S,transferred
-0.22241752,-8.790095,Neutrophil,E15S,knn
-2.4537685,2.7826765,Monocyte,E15S,transferred
24.31816,5.7498765,Tumor,E15S,transferred
-3.684277,3.3139927,Il1b+ TAM,E15S,transferred
0.5093432,-8.289418,Neutrophil,E15S,transferred
17.370174,7.7059216,Hypoxic Tumor,E15S,transferred
0.49056676,-7.3930836,Neutrophil,E15S,transferred
18.465292,7.1269736,Hypoxic Tumor,E15S,knn
-2.2522838,4.047748,Resident Macrophage,E15S,transferred
-5.95828,4.1202216,Resident Macrophage,E15S,transferred
1.0275053,-8.471252,Neutrophil,E15S,transferred
26.243332,2.801214,Tumor,E15S,transferred
2.701164,12.903159,NK T,E15S,transferred
-1.051763,2.7768795,Monocyte,E15S,transferred
-5.8744698,2.940676,Resident Macrophage,E15S,transferred
16.624674,5.9166703,Hypoxic Tumor,E15S,knn
-0.7506782,2.036923,Monocyte,E15S,transferred
22.869673,3.604619,CAF,E15S,transferred
16.169128,8.89814,Hypoxic Tumor,E15S,transferred
1.5034689,-8.3221035,Neutrophil,E15S,transferred
0.5966202,-8.043628,Neutrophil,E15S,transferred
19.015278,9.623629,Stromal,E15S,transferred
-4.523272,4.7359395,C1qc+ TAM,E15S,transferred
2.2631614,-8.092014,Neutrophil,E15S,transferred
27.093317,4.325621,Tumor,E15S,transferred
18.148823,9.508365,Stromal,E15S,transferred
-5.189939,3.2104328,C1qc+ TAM,E15S,transferred
17.517323,10.760367,Stromal,E15S,transferred
0.65487593,-7.9320674,Neutrophil,E15S,transferred
-0.5846443,1.7345746,Monocyte,E15S,transferred
2.4535625,14.931216,NK,E15S,transferred
0.17760722,-8.25584,Neutrophil,E15S,transferred
-4.585827,2.7120776,Il1b+ TAM,E15S,transferred
-5.3765607,5.577713,C1qc+ TAM,E15S,transferred
-5.385593,3.2502894,Resident Macrophage,E15S,transferred
-3.6492612,3.8286974,Resident Macrophage,E15S,transferred
27.01358,3.880021,Tumor,E15S,transferred
17.776693,10.105394,Stromal,E15S,transferred
-4.8026357,1.7329282,Spp1+ TAM,E15S,transferred
-4.51973,0.9696745,Spp1+ TAM,E15S,transferred
25.90416,3.7614303,Tumor,E15S,transferred
19.704208,7.639264,Neutrophil,E15S,transferred
25.70479,5.2193513,Tumor Proliferating,E15S,transferred
16.402872,10.049179,Stromal,E15S,transferred
24.165005,5.4197316,Tumor,E15S,transferred
-4.1030993,4.7907534,C1qc+ TAM,E15S,transferred
24.33354,3.4500575,Tumor,E15S,transferred
-3.9557185,2.3226027,C1qc+ TAM,E15S,transferred
-5.4234304,3.2478273,C1qc+ TAM,E15S,transferred
-6.6305532,2.3637536,C1qc+ TAM,E15S,transferred
26.350822,4.2440305,Tumor,E15S,transferred
25.079361,3.4521646,Tumor,E15S,transferred
-1.3023138,2.8461437,Monocyte,E15S,transferred
-0.64343923,-8.257358,Neutrophil,E15S,transferred
16.09711,11.066041,Stromal,E15S,transferred
25.554237,3.7773583,Tumor,E15S,transferred
24.111004,5.9892263,Tumor,E15S,transferred
19.029144,8.840029,Stromal,E15S,transferred
1.3086227,-7.3264685,Neutrophil,E15S,transferred
17.454884,10.30496,Stromal,E15S,transferred
0.85704094,-6.1398745,Neutrophil,E15S,transferred
16.702353,6.358641,Hypoxic Tumor,E15S,knn
25.578278,4.3926053,Tumor,E15S,transferred
25.095993,5.667701,Tumor,E15S,transferred
3.0832644,-6.7830663,Neutrophil,E15S,transferred
0.6733085,-8.289758,Neutrophil,E15S,transferred
25.909027,2.9400146,Tumor,E15S,transferred
27.156475,5.0443926,Tumor,E15S,transferred
25.481804,5.542129,Tumor,E15S,transferred
0.7447637,-8.344609,Neutrophil,E15S,transferred
16.183596,10.988259,Stromal,E15S,transferred
-0.11106909,0.9765878,Monocyte,E15S,transferred
-5.9291835,1.9494029,C1qc+ TAM,E15S,transferred
2.3226824,-8.9992695,Neutrophil,E15S,transferred
2.4353635,-7.743914,Neutrophil,E15S,transferred
16.021563,11.31639,Stromal,E15S,transferred
27.139177,3.2420943,Tumor,E15S,transferred
-4.4111495,1.9597228,Il1b+ TAM,E15S,transferred
5.38196,9.897086,B,E15S,transferred
1.1610355,-8.991318,Neutrophil,E15S,knn
23.690548,5.5316668,Tumor Proliferating,E15S,transferred
-3.4174035,1.7495145,Spp1+ TAM,E15S,transferred
-5.482122,1.8952659,Spp1+ TAM,E15S,transferred
26.792583,3.7073798,Tumor,E15S,transferred
-4.7561293,2.0561252,Il1b+ TAM,E15S,transferred
-5.1971045,5.1564083,Resident Macrophage,E15S,transferred
23.708565,4.911369,Tumor Proliferating,E15S,transferred
26.37285,4.1463394,Tumor,E15S,transferred
19.206306,9.333478,Stromal,E15S,transferred
18.26991,10.62697,Stromal,E15S,transferred
-2.5444808,3.6647966,Il1b+ TAM,E15S,transferred
-2.5557637,2.7141623,Monocyte,E15S,transferred
25.443241,3.6055102,Hypoxic Tumor,E15S,transferred
26.67099,3.924084,Tumor,E15S,transferred
15.642846,11.181834,Hypoxic Tumor,E15S,transferred
26.258827,5.281689,Tumor,E15S,transferred
-2.2764642,1.3592167,Il1b+ TAM,E15S,transferred
16.65132,9.792696,Stromal,E15S,transferred
17.640717,9.951225,Stromal,E15S,transferred
26.80973,4.547373,Tumor,E15S,transferred
2.189479,-7.8164434,Neutrophil,E15S,transferred
15.434271,11.246775,Stromal,E15S,transferred
3.0170171,-7.688834,Neutrophil,E15S,transferred
-4.0195317,3.036944,Il1b+ TAM,E15S,transferred
26.679108,3.0765166,Hypoxic Tumor,E15S,transferred
2.6089036,-7.3827724,Neutrophil,E15S,transferred
27.01123,3.3424952,Tumor,E15S,transferred
-0.39758086,1.4430953,Monocyte,E15S,transferred
0.6991739,-5.62516,Neutrophil,E15S,transferred
-4.3910584,5.5598392,C1qc+ TAM,E15S,transferred
17.581833,9.429519,Stromal,E15S,transferred
24.903421,5.2553096,CAF,E15S,transferred
17.986914,8.657517,Stromal,E15S,transferred
0.25879332,-5.7372737,Il1b+ TAM,E15S,transferred
25.047276,4.937882,Tumor,E15S,transferred
-2.2154477,2.612116,Il1b+ TAM,E15S,transferred
-2.9144714,4.493814,C1qc+ TAM,E15S,transferred
-2.2797618,3.1575224,Monocyte,E15S,transferred
26.78297,4.1331244,Tumor,E15S,transferred
0.65687025,5.590807,cDC,E15S,transferred
25.642595,2.9589326,Tumor,E15S,transferred
27.27388,4.367555,Tumor,E15S,transferred
-3.769692,5.687594,C1qc+ TAM,E15S,transferred
26.38021,4.2344246,Tumor,E15S,transferred
2.3577383,-7.623833,Neutrophil,E15S,transferred
-0.4199535,3.2589266,Monocyte,E15S,transferred
22.95375,3.5071886,Tumor Proliferating,E15S,transferred
18.889671,7.249864,Hypoxic Tumor,E15S,knn
-0.45019144,-8.411314,Neutrophil,E15S,transferred
-5.2332015,4.076739,C1qc+ TAM,E15S,transferred
26.83295,4.7828927,Tumor,E15S,transferred
16.313536,6.4365783,Hypoxic Tumor,E15S,transferred
0.67325014,-5.4127426,Monocyte,E15S,transferred
0.17547719,-8.673433,Neutrophil,E15S,transferred
18.573729,10.090552,Stromal,E15S,transferred
-6.2608843,2.3353448,Resident Macrophage,E15S,transferred
0.5272886,-5.6875873,Neutrophil,E15S,transferred
-4.9227533,4.790799,Resident Macrophage,E15S,transferred
19.508688,8.540798,Stromal,E15S,transferred
-4.592245,2.10568,C1qc+ TAM,E15S,transferred
17.307796,11.112699,Stromal,E15S,transferred
-3.2838113,3.8582635,Resident Macrophage,E15S,transferred
-4.9946604,2.389616,C1qc+ TAM,E15S,transferred
-2.3548002,5.9309034,C1qc+ TAM,E15S,knn
2.2215817,-8.857574,Neutrophil,E15S,transferred
26.96481,4.771114,Tumor,E15S,transferred
17.38017,10.367238,Stromal,E15S,transferred
0.92265797,-8.211955,Neutrophil,E15S,transferred
2.504131,-7.4726553,Neutrophil,E15S,transferred
-1.0148126,1.6125575,Monocyte,E15S,transferred
-4.6709595,2.4786718,Il1b+ TAM,E15S,transferred
-1.2344275,3.6208138,Resident Macrophage,E15S,transferred
-6.9449615,3.2568147,C1qc+ TAM,E15S,transferred
-0.53230256,2.6398423,Monocyte,E15S,transferred
-4.545505,4.6173925,C1qc+ TAM,E15S,transferred
18.24272,9.451807,Stromal,E15S,transferred
-3.804402,2.0411854,Spp1+ TAM,E15S,transferred
-1.968299,4.9954696,Resident Macrophage,E15S,transferred
-3.517794,5.294041,C1qc+ TAM,E15S,transferred
17.402224,10.497268,Stromal,E15S,transferred
-1.8249784,5.040881,Resident Macrophage,E15S,knn
-6.0331044,3.3624835,C1qc+ TAM,E15S,transferred
-5.2122345,3.4082565,Resident Macrophage,E15S,transferred
18.940208,7.307307,Hypoxic Tumor,E15S,knn
-1.3609473,0.66222805,Monocyte,E15S,transferred
27.30924,3.705781,Tumor,E15S,transferred
-4.08882,4.4605203,C1qc+ TAM,E15S,transferred
-5.5664167,1.276311,Spp1+ TAM,E15S,transferred
24.936472,3.4840093,Tumor,E15S,transferred
-6.0431056,4.201164,Resident Macrophage,E15S,transferred
16.45223,7.0147357,Hypoxic Tumor,E15S,transferred
1.81738,14.789763,NK,E15S,transferred
16.232103,11.259983,Stromal,E15S,transferred
2.9445255,-7.2779975,Neutrophil,E15S,transferred
18.226624,10.414081,Stromal,E15S,transferred
-5.4143906,4.5733786,Resident Macrophage,E15S,transferred
15.363806,11.360571,Stromal,E15S,transferred
15.475946,11.147891,Stromal,E15S,transferred
-5.2722354,4.4948893,Resident Macrophage,E15S,transferred
16.435087,11.074232,Stromal,E15S,transferred
26.400444,4.421316,Tumor,E15S,transferred
-5.998919,4.0272584,Resident Macrophage,E15S,transferred
-0.8694904,1.3941121,Monocyte,E15S,transferred
-5.423515,2.023339,Spp1+ TAM,E15S,transferred
-4.6837735,2.0756857,Il1b+ TAM,E15S,transferred
1.9997184,-9.189908,Neutrophil,E15S,transferred
0.31216565,1.0131844,Monocyte,E15S,transferred
24.740984,3.9945376,Tumor,E15S,transferred
27.435146,4.851309,Tumor,E15S,transferred
-4.9989686,0.9248255,Spp1+ TAM,E15S,transferred
1.9808433,7.210928,mDC,E15S,transferred
1.2639078,-7.63583,Neutrophil,E15S,transferred
2.338138,10.732694,CD4 T,E15S,transferred
25.217436,4.191394,Tumor,E15S,transferred
26.990791,4.00753,Tumor,E15S,transferred
-6.4793077,4.38936,C1qc+ TAM,E15S,transferred
16.632896,6.2235856,Hypoxic Tumor,E15S,knn
0.7157745,-7.4448786,Neutrophil,E15S,transferred
-5.6179757,5.22727,C1qc+ TAM,E15S,transferred
-5.080123,1.8519098,Spp1+ TAM,E15S,transferred
26.518839,2.9015324,Hypoxic Tumor,E15S,transferred
26.344149,3.4852512,Tumor,E15S,transferred
-3.680123,4.9638176,C1qc+ TAM,E15S,transferred
-4.7924976,6.276759,C1qc+ TAM,E15S,transferred
-1.3249471,2.040851,Monocyte,E15S,transferred
0.91374815,-5.7796364,Neutrophil,E15S,transferred
-6.973491,3.0118554,C1qc+ TAM,E15S,transferred
1.3698546,13.761937,NK,E15S,transferred
1.1885555,-9.153094,Neutrophil,E15S,knn
23.141088,5.2473454,Tumor Proliferating,E15S,transferred
-5.161171,2.6338444,Il1b+ TAM,E15S,transferred
16.289074,9.840994,Hypoxic Tumor,E15S,transferred
-3.3856463,6.554917,C1qc+ TAM,E15S,transferred
25.731249,6.019982,Stromal,E15S,transferred
-1.289335,10.723809,B,E15S,transferred
22.895718,5.7636776,Tumor Proliferating,E15S,transferred
-4.242444,4.977209,C1qc+ TAM,E15S,transferred
-6.393462,3.5505712,Resident Macrophage,E15S,transferred
-3.9746687,1.5453211,Spp1+ TAM,E15S,transferred
-2.5657113,4.388142,Monocyte,E15S,transferred
2.3718283,13.603838,NK T,E15S,transferred
-5.1274366,3.9356222,Resident Macrophage,E15S,transferred
15.362844,11.490758,Stromal,E15S,transferred
23.996931,5.325172,Tumor Proliferating,E15S,transferred
-5.682647,4.040337,Resident Macrophage,E15S,transferred
-0.4119378,-8.485467,Neutrophil,E15S,knn
1.4852993,6.811224,mDC,E15S,transferred
-2.9812992,2.6364903,C1qc+ TAM,E15S,transferred
18.090776,10.162676,Stromal,E15S,transferred
16.036854,11.056462,Stromal,E15S,transferred
-0.9540995,4.1382136,cDC,E15S,transferred
-4.976376,2.8593616,Resident Macrophage,E15S,transferred
22.975334,4.379139,Tumor Proliferating,E15S,transferred
25.646683,4.4158397,CAF,E15S,transferred
-5.103296,4.2827244,Resident Macrophage,E15S,transferred
-0.66261935,2.310269,Monocyte,E15S,transferred
0.39528555,1.4361268,Monocyte,E15S,transferred
-1.9853348,1.2434571,Monocyte,E15S,transferred
-0.884824,1.5243908,Monocyte,E15S,transferred
22.318449,4.248928,Tumor Proliferating,E15S,transferred
-1.7964214,2.3143892,Monocyte,E15S,transferred
-2.7308433,2.2740502,Il1b+ TAM,E15S,transferred
26.205648,3.8077202,Tumor,E15S,transferred
-0.87500703,2.8585334,Monocyte,E15S,transferred
16.902529,7.9998674,Hypoxic Tumor,E15S,transferred
26.802599,4.9328656,Tumor,E15S,transferred
25.90845,3.2182713,Tumor,E15S,transferred
1.9422809,14.955669,NK,E15S,transferred
24.702188,5.02724,Tumor,E15S,transferred
-5.4821095,4.3520226,C1qc+ TAM,E15S,transferred
-3.1761644,2.9995968,C1qc+ TAM,E15S,transferred
-3.5441823,2.1653836,Spp1+ TAM,E15S,transferred
0.38087854,-7.8828425,Neutrophil,E15S,transferred
1.9802874,14.112046,NK,E15S,transferred
18.297903,10.554171,Stromal,E15S,transferred
-5.7348123,5.2962856,Resident Macrophage,E15S,transferred
26.737844,3.4019558,Hypoxic Tumor,E15S,transferred
24.867258,4.2655926,CAF,E15S,transferred
-5.9570937,3.8242915,C1qc+ TAM,E15S,transferred
2.6232948,7.5077734,mDC,E15S,transferred
26.811024,4.734438,Tumor,E15S,transferred
-5.4126396,1.6429546,Spp1+ TAM,E15S,transferred
16.498758,10.562483,Stromal,E15S,transferred
16.550713,11.371614,Stromal,E15S,transferred
-3.5036163,5.232269,Il1b+ TAM,E15S,transferred
26.022089,4.7115993,Tumor,E15S,transferred
-6.487969,1.1022811,Spp1+ TAM,E15S,transferred
-5.040404,5.2581244,C1qc+ TAM,E15S,transferred
-4.4469886,1.7115674,Spp1+ TAM,E15S,transferred
-4.6328998,3.4987044,Resident Macrophage,E15S,transferred
19.093554,8.625716,Stromal,E15S,transferred
-5.193387,2.7677054,Resident Macrophage,E15S,transferred
-6.1634707,3.6357014,Resident Macrophage,E15S,transferred
25.77806,2.7318354,Tumor,E15S,transferred
16.06713,10.992196,Stromal,E15S,transferred
22.508572,4.6090775,Tumor Proliferating,E15S,transferred
-5.5171084,2.631887,Resident Macrophage,E15S,transferred
24.441977,3.5912354,Tumor,E15S,transferred
0.25052142,-5.7715116,Neutrophil,E15S,transferred
19.470129,7.417634,Hypoxic Tumor,E15S,knn
-0.5448045,-0.36280543,Monocyte,E15S,transferred
-3.9277384,6.37545,C1qc+ TAM,E15S,transferred
1.2389328,6.0864162,mDC,E15S,transferred
24.386484,4.7700796,Tumor Proliferating,E15S,transferred
16.81999,10.066056,Stromal,E15S,transferred
18.93982,9.601994,Stromal,E15S,transferred
2.0188906,-9.20663,Neutrophil,E15S,transferred
-4.084733,5.2059608,C1qc+ TAM,E15S,transferred
15.62119,11.059811,Hypoxic Tumor,E15S,transferred
-1.5559977,4.8787994,Resident Macrophage,E15S,knn
1.5731535,-7.651197,Neutrophil,E15S,transferred
18.796772,8.253973,Stromal,E15S,transferred
26.176607,5.656505,Tumor,E15S,transferred
-1.1359228,2.7182605,Monocyte,E15S,transferred
3.4331586,12.915681,Regulatory CD8 T,E15S,transferred
-0.5498055,1.9254566,Monocyte,E15S,transferred
16.58919,7.131334,Hypoxic Tumor,E15S,knn
24.764063,3.2799242,CAF,E15S,transferred
27.289879,4.2893567,Tumor,E15S,transferred
-4.174457,4.4578576,C1qc+ TAM,E15S,transferred
16.440535,6.528726,Hypoxic Tumor,E15S,transferred
-5.5807376,3.1259587,Resident Macrophage,E15S,transferred
16.472847,11.133343,Stromal,E15S,transferred
18.079086,9.675655,Stromal,E15S,transferred
-6.195882,5.1408744,Resident Macrophage,E15S,knn
-3.7322457,2.5096545,C1qc+ TAM,E15S,transferred
-0.40199563,0.99895847,Monocyte,E15S,transferred
26.722216,4.489393,Tumor,E15S,transferred
1.7570564,-8.72031,Neutrophil,E15S,knn
0.7425804,-8.077091,Neutrophil,E15S,transferred
2.1321537,-9.170485,Neutrophil,E15S,transferred
-4.1349964,0.5173477,Spp1+ TAM,E15S,transferred
25.393602,2.7182565,Tumor,E15S,transferred
25.108038,2.8632915,CAF,E15S,transferred
-6.3637714,2.5039487,Il1b+ TAM,E15S,transferred
-0.121971264,-7.892756,Neutrophil,E15S,transferred
2.6918893,15.024396,NK,E15S,transferred
17.731813,9.973427,Stromal,E15S,transferred
24.205173,4.2166963,CAF,E15S,transferred
15.521376,11.051678,Stromal,E15S,transferred
-3.8082442,0.84556174,Resident Macrophage,E15S,transferred
2.3242712,-7.831366,Neutrophil,E15S,transferred
23.527555,5.6016936,Tumor Proliferating,E15S,transferred
0.25434157,0.5302556,Monocyte,E15S,transferred
0.49026868,-5.746058,Neutrophil,E15S,transferred
-4.1112432,1.9980152,Spp1+ TAM,E15S,transferred
0.44963592,-7.789867,Neutrophil,E15S,transferred
16.420946,10.936057,Stromal,E15S,transferred
0.14740653,-8.417685,Neutrophil,E15S,transferred
25.212135,4.228113,CAF,E15S,transferred
0.51711184,-7.822436,Neutrophil,E15S,transferred
-6.349204,1.7481295,Spp1+ TAM,E15S,transferred
16.711092,9.685669,Stromal,E15S,transferred
0.6647178,5.514225,cDC,E15S,transferred
26.181797,3.791243,Tumor,E15S,transferred
-3.0613241,4.1221976,C1qc+ TAM,E15S,transferred
-2.6814933,2.5441077,C1qc+ TAM,E15S,transferred
-2.893057,1.0846866,Spp1+ TAM,E15S,transferred
-3.188098,3.9301224,C1qc+ TAM,E15S,transferred
0.4228168,-8.516565,Neutrophil,E15S,knn
-4.150753,2.7542553,Il1b+ TAM,E15S,transferred
-1.8471006,1.4005371,Monocyte,E15S,transferred
0.4623942,1.377647,Monocyte,E15S,transferred
1.124765,-8.003323,Neutrophil,E15S,transferred
2.9242096,-6.9096007,Neutrophil,E15S,transferred
23.978605,4.982667,Tumor Proliferating,E15S,transferred
25.853863,3.363567,CAF,E15S,transferred
-1.3949451,3.335099,Resident Macrophage,E15S,knn
25.467096,5.5550427,Tumor,E15S,transferred
-4.3580804,1.5052559,Spp1+ TAM,E15S,transferred
0.11094624,-8.7228,Neutrophil,E15S,transferred
25.44068,5.302152,Tumor,E15S,transferred
16.87003,10.772653,Stromal,E15S,transferred
19.379164,8.338009,Stromal,E15S,transferred
-4.7099724,6.0551667,C1qc+ TAM,E15S,transferred
-5.8415556,2.542047,Resident Macrophage,E15S,transferred
19.150553,8.413841,Stromal,E15S,transferred
-0.8307782,2.3251276,Monocyte,E15S,transferred
2.4456918,-7.1385317,Neutrophil,E15S,transferred
26.472557,3.3541987,Tumor,E15S,transferred
-0.98438036,2.454887,Monocyte,E15S,transferred
25.946869,3.8727865,Tumor,E15S,transferred
-5.187151,1.8722593,Spp1+ TAM,E15S,transferred
0.15061383,0.6162536,Monocyte,E15S,transferred
-5.1421266,1.8117311,Spp1+ TAM,E15S,transferred
0.7579328,-7.492331,Neutrophil,E15S,transferred
25.141155,3.3599393,Tumor,E15S,transferred
0.37058854,0.549632,Monocyte,E15S,transferred
2.5430956,11.460337,Monocyte,E15S,transferred
1.2407364,-8.856692,Neutrophil,E15S,transferred
-4.583313,4.2467904,Il1b+ TAM,E15S,transferred
0.5091171,-7.670651,Neutrophil,E15S,transferred
27.701807,3.6160066,Tumor,E15S,transferred
-2.5145688,3.8209343,Resident Macrophage,E15S,transferred
-0.60428095,2.6288319,Resident Macrophage,E15S,knn
-6.590514,4.1274166,C1qc+ TAM,E15S,transferred
25.578495,4.284035,Tumor,E15S,transferred
-0.43409243,2.4675777,Monocyte,E15S,transferred
25.510147,5.75018,Tumor,E15S,transferred
17.067783,10.316263,Tumor,E15S,transferred
-5.699812,3.2157726,Resident Macrophage,E15S,transferred
25.393126,4.24115,CAF,E15S,transferred
-0.25939628,-8.385288,Neutrophil,E15S,transferred
1.756541,-8.257492,Neutrophil,E15S,transferred
22.875744,3.6018956,Tumor Proliferating,E15S,transferred
27.360798,3.0495472,Tumor,E15S,transferred
2.6911933,-8.18196,Neutrophil,E15S,transferred
26.010132,3.924789,Tumor,E15S,transferred
26.052332,5.3863316,Tumor,E15S,transferred
16.656174,7.7355633,Hypoxic Tumor,E15S,transferred
-4.0793304,3.6789167,C1qc+ TAM,E15S,transferred
26.672544,4.001591,Tumor,E15S,transferred
-5.1558576,5.2670927,C1qc+ TAM,E15S,transferred
2.9712338,-6.9068165,Neutrophil,E15S,transferred
-7.0629244,3.0842192,C1qc+ TAM,E15S,transferred
-6.2420964,5.200613,C1qc+ TAM,E15S,transferred
19.361769,7.336219,Hypoxic Tumor,E15S,knn
1.1822693,-8.10182,Neutrophil,E15S,transferred
17.543844,10.377955,Stromal,E15S,transferred
-6.813958,1.4157225,Spp1+ TAM,E15S,transferred
0.39553475,-6.823832,Neutrophil,E15S,transferred
3.1263323,11.489461,CD4 T,E15S,transferred
25.911455,3.4981396,Tumor,E15S,transferred
-4.107487,2.0479224,Il1b+ TAM,E15S,transferred
25.583385,3.0403852,Tumor,E15S,transferred
26.718456,5.038867,Tumor,E15S,transferred
-5.68865,0.9353463,Spp1+ TAM,E15S,transferred
23.176043,5.4447927,Tumor Proliferating,E15S,transferred
23.79769,5.965396,Tumor Proliferating,E15S,transferred
0.044065274,-7.6904645,Neutrophil,E15S,transferred
16.489887,10.3895235,Stromal,E15S,transferred
-6.865709,2.8553522,C1qc+ TAM,E15S,transferred
0.16150945,-8.416134,Neutrophil,E15S,transferred
-4.018514,2.3618798,Il1b+ TAM,E15S,transferred
26.373398,4.5385003,Tumor,E15S,transferred
-1.3873167,1.4504905,Monocyte,E15S,transferred
26.373877,2.9799924,Hypoxic Tumor,E15S,transferred
25.396452,5.7545357,Tumor,E15S,transferred
-2.7191157,4.1753883,Monocyte,E15S,transferred
-6.783144,2.9062903,C1qc+ TAM,E15S,transferred
19.546816,7.0901804,Hypoxic Tumor,E15S,transferred
25.91672,5.485308,Tumor,E15S,transferred
-5.080841,5.2838063,C1qc+ TAM,E15S,transferred
-1.665834,5.092573,Resident Macrophage,E15S,knn
-4.6752477,3.9980443,C1qc+ TAM,E15S,transferred
-4.067431,5.117239,C1qc+ TAM,E15S,transferred
27.422045,3.2730694,Tumor,E15S,transferred
16.470474,10.6430645,Stromal,E15S,transferred
-6.2168813,1.1560996,Spp1+ TAM,E15S,transferred
-5.359765,3.7402008,Il1b+ TAM,E15S,transferred
-4.892285,3.333008,Resident Macrophage,E15S,transferred
1.9197981,-7.3848405,Neutrophil,E15S,transferred
26.114843,4.418664,Tumor,E15S,transferred
1.2203286,-7.942544,Neutrophil,E15S,transferred
-3.579488,3.325495,C1qc+ TAM,E15S,transferred
24.287405,5.5765104,Tumor Proliferating,E15S,transferred
0.8991023,-8.496548,Neutrophil,E15S,transferred
-5.7493153,2.8841393,Resident Macrophage,E15S,transferred
-5.864877,1.1128101,Spp1+ TAM,E15S,transferred
-0.28150812,-8.024799,Neutrophil,E15S,transferred
-1.0888281,1.465757,Monocyte,E15S,transferred
-0.59219784,-8.3613405,Neutrophil,E15S,transferred
0.7200041,0.65487105,Monocyte,E15S,transferred
24.547812,5.611501,Tumor,E15S,transferred
24.365114,5.4561644,Tumor Proliferating,E15S,transferred
23.152884,6.047057,Tumor Proliferating,E15S,transferred
3.0531297,11.195466,CD8 Exhausted Proliferating,E15S,transferred
0.30930856,-7.321215,Neutrophil,E15S,transferred
-4.3075733,2.251763,Il1b+ TAM,E15S,transferred
22.617645,4.2273803,Tumor Proliferating,E15S,transferred
27.559086,3.6373863,Tumor,E15S,transferred
19.383402,8.691097,Stromal,E15S,transferred
19.03528,7.003373,Hypoxic Tumor,E15S,knn
-3.912361,4.2045064,Monocyte,E15S,transferred
18.38876,9.065938,Stromal,E15S,transferred
2.0419755,-8.349557,Neutrophil,E15S,transferred
2.414589,-8.875048,Neutrophil,E15S,transferred
16.47902,10.666169,Tumor,E15S,transferred
16.583998,8.232363,Hypoxic Tumor,E15S,transferred
-4.5748215,5.710419,C1qc+ TAM,E15S,transferred
-0.08821265,-5.857378,Neutrophil,E15S,transferred
-1.3943219,4.7528973,Resident Macrophage,E15S,knn
2.6601083,-7.376345,Neutrophil,E15S,transferred
17.70398,9.999654,Stromal,E15S,transferred
-3.3262818,1.4495806,C1qc+ TAM,E15S,transferred
1.907025,14.295356,NK,E15S,transferred
18.769455,7.1763506,Hypoxic Tumor,E15S,knn
24.399328,5.618854,Tumor,E15S,transferred
25.840832,3.6886873,Tumor,E15S,transferred
16.237307,11.627677,Stromal,E15S,transferred
-5.35997,5.271669,C1qc+ TAM,E15S,transferred
-1.5132542,1.3728762,Spp1+ TAM,E15S,transferred
-0.051920492,-8.010878,Neutrophil,E15S,transferred
23.356468,5.5172286,Tumor Proliferating,E15S,transferred
26.369062,4.030091,Tumor,E15S,transferred
25.051847,3.3784566,Tumor,E15S,transferred
-5.1598935,2.2741497,Spp1+ TAM,E15S,transferred
24.25611,5.209902,Tumor Proliferating,E15S,knn
-5.0260086,5.2903767,C1qc+ TAM,E15S,transferred
18.997799,6.8819294,Hypoxic Tumor,E15S,knn
-1.2905284,10.725125,B,E15S,transferred
-4.870429,6.344877,C1qc+ TAM,E15S,transferred
-6.063119,2.8633702,Resident Macrophage,E15S,transferred
1.6430378,14.114362,NK,E15S,transferred
24.809746,2.936292,Tumor,E15S,transferred
26.26015,3.762008,Tumor,E15S,transferred
-6.467359,2.2373717,C1qc+ TAM,E15S,transferred
-0.24323936,-8.605029,Neutrophil,E15S,knn
23.639568,4.0444083,CAF,E15S,transferred
0.9624106,-8.906942,Neutrophil,E15S,knn
23.77814,3.7838101,CAF,E15S,transferred
17.410986,10.9699335,Stromal,E15S,transferred
16.116875,9.520181,Hypoxic Tumor,E15S,transferred
-6.051703,1.3945816,C1qc+ TAM,E15S,transferred
-4.3482757,1.5921041,Spp1+ TAM,E15S,transferred
-4.3698754,5.661578,C1qc+ TAM,E15S,transferred
-3.018327,1.4499246,Monocyte,E15S,transferred
16.638353,10.080699,Stromal,E15S,transferred
-6.049482,1.357265,Spp1+ TAM,E15S,transferred
-5.559058,3.521991,Resident Macrophage,E15S,transferred
-4.5825734,3.0126503,Resident Macrophage,E15S,transferred
17.845793,9.730746,Stromal,E15S,transferred
17.681318,8.991503,Stromal,E15S,transferred
24.773355,2.8339355,CAF,E15S,transferred
16.785429,7.6322813,Hypoxic Tumor,E15S,knn
24.781244,5.062529,CAF,E15S,transferred
-0.5030925,-8.030849,Neutrophil,E15S,transferred
25.58069,5.143722,Tumor,E15S,transferred
0.8827872,-8.777105,Neutrophil,E15S,transferred
-2.0747032,5.581403,Resident Macrophage,E15S,knn
-3.3249612,1.129541,Spp1+ TAM,E15S,transferred
25.535278,4.3412266,CAF,E15S,transferred
-2.1425688,1.1784464,Monocyte,E15S,transferred
-3.7241833,3.2465982,Il1b+ TAM,E15S,transferred
-6.060481,2.482926,Resident Macrophage,E15S,transferred
16.129221,6.5758357,Hypoxic Tumor,E15S,knn
26.657312,3.4023051,Tumor,E15S,transferred
1.4908262,14.419982,NK,E15S,transferred
25.613916,5.66972,Tumor,E15S,transferred
17.987158,6.8785205,Hypoxic Tumor,E15S,transferred
-2.8008063,2.7894077,Il1b+ TAM,E15S,transferred
-6.179409,4.3502965,Resident Macrophage,E15S,transferred
-4.510204,5.775134,C1qc+ TAM,E15S,transferred
1.7472489,14.067551,NK,E15S,transferred
-4.9347796,0.9723467,Spp1+ TAM,E15S,transferred
17.3842,9.942288,Stromal,E15S,transferred
-4.608184,4.4540725,Resident Macrophage,E15S,transferred
15.708142,11.2982025,Stromal,E15S,transferred
16.763227,10.474959,Stromal,E15S,transferred
2.352395,-8.807716,Neutrophil,E15S,transferred
-4.794904,4.342316,Il1b+ TAM,E15S,transferred
-3.0873652,3.8927846,C1qc+ TAM,E15S,transferred
-6.1553063,2.3798509,Resident Macrophage,E15S,transferred
-5.886924,1.9982334,Resident Macrophage,E15S,transferred
27.026384,4.176728,Tumor,E15S,transferred
0.27637184,5.191896,cDC,E15S,transferred
2.1196527,-8.528351,Neutrophil,E15S,transferred
-5.1710095,5.110881,C1qc+ TAM,E15S,transferred
-1.3021939,1.4415118,Monocyte,E15S,transferred
17.991257,10.330755,Stromal,E15S,transferred
18.331013,9.59952,Stromal,E15S,transferred
17.970419,9.911335,Stromal,E15S,transferred
2.552139,15.450226,NK,E15S,transferred
24.38899,3.7553947,CAF,E15S,transferred
24.572184,4.137593,CAF,E15S,transferred
-5.469716,0.8511809,Spp1+ TAM,E15S,transferred
1.2298629,-8.463082,Neutrophil,E15S,transferred
23.494953,5.4014688,Tumor Proliferating,E15S,transferred
-6.0114145,2.0367966,Spp1+ TAM,E15S,transferred
23.760994,3.674352,CAF,E15S,transferred
0.3539261,-7.0442142,Neutrophil,E15S,transferred
0.5224647,-8.322986,Neutrophil,E15S,transferred
-1.6604525,5.2896414,Hypoxic Tumor,E15S,knn
27.174309,4.1834064,Tumor,E15S,transferred
27.303062,4.007642,Tumor,E15S,transferred
-1.3172448,4.8617587,Resident Macrophage,E15S,knn
18.324417,8.681967,Stromal,E15S,transferred
24.049412,4.869682,Tumor Proliferating,E15S,transferred
2.1535873,-9.2791605,Neutrophil,E15S,transferred
1.1274962,-8.401146,Neutrophil,E15S,transferred
18.072954,9.136545,Stromal,E15S,transferred
-2.060288,1.5196428,Monocyte,E15S,transferred
-0.19247492,-7.575255,Neutrophil,E15S,transferred
-4.305749,0.5176492,Spp1+ TAM,E15S,transferred
-2.4100258,4.074471,Monocyte,E15S,knn
25.446497,5.801296,Tumor,E15S,transferred
17.563396,9.253691,Stromal,E15S,transferred
1.1505024,-7.872812,Neutrophil,E15S,transferred
24.993242,3.405819,Tumor,E15S,transferred
-1.5526792,3.0137057,Monocyte,E15S,transferred
24.357134,4.7155323,Tumor Proliferating,E15S,transferred
22.608763,4.2724056,Tumor Proliferating,E15S,transferred
-3.100596,4.3142676,C1qc+ TAM,E15S,transferred
1.6193877,-7.9919076,Neutrophil,E15S,transferred
19.613026,8.290978,Stromal,E15S,transferred
25.97863,2.9134297,Tumor,E15S,transferred
-5.6609125,2.5188506,C1qc+ TAM,E15S,transferred
16.819708,7.299542,Hypoxic Tumor,E15S,knn
-5.2123322,2.3118489,Resident Macrophage,E15S,transferred
-5.4159575,1.6926421,Spp1+ TAM,E15S,transferred
-3.9881103,0.57686305,Spp1+ TAM,E15S,transferred
0.12622383,2.08998,Monocyte,E15S,transferred
-4.6781383,5.8765707,C1qc+ TAM,E15S,transferred
-0.7426316,-7.6498075,Neutrophil,E15S,transferred
0.6067366,-5.472718,Neutrophil,E15S,transferred
26.503769,3.0794466,Tumor,E15S,transferred
-4.1585145,6.000361,C1qc+ TAM,E15S,transferred
-5.1287446,2.336737,C1qc+ TAM,E15S,transferred
-6.919963,3.9604237,Resident Macrophage,E15S,transferred
23.26173,3.49479,Tumor Proliferating,E15S,transferred
-1.3341849,1.3122569,Monocyte,E15S,transferred
18.701813,8.174263,Stromal,E15S,transferred
16.626509,10.018273,Stromal,E15S,transferred
1.2060348,-5.93375,Neutrophil,E15S,transferred
24.004044,4.5376754,CAF,E15S,transferred
16.859707,6.39008,Hypoxic Tumor,E15S,knn
2.5891094,11.360787,C1qc+ TAM,E15S,transferred
18.273945,10.686223,Stromal,E15S,transferred
-4.716756,4.3936415,Resident Macrophage,E15S,transferred
2.1945155,-7.3035946,Neutrophil,E15S,transferred
16.5838,7.8569713,Hypoxic Tumor,E15S,knn
23.421135,5.564987,Tumor Proliferating,E15S,transferred
25.048147,3.550087,Tumor Proliferating,E15S,transferred
-6.2465363,4.0354667,C1qc+ TAM,E15S,transferred
25.761187,4.9015975,Tumor,E15S,transferred
-3.510888,2.2146876,Il1b+ TAM,E15S,transferred
-4.4994674,3.7478387,Il1b+ TAM,E15S,transferred
0.1449734,0.6810216,Monocyte,E15S,transferred
1.7079821,13.744248,NK,E15S,transferred
15.865219,11.100871,Stromal,E15S,transferred
-2.9382243,2.3223288,Il1b+ TAM,E15S,transferred
-4.562104,5.653849,Resident Macrophage,E15S,transferred
26.170753,3.8231819,Tumor,E15S,transferred
23.188229,4.427124,Tumor Proliferating,E15S,transferred
-1.9486793,2.1508543,Monocyte,E15S,transferred
18.4654,6.8594894,Hypoxic Tumor,E15S,transferred
25.425686,5.3114815,Tumor,E15S,transferred
0.22195767,-8.388617,Neutrophil,E15S,transferred
25.641758,5.649471,Tumor,E15S,transferred
5.52211,9.767854,B,E15S,transferred
-4.4048915,1.917936,Il1b+ TAM,E15S,transferred
-5.465682,3.9056847,Resident Macrophage,E15S,transferred
-5.2340508,3.3149662,C1qc+ TAM,E15S,transferred
17.721659,9.8315325,Stromal,E15S,transferred
24.196417,4.1808887,CAF,E15S,transferred
1.8119434,13.916336,Resident Macrophage,E15S,transferred
-6.001019,2.7908769,Il1b+ TAM,E15S,transferred
-4.9071794,4.0994244,Resident Macrophage,E15S,transferred
1.076243,-6.587486,Neutrophil,E15S,transferred
0.6636138,-7.8368406,Neutrophil,E15S,transferred
26.64635,5.137335,Tumor,E15S,transferred
27.45967,3.9907525,Tumor,E15S,transferred
26.319,3.0043442,Tumor,E15S,transferred
16.680017,7.651437,Hypoxic Tumor,E15S,transferred
25.66704,4.486747,CAF,E15S,transferred
1.3070594,-8.921084,Neutrophil,E15S,knn
23.857943,5.6317616,Tumor Proliferating,E15S,transferred
-4.6743565,6.2997894,C1qc+ TAM,E15S,transferred
-2.8626173,5.9883795,C1qc+ TAM,E15S,transferred
-5.3263106,2.2159026,Spp1+ TAM,E15S,transferred
25.92878,5.4350557,Tumor,E15S,transferred
-4.531278,2.762346,Resident Macrophage,E15S,transferred
25.446653,3.0855775,CAF,E15S,transferred
0.30457214,1.1971934,Monocyte,E15S,transferred
24.05696,4.6128774,Tumor Proliferating,E15S,transferred
17.24696,10.626668,Stromal,E15S,transferred
-0.42553878,-7.954555,Neutrophil,E15S,transferred
-2.1929007,1.4324012,Il1b+ TAM,E15S,transferred
16.226503,10.777213,Stromal,E15S,transferred
26.384773,5.2061796,Tumor,E15S,transferred
17.872591,11.114452,Stromal,E15S,transferred
-5.208665,3.633465,Resident Macrophage,E15S,transferred
-4.0281553,5.4930763,C1qc+ TAM,E15S,transferred
-2.607961,4.3993464,C1qc+ TAM,E15S,transferred
-4.056749,1.7228341,Spp1+ TAM,E15S,transferred
-2.1166098,4.969478,Resident Macrophage,E15S,transferred
-1.3614782,2.3076122,Monocyte,E15S,transferred
-0.51931566,-7.463102,Neutrophil,E15S,transferred
-6.810085,1.2565337,Spp1+ TAM,E15S,transferred
17.200466,10.180366,Stromal,E15S,transferred
1.5703727,-8.348563,Neutrophil,E15S,transferred
26.117826,4.8912563,Tumor,E15S,transferred
-0.21769111,-7.92574,Neutrophil,E15S,transferred
16.951792,10.201479,Stromal,E15S,transferred
2.5581222,-7.3114386,Neutrophil,E15S,transferred
23.810873,5.688304,Tumor Proliferating,E15S,transferred
18.16218,10.512934,Stromal,E15S,transferred
18.30416,10.352777,Stromal,E15S,transferred
17.42942,10.252949,Stromal,E15S,transferred
16.416096,10.677628,Tumor,E15S,transferred
-3.7250447,2.564321,C1qc+ TAM,E15S,transferred
25.772472,3.756516,Tumor,E15S,transferred
1.9788722,14.31278,NK,E15S,transferred
-5.512991,4.65929,Resident Macrophage,E15S,transferred
-0.36920995,-8.598677,Neutrophil,E15S,knn
16.164076,6.55507,Hypoxic Tumor,E15S,transferred
25.203283,4.5267134,CAF,E15S,transferred
-4.7372756,3.4872386,Resident Macrophage,E15S,transferred
0.18237962,-6.2353177,Neutrophil,E15S,transferred
18.45914,9.994341,Stromal,E15S,transferred
23.44345,5.4710274,Tumor Proliferating,E15S,transferred
26.248669,3.286052,Tumor,E15S,transferred
-0.3573002,-7.7099843,Neutrophil,E15S,transferred
26.780897,4.1542087,Tumor,E15S,transferred
3.3711205,-6.704185,Neutrophil,E15S,transferred
-4.412824,0.3725705,Spp1+ TAM,E15S,transferred
17.592932,9.260978,Stromal,E15S,transferred
18.811228,9.518985,Stromal,E15S,transferred
-4.042423,1.9488323,C1qc+ TAM,E15S,transferred
1.2997389,-6.850513,Neutrophil,E15S,transferred
23.790354,5.5555396,Tumor Proliferating,E15S,transferred
18.065775,10.31486,Stromal,E15S,transferred
-4.6608095,0.71595156,Spp1+ TAM,E15S,transferred
-3.4732366,4.2328706,C1qc+ TAM,E15S,transferred
-0.9730538,2.2215204,Monocyte,E15S,transferred
24.693918,4.10978,CAF,E15S,transferred
-1.0082179,-8.057933,Neutrophil,E15S,transferred
-4.8020678,3.091778,Il1b+ TAM,E15S,transferred
0.40775236,0.7685323,Monocyte,E15S,transferred
16.417107,7.4985757,Hypoxic Tumor,E15S,transferred
15.40871,11.227257,Stromal,E15S,transferred
-4.681129,2.1088545,Il1b+ TAM,E15S,transferred
2.5818915,-9.142489,Neutrophil,E15S,transferred
24.551039,3.2371664,Tumor,E15S,transferred
-5.9918447,4.746028,Resident Macrophage,E15S,transferred
-3.4046845,6.776866,C1qc+ TAM,E15S,transferred
0.469847,-7.6539445,Neutrophil,E15S,transferred
25.208208,3.9794426,Tumor,E15S,transferred
-3.109375,3.895466,C1qc+ TAM,E15S,transferred
26.68185,5.2494316,Tumor,E15S,transferred
26.397291,4.2110157,Tumor,E15S,transferred
0.64879936,0.539443,Monocyte,E15S,transferred
0.97232884,5.9586196,cDC,E15S,transferred
-5.295141,0.87933993,Spp1+ TAM,E15S,knn
-3.13444,0.87929404,Spp1+ TAM,E15S,transferred
-0.22062814,-8.407039,Neutrophil,E15S,transferred
-0.55475307,0.14355111,Monocyte,E15S,transferred
25.730532,3.689233,Tumor,E15S,transferred
25.899807,4.2615495,Tumor,E15S,transferred
26.41877,3.3651607,Tumor,E15S,transferred
2.6164062,-9.081777,Neutrophil,E15S,transferred
16.441137,10.895955,Stromal,E15S,transferred
24.867552,5.3934917,Tumor,E15S,transferred
-3.2613552,2.9975772,C1qc+ TAM,E15S,transferred
-4.416588,3.8109803,Il1b+ TAM,E15S,transferred
2.126777,14.587695,NK,E15S,transferred
-4.713063,3.262377,Il1b+ TAM,E15S,transferred
1.4125805,-8.262675,Neutrophil,E15S,transferred
24.222803,4.0774007,CAF,E15S,transferred
-0.8962194,1.2321898,Monocyte,E15S,transferred
-5.4170547,5.2712617,C1qc+ TAM,E15S,transferred
16.81143,6.2445583,Hypoxic Tumor,E15S,knn
17.95826,10.543337,Stromal,E15S,transferred
26.39262,3.477477,Tumor,E15S,transferred
16.605358,7.216234,Hypoxic Tumor,E15S,knn
26.28464,4.9111743,Tumor,E15S,transferred
-5.646909,3.2829566,Resident Macrophage,E15S,transferred
-2.4342282,1.2218385,Il1b+ TAM,E15S,transferred
-5.370255,4.3009896,Resident Macrophage,E15S,transferred
-4.4335456,1.5292965,C1qc+ TAM,E15S,transferred
26.518469,3.6299856,Tumor,E15S,transferred
27.076645,4.124256,Tumor,E15S,transferred
-3.743041,3.2751508,Il1b+ TAM,E15S,transferred
0.38171422,0.6054403,Monocyte,E15S,transferred
26.39859,4.650211,Tumor,E15S,transferred
-6.133656,1.9105395,Resident Macrophage,E15S,transferred
-0.34591803,-7.747355,Neutrophil,E15S,transferred
26.069466,3.3036659,CAF,E15S,transferred
2.8146043,-7.6127543,Neutrophil,E15S,transferred
17.155691,10.618445,Stromal,E15S,transferred
0.061029408,-5.42938,Neutrophil,E15S,transferred
2.190227,14.63658,NK,E15S,transferred
3.0454814,-7.071307,Neutrophil,E15S,transferred
27.370115,3.5418527,Tumor,E15S,transferred
16.386646,7.685202,Hypoxic Tumor,E15S,knn
-6.4697533,2.3443239,C1qc+ TAM,E15S,transferred
15.464178,11.340683,Stromal,E15S,transferred
23.660877,4.215183,CAF,E15S,transferred
27.038086,3.2132623,Hypoxic Tumor,E15S,transferred
-5.0117426,3.2426536,C1qc+ TAM,E15S,transferred
1.2197386,-5.87431,Neutrophil,E15S,transferred
2.2414393,7.427632,mDC,E15S,transferred
22.374975,4.4915457,Tumor Proliferating,E15S,transferred
25.599966,2.977179,Tumor,E15S,transferred
18.155151,10.281613,Stromal,E15S,transferred
17.008793,11.081206,Stromal,E15S,transferred
18.259947,10.8338995,Stromal,E15S,transferred
-5.4668207,4.3967233,Resident Macrophage,E15S,transferred
-4.7301855,3.0443673,Il1b+ TAM,E15S,transferred
16.742304,9.445354,Stromal,E15S,transferred
1.9180685,14.967911,NK,E15S,transferred
-5.591842,2.488411,C1qc+ TAM,E15S,transferred
-6.310001,4.8273654,C1qc+ TAM,E15S,transferred
17.718239,9.427732,Stromal,E15S,transferred
-0.97182876,1.1528211,Spp1+ TAM,E15S,transferred
-5.298917,4.5053964,C1qc+ TAM,E15S,transferred
16.580067,7.74502,Hypoxic Tumor,E15S,knn
-3.5759704,3.6893678,C1qc+ TAM,E15S,transferred
16.951305,6.3698783,Hypoxic Tumor,E15S,knn
-4.6053715,1.059453,Spp1+ TAM,E15S,transferred
-0.7329704,-7.807217,Neutrophil,E15S,transferred
-5.7431765,4.6997952,Resident Macrophage,E15S,transferred
16.172571,10.8482485,Tumor,E15S,transferred
19.324322,9.052777,Stromal,E15S,transferred
18.888498,9.627216,Stromal,E15S,transferred
25.834362,3.4129567,Tumor,E15S,transferred
25.161068,3.2598383,Tumor,E15S,transferred
24.710312,5.292376,Tumor,E15S,transferred
19.585333,8.177307,Stromal,E15S,transferred
-5.9620347,2.3187156,Resident Macrophage,E15S,transferred
-3.9636414,2.3713837,C1qc+ TAM,E15S,transferred
16.326525,10.842129,Tumor,E15S,transferred
-4.099317,3.0723162,Il1b+ TAM,E15S,transferred
25.482891,5.546962,Tumor,E15S,transferred
17.75503,6.474318,Hypoxic Tumor,E15S,knn
-4.889361,6.414363,C1qc+ TAM,E15S,transferred
23.540674,3.222374,Tumor Proliferating,E15S,transferred
-5.033747,4.9210987,C1qc+ TAM,E15S,transferred
0.8841696,-7.783444,Neutrophil,E15S,transferred
-3.309338,2.9917307,C1qc+ TAM,E15S,transferred
-5.022948,3.1211693,Il1b+ TAM,E15S,transferred
25.73785,5.7688446,Tumor,E15S,transferred
0.07260687,-8.441865,Neutrophil,E15S,transferred
-3.6872082,3.8941581,Resident Macrophage,E15S,transferred
1.5254806,13.756016,NK,E15S,transferred
16.881845,6.477085,Hypoxic Tumor,E15S,knn
2.8148463,-7.497207,Neutrophil,E15S,transferred
18.346441,9.987739,Stromal,E15S,transferred
0.6726173,-6.7787333,Neutrophil,E15S,transferred
-2.8714797,3.5631993,Resident Macrophage,E15S,transferred
0.88504535,-5.6439624,Neutrophil,E15S,transferred
-2.9379828,3.4035597,C1qc+ TAM,E15S,transferred
1.0282465,5.961344,cDC,E15S,transferred
-3.7832663,0.8519862,Il1b+ TAM,E15S,knn
18.248072,8.563046,Stromal,E15S,transferred
1.6297474,-8.382252,Neutrophil,E15S,transferred
18.181244,8.700884,Stromal,E15S,transferred
2.7464447,-7.296333,Neutrophil,E15S,transferred
15.434766,11.206666,Stromal,E15S,transferred
24.249243,4.793133,Tumor Proliferating,E15S,transferred
24.984987,2.7446725,CAF,E15S,transferred
16.35601,6.22704,Hypoxic Tumor,E15S,knn
27.142563,3.736638,Tumor,E15S,transferred
0.8537308,-7.8576937,Neutrophil,E15S,transferred
27.254086,4.2841396,Tumor,E15S,transferred
23.39327,4.7494226,Tumor Proliferating,E15S,transferred
-3.42888,3.829792,Il1b+ TAM,E15S,transferred
2.235839,-7.8211765,Neutrophil,E15S,transferred
16.116272,11.223901,Stromal,E15S,transferred
-5.2935786,4.6257973,C1qc+ TAM,E15S,transferred
15.352209,11.058392,Stromal,E15S,transferred
3.2407463,-6.7236996,Neutrophil,E15S,transferred
-0.041765604,-5.8789616,Neutrophil,E15S,transferred
-4.9499555,0.8623006,Spp1+ TAM,E15S,transferred
-2.720694,3.829271,Resident Macrophage,E15S,transferred
23.833021,6.05314,Tumor Proliferating,E15S,transferred
16.67397,5.775438,Hypoxic Tumor,E15S,knn
24.583801,4.7275457,Tumor Proliferating,E15S,transferred
-6.8206167,2.0656424,C1qc+ TAM,E15S,transferred
0.2957912,-6.087079,Neutrophil,E15S,transferred
-3.6908052,4.781649,C1qc+ TAM,E15S,transferred
0.35502708,-5.4700594,Neutrophil,E15S,transferred
-5.220987,0.5542503,Spp1+ TAM,E15S,transferred
1.9805905,14.585513,NK,E15S,transferred
25.990597,4.8949428,Tumor,E15S,transferred
1.876027,-7.892576,Neutrophil,E15S,transferred
-2.822706,4.874902,C1qc+ TAM,E15S,transferred
24.164373,3.4952307,Tumor,E15S,transferred
-0.9647291,-8.304722,Neutrophil,E15S,transferred
-0.673042,3.9436538,Monocyte,E15S,transferred
24.636707,4.0021048,CAF,E15S,transferred
25.697048,3.2195327,CAF,E15S,transferred
19.757925,7.4193845,Hypoxic Tumor,E15S,transferred
19.291986,8.818191,Stromal,E15S,transferred
2.3058543,-9.364799,Neutrophil,E15S,transferred
-0.43598408,1.6099305,Monocyte,E15S,transferred
-5.3436775,1.231318,Spp1+ TAM,E15S,transferred
1.1138856,-7.775101,Neutrophil,E15S,transferred
2.8677077,11.670809,Regulatory CD8 T,E15S,transferred
-5.869855,5.0916886,C1qc+ TAM,E15S,transferred
16.767008,8.054903,Hypoxic Tumor,E15S,transferred
17.610405,10.407705,Stromal,E15S,transferred
16.36254,9.883438,Hypoxic Tumor,E15S,transferred
-4.6761236,2.77514,Resident Macrophage,E15S,transferred
-5.829253,2.0058553,Resident Macrophage,E15S,transferred
-2.6354773,2.1990185,Il1b+ TAM,E15S,transferred
-4.364255,5.6458044,C1qc+ TAM,E15S,transferred
0.046669383,-7.520718,Neutrophil,E15S,transferred
0.4236279,-5.9561977,Neutrophil,E15S,transferred
-0.55478394,-7.834003,Neutrophil,E15S,transferred
-0.3679807,-8.620672,Neutrophil,E15S,knn
-6.0469522,4.665548,Resident Macrophage,E15S,transferred
17.676836,9.472953,Stromal,E15S,transferred
0.6153797,-8.544374,Neutrophil,E15S,knn
24.050482,5.004423,Hypoxic Tumor,E15S,transferred
25.626982,5.388577,Tumor,E15S,transferred
1.4416053,-8.61545,Neutrophil,E15S,transferred
26.163391,4.3333373,Tumor,E15S,transferred
27.389402,5.010105,Tumor,E15S,transferred
25.265093,3.9902613,Tumor,E15S,transferred
-0.41246578,-0.09302417,Monocyte,E15S,transferred
-2.428329,1.7993494,Monocyte,E15S,transferred
25.461966,5.0264654,CAF,E15S,transferred
-3.0891132,0.7786068,Spp1+ TAM,E15S,transferred
1.5155152,-7.443724,Neutrophil,E15S,transferred
-5.0461483,3.0084827,C1qc+ TAM,E15S,transferred
25.33187,5.4577503,Tumor,E15S,transferred
-6.115394,1.6524497,Spp1+ TAM,E15S,transferred
-2.1416461,6.038935,Spp1+ TAM,E15S,knn
23.611975,4.403117,Tumor Proliferating,E15S,transferred
1.6349635,14.711426,NK,E15S,transferred
-2.8305607,4.023924,C1qc+ TAM,E15S,transferred
23.342192,3.8363535,Tumor Proliferating,E15S,transferred
-2.7913544,2.8370404,Resident Macrophage,E15S,transferred
0.25745174,-8.8289995,Neutrophil,E15S,transferred
23.036013,4.660854,Tumor Proliferating,E15S,transferred
2.262777,7.216365,mDC,E15S,transferred
27.064268,3.1811535,Tumor,E15S,transferred
25.074335,3.4553041,Tumor,E15S,transferred
0.13721062,-8.393047,Neutrophil,E15S,transferred
-2.4152255,3.5435853,Monocyte,E15S,transferred
26.799646,4.8793206,Tumor,E15S,transferred
-5.1130266,3.3725343,Resident Macrophage,E15S,transferred
0.38964096,-7.65166,Neutrophil,E15S,transferred
26.042883,3.6013522,Tumor,E15S,transferred
-0.18967248,-7.487473,Neutrophil,E15S,transferred
-5.4779716,1.9304972,Spp1+ TAM,E15S,transferred
-3.218158,6.1116114,C1qc+ TAM,E15S,transferred
25.376255,3.3394675,CAF,E15S,transferred
-0.7254634,2.833424,Monocyte,E15S,transferred
17.068535,10.085925,Stromal,E15S,transferred
-1.481796,1.628962,Monocyte,E15S,transferred
-0.7293745,-7.5489817,Neutrophil,E15S,transferred
2.4058022,7.5206747,mDC,E15S,transferred
-6.45255,0.8039847,Spp1+ TAM,E15S,transferred
-3.497554,4.992065,C1qc+ TAM,E15S,transferred
-3.1672063,1.9190094,Monocyte,E15S,transferred
-6.102104,1.0439311,Spp1+ TAM,E15S,transferred
18.59224,8.484033,Stromal,E15S,transferred
-0.14121969,4.9722133,cDC,E15S,transferred
0.16818231,-8.361944,Neutrophil,E15S,knn
-5.6146593,4.474387,Resident Macrophage,E15S,transferred
-5.79524,3.450541,Resident Macrophage,E15S,transferred
24.505552,4.3756824,Tumor Proliferating,E15S,transferred
-4.5608797,1.8573676,Il1b+ TAM,E15S,transferred
26.563452,3.558245,Tumor,E15S,transferred
-5.530249,2.149443,Resident Macrophage,E15S,transferred
27.493843,3.8497908,Tumor,E15S,transferred
24.32625,5.29565,Tumor Proliferating,E15S,transferred
-1.2046686,1.3087318,Monocyte,E15S,transferred
-5.620471,2.349803,C1qc+ TAM,E15S,transferred
0.008929121,1.9106885,Monocyte,E15S,transferred
24.941216,4.8874626,Tumor Proliferating,E15S,transferred
-0.3050393,-7.706952,Neutrophil,E15S,transferred
26.384224,3.1655228,Tumor,E15S,transferred
-6.3188024,4.0107274,C1qc+ TAM,E15S,transferred
24.38023,4.145301,Tumor Proliferating,E15S,transferred
18.83431,8.183498,Stromal,E15S,transferred
0.52630055,-7.3306155,Neutrophil,E15S,transferred
25.467594,3.6231384,Tumor,E15S,transferred
0.33913395,-7.941076,Neutrophil,E15S,transferred
-4.586424,2.0964384,Spp1+ TAM,E15S,transferred
25.103212,3.878793,Tumor,E15S,transferred
25.478392,4.0398874,Tumor,E15S,transferred
-4.424069,3.9617434,Resident Macrophage,E15S,transferred
17.298286,9.787566,Stromal,E15S,transferred
26.186232,4.9234233,Tumor,E15S,transferred
26.760206,4.5212216,Tumor,E15S,transferred
-1.8308271,2.2608676,Monocyte,E15S,transferred
0.07645256,0.71859044,Monocyte,E15S,transferred
17.958153,10.298608,Stromal,E15S,transferred
23.621113,3.2385511,Tumor Proliferating,E15S,transferred
27.393576,3.6442792,Tumor,E15S,transferred
16.176153,10.379348,Stromal,E15S,knn
1.2411872,-7.942914,Neutrophil,E15S,transferred
3.36337,-6.859527,Neutrophil,E15S,transferred
26.661509,4.499291,Tumor,E15S,transferred
-4.8283334,2.7099593,C1qc+ TAM,E15S,transferred
16.251232,10.882834,Stromal,E15S,transferred
-6.8214955,3.9294848,Resident Macrophage,E15S,transferred
0.4607123,-8.907324,Neutrophil,E15S,transferred
-4.483178,2.3461008,Spp1+ TAM,E15S,transferred
-0.6060649,0.44422165,Monocyte,E15S,transferred
26.090353,3.7598622,Tumor,E15S,transferred
16.231407,10.691827,Stromal,E15S,transferred
-6.1453633,3.0751,Resident Macrophage,E15S,transferred
26.601273,2.9744844,Tumor,E15S,transferred
18.077623,10.06033,Stromal,E15S,transferred
1.4629196,-7.18906,Neutrophil,E15S,transferred
-5.802441,2.116233,Il1b+ TAM,E15S,transferred
17.446224,9.491487,Stromal,E15S,transferred
25.349907,3.4543164,CAF,E15S,transferred
0.3694765,-7.975633,Neutrophil,E15S,transferred
18.816563,8.4607935,Stromal,E15S,transferred
0.38548267,-5.438434,Neutrophil,E15S,transferred
19.380503,8.933579,Stromal,E15S,transferred
23.551855,3.9114618,Tumor Proliferating,E15S,transferred
-6.89241,2.689386,Resident Macrophage,E15S,transferred
25.717562,4.2730613,Tumor,E15S,transferred
26.650291,4.2274184,Tumor,E15S,transferred
26.008461,3.035107,Stromal,E15S,transferred
1.3410116,-8.122273,Neutrophil,E15S,transferred
19.399937,8.994519,Stromal,E15S,transferred
-5.9487205,4.531854,C1qc+ TAM,E15S,transferred
17.89491,10.600494,Stromal,E15S,transferred
-3.9531994,2.6940413,C1qc+ TAM,E15S,transferred
26.878399,3.163044,Tumor,E15S,transferred
17.936853,10.661517,Stromal,E15S,transferred
-0.16252832,-8.008567,Neutrophil,E15S,transferred
-7.0014424,1.7456259,C1qc+ TAM,E15S,transferred
-1.8251061,4.9914217,Resident Macrophage,E15S,knn
24.798765,3.6651895,Tumor,E15S,transferred
24.013937,3.6429145,Tumor Proliferating,E15S,transferred
18.54516,9.923142,Stromal,E15S,transferred
2.1021159,-7.9253497,Neutrophil,E15S,transferred
24.847017,4.34957,Tumor Proliferating,E15S,transferred
17.742645,8.510968,Hypoxic Tumor,E15S,transferred
1.4129549,13.935927,NK,E15S,transferred
26.399143,4.0576687,Tumor,E15S,transferred
26.325722,5.515954,Tumor,E15S,transferred
-4.479037,3.127383,Resident Macrophage,E15S,transferred
-1.6521858,5.076552,Resident Macrophage,E15S,knn
-0.64624447,2.2577,Resident Macrophage,E15S,transferred
2.2892513,-6.9548545,Neutrophil,E15S,transferred
-3.3251338,2.511997,C1qc+ TAM,E15S,transferred
18.478598,6.819899,Hypoxic Tumor,E15S,knn
-3.862082,5.379486,C1qc+ TAM,E15S,transferred
-2.6702447,4.582509,C1qc+ TAM,E15S,transferred
-5.674807,4.0782633,Resident Macrophage,E15S,transferred
-4.275774,5.985336,Resident Macrophage,E15S,transferred
-0.57140017,-8.412084,Neutrophil,E15S,knn
2.5400267,-8.018997,Neutrophil,E15S,transferred
27.4295,4.036892,Tumor,E15S,transferred
-3.5874672,5.768343,C1qc+ TAM,E15S,transferred
18.567953,9.698471,Stromal,E15S,transferred
15.765436,11.113811,Stromal,E15S,transferred
-4.2801323,4.180964,Resident Macrophage,E15S,transferred
0.03889462,1.3349416,Monocyte,E15S,transferred
-6.128788,5.144362,Resident Macrophage,E15S,transferred
-1.9350528,2.3424754,Monocyte,E15S,transferred
-7.107808,3.8363717,C1qc+ TAM,E15S,transferred
17.8763,10.5432,Stromal,E15S,transferred
-4.684146,5.2080936,C1qc+ TAM,E15S,transferred
-2.2163513,6.0755105,C1qc+ TAM,E15S,knn
17.446205,9.526455,Stromal,E15S,transferred
17.867043,9.859487,Stromal,E15S,transferred
25.287584,5.211048,Tumor,E15S,transferred
2.0714722,-8.151943,Neutrophil,E15S,transferred
26.165087,3.0222418,Tumor,E15S,transferred
24.643,4.6827044,Tumor,E15S,transferred
16.909601,7.4428716,Hypoxic Tumor,E15S,knn
2.178223,-7.2614565,Neutrophil,E15S,transferred
0.4410001,-7.642051,Neutrophil,E15S,transferred
-2.7690475,4.771406,C1qc+ TAM,E15S,transferred
-4.941918,3.2637546,C1qc+ TAM,E15S,transferred
2.1146662,14.93989,NK,E15S,transferred
19.022371,9.253785,Stromal,E15S,transferred
26.78865,4.5026693,Tumor,E15S,transferred
-3.1644778,2.9469163,Spp1+ TAM,E15S,transferred
-4.9632945,4.534685,Resident Macrophage,E15S,transferred
-0.04903755,-7.4025664,Neutrophil,E15S,transferred
-3.99283,3.0487485,C1qc+ TAM,E15S,transferred
-5.0800505,4.9611096,Resident Macrophage,E15S,transferred
26.030977,3.0176687,Tumor,E15S,transferred
24.983675,4.1740265,Tumor,E15S,transferred
-3.1784794,4.295381,C1qc+ TAM,E15S,transferred
-5.2694793,2.4491408,Il1b+ TAM,E15S,transferred
23.73219,3.770276,CAF,E15S,transferred
17.624826,9.182307,Stromal,E15S,transferred
23.635334,5.3616486,Tumor Proliferating,E15S,transferred
22.343945,4.18266,Tumor Proliferating,E15S,transferred
16.534136,10.080497,Stromal,E15S,transferred
-5.633725,1.7437191,Spp1+ TAM,E15S,transferred
26.030699,2.75312,Tumor,E15S,transferred
19.480276,8.924783,Stromal,E15S,transferred
-6.1782584,0.95525885,Resident Macrophage,E15S,transferred
27.398247,4.935716,Tumor,E15S,transferred
16.442362,6.9291797,Hypoxic Tumor,E15S,knn
19.389763,8.735153,Stromal,E15S,transferred
23.947527,5.8875637,Tumor Proliferating,E15S,transferred
-5.9498405,5.118903,Resident Macrophage,E15S,transferred
18.344557,9.38053,Stromal,E15S,transferred
-1.8560882,2.6070962,Monocyte,E15S,transferred
24.939413,3.4066265,Tumor Proliferating,E15S,transferred
27.398739,5.016662,Tumor,E15S,transferred
23.712864,5.3458953,Tumor Proliferating,E15S,transferred
24.415352,4.614868,Tumor Proliferating,E15S,transferred
0.5543046,-8.238509,Neutrophil,E15S,transferred
25.191835,3.802266,Tumor,E15S,transferred
2.7566588,-7.7207475,Neutrophil,E15S,transferred
23.96648,3.7702749,Tumor,E15S,transferred
-4.38134,1.4792038,Spp1+ TAM,E15S,transferred
-2.801283,3.670665,Monocyte,E15S,transferred
-2.3740504,1.5901272,Monocyte,E15S,transferred
0.433637,5.0894904,cDC,E15S,transferred
-2.1409833,1.6442057,Monocyte,E15S,transferred
-6.007749,4.240208,C1qc+ TAM,E15S,transferred
-2.2175195,3.3849816,Spp1+ TAM,E15S,transferred
-3.6077943,3.7635021,C1qc+ TAM,E15S,transferred
-6.2391825,1.1038375,Spp1+ TAM,E15S,transferred
-5.1471195,3.0276618,Resident Macrophage,E15S,transferred
26.162277,5.561346,Tumor,E15S,transferred
26.383585,4.4351773,Tumor,E15S,transferred
3.0654674,-7.3050823,Neutrophil,E15S,transferred
-1.1318886,1.3055551,Monocyte,E15S,transferred
-0.6064564,1.9373504,Monocyte,E15S,transferred
-5.07894,5.1861744,C1qc+ TAM,E15S,transferred
-3.3563135,3.7583904,C1qc+ TAM,E15S,transferred
1.6147994,14.589862,NK,E15S,transferred
2.260037,-8.164487,Neutrophil,E15S,transferred
2.869337,-7.32809,Neutrophil,E15S,transferred
-2.7240608,5.5959105,cDC,E15S,transferred
-4.811179,5.519431,C1qc+ TAM,E15S,transferred
17.691153,8.899873,Stromal,E15S,transferred
27.090961,4.178532,Tumor,E15S,transferred
-6.1507363,3.002669,C1qc+ TAM,E15S,transferred
17.584173,9.84627,Stromal,E15S,transferred
18.55901,8.594653,Stromal,E15S,transferred
-6.1238475,3.5574338,Resident Macrophage,E15S,transferred
0.7196794,-8.383903,Neutrophil,E15S,transferred
24.499435,3.493677,Tumor,E15S,transferred
18.957327,7.2358284,Tumor Proliferating,E15S,knn
-0.12991922,0.021292482,Monocyte,E15S,transferred
2.828925,-6.9034185,Neutrophil,E15S,transferred
0.13770197,-6.141754,Il1b+ TAM,E15S,transferred
27.335726,3.3427553,Tumor,E15S,transferred
-5.942801,1.335888,Spp1+ TAM,E15S,transferred
24.57942,5.1731114,Tumor Proliferating,E15S,transferred
-1.9793898,2.1482239,Monocyte,E15S,transferred
24.635178,4.2944393,CAF,E15S,transferred
-3.7576556,5.233041,C1qc+ TAM,E15S,transferred
-3.6756985,3.9852989,C1qc+ TAM,E15S,transferred
26.642237,4.0540233,Tumor,E15S,transferred
0.116176136,-6.6372566,Spp1+ TAM,E15S,transferred
16.986868,10.045501,Stromal,E15S,transferred
16.59187,9.635067,Stromal,E15S,transferred
24.71943,2.9969206,CAF,E15S,transferred
17.09517,9.162894,Stromal,E15S,transferred
-5.6956763,2.5493643,Il1b+ TAM,E15S,transferred
-4.3125095,5.1310463,C1qc+ TAM,E15S,transferred
-5.614194,1.6870627,Spp1+ TAM,E15S,transferred
26.793764,3.4981008,Tumor,E15S,transferred
25.856031,2.8092766,Tumor,E15S,transferred
1.7905236,14.4547615,NK,E15S,transferred
25.415504,5.8186603,Tumor,E15S,transferred
0.6841558,-7.7611136,Neutrophil,E15S,transferred
18.291233,8.638404,Stromal,E15S,transferred
27.672602,3.5497994,Tumor,E15S,transferred
0.020918123,0.357765,Monocyte,E15S,transferred
-3.705958,5.5691996,C1qc+ TAM,E15S,transferred
0.7907806,-8.608105,Neutrophil,E15S,transferred
-6.4201055,1.0580264,Spp1+ TAM,E15S,transferred
19.136326,8.604013,Stromal,E15S,transferred
-2.0668197,2.513093,Monocyte,E15S,transferred
0.54649407,-8.652395,Neutrophil,E15S,transferred
23.915047,3.5152879,Tumor Proliferating,E15S,transferred
-1.0140803,1.3633791,Monocyte,E15S,transferred
26.522163,3.0149934,Tumor,E15S,transferred
-4.0386457,4.9326024,C1qc+ TAM,E15S,transferred
-6.2987466,2.7527776,Resident Macrophage,E15S,transferred
27.563755,4.5723777,Tumor,E15S,transferred
0.51479447,5.1440206,cDC,E15S,transferred
27.081776,3.457485,Tumor,E15S,transferred
-0.74723095,-7.614052,Neutrophil,E15S,transferred
24.967384,5.1107187,Tumor Proliferating,E15S,transferred
-4.838573,6.504472,C1qc+ TAM,E15S,transferred
18.573544,6.923582,Hypoxic Tumor,E15S,transferred
27.192774,4.172937,Tumor,E15S,transferred
-3.5931625,4.304645,Il1b+ TAM,E15S,transferred
25.557354,3.07108,Tumor,E15S,transferred
2.773494,-6.970692,Neutrophil,E15S,transferred
17.13955,6.447854,Hypoxic Tumor,E15S,knn
-5.431049,2.69068,C1qc+ TAM,E15S,transferred
2.210014,-9.244349,Neutrophil,E15S,transferred
17.579142,10.05347,Stromal,E15S,transferred
0.27834883,1.6033778,Monocyte,E15S,transferred
26.130451,4.286716,Tumor,E15S,transferred
27.42386,3.308054,Tumor,E15S,transferred
-4.2012672,3.0780368,Resident Macrophage,E15S,transferred
-5.6883364,3.4269655,Resident Macrophage,E15S,transferred
22.144423,4.5233593,Tumor Proliferating,E15S,transferred
-3.5001175,4.0171537,C1qc+ TAM,E15S,transferred
1.2032499,-8.953464,Neutrophil,E15S,transferred
-4.203938,2.1407506,C1qc+ TAM,E15S,transferred
-4.29685,3.725743,C1qc+ TAM,E15S,transferred
0.14984465,-5.328188,Neutrophil,E15S,transferred
-1.2098172,2.4448192,Monocyte,E15S,transferred
18.137705,9.91121,Tumor,E15S,transferred
15.474217,11.51008,Stromal,E15S,transferred
15.397539,11.23838,Stromal,E15S,transferred
-4.14791,5.3694835,C1qc+ TAM,E15S,transferred
18.269758,10.131125,Stromal,E15S,transferred
26.55599,4.6348243,Tumor,E15S,transferred
17.68165,9.841964,Stromal,E15S,transferred
0.89408314,-9.053041,Neutrophil,E15S,knn
-5.5964775,4.692154,Resident Macrophage,E15S,knn
27.083324,4.211776,Tumor,E15S,transferred
17.723553,9.096176,Stromal,E15S,transferred
0.4173508,-8.396909,Neutrophil,E15S,knn
-5.752719,4.11316,Resident Macrophage,E15S,transferred
-2.392666,1.9075068,Il1b+ TAM,E15S,transferred
-0.89735687,3.0653574,Monocyte,E15S,transferred
-5.9635234,5.699163,C1qc+ TAM,E15S,transferred
-0.50571036,-0.4055573,Monocyte,E15S,transferred
0.09874895,-8.433339,Neutrophil,E15S,transferred
0.04931633,1.6803895,Monocyte,E15S,transferred
-1.7971982,3.2512805,Monocyte,E15S,transferred
24.39711,3.7136042,CAF,E15S,transferred
25.154526,4.319335,CAF,E15S,transferred
26.994007,3.2698512,Tumor,E15S,transferred
25.723988,3.8452475,Tumor,E15S,transferred
-4.2429686,4.021037,C1qc+ TAM,E15S,transferred
0.6996202,5.422947,cDC,E15S,transferred
0.13759463,-8.631596,Neutrophil,E15S,transferred
17.77941,8.942081,Stromal,E15S,transferred
-4.3134217,1.5606111,C1qc+ TAM,E15S,transferred
25.421757,3.8098278,Tumor,E15S,transferred
27.242008,5.0543528,Tumor,E15S,transferred
-0.6020352,2.381675,Monocyte,E15S,transferred
1.6952441,14.641685,NK,E15S,transferred
1.5075716,-7.2590084,Neutrophil,E15S,transferred
0.40722534,-5.580707,Spp1+ TAM,E15S,transferred
-2.937786,3.9806664,C1qc+ TAM,E15S,transferred
24.45954,5.430603,Tumor,E15S,transferred
-3.9498603,4.0380836,Resident Macrophage,E15S,transferred
15.653243,11.043085,Stromal,E15S,transferred
16.936178,9.977067,Stromal,E15S,transferred
-5.319231,0.74372166,Spp1+ TAM,E15S,transferred
1.6496758,-8.568055,Neutrophil,E15S,transferred
-1.9135933,3.2000015,C1qc+ TAM,E15S,transferred
3.3982043,12.496759,Regulatory CD8 T,E15S,transferred
2.4652722,-7.834889,Neutrophil,E15S,transferred
-0.32826987,-8.081675,Neutrophil,E15S,transferred
25.8639,5.525235,Tumor,E15S,transferred
16.509842,11.1270485,Hypoxic Tumor,E15S,transferred
25.456635,5.5994782,Tumor,E15S,transferred
-5.707375,4.37465,Resident Macrophage,E15S,transferred
18.422594,8.506936,Stromal,E15S,transferred
-0.004865875,-7.9876413,Neutrophil,E15S,transferred
-3.4135613,2.6029377,Monocyte,E15S,transferred
16.809652,7.550973,Hypoxic Tumor,E15S,knn
-6.474296,1.6922446,Spp1+ TAM,E15S,transferred
2.1308572,-7.813542,Neutrophil,E15S,transferred
-3.743297,2.4267678,Il1b+ TAM,E15S,transferred
0.22579701,-8.386032,Neutrophil,E15S,transferred
0.32527727,-8.91458,Neutrophil,E15S,knn
-2.0331893,0.6348218,Monocyte,E15S,transferred
-6.2041464,2.5113637,Resident Macrophage,E15S,knn
1.6553967,-8.125573,Neutrophil,E15S,transferred
-2.50668,4.1585984,Resident Macrophage,E15S,transferred
1.0277632,-7.5496297,Neutrophil,E15S,transferred
26.30768,2.932358,Tumor,E15S,transferred
18.30245,10.677365,Stromal,E15S,transferred
26.005215,5.779881,Tumor,E15S,transferred
2.7876406,-7.5015807,Neutrophil,E15S,transferred
24.097404,3.7570329,CAF,E15S,transferred
-5.331682,2.5232196,C1qc+ TAM,E15S,transferred
-1.1966099,0.20797175,Il1b+ TAM,E15S,transferred
0.86188275,5.1341577,cDC,E15S,transferred
2.9919455,-7.1988835,Neutrophil,E15S,transferred
16.108055,11.505,Stromal,E15S,transferred
-3.3742616,2.567803,C1qc+ TAM,E15S,transferred
25.9639,5.067349,Tumor,E15S,transferred
-0.46037257,2.1773639,Monocyte,E15S,transferred
-5.378021,3.1891758,Il1b+ TAM,E15S,transferred
19.407696,8.788626,Tumor Proliferating,E15S,transferred
2.7201412,-7.7847757,Neutrophil,E15S,transferred
1.1872962,-7.9389305,Neutrophil,E15S,transferred
-6.1046247,4.104345,C1qc+ TAM,E15S,transferred
-0.2486658,1.1224482,Monocyte,E15S,transferred
17.078602,9.4061985,Stromal,E15S,transferred
24.730284,4.774809,Tumor Proliferating,E15S,transferred
22.948315,3.5184448,Tumor Proliferating,E15S,transferred
16.475534,11.6829195,Stromal,E15S,transferred
17.137716,10.66712,Stromal,E15S,transferred
1.4052936,-8.34407,Neutrophil,E15S,transferred
-3.550769,3.4966223,Resident Macrophage,E15S,knn
0.57662356,-6.225645,Neutrophil,E15S,transferred
25.772692,5.4722486,Tumor,E15S,transferred
2.05639,-7.8053794,Neutrophil,E15S,transferred
17.667038,10.82424,Stromal,E15S,transferred
26.608667,4.367673,Tumor,E15S,transferred
0.10490145,-7.498689,Neutrophil,E15S,transferred
18.305914,7.538171,Hypoxic Tumor,E15S,knn
24.026585,3.676171,CAF,E15S,transferred
-5.8516574,1.2627339,Spp1+ TAM,E15S,transferred
-2.0227401,2.6543014,Monocyte,E15S,transferred
-1.1793597,1.4781392,Monocyte,E15S,transferred
18.525934,7.2997847,Hypoxic Tumor,E15S,knn
16.973001,10.271808,Tumor,E15S,transferred
-5.097677,4.8486605,C1qc+ TAM,E15S,transferred
-5.288795,3.033188,C1qc+ TAM,E15S,transferred
26.52095,3.9167864,Tumor,E15S,transferred
24.6864,4.814109,Tumor,E15S,transferred
19.510303,8.268939,Stromal,E15S,transferred
-3.9051075,5.916738,C1qc+ TAM,E15S,transferred
22.208628,4.3628764,Tumor Proliferating,E15S,transferred
-3.3960931,3.589354,Il1b+ TAM,E15S,transferred
25.480312,5.508159,Tumor,E15S,transferred
-5.1805916,4.0586667,Resident Macrophage,E15S,transferred
25.92715,5.585203,Tumor,E15S,transferred
-2.124532,4.2107167,Resident Macrophage,E15S,transferred
-5.2503047,5.125813,C1qc+ TAM,E15S,transferred
17.43811,9.0239935,Stromal,E15S,transferred
23.908014,3.1182435,CAF,E15S,transferred
-5.817189,2.1089444,Spp1+ TAM,E15S,transferred
-5.409356,1.9489955,Spp1+ TAM,E15S,transferred
23.590496,4.0127864,Tumor Proliferating,E15S,transferred
-0.2972581,-8.480335,Neutrophil,E15S,knn
1.9123619,14.895126,NK,E15S,transferred
-5.5999384,3.4766338,Resident Macrophage,E15S,knn
0.5669412,-8.15544,Neutrophil,E15S,transferred
-2.1841528,2.5987368,Monocyte,E15S,transferred
-0.7312204,4.1829977,cDC,E15S,transferred
-4.8860607,4.1533494,Resident Macrophage,E15S,transferred
3.3277624,12.935698,Regulatory CD8 T,E15S,transferred
25.371122,3.9498324,CAF,E15S,transferred
16.646055,11.05532,Stromal,E15S,transferred
-5.3574467,3.8824134,Resident Macrophage,E15S,transferred
-4.0410876,3.735477,Resident Macrophage,E15S,transferred
16.650629,10.78438,Stromal,E15S,transferred
3.2252069,-7.202554,Neutrophil,E15S,transferred
25.719229,6.0451493,Tumor,E15S,transferred
0.23882198,-7.3950768,Neutrophil,E15S,transferred
26.230904,3.2117186,Tumor,E15S,transferred
17.66797,10.713416,Stromal,E15S,transferred
1.1170723,-8.69788,Neutrophil,E15S,transferred
26.16055,2.8906662,Tumor,E15S,transferred
17.6646,8.011344,Hypoxic Tumor,E15S,transferred
22.920034,3.8667157,Tumor Proliferating,E15S,transferred
-6.5036225,4.7874136,Resident Macrophage,E15S,transferred
24.120153,5.608155,Tumor Proliferating,E15S,transferred
23.937256,3.114168,CAF,E15S,transferred
2.0935378,-7.2925324,Neutrophil,E15S,knn
-6.752048,1.1391708,Resident Macrophage,E15S,transferred
16.345201,10.915345,Stromal,E15S,transferred
0.60689014,-8.237858,Neutrophil,E15S,transferred
25.381115,4.288076,CAF,E15S,transferred
18.489662,8.753793,Stromal,E15S,transferred
-3.5692425,0.3049195,Spp1+ TAM,E15S,transferred
27.31407,4.344092,Tumor,E15S,transferred
26.461508,4.4975224,Tumor,E15S,transferred
1.8456124,-7.1986256,Neutrophil,E15S,transferred
2.050926,-7.2095313,Neutrophil,E15S,transferred
-5.8816195,1.7664689,Spp1+ TAM,E15S,transferred
18.28999,8.64631,Stromal,E15S,transferred
-3.27203,5.138562,C1qc+ TAM,E15S,transferred
-0.62475544,-8.28945,Neutrophil,E15S,transferred
16.574173,5.9843316,Hypoxic Tumor,E15S,transferred
-6.6754627,2.8467457,C1qc+ TAM,E15S,transferred
16.43047,9.728424,Stromal,E15S,transferred
25.139317,4.34091,CAF,E15S,transferred
0.15108855,1.1850468,Monocyte,E15S,transferred
-4.439007,1.4580064,C1qc+ TAM,E15S,transferred
24.491758,3.5399303,CAF,E15S,transferred
-3.1686716,2.0803668,Il1b+ TAM,E15S,transferred
-2.9581993,5.037882,C1qc+ TAM,E15S,transferred
23.421562,4.88487,Tumor Proliferating,E15S,transferred
-1.414378,4.539344,Resident Macrophage,E15S,knn
16.649008,11.3410425,Stromal,E15S,transferred
0.69813424,-8.329987,Neutrophil,E15S,transferred
-5.6418796,5.262407,C1qc+ TAM,E15S,transferred
27.379585,3.2907472,Tumor,E15S,transferred
16.264166,9.517048,Hypoxic Tumor,E15S,transferred
-6.1766253,3.3376217,C1qc+ TAM,E15S,transferred
1.1720726,-5.8727574,Neutrophil,E15S,transferred
-4.724169,6.262511,C1qc+ TAM,E15S,transferred
26.209873,2.9269898,Tumor,E15S,transferred
0.3665603,-8.395515,Neutrophil,E15S,transferred
-5.7287593,5.6283913,C1qc+ TAM,E15S,transferred
25.02071,2.7486956,CAF,E15S,transferred
-3.7951467,1.5215293,Monocyte,E15S,transferred
1.0899155,-7.6816616,Neutrophil,E15S,transferred
1.8172102,-7.998587,Neutrophil,E15S,transferred
25.908686,3.6327515,Tumor,E15S,transferred
26.405586,3.1827953,Tumor,E15S,transferred
-5.1249623,5.5071163,C1qc+ TAM,E15S,transferred
25.731083,5.1989636,CAF,E15S,transferred
-6.6852593,1.3930554,Spp1+ TAM,E15S,transferred
23.628187,4.1151915,CAF,E15S,transferred
27.119823,3.5358012,Tumor,E15S,transferred
-5.4618635,4.224601,C1qc+ TAM,E15S,transferred
-2.9600031,2.2812946,Il1b+ TAM,E15S,transferred
-5.337208,5.2976685,C1qc+ TAM,E15S,transferred
2.9545298,11.785367,CD8 Exhausted Proliferating,E15S,transferred
25.198265,5.8795896,Tumor,E15S,transferred
16.624979,9.707035,Stromal,E15S,transferred
-0.23561434,-7.8106914,Neutrophil,E15S,transferred
1.260455,-7.6361117,Neutrophil,E15S,transferred
17.282103,10.650259,Stromal,E15S,transferred
-3.6179905,6.8177056,C1qc+ TAM,E15S,transferred
-0.08731851,1.925733,Monocyte,E15S,transferred
24.94896,2.9222636,CAF,E15S,transferred
-4.2555656,5.6857667,C1qc+ TAM,E15S,transferred
-3.075362,1.0899663,Il1b+ TAM,E15S,transferred
-4.3754864,2.8605325,C1qc+ TAM,E15S,transferred
19.40994,8.6699705,Stromal,E15S,transferred
-5.462308,1.1992872,Spp1+ TAM,E15S,transferred
16.671999,6.473811,Hypoxic Tumor,E15S,knn
-3.4811132,5.435023,C1qc+ TAM,E15S,transferred
-3.483721,2.3489223,C1qc+ TAM,E15S,transferred
23.285944,5.517158,Tumor Proliferating,E15S,transferred
25.855772,3.7880044,Tumor,E15S,transferred
-5.576536,5.549899,C1qc+ TAM,E15S,transferred
17.03336,6.1375856,Hypoxic Tumor,E15S,knn
-4.5058312,2.1282725,Spp1+ TAM,E15S,transferred
-0.5286575,-7.6478605,Neutrophil,E15S,transferred
27.581453,3.3684285,Tumor,E15S,transferred
16.744032,10.263428,Stromal,E15S,transferred
16.702213,7.309049,Hypoxic Tumor,E15S,knn
25.57286,4.3587494,CAF,E15S,transferred
25.64203,4.991869,Tumor,E15S,transferred
0.47286335,1.1220405,Monocyte,E15S,transferred
-2.0128214,4.463171,Resident Macrophage,E15S,transferred
-3.3755333,1.8928915,Il1b+ TAM,E15S,transferred
22.498758,4.534032,Tumor Proliferating,E15S,transferred
-6.335856,1.0801463,Spp1+ TAM,E15S,transferred
23.693157,3.9572282,CAF,E15S,transferred
-2.6350849,2.383993,Il1b+ TAM,E15S,transferred
16.824871,6.8367224,Hypoxic Tumor,E15S,knn
25.679497,5.4280953,Tumor,E15S,transferred
17.82516,9.837542,Stromal,E15S,transferred
-3.765172,2.5863996,Il1b+ TAM,E15S,transferred
16.45192,11.701765,Stromal,E15S,transferred
-4.527378,3.406524,Resident Macrophage,E15S,transferred
1.6326689,14.7586775,NK,E15S,transferred
-4.653731,3.933514,Resident Macrophage,E15S,transferred
17.292578,10.758503,Stromal,E15S,knn
-1.3701358,2.0468547,Monocyte,E15S,transferred
0.67484504,-7.621678,Neutrophil,E15S,transferred
26.448126,5.1510763,Tumor,E15S,transferred
16.669264,10.011846,Stromal,E15S,transferred
-5.381938,1.3272879,Spp1+ TAM,E15S,transferred
-4.9707484,4.406035,Resident Macrophage,E15S,transferred
19.684002,7.801517,Stromal,E15S,transferred
-4.04504,5.5760164,C1qc+ TAM,E15S,transferred
0.5343269,-5.4136753,Neutrophil,E15S,transferred
24.655334,5.497848,Tumor,E15S,transferred
0.53733355,1.0699852,Monocyte,E15S,transferred
18.231499,8.799551,Stromal,E15S,transferred
1.995563,6.7759748,mDC,E15S,transferred
2.9928026,-6.955246,Neutrophil,E15S,transferred
-5.8399205,0.52857065,Spp1+ TAM,E15S,transferred
-5.6298795,1.2414562,Spp1+ TAM,E15S,transferred
16.184101,11.669856,Stromal,E15S,transferred
-4.2136946,2.1206763,Il1b+ TAM,E15S,transferred
-4.1137424,5.17442,C1qc+ TAM,E15S,transferred
24.559153,5.25477,Tumor Proliferating,E15S,transferred
-2.5807207,3.8277142,C1qc+ TAM,E15S,transferred
16.683907,10.42308,Stromal,E15S,transferred
-3.1258059,5.0999618,C1qc+ TAM,E15S,transferred
25.903276,4.05976,Tumor,E15S,transferred
1.6347625,-7.349389,Neutrophil,E15S,transferred
-0.38996,-7.3439374,Neutrophil,E15S,transferred
16.596409,8.362268,Hypoxic Tumor,E15S,knn
19.784237,7.2698956,Hypoxic Tumor,E15S,knn
23.804464,4.7947598,Tumor Proliferating,E15S,transferred
27.598064,3.4955733,Tumor,E15S,transferred
26.561699,4.4522457,Tumor,E15S,transferred
16.735783,10.540794,Tumor,E15S,transferred
-4.590317,4.9486284,Resident Macrophage,E15S,transferred
0.87727904,-8.829044,Neutrophil,E15S,knn
-3.9663765,5.1616287,C1qc+ TAM,E15S,transferred
1.3433962,-8.231968,Neutrophil,E15S,transferred
24.528929,4.0883994,CAF,E15S,transferred
-4.180088,3.5762281,C1qc+ TAM,E15S,transferred
0.8771972,-7.831541,Neutrophil,E15S,transferred
16.893847,10.302327,Stromal,E15S,transferred
0.3619517,0.67671776,Monocyte,E15S,transferred
-4.821565,3.0884557,C1qc+ TAM,E15S,transferred
-3.5855088,4.8447556,C1qc+ TAM,E15S,transferred
0.14670792,-7.3674574,Neutrophil,E15S,transferred
0.9820912,-7.309069,Neutrophil,E15S,transferred
25.211052,3.9366412,Tumor,E15S,transferred
16.412788,6.34539,Hypoxic Tumor,E15S,knn
24.69002,4.9792128,Tumor,E15S,transferred
2.328701,-6.9580007,Neutrophil,E15S,transferred
-1.5367059,3.6496599,Resident Macrophage,E15S,transferred
-3.7171316,3.5110962,C1qc+ TAM,E15S,transferred
25.663422,3.7759752,CAF,E15S,transferred
0.0790989,-7.383579,Neutrophil,E15S,transferred
-3.60082,4.524016,C1qc+ TAM,E15S,transferred
0.14367004,-7.263816,Neutrophil,E15S,transferred
2.5653098,-7.3891554,Neutrophil,E15S,transferred
-5.6890235,2.564475,C1qc+ TAM,E15S,transferred
-1.7025961,1.5499604,Monocyte,E15S,transferred
-6.1254563,1.8339484,Spp1+ TAM,E15S,transferred
-5.253871,1.3354243,Spp1+ TAM,E15S,transferred
-4.6108823,5.6815796,C1qc+ TAM,E15S,transferred
-1.9475954,5.16154,Resident Macrophage,E15S,knn
-4.8994875,5.594246,Resident Macrophage,E15S,transferred
16.356234,11.709681,Stromal,E15S,transferred
1.1928582,-7.8225813,Neutrophil,E15S,transferred
0.6644629,-5.7663116,Neutrophil,E15S,transferred
19.518625,8.556344,Stromal,E15S,transferred
0.49057025,-7.5806966,Neutrophil,E15S,transferred
-0.37514025,2.6479278,Monocyte,E15S,transferred
23.974031,3.6454499,CAF,E15S,transferred
18.449926,10.059559,Stromal,E15S,transferred
2.4828222,-7.4114566,Neutrophil,E15S,transferred
-4.986252,4.408892,C1qc+ TAM,E15S,transferred
-6.3863616,3.2671874,C1qc+ TAM,E15S,transferred
-2.1949558,1.5663389,Monocyte,E15S,transferred
23.148815,5.158028,Tumor Proliferating,E15S,transferred
23.283419,5.2159114,Tumor Proliferating,E15S,transferred
-5.7656784,1.7116156,Resident Macrophage,E15S,transferred
25.56096,5.8063483,Tumor,E15S,transferred
-2.4389176,4.5776205,Resident Macrophage,E15S,transferred
22.910616,3.4661963,Tumor Proliferating,E15S,transferred
23.380173,5.016095,Tumor Proliferating,E15S,transferred
18.766136,8.391356,Stromal,E15S,transferred
-0.17758892,-7.800508,Neutrophil,E15S,transferred
26.003471,4.6549926,Tumor,E15S,transferred
19.369751,8.753885,Stromal,E15S,transferred
27.111122,3.6370463,Tumor,E15S,transferred
-0.44907308,-7.3621984,Neutrophil,E15S,transferred
25.012321,5.5692453,Tumor,E15S,transferred
23.105406,3.4188998,Tumor Proliferating,E15S,transferred
-5.877427,0.72165316,Spp1+ TAM,E15S,transferred
-6.5015936,3.5702906,Resident Macrophage,E15S,transferred
-6.540339,4.2077475,C1qc+ TAM,E15S,transferred
-3.458067,2.3089037,C1qc+ TAM,E15S,transferred
25.826826,3.7459273,Tumor,E15S,transferred
16.616995,10.0734005,Stromal,E15S,transferred
18.615244,8.435179,Stromal,E15S,transferred
0.44620508,0.9178481,Monocyte,E15S,transferred
-1.6739638,3.0809646,Monocyte,E15S,transferred
-6.0471787,1.2015043,Spp1+ TAM,E15S,transferred
23.597189,4.1027145,CAF,E15S,transferred
-3.7025657,0.364638,Spp1+ TAM,E15S,transferred
-0.49062037,-8.11488,Neutrophil,E15S,transferred
24.364988,4.6429358,Tumor Proliferating,E15S,transferred
-4.896155,3.7267656,C1qc+ TAM,E15S,transferred
18.733576,9.699115,Stromal,E15S,transferred
1.8288374,-7.370716,Neutrophil,E15S,transferred
-5.927572,3.2930024,Resident Macrophage,E15S,transferred
0.9252821,-5.803133,Spp1+ TAM,E15S,transferred
-4.4800873,3.7217305,Il1b+ TAM,E15S,transferred
-3.3557577,3.9875476,C1qc+ TAM,E15S,transferred
-4.737885,3.4037864,Resident Macrophage,E15S,transferred
2.510374,-7.469276,Neutrophil,E15S,transferred
-4.7194686,2.4348967,Il1b+ TAM,E15S,transferred
0.37324554,-5.800193,Neutrophil,E15S,transferred
0.43158695,-5.403016,Neutrophil,E15S,transferred
27.101843,3.9513803,Tumor,E15S,transferred
-3.9696038,5.547489,C1qc+ TAM,E15S,transferred
-0.58551705,1.8721592,Monocyte,E15S,transferred
17.061485,10.304853,Stromal,E15S,transferred
0.89918256,5.7478266,cDC,E15S,transferred
23.525267,4.1936564,CAF,E15S,transferred
2.6356366,14.221028,NK T,E15S,transferred
-0.96328145,-7.9472637,Neutrophil,E15S,transferred
-5.991074,0.8747148,Spp1+ TAM,E15S,transferred
3.1880832,11.6717,CD8 Exhausted Proliferating,E15S,transferred
-5.22069,3.322386,Resident Macrophage,E15S,transferred
24.530483,4.692197,Tumor Proliferating,E15S,transferred
-1.8597684,4.905968,Resident Macrophage,E15S,transferred
25.611689,5.5180044,Tumor,E15S,transferred
-6.324623,2.3920171,Resident Macrophage,E15S,transferred
19.3611,8.652311,Stromal,E15S,transferred
25.953892,5.327708,Tumor,E15S,transferred
-2.6943095,4.362477,C1qc+ TAM,E15S,transferred
0.94319504,-8.235912,Neutrophil,E15S,transferred
0.24689518,0.88824475,Monocyte,E15S,transferred
16.619005,5.897101,Hypoxic Tumor,E15S,knn
17.939566,9.791777,Stromal,E15S,transferred
25.189438,2.865892,CAF,E15S,transferred
1.9464813,-7.9888253,Neutrophil,E15S,transferred
3.2954044,-7.243057,Neutrophil,E15S,transferred
-1.683958,4.6408334,Resident Macrophage,E15S,knn
25.42389,3.9717762,Tumor,E15S,transferred
25.76476,3.486679,CAF,E15S,transferred
-5.5738444,2.5974808,Resident Macrophage,E15S,transferred
-4.617211,2.6140115,Il1b+ TAM,E15S,transferred
25.085152,4.1860394,CAF,E15S,transferred
-4.9929914,5.07494,Resident Macrophage,E15S,transferred
18.975935,9.420546,Stromal,E15S,transferred
0.781346,-9.02252,Neutrophil,E15S,transferred
26.074041,5.4341393,Tumor,E15S,transferred
16.561378,11.01097,Stromal,E15S,transferred
26.837738,4.8847322,Tumor,E15S,transferred
-5.0758514,4.3958154,C1qc+ TAM,E15S,transferred
0.4129861,1.0644109,Monocyte,E15S,transferred
17.853834,11.017913,Stromal,E15S,transferred
2.4498458,7.520602,mDC,E15S,transferred
17.18985,11.645919,Stromal,E15S,transferred
27.262672,4.952564,Tumor,E15S,transferred
17.956888,10.999389,Stromal,E15S,transferred
-5.9353585,2.5953512,Resident Macrophage,E15S,transferred
-4.313065,1.5462422,Spp1+ TAM,E15S,transferred
-5.7749934,2.2757883,Spp1+ TAM,E15S,transferred
-6.243603,1.9159449,C1qc+ TAM,E15S,transferred
24.327219,4.0643706,CAF,E15S,transferred
26.118732,4.707702,Tumor,E15S,transferred
17.85994,9.712564,Stromal,E15S,transferred
22.796291,4.270126,Tumor Proliferating,E15S,transferred
-6.9060516,3.9565923,C1qc+ TAM,E15S,transferred
2.5709705,13.07435,NK T,E15S,transferred
-3.80465,3.7850385,Il1b+ TAM,E15S,transferred
25.395363,4.8452272,CAF,E15S,transferred
-2.5736756,4.311524,Resident Macrophage,E15S,transferred
-6.033189,1.4879553,Spp1+ TAM,E15S,transferred
23.68926,4.9245887,Tumor Proliferating,E15S,transferred
16.801823,6.0188136,Hypoxic Tumor,E15S,transferred
16.340105,7.266906,Hypoxic Tumor,E15S,knn
-5.4618998,3.2183132,C1qc+ TAM,E15S,transferred
0.09911516,0.8945116,Monocyte,E15S,transferred
-5.452851,1.2466305,Spp1+ TAM,E15S,transferred
-4.5790687,6.102712,C1qc+ TAM,E15S,transferred
-4.334698,5.385392,C1qc+ TAM,E15S,transferred
-6.06784,2.5703144,C1qc+ TAM,E15S,transferred
2.3109703,6.858167,mDC,E15S,transferred
2.8395793,11.407895,Regulatory CD8 T,E15S,transferred
1.04136,-8.5548935,Neutrophil,E15S,knn
-3.4597988,2.1613307,Il1b+ TAM,E15S,transferred
18.357687,10.158606,Stromal,E15S,transferred
25.369852,5.6757574,Tumor,E15S,transferred
17.846535,9.650059,Stromal,E15S,transferred
27.270292,5.0352745,Tumor,E15S,transferred
17.912907,9.909667,Stromal,E15S,transferred
24.85732,6.1357393,Tumor,E15S,transferred
-4.1651063,1.5958642,Spp1+ TAM,E15S,transferred
26.304884,3.2052724,Tumor,E15S,transferred
-3.4036326,4.4214277,Resident Macrophage,E15S,transferred
-4.801499,3.7851205,Resident Macrophage,E15S,transferred
18.749191,9.158595,Stromal,E15S,transferred
-3.3812168,2.5078409,Il1b+ TAM,E15S,transferred
27.048866,3.766443,Tumor,E15S,transferred
-5.0828013,5.745034,C1qc+ TAM,E15S,transferred
-4.7485867,2.0788143,C1qc+ TAM,E15S,transferred
-1.2634845,3.5217614,Resident Macrophage,E15S,transferred
-5.7648125,3.4169645,Resident Macrophage,E15S,transferred
-5.3214264,2.219058,Resident Macrophage,E15S,transferred
25.044453,3.0504823,CAF,E15S,transferred
18.624496,8.416895,Stromal,E15S,transferred
2.2745621,-7.476379,Neutrophil,E15S,transferred
16.345554,6.948214,Hypoxic Tumor,E15S,knn
23.874685,4.693312,Tumor Proliferating,E15S,transferred
-6.6612473,4.0463147,Resident Macrophage,E15S,transferred
0.21256776,0.12794533,Monocyte,E15S,transferred
2.72758,-6.986599,Neutrophil,E15S,transferred
-6.704294,3.9751468,Resident Macrophage,E15S,transferred
-3.6813812,3.4759448,Il1b+ TAM,E15S,transferred
-0.29378447,-7.9980845,Neutrophil,E15S,transferred
25.627302,6.0720162,Tumor,E15S,knn
-4.2759914,4.2763896,C1qc+ TAM,E15S,transferred
1.7949849,-7.4121532,Neutrophil,E15S,knn
16.95791,10.514101,Tumor,E15S,transferred
18.334646,6.8841057,Hypoxic Tumor,E15S,transferred
-5.9324355,3.0121217,Resident Macrophage,E15S,transferred
1.1577978,-8.850925,Neutrophil,E15S,transferred
24.203274,2.9999354,CAF,E15S,transferred
-0.2895237,0.54482746,Monocyte,E15S,transferred
-5.2568064,0.5997078,Spp1+ TAM,E15S,transferred
-4.578317,6.158156,C1qc+ TAM,E15S,transferred
-4.5263524,3.2999537,Il1b+ TAM,E15S,transferred
-3.3826857,2.5001075,Il1b+ TAM,E15S,transferred
-5.0500536,2.2533393,Resident Macrophage,E15S,transferred
-5.7359667,0.9039041,Spp1+ TAM,E15S,transferred
18.88793,7.419219,Hypoxic Tumor,E15S,transferred
19.192253,9.065551,Stromal,E15S,transferred
0.40291104,-8.072975,Neutrophil,E15S,transferred
26.228529,4.1641145,Tumor,E15S,transferred
25.672363,3.8521137,Hypoxic Tumor,E15S,transferred
25.47375,3.9911644,Tumor Proliferating,E15S,transferred
2.1225426,-9.36748,Neutrophil,E15S,knn
17.714071,11.379873,Stromal,E15S,transferred
-5.407914,4.8942657,Resident Macrophage,E15S,transferred
-5.434585,4.903172,C1qc+ TAM,E15S,transferred
25.252378,4.494652,Tumor,E15S,transferred
0.6449474,-6.226343,Neutrophil,E15S,transferred
-2.9943502,4.621946,C1qc+ TAM,E15S,transferred
2.9484506,13.00307,NK,E15S,transferred
17.032068,10.365705,Stromal,E15S,transferred
-5.5645156,1.4573492,Spp1+ TAM,E15S,transferred
23.294764,3.7039664,Tumor Proliferating,E15S,transferred
24.883093,3.0890172,Tumor,E15S,transferred
0.15624805,-5.5029926,Neutrophil,E15S,transferred
16.042355,10.757058,Tumor,E15S,transferred
18.156391,10.768926,Stromal,E15S,transferred
17.059181,10.011688,Stromal,E15S,transferred
2.5765398,-9.197358,Neutrophil,E15S,transferred
24.094227,5.534758,Tumor Proliferating,E15S,transferred
18.350412,9.193049,Stromal,E15S,transferred
24.092033,5.544933,Tumor Proliferating,E15S,transferred
-6.1413193,1.9580545,Resident Macrophage,E15S,transferred
16.43728,7.855957,Hypoxic Tumor,E15S,transferred
17.81435,11.223465,Stromal,E15S,transferred
-4.7989845,4.0044546,Resident Macrophage,E15S,transferred
23.910017,3.078028,Tumor,E15S,transferred
-5.2169867,3.6308386,Resident Macrophage,E15S,transferred
1.5835153,-6.517866,Neutrophil,E15S,transferred
1.2166731,-8.538538,Neutrophil,E15S,transferred
-0.66512746,2.2663932,Monocyte,E15S,transferred
3.139647,-6.8254447,Neutrophil,E15S,transferred
2.476061,15.588248,NK,E15S,transferred
23.99179,3.7176228,CAF,E15S,transferred
19.076218,9.438937,Stromal,E15S,transferred
18.63273,9.794458,Stromal,E15S,transferred
-4.407683,3.7629535,C1qc+ TAM,E15S,transferred
2.3863149,-7.3735294,Neutrophil,E15S,transferred
17.191828,10.198575,Stromal,E15S,transferred
18.951216,8.553657,Stromal,E15S,transferred
26.258348,3.6098666,Tumor,E15S,transferred
-4.0305796,3.8844266,Il1b+ TAM,E15S,transferred
0.48092565,0.8045232,Monocyte,E15S,transferred
0.10420214,-8.66334,Neutrophil,E15S,transferred
-1.0775038,3.2084496,Resident Macrophage,E15S,transferred
-3.8151753,4.9227777,Resident Macrophage,E15S,transferred
16.74561,6.7487245,Hypoxic Tumor,E15S,transferred
-5.8705416,3.449696,C1qc+ TAM,E15S,transferred
26.242025,4.612387,Tumor,E15S,transferred
-3.9754481,2.8397744,Resident Macrophage,E15S,transferred
-4.084452,2.1001358,Spp1+ TAM,E15S,transferred
26.162422,3.399753,Tumor,E15S,transferred
-2.3127763,4.6334324,Resident Macrophage,E15S,knn
-3.6377912,3.3178077,C1qc+ TAM,E15S,transferred
17.537283,9.080269,Stromal,E15S,transferred
16.376945,11.677588,Stromal,E15S,transferred
22.83236,3.6075532,Tumor Proliferating,E15S,transferred
-4.42754,3.3257248,Resident Macrophage,E15S,transferred
25.221153,4.1403594,CAF,E15S,transferred
18.26506,8.648842,Stromal,E15S,transferred
2.384031,-8.16513,Neutrophil,E15S,transferred
15.850163,10.617213,Hypoxic Tumor,E15S,transferred
24.431732,3.6485379,CAF,E15S,transferred
-3.6001396,1.3150058,Il1b+ TAM,E15S,transferred
-1.4352069,4.6882977,Resident Macrophage,E15S,knn
-6.8553696,4.1395035,C1qc+ TAM,E15S,transferred
24.618488,4.9384837,Tumor,E15S,transferred
16.734293,11.533696,Stromal,E15S,transferred
0.73345757,-8.011096,Neutrophil,E15S,transferred
26.178478,3.7630424,Tumor,E15S,transferred
25.065956,3.9285069,CAF,E15S,transferred
-5.661923,3.5880432,C1qc+ TAM,E15S,transferred
-5.7960663,4.030196,Resident Macrophage,E15S,transferred
-0.6025529,2.6909235,Monocyte,E15S,transferred
-3.1539218,1.458833,Monocyte,E15S,transferred
0.95539975,5.5899615,cDC,E15S,transferred
-4.699617,1.5555168,Spp1+ TAM,E15S,transferred
-0.3950857,-7.8419094,Neutrophil,E15S,transferred
-1.1410134,1.6963902,Monocyte,E15S,transferred
2.152735,-8.035673,Neutrophil,E15S,transferred
-3.444196,2.7015364,Resident Macrophage,E15S,transferred
27.504547,3.3259258,Tumor,E15S,knn
16.658749,10.945249,Stromal,E15S,transferred
23.467953,5.3631897,Tumor Proliferating,E15S,transferred
0.28402093,-8.262977,Neutrophil,E15S,transferred
-3.6050482,3.0738442,C1qc+ TAM,E15S,transferred
-2.027927,3.689967,Resident Macrophage,E15S,transferred
17.29245,8.014683,Hypoxic Tumor,E15S,knn
-3.1926987,2.8075743,C1qc+ TAM,E15S,transferred
17.493048,9.685097,Stromal,E15S,transferred
24.725626,3.4452424,CAF,E15S,transferred
25.394348,4.1240673,Tumor Proliferating,E15S,transferred
-0.31718698,-8.109789,Neutrophil,E15S,transferred
2.1993158,14.930703,NK,E15S,transferred
-5.2242265,2.8648973,C1qc+ TAM,E15S,transferred
-3.6305938,6.3012133,C1qc+ TAM,E15S,transferred
-4.091011,3.1192505,Il1b+ TAM,E15S,transferred
15.792885,10.253893,Hypoxic Tumor,E15S,transferred
2.378968,13.704284,NK T,E15S,transferred
-4.414773,2.8852804,Resident Macrophage,E15S,transferred
-3.197623,3.9456758,Resident Macrophage,E15S,transferred
25.28315,5.7615795,Tumor,E15S,transferred
26.2966,3.8763883,Tumor,E15S,transferred
2.132784,-8.991761,Neutrophil,E15S,transferred
25.506811,4.646587,Tumor,E15S,transferred
0.2773099,-5.3090687,Neutrophil,E15S,transferred
-4.2379785,6.3714027,C1qc+ TAM,E15S,transferred
-3.5278618,2.892707,C1qc+ TAM,E15S,transferred
2.0105212,-7.6836586,Neutrophil,E15S,transferred
16.69747,5.789531,Hypoxic Tumor,E15S,knn
-0.10505356,0.61027265,Monocyte,E15S,transferred
17.651161,9.786051,Stromal,E15S,transferred
-3.3415267,4.674999,C1qc+ TAM,E15S,transferred
-6.6672378,3.982139,C1qc+ TAM,E15S,transferred
16.898674,10.1257715,Stromal,E15S,transferred
-0.28783897,2.0197093,Monocyte,E15S,transferred
-3.8641717,5.3924856,C1qc+ TAM,E15S,transferred
16.543146,10.012221,Stromal,E15S,transferred
-4.994166,1.07701,Spp1+ TAM,E15S,transferred
3.249307,12.654643,CD8 Exhausted Proliferating,E15S,transferred
1.3725498,-8.560598,Neutrophil,E15S,knn
23.816626,3.6755517,CAF,E15S,transferred
23.283758,5.1625404,Tumor Proliferating,E15S,transferred
24.324615,4.4448395,CAF,E15S,transferred
-4.41755,2.2562149,C1qc+ TAM,E15S,transferred
-4.3605,2.8301196,Il1b+ TAM,E15S,transferred
25.908283,5.680349,Tumor,E15S,transferred
-3.1570742,3.8789196,C1qc+ TAM,E15S,transferred
0.30168483,-5.739492,Neutrophil,E15S,transferred
-4.4787846,3.250942,Il1b+ TAM,E15S,transferred
-5.1959906,5.977739,C1qc+ TAM,E15S,transferred
0.8506097,-8.200339,Neutrophil,E15S,transferred
0.68355894,0.58719283,Monocyte,E15S,transferred
-0.39115673,1.9522977,Monocyte,E15S,transferred
16.528543,5.826497,Hypoxic Tumor,E15S,knn
-5.4423347,2.5361786,Resident Macrophage,E15S,transferred
26.143568,2.9703407,Tumor,E15S,transferred
3.1866367,-7.3186517,Neutrophil,E15S,transferred
24.847624,5.0550737,Tumor Proliferating,E15S,transferred
-4.2916417,1.8561995,Il1b+ TAM,E15S,transferred
19.387218,8.202458,Stromal,E15S,transferred
26.805088,4.012707,Tumor,E15S,transferred
18.209774,9.545772,Stromal,E15S,transferred
26.103218,5.036996,Tumor,E15S,transferred
26.568485,2.9202769,Tumor,E15S,transferred
26.686039,5.089631,Tumor,E15S,transferred
16.355457,6.317681,Hypoxic Tumor,E15S,transferred
-5.9193497,2.8567755,Resident Macrophage,E15S,transferred
0.28642687,-8.251074,Neutrophil,E15S,transferred
-1.6159983,3.9278004,Resident Macrophage,E15S,transferred
2.8219535,-7.776572,Neutrophil,E15S,transferred
19.037853,6.787726,Hypoxic Tumor,E15S,knn
16.425234,11.645065,Stromal,E15S,transferred
-5.6522794,5.1303263,Resident Macrophage,E15S,transferred
0.4045321,-5.9882245,Neutrophil,E15S,transferred
-3.981887,3.6828394,C1qc+ TAM,E15S,transferred
1.8381813,13.498213,Regulatory CD8 T,E15S,transferred
22.480362,4.382015,Tumor Proliferating,E15S,transferred
17.410585,9.641982,Stromal,E15S,transferred
23.196558,4.168631,CAF,E15S,transferred
26.749199,5.2030945,Tumor,E15S,transferred
16.667768,10.480339,Stromal,E15S,transferred
-5.1240835,4.584994,C1qc+ TAM,E15S,transferred
1.0170485,-9.100361,Neutrophil,E15S,knn
2.5703368,-7.5288353,Neutrophil,E15S,transferred
-3.5358634,6.9180603,C1qc+ TAM,E15S,transferred
-5.033274,5.355687,C1qc+ TAM,E15S,transferred
-5.5731244,2.8836377,C1qc+ TAM,E15S,transferred
1.7346325,7.331733,mDC,E15S,transferred
1.7551738,-8.5341,Neutrophil,E15S,transferred
-4.423367,1.9072738,Spp1+ TAM,E15S,transferred
26.244236,3.6170712,Tumor,E15S,transferred
16.87787,7.874299,Hypoxic Tumor,E15S,transferred
2.6021597,15.574211,NK,E15S,transferred
-4.616081,1.6837559,C1qc+ TAM,E15S,transferred
16.216843,6.34758,Hypoxic Tumor,E15S,knn
26.12411,3.746566,Tumor,E15S,transferred
