barcode,sample,cell_type,hypoxia_dynamics,hypoxia_score,v_hypoxia,prolif_score,hypoxia_latent_time,velocity_pseudotime,dynamical_latent_time,h,v,attractor,membership_entropy,pi_ox,pi_ridge,pi_hyp
GTTGATTAGTCAGCCG_E14S,E14S,Hypoxic Tumor,persistent_hypoxia,1.9506673773752223,-0.0947984406240634,1.359182397630505,0.962552011013031,0.962552011013031,0.1009371650910166,1.9506673773752223,-0.0947984406240634,Hypoxic,0.5298701198033097,0.003133514907281764,0.2065884060463603,0.7902780790463579
AGCGCACCATGCTGTC_E14S,E14S,Hypoxic Tumor,exiting_hypoxia,0.6806414522702752,-0.7305033863372233,1.529092589887585,0.9466166496276855,0.9466166496276855,0.070401928454766,0.6806414522702752,-0.7305033863372233,Hypoxic,0.9161787140929869,0.10036442715632335,0.328219204253481,0.5714163685901956
TAGGCTGCATCACTGC_E14S,E14S,Tumor,entering_deep_hypoxia,2.8615989838374647,0.4190538429113425,-0.1102625585567483,0.9444071054458618,0.9444071054458618,0.2837171278634006,2.8615989838374647,0.4190538429113425,Hypoxic,0.3177970341064901,5.0427317951928644e-05,0.0964681853449887,0.9034813873370594
CACCACCTCTCATGCT_E14S,E14S,Tumor,reverted_stable,-0.8540999931134194,-0.4833601467602609,1.132998557178548,0.9343845248222352,0.9343845248222352,0.1989319293548563,-0.8540999931134194,-0.4833601467602609,Oxygenated,1.063346733938062,0.4540475680250643,0.3059658645825161,0.2399865673924195
TCACGCCTCTAAGTCG_E14S,E14S,Hypoxic Tumor,transitional,0.2659577212834882,0.2281185999100183,1.466787350956393,0.9564425945281982,0.9564425945281982,0.1393320657006906,0.2659577212834882,0.2281185999100183,Ridge,1.0495552087501685,0.19289392119793186,0.4141855618179838,0.3929205169840844
AGCGAATAGGTGACGA_E14S,E14S,Hypoxic Tumor,persistent_hypoxia,0.4577354433204049,-0.351418058293978,1.7069727901998613,0.9496695399284364,0.9496695399284364,0.1065937265463449,0.4577354433204049,-0.351418058293978,Hypoxic,1.0198428967835045,0.16426805245932105,0.3673480039783467,0.4683839435623322
ACTAATGCAACATGAC_E14S,E14S,Tumor Proliferating,persistent_hypoxia,1.4233292402361082,0.3213216776565901,1.2214040681801042,0.9399210214614868,0.9399210214614868,0.2223584003356264,1.4233292402361082,0.3213216776565901,Hypoxic,0.7005151526214648,0.015655708449042842,0.318813336256886,0.6655309552940712
GTAGTGAGTGATAGAT_E14S,E14S,Hypoxic Tumor,exiting_hypoxia,1.1822262154514305,-0.4113255963731352,1.716589311838406,0.9442293047904968,0.9442293047904968,0.08191540823172,1.1822262154514305,-0.4113255963731352,Hypoxic,0.7557735126636629,0.03562699762917221,0.30525085846377825,0.6591221439070495
ATCACAACAATCGGTG_E14S,E14S,Tumor Proliferating,exiting_hypoxia,0.2774730207238444,-0.4900310953765854,1.3189256210922735,0.928970217704773,0.928970217704773,0.0530316763961823,0.2774730207238444,-0.4900310953765854,Hypoxic,1.0567129587172257,0.20853103873820358,0.35650415813772446,0.4349648031240719
AGCAAATGTTCCTGTC_E14S,E14S,Tumor,entering_hypoxia,-1.394369707576004,0.4630380536460908,-0.3274613074481132,0.9423985481262208,0.9423985481262208,0.3657891992535397,-1.394369707576004,0.4630380536460908,Ridge,1.0634117771306884,0.39101513462586907,0.3959587014943813,0.2130261638797497
CAAGGAACAAGTTACA_E14S,E14S,Tumor,persistent_hypoxia,0.5312701581744776,-0.1140143123205578,0.1669964033922466,0.9415363669395448,0.9415363669395448,0.2151302502762903,0.5312701581744776,-0.1140143123205578,Hypoxic,1.002251169336651,0.14491654140912086,0.38501759227990373,0.47006586631097547
TGGGATTCAATGCGTG_E14S,E14S,Tumor,normoxic_stable,-0.7698489843062616,0.2174700354985426,0.6659993556000589,0.9386056661605836,0.9386056661605836,0.2000818691333225,-0.7698489843062616,0.2174700354985426,Oxygenated,1.0700256158607326,0.4114516417332117,0.3610980394343813,0.2274503188324071
CCCGACAAGTTGCGCG_E14S,E14S,Tumor,normoxic_stable,-0.6264804543676233,-0.0575478009114772,1.6267134706144488,0.9335294365882874,0.9335294365882874,0.1917786866473354,-0.6264804543676233,-0.0575478009114772,Oxygenated,1.0735971850122983,0.4206352590826879,0.3391360340660143,0.24022870685129785
AACAGCTCATTAATCC_E14S,E14S,Tumor,normoxic_stable,-1.2040448451250718,-0.2476463094366794,3.165685790666996,0.939323663711548,0.939323663711548,0.1478252694518152,-1.2040448451250718,-0.2476463094366794,Oxygenated,1.045402754376113,0.4749161684767278,0.3147362251618258,0.2103476063614463
GCGCTTGAGTAGTTAC_E14S,E14S,Tumor,normoxic_stable,-0.9614394011117232,-0.3852749983263696,3.2258878404515365,0.9353771209716796,0.9353771209716796,0.20471145391158,-0.9614394011117232,-0.3852749983263696,Oxygenated,1.0546458965763454,0.46613493388284605,0.30770725070856,0.22615781540859398
GGGAATTAGGATGCCT_E14S,E14S,Tumor,normoxic_stable,-0.4620245372687857,-0.2686275195541709,-0.1710926798818672,0.939077079296112,0.939077079296112,0.1611902611412656,-0.4620245372687857,-0.2686275195541709,Oxygenated,1.0853088688155028,0.4000974917327667,0.33261041503433225,0.267292093232901
CACCGAACACATTCAT_E14S,E14S,Hypoxic Tumor,persistent_hypoxia,0.6944260473528141,0.1069324166766852,1.6057395329659945,0.9531894326210022,0.9531894326210022,0.1344218327770505,0.6944260473528141,0.1069324166766852,Hypoxic,0.9466236628638192,0.10261349063162738,0.3960739599142475,0.5013125494541251
CCTATAGAGTAACGAA_E14S,E14S,Tumor,normoxic_stable,-0.6572194183348327,0.0317690678088569,1.2887572515489487,0.936566174030304,0.936566174030304,0.1986579378699896,-0.6572194183348327,0.0317690678088569,Oxygenated,1.0725974527790405,0.4181791811494412,0.34571735974539564,0.23610345910516328
GGAAGTTAGGTCAATT_E14S,E14S,Tumor,normoxic_stable,-0.9016396314758518,0.3729365429707988,1.1371983238576726,0.9333032965660096,0.9333032965660096,0.1160535118837705,-0.9016396314758518,0.3729365429707988,Oxygenated,1.0687704247365177,0.3996183140400771,0.3776956481475367,0.22268603781238616
AGTTAGAAGCCACATA_E14S,E14S,Hypoxic Tumor,exiting_hypoxia,0.8430350650685994,-0.7347926706488885,1.516187999527631,0.9525604248046876,0.9525604248046876,0.1680996122921609,0.8430350650685994,-0.7347926706488885,Hypoxic,0.8526873512535734,0.07172834567397306,0.31492871447040865,0.6133429398556184
CCCTTTAGTCTGGTCA_E14S,E14S,Tumor,reverted_stable,-0.5036458157351426,-0.6669383604901195,0.8059703965886318,0.9405115842819214,0.9405115842819214,0.2415684844889932,-0.5036458157351426,-0.6669383604901195,Oxygenated,1.0910630576116729,0.3909504375927883,0.31357930708837867,0.2954702553188331
AAACTTGCATTCAGCC_E14S,E14S,Hypoxic Tumor,exiting_hypoxia,0.4233472066999948,-0.9772598074629432,1.9848085259511823,0.944120705127716,0.944120705127716,0.1440072557524312,0.4233472066999948,-0.9772598074629432,Hypoxic,0.9677754159610992,0.13634467915048087,0.3202929128575028,0.5433624079920163
CGATTCCCACAAGCTG_E14S,E14S,Hypoxic Tumor,exiting_hypoxia,2.4975556518054707,-2.008264854049557,0.7999991007244754,0.9357283115386964,0.9357283115386964,0.5943871027572238,2.4975556518054707,-2.008264854049557,Hypoxic,0.18185890666719864,4.325020376856141e-05,0.0443020003666481,0.9556547494295834
GGCTGTTAGATAGCAA_E14S,E14S,Hypoxic Tumor,persistent_hypoxia,0.5229377083220847,0.0528320829809256,1.9819174584374968,0.9403153657913208,0.9403153657913208,0.0580924947827025,0.5229377083220847,0.0528320829809256,Hypoxic,1.0005838446140396,0.14150075867958678,0.3988060515965758,0.4596931897238375
GGAGAGGAGGTAGTCC_E14S,E14S,Tumor,reverted_stable,-1.1182103090952589,-0.5006160731933363,1.4653098611865878,0.9377277493476868,0.9377277493476868,0.2168446405875284,-1.1182103090952589,-0.5006160731933363,Oxygenated,1.0534107251573694,0.4698300635872316,0.30285764792727515,0.22731228848549315
TCCATTATCGTACTAG_E14S,E14S,Hypoxic Tumor,persistent_hypoxia,1.3610839758848274,-0.3179559106657535,1.7686237350209828,0.9482057094573976,0.9482057094573976,0.1075523440762141,1.3610839758848274,-0.3179559106657535,Hypoxic,0.6977737786344178,0.022014787680792926,0.2871098384851996,0.6908753738340075
TCTATGAGTTTGGAGA_E14S,E14S,Hypoxic Tumor,exiting_hypoxia,1.414504149668984,-1.116783457917171,2.4166565016397987,0.941084325313568,0.941084325313568,0.2285739588615431,1.414504149668984,-1.116783457917171,Hypoxic,0.5719745229757849,0.01182172399368011,0.20742650466782334,0.7807517713384965
ACTGCTGGTGATTAGG_E14S,E14S,Tumor,persistent_hypoxia,1.2674552447511944,-0.1644588712075074,-0.269296768131319,0.9452677965164183,0.9452677965164183,0.2911193865593598,1.2674552447511944,-0.1644588712075074,Hypoxic,0.740960642180074,0.028780979252304804,0.31300001909259834,0.6582190016550967
TGCCATTTCGATCGCG_E14S,E14S,Hypoxic Tumor,exiting_hypoxia,1.3176810841123685,-0.8254671727357384,1.542243573021482,0.9619221091270448,0.9619221091270448,0.1159170979806709,1.3176810841123685,-0.8254671727357384,Hypoxic,0.6546726085382942,0.02035233702879156,0.2489342473810285,0.7307134155901799
AAACGTAAGCGAGTCT_E14S,E14S,Tumor,normoxic_stable,-0.6459461492758489,0.2899047949256824,1.448285634109819,0.9361679553985596,0.9361679553985596,0.2150052285983663,-0.6459461492758489,0.2899047949256824,Oxygenated,1.0778497491783752,0.3850187845521696,0.37488197631616466,0.24009923913166575
CGTATTAGTTGGTTCG_E14S,E14S,Tumor,exiting_hypoxia,1.9843972678752555,-1.212652332303144,0.218288471934598,0.9390292167663574,0.9390292167663574,0.1599945294372327,1.9843972678752555,-1.212652332303144,Hypoxic,0.39316088358808776,0.0014822632930873202,0.12782278887581755,0.8706949478310952
CGTGCAACAATCTACT_E14S,E14S,Tumor Proliferating,exiting_hypoxia,0.631201682390564,-1.1380930581631945,0.8090646390804028,0.9331921339035034,0.9331921339035034,0.0553182934730383,0.631201682390564,-1.1380930581631945,Hypoxic,0.8604421038816041,0.08259588328875911,0.29394842000028243,0.6234556967109585
CAGGATTCATGGTGTG_E14S,E14S,Tumor Proliferating,persistent_hypoxia,0.4009877704970843,0.1960032440646425,1.9602500574292747,0.9328773617744446,0.9328773617744446,0.039146948752996,0.4009877704970843,0.1960032440646425,Hypoxic,1.023983412948598,0.16226700361465976,0.4124305532326365,0.4253024431527037
ATCAGCCAGGGCTCCA_E14S,E14S,Tumor Proliferating,transitional,0.0373327117899305,-0.2603223275723046,2.3863335892311275,0.9348115921020508,0.9348115921020508,0.0514565391648807,0.0373327117899305,-0.2603223275723046,Ridge,1.0918186539918344,0.27931790166036025,0.363520711417708,0.35716138692193183
GCACCAACACATAGCG_E14S,E14S,Hypoxic Tumor,persistent_hypoxia,0.9169397369815278,-0.0607730626114364,1.6760451920960506,0.94207102060318,0.94207102060318,0.0554937835436908,0.9169397369815278,-0.0607730626114364,Hypoxic,0.8725266617706573,0.06800962907584775,0.3652813590328992,0.5667090118912529
AAGCAACAGTTACGAT_E14S,E14S,Hypoxic Tumor,exiting_hypoxia,0.4156530432638829,-1.71856616127342,1.3313214449876245,0.9140363335609436,0.9140363335609436,0.4416966378246402,0.4156530432638829,-1.71856616127342,Hypoxic,0.7671677969911759,0.0589673154212261,0.24832322304936458,0.6927094615294093
GCAATTTAGAACGGAT_E14S,E14S,Hypoxic Tumor,exiting_hypoxia,0.5738166660307573,-0.6496263524814242,1.2291523681178813,0.9384707808494568,0.9384707808494568,0.1806993653988846,0.5738166660307573,-0.6496263524814242,Hypoxic,0.9641318994366083,0.12664018600549085,0.3408893685917307,0.5324704454027785
AGAAGGTTCCTTCGTG_E14S,E14S,Hypoxic Tumor,exiting_hypoxia,0.9483657604273904,-1.6478013063473649,0.4811190964174012,0.9364188313484192,0.9364188313484192,0.4441727705037044,0.9483657604273904,-1.6478013063473649,Hypoxic,0.6062330100874949,0.021060464268303502,0.20630495786265984,0.7726345778690367
ACACATTAGGCGATAG_E14S,E14S,Tumor Proliferating,transitional,0.1985449724491383,-0.342158704435078,1.2120027131348368,0.9328325390815736,0.9328325390815736,0.0326517443192967,0.1985449724491383,-0.342158704435078,Hypoxic,1.074274309129275,0.2342374179905942,0.3647613656157223,0.40100121639368347
GCACACTAGGCGAGAC_E14S,E14S,Tumor,normoxic_stable,-1.5358504091808842,-0.2241371546767621,-0.1913619599527646,0.9434088468551636,0.9434088468551636,0.3740198964726404,-1.5358504091808842,-0.2241371546767621,Oxygenated,1.0506623737684155,0.4614398711078838,0.327777184416474,0.21078294447564214
CACGCCAAGGTACGTC_E14S,E14S,Tumor,reverted_stable,-1.5399934941595583,-0.4159011415773374,0.9207159445617784,0.9838632345199584,0.9838632345199584,0.3821091786754414,-1.5399934941595583,-0.4159011415773374,Oxygenated,1.054675243617206,0.4612850262134722,0.3181296430784622,0.22058533070806563
ATGCAGCTCCGGATAC_E14S,E14S,Tumor,normoxic_stable,-1.196350266161072,-0.2078186449581117,-0.053005104381586,0.9457594752311708,0.9457594752311708,0.4166764566670749,-1.196350266161072,-0.2078186449581117,Oxygenated,1.045296164222568,0.4738692770987111,0.3170819421785268,0.2090487807227621
AGTATGAAGTAAGGGT_E14S,E14S,Tumor,entering_deep_hypoxia,0.9118552055887528,1.284421287830151,0.8802435362337752,0.9380466341972352,0.9380466341972352,0.0600029279449282,0.9118552055887528,1.284421287830151,Hypoxic,0.7696984976931143,0.020012892151286907,0.42878466826668576,0.5512024395820273
CTACTTGCATCCTAAT_E14S,E14S,Tumor,reverted_stable,-1.2774828906563649,-0.491401835339456,-0.0267630201482441,0.9434306621551514,0.9434306621551514,0.4025869590624404,-1.2774828906563649,-0.491401835339456,Oxygenated,1.051532553613652,0.47137430084146525,0.3053276844126618,0.223298014745873
TCAATCCTCAATCGCA_E14S,E14S,Hypoxic Tumor,persistent_hypoxia,0.612753550472858,-0.0738987612660346,1.681438046297764,0.9437442421913148,0.9437442421913148,0.2089707734805077,0.612753550472858,-0.0738987612660346,Hypoxic,0.9774673379198804,0.12524176296567038,0.3857475866638613,0.4890106503704683
CCCGTTATCCGTATAG_E14S,E14S,Tumor,persistent_hypoxia,0.3546927334636627,0.187738728108796,1.4482822057986655,0.9289512634277344,0.9289512634277344,0.1077917098448722,0.3546927334636627,0.187738728108796,Hypoxic,1.0347956247318002,0.1741016957077945,0.4116338529102034,0.41426445138200224
TCGTACTTCCAATTCC_E14S,E14S,Tumor,exiting_hypoxia,0.0943614364942673,-0.9780489475807128,0.5977046107643024,0.9359758496284484,0.9359758496284484,0.1718945408090296,0.0943614364942673,-0.9780489475807128,Hypoxic,1.0522255495941735,0.21428636664675108,0.3244558365666547,0.4612577967865942
ATAGGCGAGTTACGAT_E14S,E14S,Tumor,persistent_hypoxia,0.7630812271136286,-0.2409945995749134,0.9534384595449172,0.933306872844696,0.933306872844696,0.1745429045596739,0.7630812271136286,-0.2409945995749134,Hypoxic,0.925455754089376,0.09592027475204923,0.3640684239495147,0.5400113012984361
GGCGGTAGTTCGGCTA_E14S,E14S,Tumor,exiting_hypoxia,0.8144535422273345,-0.4990762898615181,0.0378806671596619,0.9367265701293944,0.9367265701293944,0.151894221100166,0.8144535422273345,-0.4990762898615181,Hypoxic,0.8911030603007495,0.0836186202662629,0.33855269094656404,0.5778286887871731
AACAGGTAGATAGATG_E14S,E14S,Tumor,transitional,-0.1138565867057173,0.0130218085355514,0.0118298529392685,0.9375169277191162,0.9375169277191162,0.1478264166971534,-0.1138565867057173,0.0130218085355514,Ridge,1.0944708777989056,0.30883936691311514,0.3765216901833036,0.31463894290358124
GGTAATTTCGCTCACC_E14S,E14S,Tumor,reverted_stable,-0.5356282348351705,-0.5672093261091486,0.3264102346084003,0.9374683499336244,0.9374683499336244,0.2099997208231422,-0.5356282348351705,-0.5672093261091486,Oxygenated,1.0863859977704409,0.4050074191024444,0.31492182094547,0.28007075995208564
CGTTACCCAAGTGCAT_E14S,E14S,Tumor,exiting_hypoxia,0.8530913329995707,-1.0547110643487687,-0.0891909939406026,0.9401193261146544,0.9401193261146544,0.1312756379885703,0.8530913329995707,-1.0547110643487687,Hypoxic,0.7919117907862994,0.055971390137861725,0.2826227435789916,0.6614058662831467
TCGAGGTTCGCGCACA_E14S,E14S,Tumor Proliferating,persistent_hypoxia,1.5712151835148285,-0.1600029262925355,1.5244483314355703,0.928224802017212,0.928224802017212,0.0,1.5712151835148285,-0.1600029262925355,Hypoxic,0.638442339210752,0.011663548655804205,0.2653219306908267,0.7230145206533692
CCATATAGTGGCTTGC_E14S,E14S,Tumor Proliferating,exiting_hypoxia,-0.0598914843122307,-0.9166881524250734,1.4547443013499075,0.9309815764427184,0.9309815764427184,0.0106904616321392,-0.0598914843122307,-0.9166881524250734,Hypoxic,1.0809064795584513,0.261111694761903,0.3245524015551686,0.4143359036829284
CGTACAGCAATATCCT_E14S,E14S,Tumor Proliferating,exiting_hypoxia,0.4426230091756036,-0.5177022358864564,1.397411163520178,0.9463898539543152,0.9463898539543152,0.0913777239031314,0.4426230091756036,-0.5177022358864564,Hypoxic,1.0159589892724248,0.1638301913351403,0.354864039447177,0.4813057692176827
AAGTTTGCAAGTTACA_E14S,E14S,Tumor,normoxic_stable,-1.7005623181439842,0.1961081044547907,1.4451598791629827,0.9400975108146667,0.9400975108146667,0.28174267951056,-1.7005623181439842,0.1961081044547907,Oxygenated,1.0623238197330542,0.41024950327576165,0.3774040087033316,0.2123464880209068
TATCATGGTTGACCAT_E14S,E14S,Tumor Proliferating,persistent_hypoxia,0.6737478954380669,-0.349644779167949,1.4996842928275602,0.9287271499633788,0.9287271499633788,0.0256695350472405,0.6737478954380669,-0.349644779167949,Hypoxic,0.9528348840909606,0.11353813883481609,0.36068562634109314,0.5257762348240907
TCCCCTGGTATAGCTC_E14S,E14S,Tumor,normoxic_stable,-0.9785843054171184,0.0069493337625204,0.7498953199777986,0.946312427520752,0.946312427520752,0.414410788849951,-0.9785843054171184,0.0069493337625204,Oxygenated,1.0539305645766388,0.4537138696922533,0.33379844992095076,0.21248768038679586
GGGGTATGTCAACTCG_E14S,E14S,Hypoxic Tumor,exiting_hypoxia,1.3890752915549769,-2.028125382990252,0.2476716869501445,0.9383605122566224,0.9383605122566224,0.5613635545387436,1.3890752915549769,-2.028125382990252,Hypoxic,0.38902544296009633,0.0029177950772601782,0.1212755546254953,0.8758066502972445
AGTGGTTCACTAGTAA_E14S,E14S,Hypoxic Tumor,exiting_hypoxia,0.1664862334562938,-1.691584190009386,1.217251431230671,0.9144302010536194,0.9144302010536194,0.5444087594756754,0.1664862334562938,-1.691584190009386,Hypoxic,0.8589018830183488,0.09233210002575047,0.2682666808249126,0.639401219149337
GTACCCAGTTCACTCC_E14S,E14S,Hypoxic Tumor,exiting_hypoxia,-0.3280350391412973,-1.299430096171747,0.5919449161181989,0.8465227484703064,0.8465227484703064,0.9362221967767976,-0.3280350391412973,-1.299430096171747,Hypoxic,1.0706271745550047,0.25204936769901776,0.30609882820256273,0.4418518040984194
AGGAATGCATCACTTG_E14S,E14S,Tumor,persistent_hypoxia,0.7979546503613362,-0.1118146109618048,2.24135475619565,0.9309809803962708,0.9309809803962708,0.1514075960212673,0.7979546503613362,-0.1118146109618048,Hypoxic,0.9153089860295782,0.08848411011668351,0.37188832650442427,0.5396275633788922
CGGGTCATCACAGCAC_E14S,E14S,Hypoxic Tumor,exiting_hypoxia,0.7677768345690898,-0.6376423795343514,2.6347332784438606,0.9366059303283693,0.9366059303283693,0.0362330584270977,0.7677768345690898,-0.6376423795343514,Hypoxic,0.8947930499483742,0.08796661168378053,0.3301637775753574,0.5818696107408621
GTAAGTAAGTCGATAT_E14S,E14S,Hypoxic Tumor,persistent_hypoxia,0.6579384698085804,-0.3260302057303526,1.2432470468644108,0.9392231702804564,0.9392231702804564,0.1436828333254657,0.6579384698085804,-0.3260302057303526,Hypoxic,0.9592932980614004,0.1171478230014784,0.36342214702353826,0.5194300299749834
ACGTTCAAGTTACCTC_E14S,E14S,Tumor,normoxic_stable,-1.32338744838203,-0.1713974792130864,0.9228589862392432,0.9418095946311952,0.9418095946311952,0.2685280680033097,-1.32338744838203,-0.1713974792130864,Oxygenated,1.0452243106971284,0.4712591380366887,0.32222779113703665,0.2065130708262746
CCACCTCAGAAGGATC_E14S,E14S,Tumor,persistent_hypoxia,0.9934211900908216,-0.1331191332848881,0.1408831157275773,0.9320557117462158,0.9320557117462158,0.1203452108749512,0.9934211900908216,-0.1331191332848881,Hypoxic,0.8431284585300634,0.05773941255024043,0.35152600711194626,0.5907345803378133
TCATGGATCACCTCGC_E14S,E14S,Tumor,reverted_stable,-0.5665591701451634,-0.4094322514873785,1.7699320984169888,0.9418790340423584,0.9418790340423584,0.3577950888020197,-0.5665591701451634,-0.4094322514873785,Oxygenated,1.0802472284370532,0.41802129080720657,0.31948497569850204,0.2624937334942913
TAGGCCACATAGGGCC_E14S,E14S,Tumor,transitional,-0.3157885345140559,0.0231508746241121,2.137446736383714,0.932314932346344,0.932314932346344,0.0710343002067152,-0.3157885345140559,0.0231508746241121,Ridge,1.0918557027191138,0.3560989156874381,0.3643613831264728,0.279539701186089
ACGTCTAAGCGAGTCT_E14S,E14S,Tumor,entering_hypoxia,-0.1234928258319698,0.4743004323400034,0.2385372314920767,0.9415963292121888,0.9415963292121888,0.2310615007038149,-0.1234928258319698,0.4743004323400034,Ridge,1.076787514662232,0.2565054531740057,0.42595765479894804,0.31753689202704627
TGCTACCCAATGCCTC_E14S,E14S,Tumor,exiting_hypoxia,4.0443903285731215,-1.9725520762176587,0.0379710123411898,0.9487439393997192,0.9487439393997192,0.0933642685036067,4.0443903285731215,-1.9725520762176587,Hypoxic,0.03525570862861002,9.394063020636919e-09,0.005722919370178882,0.994277071235758
ACGGAACGTTTGAGGA_E14S,E14S,Tumor,normoxic_stable,-0.6837624376014,0.0418355904553251,0.92567776583445,0.9419310688972472,0.9419310688972472,0.333145818157892,-0.6837624376014,0.0418355904553251,Oxygenated,1.071044902763662,0.4209947809529409,0.3455052482096885,0.23349997083737078
GTACGTTGTCAATCTA_E14S,E14S,Tumor,persistent_hypoxia,0.9759014872548488,-0.2263503948544746,0.772294029077866,0.9487571120262146,0.9487571120262146,0.4146973023774317,0.9759014872548488,-0.2263503948544746,Hypoxic,0.846646232930226,0.060519695354905534,0.34606824415521215,0.5934120604898823
CTTCACTAGCGGAGTA_E14S,E14S,Tumor,persistent_hypoxia,0.6042310201201808,0.0340269024152729,0.2325695160810775,0.9444406032562256,0.9444406032562256,0.313902078634751,0.6042310201201808,0.0340269024152729,Hypoxic,0.9776455326565463,0.1239289897968215,0.3947646998794605,0.481306310323718
TGGCTGACAAGCTACG_E14S,E14S,Hypoxic Tumor,exiting_hypoxia,0.4995762297941699,-2.562963050639008,0.8106717899725984,0.8969294428825378,0.8969294428825378,0.7189619358596753,0.4995762297941699,-2.562963050639008,Hypoxic,0.44366813190305754,0.007753472884382011,0.13696346974929174,0.8552830573663261
ATTGAGGGTAACGAGC_E14S,E14S,Hypoxic Tumor,exiting_hypoxia,3.1168484840196364,-0.4282103253232059,0.3022128009030234,0.9437064528465272,0.9437064528465272,0.0525235195345007,3.1168484840196364,-0.4282103253232059,Hypoxic,0.21574553219251308,1.5922729099740574e-05,0.05590732461119919,0.9440767526597011
GGTTAGCTCGCTTCCA_E14S,E14S,Tumor,entering_hypoxia,-0.0733520286370778,0.752841441265577,1.454350286605513,0.929853081703186,0.929853081703186,0.1446667696074434,-0.0733520286370778,0.752841441265577,Ridge,1.0442735751212908,0.19835553873466827,0.4624019190758541,0.33924254218947775
CGATGTTGTTGGTTAC_E14S,E14S,Hypoxic Tumor,persistent_hypoxia,1.0953386529684146,0.1625765553139469,1.5644978226600463,0.9469133615493774,0.9469133615493774,0.0843591238039398,1.0953386529684146,0.1625765553139469,Hypoxic,0.8075432001160829,0.04162082495700493,0.36028308534804804,0.5980960896949471
AACGTAAAGCATTCGA_E14S,E14S,Hypoxic Tumor,reverted_stable,-0.6362109586002517,-1.6470239997087264,0.8878203810021399,0.8925074934959412,0.8925074934959412,0.9471384985149962,-0.6362109586002517,-1.6470239997087264,Hypoxic,1.0394927134212542,0.21453307616050363,0.2944632600643825,0.49100366377511395
TGGGCAAAGAATCATC_E14S,E14S,Tumor,normoxic_stable,-1.660126859694585,0.1475774258759704,0.6764824016574404,0.9460366368293762,0.9460366368293762,0.3800459627234112,-1.660126859694585,0.1475774258759704,Oxygenated,1.0598527755246263,0.4212246950214069,0.36868251868554974,0.21009278629304337
TAGTGGGAGGGCTGAA_E14S,E14S,Hypoxic Tumor,reverted_stable,-0.7911595645835788,-1.0727915662265524,0.7160878789073079,0.8693670034408569,0.8693670034408569,0.937801765297716,-0.7911595645835788,-1.0727915662265524,Oxygenated,1.0945487757901666,0.37358554843649355,0.3008829961746306,0.3255314553888759
ATCAAGGGTCAAGTAG_E14S,E14S,Tumor,exiting_hypoxia,0.0174656601466669,-1.598714754865723,0.1573967762991426,0.9440777897834778,0.9440777897834778,0.0998261866242133,0.0174656601466669,-1.598714754865723,Hypoxic,0.9345458237540081,0.12897088350338856,0.28427395050989285,0.5867551659867186
CCCATATTCAGGCAAG_E14S,E14S,Hypoxic Tumor,persistent_hypoxia,1.5110606318477404,-0.1455907918629093,1.4987226938908538,0.950597047805786,0.950597047805786,0.1136027555790773,1.5110606318477404,-0.1455907918629093,Hypoxic,0.6587269159525115,0.014079907305689317,0.276183955035305,0.7097361376590057
GCCTCATCAACCTGGA_E14S,E14S,Hypoxic Tumor,persistent_hypoxia,1.3071054393603576,-0.1574290974802366,1.5928427321647676,0.9520989060401917,0.9520989060401917,0.095107827652116,1.3071054393603576,-0.1574290974802366,Hypoxic,0.7272287720379407,0.025761430934720157,0.30759679627864833,0.6666417727866316
CTGGGTTAGCCTTGGG_E14S,E14S,Hypoxic Tumor,reverted_posthypoxic,-0.6389858309629745,-0.207658009150022,0.7543262257597683,0.8742687106132507,0.8742687106132507,0.9489049842717716,-0.6389858309629745,-0.207658009150022,Oxygenated,1.0723315225150922,0.4296403703153348,0.3272364180533053,0.24312321163135994
TGGAGGATCGCGCTCT_E14S,E14S,Hypoxic Tumor,exiting_hypoxia,2.2389250965035057,-1.1708615466947434,1.728242600847494,0.9496612548828124,0.9496612548828124,0.0752283494630288,2.2389250965035057,-1.1708615466947434,Hypoxic,0.3372521819434332,0.0005636054076854256,0.10342032996756827,0.8960160646247463
CCAACCCTCCTGATTC_E14S,E14S,Tumor,entering_hypoxia,-1.6693032784556183,1.1654346535693962,0.6183412222583115,0.9475530982017516,0.9475530982017516,0.2652454119897722,-1.6693032784556183,1.1654346535693962,Ridge,1.0114367441928258,0.20183976756947677,0.5314499137633725,0.2667103186671508
CCGGCTAAGCTAAGGG_E14S,E14S,Hypoxic Tumor,reverted_stable,-0.652937254774257,-0.826604699511486,0.3937900442941657,0.9389427304267884,0.9389427304267884,0.2560203373591426,-0.652937254774257,-0.826604699511486,Oxygenated,1.0896166770563078,0.3973076343869703,0.3049345481566232,0.29775781745640645
ATGCGAAGTAGCGGTG_E14S,E14S,Hypoxic Tumor,persistent_hypoxia,1.0798305219087987,-0.2792847658216192,1.4267055608107984,0.9600807428359984,0.9600807428359984,0.1211881809330304,1.0798305219087987,-0.2792847658216192,Hypoxic,0.804384962535354,0.047100220666293505,0.32960827272096305,0.6232915066127435
GTAGCGAAGTTACGTG_E14S,E14S,Hypoxic Tumor,reverted_stable,-0.6749687162129985,-1.7229180707615803,0.8172111440846008,0.882460355758667,0.882460355758667,0.931826481893392,-0.6749687162129985,-1.7229180707615803,Hypoxic,1.0239826697113255,0.19876212923215628,0.2915457257024052,0.5096921450654386
GCTCCCACATCGTTGC_E14S,E14S,Hypoxic Tumor,exiting_hypoxia,2.8957835507978538,-0.8199507170177234,0.8066048205386062,0.9416868090629578,0.9416868090629578,0.1022908041077292,2.8957835507978538,-0.8199507170177234,Hypoxic,0.23119955933471367,3.956714141282599e-05,0.06138495335308568,0.9385754795055016
GCTCTCATCCACGGCA_E14S,E14S,Hypoxic Tumor,persistent_hypoxia,2.5074336315872285,-0.1274715575754981,2.7856491471396936,0.9414979815483092,0.9414979815483092,0.0638344173939746,2.5074336315872285,-0.1274715575754981,Hypoxic,0.3777002147116053,0.0003231247718490439,0.12400161265436069,0.8756752625737904
TGCGGTTAGTTGCTTC_E14S,E14S,Hypoxic Tumor,reverted_stable,-0.6853490145700221,-1.7257525533550833,1.11500623203218,0.8999218344688416,0.8999218344688416,0.9255927403498276,-0.6853490145700221,-1.7257525533550833,Hypoxic,1.0242762646467898,0.1990630071782473,0.29156467869904323,0.5093723141227094
CTCCAAGGTTTCCTAT_E14S,E14S,Tumor,normoxic_stable,-0.7969057294687374,-0.2355238604019793,0.5879450719175717,0.9480160474777222,0.9480160474777222,0.364297936937556,-0.7969057294687374,-0.2355238604019793,Oxygenated,1.0614882003088977,0.45107930580263295,0.3192669507272693,0.22965374347009776
GCTGCCTTCTGTCTAC_E14S,E14S,Tumor,entering_deep_hypoxia,0.5381795762271677,1.0393500832454174,1.868074377784342,0.9313908219337464,0.9313908219337464,0.1035830889603173,0.5381795762271677,1.0393500832454174,Ridge,0.8829347797175509,0.06216198505788608,0.46930444773337343,0.4685335672087405
TGTAAGCCAACTGTCC_E14S,E14S,Hypoxic Tumor,reverted_stable,-0.6184191370974902,-1.0161638177766563,0.7825783439536682,0.8874954581260681,0.8874954581260681,0.9192327062117764,-0.6184191370974902,-1.0161638177766563,Oxygenated,1.0961818886183257,0.36141469371093204,0.30456535659008543,0.3340199496989825
AATGACAAGTAGTGAA_E14S,E14S,Hypoxic Tumor,exiting_hypoxia,0.4586261216299801,-1.2408277664590148,0.8652444821169485,0.9182263612747192,0.9182263612747192,0.503049579374616,0.4586261216299801,-1.2408277664590148,Hypoxic,0.8993881050331888,0.1024877396203648,0.295742043889882,0.6017702164897532
TCATATGGTAAGTCAG_E14S,E14S,Tumor,normoxic_stable,-1.4484906119604732,-0.2473450004093886,0.9230739538989152,0.9469269514083862,0.9469269514083862,0.3378603827054162,-1.4484906119604732,-0.2473450004093886,Oxygenated,1.0478490837281629,0.4681747052133149,0.3219643721889401,0.20986092259774494
CCATCAGGTTGTCCAG_E14S,E14S,Hypoxic Tumor,reverted_posthypoxic,-1.6604488264591997,0.0021570095274744,0.9454006848989792,0.9611924886703492,0.9611924886703492,0.3215972429751004,-1.6604488264591997,0.0021570095274744,Oxygenated,1.0572011019464393,0.4364059287516782,0.3535815473965035,0.21001252385181832
GCGCTAGTCCTGGTAA_E14S,E14S,Tumor,normoxic_stable,-1.738647759893735,0.3330462976462595,0.9294287744109596,0.93439382314682,0.93439382314682,0.1310724655602031,-1.738647759893735,0.3330462976462595,Ridge,1.0657111113224742,0.3849213468069124,0.39807409167612096,0.2170045615169665
ATTCCTTGTTCGATGT_E14S,E14S,Hypoxic Tumor,persistent_hypoxia,2.3327514054295917,-0.3871700520152765,1.7166319108976198,0.94968980550766,0.94968980550766,0.0512773795896305,2.3327514054295917,-0.3871700520152765,Hypoxic,0.40175946004654545,0.000671730349853803,0.1352672110085052,0.864061058641641
TAACGCGCACTCGCAT_E14S,E14S,Hypoxic Tumor,reverted_stable,-1.0771244357710874,-0.5114834996507647,0.0569192310024316,0.9574450850486756,0.9574450850486756,0.3134552151718676,-1.0771244357710874,-0.5114834996507647,Oxygenated,1.0549124797599128,0.46790261945362743,0.30244434303228435,0.2296530375140881
GGCCTAGTCCGTCCTA_E14S,E14S,Hypoxic Tumor,reverted_stable,-1.582815878223803,-1.40573780172094,0.6887350346428525,0.9400442838668824,0.9400442838668824,0.1760981815379809,-1.582815878223803,-1.40573780172094,Hypoxic,1.0939240597709374,0.305343895405422,0.31561692630804916,0.37903917828652883
CTCAAAGTCCCGCATC_E14S,E14S,Hypoxic Tumor,exiting_hypoxia,0.1255651029616978,-0.6271633239623208,0.7720533416509231,0.8812147974967957,0.8812147974967957,0.9553543976918808,0.1255651029616978,-0.6271633239623208,Hypoxic,1.0759007059185,0.24258517802939872,0.34424307394844694,0.41317174802215423
AGTACCATCAGCCATA_E14S,E14S,Tumor,entering_hypoxia,-1.0415865173526977,0.6618065985180069,0.4999169973280871,0.9460805058479308,0.9460805058479308,0.2922515818070771,-1.0415865173526977,0.6618065985180069,Ridge,1.0697601087320538,0.34794364413061535,0.42150671544665624,0.23054964042272838
ACGAAGGTCAGCACCG_E14S,E14S,Hypoxic Tumor,transitional,-0.2643478142336807,0.0410424640537575,-0.2948274650474993,0.9227427840232848,0.9227427840232848,0.5559330225344257,-0.2643478142336807,0.0410424640537575,Ridge,1.0932928226475758,0.34304598522050017,0.36938640892463337,0.28756760585486657
TGGCTTGGTTAGGCTT_E14S,E14S,Tumor,reverted_stable,-0.9307377914496964,-0.5394828701105181,0.0642808695209669,0.9436947703361512,0.9436947703361512,0.3860186997205694,-0.9307377914496964,-0.5394828701105181,Oxygenated,1.0617055126779387,0.4577791154538913,0.3027935259623094,0.2394273585837992
ACATATCAGTCAGTGC_E14S,E14S,Tumor,entering_hypoxia,-0.5637738447781399,0.5247548381444979,2.574628687418852,0.9310810565948486,0.9310810565948486,0.1562781190237838,-0.5637738447781399,0.5247548381444979,Ridge,1.0809172118819843,0.3314383080045005,0.41083211339776515,0.25772957859773427
GGACAGGCAAGCCAGC_E14S,E14S,Hypoxic Tumor,exiting_hypoxia,0.8761118880502332,-0.8647176066964332,0.743638050433112,0.942389726638794,0.942389726638794,0.5446644024010776,0.8761118880502332,-0.8647176066964332,Hypoxic,0.8190746800199533,0.061674256772193,0.29936113506530904,0.638964608162498
GTCCCGAAGCCATGCG_E14S,E14S,Hypoxic Tumor,entering_hypoxia,-0.5205487735271791,0.5462416101765617,1.0201228351796032,0.8978973627090454,0.8978973627090454,0.922731593597474,-0.5205487735271791,0.5462416101765617,Ridge,1.081027973820967,0.3204561816819818,0.4159133688356545,0.26363044948236375
AACACATTCATCACCT_E14S,E14S,Hypoxic Tumor,persistent_hypoxia,2.8035666283987664,-0.1708796322021738,0.1334074371780309,0.9421190619468688,0.9421190619468688,0.1754784927483073,2.8035666283987664,-0.1708796322021738,Hypoxic,0.3012572592228257,8.14294132825552e-05,0.08908542590913952,0.910833144677578
AGCGTAAGTAGCTTCG_E14S,E14S,Tumor,normoxic_stable,-1.309867065499861,0.3238462497159035,0.8388638527660147,0.9409283995628356,0.9409283995628356,0.3158837579695272,-1.309867065499861,0.3238462497159035,Oxygenated,1.0587594059695695,0.41943097196586715,0.3727758217527589,0.20779320628137393
CTGAATGTCCAGATTG_E14S,E14S,Hypoxic Tumor,entering_hypoxia,-1.4769116794067016,1.6091762531689011,1.1902265861447965,0.943466067314148,0.943466067314148,0.2303790262012293,-1.4769116794067016,1.6091762531689011,Ridge,0.9179696865586096,0.10934395464079823,0.5849584140379862,0.3056976313212156
CATGAACCATTAACCT_E14S,E14S,Tumor,persistent_hypoxia,0.4344836082429031,-0.2913803034578633,0.333667341904189,0.9332831501960754,0.9332831501960754,0.087113323446298,0.4344836082429031,-0.2913803034578633,Hypoxic,1.0274850040968362,0.1707248752349971,0.3721639582756894,0.45711116648931366
CAACCAGCAATCTCTG_E14S,E14S,Hypoxic Tumor,persistent_hypoxia,0.5228411965695133,-0.3789655318817468,-0.445648976779866,0.9165842533111572,0.9165842533111572,0.7953575898956274,0.5228411965695133,-0.3789655318817468,Hypoxic,1.0003336773945604,0.1476421895660142,0.3641062852840479,0.4882515251499379
AACGCGCCATCGATCC_E14S,E14S,Hypoxic Tumor,reverted_posthypoxic,-0.6459934883222532,-0.2509846389076244,-0.3935950247130381,0.9250763058662416,0.9250763058662416,0.490287872565987,-0.6459934883222532,-0.2509846389076244,Oxygenated,1.072088391163495,0.4316405449923216,0.3241486526220348,0.24421080238564374
TAACCTAGTTCGTGGC_E14S,E14S,Hypoxic Tumor,reverted_posthypoxic,-1.4918981692088975,-0.0397558727327642,1.7041354273962612,0.9598583579063416,0.9598583579063416,0.1214487776617173,-1.4918981692088975,-0.0397558727327642,Oxygenated,1.050029710599872,0.45533770588749134,0.3393307170737439,0.20533157703876478
TCATCTATCCGGGTTG_E14S,E14S,Hypoxic Tumor,exiting_hypoxia,1.9319367271569812,-1.1506977055412244,0.1714762883908415,0.9426547288894652,0.9426547288894652,0.1945052863406405,1.9319367271569812,-1.1506977055412244,Hypoxic,0.4157823422758168,0.0019475717825734626,0.138358175697241,0.8596942525201856
CCAAGTCAGCCAGGAA_E14S,E14S,Hypoxic Tumor,reverted_posthypoxic,-0.684739381152462,0.2501594446100484,-0.357196614884486,0.925446629524231,0.925446629524231,0.5041676594387617,-0.684739381152462,0.2501594446100484,Oxygenated,1.0752049632389564,0.3962856639993856,0.3682762626480664,0.23543807335254816
ACAGGTAGTCCCGTAA_E14S,E14S,Hypoxic Tumor,transitional,0.251851937121556,0.2634730679733068,0.2738227615765618,0.9325738549232484,0.9325738549232484,0.4257703127589218,0.251851937121556,0.2634730679733068,Ridge,1.0496037702077843,0.19322532860482902,0.41724123303512195,0.38953343836004906
CAAACTTAGTTGGTCA_E14S,E14S,Hypoxic Tumor,reverted_posthypoxic,-0.6778298697013017,-0.3058930086068193,0.6232425727473573,0.9468790888786316,0.9468790888786316,0.3636543208658888,-0.6778298697013017,-0.3058930086068193,Oxygenated,1.0703949973932316,0.43677740484367034,0.3195722161563404,0.2436503789999894
CGATAAGGTCAGCCTA_E14S,E14S,Tumor,entering_deep_hypoxia,0.5028797883274952,2.441011254024421,2.312487146108952,0.9277797937393188,0.9277797937393188,0.1431735557134457,0.5028797883274952,2.441011254024421,Hypoxic,0.706987976230998,0.003298579849472058,0.44365619390639804,0.5530452262441299
AATCCCAAGTGTCCGG_E14S,E14S,Hypoxic Tumor,reverted_stable,-1.3052987328386825,-0.9915277166901684,0.2785347587804406,0.9422928094863892,0.9422928094863892,0.2158230926023533,-1.3052987328386825,-0.9915277166901684,Oxygenated,1.0843301009389004,0.4136030176418633,0.302135063602233,0.28426191875590356
TCAAACTAGTGAGTAA_E14S,E14S,Hypoxic Tumor,reverted_stable,-0.6804610570949857,-0.7092587386201815,2.603292308954676,0.9398418068885804,0.9398418068885804,0.2954742133560064,-0.6804610570949857,-0.7092587386201815,Oxygenated,1.083230280263541,0.4157568674824269,0.3055948799735192,0.27864825254405384
CATTTCGCACTTACTG_E14S,E14S,Hypoxic Tumor,transitional,-0.3892208363571117,0.3765399197934307,0.1888896183454183,0.9563979506492616,0.9563979506492616,0.2999456688504034,-0.3892208363571117,0.3765399197934307,Ridge,1.0865894397193092,0.3280071103669755,0.39919642415783063,0.2727964654751938
GCATCACAGTCGAAGG_E14S,E14S,Tumor,entering_deep_hypoxia,3.128819977168966,0.4538455391340814,1.3396946486533603,0.9451758861541748,0.9451758861541748,0.1636835486730397,3.128819977168966,0.4538455391340814,Hypoxic,0.2556032814818079,1.2633641513607143e-05,0.07070124225492744,0.9292861241035589
TGGCCTGAGTTGGTGC_E14S,E14S,Hypoxic Tumor,reverted_posthypoxic,-1.734388297244336,-0.0589237455548789,1.0034477624027514,0.95749431848526,0.95749431848526,0.2858259031250129,-1.734388297244336,-0.0589237455548789,Oxygenated,1.0602096063334945,0.43210111914124616,0.3537310525922318,0.21416782826652195
CGCTCATCAAGCATTA_E14S,E14S,Tumor,entering_hypoxia,-1.982451839846103,0.9301154313278877,1.6133405217371826,0.9352113008499146,0.9352113008499146,0.107674769822684,-1.982451839846103,0.9301154313278877,Ridge,1.0289779265663015,0.22547861855580204,0.5130874080472733,0.2614339733969247
AAAGCCTCAGTAAGGA_E14S,E14S,Hypoxic Tumor,entering_hypoxia,-0.1401342018295323,0.5431814817548397,1.7667332585249549,0.944625973701477,0.944625973701477,0.2562157903590803,-0.1401342018295323,0.5431814817548397,Ridge,1.0726679091228097,0.24882679877443234,0.4337650839963307,0.3174081172292371
ACATGAGGTGCGTGTC_E14S,E14S,Hypoxic Tumor,entering_hypoxia,0.0793946023048264,0.554831716511312,-0.4013527078771344,0.9182444214820862,0.9182444214820862,0.7377912560692527,0.0793946023048264,0.554831716511312,Ridge,1.0496391380055188,0.19892598440038706,0.4431068894302212,0.3579671261693917
CACCTCATCCATAGAT_E14S,E14S,Tumor,entering_hypoxia,-0.0250326820549783,0.921144976027676,0.3626222493835747,0.9481891989707948,0.9481891989707948,0.2410019857997126,-0.0250326820549783,0.921144976027676,Ridge,1.0121727445898043,0.1596216186576461,0.4828360609690812,0.3575423203732727
AAACCCGCAATTCGCC_E14S,E14S,Hypoxic Tumor,entering_hypoxia,-0.1986197647676129,1.5960290410497542,0.2199335835337652,0.9493435621261596,0.9493435621261596,0.2714106904423317,-0.1986197647676129,1.5960290410497542,Ridge,0.8854471298469102,0.07056930243068968,0.544869033219972,0.3845616643493383
CTGCACCTCCAGGGTT_E14S,E14S,Hypoxic Tumor,persistent_hypoxia,1.3950177571514646,0.1481622583859685,1.5843891224513922,0.9641541242599488,0.9641541242599488,0.1580299959552312,1.3950177571514646,0.1481622583859685,Hypoxic,0.7077537320790068,0.01858737548330339,0.3141141703402139,0.6672984541764827
AACGCTCAGTTGGCCG_E14S,E14S,Hypoxic Tumor,entering_deep_hypoxia,1.40061012970116,1.08367648752547,0.6689258878450983,0.9455530643463136,0.9455530643463136,0.3884190256166817,1.40061012970116,1.08367648752547,Hypoxic,0.6855146990610488,0.007606798932237195,0.34462406412226665,0.6477691369454961
GCGTAGCCATCGGTAG_E14S,E14S,Tumor,reverted_stable,-0.6634809153154422,-1.071592291187479,0.6862990215365558,0.946208953857422,0.946208953857422,0.11123940921417,-0.6634809153154422,-1.071592291187479,Oxygenated,1.0963036289688648,0.35751968385969196,0.30325427644646646,0.3392260396938415
TATGTTGGTCATCACG_E14S,E14S,Hypoxic Tumor,entering_deep_hypoxia,1.692486751095725,1.142050339797791,0.3046914077764166,0.9466965794563292,0.9466965794563292,0.2216095471163448,1.692486751095725,1.142050339797791,Hypoxic,0.6203053465567984,0.002788838801058976,0.289911566981428,0.707299594217513
TCTCGCATCCTGACCC_E14S,E14S,Tumor,exiting_hypoxia,0.9387803859809524,-1.3616482228730158,0.6221915309726201,0.946720540523529,0.946720540523529,0.0988906773350491,0.9387803859809524,-1.3616482228730158,Hypoxic,0.6864718945307291,0.03279737279629992,0.24020895152028687,0.7269936756834132
GCGTCCTTCGCTAGAC_E14S,E14S,Hypoxic Tumor,persistent_hypoxia,0.5137105341638006,0.0869456191662869,1.096843178284373,0.9461205005645752,0.9461205005645752,0.2072870527442062,0.5137105341638006,0.0869456191662869,Hypoxic,1.0016736798822246,0.14208464894257652,0.40182244410768414,0.4560929069497395
CAGTATTAGTCAAGTT_E14S,E14S,Tumor,persistent_hypoxia,0.7370820512551183,0.3531554099977915,0.6810730926527581,0.9404046535491944,0.9404046535491944,0.1697808758962838,0.7370820512551183,0.3531554099977915,Hypoxic,0.9180630478658139,0.08368535164176276,0.4115124355079656,0.5048022128502716
GGTTAAGGTATGTGCT_E14S,E14S,Tumor,entering_hypoxia,-1.7343268321558318,0.4576394824875116,0.5034042510582976,0.9453763961791992,0.9453763961791992,0.2474564837253756,-1.7343268321558318,0.4576394824875116,Ridge,1.0664261758284186,0.36318668667800086,0.4156980660244746,0.22111524729752446
CAGTTTGAGGATTAAG_E14S,E14S,Hypoxic Tumor,reverted_posthypoxic,-0.4589985392927087,0.1921267212578017,-0.4472135432366536,0.9244001507759094,0.9244001507759094,0.5633790067528806,-0.4589985392927087,0.1921267212578017,Ridge,1.0857163850102278,0.3678506665387983,0.37286125321195474,0.259288080249247
TCTCATATCCAGATGC_E14S,E14S,Tumor,entering_deep_hypoxia,1.2503236525869443,0.870760814708413,0.177378619152434,0.9458580017089844,0.9458580017089844,0.3027437375462946,1.2503236525869443,0.870760814708413,Hypoxic,0.7309321119887124,0.01549990123039553,0.36851800203780166,0.6159820967318029
TCCACATTCTGTCACT_E14S,E14S,Hypoxic Tumor,reverted_posthypoxic,-0.4351956449811199,-0.3775740646284563,2.0711087293345964,0.9460614919662476,0.9460614919662476,0.2056617797752346,-0.4351956449811199,-0.3775740646284563,Oxygenated,1.0883908628996672,0.3942674500201315,0.32800924014218,0.27772330983768856
ACGAGTGAGGCGCATT_E14S,E14S,Hypoxic Tumor,reverted_posthypoxic,-0.8778956830355257,-0.2034363874169232,1.1452549113426485,0.9413959980010986,0.9413959980010986,0.3911391944733408,-0.8778956830355257,-0.2034363874169232,Oxygenated,1.0564410901377466,0.4583972351692384,0.31907337311787437,0.22252939171288727
ACTTTAGGTCAAGGGT_E14S,E14S,Hypoxic Tumor,entering_deep_hypoxia,1.100977905196528,1.009204287538421,0.1949181615959185,0.9413127303123474,0.9413127303123474,0.1829738670577934,1.100977905196528,1.009204287538421,Hypoxic,0.7565467380552768,0.01920496661210189,0.3961731523458522,0.5846218810420459
AGTCGATCACATGCTC_E14S,E14S,Hypoxic Tumor,reverted_stable,-1.0955484880382949,-0.417623108122351,-0.1149729709057531,0.924414038658142,0.924414038658142,0.5142470664801777,-1.0955484880382949,-0.417623108122351,Oxygenated,1.0507614996285064,0.4722845211698846,0.3056051682239922,0.2221103106061232
ATGTTAGCAGGGACTC_E14S,E14S,Hypoxic Tumor,persistent_hypoxia,0.3301100883630362,-0.2963085499267813,-0.13851870468719,0.925715982913971,0.925715982913971,0.5093873459023741,0.3301100883630362,-0.2963085499267813,Hypoxic,1.0515961066650759,0.19836307615899354,0.3712649752476586,0.430371948593348
AACGCTCAGGTCACGT_E14S,E14S,Hypoxic Tumor,persistent_hypoxia,0.3318971632558742,-0.148509630594087,-0.3224819045006666,0.927014172077179,0.927014172077179,0.477268644657042,0.3318971632558742,-0.148509630594087,Hypoxic,1.0515656191178346,0.19650835083093174,0.38277604107961566,0.4207156080894527
AGGTTCGCATCCCAAC_E14S,E14S,Hypoxic Tumor,transitional,-0.2119991896619284,-0.1572187616139259,-0.0875427185861697,0.9378366470336914,0.9378366470336914,0.4037248199096528,-0.2119991896619284,-0.1572187616139259,Ridge,1.096180993127407,0.3424211126727576,0.3559504178374205,0.3016284694898219
GTGCCCAAGGAGTCGA_E14S,E14S,Hypoxic Tumor,entering_hypoxia,-0.0371990514301259,1.2903926190503685,-0.1413134144776417,0.9486963152885436,0.9486963152885436,0.2615875339904468,-0.0371990514301259,1.2903926190503685,Ridge,0.938208906014927,0.09982215544000785,0.5185011015369556,0.3816767430230365
TAGCTGATCGACCAGT_E14S,E14S,Hypoxic Tumor,entering_hypoxia,-0.7209801961261649,1.4240647373683009,0.1004201999567862,0.9420152902603148,0.9420152902603148,0.3493080151509528,-0.7209801961261649,1.4240647373683009,Ridge,0.9678683621389644,0.13795813856004527,0.5457192844786747,0.3163225769612801
ACGGGCAGTAAGCGCG_E14S,E14S,Hypoxic Tumor,entering_hypoxia,-0.9542993123460228,0.9626345485428096,0.5238050637480999,0.9382418990135192,0.9382418990135192,0.3823427222811063,-0.9542993123460228,0.9626345485428096,Ridge,1.0558241354064979,0.26752495544436994,0.4748015628258907,0.2576734817297392
TAGCTAGTCCCAGTCC_E14S,E14S,Hypoxic Tumor,entering_hypoxia,-1.1817353853634631,1.728906910157077,0.9775339911865684,0.9467065930366516,0.9467065930366516,0.2118652249695656,-1.1817353853634631,1.728906910157077,Ridge,0.8943128523242595,0.09016290586436602,0.5875778188970121,0.32225927523862197
ACGCTTGGTTCCGTGA_E14S,E14S,Hypoxic Tumor,exiting_hypoxia,0.1523792954738043,-0.8346618095715629,1.0917783881239589,0.9406426548957824,0.9406426548957824,0.4462326172559668,0.1523792954738043,-0.8346618095715629,Hypoxic,1.0569210324608576,0.21681001723308801,0.33304986071145865,0.45014012205545334
GTAGGCGGTGATTCCG_E14S,E14S,Hypoxic Tumor,reverted_posthypoxic,-0.5289385370013787,0.3820988230267467,-0.5660195371680009,0.9272704720497132,0.9272704720497132,0.5309268689292528,-0.5289385370013787,0.3820988230267467,Ridge,1.0832255105527402,0.3521297770063698,0.3924442315167729,0.25542599147685735
TGTATCAGTAACGACA_E14S,E14S,Hypoxic Tumor,exiting_hypoxia,0.5245322781665944,-1.59076848912381,0.5732616782269131,0.9286578297615052,0.9286578297615052,0.5072738954918738,0.5245322781665944,-1.59076848912381,Hypoxic,0.7726989092996414,0.05874702492308367,0.2543383700598106,0.6869146050171058
ACGAATGGTGATGCAA_E14S,E14S,Hypoxic Tumor,entering_hypoxia,-1.1109571872135764,0.4666982147524072,-0.4165103446485278,0.9200035333633424,0.9200035333633424,0.6061119278880415,-1.1109571872135764,0.4666982147524072,Oxygenated,1.0658601199092081,0.39290859180968585,0.39001243648027484,0.21707897171003926
GTGCATATCAGTAATC_E14S,E14S,Tumor,entering_hypoxia,-0.8810924216749121,0.8972378218272783,0.6905967665885807,0.9379060864448548,0.9379060864448548,0.0792222130125594,-0.8810924216749121,0.8972378218272783,Ridge,1.0618284200123183,0.2801622863062655,0.46349355657861957,0.256344157115115
CATATCTCACTCAAGG_E14S,E14S,Hypoxic Tumor,entering_hypoxia,-0.8840775168393021,0.4655825723630107,-0.2467158738878826,0.9198381900787354,0.9198381900787354,0.5863568397619293,-0.8840775168393021,0.4655825723630107,Ridge,1.0717001363332315,0.3809053068526255,0.3914471985474156,0.2276474945999589
TGAGGAACAATGCCAG_E14S,E14S,Tumor,entering_hypoxia,-1.6679672203279758,0.9325542425260608,0.4953006882098351,0.9469154477119446,0.9469154477119446,0.2220253285134687,-1.6679672203279758,0.9325542425260608,Ridge,1.0455017900226669,0.2613928326882747,0.491158505962396,0.2474486613493295
AACATCACAAATCACA_E14S,E14S,Tumor,persistent_hypoxia,1.5081253072667995,0.2675780280460219,0.4572965035430621,0.9478529691696168,0.9478529691696168,0.4209035428625317,1.5081253072667995,0.2675780280460219,Hypoxic,0.674830897509239,0.012497053003794509,0.30154287369591476,0.6859600733002907
CTCATAGAGTGACCCG_E14S,E14S,Hypoxic Tumor,reverted_posthypoxic,-1.162869271783019,0.044571916957703,-0.0736313100722219,0.9267474412918092,0.9267474412918092,0.5218303800315297,-1.162869271783019,0.044571916957703,Oxygenated,1.049552018613973,0.45732390157885877,0.3371093784831031,0.2055667199380382
TGTAGGTCATCACGAG_E14S,E14S,Hypoxic Tumor,reverted_posthypoxic,-1.343711562911868,-0.2605525979745944,0.4064739480117012,0.9340961575508118,0.9340961575508118,0.4005262672986977,-1.343711562911868,-0.2605525979745944,Oxygenated,1.04577980933465,0.4732202651281875,0.31719314793084485,0.20958658694096785
CACGGTTAGCCTACCC_E14S,E14S,Hypoxic Tumor,transitional,-0.3817139489257226,-0.2523789994202413,0.0441577754290679,0.9212523102760316,0.9212523102760316,0.5898602714729662,-0.3817139489257226,-0.2523789994202413,Oxygenated,1.0901022108956748,0.38355286108125625,0.33841989859987903,0.2780272403188646
ATTCGGGCATTGCCGT_E14S,E14S,Hypoxic Tumor,entering_deep_hypoxia,1.3896524305646254,0.4359070625564674,-0.4568624516345973,0.9298689961433412,0.9298689961433412,0.5091407218121918,1.3896524305646254,0.4359070625564674,Hypoxic,0.7097401654552918,0.016004596042032086,0.32997374064907614,0.6540216633088918
ATGGACTCATGCGTAG_E14S,E14S,Hypoxic Tumor,reverted_stable,-0.5765248288527369,-0.7183997763897054,1.059393585238985,0.9284833669662476,0.9284833669662476,0.5897474724748267,-0.5765248288527369,-0.7183997763897054,Oxygenated,1.0890587158812108,0.3985805127864773,0.3092998806554753,0.29211960655804725
ACCATCAAGGTCAATT_E14S,E14S,Hypoxic Tumor,exiting_hypoxia,-0.2454996617508889,-0.4253226409064535,0.525050164388845,0.9370551109313964,0.9370551109313964,0.4482950352401049,-0.2454996617508889,-0.4253226409064535,Oxygenated,1.0974538907221283,0.3509702224029092,0.33679022354396243,0.3122395540531282
TCGCAAATCCTGATCT_E14S,E14S,Hypoxic Tumor,exiting_hypoxia,0.0045481853568378,-0.7589552774132812,-0.1965434488829336,0.926828682422638,0.926828682422638,0.4731376808114851,0.0045481853568378,-0.7589552774132812,Hypoxic,1.0839387354279606,0.26359424853894325,0.3334673920002432,0.4029383594608134
CATTAACAGAACGAAC_E14S,E14S,Hypoxic Tumor,persistent_hypoxia,0.7687086844492156,-0.2524488345407941,2.4721509831379898,0.9493942856788636,0.9493942856788636,0.2039501518870857,0.7687086844492156,-0.2524488345407941,Hypoxic,0.923068388359347,0.09485022037711985,0.3627380883425868,0.5424116912802932
CACATTGAGGATGTGG_E14S,E14S,Tumor,normoxic_stable,-1.437403193149973,-0.3344692537280944,1.1057211478297382,0.9245175719261168,0.9245175719261168,0.0502188658931285,-1.437403193149973,-0.3344692537280944,Oxygenated,1.0488781852972326,0.4695789491658574,0.31674219965773653,0.21367885117640606
TGCTGGGTCCAGAGGA_E14S,E14S,Hypoxic Tumor,exiting_hypoxia,-0.0938339598963275,-1.7543894315499513,0.300841199254764,0.957264482975006,0.957264482975006,0.3359773101757636,-0.0938339598963275,-1.7543894315499513,Hypoxic,0.9099028148351611,0.11793540712631638,0.274726419619035,0.6073381732546486
CGCATAGCACAAGGAA_E14S,E14S,Hypoxic Tumor,persistent_hypoxia,0.8683156369093409,-0.1549914866695215,0.0613337822602779,0.9501817226409912,0.9501817226409912,0.3376804689500401,0.8683156369093409,-0.1549914866695215,Hypoxic,0.8891941372381302,0.07670806403764474,0.3625508197164221,0.5607411162459331
TAGGGTGAGCTGGGTT_E14S,E14S,Hypoxic Tumor,reverted_posthypoxic,-1.0574438627510496,0.0571495365696526,0.9646530795302882,0.9584132432937622,0.9584132432937622,0.3490403557414869,-1.0574438627510496,0.0571495365696526,Oxygenated,1.0524241106532939,0.45312391772781646,0.3379974089194851,0.20887867335269844
GCCAAATCATGACCAG_E14S,E14S,Hypoxic Tumor,exiting_hypoxia,0.253596137669012,-0.600085239967232,1.3661630025099083,0.9411495923995972,0.9411495923995972,0.1060159628384306,0.253596137669012,-0.600085239967232,Hypoxic,1.0557627652157335,0.2095154060585585,0.3487849218430734,0.441699672098368
ACGCCCAAGTCAGTCA_E14S,E14S,Hypoxic Tumor,exiting_hypoxia,0.3128894741140179,-0.8605750370231323,1.5492832087834587,0.9508783221244812,0.9508783221244812,0.0907573992795627,0.3128894741140179,-0.8605750370231323,Hypoxic,1.0179383364933274,0.1733946232741863,0.3316224956345914,0.49498288109122224
CACAAGCTCCATGTCT_E14S,E14S,Hypoxic Tumor,reverted_posthypoxic,-0.7033819388230912,-0.0503746948262564,1.259890430580538,0.9446593523025512,0.9446593523025512,0.4093825980397244,-0.7033819388230912,-0.0503746948262564,Oxygenated,1.0684075460406093,0.43117064188779525,0.33629570402476666,0.23253365408743806
GCGAGTAAGCCTAGAC_E14S,E14S,Hypoxic Tumor,entering_hypoxia,-0.3415546576808833,0.4579736584420321,-0.1761270970613169,0.9276037812232972,0.9276037812232972,0.5310401736213611,-0.3415546576808833,0.4579736584420321,Ridge,1.084544985839468,0.30507079087787375,0.41249507340179403,0.2824341357203322
TGTATGACAAGTATCA_E14S,E14S,Hypoxic Tumor,transitional,-0.4032537767012656,0.3338484775182667,-0.5742246024828344,0.9175950884819032,0.9175950884819032,0.5629898092042344,-0.4032537767012656,0.3338484775182667,Ridge,1.0870161901262398,0.33744402454344113,0.39297600352153716,0.2695799719350216
CTTGGATGTTTGGTTA_E14S,E14S,Tumor,entering_hypoxia,-0.7644416461980036,0.4338108189423908,-0.1738509020160689,0.93906831741333,0.93906831741333,0.2213397639416731,-0.7644416461980036,0.4338108189423908,Ridge,1.0752105297126993,0.3754911969358544,0.38983718479359264,0.23467161827055283
CATTGGATCACGTACA_E14S,E14S,Hypoxic Tumor,entering_hypoxia,-1.800128980918434,1.242230935974328,-0.0867781668105826,0.9458297491073608,0.9458297491073608,0.3040078100781703,-1.800128980918434,1.242230935974328,Ridge,0.9874346666944129,0.17249019483347586,0.5503679459812871,0.2771418591852369
ATCGCATGTTGGTAGA_E14S,E14S,Hypoxic Tumor,entering_hypoxia,0.0721996924492834,0.4109902820674238,0.530439808707082,0.9496795535087584,0.9496795535087584,0.3400622490576516,0.0721996924492834,0.4109902820674238,Ridge,1.064284442038846,0.22052399088263194,0.42704965611209783,0.35242635300527014
CTTCATATCATGTGGC_E14S,E14S,Hypoxic Tumor,entering_hypoxia,-0.7818703795593357,0.8139715899021409,0.6987444943093009,0.9370457530021667,0.9370457530021667,0.3786944121796652,-0.7818703795593357,0.8139715899021409,Ridge,1.0679872926384049,0.29317435986701146,0.4503212288172243,0.2565044113157642
TCAAATGCACATTGAA_E14S,E14S,Hypoxic Tumor,entering_hypoxia,-1.8657466645255132,2.185070703782289,0.9779662107833094,0.9464302659034728,0.9464302659034728,0.3170517074798955,-1.8657466645255132,2.185070703782289,Ridge,0.7635326594475074,0.02616443072461481,0.6122456418751496,0.3615899274002355
TGCCTCTGTGATGCAA_E14S,E14S,Tumor,entering_hypoxia,-2.2336590720268936,0.9485977035113116,0.9073535859968274,0.944018006324768,0.944018006324768,0.2073312391353445,-2.2336590720268936,0.9485977035113116,Ridge,1.0023672239347985,0.18384989351450753,0.5355982074675875,0.280551899017905
CATCTCACACATACGG_E14S,E14S,Hypoxic Tumor,exiting_hypoxia,-0.0126480271122642,-1.0578260261648067,0.2566119720000881,0.960645079612732,0.960645079612732,0.2394977624214185,-0.0126480271122642,-1.0578260261648067,Hypoxic,1.060936291370903,0.22883141069234733,0.31928262966656945,0.45188595964108325
TGCCAGGTCCGCTACC_E14S,E14S,Hypoxic Tumor,entering_hypoxia,-0.7929916721524338,1.2948324754486118,0.5207413793992753,0.9433284997940063,0.9433284997940063,0.3650297155982985,-0.7929916721524338,1.2948324754486118,Ridge,1.0005140857095016,0.1721832874259308,0.5293283623475624,0.2984883502265069
GTGTTCCCATCGTTCA_E14S,E14S,Hypoxic Tumor,entering_hypoxia,-1.7290649389741808,1.399469636128454,0.7684333797047124,0.9389911890029908,0.9389911890029908,0.3792132319860507,-1.7290649389741808,1.399469636128454,Ridge,0.9567385101033045,0.14206681888178288,0.5691054705670854,0.2888277105511316
GGTCGGTCATTAACTC_E14S,E14S,Hypoxic Tumor,reverted_posthypoxic,-0.8778316777627768,0.0111645604712642,-0.4039293705348591,0.9322199821472168,0.9322199821472168,0.4237713945812554,-0.8778316777627768,0.0111645604712642,Oxygenated,1.0588196855148198,0.4457378494342259,0.33602661889930957,0.2182355316664645
CATCCCTGTTGAGCCC_E14S,E14S,Hypoxic Tumor,transitional,-0.0882014603140755,-0.1041866750902343,0.2448642985818699,0.9238857626914978,0.9238857626914978,0.6285699049171399,-0.0882014603140755,-0.1041866750902343,Ridge,1.0957926522885533,0.3090747199827655,0.36805537048190357,0.32286990953533096
CGCATAATCCGTATAG_E14S,E14S,Hypoxic Tumor,entering_hypoxia,-0.2148686638738107,1.259628628651076,-0.3664637285051703,0.9145777225494384,0.9145777225494384,0.9264384490786912,-0.2148686638738107,1.259628628651076,Ridge,0.9678586465324,0.1253709045221231,0.5203936149287735,0.3542354805491034
TGACGTTGTTGAGCTT_E14S,E14S,Hypoxic Tumor,reverted_stable,-1.0521508875750878,-0.6048481813771339,-0.3580449646087299,0.930698037147522,0.930698037147522,0.4437431806679521,-1.0521508875750878,-0.6048481813771339,Oxygenated,1.0603628147904653,0.46074141528683377,0.3002469387698679,0.23901164594329818
GCCCTAAGTTAGTGCT_E14S,E14S,Hypoxic Tumor,persistent_hypoxia,0.3868930696202861,0.3450586400504143,0.2836899279505173,0.9441895484924316,0.9441895484924316,0.3497557979187591,0.3868930696202861,0.3450586400504143,Ridge,1.0156350466153934,0.1536660381302259,0.4256693968419631,0.420664565027811
TCCTTCCTCCCCAGAG_E14S,E14S,Tumor,exiting_hypoxia,0.6468832880836757,-0.5159296023236767,0.219346539134221,0.9533824324607848,0.9533824324607848,0.4013544015240132,0.6468832880836757,-0.5159296023236767,Hypoxic,0.9515286234288798,0.11591411211229712,0.34842607573558604,0.5356598121521169
CTACCCTGTTGAATGG_E14S,E14S,Hypoxic Tumor,exiting_hypoxia,0.6012253938117974,-0.7137464924174656,-0.3915007157645035,0.9289371371269226,0.9289371371269226,0.4747657462145585,0.6012253938117974,-0.7137464924174656,Hypoxic,0.9472355097357443,0.11737220380536162,0.3342967034790528,0.5483310927155856
CAAGCGAAGCAGGGAC_E14S,E14S,Hypoxic Tumor,entering_deep_hypoxia,1.5105224838402762,0.6447005979155959,0.2376300796552096,0.8699643015861511,0.8699643015861511,0.6927602591515779,1.5105224838402762,0.6447005979155959,Hypoxic,0.6734974072123066,0.00932149506075802,0.31650236636569096,0.674176138573551
AGCGATGAGCGCTGCA_E14S,E14S,Hypoxic Tumor,reverted_posthypoxic,-1.132419022183567,-0.1429674742550407,-0.3309617190537022,0.9291966557502748,0.9291966557502748,0.4717857031328417,-1.132419022183567,-0.1429674742550407,Oxygenated,1.0465162779351713,0.4703916106608906,0.3208984731136978,0.20870991622541174
CACCAATGTCTGTGAT_E14S,E14S,Hypoxic Tumor,entering_hypoxia,-0.8008793286274943,1.0647187697842495,-0.3383985785113733,0.9157429337501526,0.9157429337501526,0.9050429430431716,-0.8008793286274943,1.0647187697842495,Ridge,1.0424090853355248,0.2307288284333743,0.49303018656570075,0.276240985000925
GTTGCAATCGTGCGAT_E14S,E14S,Hypoxic Tumor,reverted_posthypoxic,-0.4315244548202384,-0.2934975396528367,-0.177727238878319,0.9155641794204712,0.9155641794204712,0.677317626195833,-0.4315244548202384,-0.2934975396528367,Oxygenated,1.087524281307903,0.39420696308617426,0.33287652793052275,0.272916508983303
AAATGCAAGGGTATGG_E14S,E14S,Hypoxic Tumor,entering_hypoxia,-0.6790579185340784,2.3546918185902066,-0.1308382662679313,0.9478174448013306,0.9478174448013306,0.2500185978242553,-0.6790579185340784,2.3546918185902066,Ridge,0.7565174129682222,0.017756628638919674,0.5723505747391558,0.40989279662192446
CACCCAAGTCTTGCTC_E14S,E14S,Hypoxic Tumor,transitional,-0.3847867471597501,0.0136410089766004,1.674716087813226,0.9657421112060548,0.9657421112060548,0.1596564707301898,-0.3847867471597501,0.0136410089766004,Oxygenated,1.0889341418154759,0.37163227253446235,0.3590740995328658,0.2692936279326718
CGCCTGAAGCAACCAC_E14S,E14S,Hypoxic Tumor,entering_hypoxia,-1.1410703236121422,0.5688598897304716,1.341538223156471,0.9505448937416076,0.9505448937416076,0.2432674510202848,-1.1410703236121422,0.5688598897304716,Ridge,1.0676259036310494,0.37210043437161466,0.4064543706502743,0.22144519497811108
TAGCGGTTCCTGAGTA_E14S,E14S,Hypoxic Tumor,transitional,0.007687916619742,-0.3360913093166484,1.580548454749802,0.9352479577064514,0.9352479577064514,0.583889510207219,0.007687916619742,-0.3360913093166484,Ridge,1.0937167609434602,0.28727599453488134,0.3567725562109587,0.35595144925415995
TGACGGTTCCCCATGC_E14S,E14S,Hypoxic Tumor,transitional,0.2802506937699466,-0.1405833267483979,1.8529715974608805,0.944941222667694,0.944941222667694,0.36414057697725,0.2802506937699466,-0.1405833267483979,Hypoxic,1.0613155568712036,0.21026582271602492,0.38237742533192104,0.4073567519520541
GTCTCGCTCGCTTGGG_E14S,E14S,Hypoxic Tumor,entering_hypoxia,-0.8122855818593563,0.5577454094384351,-0.4644991384001994,0.9175103306770324,0.9175103306770324,0.8116878239355326,-0.8122855818593563,0.5577454094384351,Ridge,1.074811728527894,0.3556119806330044,0.4072006997405652,0.23718731962643047
GTTGATTAGCCTGTGG_E14S,E14S,Hypoxic Tumor,reverted_posthypoxic,-0.7877669871423042,-0.2483602102660091,-0.4547934768072822,0.9314739108085632,0.9314739108085632,0.4243115943899572,-0.7877669871423042,-0.2483602102660091,Oxygenated,1.0621705031523963,0.45030194284777125,0.31877498979174806,0.23092306736048068
GTCCGATAGTCAGTTG_E14S,E14S,Hypoxic Tumor,reverted_stable,-1.1208289302648324,-0.4905335981387003,-0.1593683306126654,0.9330359101295472,0.9330359101295472,0.4970495017526889,-1.1208289302648324,-0.4905335981387003,Oxygenated,1.0529148816450846,0.470385700836767,0.3031722298894752,0.22644206927375785
ACCCGTTCAGGATAGA_E14S,E14S,Hypoxic Tumor,persistent_hypoxia,1.1342353925877742,0.2055170239588512,0.3386406973304258,0.9261077642440796,0.9261077642440796,0.5425299379958494,1.1342353925877742,0.2055170239588512,Hypoxic,0.7936013646013801,0.037000961023703365,0.3576980942386569,0.6053009447376397
GTGGTTATCCGCAACG_E14S,E14S,Tumor Proliferating,entering_hypoxia,-0.2235927875177972,1.3126331512864182,1.2040543074112182,0.9316596388816832,0.9316596388816832,0.1698571579712002,-0.2235927875177972,1.3126331512864182,Ridge,0.9566097279073356,0.11682675802323003,0.5256833228633544,0.35748991911341554
GTCTCACCAAGTGTAC_E14S,E14S,Hypoxic Tumor,transitional,0.1589456450612452,-0.0055809273433156,1.4696827977652394,0.9392102360725404,0.9392102360725404,0.4780719762302529,0.1589456450612452,-0.0055809273433156,Ridge,1.076676179202319,0.23784052660617178,0.38959854421245255,0.3725609291813757
TCAAATGCAATAGACC_E14S,E14S,Hypoxic Tumor,entering_hypoxia,-1.0960878864416057,0.6987935872903983,-0.1434259244929474,0.9319357872009276,0.9319357872009276,0.4635484557215539,-1.0960878864416057,0.6987935872903983,Ridge,1.0685376478355266,0.3409647671091371,0.42809111520219584,0.230944117688667
GCATCAATCAGGTCAC_E14S,E14S,Hypoxic Tumor,reverted_posthypoxic,-1.5984971814837732,0.2446002805885742,0.2202243499978864,0.937658965587616,0.937658965587616,0.3769158770606752,-1.5984971814837732,0.2446002805885742,Oxygenated,1.060210375428014,0.414549966311516,0.3760750121783147,0.2093750215101693
CACCATCCATTCAACT_E14S,E14S,Hypoxic Tumor,exiting_hypoxia,0.1987698950263651,-0.8209926561020545,0.0787648925006984,0.92730051279068,0.92730051279068,0.6263856632155949,0.1987698950263651,-0.8209926561020545,Hypoxic,1.0491948712345271,0.20619762013358553,0.3343411155225426,0.45946126434387186
GGTGCATTCGAGGTCT_E14S,E14S,Hypoxic Tumor,reverted_posthypoxic,-1.0939460701808308,-0.3669004704414503,-0.5929554725285744,0.9224727749824524,0.9224727749824524,0.4798138933583065,-1.0939460701808308,-0.3669004704414503,Oxygenated,1.0493448370555307,0.47323243432956075,0.30771176015181534,0.21905580551862386
GGCTATTGTGCGGACA_E14S,E14S,Hypoxic Tumor,reverted_posthypoxic,-1.037015608291541,0.1645459145796414,-0.0723789251590064,0.9275383949279784,0.9275383949279784,0.434501591903945,-1.037015608291541,0.1645459145796414,Oxygenated,1.0566614118409927,0.4399710684584489,0.3495386379079119,0.21049029363363908
CTTGACCCAGGATGGG_E14S,E14S,Hypoxic Tumor,exiting_hypoxia,0.3335717368321829,-0.6337535899867779,0.0735628366717702,0.92402982711792,0.92402982711792,0.5499693996652418,0.3335717368321829,-0.6337535899867779,Hypoxic,1.0359023424627265,0.1861633351846192,0.34712534090015285,0.46671132391522796
TGCCGATAGGCTAGAG_E14S,E14S,Hypoxic Tumor,entering_hypoxia,-1.0378189113791705,0.5782699116099734,-0.1922908543455674,0.9261139631271362,0.9261139631271362,0.4882747450222818,-1.0378189113791705,0.5782699116099734,Ridge,1.0696017270489901,0.3668872803486299,0.4075299860471273,0.22558273360424294
TCTCACTAGCGCTGTG_E14S,E14S,Hypoxic Tumor,reverted_posthypoxic,-1.0758975515600515,-0.2894964148269126,-0.1038044481004572,0.9251952171325684,0.9251952171325684,0.5415978348731593,-1.0758975515600515,-0.2894964148269126,Oxygenated,1.0483650116633825,0.472763059317989,0.31151430711518796,0.21572263356682317
GGACGGACAGGAGCCT_E14S,E14S,Hypoxic Tumor,reverted_stable,-1.1270580770651,-0.9932906584922356,1.89577600486758,0.9382914900779724,0.9382914900779724,0.3960904066325776,-1.1270580770651,-0.9932906584922356,Oxygenated,1.0848620072807438,0.4125597631239651,0.29906352387102864,0.28837671300500634
CCTAGCCTCACCAGCG_E14S,E14S,Hypoxic Tumor,reverted_stable,-0.6041300149153146,-0.5377612062598607,0.9845369399860472,0.8887869119644165,0.8887869119644165,0.9130314270829524,-0.6041300149153146,-0.5377612062598607,Oxygenated,1.0811564257310546,0.41860216872138695,0.3127522741273649,0.2686455571512483
ACGGCCATCCGTATAG_E14S,E14S,Hypoxic Tumor,entering_hypoxia,-0.2769638807235295,0.4131587262510835,0.3220112452871049,0.9299211502075196,0.9299211502075196,0.5696198887256934,-0.2769638807235295,0.4131587262510835,Ridge,1.0856750222414162,0.29950211051206055,0.4102075777512056,0.29029031173673386
ACGCGCATCCAGCTAA_E14S,E14S,Hypoxic Tumor,entering_hypoxia,-0.1734437941306196,0.9269116339133024,-0.3374218223401334,0.9155004620552064,0.9155004620552064,0.9012812261410116,-0.1734437941306196,0.9269116339133024,Ridge,1.0291571956908785,0.18348783934621316,0.4821457457527784,0.3343664149010084
AAACTCCGTTAGCGAA_E14S,E14S,Hypoxic Tumor,reverted_posthypoxic,-0.7181115815614268,0.3680988893900885,-0.5949966366874743,0.920406937599182,0.920406937599182,0.6044830155233387,-0.7181115815614268,0.3680988893900885,Ridge,1.0759448141676573,0.3818834136751412,0.38220944641681515,0.23590713990804368
AACCTTAGTTTGAGCT_E14S,E14S,Hypoxic Tumor,reverted_posthypoxic,-0.878585076840571,-0.2977261780766171,-0.0089163803470302,0.9562734961509703,0.9562734961509703,0.4513941767330815,-0.878585076840571,-0.2977261780766171,Oxygenated,1.057132351152738,0.4601269635171525,0.31344440394215234,0.22642863254069515
TGTCCGCTCAAGTTCG_E14S,E14S,Hypoxic Tumor,exiting_hypoxia,-0.1763572926962587,-0.7001163196777831,1.842393025142151,0.9512609839439392,0.9512609839439392,0.1141744297692218,-0.1763572926962587,-0.7001163196777831,Hypoxic,1.0973921375438114,0.3159695436936078,0.32848187004496354,0.35554858626142855
AAGCACCTCCGTCATT_E14S,E14S,Hypoxic Tumor,reverted_posthypoxic,-1.2819027273742425,-0.1556616706759814,0.1372887817108596,0.9500356316566468,0.9500356316566468,0.3178324798692987,-1.2819027273742425,-0.1556616706759814,Oxygenated,1.0450436771138025,0.4714818370060145,0.32222044563038416,0.20629771736360136
CCACTATTCAGCATAT_E14S,E14S,Hypoxic Tumor,entering_hypoxia,-1.1904779714070957,0.873042845468717,0.0400767243942316,0.9341907501220704,0.9341907501220704,0.41721398538584,-1.1904779714070957,0.873042845468717,Ridge,1.0608999052471124,0.2982504040440991,0.4605921360127523,0.24115745994314863
AAGTGTCCATAGGTAC_E14S,E14S,Hypoxic Tumor,exiting_hypoxia,2.0663328917543087,-1.0175007681832755,1.5593890751426438,0.9572194814682008,0.9572194814682008,0.0742779884427888,2.0663328917543087,-1.0175007681832755,Hypoxic,0.399928678848944,0.0013410197219559069,0.1318605956677024,0.8667983846103418
TCATAGGTCAAGTCCA_E14S,E14S,Hypoxic Tumor,exiting_hypoxia,0.2808880805111673,-1.3472635013308931,0.6894495921225173,0.9158064126968384,0.9158064126968384,0.520990095558679,0.2808880805111673,-1.3472635013308931,Hypoxic,0.9315723291549696,0.12201291301312207,0.2952913972955634,0.5826956896913145
CTATGCAAGCTGAGTC_E14S,E14S,Hypoxic Tumor,exiting_hypoxia,0.6663827208066576,-1.5733128232048823,0.7181414227826597,0.9284235835075378,0.9284235835075378,0.7098706189490966,0.6663827208066576,-1.5733128232048823,Hypoxic,0.7269848854280014,0.045349956522895994,0.2437925574443457,0.7108574860327583
GGGACACAGCCGATGT_E14S,E14S,Hypoxic Tumor,entering_deep_hypoxia,1.0057646099266109,0.9497727917474672,-0.5256302958027189,0.9194914698600768,0.9194914698600768,0.7244900666379472,1.0057646099266109,0.9497727917474672,Hypoxic,0.7842937853504779,0.026293120076883992,0.40982385443816866,0.5638830254849473
GCGATGTTCACACCAA_E14S,E14S,Hypoxic Tumor,exiting_hypoxia,0.2740212851998169,-1.230528069760964,-0.057273563940781,0.9276317358016968,0.9276317358016968,0.562313251308082,0.2740212851998169,-1.230528069760964,Hypoxic,0.9629544521736444,0.13895121897493057,0.30533508590468356,0.5557136951203858
GCCGGTTGTAGTTAGG_E14S,E14S,Hypoxic Tumor,reverted_posthypoxic,-0.9128706380447384,-0.3834871469260506,-0.097713265432733,0.9477709531784058,0.9477709531784058,0.0686924903850186,-0.9128706380447384,-0.3834871469260506,Oxygenated,1.0569731792219972,0.4625095837045214,0.3085596869835898,0.22893072931188874
AATTACGCAAGTGGCC_E14S,E14S,Hypoxic Tumor,exiting_hypoxia,0.5596857392547844,-0.511116638073929,0.3613634431317775,0.9264893531799316,0.9264893531799316,0.6559870574197184,0.5596857392547844,-0.511116638073929,Hypoxic,0.9812705657713336,0.1355744212286119,0.3525927583166953,0.5118328204546928
GCATTCCCACTTACTG_E14S,E14S,Hypoxic Tumor,entering_hypoxia,-0.6369261748585426,0.5537642915319231,-0.5654613397939879,0.9145666360855104,0.9145666360855104,0.8942353431692491,-0.6369261748585426,0.5537642915319231,Ridge,1.0790280790905498,0.33608135804416733,0.4121557058424944,0.2517629361133383
GCTTGCCTCCAGGTGT_E14S,E14S,Hypoxic Tumor,reverted_posthypoxic,-1.0039727493141566,0.1200560193287166,-0.5585649472247709,0.9151477813720704,0.9151477813720704,0.7306765963668092,-1.0039727493141566,0.1200560193287166,Oxygenated,1.0562292147997538,0.4437186326759531,0.34484506691283034,0.2114363004112165
ACGTCCCTCTGTGCAA_E14S,E14S,Hypoxic Tumor,transitional,-0.3587384424351711,-0.3047575757556453,-0.565584769562171,0.919172704219818,0.919172704219818,0.6140361216438195,-0.3587384424351711,-0.3047575757556453,Oxygenated,1.0918415430315849,0.37894009250676575,0.33657621742483185,0.2844836900684024
GGATTGCTCCTTAGAG_E14S,E14S,Hypoxic Tumor,reverted_posthypoxic,-1.3057533673650312,-0.2855560318228969,-0.2519859207888359,0.9345503449440002,0.9345503449440002,0.4059011555380525,-1.3057533673650312,-0.2855560318228969,Oxygenated,1.0456949221557834,0.4745833544271674,0.3146826045778065,0.21073404099502613
ACAGGATAGGTAAGTA_E14S,E14S,Hypoxic Tumor,transitional,-0.2938960411039247,-0.2201628131063742,-0.260960623465384,0.9254801869392396,0.9254801869392396,0.565634671232941,-0.2938960411039247,-0.2201628131063742,Oxygenated,1.0941391575320463,0.3635710969566343,0.34608974497403305,0.2903391580693326
ACGAATCCAAGGTTCG_E14S,E14S,Hypoxic Tumor,reverted_stable,-1.0271260140605596,-0.4143862713070929,0.0835861897330721,0.927012860774994,0.927012860774994,0.5147150368699897,-1.0271260140605596,-0.4143862713070929,Oxygenated,1.0527910208236242,0.4694494221495418,0.30587431031743695,0.22467626753302128
ACGGGTAAGTAGTGAA_E14S,E14S,Hypoxic Tumor,entering_hypoxia,-0.3006974752762988,1.240353762032367,-0.3932957614851533,0.9169216752052308,0.9169216752052308,0.8392265044464635,-0.3006974752762988,1.240353762032367,Ridge,0.9813694039051513,0.13895363330934557,0.5194994497422745,0.34154691694837985
ATGTCAACATAGAGCT_E14S,E14S,Hypoxic Tumor,reverted_stable,-1.0501617212657663,-0.798512139884073,0.776202044736516,0.932908535003662,0.932908535003662,0.5503667197461155,-1.0501617212657663,-0.798512139884073,Oxygenated,1.0727369880760473,0.44034267409924993,0.2981476547985718,0.26150967110217815
ACAACAGGTGATGGTA_E14S,E14S,Hypoxic Tumor,reverted_stable,-0.8542954462495151,-0.4940362425048578,-0.4024626927181954,0.922400951385498,0.922400951385498,0.559051013717543,-0.8542954462495151,-0.4940362425048578,Oxygenated,1.0637401936234994,0.45356270562693307,0.30561082708627507,0.24082646728679186
TGTCCACCACCTTGCG_E14S,E14S,Hypoxic Tumor,transitional,0.2522807619019339,-0.1545792986908455,0.6981604378957409,0.9458568096160888,0.9458568096160888,0.1353169262372224,0.2522807619019339,-0.1545792986908455,Hypoxic,1.066272400906997,0.2182413367282414,0.380522227555261,0.40123643571649753
ATCTACCTCACAGCTA_E14S,E14S,Hypoxic Tumor,exiting_hypoxia,0.7238826033068453,-2.484044707631344,1.2387755372261329,0.9274235367774964,0.9274235367774964,0.5031083877706656,0.7238826033068453,-2.484044707631344,Hypoxic,0.4213728196766413,0.005878940438227049,0.12986770373286952,0.8642533558289034
CACATCAAGTTGCGTA_E14S,E14S,Hypoxic Tumor,reverted_stable,-1.5276360493045047,-0.531292659385127,0.7372633953995014,0.931280791759491,0.931280791759491,0.5914607646164702,-1.5276360493045047,-0.531292659385127,Oxygenated,1.058854609809348,0.4575965992412971,0.3136061404342477,0.2287972603244552
GCTAGTCAGAACCTTG_E14S,E14S,Hypoxic Tumor,exiting_hypoxia,0.2874624928645077,-0.4795832595757686,-0.1543536386642241,0.9162269234657288,0.9162269234657288,0.8409482755486924,0.2874624928645077,-0.4795832595757686,Hypoxic,1.0551655393577752,0.20621138820872079,0.35738065785777995,0.4364079539334991
GTCAATGTCACGCGAT_E14S,E14S,Hypoxic Tumor,exiting_hypoxia,0.3736910624268562,-1.5066065753777238,1.2223377320970454,0.9213858842849731,0.9213858842849731,0.6674629511136227,0.3736910624268562,-1.5066065753777238,Hypoxic,0.8535103551893712,0.08672169882748874,0.2748527529689163,0.638425548203595
CGCGAAGGTTAGGTTC_E14S,E14S,Hypoxic Tumor,transitional,-0.0905922540233895,0.0587007748394912,-0.0660047499048793,0.9242548942565918,0.9242548942565918,0.5408061914805202,-0.0905922540233895,0.0587007748394912,Ridge,1.0930674051178773,0.29945590688844953,0.3822055219469239,0.3183385711646266
CCAGACTAGTGCAAGG_E14S,E14S,Hypoxic Tumor,exiting_hypoxia,0.319559022022062,-0.4532451912443703,0.134240252751226,0.934135675430298,0.934135675430298,0.5422811935438737,0.319559022022062,-0.4532451912443703,Hypoxic,1.049583794537186,0.19841595353772648,0.35965102941757277,0.4419330170447008
ATGCAGGAGGTCGAGA_E14S,E14S,Hypoxic Tumor,transitional,-0.3955557674084169,0.0200609463932588,-0.2831486563315482,0.928276002407074,0.928276002407074,0.4484977879303748,-0.3955557674084169,0.0200609463932588,Oxygenated,1.0884019310865107,0.3733266576397441,0.35899665042660645,0.26767669193364946
AACATAGAGTAACGGG_E14S,E14S,Hypoxic Tumor,entering_hypoxia,0.0663960665379297,0.6494146372167007,-0.4891027879400104,0.918785810470581,0.918785810470581,0.6945178652435177,0.0663960665379297,0.6494146372167007,Ridge,1.0402854764596874,0.18749831092756167,0.45335031660527536,0.3591513724671629
ACAATAGAGCTTAGTG_E14S,E14S,Hypoxic Tumor,entering_hypoxia,-0.9722811717796982,1.7705594531057636,-0.2953746192315137,0.9177653193473816,0.9177653193473816,0.715285999814197,-0.9722811717796982,1.7705594531057636,Ridge,0.8834080201341901,0.08075944472601612,0.5845375004465118,0.3347030548274723
AAGGGGTCATGCAGTG_E14S,E14S,Hypoxic Tumor,persistent_hypoxia,0.9489829654746764,0.0727593736900951,-0.169738551120282,0.9172065258026124,0.9172065258026124,0.8398646590502465,0.9489829654746764,0.0727593736900951,Hypoxic,0.8603013895256288,0.0610742846448905,0.37189583798966325,0.5670298773654463
GCTGCGATCATAGGTT_E14S,E14S,Hypoxic Tumor,entering_hypoxia,-0.9508958409580098,0.4650941940676316,1.8007525854510926,0.9469579458236694,0.9469579458236694,0.3052265546826311,-0.9508958409580098,0.4650941940676316,Ridge,1.069670547390305,0.38591369491411637,0.3903107007338823,0.22377560435200125
ACTAAGCCACTATGCC_E14S,E14S,Hypoxic Tumor,reverted_stable,-0.9988975024917588,-0.6092978514450293,0.2342961452902743,0.9554248452186584,0.9554248452186584,0.3189603906877653,-0.9988975024917588,-0.6092978514450293,Oxygenated,1.0623766002052728,0.4575700287651867,0.30041297678886586,0.2420169944459474
GCTTTGAAGTGAGATA_E14S,E14S,Hypoxic Tumor,exiting_hypoxia,1.3124187728613743,-0.9333233517846948,-0.4712405690857638,0.915306568145752,0.915306568145752,0.7941258860602584,1.3124187728613743,-0.9333233517846948,Hypoxic,0.639203653034091,0.019039248576025042,0.23923038511526143,0.7417303663087135
ACGCTATGTTAGCGAA_E14S,E14S,Hypoxic Tumor,reverted_stable,-0.558619888459888,-1.520874205331309,1.076916330213098,0.9128292798995972,0.9128292798995972,0.7491910814478207,-0.558619888459888,-1.520874205331309,Hypoxic,1.058572756544502,0.23745399515411314,0.2985053542316193,0.46404065061426764
CGCGTTAGTTAGCAGA_E14S,E14S,Hypoxic Tumor,entering_hypoxia,-0.0590419038710117,0.6133721940610537,0.7480932513107169,0.9414498209953308,0.9414498209953308,0.4042266615726035,-0.0590419038710117,0.6133721940610537,Ridge,1.0594577898476376,0.21972490900724456,0.44572515623753467,0.3345499347552207
AGTCGTTGTGAGTGTA_E14S,E14S,Hypoxic Tumor,reverted_stable,-0.8072065145947714,-0.9059419119389232,-0.399496851176582,0.9121256470680236,0.9121256470680236,0.8022135596941289,-0.8072065145947714,-0.9059419119389232,Oxygenated,1.0872198277290614,0.40549998380296093,0.3004743161687902,0.29402570002824885
CCAATTAGTAAGCCAA_E14S,E14S,Hypoxic Tumor,entering_hypoxia,-0.9616198291660232,0.4491854161395864,-0.3425176473934894,0.925524890422821,0.925524890422821,0.5506300820763413,-0.9616198291660232,0.4491854161395864,Oxygenated,1.068964577096029,0.3897190752477204,0.3877969545934489,0.22248397015883073
AGACGGGCATGAAGCT_E14S,E14S,Hypoxic Tumor,reverted_posthypoxic,-0.8770752187731963,0.2763951537625572,-0.2946873512122034,0.9146323800086976,0.9146323800086976,0.8991414532973103,-0.8770752187731963,0.2763951537625572,Oxygenated,1.0667102098257581,0.41356075427315414,0.3653096825635202,0.22112956316332555
GGCATAAGTGAAGTAT_E14S,E14S,Hypoxic Tumor,reverted_posthypoxic,-1.4045363470842378,0.3336606203443885,0.2310457854034096,0.935859203338623,0.935859203338623,0.5195010131483268,-1.4045363470842378,0.3336606203443885,Oxygenated,1.0594857448709472,0.41439752884558306,0.3774791681596015,0.2081233029948154
TCGAATGTCAATCGGC_E14S,E14S,Hypoxic Tumor,reverted_posthypoxic,-1.331074554197684,-0.0237757531390298,-0.3489650919022069,0.966956615447998,0.966956615447998,0.3982516863834974,-1.331074554197684,-0.0237757531390298,Oxygenated,1.0471277016670255,0.4621374292674272,0.33413479554551756,0.2037277751870553
CGCACTTCACTCATCA_E14S,E14S,Hypoxic Tumor,entering_hypoxia,0.1801006489017086,0.989860224089432,-0.4592929461721424,0.9161527752876282,0.9161527752876282,0.8716845824641895,0.1801006489017086,0.989860224089432,Ridge,0.9663594303486782,0.11545987806777899,0.4870290172768437,0.39751110465537737
CCAACTGGTTCAAGCT_E14S,E14S,Hypoxic Tumor,exiting_hypoxia,0.4673361656134202,-1.4892258341477105,-0.0348440697360475,0.9483384490013124,0.9483384490013124,0.1801105435466614,0.4673361656134202,-1.4892258341477105,Hypoxic,0.8258743559854862,0.0753762213376635,0.2701428011676358,0.6544809774947008
TCAGAGGAGTGATACT_E14S,E14S,Hypoxic Tumor,entering_hypoxia,0.0786833024286475,2.2723693312154,0.485330042066435,0.9452085494995116,0.9452085494995116,0.3477558160229427,0.0786833024286475,2.2723693312154,Ridge,0.744185086310797,0.0106640335752593,0.5119142346235204,0.47742173180122033
CAAGCTGCATTAGCGG_E14S,E14S,Hypoxic Tumor,reverted_stable,-0.7173754427750768,-0.537348259467301,1.2589565666299838,0.9362090229988098,0.9362090229988098,0.5078290094953711,-0.7173754427750768,-0.537348259467301,Oxygenated,1.0737529058133974,0.4353604873814356,0.3082913137936605,0.2563481988249039
GGACTTGCAAGGGTAA_E14S,E14S,Hypoxic Tumor,reverted_posthypoxic,-1.1363697850986711,0.1391662222956723,0.0923130679219502,0.9361666440963744,0.9361666440963744,0.4069596212800099,-1.1363697850986711,0.1391662222956723,Oxygenated,1.053170966456435,0.44648618295952275,0.3467674797676564,0.20674633727282088
AGCTTATAGGTTGGCT_E14S,E14S,Hypoxic Tumor,reverted_stable,-1.595561455352947,-0.5860834690381718,0.0575382366316412,0.9292879104614258,0.9292879104614258,0.5361956405691115,-1.595561455352947,-0.5860834690381718,Oxygenated,1.0644490978150558,0.4481077531577327,0.3160371426225414,0.2358551042197258
CTCAATTCAAGGTTCG_E14S,E14S,Hypoxic Tumor,reverted_posthypoxic,-0.6925616637812714,-0.2094073016531532,-0.3690091010212777,0.9262271523475648,0.9262271523475648,0.55370639230413,-0.6925616637812714,-0.2094073016531532,Oxygenated,1.0684867806965712,0.43743945468820666,0.3247645793564037,0.23779596595538965
CGAGTAAGTCAGGGCA_E14S,E14S,Hypoxic Tumor,entering_hypoxia,-1.0682078407530513,0.6520734940511722,0.0725803950171744,0.9433743953704834,0.9433743953704834,0.2846115118185212,-1.0682078407530513,0.6520734940511722,Ridge,1.0693523326891679,0.351236706363725,0.4198952152347106,0.22886807840156437
CAGCCAACACTAGTCC_E14S,E14S,Hypoxic Tumor,entering_hypoxia,-0.7948528069492545,1.3865003854327982,-0.4286708169262815,0.9168177247047424,0.9168177247047424,0.756844853283052,-0.7948528069492545,1.3865003854327982,Ridge,0.9797430819896693,0.15069367811015164,0.5420153146875213,0.3072910072023271
GTACATTAGGATATGA_E14S,E14S,Hypoxic Tumor,entering_hypoxia,-0.3538752882899366,0.5323202025210666,0.5237294850469633,0.9321731328964232,0.9321731328964232,0.4222250397595084,-0.3538752882899366,0.5323202025210666,Ridge,1.0815000900402822,0.2940582627197923,0.4219489586006635,0.28399277867954426
CTCGAACAGCGAACCT_E14S,E14S,Hypoxic Tumor,entering_deep_hypoxia,1.8195753888847792,0.7072271369178904,0.5695516416102547,0.9391152858734132,0.9391152858734132,0.4550075831299873,1.8195753888847792,0.7072271369178904,Hypoxic,0.5948290993379918,0.0031628751807740254,0.261311846095472,0.7355252787237541
GGGATATAGTCAGGGA_E14S,E14S,Hypoxic Tumor,reverted_posthypoxic,-0.7881717424380035,-0.2687468032957565,0.3470057634035438,0.9432015419006348,0.9432015419006348,0.367544321716853,-0.7881717424380035,-0.2687468032957565,Oxygenated,1.0623244846176398,0.4506538433750009,0.3175557263815604,0.23179043024343865
CTAAAGGGTTCGGCTA_E14S,E14S,Hypoxic Tumor,reverted_stable,-0.9997343343594732,-0.503356134888656,-0.0694269374496977,0.9157173037528992,0.9157173037528992,0.8639559285486038,-0.9997343343594732,-0.503356134888656,Oxygenated,1.0571372226686029,0.4645194349351523,0.3029997868683191,0.23248077819652857
AGGGATTAGATTCCGA_E14S,E14S,Hypoxic Tumor,entering_deep_hypoxia,1.3216055023052298,0.5406947499533675,-0.4282266438622373,0.9187365174293518,0.9187365174293518,0.6557151726962004,1.3216055023052298,0.5406947499533675,Hypoxic,0.7269873498610226,0.01789987834458681,0.34598369036374416,0.6361164312916691
ATGGTAAAGGGGATCA_E14S,E14S,Hypoxic Tumor,transitional,-0.320310200979034,-0.0988086511293231,0.3050852917453434,0.933106005191803,0.933106005191803,0.5924713730585053,-0.320310200979034,-0.0988086511293231,Oxygenated,1.0922578527356352,0.36519224058962907,0.353459451115914,0.28134830829445684
CCGGCTAAGGCTGTAC_E14S,E14S,Hypoxic Tumor,reverted_posthypoxic,-1.06502341800446,0.2689746383327092,-0.2791359098664526,0.91519296169281,0.91519296169281,0.7505764677478379,-1.06502341800446,0.2689746383327092,Oxygenated,1.0598299873184387,0.42645377791569083,0.3620841600033852,0.211462062080924
GTGGATAGTAGCTAAG_E14S,E14S,Hypoxic Tumor,entering_hypoxia,-0.3270701166722539,1.224695083064933,-0.1164998214697291,0.9201555252075196,0.9201555252075196,0.6262030595268251,-0.3270701166722539,1.224695083064933,Ridge,0.9873977780234904,0.14511737296415092,0.5179416498867364,0.33694097714911264
CGACACTAGCTACCAA_E14S,E14S,Hypoxic Tumor,entering_hypoxia,-1.5075057740868552,0.5651022953283635,-0.1195134324010379,0.9459803104400636,0.9459803104400636,0.3293770251779013,-1.5075057740868552,0.5651022953283635,Ridge,1.06522646130793,0.3632512638445193,0.4175284818131179,0.2192202543423627
CATCCAGGTCTTACGG_E14S,E14S,Tumor,entering_deep_hypoxia,1.1446901454096647,1.986533033662378,0.5366279191675171,0.9360488653182985,0.9360488653182985,0.0764457582956474,1.1446901454096647,1.986533033662378,Hypoxic,0.6760527358788938,0.002633502617479207,0.3700839331724357,0.6272825642100851
CATCGTTTCATGCACA_E14S,E14S,Hypoxic Tumor,reverted_posthypoxic,-1.0046765086934326,-0.1649004624449282,0.2029735447881229,0.9314515590667723,0.9314515590667723,0.4721610367725758,-1.0046765086934326,-0.1649004624449282,Oxygenated,1.0503204249052198,0.4662971605117695,0.31958022151359267,0.21412261797463777
GTGAGTGAGCTGGACT_E14S,E14S,Hypoxic Tumor,entering_hypoxia,-0.7800623116130632,1.8214166477789435,-0.6206430833725606,0.9189909100532532,0.9189909100532532,0.7727898314075297,-0.7800623116130632,1.8214166477789435,Ridge,0.8663041737597907,0.06830438973917057,0.5809350150431752,0.35076059521765424
ACTAAGGGTGATGGCG_E14S,E14S,Hypoxic Tumor,reverted_posthypoxic,-1.3381976222040712,0.3473643680730504,0.2218627404115521,0.9315215349197388,0.9315215349197388,0.539522386666485,-1.3381976222040712,0.3473643680730504,Oxygenated,1.0596500399692415,0.41465087319774946,0.3769089122394343,0.20844021456281625
GTGATTGTCATGTGAT_E14S,E14S,Hypoxic Tumor,reverted_posthypoxic,-0.9307838476967032,-0.1462970408282748,-0.4766465554536059,0.9180025458335876,0.9180025458335876,0.6924645598494421,-0.9307838476967032,-0.1462970408282748,Oxygenated,1.0537537239656327,0.4605964758394066,0.32191142408898327,0.21749210007161016
GCGTTCTCACCTTGCG_E14S,E14S,Hypoxic Tumor,exiting_hypoxia,0.8092436815240579,-1.1630688501983992,-0.410611323957919,0.9170931577682496,0.9170931577682496,0.752762899746397,0.8092436815240579,-1.1630688501983992,Hypoxic,0.7851539742260385,0.0556711522774353,0.2756947106821239,0.6686341370404408
CGTGGCTGTCATTGGT_E14S,E14S,Hypoxic Tumor,reverted_posthypoxic,-1.031806967486651,0.0563925194575142,0.4145108041785376,0.9277747273445128,0.9277747273445128,0.5316360161949975,-1.031806967486651,0.0563925194575142,Oxygenated,1.053235212728662,0.45204489295843203,0.33804032268963186,0.2099147843519361
AACTCTTCACAGGGCT_E14S,E14S,Hypoxic Tumor,transitional,-0.0377051961658521,-0.2177367057201895,-0.3102056139985776,0.9249475598335266,0.9249475598335266,0.562213672492249,-0.0377051961658521,-0.2177367057201895,Ridge,1.0955333681792914,0.2992126555250603,0.3623946524003235,0.33839269207461614
GTGATTGTCCTCACAT_E14S,E14S,Hypoxic Tumor,reverted_stable,-0.4716682139630148,-1.4025593260399425,0.4260145522036915,0.932542622089386,0.932542622089386,0.5681368197440408,-0.4716682139630148,-1.4025593260399425,Hypoxic,1.0700588577707633,0.25375347563651296,0.30205032790515174,0.4441961964583354
GCAACGTTCACGTAGC_E14S,E14S,Hypoxic Tumor,entering_hypoxia,-0.5748269018466882,2.022858552146846,0.1092882223920443,0.944047510623932,0.944047510623932,0.370247648746483,-0.5748269018466882,2.022858552146846,Ridge,0.8119707044983477,0.0390454733384618,0.575734259632052,0.3852202670294862
TGAAAGGCACCTAATT_E14S,E14S,Hypoxic Tumor,entering_hypoxia,-1.220101536533173,0.7221187738408826,-0.2131767513602068,0.918072521686554,0.918072521686554,0.7294878944978365,-1.220101536533173,0.7221187738408826,Ridge,1.0664764888632992,0.336886946596464,0.433891628850444,0.22922142455309205
GCGCCAATCAGGGACA_E14S,E14S,Hypoxic Tumor,entering_hypoxia,-1.63693073076862,0.6507759361633828,1.092983557184016,0.937714457511902,0.937714457511902,0.6203305980314866,-1.63693073076862,0.6507759361633828,Ridge,1.064140140797252,0.33323886561746796,0.4396485016096794,0.22711263277285257
TGCGGGTCAGCACCAA_E14S,E14S,Hypoxic Tumor,entering_hypoxia,-0.940037671551826,0.8609921041728579,0.4927829484684167,0.9384213089942932,0.9384213089942932,0.4146285792720601,-0.940037671551826,0.8609921041728579,Ridge,1.064245168965004,0.29333863861997317,0.45670152675112663,0.24995983462890028
GGAGAACCAGGCAGTC_E14S,E14S,Hypoxic Tumor,reverted_stable,-0.8763624728091384,-0.5382830513298665,-0.3558587680231682,0.901627004146576,0.901627004146576,0.7250574588809199,-0.8763624728091384,-0.5382830513298665,Oxygenated,1.0643627700458287,0.4532364119667926,0.30380198038559475,0.24296160764761277
ATCTGTGAGCCCTGAG_E14S,E14S,Hypoxic Tumor,exiting_hypoxia,0.4409061877225637,-0.9003874019297579,0.166293480231505,0.9257822632789612,0.9257822632789612,0.5811160527509116,0.4409061877225637,-0.9003874019297579,Hypoxic,0.9748973878385532,0.13950462194404742,0.3257904175517667,0.5347049605041858
CCGGTACGTTAACGCT_E14S,E14S,Hypoxic Tumor,exiting_hypoxia,-0.1002582650239144,-1.3919308163417246,1.8389801946946316,0.9007401466369628,0.9007401466369628,0.6530577186903808,-0.1002582650239144,-1.3919308163417246,Hypoxic,1.019736307816911,0.18849362634047442,0.3020742320909048,0.5094321415686208
CATAAGGGTTGGCGAG_E14S,E14S,Hypoxic Tumor,entering_hypoxia,-1.4247284304868122,0.835131412201356,-0.234918573552236,0.9341423511505128,0.9341423511505128,0.4169286668163472,-1.4247284304868122,0.835131412201356,Ridge,1.0596103372113892,0.3033491219962744,0.4607544122908422,0.2358964657128835
TACGCAATCCATCTCG_E14S,E14S,Hypoxic Tumor,reverted_posthypoxic,-0.7472805108904284,0.2272868436131587,-0.5873465140247883,0.9149686098098756,0.9149686098098756,0.8218434205152079,-0.7472805108904284,0.2272868436131587,Oxygenated,1.0714497123517552,0.40745698918795303,0.3630667327705276,0.22947627804151938
CAGCAAAGTTGCAGCC_E14S,E14S,Hypoxic Tumor,reverted_stable,-0.6765210470758695,-0.4643863508922785,-0.2739314864764583,0.9166811108589172,0.9166811108589172,0.8315099026206079,-0.6765210470758695,-0.4643863508922785,Oxygenated,1.0739922047830457,0.433437387322966,0.31230437701537367,0.25425823566166034
CACAAGTCACTTCACA_E14S,E14S,Hypoxic Tumor,entering_hypoxia,-1.0395657245423378,0.521653854989333,-0.5217868140084904,0.9284366965293884,0.9284366965293884,0.4777848497200857,-1.0395657245423378,0.521653854989333,Ridge,1.068682778630266,0.3791804379643633,0.39841829570652093,0.2224012663291158
GGTTGGTTCATGCCGG_E14S,E14S,Hypoxic Tumor,transitional,-0.1200103717416927,0.1483485307436296,-0.483570595092361,0.9205933809280396,0.9205933809280396,0.6386500045553244,-0.1200103717416927,0.1483485307436296,Ridge,1.09161381806576,0.29864141545753775,0.3891990477284318,0.3121595368140304
GCATCAATCATGTCAG_E14S,E14S,Hypoxic Tumor,exiting_hypoxia,1.3619385706167069,-0.96197888066202,2.042418029208212,0.9180850982666016,0.9180850982666016,0.6089845204061382,1.3619385706167069,-0.96197888066202,Hypoxic,0.6169601730787141,0.016072994210044482,0.22965438194078372,0.7542726238491718
ACTGCCCTCCGCAACG_E14S,E14S,Hypoxic Tumor,entering_hypoxia,-1.0003745776960828,0.6123769724219056,-0.4305112914957787,0.9211481809616088,0.9211481809616088,0.6292579885225329,-1.0003745776960828,0.6123769724219056,Ridge,1.0705918032690749,0.35748440102666373,0.4132649598548824,0.22925063911845392
TCAGCCAGTATTGCAC_E14S,E14S,Hypoxic Tumor,transitional,-0.1804471761272713,0.2152804782103752,-0.4266251721335669,0.9085584878921508,0.9085584878921508,0.7482571504080908,-0.1804471761272713,0.2152804782103752,Ridge,1.090915611014217,0.30582544976456294,0.3925393527538236,0.30163519748161344
AACTGACCAAATCACA_E14S,E14S,Hypoxic Tumor,reverted_stable,-0.9987998108687168,-0.9106786637067058,0.1924133475423752,0.918315887451172,0.918315887451172,0.6244328316155984,-0.9987998108687168,-0.9106786637067058,Oxygenated,1.0816243744567138,0.4211390022786399,0.29824479906045687,0.28061619866090326
CCCAGCAAGTTACCTC_E14S,E14S,Hypoxic Tumor,persistent_hypoxia,0.8344572580702754,-0.1842177474870321,-0.310443030611112,0.915797472000122,0.915797472000122,0.7606718087902952,0.8344572580702754,-0.1842177474870321,Hypoxic,0.9010199392760876,0.08265016170828972,0.3631674924997813,0.5541823457919289
CTTCGATTCAGGTGAG_E14S,E14S,Hypoxic Tumor,reverted_posthypoxic,-1.5408052590215175,0.2765082146068987,-0.3036085498899235,0.9300572872161864,0.9300572872161864,0.5034648413007309,-1.5408052590215175,0.2765082146068987,Oxygenated,1.0596826301840332,0.4148654074191875,0.3766044621031205,0.20853013047769203
TCACGGACACATGACG_E14S,E14S,Hypoxic Tumor,entering_hypoxia,-0.999044237842128,0.7166938287914457,-0.4924696824106843,0.9176111817359924,0.9176111817359924,0.7635788754318,-0.999044237842128,0.7166938287914457,Ridge,1.0697243145188502,0.33286076217698884,0.43101743827186967,0.23612179955114157
AGCGTAAGTTCCCGAA_E14S,E14S,Hypoxic Tumor,exiting_hypoxia,-0.1150037677120044,-0.5150062854863999,0.2211051655421373,0.9325509071350098,0.9325509071350098,0.5432057618038313,-0.1150037677120044,-0.5150062854863999,Hypoxic,1.0977709977419534,0.31440566246514295,0.33974083604934535,0.3458535014855117
GTACAAGGTCAGGCTC_E14S,E14S,Hypoxic Tumor,exiting_hypoxia,1.0060482388429692,-1.2901403717482252,-0.1437884298642256,0.9294670820236206,0.9294670820236206,0.5525389735599235,1.0060482388429692,-1.2901403717482252,Hypoxic,0.6791666852519105,0.030349480954749174,0.24054916874796337,0.7291013502972875
ACGTAACCAAACCATA_E14S,E14S,Hypoxic Tumor,transitional,0.1775559789889174,0.3399932321709582,-0.4784260168882707,0.9199662208557128,0.9199662208557128,0.5900063869376374,0.1775559789889174,0.3399932321709582,Ridge,1.0558980216333282,0.20370644971652996,0.42296897562556013,0.3733245746579099
CACCCTTGTTCCCTTA_E14S,E14S,Hypoxic Tumor,entering_hypoxia,-0.8407964166720231,0.9089298173222686,-0.4891274529462127,0.916473388671875,0.916473388671875,0.7768977662104719,-0.8407964166720231,0.9089298173222686,Ridge,1.0608311903195182,0.27417512636916863,0.465914300449762,0.25991057318106925
TACTATGGTTTCACTT_E14S,E14S,Hypoxic Tumor,exiting_hypoxia,0.3433764083452665,-1.1615859072560843,-0.4007959280943048,0.9188463687896729,0.9188463687896729,0.6357699017241957,0.3433764083452665,-1.1615859072560843,Hypoxic,0.957005216270014,0.13343976606569177,0.30837714638067437,0.5581830875536339
CTACTGTTCAGCTGCG_E14S,E14S,Hypoxic Tumor,entering_deep_hypoxia,1.803271751921389,0.7617769876638174,-0.4845640136270318,0.9153750538825988,0.9153750538825988,0.8636394946522982,1.803271751921389,0.7617769876638174,Hypoxic,0.5990491339192716,0.00315809623698168,0.26545775175843117,0.7313841520045872
ATGCTTGAGGTTGGGA_E14S,E14S,Hypoxic Tumor,transitional,-0.112548323200379,-0.0459277746361502,-0.075190071089284,0.9159857630729676,0.9159857630729676,0.8452399043111896,-0.112548323200379,-0.0459277746361502,Ridge,1.0953982315201904,0.31235055350210345,0.3713911453223432,0.3162583011755533
TGCGGCTGTAAGTTCC_E14S,E14S,Hypoxic Tumor,reverted_posthypoxic,-0.753497845007985,0.3743881459646211,-0.4276576579428295,0.9165045619010924,0.9165045619010924,0.869961872899506,-0.753497845007985,0.3743881459646211,Oxygenated,1.0745992437644318,0.3850064181903015,0.38182076602432424,0.23317281578537438
TCTACTGCACTTCAAT_E14S,E14S,Hypoxic Tumor,entering_hypoxia,-0.6982174176765196,0.4920398690228402,-0.1600662107092328,0.9150192737579346,0.9150192737579346,0.9109843704050564,-0.6982174176765196,0.4920398690228402,Ridge,1.0778968653592642,0.35649736164316326,0.4006009531650476,0.24290168519178928
TGCCGATAGGTGCTCG_E14S,E14S,Hypoxic Tumor,reverted_posthypoxic,-0.7502655615793564,0.282024892670196,-0.4585676553258556,0.9147827625274658,0.9147827625274658,0.9021180850312436,-0.7502655615793564,0.282024892670196,Oxygenated,1.0726737523337755,0.39977318465592104,0.36971843645633373,0.23050837888774517
AGGCACGGTCATTACA_E14S,E14S,Hypoxic Tumor,reverted_posthypoxic,-1.020326910402395,0.2916807421950979,-0.2466601877937004,0.9271546602249146,0.9271546602249146,0.5430115957469804,-1.020326910402395,0.2916807421950979,Oxygenated,1.0619762897626326,0.42092218488954114,0.36519053833478365,0.21388727677567523
CGGGTCATCAGGAACG_E14S,E14S,Hypoxic Tumor,entering_hypoxia,-0.7824934877711586,0.6654429510161842,-0.3470812048512912,0.9194836616516112,0.9194836616516112,0.6274460607702325,-0.7824934877711586,0.6654429510161842,Ridge,1.0742992826910729,0.32881074491621687,0.42528968853178595,0.24589956655199716
CAAAGCTCAGTTAGTA_E14S,E14S,Hypoxic Tumor,reverted_posthypoxic,-1.2033255752461,0.0258583495749641,-0.4433913655882214,0.917382538318634,0.917382538318634,0.6079901531372875,-1.2033255752461,0.0258583495749641,Oxygenated,1.048473819266407,0.4594718148901313,0.33579808831586244,0.2047300967940063
CATCACTTCCCATGAA_E14S,E14S,Hypoxic Tumor,reverted_stable,-1.0350987819565496,-1.0040935492315033,-0.1318255115881901,0.9110767245292664,0.9110767245292664,0.7746730597293133,-1.0350987819565496,-1.0040935492315033,Oxygenated,1.086783577304844,0.40695288351975334,0.2986780943016016,0.294369022178645
CGCTAAATCACGCCGA_E14S,E14S,Hypoxic Tumor,reverted_posthypoxic,-1.077453247309306,0.316224105557969,-0.6093314590877208,0.9248242974281312,0.9248242974281312,0.5487176301301027,-1.077453247309306,0.316224105557969,Oxygenated,1.0613518792886667,0.41937432074373876,0.3682765368430086,0.21234914241325273
CCTGCAAGTTCGATTA_E14S,E14S,Hypoxic Tumor,entering_hypoxia,-0.7837032203379503,0.9947288252242348,-0.4121369732513381,0.9165040254592896,0.9165040254592896,0.8463358769843408,-0.7837032203379503,0.9947288252242348,Ridge,1.051425064330759,0.24743178902903204,0.4813176678941511,0.2712505430768168
CAGGGATGTCAATGTC_E14S,E14S,Hypoxic Tumor,reverted_stable,-0.9541400222080908,-1.035438524389882,-0.3915689416638471,0.9006586074829102,0.9006586074829102,0.6287189122075347,-0.9541400222080908,-1.035438524389882,Oxygenated,1.0899839019504474,0.39601743397676503,0.2990470034124699,0.3049355626107651
AACTTGGTCTAGATAC_E14S,E14S,Hypoxic Tumor,entering_hypoxia,-0.1926291589310408,0.6830183079633826,0.0544167764823589,0.9097272753715516,0.9097272753715516,0.662144008738864,-0.1926291589310408,0.6830183079633826,Ridge,1.063446753660135,0.2344257802539131,0.4497590991087215,0.31581512063736533
CCAATTTCATGGAACT_E14S,E14S,Hypoxic Tumor,entering_hypoxia,-1.0657492982078147,0.7633402682511135,-0.0626569235628314,0.935640037059784,0.935640037059784,0.4885897476943115,-1.0657492982078147,0.7633402682511135,Ridge,1.0675598503343715,0.32411424553234947,0.43928043727407057,0.2366053171935799
CGGACATTCGAACGTC_E14S,E14S,Hypoxic Tumor,entering_hypoxia,-0.8011768008490864,1.1072518087087837,-0.3790144300228646,0.915544867515564,0.915544867515564,0.8908738870296081,-0.8011768008490864,1.1072518087087837,Ridge,1.0359945362206384,0.21977877180373537,0.5001104608472966,0.28011076734896795
GCTTTGAAGCCAGACT_E14S,E14S,Hypoxic Tumor,reverted_stable,-1.212674388522266,-0.7255470215020793,-0.6114685901922436,0.9298685193061828,0.9298685193061828,0.5620542627622519,-1.212674388522266,-0.7255470215020793,Oxygenated,1.065149915475665,0.45332456063654564,0.2997710822996674,0.24690435706378688
AACGTAGGTGCAAGGT_E14S,E14S,Hypoxic Tumor,transitional,0.1687254344594229,0.2172149812165953,0.3592237602696331,0.9208744168281556,0.9208744168281556,0.62547953970827,0.1687254344594229,0.2172149812165953,Ridge,1.0656882158862742,0.21848616014088115,0.410531685536345,0.3709821543227739
ACGCCTAGTAGTGATG_E14S,E14S,Hypoxic Tumor,entering_deep_hypoxia,1.468847217245944,0.5669304965097556,-0.2965355173288547,0.9723135232925416,0.9723135232925416,0.3068643797537165,1.468847217245944,0.5669304965097556,Hypoxic,0.6857287378027535,0.011377727174167386,0.32141408352275697,0.6672081893030757
ATGGCAAGTGAGTGTA_E14S,E14S,Hypoxic Tumor,reverted_stable,-0.7297409338765728,-0.6142744791390926,-0.2441730231808228,0.9150852560997008,0.9150852560997008,0.915411826184578,-0.7297409338765728,-0.6142744791390926,Oxygenated,1.0761504278537286,0.43149371566674327,0.3058303540298637,0.2626759303033931
AAAGCTAAGGGGATAT_E14S,E14S,Hypoxic Tumor,entering_hypoxia,-0.828350118738957,0.610278524749611,-0.6118633919782287,0.9174356460571288,0.9174356460571288,0.7756171916983856,-0.828350118738957,0.610278524749611,Ridge,1.0742732335464305,0.3456761079924287,0.41522372272685026,0.23910016928072114
CATATAGCAGCATGGC_E14S,E14S,Hypoxic Tumor,reverted_posthypoxic,-0.5835483417142238,0.3033897363678784,2.0560827344471737,0.9395081996917723,0.9395081996917723,0.5170250473317718,-0.5835483417142238,0.3033897363678784,Ridge,1.0808755030527284,0.373643717344557,0.37949107415863176,0.24686520849681115
TATAGGCCACCAACCT_E14S,E14S,Hypoxic Tumor,entering_deep_hypoxia,1.4400195138273368,1.0818986080686253,-0.4719703623593979,0.9301500916481018,0.9301500916481018,0.4829845797359412,1.4400195138273368,1.0818986080686253,Hypoxic,0.6770827215620272,0.006784713264605138,0.3373291057115829,0.6558861810238119
GGCAATTCAACCTTCA_E14S,E14S,Hypoxic Tumor,entering_deep_hypoxia,0.5687946887399417,0.8783496025716975,-0.4482162526014093,0.9143489599227904,0.9143489599227904,0.9177117952314426,0.5687946887399417,0.8783496025716975,Hypoxic,0.9018892893528321,0.07196440888631576,0.4584487101141153,0.4695868809995689
ACAGTCGCACTCGGAA_E14S,E14S,Hypoxic Tumor,transitional,0.2321416957915354,-0.094359221415985,-0.258529470865094,0.9187979102134703,0.9187979102134703,0.6519517925445955,0.2321416957915354,-0.094359221415985,Hypoxic,1.0686327909135094,0.22196927729784038,0.38477853687043917,0.39325218583172045
GGGTAATAGCTACGGT_E14S,E14S,Hypoxic Tumor,reverted_posthypoxic,-1.1569939158465283,-0.0179399583385967,0.9904624147586448,0.9388737678527832,0.9388737678527832,0.4562084966343535,-1.1569939158465283,-0.0179399583385967,Oxygenated,1.0480012966967296,0.4628132228958568,0.3311978898201208,0.2059888872840223
GCAGCCATCCCAGTAA_E14S,E14S,Hypoxic Tumor,reverted_stable,-1.2265016927556136,-1.278141388070278,-0.4344608779067391,0.9170085191726683,0.9170085191726683,0.7376060333056753,-1.2265016927556136,-1.278141388070278,Oxygenated,1.0965415592399377,0.3522368026327278,0.30357510884540906,0.34418808852186317
AACGATCCACTAACTT_E14S,E14S,Hypoxic Tumor,reverted_posthypoxic,-0.8089171374391344,0.1949526806154865,-0.6296149199976894,0.920741856098175,0.920741856098175,0.6670937040824046,-0.8089171374391344,0.1949526806154865,Oxygenated,1.0673871439294336,0.418768763396417,0.35718133972160543,0.2240498968819775
ATGTGTTAGGCTCAGT_E14S,E14S,Hypoxic Tumor,exiting_hypoxia,1.6699321667313156,-1.2238387880488235,-0.436895070092799,0.903293251991272,0.903293251991272,0.7702066532063965,1.6699321667313156,-1.2238387880488235,Hypoxic,0.47522333916125914,0.004573648470401108,0.16436841698600843,0.8310579345435904
TAGGTGAGTGGCCATC_E14S,E14S,Hypoxic Tumor,reverted_posthypoxic,-0.818787274290848,-0.0319064819991115,-0.1224674426862578,0.9167516231536864,0.9167516231536864,0.8222732785658129,-0.818787274290848,-0.0319064819991115,Oxygenated,1.0613048440586068,0.44355673392430395,0.3337421571383585,0.22270110893733747
CGTACTAAGGCACTGT_E14S,E14S,Hypoxic Tumor,exiting_hypoxia,0.6595798405464044,-1.920386260074072,1.285485839377693,0.9233791828155518,0.9233791828155518,0.78955920518406,0.6595798405464044,-1.920386260074072,Hypoxic,0.6160449339369176,0.025321993627729703,0.20244364073277013,0.7722343656395002
GGGTACGGTAGCGATA_E14S,E14S,Hypoxic Tumor,entering_hypoxia,-0.7655862450860388,0.6888583325191608,-0.4500968854832193,0.9153785109519958,0.9153785109519958,0.9108601753916212,-0.7655862450860388,0.6888583325191608,Ridge,1.0739109319825133,0.32168961192273,0.4295645354888816,0.2487458525883884
TGTCTTGCAGGGCTGT_E14S,E14S,Hypoxic Tumor,transitional,-0.3009690310108115,0.1266151719059498,0.8436967749146077,0.9320276379585266,0.9320276379585266,0.5823544994806843,-0.3009690310108115,0.1266151719059498,Ridge,1.0916162068799597,0.3432073017215055,0.37549337841420694,0.2812993198642876
CACGTAATCCCTCAAT_E14S,E14S,Hypoxic Tumor,reverted_stable,-0.7086399245177223,-1.0724421596202005,-0.6837817547761895,0.9132531881332396,0.9132531881332396,0.8793387204349846,-0.7086399245177223,-1.0724421596202005,Oxygenated,1.0957908147235247,0.36355715227327334,0.302317370285897,0.3341254774408297
AGACATGGTGGACCTC_E14S,E14S,Hypoxic Tumor,entering_hypoxia,-0.7546097417241648,0.684542301316842,-0.2472826277403523,0.9156216979026794,0.9156216979026794,0.9204304174854568,-0.7546097417241648,0.684542301316842,Ridge,1.0741850063934604,0.3215539538340857,0.42912505280870344,0.24932099335721097
GCCTCCACAGTTAGTA_E14S,E14S,Hypoxic Tumor,exiting_hypoxia,0.8260178282122809,-0.4146819794497982,1.809698610967006,0.954132914543152,0.954132914543152,0.1507146196453829,0.8260178282122809,-0.4146819794497982,Hypoxic,0.893403067024874,0.08311948974402737,0.344824697116113,0.5720558131398596
TGTCACCCATGGATGT_E14S,E14S,Hypoxic Tumor,exiting_hypoxia,0.2690049245244901,-1.1209340715025038,-0.5603365082065613,0.9141637086868286,0.9141637086868286,0.7273226019659994,0.2690049245244901,-1.1209340715025038,Hypoxic,0.987901537913533,0.15429584715843073,0.3139132701782548,0.5317908826633144
AAAGGTTGTTCCGCAA_E14S,E14S,Hypoxic Tumor,reverted_posthypoxic,-1.1273712046493214,0.178058962266436,-0.3913974341797828,0.9076994061470032,0.9076994061470032,0.7528771597617148,-1.1273712046493214,0.178058962266436,Oxygenated,1.0548044265516971,0.44136175796191335,0.35112531784717416,0.20751292419091252
CACATCCCAGGCATTG_E14S,E14S,Hypoxic Tumor,exiting_hypoxia,-0.1507644027247051,-1.3739307632815632,0.0179111247592385,0.920745611190796,0.920745611190796,0.606683278085694,-0.1507644027247051,-1.3739307632815632,Hypoxic,1.0331518962698285,0.20194597224548477,0.3034743157320932,0.49457971202242196
TCGTTGGGTTATGCGT_E14S,E14S,Hypoxic Tumor,exiting_hypoxia,1.562444159860784,-1.6703360103964129,1.195153295414075,0.9143091440200806,0.9143091440200806,0.6291531887552411,1.562444159860784,-1.6703360103964129,Hypoxic,0.42149741288678233,0.0033814206324944093,0.13694684965290152,0.859671729714604
ATATGGCCACAGGGTC_E14S,E14S,Hypoxic Tumor,reverted_posthypoxic,-0.8951637907243378,0.3171645886978282,-0.4702550627772456,0.9162861108779908,0.9162861108779908,0.8723243490580982,-0.8951637907243378,0.3171645886978282,Oxygenated,1.0672861819709178,0.408597452575554,0.37022699687154176,0.22117555055290425
ACAAGGTAGGTACCCG_E14S,E14S,Hypoxic Tumor,entering_hypoxia,-0.0762460062870752,0.4205470244729376,-0.1214220885668335,0.9371553659439088,0.9371553659439088,0.4094306956263043,-0.0762460062870752,0.4205470244729376,Ridge,1.0773848267612347,0.25403222360172,0.42178104145666284,0.3241867349416172
CCAGACCGTTAATTCG_E14S,E14S,Hypoxic Tumor,exiting_hypoxia,0.2032159557473737,-1.829927144762561,0.7208453672671116,0.8921389579772949,0.8921389579772949,0.8013906604119289,0.2032159557473737,-1.829927144762561,Hypoxic,0.7953646179828808,0.06986180608421974,0.2507074634011043,0.6794307305146761
AGCACTTGTGGCTCTA_E14S,E14S,Hypoxic Tumor,entering_deep_hypoxia,0.42167753940251,0.5893704700396202,-0.5821509557453297,0.91861492395401,0.91861492395401,0.7246979938163529,0.42167753940251,0.5893704700396202,Ridge,0.980402989151768,0.122832232084104,0.44624030995882424,0.4309274579570717
AAAGCAATCGAACCCG_E14S,E14S,Hypoxic Tumor,entering_hypoxia,0.2900837851032574,1.3973193761177574,-0.495877654857287,0.9169782400131226,0.9169782400131226,0.6843760007381926,0.2900837851032574,1.3973193761177574,Ridge,0.8644696253952546,0.05435872841248493,0.5047180754184731,0.4409231961690419
TGATGCCAGGGGTCAA_E14S,E14S,Hypoxic Tumor,reverted_stable,-0.6792958584436729,-1.2045252665989032,-0.7721117589712397,0.8976379036903381,0.8976379036903381,0.7620940977381325,-0.6792958584436729,-1.2045252665989032,Hypoxic,1.09560430356317,0.3315423032039865,0.3025833232534468,0.36587437354256686
AATCAGCCATCCATGC_E14S,E14S,Hypoxic Tumor,exiting_hypoxia,0.5070688965142618,-0.899025342437531,0.5653922621891935,0.922326922416687,0.922326922416687,0.6726819747105095,0.5070688965142618,-0.899025342437531,Hypoxic,0.9532712165646067,0.12510667218427643,0.3232934663190868,0.5515998614966369
TGCCCAAGTATGTAGG_E14S,E14S,Hypoxic Tumor,transitional,-0.0493365358987864,0.0121322743278816,-0.2918659458612329,0.9286192655563354,0.9286192655563354,0.5822919041362108,-0.0493365358987864,0.0121322743278816,Ridge,1.0927470993907935,0.292345590504603,0.38041715246864066,0.3272372570267563
CATCTTGCAGCAGTCA_E14S,E14S,Hypoxic Tumor,reverted_posthypoxic,-0.8616352495359363,0.2530530845555747,-0.059845511694367,0.9239925742149352,0.9239925742149352,0.6104221148634424,-0.8616352495359363,0.2530530845555747,Oxygenated,1.0666347005709178,0.4157229646925864,0.3627333892218516,0.22154364608556187
GTTGCTGGTGACGAAC_E14S,E14S,Hypoxic Tumor,reverted_posthypoxic,-1.170127179224414,-0.3467213924021203,-0.2012614345508245,0.9246858954429626,0.9246858954429626,0.5922740401014446,-1.170127179224414,-0.3467213924021203,Oxygenated,1.047296000172816,0.47524526356769214,0.30907976638162,0.21567497005068784
CACCCGTTCATGCGCG_E14S,E14S,Hypoxic Tumor,entering_hypoxia,-1.039945153603875,0.9892030375846792,0.992091021056468,0.9512850642204284,0.9512850642204284,0.390024954133546,-1.039945153603875,0.9892030375846792,Ridge,1.0527950478722317,0.264211098759931,0.47987321420680823,0.2559156870332609
TCTGGGCGTTGGCTGC_E14S,E14S,Hypoxic Tumor,entering_hypoxia,-0.3926829804099781,1.0803468759290478,0.0262445875990539,0.930418848991394,0.930418848991394,0.5265322122012874,-0.3926829804099781,1.0803468759290478,Ridge,1.0221740982424452,0.18377661178186597,0.4995478880240233,0.3166755001941107
ATTACGTAGGCATGTC_E14S,E14S,Hypoxic Tumor,transitional,0.0588989484594538,0.001164197321548,-0.2737409366777911,0.9251450300216676,0.9251450300216676,0.5622560765706115,0.0588989484594538,0.001164197321548,Ridge,1.0866428095748857,0.26443183895192685,0.385521951077886,0.3500462099701871
AAGTAACGTGATTAGG_E14S,E14S,Hypoxic Tumor,exiting_hypoxia,-0.2500259816199212,-0.6698093156755451,-0.6782398401501963,0.9211694002151488,0.9211694002151488,0.6453430139768047,-0.2500259816199212,-0.6698093156755451,Hypoxic,1.09848994750271,0.3367312423378989,0.3259801495216969,0.3372886081404043
ACGGGTAAGCGAACGA_E14S,E14S,Hypoxic Tumor,entering_hypoxia,0.1097966913325537,0.7019851411685091,-0.2374221752961608,0.9166663289070128,0.9166663289070128,0.7788852350870115,0.1097966913325537,0.7019851411685091,Ridge,1.026803403797146,0.17055847904753546,0.4597201446497355,0.3697213763027291
GGTTCCTCACATGAGT_E14S,E14S,Hypoxic Tumor,reverted_stable,-0.5787938169788681,-2.3448642100626564,1.3679929969907707,0.8934787511825562,0.8934787511825562,0.6938485686955718,-0.5787938169788681,-2.3448642100626564,Hypoxic,0.7520335272432915,0.06077928300099445,0.23010233874995517,0.7091183782490504
AGGGTATAGCGGGAAC_E14S,E14S,Hypoxic Tumor,entering_hypoxia,-0.76009999607162,0.4817051003003448,-0.5259252383883634,0.9149371981620787,0.9149371981620787,0.7794441132196335,-0.76009999607162,0.4817051003003448,Ridge,1.0759255816326796,0.3658045930364133,0.3969955854890581,0.23719982147452853
CCGGTACGTCAGTTCG_E14S,E14S,Hypoxic Tumor,exiting_hypoxia,-0.0539625761072923,-2.2001541217803573,1.7379982361860324,0.9170877933502196,0.9170877933502196,0.7844159787746678,-0.0539625761072923,-2.2001541217803573,Hypoxic,0.7123640215061,0.049111840563424936,0.22177356152521288,0.7291145979113622
AGCAAGGTCTAGGCGT_E14S,E14S,Hypoxic Tumor,reverted_posthypoxic,-0.5674649408850915,-0.1952756848889381,-0.1865076241734514,0.9364274144172668,0.9364274144172668,0.4687554326319792,-0.5674649408850915,-0.1952756848889381,Oxygenated,1.0774621596705056,0.4178224593607399,0.33158438149396274,0.25059315914529734
TCGATAGTCACATGGC_E14S,E14S,Hypoxic Tumor,reverted_posthypoxic,-0.8948911434349146,0.1314574954302509,-0.6317849350222732,0.9016473293304444,0.9016473293304444,0.6369384822081697,-0.8948911434349146,0.1314574954302509,Oxygenated,1.0612016216773577,0.4348279052379844,0.3477737802361948,0.21739831452582073
TCTGAGGCAGGCATAT_E14S,E14S,Hypoxic Tumor,persistent_hypoxia,2.059240397451237,0.1160120961529574,1.8375343808759053,0.9095832705497742,0.9095832705497742,0.5531538498512569,2.059240397451237,0.1160120961529574,Hypoxic,0.5132205305837421,0.0019809058422165615,0.1992440567247538,0.7987750374330296
GGGACCTCAGCTCTGT_E14S,E14S,Hypoxic Tumor,entering_hypoxia,-0.9451692961052368,1.1139243507996306,-0.4706616004100353,0.9172124266624452,0.9172124266624452,0.819189535739334,-0.9451692961052368,1.1139243507996306,Ridge,1.036772394648588,0.22689357768926988,0.501330611058058,0.27177581125267214
CCTTTAGCATGGCTTC_E14S,E14S,Hypoxic Tumor,entering_deep_hypoxia,2.3543889769280035,1.2109133667768086,0.0811235271688353,0.9480042457580566,0.9480042457580566,0.3562036188880249,2.3543889769280035,1.2109133667768086,Hypoxic,0.46092038448367456,0.00020502142639445103,0.17198066892371167,0.8278143096498939
ACGGTTGCAACTACCC_E14S,E14S,Hypoxic Tumor,persistent_hypoxia,0.4908366973086866,0.0296584692439554,-0.0260982033074372,0.9334018230438232,0.9334018230438232,0.5094703152732176,0.4908366973086866,0.0296584692439554,Hypoxic,1.0101672008357099,0.15005649004879046,0.397510086408314,0.4524334235428956
GCCACCTTCGCGCTCT_E14S,E14S,Hypoxic Tumor,exiting_hypoxia,1.938153626685738,-1.5646472690896984,2.174322084325389,0.9296287298202516,0.9296287298202516,0.6468886744325154,1.938153626685738,-1.5646472690896984,Hypoxic,0.34969009393811107,0.0010628686040045042,0.10760173766397396,0.8913353937320215
CCGTTGAGTAATGGTG_E14S,E14S,Hypoxic Tumor,entering_hypoxia,-0.065539156380667,0.6819821103745163,-0.334749447412716,0.9178458452224731,0.9178458452224731,0.8150552626880194,-0.065539156380667,0.6819821103745163,Ridge,1.0524073998645915,0.20933333274848495,0.45391553709801336,0.33675113015350155
CTCGTTACAGGGACTC_E14S,E14S,Hypoxic Tumor,exiting_hypoxia,-0.1548772609086667,-0.4497858152008639,0.0908838357843061,0.9319851398468018,0.9319851398468018,0.5625478326264708,-0.1548772609086667,-0.4497858152008639,Ridge,1.0984738501966227,0.3276476581824931,0.34086836002848664,0.33148398178902033
TACATAGCAAGTGCGC_E14S,E14S,Hypoxic Tumor,entering_hypoxia,-0.7925444338954183,0.8801279409187273,-0.4294335598505205,0.9171718955039978,0.9171718955039978,0.7965362868783828,-0.7925444338954183,0.8801279409187273,Ridge,1.063171610974917,0.2775466108087892,0.4615213949558333,0.2609319942353775
GCAGTAAGTCAATCTA_E14S,E14S,Hypoxic Tumor,reverted_posthypoxic,-0.7125269477421222,0.3252362414207908,-0.7421026916922511,0.91645610332489,0.91645610332489,0.8521092459693806,-0.7125269477421222,0.3252362414207908,Oxygenated,1.0753940436866842,0.38836085518179597,0.37668452548985526,0.23495461932834882
CCATAACGTTATCCGG_E14S,E14S,Hypoxic Tumor,entering_deep_hypoxia,4.808337405172021,1.451661264758377,0.4547064264395514,0.930194854736328,0.930194854736328,0.1355299443265495,4.808337405172021,1.451661264758377,Hypoxic,0.03536215705841834,8.135394231236024e-11,0.005743601136415029,0.994256398782231
AGTACGGAGCCCGTCT_E14S,E14S,Hypoxic Tumor,transitional,0.1288171881367426,-0.2366550049676637,-0.5593545294997279,0.91792494058609,0.91792494058609,0.7343288847597325,0.1288171881367426,-0.2366550049676637,Hypoxic,1.0836695024670964,0.2538076715148128,0.3696749142700815,0.3765174142151057
TCTATGAGTGGCTCAC_E14S,E14S,Hypoxic Tumor,entering_hypoxia,-0.999331483248912,1.2347750818442298,-0.4382390472599554,0.9173080325126648,0.9173080325126648,0.8170521285105837,-0.999331483248912,1.2347750818442298,Ridge,1.0162699880527664,0.19748733386930037,0.5219775605354351,0.2805351055952645
TCTATGGAGTAGCCAC_E14S,E14S,Hypoxic Tumor,reverted_posthypoxic,-1.0912241922371892,0.3949440438441386,-0.007929542052248,0.9240148067474364,0.9240148067474364,0.5777952947530411,-1.0912241922371892,0.3949440438441386,Oxygenated,1.063951599504707,0.4060954410479201,0.3792642822879014,0.21464027666417843
CGTATTGAGATTCAGT_E14S,E14S,Hypoxic Tumor,reverted_stable,-0.9584138548792674,-0.6421473844856106,-0.6175289728462053,0.9209027886390686,0.9209027886390686,0.6349106551315875,-0.9584138548792674,-0.6421473844856106,Oxygenated,1.0657755386908083,0.4521530565572987,0.3002001875905619,0.24764675585213936
AGTGCAAGTTTCCTAT_E14S,E14S,Hypoxic Tumor,entering_hypoxia,-1.268506128597952,2.51430225993836,-0.3153225274775165,0.9050805568695068,0.9050805568695068,0.6015434772563709,-1.268506128597952,2.51430225993836,Ridge,0.7352215455557859,0.013108783842381198,0.5891533659809892,0.39773785017662955
CGTCACCTCTAACCGA_E14S,E14S,Hypoxic Tumor,entering_hypoxia,-1.053550517657406,0.7964384799438908,-0.3431860251007698,0.9264015555381776,0.9264015555381776,0.520497116061865,-1.053550517657406,0.7964384799438908,Ridge,1.0665307716018033,0.3153252699656724,0.44512740414749885,0.23954732588682884
ATCGCGCGTGCAAGCG_E14S,E14S,Hypoxic Tumor,persistent_hypoxia,0.593904407457991,-0.0612497799011272,0.9310968510693644,0.9493655562400818,0.9493655562400818,0.5536356890611217,0.593904407457991,-0.0612497799011272,Hypoxic,0.9830984332303698,0.12914628125288635,0.3874728132859884,0.4833809054611253
TCCTAGAAGCAACCAC_E14S,E14S,Hypoxic Tumor,persistent_hypoxia,1.1351612827559896,0.2236286541761439,-0.4058791747823019,0.9207664132118224,0.9207664132118224,0.6083623990041309,1.1351612827559896,0.2236286541761439,Hypoxic,0.7929663955972479,0.03658778270546459,0.3586937564688868,0.6047184608256485
CCACCTATCTAAGCGC_E14S,E14S,Hypoxic Tumor,reverted_stable,-0.9375730701779356,-0.533107097324284,-0.2902687231896411,0.9202271699905396,0.9202271699905396,0.6166915895310099,-0.9375730701779356,-0.533107097324284,Oxygenated,1.0610982015848858,0.4586860071695835,0.30286429442471324,0.23844969840570324
TGATCATAGAAGGTGT_E14S,E14S,Hypoxic Tumor,transitional,-0.2559606818007411,-0.3003598354327728,0.5115218893735969,0.9341447949409484,0.9341447949409484,0.556093900905396,-0.2559606818007411,-0.3003598354327728,Oxygenated,1.0961488445998229,0.3554968744958644,0.3432545023700526,0.301248623134083
TCAGTTAGTAGCCTCA_E14S,E14S,Hypoxic Tumor,exiting_hypoxia,-0.029476588892898,-1.3380391145577764,-0.3178398286163605,0.9052472114562988,0.9052472114562988,0.6827778139959857,-0.029476588892898,-1.3380391145577764,Hypoxic,1.0170366272813842,0.18457010932261134,0.3044738757162038,0.5109560149611848
AGGACCCCAGTTAATG_E14S,E14S,Hypoxic Tumor,entering_hypoxia,-1.063778918333648,0.9140306570653408,-0.5184446815492679,0.9173716902732848,0.9173716902732848,0.824425962562243,-1.063778918333648,0.9140306570653408,Ridge,1.0594805763667097,0.2850622143816267,0.4664306691232844,0.24850711649508897
GCGTAATCAATATACG_E14S,E14S,Hypoxic Tumor,entering_hypoxia,-1.0485746741279742,0.74619703693556,-0.2119810585062335,0.9264028668403624,0.9264028668403624,0.3985497812209659,-1.0485746741279742,0.74619703693556,Ridge,1.0682927355619567,0.32777652944381064,0.43618116449143773,0.23604230606475174
CCTTGAGGTTTAGTCA_E14S,E14S,Hypoxic Tumor,reverted_posthypoxic,-0.6509856359206957,-0.0457460932583348,-0.5112383087300786,0.9178327322006226,0.9178327322006226,0.6916840908301156,-0.6509856359206957,-0.0457460932583348,Oxygenated,1.0720200996640752,0.42349824311232087,0.3389857642027081,0.237515992684971
CGCTGTGAGGCATGGA_E14S,E14S,Hypoxic Tumor,exiting_hypoxia,-0.238851849636495,-1.368041790554803,-0.3868190960393793,0.9180034399032592,0.9180034399032592,0.6453396279411545,-0.238851849636495,-1.368041790554803,Hypoxic,1.0486243789253757,0.22024520220821234,0.303985343306815,0.4757694544849726
GCCCGTAAGTCTCTGT_E14S,E14S,Hypoxic Tumor,exiting_hypoxia,-0.1126216861103355,-0.891533492268638,-0.3952529300648772,0.9280361533164978,0.9280361533164978,0.5047391853555615,-0.1126216861103355,-0.891533492268638,Hypoxic,1.0875608433179869,0.27761347956577537,0.3239621978555331,0.3984243225786915
GCGATGAAGTCGATCA_E14S,E14S,Hypoxic Tumor,reverted_posthypoxic,-1.1342903056454556,0.1069093059279598,-0.4054339101131206,0.9198201894760132,0.9198201894760132,0.5846195140338142,-1.1342903056454556,0.1069093059279598,Oxygenated,1.052070409461108,0.4502357148584512,0.3432482449654103,0.20651604017613842
GTTAGCCAGTAACGGG_E14S,E14S,Hypoxic Tumor,entering_hypoxia,-0.2246199533959296,0.5863030205011995,-0.025517105864885,0.9255796670913696,0.9255796670913696,0.593617119209908,-0.2246199533959296,0.5863030205011995,Ridge,1.074118570400126,0.2587790036318236,0.4355351320535067,0.3056858643146697
CCCAAATGTTAATGGG_E15S,E15S,Tumor Proliferating,transitional,0.0157979675596956,-0.2374903277936763,2.608935665037297,0.9365885853767396,0.9365885853767396,0.0550335197704302,0.0157979675596956,-0.2374903277936763,Ridge,1.0930987457430246,0.28501386474868323,0.36400087837623224,0.35098525687508453
ACATGCCAGGGTCTCG_E15S,E15S,Tumor Proliferating,exiting_hypoxia,0.613412341347855,-0.5383228989292274,0.8644996680858953,0.9320974946022034,0.9320974946022034,0.0605261197767014,0.613412341347855,-0.5383228989292274,Hypoxic,0.9612643959408975,0.12247583320078238,0.34822223358811843,0.5293019332110993
GCCCTTGCAAGCCGGT_E15S,E15S,Tumor Proliferating,persistent_hypoxia,0.575954357510112,-0.3924366996917413,1.7560347462847818,0.942127764225006,0.942127764225006,0.0443146073569003,0.575954357510112,-0.3924366996917413,Hypoxic,0.9833329106379449,0.1347621105703126,0.3615007708030609,0.5037371186266265
CGACCTAGTCTTGACG_E15S,E15S,Tumor,exiting_hypoxia,3.1845419162240307,-2.009128565034591,0.4071699834392267,0.949627161026001,0.949627161026001,0.0838823722017739,3.1845419162240307,-2.009128565034591,Hypoxic,0.09512620545865969,1.4189995743818912e-06,0.019249996676035313,0.9807485843243903
AAACCATTCGAACGCT_E15S,E15S,Tumor Proliferating,exiting_hypoxia,0.2939085719075693,-0.988508730457628,1.9941367972058452,0.9353933930397034,0.9353933930397034,0.0405836157688591,0.2939085719075693,-0.988508730457628,Hypoxic,1.0045614888055754,0.1645708681584506,0.32295190904920346,0.5124772227923459
TACCATAGTTATCATG_E15S,E15S,Tumor Proliferating,exiting_hypoxia,-0.209772304549595,-0.8313816362062072,1.8224094858644015,0.9294370412826538,0.9294370412826538,0.0342365048646545,-0.209772304549595,-0.8313816362062072,Hypoxic,1.0957548273344784,0.3091752671670138,0.32245032956496,0.3683744032680262
AACACCATCCAGGTCG_E15S,E15S,Tumor Proliferating,transitional,0.0491119184560603,-0.1788961091814256,2.144610227241293,0.9353485107421876,0.9353485107421876,0.0499351707830484,0.0491119184560603,-0.1788961091814256,Ridge,1.0905018775815312,0.2748548541255299,0.37015198866802274,0.3549931572064475
TGGAATGGTCAAGGAC_E15S,E15S,Tumor Proliferating,entering_hypoxia,-0.1172690389602389,0.9236951842902288,1.6161438417681484,0.9409066438674928,0.9409066438674928,0.0204538417676034,-0.1172690389602389,0.9236951842902288,Ridge,1.0234768369502456,0.17474937723233655,0.4824736737432125,0.342776949024451
GCTGACTAGGGTAGAT_E15S,E15S,Tumor,transitional,0.2703898205216066,0.1295310633499755,0.2016315506291608,0.941010594367981,0.941010594367981,0.0592121554133496,0.2703898205216066,0.1295310633499755,Ridge,1.0545828505478927,0.19960452278215438,0.4052070850874327,0.39518839213041296
ACCCAGTAGCGGGTAA_E15S,E15S,Tumor Proliferating,exiting_hypoxia,0.0955655854844849,-0.5223593416346919,2.9689938669066174,0.9377347230911256,0.9377347230911256,0.0856757869972058,0.0955655854844849,-0.5223593416346919,Hypoxic,1.0836804078967788,0.2572393856546009,0.34931667513546466,0.3934439392099343
ATGGTTACAGGACACC_E15S,E15S,Tumor Proliferating,transitional,0.2827448192262499,-0.275391889207573,2.8142388685689426,0.9353058338165284,0.9353058338165284,0.0434517932811612,0.2827448192262499,-0.275391889207573,Hypoxic,1.0611002535749356,0.2113167606547894,0.3719742794075928,0.4167089599376179
CTACGAATCCCTGTCA_E15S,E15S,Tumor Proliferating,exiting_hypoxia,0.4359763216550349,-0.5026973774209748,2.126784799149156,0.9326879978179932,0.9326879978179932,0.0482489726940612,0.4359763216550349,-0.5026973774209748,Hypoxic,1.0187236779063435,0.16608222601053046,0.3560703463205731,0.47784742766889643
AGCGATTCAAGTCGAT_E15S,E15S,Tumor Proliferating,persistent_hypoxia,1.0111648154414894,-0.2351328859641534,2.091832459395301,0.9421344995498656,0.9421344995498656,0.04069576198985,1.0111648154414894,-0.2351328859641534,Hypoxic,0.832851533513006,0.05570967240616726,0.3414121526393517,0.6028781749544809
CTGGGCATCAGGCTAC_E15S,E15S,Tumor Proliferating,entering_hypoxia,-0.1150843254809873,0.553476923761626,1.3204975127330625,0.9362669587135316,0.9362669587135316,0.0251267141430198,-0.1150843254809873,0.553476923761626,Ridge,1.070049862114145,0.2417278159642591,0.4361548376665541,0.3221173463691868
CAAAGCTCAAGCTCAG_E15S,E15S,Tumor Proliferating,exiting_hypoxia,-0.3380587529401656,-0.8463831421758449,3.4354780252993984,0.9378774762153624,0.9378774762153624,0.0831809907285463,-0.3380587529401656,-0.8463831421758449,Hypoxic,1.0979056337634092,0.33642061485911107,0.3167139479926771,0.3468654371482118
CGTCAAATCCGGGCTA_E15S,E15S,Tumor,exiting_hypoxia,1.1178474199825843,-2.030890967638177,1.1947058082519884,0.9584556818008424,0.9584556818008424,0.1390137980829174,1.1178474199825843,-2.030890967638177,Hypoxic,0.45367848864575566,0.006472621193613402,0.1459553033272473,0.8475720754791394
CTGCTGCTCCATCCAT_E15S,E15S,Tumor Proliferating,transitional,0.1253593366013246,-0.2045685761742366,2.7682602221532195,0.9372535943984984,0.9372535943984984,0.0512696456762035,0.1253593366013246,-0.2045685761742366,Hypoxic,1.0839024235381802,0.25433843511451176,0.3719271521330657,0.37373441275242253
GTCAAACCAGCACTTC_E15S,E15S,Tumor Proliferating,exiting_hypoxia,0.7398216228082766,-0.9684926789576696,1.7996177784475071,0.9406452775001526,0.9406452775001526,0.0336613383253481,0.7398216228082766,-0.9684926789576696,Hypoxic,0.8543121790274659,0.07678973414525046,0.3018264260935702,0.6213838397611793
ATGCCCAGTTGTCTGG_E15S,E15S,Tumor Proliferating,exiting_hypoxia,1.3816750575522256,-0.8127335082955448,1.448213396332091,0.9419603943824768,0.9419603943824768,0.0429291379713766,1.3816750575522256,-0.8127335082955448,Hypoxic,0.6338423354967095,0.017018213923349113,0.2411388738450195,0.7418429122316313
GCGCTAGTCAGCCACG_E15S,E15S,Tumor Proliferating,persistent_hypoxia,0.4914790653016532,-0.3707988810979644,1.4347794094607156,0.9477158784866332,0.9477158784866332,0.0578116419345012,0.4914790653016532,-0.3707988810979644,Hypoxic,1.0098058341106786,0.15549368911879327,0.36538356539947225,0.4791227454817345
CAAACTTAGCGCTCAG_E15S,E15S,Tumor Proliferating,exiting_hypoxia,0.7031486359579975,-0.9893167373691572,1.4745550313026847,0.9378249645233154,0.9378249645233154,0.0155788654600653,0.7031486359579975,-0.9893167373691572,Hypoxic,0.8645823613272127,0.08143437675432173,0.30282895068260296,0.6157366725630753
GTACTAACATAAGGTC_E15S,E15S,Tumor Proliferating,persistent_hypoxia,1.1181033089179206,-0.141419561120801,1.1091809539822242,0.9588223099708556,0.9588223099708556,0.0715732758754499,1.1181033089179206,-0.141419561120801,Hypoxic,0.7964165969558559,0.0426336495071245,0.3356406166749379,0.6217257338179377
TGGACAAGTGCACCAC_E15S,E15S,Tumor,exiting_hypoxia,1.1430681431001846,-1.317334165336438,1.496443291951461,0.9430640935897828,0.9430640935897828,0.1373495294002244,1.1430681431001846,-1.317334165336438,Hypoxic,0.6233259206774057,0.02050407817987444,0.2212775935036134,0.7582183283165121
AAAGTCAAGTACGGAG_E15S,E15S,Tumor Proliferating,exiting_hypoxia,0.8354569139690607,-0.7281504579091299,1.829002923876179,0.9463130235671996,0.9463130235671996,0.0276476583401352,0.8354569139690607,-0.7281504579091299,Hypoxic,0.8566335534345387,0.07317026376515776,0.3162415633697276,0.6105881728651147
CTACGTCCATCCGTCG_E15S,E15S,Tumor Proliferating,exiting_hypoxia,-0.3366844255835509,-0.8089847834614701,3.0714131491160126,0.9354608654975892,0.9354608654975892,0.0490057212565872,-0.3366844255835509,-0.8089847834614701,Hypoxic,1.0980568986295967,0.34108382664577236,0.31768570468864676,0.34123046866558093
ATATGGCCAACTGTGG_E15S,E15S,Tumor Proliferating,transitional,0.0875969017066351,0.3177991243830373,1.517227977916153,0.9403332471847534,0.9403332471847534,0.0208104985644839,0.0875969017066351,0.3177991243830373,Ridge,1.0694944157043529,0.22831635123849442,0.41767836826964877,0.35400528049185676
GTGGGATGTTCCCGAA_E15S,E15S,Tumor Proliferating,transitional,-0.2202907767305501,0.2821916675631336,2.0728196109658468,0.9371593594551086,0.9371593594551086,0.0259272555591759,-0.2202907767305501,0.2821916675631336,Ridge,1.0894791493623213,0.30655850064821,0.3976132564647268,0.29582824288706333
GGACACCCAAACTACA_E15S,E15S,Tumor Proliferating,entering_hypoxia,-0.1079259261675756,0.8842525539593306,1.1669128483921205,0.938684344291687,0.938684344291687,0.048601812366709,-0.1079259261675756,0.8842525539593306,Ridge,1.0288672877079525,0.18056613300426483,0.47781717848912064,0.3416166885066144
GTCCTATTCCAGCTAA_E15S,E15S,Tumor Proliferating,exiting_hypoxia,-0.0232055106270432,-0.8817836571851476,1.7490249772521391,0.9365556836128236,0.9365556836128236,0.0194173454766243,-0.0232055106270432,-0.8817836571851476,Hypoxic,1.079342271751392,0.2565275798965338,0.32704060079074043,0.41643181931272577
ATGGACCTCGAATCTG_E15S,E15S,Tumor Proliferating,transitional,0.0592934953658937,-0.1149741152567139,1.7435597616945788,0.9407292008399964,0.9407292008399964,0.0213323653239656,0.0592934953658937,-0.1149741152567139,Ridge,1.088969650274528,0.27010335342399533,0.37571634418042243,0.3541803023955823
CCTTGGGAGTTAGGAA_E15S,E15S,Tumor,exiting_hypoxia,1.5285305577466266,-1.3025931524498562,1.6835647109276748,0.9529221057891846,0.9529221057891846,0.1244351694429349,1.5285305577466266,-1.3025931524498562,Hypoxic,0.5020587312467013,0.006631418415076488,0.17483184681074995,0.8185367347741735
ACCCATAAGGCACATC_E15S,E15S,Tumor,persistent_hypoxia,0.8760450223699132,-0.0579003186201187,1.3172375912069123,0.9377808570861816,0.9377808570861816,0.0718570371039935,0.8760450223699132,-0.0579003186201187,Hypoxic,0.8874226926451968,0.07436337916323019,0.36945981081474194,0.5561768100220278
ACCCTAGGTTAAGGGC_E15S,E15S,Tumor Proliferating,entering_hypoxia,-0.389005936007568,0.724345435777266,1.7557527889152635,0.9438585042953492,0.9438585042953492,0.0471407877258205,-0.389005936007568,0.724345435777266,Ridge,1.0696434942240554,0.26187147907340375,0.4479529843658253,0.2901755365607709
TGGAATGGTTTACTCT_E15S,E15S,Tumor Proliferating,exiting_hypoxia,-0.2111311798599781,-0.6474459058085118,3.028830869736125,0.935939073562622,0.935939073562622,0.0593314271993144,-0.2111311798599781,-0.6474459058085118,Hypoxic,1.0984502499474291,0.32938626908105245,0.3287836039213424,0.3418301269976051
TGTCCTTAGGTGCTAC_E15S,E15S,Tumor,exiting_hypoxia,0.9236200886146588,-0.6121779640005592,0.6362263349483769,0.9387779235839844,0.9387779235839844,0.1278812053127668,0.9236200886146588,-0.6121779640005592,Hypoxic,0.8366028509988674,0.0634158849414421,0.31836988316366904,0.6182142318948888
GTTAGCCAGGCATCCG_E15S,E15S,Tumor Proliferating,persistent_hypoxia,0.8591254129648984,-0.0106527233204825,1.9933095184982437,0.9440654516220092,0.9440654516220092,0.0416558981353273,0.8591254129648984,-0.0106527233204825,Hypoxic,0.8933602923185452,0.0763142897268053,0.3746416524258098,0.5490440578473849
TGCATATAGTCAGGCT_E15S,E15S,Tumor Proliferating,exiting_hypoxia,0.8265977577394887,-1.38686483493612,2.395859474381293,0.936297595500946,0.936297595500946,0.0294834623826806,0.8265977577394887,-1.38686483493612,Hypoxic,0.7218323450507962,0.04137577539469419,0.24942790499632575,0.7091963196089801
TATGCCCCATCAATCT_E15S,E15S,Tumor Proliferating,exiting_hypoxia,0.2918180498324993,-0.7200745821843004,2.824511151937696,0.9362699389457704,0.9362699389457704,0.0842618201765486,0.2918180498324993,-0.7200745821843004,Hypoxic,1.0385111423071784,0.19102751862368195,0.3412231794056257,0.4677493019706925
AGGAGCCAGAACGGGC_E15S,E15S,Tumor Proliferating,entering_hypoxia,-0.0864185025782926,0.5167537355449465,1.8232032006993868,0.9339771270751952,0.9339771270751952,0.0276450608975011,-0.0864185025782926,0.5167537355449465,Ridge,1.0709612827645338,0.2415275284034399,0.43285377186149276,0.32561869973506735
CGGCTTGAGTTGCAGC_E15S,E15S,Tumor Proliferating,transitional,0.0641317216500328,-0.2966011507768511,2.9973953839599923,0.9356083869934082,0.9356083869934082,0.058856001717226,0.0641317216500328,-0.2966011507768511,Hypoxic,1.089841478254534,0.27199980660443507,0.3623404963315069,0.3656596970640581
CGTAGGGGTTTGGCAT_E15S,E15S,Tumor,transitional,-0.1984056929323903,-0.3963776077353952,1.1631973487709888,0.9461116194725036,0.9461116194725036,0.1785674671929445,-0.1984056929323903,-0.3963776077353952,Ridge,1.0981152445007982,0.3402807958215164,0.34118342359031334,0.31853578058817017
GGTCTAATCCATTCCG_E15S,E15S,Tumor Proliferating,persistent_hypoxia,1.08156144589548,-0.275342139277513,1.3166094366666707,0.9418506622314452,0.9418506622314452,0.0546289981427674,1.08156144589548,-0.275342139277513,Hypoxic,0.8039520275377072,0.046906552436517826,0.3297145040743866,0.6233789434890956
GCCACTTCACAAGCGC_E15S,E15S,Tumor Proliferating,exiting_hypoxia,0.2290864475748188,-0.8624995040144182,1.5936037264932548,0.9316701292991638,0.9316701292991638,0.0042757604778878,0.2290864475748188,-0.8624995040144182,Hypoxic,1.0381917451689102,0.19416594780583865,0.3319153784162125,0.47391867377794894
GCTGCCTTCACAGACC_E15S,E15S,Tumor Proliferating,transitional,-0.170858859946703,-0.1109833859385635,2.09677037877726,0.9407171607017516,0.9407171607017516,0.0266917949375051,-0.170858859946703,-0.1109833859385635,Ridge,1.0963395141937187,0.3304375725449805,0.36223498502329243,0.30732744243172694
GCCTCATCAAAGGAAT_E15S,E15S,Tumor Proliferating,persistent_hypoxia,0.3526474924918333,0.3040111872756622,2.4269560067053626,0.941774845123291,0.941774845123291,0.0776027816411281,0.3526474924918333,0.3040111872756622,Ridge,1.026772347271951,0.16519212509938372,0.4220876524325473,0.4127202224680689
TAACCGATCCCATGCC_E15S,E15S,Tumor,transitional,0.1431343387550797,0.180671344088275,0.7642891807783531,0.9396221041679382,0.9396221041679382,0.1710671530081342,0.1431343387550797,0.180671344088275,Ridge,1.0711139232805702,0.2284219149766193,0.4060611548598482,0.3655169301635325
ACGACGAAGCCACTCC_E15S,E15S,Tumor Proliferating,exiting_hypoxia,-0.0613926836425148,-0.8613737788552385,1.9284101810068552,0.9373305439949036,0.9373305439949036,0.0121149047693162,-0.0613926836425148,-0.8613737788552385,Hypoxic,1.0847639332272418,0.2688010020552197,0.3267913543337666,0.4044076436110138
CACGGTTAGCTATGGC_E15S,E15S,Tumor,transitional,-0.33944225494923,0.1997084474072167,1.1908137586647016,0.9341182708740234,0.9341182708740234,0.1283255533311374,-0.33944225494923,0.1997084474072167,Ridge,1.089968323871008,0.3431674682163906,0.3809123834999534,0.27592014828365613
AACTGCATCGACTAAT_E15S,E15S,Tumor Proliferating,exiting_hypoxia,0.3573565696586478,-1.0905757781235088,2.3263277966627816,0.9330819845199584,0.9330819845199584,0.0258194400310902,0.3573565696586478,-1.0905757781235088,Hypoxic,0.967472555273009,0.13876460875685206,0.31359528453223523,0.5476401067109128
GCTCTATTCGATGGGA_E15S,E15S,Tumor Proliferating,persistent_hypoxia,0.7445567600543763,0.2119882088460686,1.4479329829609644,0.9346045255661012,0.9346045255661012,0.0056106948839771,0.7445567600543763,0.2119882088460686,Hypoxic,0.9252440798162738,0.08909894579824312,0.4007208855729054,0.5101801686288515
ACTCCGCTCCCGTTGC_E15S,E15S,Tumor,exiting_hypoxia,1.0085462883057494,-1.0395581433199408,0.5921174176411546,0.9277324676513672,0.9277324676513672,0.0542684559173971,1.0085462883057494,-1.0395581433199408,Hypoxic,0.7336257473329313,0.03928746832138961,0.2672031116242431,0.6935094200543673
ATGGTGAGTTAAGTGG_E15S,E15S,Tumor Proliferating,exiting_hypoxia,-0.2402358586658262,-0.5761285983565932,1.455555851648494,0.9377389550209044,0.9377389550209044,0.0341212683905081,-0.2402358586658262,-0.5761285983565932,Oxygenated,1.0984396809958987,0.34201658460532297,0.33009240762758824,0.3278910077670888
GCGACTTAGTGAAGGT_E15S,E15S,Tumor Proliferating,entering_deep_hypoxia,0.5561277582056421,1.4199934033830317,1.6965356667076,0.942974090576172,0.942974090576172,0.0293023359418866,0.5561277582056421,1.4199934033830317,Hypoxic,0.8159341903788948,0.03326081893840096,0.4780368511547247,0.4887023299068744
CAAGATGGTCATTACA_E15S,E15S,Tumor Proliferating,exiting_hypoxia,0.4756918443642594,-0.6760524120534289,1.8071375940557812,0.9323492050170898,0.9323492050170898,0.0373497981547482,0.4756918443642594,-0.6760524120534289,Hypoxic,0.9930681454604249,0.14790017029268346,0.3421967813879678,0.5099030483193487
CCATTAAGTTAAGCGA_E15S,E15S,Tumor Proliferating,exiting_hypoxia,0.2497368061379897,-0.6972150323706112,1.1705890131961143,0.9324198365211488,0.9324198365211488,0.0668261816007625,0.2497368061379897,-0.6972150323706112,Hypoxic,1.0497596501715225,0.20385898064331973,0.34247856551684436,0.45366245383983583
ACAACTTAGCATAGCC_E15S,E15S,Tumor Proliferating,entering_deep_hypoxia,0.4097466663280013,0.5214088367223201,1.630234176839923,0.9433932900428772,0.9433932900428772,0.0273951581605721,0.4097466663280013,0.5214088367223201,Ridge,0.9917594301501937,0.1320371551369157,0.44081339399583847,0.42714945086724593
ATGCTGATCACATTCC_E15S,E15S,Tumor Proliferating,exiting_hypoxia,1.286718995647325,-0.6664987007474632,1.377069020319577,0.9280593395233154,0.9280593395233154,0.0056061231833379,1.286718995647325,-0.6664987007474632,Hypoxic,0.6885950478528433,0.02446143445650503,0.2681554749821632,0.7073830905613318
CCACGATAGTTACGAT_E15S,E15S,Tumor Proliferating,entering_hypoxia,0.1881024389427542,0.7764531539990752,1.7879956043835623,0.9456258416175842,0.9456258416175842,0.0570243632193974,0.1881024389427542,0.7764531539990752,Ridge,1.0023191431271203,0.14445686140467348,0.46736751531989656,0.3881756232754298
GCCGTTGAGGATCATT_E15S,E15S,Tumor Proliferating,exiting_hypoxia,0.1457843418106507,-0.514493563499609,1.144035994329092,0.9412222504615784,0.9412222504615784,0.0624114586279964,0.1457843418106507,-0.514493563499609,Hypoxic,1.0776902908010741,0.24374307168521703,0.3515957918129036,0.4046611365018793
AAAGCAATCCACCGTC_E15S,E15S,Tumor Proliferating,entering_deep_hypoxia,1.5035361918575856,1.417074058314155,1.5658237176994134,0.9386636018753052,0.9386636018753052,0.022191867010746,1.5035361918575856,1.417074058314155,Hypoxic,0.6498290870133565,0.003214591739694542,0.32342768441183206,0.6733577238484734
TGCTACTTCCTGCGAG_E15S,E15S,Tumor Proliferating,entering_deep_hypoxia,0.7323880652479291,0.7710325768915374,1.6571300939050917,0.9347077012062072,0.9347077012062072,0.0211732696032874,0.7323880652479291,0.7710325768915374,Hypoxic,0.8750262236624751,0.05938953433699657,0.43786245241886607,0.5027480132441373
GCCACTTCAAACTGGT_E15S,E15S,Tumor Proliferating,persistent_hypoxia,0.6302183121352408,-0.1790622198091744,1.618457625043151,0.9363961219787598,0.9363961219787598,0.0150922035598614,0.6302183121352408,-0.1790622198091744,Hypoxic,0.972113286094568,0.12309860880860633,0.3765724178215019,0.5003289733698918
GCGAGTTTCGTGAGAG_E15S,E15S,Tumor Proliferating,normoxic_stable,-0.4384582047628328,-0.3895443699209853,1.5822455898261154,0.9405176043510436,0.9405176043510436,0.0661673630947864,-0.4384582047628328,-0.3895443699209853,Oxygenated,1.088377926130137,0.39467600430836614,0.3272181400588174,0.2781058556328164
CGTGATTGTAGCGCCT_E15S,E15S,Tumor Proliferating,exiting_hypoxia,0.4562072156164908,-0.4089443767590403,1.4675466467108822,0.9480425715446472,0.9480425715446472,0.0566208596404423,0.4562072156164908,-0.4089443767590403,Hypoxic,1.0180849641384835,0.16366348165713948,0.36294366992404703,0.4733928484188135
GCTTGGGTCACTGGCG_E15S,E15S,Tumor Proliferating,exiting_hypoxia,0.4745982283336949,-1.343730728486332,1.7548906273387248,0.93326598405838,0.93326598405838,0.0567380567192657,0.4745982283336949,-1.343730728486332,Hypoxic,0.8663268378954843,0.08913294186647448,0.2847380045485192,0.6261290535850064
GTAAATGAGCGAACTC_E15S,E15S,Tumor Proliferating,exiting_hypoxia,0.750304611194909,-0.5313743027025598,2.22157958677352,0.9404819011688232,0.9404819011688232,0.0341058182982094,0.750304611194909,-0.5313743027025598,Hypoxic,0.9125633134747845,0.09455571016574671,0.3407254016843536,0.5647188881498997
AGCAGCAAGCGGAGAC_E15S,E15S,Tumor Proliferating,persistent_hypoxia,0.3174788284199996,-0.1963333543824871,1.675605035949715,0.937118411064148,0.937118411064148,0.0217086275250521,0.3174788284199996,-0.1963333543824871,Hypoxic,1.0547269040912446,0.20126538077851103,0.37874494239159384,0.419989676829895
AACACGAGTTCTGGCA_E15S,E15S,Tumor,exiting_hypoxia,0.208497907362393,-0.9925790039736544,-0.2603080484594879,0.9403456449508668,0.9403456449508668,0.125566579119643,0.208497907362393,-0.9925790039736544,Hypoxic,1.0259076194076622,0.18443854836238133,0.32371820919165323,0.4918432424459654
AGCGGGACAGGAACGG_E15S,E15S,Tumor Proliferating,persistent_hypoxia,0.5387411259520165,0.0008462487629743,1.434262983108456,0.9472529292106628,0.9472529292106628,0.1000693361479226,0.5387411259520165,0.0008462487629743,Hypoxic,0.9979378361799227,0.1398805766122724,0.3941725726447191,0.46594685074300857
AGCCACTAGTTACACG_E15S,E15S,Tumor Proliferating,exiting_hypoxia,1.609843891126994,-1.089971249700428,0.1631506847153026,0.9376800656318665,0.9376800656318665,0.0457190737624115,1.609843891126994,-1.089971249700428,Hypoxic,0.5153024088195458,0.006517531638548325,0.1839506228575347,0.809531845503917
CTTGTCCGTGAACCGG_E15S,E15S,Tumor Proliferating,exiting_hypoxia,-0.3002087750875021,-0.4552774887708826,1.1402142632029306,0.9290044903755188,0.9290044903755188,0.0550942676873682,-0.3002087750875021,-0.4552774887708826,Oxygenated,1.0961229434457933,0.36277220379187086,0.3320440052341195,0.3051837909740096
TGGTTCCCAACCAGGC_E15S,E15S,Tumor Proliferating,exiting_hypoxia,0.1240430408275462,-0.8048791078663982,1.5168281903748078,0.9321795105934144,0.9321795105934144,0.0151362287172099,0.1240430408275462,-0.8048791078663982,Hypoxic,1.0645804123110454,0.2273506736127583,0.3342731230607121,0.43837620332652966
TGGAACCTCGATTGCA_E15S,E15S,Tumor Proliferating,transitional,0.2238564432994322,-0.1553221868339295,1.8660093396376567,0.9344028234481812,0.9344028234481812,0.0609507842410193,0.2238564432994322,-0.1553221868339295,Hypoxic,1.0707874786557048,0.22606391462817388,0.37959353947694596,0.3943425458948802
TGCAAAGGTAAGTAGT_E15S,E15S,Tumor,exiting_hypoxia,1.139280907563815,-1.0723171160275426,0.7481822452104472,0.942704141139984,0.942704141139984,0.160588372719573,1.139280907563815,-1.0723171160275426,Hypoxic,0.6770562842010635,0.027218037397720867,0.24788522442697836,0.7248967381753009
CACCGCTTCCCAATGA_E15S,E15S,Tumor Proliferating,exiting_hypoxia,0.1243423403552633,-0.6571537792807992,2.767121211210729,0.9328491687774658,0.9328491687774658,0.0468815293139177,0.1243423403552633,-0.6571537792807992,Hypoxic,1.0745468052514413,0.24069384453979512,0.3424956343177987,0.4168105211424061
GTAGTCATCTGGCCTC_E15S,E15S,Tumor,transitional,0.1528947177909066,-0.080744816835732,1.4247486003610497,0.9365954399108888,0.9365954399108888,0.0996438273673969,0.1528947177909066,-0.080744816835732,Ridge,1.0792291853889409,0.243130121507668,0.38296438072474787,0.3739054977675842
CATCCAGGTTGAGTAG_E15S,E15S,Tumor Proliferating,transitional,-0.1796920272577289,-0.1311813075673945,1.4827720625451402,0.9562154412269592,0.9562154412269592,0.1440912225045841,-0.1796920272577289,-0.1311813075673945,Ridge,1.0964534123482306,0.33349643784219957,0.3600594730484412,0.3064440891093592
GCTGATGCACTAATTC_E15S,E15S,Tumor Proliferating,persistent_hypoxia,0.4782169399908543,0.3601052599470785,1.5315895394637045,0.9349841475486756,0.9349841475486756,0.0109516710570027,0.4782169399908543,0.3601052599470785,Hypoxic,0.992076737056886,0.13234950429045697,0.42545529179957764,0.44219520390996536
CAGCCAACATTCATGT_E15S,E15S,Tumor Proliferating,exiting_hypoxia,-0.287734170428955,-0.5637226043665885,1.2995229138909643,0.9319797158241272,0.9319797158241272,0.0438315298890637,-0.287734170428955,-0.5637226043665885,Oxygenated,1.0975744674206522,0.3540856359896644,0.3279902270681231,0.3179241369422125
CGCATCAGTTGTAGGA_E15S,E15S,Tumor Proliferating,exiting_hypoxia,-0.1704820663739719,-0.7394287311737305,3.2882729386813097,0.9365050792694092,0.9365050792694092,0.0896214962733627,-0.1704820663739719,-0.7394287311737305,Hypoxic,1.0965374797165492,0.3104843964587363,0.32728418524749797,0.3622314182937657
ATGCCTAAGTCGAGCT_E15S,E15S,Tumor Proliferating,persistent_hypoxia,1.0098085476639076,-0.0364637633739412,1.381314578828411,0.9419164061546326,0.9419164061546326,0.0752210835114742,1.0098085476639076,-0.0364637633739412,Hypoxic,0.8386960600508728,0.054662955188329025,0.35702191927962035,0.5883151255320507
ATAACCACATGGTAAC_E15S,E15S,Tumor Proliferating,exiting_hypoxia,0.913598176072002,-0.7425246467959216,1.600068883317098,0.9349982142448424,0.9349982142448424,0.0148162771911566,0.913598176072002,-0.7425246467959216,Hypoxic,0.8234239971229085,0.06102453090097815,0.30729812387227046,0.6316773452267515
CCTGATCCAAGCACCA_E15S,E15S,Tumor Proliferating,transitional,-0.0439706768771306,0.3387801765730387,1.8057363562857571,0.9361305832862854,0.9361305832862854,0.0634848562778155,-0.0439706768771306,0.3387801765730387,Ridge,1.0802330754868494,0.25781065958107946,0.4139831106925491,0.3282062297263715
AGTATGTTCCATAGCA_E15S,E15S,Tumor Proliferating,exiting_hypoxia,0.4268518680238196,-0.556742539009512,1.5673579746562607,0.9403369426727296,0.9403369426727296,0.1255213390486239,0.4268518680238196,-0.556742539009512,Hypoxic,1.017648628868021,0.16619379389105893,0.35214075480450524,0.4816654513044359
TGGTAGCTCGCGCTAG_E15S,E15S,Tumor Proliferating,entering_hypoxia,-0.4218705983281183,1.0135760231605773,1.42577202399574,0.935130536556244,0.935130536556244,0.0329647847745658,-0.4218705983281183,1.0135760231605773,Ridge,1.0357035269559638,0.20258481762995068,0.4897800712662209,0.3076351111038283
AATCCCAAGTAAGGAC_E15S,E15S,Tumor Proliferating,persistent_hypoxia,0.7263043811644533,-0.346577753886492,1.4438569582235292,0.933805286884308,0.933805286884308,0.0076256397938173,0.7263043811644533,-0.346577753886492,Hypoxic,0.934455815963767,0.10270962246754504,0.3578687484956563,0.5394216290367987
ATGTTAGCATGCGTCT_E15S,E15S,Tumor Proliferating,exiting_hypoxia,0.5165384111114247,-0.5024688369481003,2.681261621246642,0.9378847479820251,0.9378847479820251,0.0649383023476837,0.5165384111114247,-0.5024688369481003,Hypoxic,0.9954312119934297,0.14609321170855805,0.35459048797919734,0.4993163003122446
CTGGCCAAGATTGCAT_E15S,E15S,Tumor,entering_hypoxia,-0.4586075231025893,1.034855307562469,1.288629559151565,0.9342142939567566,0.9342142939567566,0.0504445211302456,-0.4586075231025893,1.034855307562469,Ridge,1.0345039738059256,0.20255061371656866,0.4922934083349153,0.30515597794851607
GTAATCCGTTAGGTCT_E15S,E15S,Tumor Proliferating,transitional,0.1563622357503118,0.0193460134939275,1.900077426529197,0.9433552026748656,0.9433552026748656,0.0599846399201256,0.1563622357503118,0.0193460134939275,Ridge,1.076238496185479,0.23709245797399225,0.39167548475831737,0.3712320572676905
ATGCATTAGGAGGCAC_E15S,E15S,Tumor Proliferating,exiting_hypoxia,-0.0691353100834925,-0.5089228250555003,2.827307876366132,0.9376614093780518,0.9376614093780518,0.1734634879445725,-0.0691353100834925,-0.5089228250555003,Hypoxic,1.0963542939371804,0.30268024002211774,0.3424919087601845,0.3548278512176979
CGTAATGTCATCAGTG_E15S,E15S,Tumor Proliferating,exiting_hypoxia,0.0054035565032112,-0.8908836691331143,1.7613669268479657,0.941171169281006,0.941171169281006,0.0607466866557502,0.0054035565032112,-0.8908836691331143,Hypoxic,1.0751165980525825,0.24809636604191518,0.3273627225069255,0.42454091145115935
CCACATAAGCTTAGAT_E15S,E15S,Tumor Proliferating,exiting_hypoxia,0.3043485690418911,-0.5868716865269201,1.4749509031987285,0.9380332827568054,0.9380332827568054,0.0269113656480605,0.3043485690418911,-0.5868716865269201,Hypoxic,1.0459519559220278,0.19664630799133587,0.35022667378099576,0.4531270182276684
CGTTTAAGTAATGTGG_E15S,E15S,Tumor Proliferating,persistent_hypoxia,0.3203251283747173,0.1025345766101347,1.6171399432591111,0.9428642392158508,0.9428642392158508,0.0264835100401948,0.3203251283747173,0.1025345766101347,Hypoxic,1.0465983888004045,0.18860239454582678,0.4037213721814265,0.40767623327274666
TCAACATAGGCTCTCC_E15S,E15S,Tumor Proliferating,exiting_hypoxia,0.0024743415800234,-0.5567282230210613,1.835220715574928,0.9516084790229796,0.9516084790229796,0.1563932302016314,0.0024743415800234,-0.5567282230210613,Hypoxic,1.0914939263518408,0.2807985953515996,0.3434626850448754,0.3757387196035249
CTAGTCAAGCAGGTGA_E15S,E15S,Tumor,exiting_hypoxia,1.0511474526926623,-0.5955966719429099,-0.0246331013649829,0.9423156976699828,0.9423156976699828,0.2491153815828916,1.0511474526926623,-0.5955966719429099,Hypoxic,0.7879124230166331,0.047144333902277846,0.3056809586799467,0.6471747074177755
TACCTGTTCCAGAGGA_E15S,E15S,Tumor Proliferating,entering_hypoxia,0.0279466077449569,0.8927885029402491,1.5373984115848944,0.941250503063202,0.941250503063202,0.0217866179180767,0.0279466077449569,0.8927885029402491,Ridge,1.009505423174447,0.1553670217552622,0.47982812567624317,0.3648048525684946
CATATTGGTGAGCCCT_E15S,E15S,Tumor Proliferating,persistent_hypoxia,1.2737680257516892,-0.3013732651418068,0.3533810273653537,0.9343374371528624,0.9343374371528624,0.0375410420896251,1.2737680257516892,-0.3013732651418068,Hypoxic,0.7303749222624105,0.028247485852049968,0.3014506735388362,0.6703018406091139
AACGCTTGTATGGGTA_E15S,E15S,Tumor Proliferating,exiting_hypoxia,1.15202769696698,-0.4284795002622344,1.507447528267578,0.945232093334198,0.945232093334198,0.0831292286797745,1.15202769696698,-0.4284795002622344,Hypoxic,0.7657859579291594,0.03842685584743957,0.3078270310208118,0.6537461131317486
ACTCCCGCATCCTCGG_E15S,E15S,Tumor,entering_deep_hypoxia,1.533764353872832,0.8584088298420517,1.0634108963471882,0.9353538751602172,0.9353538751602172,0.0511034931119978,1.533764353872832,0.8584088298420517,Hypoxic,0.6633093959333183,0.0068696092665061015,0.3173846543411911,0.6757457363923028
CTGATTTCATTAACTC_E15S,E15S,Tumor Proliferating,transitional,-0.1021956491881763,-0.3377882163015612,2.707772949137175,0.9382143020629884,0.9382143020629884,0.0525730536789464,-0.1021956491881763,-0.3377882163015612,Ridge,1.0977596283205742,0.3167270510648479,0.3504390515147689,0.33283389742038316
GTATTCCTCGAGTCTA_E15S,E15S,Tumor Proliferating,transitional,-0.0627936454472385,0.2487483313155141,2.217849980854875,0.9368661642074584,0.9368661642074584,0.028711652393479,-0.0627936454472385,0.2487483313155141,Ridge,1.085915617613417,0.27357849337676593,0.40308844536123106,0.32333306126200306
TAAACGAAGGGCTCTG_E15S,E15S,Tumor Proliferating,exiting_hypoxia,0.1736499571178724,-0.6155021935943559,1.1244682034503155,0.9280702471733092,0.9280702471733092,0.0338988481768261,0.1736499571178724,-0.6155021935943559,Hypoxic,1.069252777106949,0.23026512992825973,0.34624058987576095,0.42349428019597923
ACATGCATCCGTTGCC_E15S,E15S,Tumor Proliferating,persistent_hypoxia,1.0529142772722817,-0.0597666987722584,2.162813372960552,0.940115213394165,0.940115213394165,0.0538141142979171,1.0529142772722817,-0.0597666987722584,Hypoxic,0.8226004895559877,0.04952658271586292,0.3501104484717568,0.6003629688123803
GTCTACTTCTCACTTA_E15S,E15S,Tumor Proliferating,exiting_hypoxia,-0.1919197448144515,-0.8601771788861956,1.6912059420967902,0.9322630763053894,0.9322630763053894,0.0068873075733808,-0.1919197448144515,-0.8601771788861956,Hypoxic,1.0941180263584265,0.3011264038784793,0.32223333355000183,0.3766402625715189
AACTGACCATAGATCA_E15S,E15S,Tumor Proliferating,exiting_hypoxia,0.2125705152532319,-1.112856634512048,3.2721176692889613,0.9394826292991638,0.9394826292991638,0.0696169921275051,0.2125705152532319,-1.112856634512048,Hypoxic,1.0049154360657524,0.16795245629648195,0.3156846806873726,0.5163628630161455
AGTATTCAGTTGGACC_E15S,E15S,Tumor Proliferating,transitional,-0.1886991266641456,-0.1055659535275403,1.5566691608262266,0.9409360289573668,0.9409360289573668,0.0487119232771611,-0.1886991266641456,-0.1055659535275403,Ridge,1.0961100229660512,0.334607463994549,0.36151013562978557,0.30388240037566533
CGATGTCAGGGGTAAT_E15S,E15S,Tumor,exiting_hypoxia,0.5767124608210595,-1.0060379892016442,1.3983086868277963,0.9425455331802368,0.9425455331802368,0.1422716601672758,0.5767124608210595,-1.0060379892016442,Hypoxic,0.9092585140223836,0.10253816818701673,0.31025405811096224,0.587207773702021
CTAAACCGTGAACTAG_E15S,E15S,Tumor Proliferating,exiting_hypoxia,-0.1523998506017161,-0.5617946172546665,1.4918438271241834,0.938331663608551,0.938331663608551,0.0378230139929722,-0.1523998506017161,-0.5617946172546665,Hypoxic,1.0982369675995556,0.32125024015488274,0.33547661213907654,0.3432731477060408
GGCTGACCATGAGCCA_E15S,E15S,Tumor Proliferating,persistent_hypoxia,2.169148774213322,0.0666227270208954,1.7808930533717997,0.9532288908958436,0.9532288908958436,0.0784302020279474,2.169148774213322,0.0666227270208954,Hypoxic,0.48044871756126317,0.0013078271937172307,0.17955470350009614,0.8191374693061867
CGGATTCAGTTAGCGC_E15S,E15S,Tumor Proliferating,persistent_hypoxia,0.5049181343319848,-0.1317702884446673,1.5072733327247938,0.9445512294769288,0.9445512294769288,0.0567677638299695,0.5049181343319848,-0.1317702884446673,Hypoxic,1.0097942548983474,0.15164496462170163,0.38409885130344934,0.46425618407484887
TGCAAATTCAAGTCCA_E15S,E15S,Tumor Proliferating,persistent_hypoxia,1.4608200469648178,0.0084743903558807,1.314282604628051,0.9635623693466188,0.9635623693466188,0.0828256319508937,1.4608200469648178,0.0084743903558807,Hypoxic,0.6827279020576271,0.0160114507867035,0.2946819005030358,0.6893066487102607
GGTCATATCAGGGCTT_E15S,E15S,Tumor Proliferating,exiting_hypoxia,0.7106803953384723,-0.9215858870258254,2.017775532567156,0.9363556504249572,0.9363556504249572,0.0180289860713574,0.7106803953384723,-0.9215858870258254,Hypoxic,0.8744993454607115,0.08436605699482237,0.30868765676564597,0.6069462862395317
CGAGTCACAACCAGTG_E15S,E15S,Tumor Proliferating,exiting_hypoxia,0.3260014655137856,-0.5964827047318833,1.1772233694344103,0.9301890730857848,0.9301890730857848,0.0277805929847279,0.3260014655137856,-0.5964827047318833,Hypoxic,1.0404083647598328,0.19035552548151913,0.34968739193226944,0.45995708258621154
AACGATGGTAGCCAGG_E15S,E15S,Tumor Proliferating,transitional,-0.1020444936122466,-0.057106509944087,1.8080527576023608,0.9323774576187134,0.9323774576187134,0.0374108740271635,-0.1020444936122466,-0.057106509944087,Ridge,1.0954041604408304,0.3102986114303827,0.3710988048943395,0.3186025836752779
GTATTCCTCCAGGGAA_E15S,E15S,Tumor Proliferating,persistent_hypoxia,0.3526896348981833,-0.098185417303295,1.484240738780942,0.940419375896454,0.940419375896454,0.0294505171208608,0.3526896348981833,-0.098185417303295,Hypoxic,1.0466067943348292,0.18965415190752308,0.387135662200735,0.42321018589174203
GGGATTGAGGCACACT_E15S,E15S,Tumor,transitional,-0.3275400215308032,-0.3314753613425442,1.3506117517725342,0.9444026947021484,0.9444026947021484,0.1462235831212447,-0.3275400215308032,-0.3314753613425442,Oxygenated,1.093650595331259,0.3719293336961957,0.3369213062114657,0.2911493600923386
GGGTACGGTAGGCGAT_E15S,E15S,Tumor Proliferating,exiting_hypoxia,-0.1035022442283253,-0.663210243115518,1.520772254385125,0.9367203116416932,0.9367203116416932,0.0152901366865613,-0.1035022442283253,-0.663210243115518,Hypoxic,1.0954727796127648,0.3009717037664876,0.3334119907326907,0.36561630550082175
CTTGTGTTCCGTGCGA_E15S,E15S,Tumor Proliferating,persistent_hypoxia,0.8627254906742013,-0.2856493919055046,2.788007896094393,0.937351942062378,0.937351942062378,0.0533508769392809,0.8627254906742013,-0.2856493919055046,Hypoxic,0.8869981047294091,0.077926974055373,0.35246208464115447,0.5696109413034726
GCTCAATGTGGGTACG_E15S,E15S,Tumor Proliferating,entering_deep_hypoxia,0.809898416236919,0.6680213015418857,2.2530470453527687,0.9377223253250122,0.9377223253250122,0.0168302261421045,0.809898416236919,0.6680213015418857,Hypoxic,0.8658219161808729,0.05621628248461087,0.4244081767756596,0.5193755407397295
TAGGGTGAGAATCACT_E15S,E15S,Tumor Proliferating,persistent_hypoxia,0.8433340723289947,-0.3292318226373104,2.129789315408186,0.9439290165901184,0.9439290165901184,0.1785648566917401,0.8433340723289947,-0.3292318226373104,Hypoxic,0.8921492863230052,0.08101227438012926,0.3505468382929354,0.5684408873269353
TATCGCTTCACGGAAG_E15S,E15S,Tumor Proliferating,transitional,-0.0317786591384031,-0.1726710272737195,1.4727498426260726,0.9406552910804749,0.9406552910804749,0.0309901658903614,-0.0317786591384031,-0.1726710272737195,Ridge,1.0949295368825285,0.2966278264080722,0.3660989395568308,0.33727323403509696
CGGACTTAGCTTACAG_E15S,E15S,Tumor Proliferating,exiting_hypoxia,0.763819763762745,-0.8502358262436438,1.5386527349765735,0.9430883526802064,0.9430883526802064,0.0826630650253623,0.763819763762745,-0.8502358262436438,Hypoxic,0.8661627471256115,0.07939686607785566,0.31110305781479797,0.6095000761073465
ACCTACTTCCGCACTC_E15S,E15S,Tumor,entering_deep_hypoxia,0.8809683797712579,1.0763225710879551,0.1286732413279086,0.9333101511001588,0.9333101511001588,0.0959981311978197,0.8809683797712579,1.0763225710879551,Hypoxic,0.7998524071581057,0.02959158688115261,0.4308441646015122,0.5395642485173352
AACGATGGTGGCCATC_E15S,E15S,Tumor Proliferating,entering_hypoxia,0.263497115076814,0.5588781672195783,2.025039379604522,0.946711242198944,0.946711242198944,0.0810423849468935,0.263497115076814,0.5588781672195783,Ridge,1.0187537183240252,0.15828520591078057,0.4459242984828567,0.39579049560636265
AAGTCCATCCTGACGG_E15S,E15S,Tumor,persistent_hypoxia,0.9445501190487964,-0.3246799090654853,0.8047365390924577,0.9293156862258912,0.9293156862258912,0.0505696191456052,0.9445501190487964,-0.3246799090654853,Hypoxic,0.8537274396216514,0.06482334392419628,0.34131861414167053,0.5938580419341332
CTGAAAGGTTTGATTG_E15S,E15S,Tumor Proliferating,exiting_hypoxia,-0.0737884015387232,-0.8166095642465594,1.482825430965632,0.9366801977157592,0.9366801977157592,0.0278454816668511,-0.0737884015387232,-0.8166095642465594,Hypoxic,1.0883342614472338,0.27745335726531783,0.32821682410769126,0.394329818626991
CCTAGCTCAACTGGCA_E15S,E15S,Tumor Proliferating,persistent_hypoxia,0.5017406217994632,-0.011979617624899,2.516178881902852,0.9380902647972108,0.9380902647972108,0.1112584916457507,0.5017406217994632,-0.011979617624899,Hypoxic,1.0085772772009203,0.14907787797592154,0.39390102127673277,0.4570211007473457
TGCCACCTCTGGCTGG_E15S,E15S,Tumor Proliferating,exiting_hypoxia,0.3863654178218573,-0.7175817604771547,1.4725972058585746,0.937735915184021,0.937735915184021,0.026972334738153,0.3863654178218573,-0.7175817604771547,Hypoxic,1.0147536521930216,0.16707294055448518,0.34085824238903706,0.49206881705647776
CGCTCCACAGGCAACC_E15S,E15S,Tumor Proliferating,transitional,-0.2191566448248178,-0.3495186214245546,1.196007197743656,0.9291176199913024,0.9291176199913024,0.0334999325329445,-0.2191566448248178,-0.3495186214245546,Oxygenated,1.0974800565118379,0.3462831682644184,0.3425882980990246,0.31112853363655696
CAAATGAAGGGTGAAT_E15S,E15S,Tumor Proliferating,exiting_hypoxia,1.2824823546282125,-0.575178930486385,1.772204659296421,0.9348400831222534,0.9348400831222534,0.0102120714866694,1.2824823546282125,-0.575178930486385,Hypoxic,0.7014317461542074,0.02579922578112315,0.27701121063860495,0.697189563580272
GGCATCACATCATCTG_E15S,E15S,Tumor Proliferating,exiting_hypoxia,0.4997312712547519,-0.5120573407884127,2.590139837159827,0.9408971667289734,0.9408971667289734,0.0881747659452876,0.4997312712547519,-0.5120573407884127,Hypoxic,0.9998634098303998,0.14983984334895523,0.3542606785008364,0.49589947815020835
CTCAACGGTTTACTCT_E15S,E15S,Tumor Proliferating,entering_deep_hypoxia,2.213305095561036,1.0301015224836745,1.8284865881699977,0.9404956102371216,0.9404956102371216,0.0283341766841239,2.213305095561036,1.0301015224836745,Hypoxic,0.4976982429295338,0.000482876981852891,0.19516996814622348,0.8043471548719237
GCAAAGGTCCGCTGAG_E15S,E15S,Tumor Proliferating,exiting_hypoxia,0.3404325432048912,-0.778355845309525,1.893959426218665,0.9333429336547852,0.9333429336547852,0.0281185705769024,0.3404325432048912,-0.778355845309525,Hypoxic,1.0205702271698067,0.1739057041373792,0.33705706337920965,0.4890372324834111
ACTCCCGCAGCACTAG_E15S,E15S,Tumor Proliferating,exiting_hypoxia,-0.0615949224633867,-0.5146373412407879,1.1750965092765198,0.9336070418357848,0.9336070418357848,0.1558625410156646,-0.0615949224633867,-0.5146373412407879,Hypoxic,1.095976539903753,0.3003818985659121,0.34258224454970443,0.3570358568843835
GGATAATGTTGCAGTT_E15S,E15S,Tumor Proliferating,persistent_hypoxia,2.101269343085328,-0.0012975559615617,1.4756528420729915,0.9494020938873292,0.9494020938873292,0.0892431336607269,2.101269343085328,-0.0012975559615617,Hypoxic,0.49454407638177744,0.0017395500563300143,0.18718380349856303,0.811076646445107
CTCCTTGAGTGATCTG_E15S,E15S,Tumor Proliferating,persistent_hypoxia,1.186632844227817,-0.1609523018583541,0.7134113964909254,0.9449384808540344,0.9449384808540344,0.0606407107424948,1.186632844227817,-0.1609523018583541,Hypoxic,0.7703950608646681,0.035775810182366884,0.32487319720618907,0.639350992611444
TCATTAGGTCAACTGT_E15S,E15S,Tumor Proliferating,entering_hypoxia,-0.0706330708251997,0.8374916842577421,2.042293471268381,0.9383047819137572,0.9383047819137572,0.0701517235312912,-0.0706330708251997,0.8374916842577421,Ridge,1.0317973111620167,0.18256542474615461,0.4727285320061174,0.34470604324772797
AGGATCAGTTTCGAGT_E15S,E15S,Tumor Proliferating,persistent_hypoxia,0.787871148198882,-0.0995449596529813,1.339672846383673,0.9508599042892456,0.9508599042892456,0.132586146629036,0.787871148198882,-0.0995449596529813,Hypoxic,0.9189540908370157,0.09015855614045812,0.3736296249510838,0.536211818908458
ATGCCAATCCATCGCC_E15S,E15S,Tumor Proliferating,exiting_hypoxia,0.3094205024423686,-0.8185416685558565,1.5256273376290714,0.9369789958000184,0.9369789958000184,0.0287469468289564,0.3094205024423686,-0.8185416685558565,Hypoxic,1.0239990085572583,0.1781891536399267,0.3345447103961323,0.487266135963941
CACCTCGCATCCTCAA_E15S,E15S,Tumor Proliferating,transitional,-0.0713404924410907,-0.041421184868674,1.3290528328622628,0.931623101234436,0.931623101234436,0.029630520569002,-0.0713404924410907,-0.041421184868674,Ridge,1.0944852493787345,0.3014718556114236,0.37435320814001943,0.3241749362485571
TGGACTATCCAGAGGA_E15S,E15S,Tumor Proliferating,entering_hypoxia,0.2617884034065904,1.068958729461815,1.474270453132117,0.9457330107688904,0.9457330107688904,0.0222993535448798,0.2617884034065904,1.068958729461815,Ridge,0.9356109741661158,0.09328809503334515,0.4899301430088553,0.4167817619577996
ACCTCCATCAATGGTT_E15S,E15S,Tumor Proliferating,entering_deep_hypoxia,0.3103587872864842,1.1056563832969266,1.322157716007959,0.9390074014663696,0.9390074014663696,0.0555504149135828,0.3103587872864842,1.1056563832969266,Ridge,0.9189610400982673,0.08265322370142657,0.489678092851054,0.42766868344751946
CTTATAGGTCCATTAA_E15S,E15S,Tumor,persistent_hypoxia,2.152568362637634,-0.0807991799108995,1.8505474137533908,0.944570541381836,0.944570541381836,0.0976403109815828,2.152568362637634,-0.0807991799108995,Hypoxic,0.4750570380865552,0.0014394897640337629,0.175484774077356,0.8230757361586103
TAAACCACACAGGGTC_E15S,E15S,Tumor Proliferating,transitional,-0.1786121477912893,-0.3636084563239865,1.7010449254827649,0.9473930597305298,0.9473930597305298,0.1164764781990605,-0.1786121477912893,-0.3636084563239865,Ridge,1.0981430818244426,0.33601256992542833,0.3442568529642013,0.31973057711037034
CGTAAACCATCACTAT_E15S,E15S,Tumor,exiting_hypoxia,2.809889061845245,-1.0395731436608489,-0.2582743799223868,0.9465128779411316,0.9465128779411316,0.07625277229491,2.809889061845245,-1.0395731436608489,Hypoxic,0.22883259656998672,4.924861771522589e-05,0.06048427308152246,0.9394664783007625
GTTGTGATCACTCCTG_E15S,E15S,Tumor Proliferating,reverted_stable,-0.4393425929713519,-0.7926942968676866,1.5877708256242908,0.930825412273407,0.930825412273407,0.0192482363032415,-0.4393425929713519,-0.7926942968676866,Oxygenated,1.0963944801377536,0.36457737029305026,0.31359289660682693,0.32182973310012286
AGGAATGCATAAGCCG_E15S,E15S,Tumor Proliferating,exiting_hypoxia,0.7044855124341406,-0.619921730681529,1.585059237437724,0.9364700317382812,0.9364700317382812,0.0163022279556181,0.7044855124341406,-0.619921730681529,Hypoxic,0.9207653707092072,0.10052807858987449,0.336261786236054,0.5632101351740715
CCTACCGCATGGTGCA_E15S,E15S,Tumor Proliferating,entering_hypoxia,-0.1033441428559566,1.270766135879442,1.588895734105982,0.9455645084381104,0.9455645084381104,0.0327022345312629,-0.1033441428559566,1.270766135879442,Ridge,0.9516528637924848,0.11048841713700634,0.5189788388160665,0.3705327440469271
TGCGATGCAAATTCGA_E15S,E15S,Tumor Proliferating,exiting_hypoxia,0.4735962952912547,-0.4810886632012409,1.6135698693815268,0.9436317086219788,0.9436317086219788,0.115033111622869,0.4735962952912547,-0.4810886632012409,Hypoxic,1.0095107188014458,0.15733764740478728,0.35717585031538335,0.4854865022798295
ACTAAGGGTGCGGTTC_E15S,E15S,Tumor Proliferating,exiting_hypoxia,0.384393896834408,-0.7809410435157869,3.0276764910937968,0.9391456842422484,0.9391456842422484,0.0561576497929358,0.384393896834408,-0.7809410435157869,Hypoxic,1.008295055956686,0.1627998545837455,0.33628800010216936,0.5009121453140851
GGAACCTTCGACCCGA_E15S,E15S,Tumor Proliferating,transitional,0.0669630346447795,-0.3098289620218015,2.6109986141208106,0.9397314190864564,0.9397314190864564,0.108480657127018,0.0669630346447795,-0.3098289620218015,Hypoxic,1.0895826805560145,0.27116806184180675,0.361566224861571,0.36726571329662216
CGACCATAGCGGATAG_E15S,E15S,Tumor,persistent_hypoxia,1.102641162944573,0.4015027527698041,0.2913987281452846,0.9394919872283936,0.9394919872283936,0.0587571553904833,1.102641162944573,0.4015027527698041,Hypoxic,0.7978557892571074,0.03572460946071399,0.37361161073945953,0.5906637797998264
GGACGTAAGAACGATA_E15S,E15S,Tumor Proliferating,transitional,0.0440694456016209,-0.367855378664408,1.0291321848477426,0.930635154247284,0.930635154247284,0.0310750317832058,0.0440694456016209,-0.367855378664408,Hypoxic,1.09112769970335,0.2768286064309803,0.35657032032549146,0.36660107324352825
GTCAACATCAATGTGT_E15S,E15S,Tumor,transitional,0.1552917901647294,-0.1329417516215253,0.6733349434432316,0.932031273841858,0.932031273841858,0.0307817337394257,0.1552917901647294,-0.1329417516215253,Ridge,1.0798167352981238,0.24435051716783068,0.3788125084847222,0.3768369743474472
TCCCATTAGTCATACG_E15S,E15S,Tumor Proliferating,entering_deep_hypoxia,0.4399911368598045,0.4517298136402311,1.61868204439297,0.936142921447754,0.936142921447754,0.0562626418186992,0.4399911368598045,0.4517298136402311,Ridge,0.9924364317207091,0.13251687114706753,0.4341450752641051,0.4333380535888273
GTTGGTTGTGAGGTTA_E15S,E15S,Tumor,exiting_hypoxia,2.4335833264790665,-1.5072093727025184,1.2628276456382903,0.9485009908676147,0.9485009908676147,0.0837954947046207,2.4335833264790665,-1.5072093727025184,Hypoxic,0.25247430282672856,0.00015181654368269095,0.06898228821908349,0.9308658952372337
TAAGGCTCAACTAGCG_E15S,E15S,Tumor Proliferating,transitional,-0.0431192589639668,0.24853373002164,1.6713359615775465,0.9331524968147278,0.9331524968147278,0.0379522407394725,-0.0431192589639668,0.24853373002164,Ridge,1.0848120289951846,0.26876028875032154,0.40414354131972974,0.32709616992994867
CCAGCTAGTTCCGTGA_E15S,E15S,Tumor Proliferating,exiting_hypoxia,-0.0345905071295171,-1.08167178882406,1.5146724416784334,0.9457962512969972,0.9457962512969972,0.1081602868825703,-0.0345905071295171,-1.08167178882406,Hypoxic,1.0614264849968318,0.23026686185075654,0.3179034241185369,0.4518297140307066
CTATAGGTCACTCGGG_E15S,E15S,Tumor Proliferating,persistent_hypoxia,1.150702150297103,-0.0121951955756202,2.373466912522061,0.9424800276756288,0.9424800276756288,0.0404365705587351,1.150702150297103,-0.0121951955756202,Hypoxic,0.7879237232640529,0.03836953686681171,0.3408243715427612,0.6208060915904271
GCTCAATGTTCCTCGT_E15S,E15S,Tumor,entering_deep_hypoxia,1.2742180259348956,0.4850805157175661,0.6714149874284624,0.937451422214508,0.937451422214508,0.0735720710029592,1.2742180259348956,0.4850805157175661,Hypoxic,0.7423350924815273,0.02138095718779985,0.35147410343456315,0.6271449393776372
GGCTTCTCACCTTGGT_E15S,E15S,Tumor,persistent_hypoxia,1.392305673975286,0.3085743691124435,0.2566140894979017,0.9382020831108092,0.9382020831108092,0.0385891514985778,1.392305673975286,0.3085743691124435,Hypoxic,0.7098602593958043,0.01728293282262125,0.32341607181700294,0.6593009953603759
AGTTTCCTCCGTGATA_E15S,E15S,Tumor Proliferating,exiting_hypoxia,0.1920095676174398,-0.4820160314327719,0.994426462448665,0.9312039017677308,0.9312039017677308,0.0408436319787896,0.1920095676174398,-0.4820160314327719,Hypoxic,1.0720544787033188,0.232371449066027,0.3550944645438033,0.4125340863901697
TCGTTAAGTTTACGAC_E15S,E15S,Tumor Proliferating,exiting_hypoxia,0.5981659089896422,-1.1891806590008929,1.8613240755455709,0.9324021339416504,0.9324021339416504,0.0222787459198138,0.5981659089896422,-1.1891806590008929,Hypoxic,0.8608887358118408,0.08378012709848541,0.2913869005699266,0.624832972331588
GCGGATGGTGCGGTAG_E15S,E15S,Tumor,entering_hypoxia,-0.6374547593709463,0.9145197578097212,2.1480744432296754,0.9397324919700624,0.9397324919700624,0.084247431980173,-0.6374547593709463,0.9145197578097212,Ridge,1.0581037102440907,0.2532001381198683,0.4701600291676235,0.27663983271250814
TGAGCTTGTGCACGTC_E15S,E15S,Tumor Proliferating,exiting_hypoxia,0.4744584915149558,-0.4074429171648356,1.517649521663457,0.952476680278778,0.952476680278778,0.1564716255677063,0.4744584915149558,-0.4074429171648356,Hypoxic,1.0130982348689903,0.1590827868944055,0.36281772545545915,0.47809948765013527
AGCTATGTCAGCTACA_E15S,E15S,Tumor Proliferating,persistent_hypoxia,0.5803889956617478,0.1822100898087764,1.6105270318833556,0.9391316175460817,0.9391316175460817,0.015274999288033,0.5803889956617478,0.1822100898087764,Hypoxic,0.977814793748483,0.12243531528097412,0.40761335172194474,0.46995133299708114
AGTTATCAGTTGGGCT_E15S,E15S,Tumor Proliferating,persistent_hypoxia,0.8085618549011923,-0.1074872023998819,0.5520158128874398,0.9355602264404296,0.9355602264404296,0.0587139897514054,0.8085618549011923,-0.1074872023998819,Hypoxic,0.9115463417462475,0.08651904777963797,0.3713999172496708,0.5420810349706912
CTATGCTTCACTAGAT_E15S,E15S,Tumor Proliferating,exiting_hypoxia,1.3566319414739068,-0.8222814178442402,0.6309117713941601,0.9334466457366944,0.9334466457366944,0.0400507344420986,1.3566319414739068,-0.8222814178442402,Hypoxic,0.6412359413645077,0.01820726490101588,0.2437818318308916,0.7380109032680926
CTATTCGCAAACTATG_E15S,E15S,Tumor Proliferating,persistent_hypoxia,1.883635984025279,-0.2113028744940508,1.3941771914770935,0.9487378001213074,0.9487378001213074,0.0700037031850918,1.883635984025279,-0.2113028744940508,Hypoxic,0.5401843374867858,0.0040265664410576805,0.2107245246029823,0.78524890895596
TCGTGGACAAGTGCGC_E15S,E15S,Tumor Proliferating,exiting_hypoxia,0.9770273619733764,-0.5907741537726716,1.6609032171509257,0.9324142932891846,0.9324142932891846,0.0176382185566775,0.9770273619733764,-0.5907741537726716,Hypoxic,0.8178617706808509,0.05649355187966914,0.3146438766830393,0.6288625714372916
AAGGTTGGTGGCGTAG_E15S,E15S,Tumor Proliferating,transitional,-0.0216926383940715,-0.3829039400994709,2.2676478717500244,0.9319943189620972,0.9319943189620972,0.0394154443263887,-0.0216926383940715,-0.3829039400994709,Hypoxic,1.0951501934043777,0.29452077310422653,0.3522164223306252,0.35326280456514825
AATTGTCAGCAATCCA_E15S,E15S,Tumor Proliferating,entering_deep_hypoxia,1.2668216549437026,0.9860449061506714,1.6052596168834994,0.9438508152961732,0.9438508152961732,0.0237398216978111,1.2668216549437026,0.9860449061506714,Hypoxic,0.7202499133272258,0.012776388819553995,0.36776287172934624,0.6194607394510997
GTGTGGCCAATTAGCA_E15S,E15S,Tumor Proliferating,exiting_hypoxia,1.3309436973825213,-0.4515494150341404,1.092422044711476,0.931082546710968,0.931082546710968,0.0033576195225303,1.3309436973825213,-0.4515494150341404,Hypoxic,0.6968723848960723,0.023421925505010096,0.2807131183111611,0.6958649561838288
TCTATTGTCAGTAGGG_E15S,E15S,Tumor Proliferating,exiting_hypoxia,-0.0237049141534556,-0.5222292952731844,1.663069923021865,0.9292027354240416,0.9292027354240416,0.0047734659162189,-0.0237049141534556,-0.5222292952731844,Hypoxic,1.0939123053167,0.28983748792206365,0.3440792586971818,0.36608325338075465
CACTACAAGGAACCCT_E15S,E15S,Tumor Proliferating,transitional,0.175649721294428,-0.3866805017316808,2.849093305887559,0.9365732073783876,0.9365732073783876,0.0645593227393329,0.175649721294428,-0.3866805017316808,Hypoxic,1.0768451004085704,0.23986907170610658,0.3609038626550635,0.3992270656388298
CGAAACCTCTAATGCG_E15S,E15S,Tumor Proliferating,exiting_hypoxia,1.994362968516836,-0.739413670571017,1.6655110205501014,0.9411078095436096,0.9411078095436096,0.0190855220246007,1.994362968516836,-0.739413670571017,Hypoxic,0.45483376500674555,0.002230663282281342,0.15982242399380736,0.8379469127239113
CTAAGGTCATTAGTAG_E15S,E15S,Tumor Proliferating,entering_deep_hypoxia,2.346840632012379,0.6481577525842734,1.6395924242784616,0.9491305351257324,0.9491305351257324,0.050747022690584,2.346840632012379,0.6481577525842734,Hypoxic,0.4583401002423,0.00043805731371517254,0.16918764874008177,0.830374293946203
TGGTTCCCATGATTGA_E15S,E15S,Tumor Proliferating,persistent_hypoxia,1.7411138373775046,0.1407601415087249,0.472200568313444,0.934277892112732,0.934277892112732,0.0538318383122123,1.7411138373775046,0.1407601415087249,Hypoxic,0.6031536236466917,0.006225488043807607,0.2544415083943556,0.7393330035618368
CGTTGAATCCCGCGTT_E15S,E15S,Tumor Proliferating,transitional,0.1976033837135591,-0.2858314033379212,1.4469132369026698,0.9384182691574096,0.9384182691574096,0.0163708558951262,0.1976033837135591,-0.2858314033379212,Hypoxic,1.0749461978913593,0.2348736095443,0.36876953232483334,0.3963568581308667
TCACGAATCCGCAACG_E15S,E15S,Tumor,persistent_hypoxia,0.7610498065739385,-0.2915656853953989,0.4590257372331838,0.937487244606018,0.937487244606018,0.1082180659242315,0.7610498065739385,-0.2915656853953989,Hypoxic,0.9244075521014965,0.09624437564305913,0.36007765949763765,0.5436779648593032
ACAAGGTAGCTACGCG_E15S,E15S,Tumor Proliferating,transitional,0.1358102950309415,-0.3525773859900128,2.453256116668032,0.9338502287864684,0.9338502287864684,0.0574979022940527,0.1358102950309415,-0.3525773859900128,Hypoxic,1.0824199569475446,0.2515960901225047,0.3617271886633845,0.38667672121411073
TACACCTTCTGGCTAA_E15S,E15S,Tumor,entering_deep_hypoxia,0.7688166098760673,0.9861896522367242,1.4036634361586209,0.9394682049751282,0.9394682049751282,0.0514443348255135,0.7688166098760673,0.9861896522367242,Hypoxic,0.8372768202339808,0.04267791930613547,0.44305170299502894,0.5142703776988355
TCAAAGCCATGGTTGG_E15S,E15S,Tumor,entering_deep_hypoxia,1.4346126293687913,0.4365788722463458,0.1181616623167678,0.9401522278785706,0.9401522278785706,0.0566354394303263,1.4346126293687913,0.4365788722463458,Hypoxic,0.696780008103645,0.014012095424182469,0.32226248254351036,0.6637254220323072
ATGCCCAGTCTAGCTG_E15S,E15S,Tumor,exiting_hypoxia,1.1770391261847053,-0.6110572897504071,0.1551593175995932,0.9321709871292114,0.9321709871292114,0.1225414899311673,1.1770391261847053,-0.6110572897504071,Hypoxic,0.7369434599760909,0.03391411581199467,0.28829929100012947,0.6777865931878758
AGGTATGGTTCATCCC_E15S,E15S,Tumor,persistent_hypoxia,0.5214445374480575,0.0689233551284954,1.4969793437258585,0.9483550786972046,0.9483550786972046,0.1645095441923161,0.5214445374480575,0.0689233551284954,Hypoxic,1.0003420908460623,0.14113509256218115,0.4001640362966105,0.45870087114120844
GCTAAACCATAGGTCG_E15S,E15S,Tumor Proliferating,exiting_hypoxia,0.3389817739656214,-0.4092830176284802,0.91993708935162,0.9282240867614746,0.9282240867614746,0.042551276317522,0.3389817739656214,-0.4092830176284802,Hypoxic,1.0470031302933522,0.19439985795494802,0.36301208720340017,0.4425880548416518
CGACTGGTCCTGAGCG_E15S,E15S,Tumor Proliferating,persistent_hypoxia,0.6403890929443519,0.112775794767304,1.320890777613399,0.9386094212532043,0.9386094212532043,0.0695713096056541,0.6403890929443519,0.112775794767304,Hypoxic,0.9634686364282004,0.11319472740134888,0.3994654392925328,0.4873398333061184
CATCTCACAGTACCTC_E15S,E15S,Tumor,persistent_hypoxia,0.5706408384828823,-0.0639186318833315,1.9312327493789812,0.9274259209632874,0.9274259209632874,0.081985333159811,0.5706408384828823,-0.0639186318833315,Hypoxic,0.9901467265811696,0.13450431993029616,0.38802803703216426,0.47746764303753964
AAATTCGCATAGGGCC_E15S,E15S,Tumor,exiting_hypoxia,0.4736347576708045,-1.0661984814041952,1.2621687042913428,0.9306291937828064,0.9306291937828064,0.0889602733113617,0.4736347576708045,-1.0661984814041952,Hypoxic,0.934017691340556,0.11726070894924495,0.31068257873933874,0.5720567123114163
TGTGCGCGTAGCGGCA_E15S,E15S,Tumor Proliferating,transitional,0.2121231810562909,-0.1508510864212171,1.5414195683221457,0.9459702968597412,0.9459702968597412,0.1179186036163922,0.2121231810562909,-0.1508510864212171,Hypoxic,1.0724880671114436,0.22918313353185932,0.37955517555622437,0.39126169091191637
CAAGGCAAGGATGCCT_E15S,E15S,Tumor Proliferating,entering_deep_hypoxia,0.3343453417477339,0.8842058739180266,0.8964845710741385,0.937201738357544,0.937201738357544,0.0413772286055027,0.3343453417477339,0.8842058739180266,Ridge,0.9550965171536727,0.10519082011756506,0.47312008111681736,0.42168909876561766
GTCTCCATCTGGATAT_E15S,E15S,Tumor Proliferating,persistent_hypoxia,1.0487745724287207,-0.1780781694619623,0.5082033435242262,0.9340338110923768,0.9340338110923768,0.0466277332155198,1.0487745724287207,-0.1780781694619623,Hypoxic,0.8209692574498549,0.050793024960425065,0.3415347175354221,0.6076722575041529
CACACCCTCTATCAGG_E15S,E15S,Tumor Proliferating,persistent_hypoxia,0.6484440565770544,-0.380502453124138,1.0383790998471405,0.9273076057434082,0.9273076057434082,0.0506181741935281,0.6484440565770544,-0.380502453124138,Hypoxic,0.9600035566866008,0.11860078354447083,0.3594552289088001,0.521943987546729
GTAAGGTAGTATGATC_E15S,E15S,Tumor Proliferating,exiting_hypoxia,0.3400977903803112,-0.8376521001020744,1.4740075427632582,0.9355452060699464,0.9355452060699464,0.0174811570189112,0.3400977903803112,-0.8376521001020744,Hypoxic,1.0136000211568512,0.16884477575061307,0.3328902330715513,0.4982649911778357
CTCCTTGAGGTTAGTT_E15S,E15S,Tumor Proliferating,persistent_hypoxia,0.4122938675299446,0.3980713541353122,1.2455349995517613,0.9354477524757384,0.9354477524757384,0.0054854289302202,0.4122938675299446,0.3980713541353122,Ridge,1.0046973638342342,0.1432780003140175,0.4300608835484367,0.4266611161375458
CGAATCTGTCAGGGCA_E15S,E15S,Tumor,transitional,-0.2642346883545921,0.077605125210663,0.4679952787575513,0.9411441087722778,0.9411441087722778,0.1826425746537213,-0.2642346883545921,0.077605125210663,Ridge,1.0929477635473939,0.3398034175658551,0.37291977606631216,0.28727680636783276
GGACAGGCATAAGCTA_E15S,E15S,Tumor Proliferating,exiting_hypoxia,1.1519254847309064,-0.7931376547457374,0.6090192435743775,0.9303832650184632,0.9303832650184632,0.0554095948768205,1.1519254847309064,-0.7931376547457374,Hypoxic,0.7215307439195755,0.0329021118096165,0.2744199470615191,0.6926779411288645
TCATGCAAGCATTACG_E15S,E15S,Tumor Proliferating,exiting_hypoxia,1.406023853215035,-0.7091975216304737,1.6734138224075263,0.9368784427642822,0.9368784427642822,0.0229551846730992,1.406023853215035,-0.7091975216304737,Hypoxic,0.6400138001864057,0.01688754641472497,0.2471571525125567,0.7359553010727184
TGCCTTTAGTGCCCAG_E15S,E15S,Tumor Proliferating,exiting_hypoxia,-0.24719439287731,-0.4249846743458367,2.347010966181148,0.9394515752792358,0.9394515752792358,0.0924564599175586,-0.24719439287731,-0.4249846743458367,Oxygenated,1.0974109541244728,0.35138812968064165,0.3367061000177145,0.31190577030164374
AAGCCGCCAATCAATG_E15S,E15S,Tumor Proliferating,entering_deep_hypoxia,0.5035230102493324,0.4791471826826802,1.3991937445569853,0.9378079771995544,0.9378079771995544,0.0246485587224926,0.5035230102493324,0.4791471826826802,Hypoxic,0.9733112128282086,0.11735059508403207,0.4344363115431515,0.44821309337281634
TGCATTTCATGATCCC_E15S,E15S,Tumor,exiting_hypoxia,0.4581635692006652,-1.8054969284807527,0.2219390683818149,0.947248876094818,0.947248876094818,0.1842204865854114,0.4581635692006652,-1.8054969284807527,Hypoxic,0.7215851303936267,0.047096646000979105,0.2344912771287725,0.7184120768702483
CCAGTTAAGAAGGATC_E15S,E15S,Tumor Proliferating,persistent_hypoxia,0.3283313265694123,-0.3094166798407629,3.123426296788792,0.9295187592506408,0.9295187592506408,0.166263264022267,0.3283313265694123,-0.3094166798407629,Hypoxic,1.0517670196447384,0.19877942606525256,0.37025405938992634,0.43096651454482127
GCTGGATTCGTTAGGC_E15S,E15S,Tumor Proliferating,exiting_hypoxia,0.423993623230732,-1.2814348917625995,1.7641999946629354,0.932048797607422,0.932048797607422,0.0188891059054997,0.423993623230732,-1.2814348917625995,Hypoxic,0.9011837551788178,0.10422983041196077,0.29395716035098374,0.6018130092370555
ACGGGTAAGCTTACAG_E15S,E15S,Tumor Proliferating,exiting_hypoxia,0.489499007566952,-0.4165768876791746,1.1067019708117034,0.9284738302230836,0.9284738302230836,0.0346036655674177,0.489499007566952,-0.4165768876791746,Hypoxic,1.0084043727068774,0.15512548447047816,0.3618636736266145,0.48301084190290744
ACAGTTACACAAGCCA_E15S,E15S,Tumor,entering_hypoxia,0.198179757745261,0.8888169160963014,0.8103037057343053,0.9418622851371764,0.9418622851371764,0.0437440897555531,0.198179757745261,0.8888169160963014,Ridge,0.9816037123837912,0.12677604695920439,0.4777447837570092,0.3954791692837865
TAACAGCCATGGTTCC_E15S,E15S,Tumor Proliferating,exiting_hypoxia,0.0714084587313174,-0.6081422225770537,1.6930138837432274,0.9291061162948608,0.9291061162948608,0.0362945256384373,0.0714084587313174,-0.6081422225770537,Hypoxic,1.0835350316629335,0.25870230110384757,0.3435121778084013,0.3977855210877511
ACAACAGGTGCGGTAG_E15S,E15S,Tumor Proliferating,transitional,-0.1205424278815887,-0.0322239034400536,2.332179626747916,0.937224507331848,0.937224507331848,0.0677269715261136,-0.1205424278815887,-0.0322239034400536,Ridge,1.095295591587349,0.31356005235186635,0.37206988493967663,0.314370062708457
CAAGGGGCAGGCATTG_E15S,E15S,Tumor,persistent_hypoxia,0.5203543549231608,-0.061559760394424,0.4521665571602902,0.9308597445487976,0.9308597445487976,0.0606738751937753,0.5203543549231608,-0.061559760394424,Hypoxic,1.0046188928127886,0.14622568004943673,0.3895019201618747,0.4642723997886887
TGCAATTAGTAAGGGT_E15S,E15S,Tumor Proliferating,entering_hypoxia,-0.0927550665144173,1.43063341338879,1.8483079490381285,0.9440173506736756,0.9440173506736756,0.025141891205222,-0.0927550665144173,1.43063341338879,Ridge,0.9129782631659507,0.08477290662869169,0.5305767236323468,0.38465036973896155
GCTTTGGGTAACGATG_E15S,E15S,Tumor Proliferating,exiting_hypoxia,0.3567190660104983,-0.6386753652382533,1.5398518494720308,0.9280827045440674,0.9280827045440674,0.0140056591569116,0.3567190660104983,-0.6386753652382533,Hypoxic,1.0298170225523113,0.17983681969909704,0.3467411236924087,0.4734220566084941
TCACAATAGGAGGTGC_E15S,E15S,Tumor Proliferating,persistent_hypoxia,0.3426583011819445,-0.1748880992710618,1.6349512644154562,0.9364380836486816,0.9364380836486816,0.0898251463432338,0.3426583011819445,-0.1748880992710618,Hypoxic,1.0495448049386027,0.19414898954908041,0.38083273476694857,0.4250182756839711
ATATGTCAGATACTGT_E15S,E15S,Tumor Proliferating,transitional,-0.0658990543607425,-0.3871090504442065,0.9638738434669696,0.9296255707740784,0.9296255707740784,0.0450199642719133,-0.0658990543607425,-0.3871090504442065,Ridge,1.0969250549536804,0.30631075167198385,0.34951970228595136,0.34416954604206473
ACCACAATCGATGCAC_E15S,E15S,Tumor Proliferating,persistent_hypoxia,0.6370108283421172,-0.21638851925751,1.1883818716533017,0.9367921948432922,0.9367921948432922,0.0562285847234539,0.6370108283421172,-0.21638851925751,Hypoxic,0.969424395768476,0.1218792563922402,0.3732711170010862,0.5048496266066737
CTTAGTAGTATGTGTC_E15S,E15S,Tumor Proliferating,exiting_hypoxia,-0.2858899788770706,-1.401258518170645,1.2049497644677234,0.9356033802032472,0.9356033802032472,0.1738886984576413,-0.2858899788770706,-1.401258518170645,Hypoxic,1.0492319002571995,0.22187131465016197,0.3025665637692033,0.4755621215806347
GCTTGTCCAAGGTACT_E15S,E15S,Tumor Proliferating,persistent_hypoxia,0.7481015814496726,0.2669577075665887,1.4782922238403997,0.9377007484436036,0.9377007484436036,0.0188327403067636,0.7481015814496726,0.2669577075665887,Hypoxic,0.9207756985933384,0.0860572242747682,0.40448976963764877,0.509453006087583
GTTGCAATCGCGTTAA_E15S,E15S,Tumor Proliferating,exiting_hypoxia,0.2297334816791143,-0.4279160163626503,1.5658428101427206,0.9295232892036438,0.9295232892036438,0.0098602070942793,0.2297334816791143,-0.4279160163626503,Hypoxic,1.0676181480066387,0.22379422708456959,0.359736762717605,0.41646901019782534
TCAGGTTGTAGTGCCC_E15S,E15S,Tumor Proliferating,transitional,-0.0715480734003141,-0.0209792611115496,1.369369484987464,0.9335833191871644,0.9335833191871644,0.0513521782428759,-0.0715480734003141,-0.0209792611115496,Ridge,1.0941383632098913,0.3002915545014791,0.37611940796098264,0.3235890375375383
TCTCGATTCATCGAGC_E15S,E15S,Tumor Proliferating,exiting_hypoxia,0.6874996828783692,-1.0679070850670145,1.994005605780469,0.93351548910141,0.93351548910141,0.0191811013130379,0.6874996828783692,-1.0679070850670145,Hypoxic,0.8544275217114543,0.0787460644266031,0.2964358814209517,0.6248180541524453
GTGGCAAAGGAATGCG_E15S,E15S,Tumor Proliferating,persistent_hypoxia,0.7155680605461869,-0.1155154990049767,1.425837979128692,0.9491614699363708,0.9491614699363708,0.106442034420624,0.7155680605461869,-0.1155154990049767,Hypoxic,0.9440822634473882,0.10428065081226129,0.37727471434888094,0.5184446348388577
GTACGAAGTTTGGGCC_E15S,E15S,Tumor,persistent_hypoxia,1.0084914081270788,-0.351328341626275,1.2594755112873812,0.9266438484191896,0.9266438484191896,0.0333480192441726,1.0084914081270788,-0.351328341626275,Hypoxic,0.8273152750904927,0.05568596910646994,0.33212517979731226,0.6121888510962179
CAACTAACATGCTCCG_E15S,E15S,Tumor Proliferating,entering_deep_hypoxia,0.5183378018950582,1.1137381799173085,1.8089435370675404,0.9412402510643004,0.9412402510643004,0.0311205039611008,0.5183378018950582,1.1137381799173085,Ridge,0.8745949724361095,0.05811769782677324,0.4743495881142812,0.46753271405894564
GGTTCAGCAACCAGCA_E15S,E15S,Tumor Proliferating,exiting_hypoxia,0.276491216004784,-1.2069360311216188,1.7122980592239512,0.939823567867279,0.939823567867279,0.0348886505701177,0.276491216004784,-1.2069360311216188,Hypoxic,0.9675930840958182,0.14155821868711105,0.30712516048636784,0.5513166208265211
GGTATAGGTGATCAGA_E15S,E15S,Tumor Proliferating,exiting_hypoxia,1.5888748086957531,-1.354872967305423,-0.0438429904860332,0.9418025016784668,0.9418025016784668,0.0491755897568081,1.5888748086957531,-1.354872967305423,Hypoxic,0.47492454158908215,0.005073572417477373,0.16260194379581666,0.832324483786706
GGGAACATCGTTCATC_E15S,E15S,Tumor Proliferating,persistent_hypoxia,0.4635852474686043,0.281923600887194,0.9603850238784724,0.9386633038520812,0.9386633038520812,0.052662215025083,0.4635852474686043,0.281923600887194,Hypoxic,1.0025694707685613,0.14155482618419057,0.4191729789448966,0.43927219487091296
ACTCCTTAGCCTATCT_E15S,E15S,Tumor Proliferating,transitional,0.1586138631975278,-0.4035636417095479,2.1813771155926505,0.9449757933616638,0.9449757933616638,0.1061941066078934,0.1586138631975278,-0.4035636417095479,Hypoxic,1.0788372761500131,0.2442265789974161,0.3591642799119917,0.39660914109059225
GTAATGAAGCTAGTTG_E15S,E15S,Tumor Proliferating,persistent_hypoxia,0.3839781630885922,-0.0718321900108341,1.813947914448964,0.9415356516838074,0.9415356516838074,0.0566512213473677,0.3839781630885922,-0.0718321900108341,Hypoxic,1.0392998832489666,0.18062424395726515,0.38958468478851793,0.4297910712542169
GCGAATTCAAACCGGC_E15S,E15S,Tumor Proliferating,entering_hypoxia,-0.1517254145299098,1.1840913912989304,0.8234515213423323,0.938892126083374,0.938892126083374,0.0579645160529691,-0.1517254145299098,1.1840913912989304,Ridge,0.9771620233391972,0.13135930151690828,0.5118008003457005,0.3568398981373911
AGTATGGGTTCCAGGC_E15S,E15S,Tumor Proliferating,exiting_hypoxia,-0.1887173514377516,-1.0548451253933158,1.5030212190013228,0.9361122250556946,0.9361122250556946,0.0152026390360474,-0.1887173514377516,-1.0548451253933158,Hypoxic,1.0829203198479636,0.2705454055421026,0.3161109963295776,0.41334359812831983
ATGCAGCTCCAGCAGT_E15S,E15S,Tumor,entering_deep_hypoxia,2.2710808657057355,0.7145691215179244,0.2592154037839217,0.9418317079544068,0.9418317079544068,0.0817456109119686,2.2710808657057355,0.7145691215179244,Hypoxic,0.47967558069323435,0.0005619401658898573,0.1824054003423426,0.8170326594917674
CTCGCGAAGCTACAGC_E15S,E15S,Tumor,transitional,-0.2805452177438671,0.1566901350556135,-0.0078645591915268,0.9338828921318054,0.9338828921318054,0.0675868607709593,-0.2805452177438671,0.1566901350556135,Ridge,1.091739218015173,0.3354513377995798,0.37994543076680587,0.28460323143361443
TCCAAGGCAGGTAGTT_E15S,E15S,Tumor,exiting_hypoxia,2.067976537094333,-0.4789533200653884,0.4446119777053675,0.940688133239746,0.940688133239746,0.11957107524581,2.067976537094333,-0.4789533200653884,Hypoxic,0.46366250144988286,0.0019162003995536363,0.16638448455726665,0.8316993150431797
AGGAGCCAGTCAACCA_E15S,E15S,Tumor Proliferating,persistent_hypoxia,2.319073233774015,0.3481923128107148,1.5209429238028247,0.9524247646331788,0.9524247646331788,0.1204212399934606,2.319073233774015,0.3481923128107148,Hypoxic,0.45525757158765623,0.0006236996837988595,0.16640809984428503,0.8329682004719161
ACGGGCTCAGCTCGAA_E15S,E15S,Tumor Proliferating,exiting_hypoxia,0.3900601113583221,-0.618278225007222,0.6147061669495685,0.9297142624855042,0.9297142624855042,0.0400679047306288,0.3900601113583221,-0.618278225007222,Hypoxic,1.0228678446473976,0.17245544007559166,0.34799629732807164,0.4795482625963367
TCACACAAGAATCGTT_E15S,E15S,Tumor Proliferating,persistent_hypoxia,1.0632344549704815,0.4046819439731584,0.4147492224477598,0.9328254461288452,0.9328254461288452,0.0324718843323682,1.0632344549704815,0.4046819439731584,Hypoxic,0.8101990057790425,0.03930372991683081,0.3792687020874554,0.5814275679957137
ATATCACAGTAGCTGC_E15S,E15S,Tumor Proliferating,exiting_hypoxia,0.3830684492812749,-0.8502252284778563,0.9315876722658564,0.9271034598350524,0.9271034598350524,0.0337545256252181,0.3830684492812749,-0.8502252284778563,Hypoxic,0.9998769179094091,0.15731839801243605,0.331229120665396,0.5114524813221679
AAGGCCCCATAGATCA_E15S,E15S,Tumor,persistent_hypoxia,1.3326590422502227,0.010500997644096,2.708627576687107,0.9400705099105836,0.9400705099105836,0.0816032407621353,1.3326590422502227,0.010500997644096,Hypoxic,0.7250893444720186,0.023303992026389993,0.315482169663731,0.661213838309879
CGTAGTTGTGATCAAG_E15S,E15S,Tumor Proliferating,exiting_hypoxia,0.2752129531046658,-1.130029161377027,1.7518026768744304,0.9387460350990297,0.9387460350990297,0.0754730858572047,0.2752129531046658,-1.130029161377027,Hypoxic,0.9843121027825235,0.15177836729452668,0.31307473272300085,0.5351468999824726
ATGGCTGCAATGCCGA_E15S,E15S,Tumor Proliferating,entering_deep_hypoxia,2.186221470700046,1.8042234479977024,0.9750991792131808,0.9429558515548706,0.9429558515548706,0.0879217399559249,2.186221470700046,1.8042234479977024,Hypoxic,0.4868245555378172,0.00012764404683298785,0.1895565088527495,0.8103158471004175
GTGAATCCAATCCGTC_E15S,E15S,Tumor Proliferating,entering_deep_hypoxia,1.603095392920237,0.8100403760435247,1.1906157638327002,0.946614146232605,0.946614146232605,0.0825832991146517,1.603095392920237,0.8100403760435247,Hypoxic,0.6476439331767537,0.0058422959317621925,0.30361408544004626,0.6905436186281915
GTCATAACACCTCGTG_E15S,E15S,Tumor Proliferating,exiting_hypoxia,0.0233378494302621,-0.5514555159161579,2.8384324556816694,0.9366490840911864,0.9366490840911864,0.0510372359373679,0.0233378494302621,-0.5514555159161579,Hypoxic,1.0899696712988494,0.27545161755836917,0.3446774629767672,0.3798709194648636
ATAAGTGAGGGTATCC_E15S,E15S,Tumor Proliferating,exiting_hypoxia,0.964126977197508,-0.5330523986531999,0.7504330312281056,0.9433609247207642,0.9433609247207642,0.0522653283978734,0.964126977197508,-0.5330523986531999,Hypoxic,0.8292604210060455,0.059414309272670295,0.3212520296968849,0.6193336610304448
TGGGCAGGTGAGGACT_E15S,E15S,Tumor Proliferating,exiting_hypoxia,1.2006856060146631,-1.0045155072419722,1.0315494468182629,0.9343757033348083,0.9343757033348083,0.0434455853336951,1.2006856060146631,-1.0045155072419722,Hypoxic,0.6672142168538575,0.02454690826266127,0.24701918891357613,0.7284339028237626
CCTGCAAGTGAGGTGT_E15S,E15S,Tumor,exiting_hypoxia,0.0621565206357837,-0.4740910471128229,1.4313397826726657,0.9350491166114808,0.9350491166114808,0.1446368274712832,0.0621565206357837,-0.4740910471128229,Hypoxic,1.0882528591180025,0.2686860811862925,0.350810983134708,0.3805029356789995
AGCAAGGTCCGCGTAG_E15S,E15S,Tumor Proliferating,exiting_hypoxia,0.9932840277659692,-1.3858247037059523,1.8360851792586927,0.9372336864471436,0.9372336864471436,0.0386066673625645,0.9932840277659692,-1.3858247037059523,Hypoxic,0.6603627252012707,0.02776517142438954,0.23134887015109412,0.7408859584245164
GCTAAATTCCCCTGTA_E15S,E15S,Tumor Proliferating,persistent_hypoxia,0.6793813760219382,0.3172480876632703,0.9190720018598776,0.9304302930831908,0.9304302930831908,0.0431051990609059,0.6793813760219382,0.3172480876632703,Hypoxic,0.9387643979380533,0.0955849343438348,0.4130170820563344,0.49139798359983067
AATCAGCCATAGGCCA_E15S,E15S,Tumor,entering_deep_hypoxia,0.4131592914014605,1.3846377868821171,1.0167027525009718,0.9405067563056946,0.9405067563056946,0.0567126802221799,0.4131592914014605,1.3846377868821171,Ridge,0.846325416451529,0.04558548705925124,0.4931117683872546,0.461302744553494
AGCTTAGTCTATGAAC_E15S,E15S,Tumor Proliferating,entering_hypoxia,-0.2894921278721759,0.6623891126801561,1.4842944758995016,0.9452095627784728,0.9452095627784728,0.0473800582962882,-0.2894921278721759,0.6623891126801561,Ridge,1.071011948470371,0.25690553975612823,0.4430769342930282,0.3000175259508435
TGCACTAAGGGTCTAC_E15S,E15S,Tumor,transitional,-0.1328958458012389,0.2433830690040714,0.5835580927563825,0.9327183961868286,0.9327183961868286,0.0477457453065061,-0.1328958458012389,0.2433830690040714,Ridge,1.0890283047049303,0.2912013609902849,0.3984811671288116,0.3103174718809036
GTATGGCTCCAACTGA_E15S,E15S,Tumor Proliferating,persistent_hypoxia,0.5897741466611068,0.2618345342442822,1.689614088999562,0.9362871646881104,0.9362871646881104,0.012943074825089,0.5897741466611068,0.2618345342442822,Hypoxic,0.969761086949699,0.11597609224116179,0.41359793174499715,0.47042597601384106
GGTGACTTCGTACCAA_E15S,E15S,Tumor Proliferating,exiting_hypoxia,0.1494391090895014,-0.4982466233332455,2.744036004327636,0.9356467127799988,0.9356467127799988,0.0968625233139582,0.1494391090895014,-0.4982466233332455,Hypoxic,1.0777145613571972,0.24348252490417094,0.35272872993727306,0.4037887451585559
CGCCTGAAGCTACTCT_E15S,E15S,Tumor Proliferating,reverted_stable,-0.4730587901119944,-0.5230060006790969,1.036362358290566,0.9310342073440552,0.9310342073440552,0.0585912527435658,-0.4730587901119944,-0.5230060006790969,Oxygenated,1.088940892138346,0.39617319238278753,0.3195380059292414,0.28428880168797116
CGACCTAGTTTACCGG_E15S,E15S,Tumor Proliferating,persistent_hypoxia,0.705087679692356,-0.1392998250998978,0.6773424754230195,0.936404287815094,0.936404287815094,0.0313336835523256,0.705087679692356,-0.1392998250998978,Hypoxic,0.9475650586884707,0.106726258686586,0.37599301912228816,0.5172807221911259
AGCACGCCAATCATAG_E15S,E15S,Tumor Proliferating,exiting_hypoxia,0.0610851397947716,-0.8465485684511362,1.976968440085757,0.9484743475914,0.9484743475914,0.1812594617137794,0.0610851397947716,-0.8465485684511362,Hypoxic,1.0710138988329627,0.2391980274419384,0.33079390285117743,0.43000806970688416
TAGCCTGGTAGTCATC_E15S,E15S,Tumor Proliferating,entering_hypoxia,0.268700545899011,0.983316445545567,1.1080559013915112,0.9376166462898254,0.9376166462898254,0.0435136766047411,0.268700545899011,0.983316445545567,Ridge,0.950698823033844,0.1030279371092378,0.4833976073857568,0.4135744555050053
CAGGCCATCTGGCTCC_E15S,E15S,Tumor Proliferating,normoxic_stable,-0.4496012547519484,-0.3710324198373698,1.6351265948224392,0.9394460916519164,0.9394460916519164,0.0529976094771829,-0.4496012547519484,-0.3710324198373698,Oxygenated,1.087396320454468,0.3972675997229224,0.3275289592267101,0.2752034410503675
GGTCACTAGTTAGGAA_E15S,E15S,Tumor Proliferating,exiting_hypoxia,0.0230691998495105,-0.9859611259206698,2.3741332710209155,0.9301986694335938,0.9301986694335938,0.17218457386272,0.0230691998495105,-0.9859611259206698,Hypoxic,1.0635934100814055,0.23083605180855227,0.32321250314993355,0.4459514450415141
AGTATTGCAGGCAGCT_E15S,E15S,Tumor Proliferating,exiting_hypoxia,-0.1523131768213423,-0.7242524084771165,1.6130397410764257,0.9327773451805116,0.9327773451805116,0.0164509292226745,-0.1523131768213423,-0.7242524084771165,Hypoxic,1.0962078652745888,0.3075607020092818,0.32867466977510484,0.3637646282156134
CTTGGCGAGCGCTACG_E15S,E15S,Tumor Proliferating,persistent_hypoxia,1.1890590340512568,0.218891943968227,0.5875645219281427,0.9329823851585388,0.9329823851585388,0.0360349672215705,1.1890590340512568,0.218891943968227,Hypoxic,0.775054668067457,0.03189546808766821,0.3506329564900642,0.6174715754222675
TACCACGGTTAAGGAT_E15S,E15S,Tumor Proliferating,exiting_hypoxia,1.4039891948617107,-0.6722934080792048,0.6325752814443776,0.9352099895477296,0.9352099895477296,0.0388950184771478,1.4039891948617107,-0.6722934080792048,Hypoxic,0.6456085926883849,0.017337325764446864,0.2507684754745452,0.7318941987610078
TCAATCTCAGGTAGTT_E15S,E15S,Tumor,entering_hypoxia,-0.3506118402697107,0.7365134759847851,0.7673031778686159,0.942876398563385,0.942876398563385,0.064597494345119,-0.3506118402697107,0.7365134759847851,Ridge,1.0670681146491088,0.2527664364166937,0.4512009893662433,0.29603257421706297
CGCCATGAGGTAGTAA_E15S,E15S,Tumor Proliferating,transitional,-0.1147793635915919,-0.3386651613332057,2.662772953075211,0.9389902353286744,0.9389902353286744,0.0965460655909637,-0.1147793635915919,-0.3386651613332057,Ridge,1.09793678704951,0.3200061990831913,0.3496328015863889,0.33036099933041985
CTGACCTCACCATAGG_E15S,E15S,Tumor Proliferating,persistent_hypoxia,2.070310832988886,-0.2861289221054479,0.4393428402751878,0.9466792345046996,0.9466792345046996,0.0526393080527378,2.070310832988886,-0.2861289221054479,Hypoxic,0.48123402108723556,0.0019876336620579353,0.17729833957952496,0.8207140267584172
TCAAAGGGTCATTCCC_E15S,E15S,Tumor Proliferating,exiting_hypoxia,-0.0484037113706787,-0.693204922301694,0.5889749980775638,0.93323016166687,0.93323016166687,0.0545938154888045,-0.0484037113706787,-0.693204922301694,Hypoxic,1.0914249667698348,0.2839398690710963,0.33451105721668634,0.3815490737122173
GGGGTAATCCTGGGAT_E15S,E15S,Tumor Proliferating,entering_deep_hypoxia,1.1155070703422876,0.549070022258995,0.8731186525886191,0.9319944977760316,0.9319944977760316,0.0261250294869309,1.1155070703422876,0.549070022258995,Hypoxic,0.7863266560709599,0.03085001367261286,0.3791486071640152,0.590001379163372
AGCACTTGTAATCCAC_E15S,E15S,Tumor Proliferating,exiting_hypoxia,0.0282587390788286,-0.6454954209558854,1.331922445762714,0.9513947367668152,0.9513947367668152,0.1438912817536356,0.0282587390788286,-0.6454954209558854,Hypoxic,1.0866381818356137,0.26762636553534785,0.33990307025804134,0.39247056420661086
TCTGGGCGTAAGGGTC_E15S,E15S,Tumor Proliferating,transitional,-0.1469643595260029,-0.197253632500907,1.4347496452812882,0.9483799934387208,0.9483799934387208,0.1185879319998238,-0.1469643595260029,-0.197253632500907,Ridge,1.0972373919798883,0.3273873111079211,0.3571695503491405,0.31544313854293843
ACCCTATTCTGTCAAG_E15S,E15S,Tumor Proliferating,transitional,0.1386582138924767,-0.1706827451084467,0.7641909085486241,0.929007887840271,0.929007887840271,0.0635104014312403,0.1386582138924767,-0.1706827451084467,Ridge,1.0821835170385417,0.24997045110647487,0.37512018019524984,0.37490936869827524
ATTCCGCCAAGGGTCC_E15S,E15S,Tumor,exiting_hypoxia,-0.3213369144781813,-0.4361667801588926,1.3560861868073992,0.9255365133285522,0.9255365133285522,0.0400209105768452,-0.3213369144781813,-0.4361667801588926,Oxygenated,1.0951069360484849,0.36830434671693113,0.331722238861585,0.2999734144214839
ACAGCAAGTGGACCGA_E15S,E15S,Tumor Proliferating,transitional,0.1321800477096632,0.3509050319239705,1.4153097118989482,0.9509738087654114,0.9509738087654114,0.109746587383239,0.1321800477096632,0.3509050319239705,Ridge,1.061517361262783,0.213523113173293,0.42273203668757786,0.36374485013912905
AGGAGTTAGCTAGATT_E15S,E15S,Tumor Proliferating,exiting_hypoxia,-0.2849689047660275,-0.5748386784794797,1.8508184224622497,0.9529195427894592,0.9529195427894592,0.1475434344376543,-0.2849689047660275,-0.5748386784794797,Oxygenated,1.0977274561902295,0.35268095250798054,0.32769801845440927,0.3196210290376101
CCCGATTCATCCCTGG_E15S,E15S,Tumor Proliferating,exiting_hypoxia,-0.1047403114766026,-0.5838593152396915,1.5933269148042342,0.9344326257705688,0.9344326257705688,0.0214602553295549,-0.1047403114766026,-0.5838593152396915,Hypoxic,1.0968418464828114,0.3075165964431049,0.33693326893450753,0.35555013462238755
GTGCATTGTCTCCAGA_E15S,E15S,Tumor,persistent_hypoxia,2.472759692223203,-0.364124588297769,0.5020835121781523,0.9356348514556884,0.9356348514556884,0.082011750149213,2.472759692223203,-0.364124588297769,Hypoxic,0.3678379176969926,0.0003683913975027619,0.11883809829598319,0.880793510306514
CACCGTTCATTAATCC_E15S,E15S,Tumor,exiting_hypoxia,0.0539850389169684,-0.4674946970703401,0.5924390297571965,0.935187578201294,0.935187578201294,0.1034309097073375,0.0539850389169684,-0.4674946970703401,Hypoxic,1.0891120445872773,0.27120646500372025,0.35084275694266503,0.37795077805361477
TCTACGGGTGCGTGCT_E15S,E15S,Tumor Proliferating,entering_hypoxia,-0.1380644307343111,0.6327241528455545,1.3112336075989757,0.9331012964248656,0.9331012964248656,0.0420536970180707,-0.1380644307343111,0.6327241528455545,Ridge,1.0644647379732795,0.2327976162005084,0.44526052226083074,0.3219418615386609
GCCCATTCAGGACTAT_E15S,E15S,Tumor Proliferating,transitional,0.0957286401525945,-0.2387631637952747,1.532289250752082,0.93081796169281,0.93081796169281,0.0394776758867522,0.0957286401525945,-0.2387631637952747,Hypoxic,1.0870257903839562,0.26301621174427486,0.3680058897137884,0.36897789854193674
AATCTCCTCACCTGAA_E15S,E15S,Tumor,entering_deep_hypoxia,0.6308587791198876,0.8892231831794252,0.6619518380323972,0.930988073348999,0.930988073348999,0.0717417798582909,0.6308587791198876,0.8892231831794252,Hypoxic,0.8848899642737733,0.06336233354611738,0.4536685371461929,0.4829691293076899
GGTACGGGTTTGGGCC_E15S,E15S,Tumor Proliferating,entering_hypoxia,-0.2767825555356245,1.3833845754491652,1.571242010893425,0.9357762932777404,0.9357762932777404,0.0458619139090615,-0.2767825555356245,1.3833845754491652,Ridge,0.9455168390296527,0.10981190127074338,0.5333996970198067,0.3567884017094499
ACTGGTCAGCCTCTGC_E15S,E15S,Tumor Proliferating,exiting_hypoxia,0.8688959806937094,-0.5400841478594265,0.5655965212491866,0.9351823329925536,0.9351823329925536,0.0368709409801737,0.8688959806937094,-0.5400841478594265,Hypoxic,0.8660957605955053,0.07352880165387442,0.3301859746558914,0.5962852236902342
CCAGCCTTCATACTGG_E15S,E15S,Tumor,transitional,0.1928356370587104,-0.0807920897977884,0.2075966988952273,0.9316807389259338,0.9316807389259338,0.0770113632418307,0.1928356370587104,-0.0807920897977884,Ridge,1.0741173431446807,0.23219806717237615,0.3845455352833532,0.38325639754427054
AGTAATGAGCCGATGT_E15S,E15S,Tumor Proliferating,exiting_hypoxia,1.3175263806652977,-0.6420875632147303,-0.003619459346786,0.9041363000869752,0.9041363000869752,0.1999564549201626,1.3175263806652977,-0.6420875632147303,Hypoxic,0.680428339830092,0.022679142071217486,0.2660068982479268,0.7113139596808558
ATGCGGTTCAGGTCAC_E15S,E15S,Tumor Proliferating,transitional,0.0756124115565767,-0.3756720995338614,0.7334159991929956,0.9324764609336852,0.9324764609336852,0.0404451320236553,0.0756124115565767,-0.3756720995338614,Hypoxic,1.0884344349391937,0.2679565526700645,0.35756969594783783,0.3744737513820976
CCTGGTGAGTTGGCTA_E15S,E15S,Tumor Proliferating,exiting_hypoxia,0.2098226331423143,-0.496314391573693,0.9546425405738298,0.931067168712616,0.931067168712616,0.0408664928745078,0.2098226331423143,-0.496314391573693,Hypoxic,1.0687100866373496,0.22685121756758464,0.35465029078792926,0.41849849164448605
AAATGCAAGGAATGCG_E15S,E15S,Tumor Proliferating,persistent_hypoxia,1.1432079637869377,-0.229301143250639,0.5238971864167188,0.930112898349762,0.930112898349762,0.0349248411016013,1.1432079637869377,-0.229301143250639,Hypoxic,0.7831852505538269,0.04016900199272995,0.32546876031335426,0.6343622376939158
CGAACATCAATCAGCG_E15S,E15S,Tumor Proliferating,persistent_hypoxia,0.8067467935061996,-0.0874812111581129,2.2365457603966976,0.9397159814834596,0.9397159814834596,0.0728059811688827,0.8067467935061996,-0.0874812111581129,Hypoxic,0.9122825843346898,0.08656903099939542,0.37312264697038816,0.5403083220302164
CTCGGATAGGTTGGTC_E15S,E15S,Tumor Proliferating,entering_deep_hypoxia,2.232979586243961,1.3747932701122856,1.6112591178305025,0.9521827697753906,0.9521827697753906,0.055627379255795,2.232979586243961,1.3747932701122856,Hypoxic,0.48931164257700643,0.0002559763682095353,0.19053153657759403,0.8092124870541965
CCCGAACGTATGGATG_E15S,E15S,Tumor,normoxic_stable,-0.5425898823289951,-0.0878553954101422,1.2704213311766952,0.952248990535736,0.952248990535736,0.2004421809001339,-0.5425898823289951,-0.0878553954101422,Oxygenated,1.0792169737057067,0.40882109254983495,0.3409341376442082,0.25024476980595683
TCTACTATCGTCTCCA_E15S,E15S,Tumor Proliferating,entering_deep_hypoxia,0.3590987649981308,1.427922060209791,0.9478514034056104,0.9365625381469728,0.9365625381469728,0.042106165837141,0.3590987649981308,1.427922060209791,Ridge,0.8473143525630271,0.04623242223667877,0.49931706409921234,0.4544505136641088
CGGATCACATCCGCTG_E15S,E15S,Tumor Proliferating,exiting_hypoxia,1.2239524433008662,-0.9393388126557828,0.4694929019184957,0.9328814148902892,0.9328814148902892,0.0375193377256561,1.2239524433008662,-0.9393388126557828,Hypoxic,0.6702942722748239,0.024341417897769516,0.2505424554164192,0.7251161266858113
AGTGATTTCCCGCAAG_E15S,E15S,Tumor Proliferating,persistent_hypoxia,1.6585006463541196,-0.2627586458711923,0.2999122932104797,0.9385889768600464,0.9385889768600464,0.0419582152138224,1.6585006463541196,-0.2627586458711923,Hypoxic,0.6034122576821811,0.008774725272475794,0.2439464601026529,0.7472788146248713
GTAGTCATCAGCCCAG_E15S,E15S,Tumor Proliferating,transitional,-0.1549257544109922,0.1639525512145165,1.6576028138646546,0.9457117915153505,0.9457117915153505,0.055614995501957,-0.1549257544109922,0.1639525512145165,Ridge,1.0918951385699984,0.3055200105443262,0.388652900154458,0.3058270893012159
GCATGGTTCATGCACA_E15S,E15S,Tumor,exiting_hypoxia,0.7337031055429509,-0.8248770586594573,1.3912436966521131,0.9277597665786744,0.9277597665786744,0.0312442056852187,0.7337031055429509,-0.8248770586594573,Hypoxic,0.8820614847003776,0.08580513535925352,0.3159060563231114,0.598288808317635
TGACTCCCAGCTACTC_E15S,E15S,Tumor,exiting_hypoxia,0.6049930296474209,-0.865484304486653,-0.036558844181462,0.9413138031959534,0.9413138031959534,0.1132731444353075,0.6049930296474209,-0.865484304486653,Hypoxic,0.924117687431538,0.10738658251011161,0.32108320335818985,0.5715302141316985
CCTAGCGAGGTCGTAC_E15S,E15S,Tumor,persistent_hypoxia,1.2198384528987145,0.3114481922749439,0.3068707616972485,0.9424111247062684,0.9424111247062684,0.051431417374114,1.2198384528987145,0.3114481922749439,Hypoxic,0.7635141519950961,0.027948537682161434,0.3513732975871795,0.6206781647306591
CATTTCGCATCATCAT_E15S,E15S,Tumor Proliferating,persistent_hypoxia,0.3855987904709327,-0.3867135141184409,1.2966208487296826,0.9316993355751038,0.9316993355751038,0.0216996745602151,0.3855987904709327,-0.3867135141184409,Hypoxic,1.0370560948533931,0.18244223044430224,0.3649497499676665,0.45260801958803126
CTATATGGTTGCGTCA_E15S,E15S,Tumor Proliferating,entering_deep_hypoxia,0.9301081334329498,0.6565343624249165,0.5329668317828354,0.9367552399635316,0.9367552399635316,0.0380880847242341,0.9301081334329498,0.6565343624249165,Hypoxic,0.8324972460552893,0.04367756579969535,0.4097011175706888,0.5466213166296159
CGTTAATAGCCTTCCA_E15S,E15S,Tumor,entering_deep_hypoxia,1.3696106132287402,0.4817358691470144,0.2608543865895073,0.9392442107200624,0.9392442107200624,0.049951522065727,1.3696106132287402,0.4817358691470144,Hypoxic,0.7147707452875735,0.01638109344663812,0.3353939424082719,0.6482249641450899
GCGGCTATCATGTGCA_E15S,E15S,Tumor,persistent_hypoxia,2.5369381193820364,-0.0583004362284279,-0.0133955962711898,0.9410069584846495,0.9410069584846495,0.0950784811506114,2.5369381193820364,-0.0583004362284279,Hypoxic,0.37496591184918426,0.0002814939783133542,0.12277614293873824,0.8769423630829485
GGGCAATGTGAGGCTG_E15S,E15S,Tumor Proliferating,transitional,-0.010584007329645,0.0769302830359077,1.69433681570263,0.9447200298309326,0.9447200298309326,0.1671322389834778,-0.010584007329645,0.0769302830359077,Ridge,1.0892750731178549,0.2774055392311654,0.38866766565364697,0.3339267951151876
TCTGCCATCTCACTCG_E15S,E15S,Tumor,entering_deep_hypoxia,0.4920762055619331,0.7411195933189587,0.5990292535725031,0.9379454255104064,0.9379454255104064,0.1004372966441889,0.4920762055619331,0.7411195933189587,Ridge,0.9418794872388823,0.09541128047231627,0.45494645996731187,0.44964225956037185
AACATCCGTCCCGTAA_E15S,E15S,Tumor Proliferating,exiting_hypoxia,0.6677982121094577,-0.6153146824063608,1.581862614189869,0.9286893606185912,0.9286893606185912,0.0103390248219839,0.6677982121094577,-0.6153146824063608,Hypoxic,0.934748053048476,0.10805796770272548,0.3389495314101995,0.5529925008870749
TGCAATTAGGGGATTG_E15S,E15S,Tumor Proliferating,transitional,-0.1089494539529153,-0.1564071819392639,1.025583947640016,0.9318541884422302,0.9318541884422302,0.0443532074322337,-0.1089494539529153,-0.1564071819392639,Ridge,1.0966919152867438,0.3164734797368507,0.36263297638831443,0.320893543874835
CCTATAGAGAAGGATC_E15S,E15S,Tumor Proliferating,transitional,-0.1923249442294076,-0.2161118247534234,1.6102314193948997,0.9397012591362,0.9397012591362,0.0237909374373728,-0.1923249442294076,-0.2161118247534234,Ridge,1.097000378432284,0.3391957688310448,0.3529123419501034,0.30789188921885174
TGCTCCATCGCATGGT_E15S,E15S,Tumor,transitional,-0.1695354709720972,-0.1688089617588732,1.1806543250578714,0.929840624332428,0.929840624332428,0.0797031932445599,-0.1695354709720972,-0.1688089617588732,Ridge,1.0968855936907331,0.3323074964973933,0.3578288297701322,0.30986367373247453
ACGCGCATCGACTGCG_E15S,E15S,Tumor Proliferating,exiting_hypoxia,1.135799729283934,-0.6078016851924031,0.933678531297687,0.9299270510673524,0.9299270510673524,0.0288626879555095,1.135799729283934,-0.6078016851924031,Hypoxic,0.7532683864661025,0.03785015375801663,0.2940100014080274,0.668139844833956
CTCACGAGTTCGCTAG_E15S,E15S,Tumor Proliferating,transitional,-0.3183274759873397,-0.1997551291373809,2.506779971349495,0.9368481636047364,0.9368481636047364,0.05952181803294,-0.3183274759873397,-0.1997551291373809,Oxygenated,1.0929424669595111,0.3686546775757054,0.345950391698155,0.28539493072613953
GTTAACTAGTTAGATC_E15S,E15S,Tumor,entering_deep_hypoxia,0.3948041462382796,1.3451294642566254,1.0821125889578658,0.9435538053512572,0.9435538053512572,0.0945977331876498,0.3948041462382796,1.3451294642566254,Ridge,0.856806492596005,0.05025000658446512,0.49387936955668527,0.45587062385884974
GTGAAGGTCGACTAAT_E15S,E15S,Tumor Proliferating,persistent_hypoxia,0.5571435574264112,-0.1282287824869657,1.4943298407053445,0.9355916976928712,0.9355916976928712,0.0498623899493732,0.5571435574264112,-0.1282287824869657,Hypoxic,0.9948235425486291,0.13906589242279618,0.383226818641775,0.4777072889354289
CAGTTTGAGGATCTCA_E15S,E15S,Tumor Proliferating,persistent_hypoxia,0.3208264862800032,-0.0210163435945037,1.9997630070455032,0.9327582716941832,0.9327582716941832,0.043057860786834,0.3208264862800032,-0.0210163435945037,Hypoxic,1.0512993547494984,0.19519342704240011,0.3930695788948385,0.4117369940627614
CTCCTTGAGTCGAATT_E15S,E15S,Tumor Proliferating,exiting_hypoxia,0.0369180708697525,-0.4308802287700159,1.505919371952997,0.9318865537643432,0.9318865537643432,0.0627716896872395,0.0369180708697525,-0.4308802287700159,Hypoxic,1.0910719361755286,0.277223750019156,0.35226203034958237,0.3705142196312617
ACCTGATGTAGGCCAG_E15S,E15S,Tumor Proliferating,persistent_hypoxia,0.5099100754372106,0.0848171957480956,0.2497033313697013,0.9352013468742372,0.9352013468742372,0.0401489076235771,0.5099100754372106,0.0848171957480956,Hypoxic,1.002804204507299,0.1430680163737304,0.40172709595853584,0.4552048876677338
GTCCATTTCGTACCAA_E15S,E15S,Tumor,exiting_hypoxia,-0.320085753653887,-1.038070208691407,0.3337144803314679,0.9373407959938048,0.9373407959938048,0.1243072685841806,-0.320085753653887,-1.038070208691407,Hypoxic,1.0927336929402058,0.30234994237624063,0.3130147780699699,0.3846352795537894
GCGCTCAAGTCAATCG_E15S,E15S,Tumor Proliferating,persistent_hypoxia,0.5752610435107717,-0.1638306827528076,1.813897186250437,0.9535948038101196,0.9535948038101196,0.1552034923084939,0.5752610435107717,-0.1638306827528076,Hypoxic,0.9894244490588204,0.1353918274165971,0.3798283129500005,0.48477985963340225
TGGGTCACAGGCAGGA_E15S,E15S,Tumor,exiting_hypoxia,1.978493620462014,-1.1118706530164033,0.0749654238780481,0.9471847414970398,0.9471847414970398,0.0999826831589617,1.978493620462014,-1.1118706530164033,Hypoxic,0.40938690594037075,0.0017058633231688386,0.13568842145454182,0.8626057152222893
GTACGGGGTGGCTGTC_E15S,E15S,Tumor Proliferating,transitional,0.1061354763824384,-0.0051236763484488,1.557598883174967,0.9363222122192384,0.9363222122192384,0.0068218670436712,0.1061354763824384,-0.0051236763484488,Ridge,1.0825556934449811,0.252093771388489,0.387309095975182,0.3605971326363291
AAAGCTAAGCAGGTGA_E15S,E15S,Tumor Proliferating,persistent_hypoxia,1.038054283308419,-0.1141459739755173,1.4906753960189782,0.9370784759521484,0.9370784759521484,0.0590964381410809,1.038054283308419,-0.1141459739755173,Hypoxic,0.8269647431672394,0.0517995033348945,0.3477968297075704,0.6004036669575351
CACGAGGGTTATGTCA_E15S,E15S,Tumor Proliferating,exiting_hypoxia,-0.1777435343937834,-1.554896959531073,1.365116708723901,0.9348358511924744,0.9348358511924744,0.2953213665751265,-0.1777435343937834,-1.554896959531073,Hypoxic,0.9945455286536181,0.16967094057675108,0.2932086833046407,0.5371203761186083
AATCGCATCCAGCTCC_E15S,E15S,Tumor Proliferating,persistent_hypoxia,0.7324023939710627,0.3669109678136961,1.823697572767603,0.9479787945747375,0.9479787945747375,0.0806007126349163,0.7324023939710627,0.3669109678136961,Hypoxic,0.9184180135700645,0.0837335873699104,0.41284530735761055,0.503421105272479
TCGCATAAGGCGAAGC_E15S,E15S,Tumor Proliferating,persistent_hypoxia,0.5782401903997995,0.1442979874275754,1.3641370867922404,0.9367289543151855,0.9367289543151855,0.0102158454453157,0.5782401903997995,0.1442979874275754,Hypoxic,0.9805996204632079,0.12484664217553841,0.4046361294577356,0.470517228366726
ATAGCGAGTCCATAGT_E15S,E15S,Tumor,exiting_hypoxia,1.4814177770784234,-0.9402415151069418,0.1976837241567721,0.9428931474685668,0.9428931474685668,0.1109881112859819,1.4814177770784234,-0.9402415151069418,Hypoxic,0.5801720614704728,0.011374091049814742,0.21516606414093453,0.7734598448092508
AAGGCCCCACTATCGC_E15S,E15S,Tumor Proliferating,exiting_hypoxia,1.3429889740526064,-0.6636769770327713,1.5963521926418394,0.9426743388175964,0.9426743388175964,0.0440795268357163,1.3429889740526064,-0.6636769770327713,Hypoxic,0.6684294193237404,0.020848191346138058,0.26039908573577686,0.718752722918085
CCTCACGCACAGCGAC_E15S,E15S,Tumor Proliferating,persistent_hypoxia,0.8716574290912686,-0.237525199291768,2.0658663703301245,0.9491649270057678,0.9491649270057678,0.1360884437424499,0.8716574290912686,-0.237525199291768,Hypoxic,0.8856222598938535,0.0764925851674523,0.35560201295780225,0.5679054018747454
CAATTAGCAGGGCCAT_E15S,E15S,Tumor Proliferating,exiting_hypoxia,0.94247528537527,-0.6601597323394143,2.6066415117206256,0.9438347220420836,0.9438347220420836,0.0348582681755899,0.94247528537527,-0.6601597323394143,Hypoxic,0.8231732965355725,0.05949528426405491,0.3119977343396972,0.6285069813962479
TCTGCCTGTCAATTCA_E15S,E15S,Tumor,exiting_hypoxia,0.2961979958731325,-0.6180602504375711,1.1328162405955946,0.934124231338501,0.934124231338501,0.1558262385275457,0.2961979958731325,-0.6180602504375711,Hypoxic,1.0456729523077057,0.1969943366651949,0.348057236903345,0.4549484264314601
CAGCACTAGGCGTACT_E15S,E15S,Tumor Proliferating,exiting_hypoxia,-0.0304527261673702,-1.0020942585504355,1.4285523593042415,0.9281165599822998,0.9281165599822998,0.01413752146593,-0.0304527261673702,-1.0020942585504355,Hypoxic,1.0698165829891304,0.24161527908906136,0.32157006327006626,0.43681465764087235
CTGAATGTCCGCGTGA_E15S,E15S,Tumor,exiting_hypoxia,-0.1696122102049846,-0.6931258338770133,0.3429391306092527,0.9333302974700928,0.9333302974700928,0.1082331327619385,-0.1696122102049846,-0.6931258338770133,Hypoxic,1.0973190767519345,0.31497562979786325,0.329069888978762,0.3559544812233748
GCGGGATAGGTGAGAT_E15S,E15S,Tumor Proliferating,exiting_hypoxia,0.9921901143851728,-0.5015055873137377,0.0554008422985292,0.9387117028236388,0.9387117028236388,0.0420485070138347,0.9921901143851728,-0.5015055873137377,Hypoxic,0.8213249503849884,0.056148282773541495,0.32098102239748794,0.6228706948289706
GGCATGGGTGCGTGAG_E15S,E15S,Tumor Proliferating,exiting_hypoxia,0.6896857763676704,-0.5458974504604707,0.96694694164225,0.931222140789032,0.931222140789032,0.0432161103002412,0.6896857763676704,-0.5458974504604707,Hypoxic,0.9336492244506633,0.10605122640096132,0.3435108726345075,0.5504379009645312
CGTGAGAAGGATGTGG_E15S,E15S,Tumor,exiting_hypoxia,2.0063104499995887,-1.6871413433787958,1.1172647378225011,0.9541483521461488,0.9541483521461488,0.1098873976273864,2.0063104499995887,-1.6871413433787958,Hypoxic,0.31511662919842204,0.000660626501913047,0.09311382656658541,0.9062255469315015
TCTATGCTCCGTAGAC_E15S,E15S,Tumor,transitional,-0.1118003259851285,-0.3145356251393854,0.210311467628102,0.9392051100730896,0.9392051100730896,0.2375427766036421,-0.1118003259851285,-0.3145356251393854,Ridge,1.0978150194792913,0.3194205439176564,0.351335686370273,0.3292437697120706
AAGCTAGGTTTCACGG_E15S,E15S,Tumor Proliferating,exiting_hypoxia,-0.1042791720962526,-0.5322954632754642,1.3402961037763474,0.9363763332366944,0.9363763332366944,0.1710346196056415,-0.1042791720962526,-0.5322954632754642,Hypoxic,1.0973626001056422,0.3106588903239405,0.33944963057131056,0.349891479104749
CTGCATGGTTAAGGGC_E15S,E15S,Tumor Proliferating,exiting_hypoxia,1.1948545018921497,-0.7763789214555843,1.5668808266766818,0.9330508708953856,0.9330508708953856,0.0210190445764099,1.1948545018921497,-0.7763789214555843,Hypoxic,0.7076445066121481,0.02964218307493239,0.27040396428397845,0.6999538526410891
ACCCAGGTCGCGCATG_E15S,E15S,Tumor Proliferating,exiting_hypoxia,-0.1369684486091673,-1.0211753529873615,1.7145596648808434,0.929418683052063,0.929418683052063,0.0121697837888501,-0.1369684486091673,-1.0211753529873615,Hypoxic,1.0807625524498365,0.2641739174636057,0.3185213674701038,0.41730471506629047
CTAGAACCAATGCGTG_E15S,E15S,Tumor,entering_deep_hypoxia,2.5914533451188166,0.8971007421511429,-0.0497238431252049,0.9374866485595704,0.9374866485595704,0.0772167018203563,2.5914533451188166,0.8971007421511429,Hypoxic,0.3988355097570354,0.00011383122953447136,0.13603749052376984,0.8638486782466956
TAGTTTCCAATCCAGG_E15S,E15S,Tumor Proliferating,exiting_hypoxia,0.8039071648707841,-0.5826872466741211,1.0760662631436355,0.938402771949768,0.938402771949768,0.0853910587677245,0.8039071648707841,-0.5826872466741211,Hypoxic,0.8870081413339825,0.0833305046706172,0.3321232692401403,0.5845462260892426
TGAGCGAAGGATGTGG_E15S,E15S,Tumor Proliferating,transitional,0.2245289681970992,-0.0950795474005726,0.4120220202502001,0.9340029358863832,0.9340029358863832,0.0559297425721679,0.2245289681970992,-0.0950795474005726,Hypoxic,1.0698150731520355,0.2240728913584897,0.38447469129752265,0.3914524173439877
ATGAAACGTTGCCCAA_E15S,E15S,Tumor Proliferating,entering_hypoxia,-0.0053960539682293,0.7019708632766021,0.8136449918012307,0.9377096891403198,0.9377096891403198,0.0420719250207915,-0.0053960539682293,0.7019708632766021,Ridge,1.0430156216032547,0.1937652159803385,0.4578728736705849,0.3483619103490766
GTCTACCCACTTCAAT_E15S,E15S,Tumor Proliferating,exiting_hypoxia,0.2411164907638001,-0.5323689494302305,0.7458203058956501,0.931373417377472,0.931373417377472,0.0237835618252667,0.2411164907638001,-0.5323689494302305,Hypoxic,1.06175345747846,0.21660070538421888,0.35300198602346106,0.43039730859232006
CAGCTTGGTGCAACCC_E15S,E15S,Tumor,persistent_hypoxia,1.507926865379656,0.0110621403379048,0.0597671412213731,0.9400309324264526,0.9400309324264526,0.0474384256352093,1.507926865379656,0.0110621403379048,Hypoxic,0.6677798959291974,0.013854799212871983,0.28701940431807166,0.6991257964690564
GTTAACTAGGAGCCAA_E15S,E15S,Tumor,exiting_hypoxia,0.99964384601509,-0.7661129557836402,-0.0278763893303891,0.9449942111968994,0.9449942111968994,0.2158067229569331,0.99964384601509,-0.7661129557836402,Hypoxic,0.7855057267845142,0.04918740088063075,0.295681177837096,0.6551314212822732
TCTGGCTCACTTGCGT_E15S,E15S,Tumor,persistent_hypoxia,0.6329859210196527,-0.2129008707299416,1.08155362800946,0.9293605089187622,0.9293605089187622,0.0616402033694336,0.6329859210196527,-0.2129008707299416,Hypoxic,0.9707940224787823,0.12274940971728382,0.37372835059418463,0.5035222396885316
CTAGAACCATCGGTGA_E15S,E15S,Tumor Proliferating,entering_deep_hypoxia,0.4546829703725181,1.1463488199224363,0.8820564393742722,0.9342702627182008,0.9342702627182008,0.0438513072784465,0.4546829703725181,1.1463488199224363,Ridge,0.8821592865899472,0.06193854584945475,0.48135519539235966,0.45670625875818577
GTCGGTTAGTTAGAGA_E15S,E15S,Tumor Proliferating,persistent_hypoxia,1.5318380123304245,-0.0512757826766278,1.524513587071063,0.9544357657432556,0.9544357657432556,0.130234358391635,1.5318380123304245,-0.0512757826766278,Hypoxic,0.6573045890515535,0.013038359707699669,0.27906323389268545,0.7078984063996149
GCAGGCTCATCAATCT_E15S,E15S,Tumor Proliferating,exiting_hypoxia,0.3201226481156232,-0.5823862812083879,0.4014411964870615,0.9332594275474548,0.9332594275474548,0.0563721570816371,0.3201226481156232,-0.5823862812083879,Hypoxic,1.042701707282371,0.19269177595921838,0.350634197236377,0.45667402680440455
TGGATGCTCACCATGA_E15S,E15S,Tumor Proliferating,persistent_hypoxia,0.5937232576304787,-0.3523328477394502,1.3465134144396695,0.9311346411705016,0.9311346411705016,0.0386986507758493,0.5937232576304787,-0.3523328477394502,Hypoxic,0.9794699600385981,0.13122698006661473,0.36407808072808356,0.5046949392053017
CGTTTAAGTAATGAAC_E15S,E15S,Tumor,exiting_hypoxia,1.4399374451633729,-2.098843215698775,-0.0665130418186484,0.9419633746147156,0.9419633746147156,0.0858571093602825,1.4399374451633729,-2.098843215698775,Hypoxic,0.36263572501732055,0.00211935160989875,0.11057659595833542,0.8873040524317658
TCGTTAGAGTGACCAC_E15S,E15S,Tumor Proliferating,exiting_hypoxia,0.8038778873095038,-0.4892022932935221,1.424705879756143,0.9409762620925904,0.9409762620925904,0.0328559471626093,0.8038778873095038,-0.4892022932935221,Hypoxic,0.8960139096128978,0.08570667254623864,0.34026868755389933,0.5740246398998621
CGTCGTAGTGCAATTC_E15S,E15S,Tumor Proliferating,transitional,0.1444962383968799,-0.218524524580558,0.7350950531344995,0.9342442154884338,0.9342442154884338,0.0403982698876587,0.1444962383968799,-0.218524524580558,Hypoxic,1.0818486168339145,0.24923696123300934,0.37170677604983365,0.37905626271715703
CTCATGGGTGAGGAGA_E15S,E15S,Tumor,exiting_hypoxia,-0.3626881684366462,-0.8749886191214183,0.1359626227409474,0.9402657747268676,0.9402657747268676,0.1482911432686616,-0.3626881684366462,-0.8749886191214183,Hypoxic,1.097786665672161,0.33767071755904127,0.31506100582344976,0.347268276617509
TCTCTCCTCCTTAGAG_E15S,E15S,Tumor Proliferating,entering_deep_hypoxia,1.4949679813932366,0.8996978181670601,1.7979683360367795,0.935987651348114,0.935987651348114,0.0202443554185165,1.4949679813932366,0.8996978181670601,Hypoxic,0.671338133230108,0.00735963730003218,0.3252526288980754,0.6673877338018925
CAGTTTGAGTACCAAT_E15S,E15S,Tumor Proliferating,exiting_hypoxia,0.3787563245080314,-0.923466319953932,1.5768931734213578,0.9456579685211182,0.9456579685211182,0.14692524141296,0.3787563245080314,-0.923466319953932,Hypoxic,0.990506513381122,0.15157566055841684,0.3258652533647769,0.5225590860768062
AGTATGGGTGCGCCAT_E15S,E15S,Tumor,exiting_hypoxia,2.473580109468616,-2.2494625253671323,0.1246439816835947,0.9471034407615662,0.9471034407615662,0.1040354364969909,2.473580109468616,-2.2494625253671323,Hypoxic,0.15862297494894945,2.7080889996755812e-05,0.03700682221315337,0.9629660968968499
CTTCTGGTCATATCCC_E15S,E15S,Tumor,persistent_hypoxia,1.1290408365263405,0.0048742725193945,0.7329158289121237,0.9417514204978944,0.9417514204978944,0.2724722092693996,1.1290408365263405,0.0048742725193945,Hypoxic,0.7959222715051315,0.040384176710510915,0.3449909816734634,0.6146248416160258
AGAGAGGGTTGGAGTA_E15S,E15S,Tumor Proliferating,exiting_hypoxia,0.8948449374019677,-0.5755759685086359,0.6415152714376929,0.933068871498108,0.933068871498108,0.064388525839377,0.8948449374019677,-0.5755759685086359,Hypoxic,0.8521664468084944,0.06861125860941164,0.32455636470896926,0.6068323766816192
GCTCTATTCCCATATC_E15S,E15S,Tumor,exiting_hypoxia,1.8079671255629928,-1.3446085254952262,-0.2290639178654817,0.938175082206726,0.938175082206726,0.1340991180229813,1.8079671255629928,-1.3446085254952262,Hypoxic,0.41751428979283245,0.0024064987024298664,0.13780443426833947,0.8597890670292307
CCGCTTGCACCAGGGT_E15S,E15S,Tumor Proliferating,exiting_hypoxia,0.7133926157532191,-0.8714328068725681,0.4556731172650292,0.9323270320892334,0.9323270320892334,0.0520786199951112,0.7133926157532191,-0.8714328068725681,Hypoxic,0.8822643277931479,0.08681944189136327,0.3131711054224775,0.6000094526861591
GTGTGGCCATCCAACC_E15S,E15S,Tumor,exiting_hypoxia,0.4168717471667266,-1.5927969707619742,0.3588404659036252,0.9365100264549256,0.9365100264549256,0.2171336623899618,0.4168717471667266,-1.5927969707619742,Hypoxic,0.8102659294720537,0.07139824638215599,0.2625762635869269,0.6660254900309172
CACCAACAGATAGCTT_E15S,E15S,Tumor Proliferating,persistent_hypoxia,0.497222219833397,-0.3306999816963517,0.4841542430083583,0.9308778047561646,0.9308778047561646,0.0603774598005057,0.497222219833397,-0.3306999816963517,Hypoxic,1.00956090405434,0.15456343810206238,0.368416261501346,0.4770203003965917
TAGCTCCCATGGTGCA_E15S,E15S,Tumor Proliferating,exiting_hypoxia,0.8034619070425554,-0.4274653259389376,1.686179302504563,0.946940302848816,0.946940302848816,0.1223189242278275,0.8034619070425554,-0.4274653259389376,Hypoxic,0.9010488211516787,0.08694008424292399,0.3455786377773122,0.5674812779797638
ATAGCCATCACTTGCT_E15S,E15S,Tumor,entering_deep_hypoxia,2.336573875697696,0.7196512586287073,0.2715798272287322,0.9447508454322816,0.9447508454322816,0.0678988433080977,2.336573875697696,0.7196512586287073,Hypoxic,0.4626782958784493,0.0004256722458899873,0.17199092189886156,0.8275834058552484
CGCCATAGTTCGGTTG_E15S,E15S,Tumor Proliferating,exiting_hypoxia,0.1286206663188308,-0.7232465350443553,1.538584176543102,0.9361881017684937,0.9361881017684937,0.0207348685259692,0.1286206663188308,-0.7232465350443553,Hypoxic,1.0699457472469454,0.23403679702883834,0.3388887050823327,0.42707449788882906
ATCCTCACAATGCCGA_E15S,E15S,Tumor,exiting_hypoxia,1.6840212459097152,-0.9038065154679096,-0.0385400232875396,0.9416943788528442,0.9416943788528442,0.1085445604097093,1.6840212459097152,-0.9038065154679096,Hypoxic,0.5219600813602042,0.006047402584730461,0.1900663961718863,0.8038862012433833
GGTGAATAGATACTCG_E15S,E15S,Tumor Proliferating,transitional,-0.1015351047092485,-0.4047417697035567,0.7114076587960213,0.930304765701294,0.930304765701294,0.042722904794819,-0.1015351047092485,-0.4047417697035567,Ridge,1.0978247183748526,0.31530082188126535,0.3464479045802375,0.33825127353849727
TGTAGCGCACTATGGG_E15S,E15S,Tumor Proliferating,entering_hypoxia,0.0281749625571234,0.4315614272227189,1.4067959536548127,0.9421167969703674,0.9421167969703674,0.0346215731788359,0.0281749625571234,0.4315614272227189,Ridge,1.0675151173426016,0.22815095450384246,0.42766015715486655,0.3441888883412911
CGTGGCTGTATAGCAG_E15S,E15S,Tumor Proliferating,normoxic_stable,-0.5914342172647125,-0.348881557860506,2.7394804852100987,0.9365190267562866,0.9365190267562866,0.0481883650936138,-0.5914342172647125,-0.348881557860506,Oxygenated,1.0773072217920696,0.4233288734565785,0.321201970213937,0.2554691563294846
CCCGTAAGTCTTGACG_E15S,E15S,Tumor Proliferating,entering_hypoxia,0.1084962542378024,1.4973708568737816,0.9280278896474438,0.938974916934967,0.938974916934967,0.0620359682434967,0.1084962542378024,1.4973708568737816,Ridge,0.8710578198346774,0.05913958430109181,0.5221170567748594,0.4187433589240488
GCCTAATGTGATGAAT_E15S,E15S,Tumor,entering_deep_hypoxia,1.1085801518306584,1.59753970753957,0.2285785800516055,0.9386364817619324,0.9386364817619324,0.0876632918072299,1.1085801518306584,1.59753970753957,Hypoxic,0.7076930351876856,0.006943468458753267,0.39223721318982746,0.6008193183514193
TCCCAAGGTCAAGTGA_E15S,E15S,Tumor Proliferating,exiting_hypoxia,1.6944054225270264,-1.1042560710223894,0.3426413722937176,0.9352130889892578,0.9352130889892578,0.0359019865968046,1.6944054225270264,-1.1042560710223894,Hypoxic,0.48804633516145407,0.004822897413705143,0.17160262794957107,0.8235744746367237
CAGGAACGTTTACGAC_E15S,E15S,Tumor Proliferating,persistent_hypoxia,1.3532180914191505,0.2382873293492013,1.4963839083602826,0.9340600967407228,0.9340600967407228,0.013022277753582,1.3532180914191505,0.2382873293492013,Hypoxic,0.7218737124065397,0.020119337690165006,0.32614089908231036,0.6537397632275247
GGATAGTAGGATGTGG_E15S,E15S,Tumor,normoxic_stable,-0.699253050411892,-0.2922218256305293,-0.0780661031593932,0.938327133655548,0.938327133655548,0.1491373198495245,-0.699253050411892,-0.2922218256305293,Oxygenated,1.0686843695212187,0.43972062993477157,0.31944836351493816,0.24083100655029027
CGGCTCAAGGATGGCA_E15S,E15S,Tumor,persistent_hypoxia,1.345652779750132,-0.2684262395826252,-0.1502285777598447,0.9386715292930604,0.9386715292930604,0.1596620429542015,1.345652779750132,-0.2684262395826252,Hypoxic,0.7068894225406124,0.023112548409377452,0.293333923109318,0.6835535284813045
CCTTGGTCATGGAACT_E15S,E15S,Tumor Proliferating,transitional,-0.1521135252016323,-0.2043333487189496,1.3463984659969217,0.9314571619033812,0.9314571619033812,0.0324824798549891,-0.1521135252016323,-0.2043333487189496,Ridge,1.09728235023646,0.328858548946423,0.3563279045328225,0.31481354652075444
GTAAACGGTGAGGCAT_E15S,E15S,Tumor,persistent_hypoxia,1.7846947936511397,-0.0107348594686575,0.2505108436687772,0.9416687488555908,0.9416687488555908,0.0690157737340231,1.7846947936511397,-0.0107348594686575,Hypoxic,0.5828508771992215,0.00561109308555738,0.23881427556650228,0.7555746313479403
TGCACACAGTGGCTTA_E15S,E15S,Tumor,exiting_hypoxia,0.3550654886644427,-0.6744490919987248,0.2236782662512463,0.943125069141388,0.943125069141388,0.1257588431262637,0.3550654886644427,-0.6744490919987248,Hypoxic,1.0271911220780408,0.17797206655615364,0.34423008424963963,0.47779784919420687
GTCCTGCTCAGCCCGA_E15S,E15S,Tumor,reverted_stable,-0.8506057034673365,-0.5286393365931235,2.3456230234866564,0.9292726516723632,0.9292726516723632,0.154819083448631,-0.8506057034673365,-0.5286393365931235,Oxygenated,1.065342991754141,0.4513523207354771,0.30463968185565715,0.24400799740886567
GGCTTCCTCACATTGG_E15S,E15S,Tumor Proliferating,entering_deep_hypoxia,2.366796390599994,0.7745053469871375,2.2572730902111044,0.9384688138961792,0.9384688138961792,0.0402191288000078,2.366796390599994,0.7745053469871375,Hypoxic,0.4558287765794007,0.00035311879039385136,0.16802069702802244,0.8316261841815836
GCTAGGGGTTATCCGG_E15S,E15S,Tumor,exiting_hypoxia,1.1900785488791954,-0.9468262159190316,0.3089206130035262,0.933671772480011,0.933671772480011,0.1063757282443636,1.1900785488791954,-0.9468262159190316,Hypoxic,0.6815810795322008,0.026551287844793273,0.25424525722523555,0.7192034549299712
AGAGTAATCCATTGAG_E15S,E15S,Tumor Proliferating,entering_hypoxia,0.1817766228197071,0.5127715079900168,1.8211764235093408,0.9349164962768556,0.9349164962768556,0.0400596214676406,0.1817766228197071,0.5127715079900168,Ridge,1.0388829402018616,0.18191472087935695,0.4407162018128304,0.3773690773078127
GTACGTTGTTAACCCG_E15S,E15S,Tumor Proliferating,persistent_hypoxia,0.4129937689805728,0.004306204566609,1.7772205193562047,0.9335469007492064,0.9335469007492064,0.04731185470104,0.4129937689805728,0.004306204566609,Hypoxic,1.030588379717828,0.17027783962100246,0.3960011239319849,0.43372103644701265
TACAGGGAGATAGAGC_E15S,E15S,Tumor,exiting_hypoxia,1.1820529238026924,-0.7450768146061482,0.0260819431568297,0.9410299062728882,0.9410299062728882,0.0679470740175155,1.1820529238026924,-0.7450768146061482,Hypoxic,0.7171385744974231,0.031267469481294344,0.2751019057701382,0.6936306247485674
CACTTCACAAATGGAG_E15S,E15S,Tumor,entering_deep_hypoxia,0.9586326565220972,0.8914366671750171,0.5797408982497053,0.9392088055610656,0.9392088055610656,0.0516063029164126,0.9586326565220972,0.8914366671750171,Hypoxic,0.8017136118260868,0.031637917402938094,0.4150849083496683,0.5532771742473935
TCTGGTAAGGGTACGA_E15S,E15S,Tumor Proliferating,persistent_hypoxia,2.696444972262485,0.2854477306649907,0.1931213979080369,0.94458270072937,0.94458270072937,0.0466452613257103,2.696444972262485,0.2854477306649907,Hypoxic,0.3537373347802743,0.00012089087679255883,0.11290221368861887,0.8869768954345885
CATTTGAGTTGTGACT_E15S,E15S,Tumor Proliferating,entering_hypoxia,0.2434354311874108,1.1761099008000655,1.6379558562788517,0.9394100904464722,0.9394100904464722,0.0576690116215537,0.2434354311874108,1.1761099008000655,Ridge,0.9175956429115406,0.0825859149848005,0.4978685142717147,0.41954557074348486
CCATTAGAGGGCCATT_E15S,E15S,Tumor Proliferating,reverted_stable,-0.4638267566918036,-0.4313128358034402,1.5020194023570146,0.943201780319214,0.943201780319214,0.0511940906058338,-0.4638267566918036,-0.4313128358034402,Oxygenated,1.0875408062797218,0.39854249554443816,0.32381511061496715,0.2776423938405946
TCTAGCTTCCAGGTGT_E15S,E15S,Tumor Proliferating,exiting_hypoxia,0.7550710744149969,-0.6150981264134637,0.5331131027646563,0.9307512640953064,0.9307512640953064,0.0529258684082795,0.7550710744149969,-0.6150981264134637,Hypoxic,0.9022388605909786,0.09107393046898181,0.3331184776063286,0.5758075919246896
CCTTTAATCAAGTGAA_E15S,E15S,Tumor Proliferating,transitional,-0.2739005532214562,0.0164843909227069,1.6082594279269355,0.933173894882202,0.933173894882202,0.0468459672708689,-0.2739005532214562,0.0164843909227069,Ridge,1.093247452315751,0.347222485038974,0.3664667787423008,0.2863107362187252
CACACCCTCTAATCGG_E15S,E15S,Tumor,exiting_hypoxia,1.6922199948989276,-0.8492758085815142,-0.0256988904110443,0.9450109004974364,0.9450109004974364,0.1211022996855079,1.6922199948989276,-0.8492758085815142,Hypoxic,0.5273098552888403,0.006142020573921918,0.19348230917770476,0.8003756702483734
TCGTCCATCCTGAAGC_E15S,E15S,Tumor,exiting_hypoxia,1.066706875396528,-0.542565371593347,0.4706689279795215,0.9302371740341188,0.9302371740341188,0.0795329645851358,1.066706875396528,-0.542565371593347,Hypoxic,0.7877513923150999,0.046252630606471466,0.30861459150935805,0.6451327778841704
ATCGAGGAGGATGGGC_E15S,E15S,Tumor,exiting_hypoxia,2.35763978756338,-0.9971908219360912,0.0242315938722412,0.938620388507843,0.938620388507843,0.1127791115485223,2.35763978756338,-0.9971908219360912,Hypoxic,0.3310262326780817,0.00041243812690255666,0.10107726167140421,0.8985103002016932
AGCGTAAGTAGGTCCC_E15S,E15S,Tumor,exiting_hypoxia,-0.3206619065790063,-0.9094557341773288,0.1771382369215505,0.9413059949874878,0.9413059949874878,0.1091833484637397,-0.3206619065790063,-0.9094557341773288,Hypoxic,1.0969260268041765,0.323564869834345,0.3159244160875142,0.3605107140781407
CCACCTTGTGAAGTGC_E15S,E15S,Tumor Proliferating,exiting_hypoxia,1.3486121058318308,-0.7745962941304005,0.3439430673536277,0.9340589046478271,0.9340589046478271,0.0279407950090607,1.3486121058318308,-0.7745962941304005,Hypoxic,0.6511660567679101,0.019244323970672318,0.24939159141397504,0.7313640846153526
GGCTGTTAGGTACGCT_E15S,E15S,Tumor Proliferating,exiting_hypoxia,1.5824193656618464,-0.6440706559380894,1.253416089425217,0.9330011010169984,0.9330011010169984,0.0399873283273654,1.5824193656618464,-0.6440706559380894,Hypoxic,0.5889972767211266,0.010085763416694015,0.22666038932653226,0.7632538472567737
TGCAGGTTCCTGATAG_E15S,E15S,Tumor Proliferating,exiting_hypoxia,0.2550063986574791,-0.8060456711350745,1.6695229404136445,0.9523743391036988,0.9523743391036988,0.1795205944439918,0.2550063986574791,-0.8060456711350745,Hypoxic,1.0385473984877995,0.19315051850477152,0.33554114536406443,0.4713083361311641
GCATTACGTTGACGGG_E15S,E15S,Tumor,entering_hypoxia,-0.3261913832010484,0.6314996246466716,1.3875241121278432,0.9312554001808168,0.9312554001808168,0.1126237090987353,-0.3261913832010484,0.6314996246466716,Ridge,1.0748866788696416,0.2698251264352991,0.4371473673970882,0.29302750616761264
TGTCACTTCCTTAGCT_E15S,E15S,Tumor Proliferating,normoxic_stable,-0.5437117415486663,0.0467110932985141,2.260658847269449,0.9383551478385924,0.9383551478385924,0.0505262100444783,-0.5437117415486663,0.0467110932985141,Oxygenated,1.0800737707601953,0.39889430039651114,0.35283689077290675,0.24826880883058214
GGCTGCATCGTTACCT_E15S,E15S,Tumor,normoxic_stable,-1.0819676261521516,-0.2364991748653933,1.980529834215247,0.9327946901321412,0.9327946901321412,0.1419589583758692,-1.0819676261521516,-0.2364991748653933,Oxygenated,1.047681328749645,0.47217952442533095,0.3145421763899159,0.2132782991847532
CAAATGAAGGCGTAAG_E15S,E15S,Tumor Proliferating,exiting_hypoxia,0.631965435355915,-0.5138250107178831,0.941648061369868,0.9352466464042664,0.9352466464042664,0.1095986601212432,0.631965435355915,-0.5138250107178831,Hypoxic,0.9568917267615666,0.11919999015027777,0.3493504031432715,0.5314496067064508
GGGATCAAGCTACAGC_E15S,E15S,Tumor,exiting_hypoxia,0.6203674140976669,-0.7919085743562171,0.573377913452927,0.928030014038086,0.928030014038086,0.0400978767077769,0.6203674140976669,-0.7919085743562171,Hypoxic,0.9298331854570837,0.10896579698058462,0.3265946516778785,0.5644395513415369
ACTTCGTTCCTGAATG_E15S,E15S,Tumor,persistent_hypoxia,1.862749346393338,-0.1510607933482249,0.7704483675223447,0.9412853717803956,0.9412853717803956,0.0822995896387757,1.862749346393338,-0.1510607933482249,Hypoxic,0.5508586484025488,0.004338345676152625,0.21771121125577472,0.7779504430680727
GGTTAAGGTTCACCAG_E15S,E15S,Tumor Proliferating,entering_deep_hypoxia,2.421310477764947,0.8111499718187747,1.6786039327518094,0.94266676902771,0.94266676902771,0.0421843091814654,2.421310477764947,0.8111499718187747,Hypoxic,0.44218238782336783,0.00026826595961555586,0.16005125405230902,0.8396804799880754
CGCTGTTCAACTATGA_E15S,E15S,Tumor,entering_deep_hypoxia,0.8221710565517314,0.4931166200361221,0.3129236696729933,0.940413773059845,0.940413773059845,0.057241823277255,0.8221710565517314,0.4931166200361221,Hypoxic,0.8797292939543283,0.06378729897093628,0.41314694515598,0.5230657558730837
TGTGCATGTCTAGTGT_E15S,E15S,Tumor Proliferating,transitional,0.1032498728265746,-0.3828353967980811,0.6762351842334942,0.9335365295410156,0.9335365295410156,0.0527141029191314,0.1032498728265746,-0.3828353967980811,Hypoxic,1.0856687586015599,0.2601322317448775,0.3583357876970048,0.38153198055811777
CGATCTAAGTGAGCGA_E15S,E15S,Tumor Proliferating,exiting_hypoxia,0.2388784270617711,-0.5378115130921229,0.6640271797691035,0.932440996170044,0.932440996170044,0.0855862004644338,0.2388784270617711,-0.5378115130921229,Hypoxic,1.0619102642069618,0.21694588638886955,0.35259991201322455,0.43045420159790587
TATAGTCAGTGGCTGT_E15S,E15S,Tumor,persistent_hypoxia,0.6694050825960334,-0.358721198965411,0.0600661058374995,0.9443737864494324,0.9443737864494324,0.1073208644613951,0.6694050825960334,-0.358721198965411,Hypoxic,0.9539026529265169,0.11436299326711942,0.3601733262028215,0.5254636805300591
TGCGAGGGTCAGGACG_E15S,E15S,Tumor,entering_deep_hypoxia,1.2652303635761069,0.4885325862293235,0.9465929200423728,0.9408307075500488,0.9408307075500488,0.1218209617891392,1.2652303635761069,0.4885325862293235,Hypoxic,0.744863151480208,0.021855571550939316,0.3530921801617062,0.6250522482873545
TCCAGGCGTTGTCTAA_E15S,E15S,Tumor Proliferating,exiting_hypoxia,1.4359794695990578,-0.5415594510594046,0.7902207271036671,0.9342292547225952,0.9342292547225952,0.0645555142053352,1.4359794695990578,-0.5415594510594046,Hypoxic,0.6502104245385489,0.01670072854560942,0.25740461157614763,0.725894659878243
ACGGCAGGTTAAGGAT_E15S,E15S,Tumor Proliferating,exiting_hypoxia,0.0868098232675489,-0.507393035486086,0.8179166254904718,0.9331094622612,0.9331094622612,0.0512094074668943,0.0868098232675489,-0.507393035486086,Hypoxic,1.0850493209133938,0.2603959745847338,0.3498609981094194,0.38974302730584687
GCGGTGAGTTGCGGAG_E15S,E15S,Tumor Proliferating,exiting_hypoxia,0.4527837995252191,-0.5746968872998877,0.8902906830207635,0.9300064444541932,0.9300064444541932,0.0465034843047752,0.4527837995252191,-0.5746968872998877,Hypoxic,1.0090420555812205,0.15885069574432734,0.3504193589626096,0.49072994529306296
GCAATCTGTCTTGCTC_E15S,E15S,Tumor,entering_deep_hypoxia,0.8694573016876105,1.0219143702180764,0.2604140066951808,0.936433970928192,0.936433970928192,0.0554335272422768,0.8694573016876105,1.0219143702180764,Hypoxic,0.8089284356564581,0.03275235207168301,0.43117302890759407,0.5360746190207228
GCTTATAGTTGACGCC_E15S,E15S,Tumor Proliferating,entering_hypoxia,-0.0432727120151913,0.5863057461357337,1.5594010883826306,0.9352225065231324,0.9352225065231324,0.0488017434950271,-0.0432727120151913,0.5863057461357337,Ridge,1.0606990705687465,0.22084870599672923,0.4429928376123396,0.3361584563909311
ACGGGTTTCGTGCGAT_E15S,E15S,Tumor Proliferating,exiting_hypoxia,-0.2310980318985469,-0.6537430081930492,1.5118215050619497,0.9277417063713074,0.9277417063713074,0.0126035831749881,-0.2310980318985469,-0.6537430081930492,Hypoxic,1.0985165911791817,0.33366958784670775,0.3275263398744251,0.3388040722788671
AGCCCATAGGCGATGA_E15S,E15S,Tumor Proliferating,reverted_stable,-0.7574165703417086,-0.635643796756332,2.9230899477871524,0.9399076700210572,0.9399076700210572,0.1042597756463964,-0.7574165703417086,-0.635643796756332,Oxygenated,1.0755025794095034,0.43319336540370135,0.30450078485379545,0.26230584974250315
CAACCCAGTATTAGCC_E15S,E15S,Tumor Proliferating,exiting_hypoxia,0.9815791942381475,-0.7449845600159716,1.303907376706955,0.9305384159088136,0.9305384159088136,0.017191090912767,0.9815791942381475,-0.7449845600159716,Hypoxic,0.7958616434449778,0.051991106895826186,0.29975268281235085,0.648256210291823
TCCAACCCATTACCAT_E15S,E15S,Tumor Proliferating,exiting_hypoxia,0.2755594372853978,-0.579777283052292,1.3279719308898383,0.9361726641654968,0.9361726641654968,0.0325071529782751,0.2755594372853978,-0.579777283052292,Hypoxic,1.0525371708389621,0.20476584529922076,0.35041852168433313,0.4448156330164461
AGACAGACAATATACG_E15S,E15S,Tumor,persistent_hypoxia,0.6781015755415614,-0.3464998249820681,0.3497704208881621,0.9334369897842408,0.9334369897842408,0.0664334116847146,0.6781015755415614,-0.3464998249820681,Hypoxic,0.9514736719048722,0.11264694712397619,0.36070943539147954,0.5266436174845442
CACCGCAAGCCCGTGA_E15S,E15S,Tumor Proliferating,entering_deep_hypoxia,0.6015583040815224,0.6987708117912572,1.7321353611825046,0.9450640678405762,0.9450640678405762,0.0557508034010603,0.6015583040815224,0.6987708117912572,Hypoxic,0.9197709649040062,0.08214758253122083,0.44505569073308165,0.47279672673569745
GTACGTTGTTCGTAAC_E15S,E15S,Tumor Proliferating,exiting_hypoxia,-0.1877949888090372,-0.7855830851979867,0.7645995965984731,0.9297943711280824,0.9297943711280824,0.0367293549872713,-0.1877949888090372,-0.7855830851979867,Hypoxic,1.0961223041896788,0.3095385536422932,0.3248823621682317,0.36557908418947505
GTAATCACAGTTGGTG_E15S,E15S,Tumor Proliferating,exiting_hypoxia,0.0967877000199014,-1.387456104376671,2.22991108583438,0.9405931830406188,0.9405931830406188,0.0705053674651366,0.0967877000199014,-1.387456104376671,Hypoxic,0.9748627481620915,0.15085780123206544,0.2986533127036243,0.5504888860643102
GCCTTCATCGACCCGA_E15S,E15S,Tumor,transitional,0.1120497292872793,0.1210576328752298,1.4945454754125669,0.9329960942268372,0.9329960942268372,0.1180735752307837,0.1120497292872793,0.1210576328752298,Ridge,1.0775799550352505,0.2416553155125482,0.39907344205673373,0.359271242430718
GTTACCTTCTGGCTAA_E15S,E15S,Tumor,persistent_hypoxia,0.6473240780340627,-0.1114267424312855,0.3241142234099915,0.9387101531028748,0.9387101531028748,0.054295985504352,0.6473240780340627,-0.1114267424312855,Hypoxic,0.9667833708210758,0.11843424370418647,0.3812504033398649,0.5003153529559485
ACTATCTCAGTTGCTC_E15S,E15S,Tumor Proliferating,exiting_hypoxia,0.340914509808739,-0.7388882291872878,1.8040883410610729,0.9554980397224426,0.9554980397224426,0.1858622515183036,0.340914509808739,-0.7388882291872878,Hypoxic,1.0246627490889828,0.17694295036249447,0.3398089370227009,0.48324811261480477
CATCCCGCAATGAAGG_E15S,E15S,Tumor Proliferating,transitional,-0.1124102955101084,0.1927778341344951,2.019234281798977,0.9377779960632324,0.9377779960632324,0.0586774323151172,-0.1124102955101084,0.1927778341344951,Ridge,1.0900978145852784,0.29209055529781025,0.39426424720570963,0.31364519749648007
ACACTCCCATAGAGCT_E15S,E15S,Tumor Proliferating,persistent_hypoxia,0.4193089160756465,0.0451372849045382,2.129688295482946,0.9343305826187134,0.9343305826187134,0.0444818243772946,0.4193089160756465,0.0451372849045382,Hypoxic,1.027610016964088,0.16681267869128283,0.3994274286471713,0.4337598926615459
AGGACCCCATAGGGTT_E15S,E15S,Tumor Proliferating,entering_hypoxia,-0.7242062015256482,0.7555290845411178,1.6841267887124685,0.9459830522537231,0.9459830522537231,0.0434135726779235,-0.7242062015256482,0.7555290845411178,Ridge,1.0715213095940173,0.30160304173475594,0.4416792557179487,0.25671770254729526
GGCTGAGGTAATGGTG_E15S,E15S,Tumor Proliferating,persistent_hypoxia,0.6800466425242044,0.2075220485160749,0.3451885637320919,0.937608242034912,0.937608242034912,0.0388292542510949,0.6800466425242044,0.2075220485160749,Hypoxic,0.9461128761441409,0.10110869671412258,0.40469415093588046,0.494197152349997
TCTGGGACATTGGCCT_E15S,E15S,Tumor Proliferating,entering_hypoxia,0.2029416590536736,1.1168275754892147,1.5470011328220363,0.9403407573699952,0.9403407573699952,0.0446496675009333,0.2029416590536736,1.1168275754892147,Ridge,0.9370850078680772,0.0950211264778615,0.4960603287349021,0.4089185447872365
GTAAGCTCATTAGTCT_E15S,E15S,Tumor,entering_deep_hypoxia,0.9020409400831492,0.8980423390954064,0.4831220444392455,0.9406777620315552,0.9406777620315552,0.04885728427766,0.9020409400831492,0.8980423390954064,Hypoxic,0.8152864366206926,0.035737323118367664,0.4231175614063447,0.5411451154752877
GCCGTAGTCGCTAATG_E15S,E15S,Tumor,transitional,-0.1383388011302053,-0.333175461856814,2.1527729718012063,0.9343719482421876,0.9343719482421876,0.0991637327052937,-0.1383388011302053,-0.333175461856814,Ridge,1.098094545009745,0.3261616753796392,0.348550125896908,0.32528819872345277
ATCACATAGTCGCGTG_E15S,E15S,Tumor,exiting_hypoxia,1.2401972862449284,-0.5737923575999608,0.1726947525774926,0.9432270526885986,0.9432270526885986,0.1806686245834723,1.2401972862449284,-0.5737923575999608,Hypoxic,0.7173657246591008,0.02903173141156278,0.2830785475431665,0.6878897210452707
CTATGCTTCAGGAACG_E15S,E15S,Tumor Proliferating,exiting_hypoxia,1.493065661683227,-0.871334393110275,0.5425312470944618,0.932375967502594,0.932375967502594,0.0801233969740802,1.493065661683227,-0.871334393110275,Hypoxic,0.5870660974227655,0.011596805685454306,0.21987376110755902,0.7685294332069866
ACTATGGTCTATCTCA_E15S,E15S,Tumor,exiting_hypoxia,0.8284123260922165,-1.750504387585286,0.0849022524093483,0.9458606243133544,0.9458606243133544,0.1607318121057018,0.8284123260922165,-1.750504387585286,Hypoxic,0.6160258872863703,0.023670898489901337,0.2067221413078125,0.7696069602022861
TCCCTAACATCCTATG_E15S,E15S,Tumor,entering_hypoxia,-0.2547317078783545,0.8491222376470846,1.416522908856596,0.932350754737854,0.932350754737854,0.0556881101072396,-0.2547317078783545,0.8491222376470846,Ridge,1.048277903209824,0.2128116177331937,0.470230734196223,0.31695764807058324
CCTGTCGCAGGATCTG_E15S,E15S,Tumor,normoxic_stable,-0.6930630775985667,-0.2935395268926236,1.7082571235818444,0.9328190684318542,0.9328190684318542,0.1362693519946066,-0.6930630775985667,-0.2935395268926236,Oxygenated,1.0691412005251528,0.43887572738466074,0.31962553659695014,0.24149873601838914
TCCTCAACAATGTAGC_E15S,E15S,Tumor,exiting_hypoxia,0.2466473041911573,-0.5065937616876972,0.7088811255985731,0.933332622051239,0.933332622051239,0.1014650283501205,0.2466473041911573,-0.5065937616876972,Hypoxic,1.0618814508400467,0.21627294147062012,0.3548208646280532,0.4289061939013266
ACTGAAGGTTGCAGTT_E15S,E15S,Tumor Proliferating,persistent_hypoxia,0.9933272579150474,-0.3262414850056176,0.2175581809908969,0.93694269657135,0.93694269657135,0.0655419940720978,0.9933272579150474,-0.3262414850056176,Hypoxic,0.8348101338703252,0.057878807432488556,0.3359384528678745,0.606182739699637
TCCATCCGTAATGTCC_E15S,E15S,Tumor,exiting_hypoxia,1.450060309380437,-0.6345234418244823,-0.1361355131116065,0.9401580095291138,0.9401580095291138,0.2000209233858774,1.450060309380437,-0.6345234418244823,Hypoxic,0.6343865761719446,0.015372970601585077,0.24730474128353433,0.7373222881148805
CCACTAGGTTAGCAGA_E15S,E15S,Tumor Proliferating,transitional,-0.1493338571133769,-0.2678460070571103,1.7868393069656692,0.9305267930030824,0.9305267930030824,0.0411139435876357,-0.1493338571133769,-0.2678460070571103,Ridge,1.0977478538078098,0.3290671972685131,0.35208292820350506,0.31884987452798186
CGCAGCTGTAAGTAAC_E15S,E15S,Tumor Proliferating,exiting_hypoxia,0.3694648413731298,-0.7294879638326226,1.6689632148353108,0.9379530549049376,0.9379530549049376,0.1009381599533181,0.3694648413731298,-0.7294879638326226,Hypoxic,1.0181158003808837,0.17044482068923256,0.34020959979908516,0.4893455795116823
ACCATCAAGCTACAGC_E15S,E15S,Tumor Proliferating,exiting_hypoxia,0.3602333111610233,-0.6064815803847348,1.2576939255674613,0.929956555366516,0.929956555366516,0.0397689027526442,0.3602333111610233,-0.6064815803847348,Hypoxic,1.0314461021693258,0.18081369440634143,0.34900391040019096,0.47018239519346766
AGTTGCATCCCGCAAG_E15S,E15S,Tumor,exiting_hypoxia,0.8154011592941078,-0.7721855393049869,0.5706909433905699,0.9369380474090576,0.9369380474090576,0.1293213536446634,0.8154011592941078,-0.7721855393049869,Hypoxic,0.8581724378317286,0.07461494754927145,0.31395679697361845,0.61142825547711
ACAGCAAGTGATTCCG_E15S,E15S,Tumor Proliferating,persistent_hypoxia,0.3786935099069372,-0.1172718535683096,1.0213467156501843,0.930387318134308,0.930387318134308,0.0303126098669537,0.3786935099069372,-0.1172718535683096,Hypoxic,1.0412520553421447,0.18334654271008796,0.38583766419803217,0.4308157930918799
ACGAAATGTCATGCTG_E15S,E15S,Tumor Proliferating,transitional,-0.3531244217720223,-0.2294216737881997,2.333234759675786,0.9414843320846558,0.9414843320846558,0.1179267301583297,-0.3531244217720223,-0.2294216737881997,Oxygenated,1.0914652537083978,0.3770288033609193,0.34170443764010594,0.2812667589989749
CACACCCTCTAGTCTC_E15S,E15S,Tumor,normoxic_stable,-0.4625567052327003,0.4042946517394453,0.5698903269292549,0.936612904071808,0.936612904071808,0.08298091895793,-0.4625567052327003,0.4042946517394453,Ridge,1.0848147338753482,0.33697748461838384,0.39883493045213986,0.2641875849294762
ATCATGGTCCTGCCGT_E15S,E15S,Tumor,exiting_hypoxia,0.6421320837592412,-1.3402309569459003,0.1025221367236211,0.9472758173942566,0.9472758173942566,0.1810343690567805,0.6421320837592412,-1.3402309569459003,Hypoxic,0.8048478717274492,0.06516752060958443,0.27220100541915215,0.6626314739712634
CATAGCCAGAATCGAA_E15S,E15S,Tumor Proliferating,exiting_hypoxia,0.0278661706950852,-1.3497397309542694,1.9090353830921416,0.9410127401351928,0.9410127401351928,0.0547228164592452,0.0278661706950852,-1.3497397309542694,Hypoxic,1.0015030655091184,0.17085768294793385,0.3028944491309291,0.5262478679211371
TGCGATTGTGAGCAGT_E15S,E15S,Tumor,exiting_hypoxia,0.0939890243899083,-1.8283818630604929,0.0118048539883912,0.942668914794922,0.942668914794922,0.1203566406947738,0.0939890243899083,-1.8283818630604929,Hypoxic,0.8293031099274639,0.08233097705431114,0.25773513779349255,0.6599338851521963
GTTGCTGGTTTGGGTT_E15S,E15S,Tumor,exiting_hypoxia,0.3935840597839311,-0.6947376847868442,0.0834119154372485,0.9334049224853516,0.9334049224853516,0.0962416687721992,0.3935840597839311,-0.6947376847868442,Hypoxic,1.0150724581044583,0.16684263764631807,0.34241918938828897,0.49073817296539307
CTCTAATCACAATGAC_E15S,E15S,Tumor Proliferating,persistent_hypoxia,0.8290850593891913,0.0570648167831516,0.2977404986436004,0.93246591091156,0.93246591091156,0.0527895075854549,0.8290850593891913,0.0570648167831516,Hypoxic,0.9029078405857311,0.07978338695739956,0.38242832141294264,0.5377882916296578
GGTCATTGTTATGTGC_E15S,E15S,Tumor Proliferating,exiting_hypoxia,1.4491465241622543,-0.9270017055287252,1.5984696489418762,0.9430229663848876,0.9430229663848876,0.0641689445419913,1.4491465241622543,-0.9270017055287252,Hypoxic,0.592998718535481,0.012715498397578748,0.220911682372265,0.7663728192301563
AAACGTAAGGTGAAGT_E15S,E15S,Tumor,transitional,-0.1867965680573685,0.2924140951196309,0.7010853506685665,0.9349930882453918,0.9349930882453918,0.0809269742062717,-0.1867965680573685,0.2924140951196309,Ridge,1.0886569376600246,0.2975773555010972,0.40079262556172485,0.3016300189371779
GTGCGGTCATTGACGG_E15S,E15S,Tumor,persistent_hypoxia,0.8587078010838581,0.1696136324949734,-0.0270133557371323,0.9343414902687072,0.9343414902687072,0.0844448513007533,0.8587078010838581,0.1696136324949734,Hypoxic,0.8891519078237913,0.07181333441530582,0.3880313868948203,0.5401552786898739
CGAGTGAAGCAATCGC_E15S,E15S,Tumor Proliferating,transitional,-0.3989042423461943,-0.2718595721362072,2.301239409011662,0.9336671233177184,0.9336671233177184,0.0440140887881346,-0.3989042423461943,-0.2718595721362072,Oxygenated,1.0892868485362035,0.38738422715119575,0.3361381455605014,0.2764776272883028
TGCCAGGTCCATCGGG_E15S,E15S,Tumor Proliferating,transitional,-0.1837043442122606,-0.1175846123386374,0.876695770697803,0.9357969760894777,0.9357969760894777,0.0731026404345333,-0.1837043442122606,-0.1175846123386374,Ridge,1.096282910333242,0.3339187051218175,0.36087258622728347,0.305208708650899
CTAATTGGTGCAAGGT_E15S,E15S,Tumor Proliferating,exiting_hypoxia,2.163753748183677,-0.4457166305533225,2.8271348828021803,0.9382757544517516,0.9382757544517516,0.0637556413424885,2.163753748183677,-0.4457166305533225,Hypoxic,0.44095120744912275,0.0013268717386180973,0.15486634707352687,0.8438067811878549
CCCAATCCAAGCGCAC_E15S,E15S,Tumor Proliferating,entering_deep_hypoxia,0.3478758294548724,1.0417327616108032,1.586307301674292,0.9323165416717528,0.9323165416717528,0.0284944833886511,0.3478758294548724,1.0417327616108032,Ridge,0.9236493800568316,0.08505054526805342,0.48348594240491444,0.43146351232703206
CGTTATGAGTGCGGTT_E15S,E15S,Tumor Proliferating,transitional,-0.0243602969373348,0.0344632983231323,0.6889037306767646,0.9357144832611084,0.9357144832611084,0.0517774530500136,-0.0243602969373348,0.0344632983231323,Ridge,1.0911456147862193,0.2842541876529718,0.3839240982145548,0.3318217141324734
TATGGCGCACATAGTA_E15S,E15S,Tumor,exiting_hypoxia,0.1478876067409513,-0.5527863902703924,1.9887146792922248,0.9375502467155457,0.9375502467155457,0.2389228105028783,0.1478876067409513,-0.5527863902703924,Hypoxic,1.0760199900184064,0.24117828230548238,0.3493171340444273,0.4095045836500902
CCGTGTGAGGCGAATG_E15S,E15S,Tumor Proliferating,exiting_hypoxia,0.9882951923187192,-0.7765157199099609,0.2414171198570854,0.9328722953796388,0.9328722953796388,0.0379560481855597,0.9882951923187192,-0.7765157199099609,Hypoxic,0.788454642769424,0.05024314212773399,0.29596796902040184,0.6537888888518641
CCCTCAGCAGGCTTAG_E15S,E15S,Tumor,reverted_stable,-0.4837159240762355,-1.1046643357497308,1.3343716334899465,0.9416449666023254,0.9416449666023254,0.2214296110630096,-0.4837159240762355,-1.1046643357497308,Hypoxic,1.095342906420237,0.32189903740781783,0.30732215263056584,0.3707788099616164
AGTCTTGAGGCACAGA_E15S,E15S,Tumor Proliferating,persistent_hypoxia,0.3409649729386679,0.1617033257343079,2.424183910799674,0.9391222596168518,0.9391222596168518,0.0786049042141534,0.3409649729386679,0.1617033257343079,Hypoxic,1.0392616560778762,0.1793825355710446,0.4092124337148963,0.41140503071405915
ACAAGCCTCACCAAGC_E15S,E15S,Tumor,exiting_hypoxia,1.3579355452215536,-0.5771592982678743,0.142325013822719,0.9398722648620604,0.9398722648620604,0.1531387476061345,1.3579355452215536,-0.5771592982678743,Hypoxic,0.6736943745161875,0.02076871731299293,0.26594010468147555,0.7132911780055314
CAAAGTAAGTAGCGAG_E15S,E15S,Tumor Proliferating,persistent_hypoxia,0.4890568325236051,-0.1551029890188943,2.498201503135911,0.9484249353408812,0.9484249353408812,0.089730806109261,0.4890568325236051,-0.1551029890188943,Hypoxic,1.0142476782763965,0.15596703354034488,0.3824620847398535,0.4615708817198017
TAAGCGGAGTAGTGAA_E15S,E15S,Tumor Proliferating,exiting_hypoxia,1.760209440529761,-0.4095411127072775,0.4390740304819325,0.9366424679756165,0.9366424679756165,0.0383892094106672,1.760209440529761,-0.4095411127072775,Hypoxic,0.5590899332514266,0.00607169657169555,0.21735452574756478,0.7765737776807398
CCGCTTGCAGCTACTC_E15S,E15S,Tumor,transitional,-0.0904129226069099,-0.0114081057445648,0.7689243751389829,0.9511069655418396,0.9511069655418396,0.1490028841335915,-0.0904129226069099,-0.0114081057445648,Ridge,1.0944504478497366,0.304543326200585,0.3757973626428567,0.3196593111565584
GTGTCCCTCAATCTGG_E15S,E15S,Tumor Proliferating,persistent_hypoxia,1.114016207109375,0.1176233195088141,0.872345839066526,0.9304978847503662,0.9304978847503662,0.0465953945209315,1.114016207109375,0.1176233195088141,Hypoxic,0.8015542494722193,0.04045314751479482,0.35479542971575273,0.6047514227694525
ACTGCCTCATTAGTGA_E15S,E15S,Tumor,persistent_hypoxia,0.9934399714430664,0.3347559250671073,0.2459300639338531,0.9335658550262452,0.9335658550262452,0.1015108641325136,0.9934399714430664,0.3347559250671073,Hypoxic,0.836276547116273,0.04864978495629565,0.3842817568091787,0.5670684582345257
CCATGCCTCAATGTGT_E15S,E15S,Tumor Proliferating,exiting_hypoxia,0.6248821843245779,-0.821954869510429,1.4816405684995129,0.9406573176383972,0.9406573176383972,0.0620622290564442,0.6248821843245779,-0.821954869510429,Hypoxic,0.92370246702237,0.10624264170945229,0.3237124984749386,0.570044859815609
GGCAATGAGGCGTATC_E15S,E15S,Tumor,exiting_hypoxia,1.318123480262298,-1.984733807630312,0.4461618678097229,0.9402615427970886,0.9402615427970886,0.1982223826395673,1.318123480262298,-1.984733807630312,Hypoxic,0.4153147106938231,0.003989399935744611,0.13183523706717046,0.8641753629970851
CAATGGTCATGCGTTC_E15S,E15S,Tumor Proliferating,exiting_hypoxia,0.8633779990725068,-0.8251261477153286,0.4765203122982487,0.9370774030685424,0.9370774030685424,0.0674133463780846,0.8633779990725068,-0.8251261477153286,Hypoxic,0.830785645772793,0.06511473904682825,0.30445443614510764,0.6304308248080641
CATGATTAGGTGGATG_E15S,E15S,Tumor,exiting_hypoxia,0.8393155694730605,-0.6295506861245859,0.1472176030973679,0.9387178421020508,0.9387178421020508,0.1182056577390403,0.8393155694730605,-0.6295506861245859,Hypoxic,0.867907144887706,0.07592964745796135,0.32489827121678644,0.5991720813252521
CCCAAATGTTTAGGTC_E15S,E15S,Tumor Proliferating,transitional,-0.2214117769384405,0.2101718072032511,2.1432157111155403,0.9374128580093384,0.9374128580093384,0.058387327585464,-0.2214117769384405,0.2101718072032511,Ridge,1.0913318470043643,0.3159357574633363,0.3894436377566489,0.2946206047800148
GTAGGAACAAATGGCT_E15S,E15S,Tumor Proliferating,persistent_hypoxia,1.1720882194114617,-0.1685464793435727,1.6890244432696606,0.9461870789527892,0.9461870789527892,0.0829120441448026,1.1720882194114617,-0.1685464793435727,Hypoxic,0.7754002900373318,0.037188455079118166,0.3263049662101988,0.636506578710683
ACAATCACAAGGGATA_E15S,E15S,Tumor Proliferating,entering_hypoxia,-0.1830331866173687,1.451645336247132,1.2277411374793346,0.9359799027442932,0.9359799027442932,0.0419480250241971,-0.1830331866173687,1.451645336247132,Ridge,0.9187368816250832,0.08989013228003626,0.5357531215014956,0.37435674621846826
ATGAAACGTGGCAGCA_E15S,E15S,Tumor,entering_hypoxia,-0.4522540229105294,0.9559811447701788,1.673235657529894,0.9424021244049072,0.9424021244049072,0.0837909794518342,-0.4522540229105294,0.9559811447701788,Ridge,1.0462214394481286,0.21988305599007785,0.4807365899708478,0.2993803540390743
AAGGTTAAGGCGTATC_E15S,E15S,Tumor,exiting_hypoxia,0.4540280120116189,-0.5346044989439223,0.6460773743183595,0.9326696395874025,0.9326696395874025,0.1029658714550555,0.4540280120116189,-0.5346044989439223,Hypoxic,1.0116356174200238,0.16028727505992957,0.35342659534964577,0.4862861295904246
GCGCTAGTCGAGTCCG_E15S,E15S,Tumor Proliferating,persistent_hypoxia,0.4215684601551009,0.1616045185386183,1.1790226712585352,0.9338918924331664,0.9338918924331664,0.119385373086788,0.4215684601551009,0.1616045185386183,Hypoxic,1.0212964189582174,0.15964963583693534,0.4093581524016515,0.43099221176141306
TACTGTGAGCATCTCT_E15S,E15S,Tumor,transitional,-0.2832480271508517,0.0013753681948297,0.4767492762628189,0.929142951965332,0.929142951965332,0.0619234392093376,-0.2832480271508517,0.0013753681948297,Ridge,1.093081701787301,0.35051013323754404,0.36447239114399876,0.28501747561845714
TACATCCTCCACCTTG_E15S,E15S,Tumor,persistent_hypoxia,2.7097205367871764,-0.1109145337088376,0.0231879899923639,0.942373275756836,0.942373275756836,0.1028422662618273,2.7097205367871764,-0.1109145337088376,Hypoxic,0.32794290150722244,0.00012750408512142,0.10073071967085664,0.8991417762440219
AGTACCGCACTAAGCG_E15S,E15S,Tumor Proliferating,exiting_hypoxia,-0.2885727362043243,-0.7334242358732429,2.832238236947118,0.9296032190322876,0.9296032190322876,0.1963471524910033,-0.2885727362043243,-0.7334242358732429,Oxygenated,1.0983205512748335,0.33929058295817527,0.3219840409301655,0.33872537611165926
CTGTCAAAGTGTCCTT_E15S,E15S,Tumor Proliferating,transitional,0.1258512250453839,0.2192841582753836,0.527660707769389,0.9341299533843994,0.9341299533843994,0.0482747473568144,0.1258512250453839,0.2192841582753836,Ridge,1.0711408118375836,0.22924555108940678,0.40915956809659215,0.36159488081400104
ACTCACTTCACTCTCG_E15S,E15S,Tumor,exiting_hypoxia,0.6001463225280392,-0.4481986356127206,0.4919760480463965,0.9350677132606506,0.9350677132606506,0.1201000551694348,0.6001463225280392,-0.4481986356127206,Hypoxic,0.972351236384237,0.12805666018267045,0.35611674931689086,0.5158265905004386
ACCGCTAGTTTACCGG_E15S,E15S,Tumor,normoxic_stable,-0.4544147374304778,0.0143264627704318,0.3248838695255753,0.941128432750702,0.941128432750702,0.1273299035888027,-0.4544147374304778,0.0143264627704318,Oxygenated,1.085227650877303,0.38548588374403275,0.35486705045213923,0.25964706580382796
AGGTAATGTTAGACCT_E15S,E15S,Tumor Proliferating,exiting_hypoxia,0.0049048518769163,-0.4413120564031781,2.0883149601167057,0.935498833656311,0.935498833656311,0.0714690732470794,0.0049048518769163,-0.4413120564031781,Hypoxic,1.093217922167868,0.28564588581328804,0.35006757815249423,0.3642865360342177
AATCGCGCAAAGGACA_E15S,E15S,Tumor Proliferating,transitional,-0.1781959667493985,-0.3177949437640661,2.562819586219902,0.9455579519271852,0.9455579519271852,0.0588781392340492,-0.1781959667493985,-0.3177949437640661,Ridge,1.097889110196983,0.3364116488276328,0.3470519898066741,0.31653636136569313
TCGCAGACAAGCGGAG_E15S,E15S,Tumor,reverted_stable,-0.6531808633991673,-0.8603131322899669,0.1816727900922071,0.93743497133255,0.93743497133255,0.1152014414953093,-0.6531808633991673,-0.8603131322899669,Oxygenated,1.09092763226949,0.39253903443216187,0.30460407707712445,0.30285688849071374
GGGTTGGGTGGCGTTC_E15S,E15S,Tumor Proliferating,entering_deep_hypoxia,1.4535699214585476,0.5713371195612855,0.4536149211263269,0.9403217434883118,0.9403217434883118,0.0459635400495971,1.4535699214585476,0.5713371195612855,Hypoxic,0.6897886359159968,0.011867580211702141,0.32428543422852074,0.6638469855597772
TCATAACAGGTTCATG_E15S,E15S,Tumor Proliferating,exiting_hypoxia,0.7840907847567576,-0.4597202716763451,1.9912857573265157,0.9473543763160706,0.9473543763160706,0.1040443695448927,0.7840907847567576,-0.4597202716763451,Hypoxic,0.9059415117950729,0.08990274861228771,0.3443478036505859,0.5657494477371263
TAACGAAAGTGACCGT_E15S,E15S,Tumor,exiting_hypoxia,0.3461514624220198,-0.9721751823015258,-0.2377081529872211,0.939614713191986,0.939614713191986,0.1097618197065444,0.3461514624220198,-0.9721751823015258,Hypoxic,0.9923870806506323,0.15420360146338255,0.3230343827221762,0.5227620158144411
GCACCTAGTCTTGCAG_E15S,E15S,Tumor Proliferating,entering_deep_hypoxia,1.3265434374922955,0.4838609026654825,1.2048131033139406,0.9403914213180542,0.9403914213180542,0.0549941843089789,1.3265434374922955,0.4838609026654825,Hypoxic,0.7271216876616018,0.018494696131598175,0.34276634417929785,0.638738959689104
ATGGTTACAAGCCTAG_E15S,E15S,Tumor,normoxic_stable,-0.5377677815766548,0.1630820064022103,0.0052471279020628,0.9418025016784668,0.9418025016784668,0.1439994817256529,-0.5377677815766548,0.1630820064022103,Oxygenated,1.081639069835889,0.3854807156816193,0.36521369377089336,0.24930559054748733
AGGTGCAAGCGCTTCC_E15S,E15S,Tumor Proliferating,exiting_hypoxia,2.139874511741541,-0.741114519162872,2.0516474952140182,0.9460193514823914,0.9460193514823914,0.0390193437189358,2.139874511741541,-0.741114519162872,Hypoxic,0.4155949713162247,0.0012619488638175556,0.14062784424966315,0.8581102068865194
CGGACAGGTTGTGGTT_E15S,E15S,Tumor,exiting_hypoxia,0.2893733988801413,-1.3565889132112063,-0.0051082226259297,0.937195122241974,0.937195122241974,0.1096008049335514,0.2893733988801413,-1.3565889132112063,Hypoxic,0.9263314869058878,0.1192179129184454,0.2940816320803756,0.586700455001179
AGTGTGAGTTAGCGTT_E15S,E15S,Tumor Proliferating,exiting_hypoxia,0.1657265646090835,-0.4629992093283568,1.5266623877658958,0.9288598299026488,0.9288598299026488,0.0613272277247261,0.1657265646090835,-0.4629992093283568,Hypoxic,1.0765011673922251,0.24040046965304238,0.3555122203986425,0.4040873099483151
GTACAACCAGGATCTG_E15S,E15S,Tumor Proliferating,exiting_hypoxia,0.2324022940429353,-1.105134999844963,2.035992861313363,0.9395841956138612,0.9395841956138612,0.0648139817460175,0.2324022940429353,-1.105134999844963,Hypoxic,1.0010757425320655,0.16449686432612504,0.3158627197951665,0.5196404158787085
TAGCTAGTCCGCGCAA_E15S,E15S,Tumor Proliferating,exiting_hypoxia,2.028785756217594,-1.2442943829238138,2.2274486242427978,0.9435909390449524,0.9435909390449524,0.0486078112045947,2.028785756217594,-1.2442943829238138,Hypoxic,0.3774644701095406,0.0012001035795028382,0.12071565451134908,0.878084241909148
GCAAGGATCTGGTGTA_E15S,E15S,Tumor Proliferating,exiting_hypoxia,0.0791512503668684,-0.9031532525608236,1.646286646946065,0.941636562347412,0.941636562347412,0.071817296164672,0.0791512503668684,-0.9031532525608236,Hypoxic,1.0631257506166498,0.22776207720438194,0.328246462931761,0.44399145986385696
TGGTTAGTCCTGATTC_E15S,E15S,Tumor,persistent_hypoxia,0.977731034943183,0.21007894999502,0.1974347255394865,0.9335809350013732,0.9335809350013732,0.0936469735381903,0.977731034943183,0.21007894999502,Hypoxic,0.8468290196974276,0.05404708667209938,0.3782042616950563,0.5677486516328443
CTACTTGCAAGCATTA_E15S,E15S,Hypoxic Tumor,exiting_hypoxia,0.6145233765107995,-2.319246599322088,1.2632201285702942,0.9277423024177552,0.9277423024177552,0.6867965553330647,0.6145233765107995,-2.319246599322088,Hypoxic,0.4961660264366927,0.011547246656418446,0.1572959495852629,0.8311568037583186
TGGAACCTCCGTCCGT_E15S,E15S,Tumor Proliferating,persistent_hypoxia,0.7990805403285931,-0.3513471834841149,2.6691973417465484,0.93782639503479,0.93782639503479,0.0646465391098107,0.7990805403285931,-0.3513471834841149,Hypoxic,0.9075547115242363,0.08870289094214434,0.3523251500413372,0.5589719590165185
GCCAATATCCGTGCGA_E15S,E15S,Tumor,exiting_hypoxia,0.1138490107883487,-0.4268333444538161,0.6629216792010707,0.9313130378723145,0.9313130378723145,0.0985042115966747,0.1138490107883487,-0.4268333444538161,Hypoxic,1.0838594928018108,0.25605183301571804,0.3559246222746619,0.3880235447096201
TCGGCAACAATCAGCG_E15S,E15S,Tumor Proliferating,persistent_hypoxia,1.2938899751628492,-0.4030904383065132,0.7874825995385366,0.93011736869812,0.93011736869812,0.0488260377272,1.2938899751628492,-0.4030904383065132,Hypoxic,0.714860652054836,0.02631452769092846,0.2902077588807999,0.6834777134282716
AATGAACGTTGAGGCG_E15S,E15S,Tumor Proliferating,entering_hypoxia,0.2252195145519749,0.4944349377695596,1.647773218982558,0.9414870738983154,0.9414870738983154,0.0668966894831673,0.2252195145519749,0.4944349377695596,Ridge,1.033419239777196,0.17449964961005832,0.43941428656640796,0.38608606382353367
TGGGATTCAAAGGGAC_E15S,E15S,Tumor Proliferating,exiting_hypoxia,1.048067102525185,-0.4137424078563296,1.6335902393324733,0.9451954364776612,0.9451954364776612,0.0468642396649106,1.048067102525185,-0.4137424078563296,Hypoxic,0.807258547977262,0.050116526984034494,0.3221955730430892,0.6276878999728763
GGGAATTAGGTACGTC_E15S,E15S,Tumor,persistent_hypoxia,2.062257007928011,0.3539190974683962,0.4213551641918377,0.9341421723365784,0.9341421723365784,0.0652873467758344,2.062257007928011,0.3539190974683962,Hypoxic,0.5238000356417879,0.0017427543020977687,0.20807521822423533,0.790182027473667
CTTGCTTAGTAAGCGG_E15S,E15S,Tumor,entering_deep_hypoxia,1.860815578719501,1.5522951467722483,0.2180323879263115,0.9398533701896667,0.9398533701896667,0.0588873041283955,1.860815578719501,1.5522951467722483,Hypoxic,0.571945980671094,0.0007544191307087526,0.2533525485473893,0.7458930323219018
GTGTGAGAGGTATATC_E15S,E15S,Tumor,entering_hypoxia,-0.0802505031846576,1.694343828522307,0.7090685789549596,0.9346015453338624,0.9346015453338624,0.0509545663243144,-0.0802505031846576,1.694343828522307,Ridge,0.8505877917993313,0.05133931762490283,0.5410419205695867,0.4076187618055105
ACCAAACCAACATAGC_E15S,E15S,Tumor,reverted_stable,-0.5222847931310795,-0.426591792972278,0.438587299042785,0.9348511099815368,0.9348511099815368,0.137059797955689,-0.5222847931310795,-0.426591792972278,Oxygenated,1.0836524558685958,0.40971500138995487,0.3209332401732369,0.2693517584368082
CGAGGATGTCAATGGA_E15S,E15S,Tumor,exiting_hypoxia,1.7536536659364594,-1.098039920329851,-0.2520653229292054,0.9450746178627014,0.9450746178627014,0.0661847911708406,1.7536536659364594,-1.098039920329851,Hypoxic,0.4721224728706149,0.0039508552676093545,0.16448183949276965,0.831567305239621
CCACCTATCGTTAGAT_E15S,E15S,Tumor,exiting_hypoxia,0.9326021953528786,-1.2557637643827977,0.6242299218816634,0.9584589004516602,0.9584589004516602,0.0908242754949526,0.9326021953528786,-1.2557637643827977,Hypoxic,0.7150966661114668,0.037872643262355586,0.252673952439987,0.7094534042976575
GGGAATTAGCCTACCC_E15S,E15S,Tumor Proliferating,persistent_hypoxia,0.9119160734353382,0.1103097542377013,0.7092384246555649,0.9337926506996156,0.9337926506996156,0.0380482043728977,0.9119160734353382,0.1103097542377013,Hypoxic,0.8726376537245906,0.06550129013611103,0.37852303011175903,0.5559756797521299
GGTTAGGAGCATGACC_E15S,E15S,Tumor Proliferating,persistent_hypoxia,2.100309130567712,-0.2109396800558767,2.187139048574018,0.9397668242454528,0.9397668242454528,0.0404359724265891,2.100309130567712,-0.2109396800558767,Hypoxic,0.47932312596323434,0.0017787341026049691,0.17688033288916213,0.8213409330082329
TGAGCAAGTATGGTAG_E15S,E15S,Tumor Proliferating,exiting_hypoxia,-0.0344031434445979,-0.6198577478827499,1.5517125867843686,0.9297582507133484,0.9297582507133484,0.0119385595856247,-0.0344031434445979,-0.6198577478827499,Hypoxic,1.092593908259143,0.2863957982574882,0.33857287748604314,0.37503132425646873
GGACTCACAGGTTCCT_E15S,E15S,Tumor,entering_deep_hypoxia,1.765696223249724,0.6571015382259153,0.174628909993174,0.9351564049720764,0.9351564049720764,0.0703384101073461,1.765696223249724,0.6571015382259153,Hypoxic,0.6081569958349924,0.004011003302168816,0.2700251941090612,0.72596380258877
CAATTGGTCATGCCTT_E15S,E15S,Tumor,exiting_hypoxia,0.118536571997368,-0.7579107228280603,0.6107211552023654,0.9322977662086488,0.9322977662086488,0.0843052944826163,0.118536571997368,-0.7579107228280603,Hypoxic,1.0691165942288243,0.23351134555006695,0.3367384991267829,0.42975015532315014
TCTGTTGCACTTCAGC_E15S,E15S,Tumor Proliferating,exiting_hypoxia,-0.265570527917107,-0.4594623192864205,1.184479100226083,0.9276202321052552,0.9276202321052552,0.0404389485855106,-0.265570527917107,-0.4594623192864205,Oxygenated,1.0972282362771744,0.3545167496033887,0.3338816306290609,0.3116016197675504
AAGTCAAAGGCTTCCC_E15S,E15S,Tumor Proliferating,exiting_hypoxia,0.5240046314510756,-0.7407899767852516,0.9559534143914646,0.9289968013763428,0.9289968013763428,0.0355622923487723,0.5240046314510756,-0.7407899767852516,Hypoxic,0.9702854378725356,0.13272024709638836,0.3355259123697038,0.5317538405339077
GGAAACTAGAAGGGTT_E15S,E15S,Tumor,exiting_hypoxia,3.128854937423565,-0.9664215181079522,-0.1100416314434121,0.945058822631836,0.945058822631836,0.1244645782960869,3.128854937423565,-0.9664215181079522,Hypoxic,0.17650841378141768,1.0443618175316127e-05,0.042682859565395935,0.9573066968164287
GTAGCGCCAGCTACTC_E15S,E15S,Tumor Proliferating,transitional,0.239195986943464,-0.2031667632850115,2.168764242187927,0.9369900822639464,0.9369900822639464,0.058634587218114,0.239195986943464,-0.2031667632850115,Hypoxic,1.0687368793878174,0.22276819989545998,0.3763301275519566,0.4009016725525835
CGTGCTGAGGTAGAGT_E15S,E15S,Tumor,exiting_hypoxia,1.33978759979935,-0.8983922402213609,0.0722248331237692,0.9363861680030824,0.9363861680030824,0.0891180454723864,1.33978759979935,-0.8983922402213609,Hypoxic,0.6352591914470808,0.018081552848375267,0.23886720036453907,0.7430512467870857
AGAGGCGCAAGCTGGC_E15S,E15S,Tumor,entering_deep_hypoxia,2.328464652001336,1.3056714498487243,-0.1466482132279035,0.9479807019233704,0.9479807019233704,0.0682767163614815,2.328464652001336,1.3056714498487243,Hypoxic,0.4664236576889411,0.00019507720593773268,0.17556401055778623,0.8242409122362762
TGCAGTCAGCATCACA_E15S,E15S,Tumor,persistent_hypoxia,2.512242892909049,-0.3555877790276277,0.1245853445254788,0.9395867586135864,0.9395867586135864,0.101186583391005,2.512242892909049,-0.3555877790276277,Hypoxic,0.35860811795028746,0.00030965280661496774,0.11450620974945286,0.8851841374439321
TGGCTAATCCATAGGC_E15S,E15S,Tumor,exiting_hypoxia,-0.0512372201825214,-0.6533734647927046,0.581767925604011,0.9299100637435912,0.9299100637435912,0.0748615875756319,-0.0512372201825214,-0.6533734647927046,Hypoxic,1.0928218880749014,0.2881846934450551,0.33622410344571857,0.3755912031092263
CGTAGTCAGCTATCAG_E15S,E15S,Tumor,exiting_hypoxia,0.6744819235460623,-0.4876256699113004,1.0505738989024185,0.9387412667274476,0.9387412667274476,0.0698918335520196,0.6744819235460623,-0.4876256699113004,Hypoxic,0.9440317413358599,0.11086048404555013,0.3492810785667826,0.5398584373876673
TAGGTAGGTTAGTGGA_E15S,E15S,Tumor Proliferating,exiting_hypoxia,-0.1996086093169463,-0.4140231489060195,1.0254115825490355,0.93022882938385,0.93022882938385,0.0316692832296949,-0.1996086093169463,-0.4140231489060195,Ridge,1.0981944179331216,0.3401035924636118,0.3401435170185324,0.3197528905178559
ACTTCTATCCCGCACT_E15S,E15S,Tumor,entering_hypoxia,-0.1200449126562205,1.9400994215829777,1.2198470294466557,0.9433861970901488,0.9433861970901488,0.0858145192879141,-0.1200449126562205,1.9400994215829777,Ridge,0.8038298574712328,0.0315986482991584,0.545064611125821,0.42333674057502063
CCTAGGTAGGTGCTCG_E15S,E15S,Tumor Proliferating,exiting_hypoxia,0.3191584429722457,-0.8863640863662497,2.1625616653011166,0.9386751055717468,0.9386751055717468,0.0551431735879673,0.3191584429722457,-0.8863640863662497,Hypoxic,1.0128554557622127,0.1693490758999867,0.3297471106186508,0.5009038134813625
GCAACATCAGGTTAGT_E15S,E15S,Tumor,entering_deep_hypoxia,2.873713606647922,1.442383587154631,-0.0487845195251417,0.9442594051361084,0.9442594051361084,0.0594240855402542,2.873713606647922,1.442383587154631,Hypoxic,0.3243075889905648,1.2681817552063455e-05,0.09957731497476727,0.9004100032076806
CATGTTGAGTCATGTG_E15S,E15S,Tumor Proliferating,persistent_hypoxia,0.5102083888803987,0.242492967504233,1.998292487932875,0.9395184516906738,0.9395184516906738,0.0859119872901239,0.5102083888803987,0.242492967504233,Hypoxic,0.9934240910198834,0.13400235104365263,0.414806864287014,0.4511907846693333
TCGTGATGTTAAGGTG_E15S,E15S,Tumor,exiting_hypoxia,0.1552384297761323,-0.696384015146699,0.0994938598935307,0.9364038109779358,0.9364038109779358,0.0888504549103497,0.1552384297761323,-0.696384015146699,Hypoxic,1.0674658690637477,0.22920131683675915,0.34102501052108375,0.4297736726421571
CGTCCAAGTCTCCAGA_E15S,E15S,Tumor Proliferating,exiting_hypoxia,0.0959137571913185,-0.4445774496949147,2.0038329074567742,0.9313563704490662,0.9313563704490662,0.1804541136049386,0.0959137571913185,-0.4445774496949147,Hypoxic,1.0854805440833346,0.2604607752507625,0.35406370797065984,0.3854755167785777
CATTCTATCTGTGAAT_E15S,E15S,Tumor Proliferating,exiting_hypoxia,-0.0870676816705848,-0.5302603237467933,0.586816030664199,0.9281564950942992,0.9281564950942992,0.047140806383859,-0.0870676816705848,-0.5302603237467933,Hypoxic,1.0968217966950589,0.3062672513143294,0.3404558901847386,0.353276858500932
ACCAACATCTGGGATC_E15S,E15S,Tumor,normoxic_stable,-0.9501881156382496,-0.3428788025330679,-0.0800707599951842,0.9399155974388124,0.9399155974388124,0.1461767110699459,-0.9501881156382496,-0.3428788025330679,Oxygenated,1.054171375375022,0.465881527026196,0.30979608413796594,0.22432238883583816
AACGCGAAGTATGGCC_E15S,E15S,Tumor,entering_hypoxia,-0.274216921160767,0.4591671081732448,0.96191748516459,0.9365177154541016,0.9365177154541016,0.0495778311940387,-0.274216921160767,0.4591671081732448,Ridge,1.0836666105930903,0.2913252782427485,0.4162775591261124,0.292397162631139
TCGAGGTTCCCTGTGC_E15S,E15S,Tumor Proliferating,persistent_hypoxia,1.6800979256254014,0.0813863955756717,1.6048044788398503,0.9523094296455384,0.9523094296455384,0.1239807048841184,1.6800979256254014,0.0813863955756717,Hypoxic,0.6182830889062109,0.007811483106616517,0.26184909121936994,0.7303394256740136
CCTAGCGAGCATATAC_E15S,E15S,Tumor Proliferating,persistent_hypoxia,0.977562079016628,-0.1603200294541717,1.4301695936597194,0.9422259330749512,0.9422259330749512,0.0198475885008961,0.977562079016628,-0.1603200294541717,Hypoxic,0.8483354750510563,0.06008227229090994,0.35115856816870267,0.5887591595403874
TGCCCGAAGGAATTGA_E15S,E15S,Tumor Proliferating,exiting_hypoxia,-0.0717902054398854,-0.4426811131914825,1.3058029996940217,0.9372040033340454,0.9372040033340454,0.083579625745086,-0.0717902054398854,-0.4426811131914825,Hypoxic,1.096937270420934,0.3062624408048275,0.34595501282914276,0.34778254636602973
ACTTCGCCACTTCGAC_E15S,E15S,Tumor Proliferating,transitional,0.1755499437722178,0.0730443773966906,1.707441593012044,0.9368218183517456,0.9368218183517456,0.0611407438512133,0.1755499437722178,0.0730443773966906,Ridge,1.071868271831665,0.2284787533529373,0.3972318055049938,0.37428944114206886
TATCGAACAAGCCGTA_E15S,E15S,Tumor,exiting_hypoxia,2.143582209903099,-1.2092070395128396,-0.2424336516527997,0.9449019432067872,0.9449019432067872,0.123130866806918,2.143582209903099,-1.2092070395128396,Hypoxic,0.3546361096227971,0.0007953246433617214,0.11083546872958491,0.8883692066270533
ATCGAAGGTTGTGAAG_E15S,E15S,Tumor,exiting_hypoxia,2.694235543133628,-0.4124698918656981,-0.0956937622785895,0.9533424973487854,0.9533424973487854,0.0849024733373672,2.694235543133628,-0.4124698918656981,Hypoxic,0.3094324568219664,0.00013210674675908127,0.09243394578488323,0.9074339474683577
GTATGGTCACCTGTAC_E15S,E15S,Tumor Proliferating,entering_hypoxia,-0.1358420859312855,0.5659074976416135,1.0341422891503065,0.9350998997688292,0.9350998997688292,0.0413576587029022,-0.1358420859312855,0.5659074976416135,Ridge,1.0704843464126632,0.24404162340060048,0.43682909947979576,0.31912927711960365
GTTATCAGTTGCTTCC_E15S,E15S,Tumor,reverted_stable,-0.6228720279787365,-0.582629597598895,1.3893348619474777,0.9283329844474792,0.9283329844474792,0.1325850163019298,-0.6228720279787365,-0.582629597598895,Oxygenated,1.0814830514013842,0.41856832426524787,0.3105947147828597,0.27083696095189236
TAGCATTAGTTAGTCG_E15S,E15S,Tumor Proliferating,exiting_hypoxia,-0.1086279980207501,-0.4186532698333695,2.2181543302362026,0.9319242238998412,0.9319242238998412,0.0513581243502265,-0.1086279980207501,-0.4186532698333695,Ridge,1.097950668801747,0.3167624191645535,0.3452437588841205,0.33799382195132605
ATCCCTTAGTTACACG_E15S,E15S,Tumor Proliferating,transitional,0.1217365636991192,-0.1751353624634942,1.3450304506105035,0.9437497854232788,0.9437497854232788,0.0753894249117706,0.1217365636991192,-0.1751353624634942,Ridge,1.0840586381146515,0.2547560712340623,0.37401989605084324,0.3712240327150945
GCGCTTGAGCCTAGCG_E15S,E15S,Tumor,exiting_hypoxia,1.9133152273468883,-1.733317094499976,-0.0481824188308579,0.9445714950561525,0.9445714950561525,0.1645973982564539,1.9133152273468883,-1.733317094499976,Hypoxic,0.32775583959864385,0.0008670953762026795,0.09808975344961794,0.9010431511741794
GGCCCTAAGATTAAGG_E15S,E15S,Tumor,exiting_hypoxia,0.4500571563535044,-0.6714909604923952,0.548569736752934,0.94936203956604,0.94936203956604,0.1446768467264202,0.4500571563535044,-0.6714909604923952,Hypoxic,1.0012542812905803,0.1543604904029476,0.3431623148559395,0.5024771947411129
CCCAATCCACCTTGCG_E15S,E15S,Tumor,exiting_hypoxia,2.1898715083311933,-0.7178566346591179,1.830947163849147,0.9350079298019408,0.9350079298019408,0.0454012947712721,2.1898715083311933,-0.7178566346591179,Hypoxic,0.4052135422537952,0.0010472454530300527,0.1357289720384829,0.8632237825084871
AGGAGTTAGATTCCAG_E15S,E15S,Tumor,exiting_hypoxia,2.5312463581527416,-0.6931007220207481,-0.091873806093829,0.9524014592170716,0.9524014592170716,0.1020999457135764,2.5312463581527416,-0.6931007220207481,Hypoxic,0.32297263963740586,0.0002456949859027766,0.09801986072851838,0.9017344442855789
CAGCAAAGTTGTAGCT_E15S,E15S,Tumor,transitional,-0.079456545026961,-0.3541756066491792,0.2323326073870237,0.940191388130188,0.940191388130188,0.0865624058587851,-0.079456545026961,-0.3541756066491792,Ridge,1.0973227882150622,0.31052605984752785,0.3507549002933008,0.3387190398591714
ACTCACAAGGCGTCCA_E15S,E15S,Tumor,reverted_stable,-0.5655597836406053,-1.1562362198506948,0.2047460897226997,0.9405162930488586,0.9405162930488586,0.124511737015286,-0.5655597836406053,-1.1562362198506948,Hypoxic,1.0953341222755735,0.3252587905593362,0.30489557081034263,0.36984563863032116
AGGGATTAGTCGCAAC_E15S,E15S,Tumor Proliferating,transitional,0.2004081893329448,0.2832588819725357,1.0140852014120527,0.937205731868744,0.937205731868744,0.0499646834048413,0.2004081893329448,0.2832588819725357,Ridge,1.0566893781704088,0.20407525486085806,0.41794606298389075,0.3779786821552512
CCGCCATTCGACCGAT_E15S,E15S,Tumor,entering_hypoxia,-0.4404596818800397,0.4914572883649058,2.2044114669375534,0.9395551681518556,0.9395551681518556,0.1853336655837318,-0.4404596818800397,0.4914572883649058,Ridge,1.083308841011264,0.31752437926918065,0.41189441690317524,0.27058120382764417
TATCGAACACCTTGGT_E15S,E15S,Tumor,entering_hypoxia,-0.6767545254612605,0.4332014127763899,-0.1007568643395356,0.9615088701248168,0.9615088701248168,0.0983452091750319,-0.6767545254612605,0.4332014127763899,Ridge,1.0783363896729494,0.36499568192507,0.3928513961699692,0.24215292190496082
GCTTATGAGCGCTTAA_E15S,E15S,Tumor Proliferating,exiting_hypoxia,0.812939165453019,-0.7013159687556493,1.2180972505936694,0.9297382831573486,0.9297382831573486,0.1581101868297292,0.812939165453019,-0.7013159687556493,Hypoxic,0.8692102102637462,0.07782587848278118,0.32071682483663394,0.601457296680585
ATGTGAGGTCAGGCAG_E15S,E15S,Tumor,reverted_stable,-0.4934580681726366,-0.6971728629600792,1.390744754438669,0.9272956848144532,0.9272956848144532,0.0478281982584466,-0.4934580681726366,-0.6971728629600792,Oxygenated,1.0923780105678733,0.38604047797060137,0.3133029408480402,0.3006565811813583
ATAATGCTCCTCGTTG_E15S,E15S,Tumor,exiting_hypoxia,1.82285233076018,-0.5047025467450644,-0.2321708668390129,0.9400970339775084,0.9400970339775084,0.1441374298253024,1.82285233076018,-0.5047025467450644,Hypoxic,0.5306641821567566,0.0047320933888130865,0.2009197139453126,0.7943481926658742
GTCCATGGTATGGCTT_E15S,E15S,Tumor,persistent_hypoxia,1.0413546370670246,-0.3544164031264879,0.7319647237294211,0.9409890174865724,0.9409890174865724,0.3113380760581396,1.0413546370670246,-0.3544164031264879,Hypoxic,0.8143721433734826,0.05143112037440777,0.32804614184528025,0.620522737780312
GGGACAATCGTGCCTC_E15S,E15S,Tumor Proliferating,exiting_hypoxia,-0.0589673096261209,-0.7524919300240955,1.7011722889705223,0.9428136348724364,0.9428136348724364,0.0371640979365455,-0.0589673096261209,-0.7524919300240955,Hypoxic,1.090028114262662,0.28084194371619303,0.3314609049189681,0.38769715136483884
CATCGTCCAGGTTCAG_E15S,E15S,Tumor,persistent_hypoxia,1.1950370546028064,0.1481878384833889,-0.1228704127743172,0.9367038607597352,0.9367038607597352,0.1230402846758099,1.1950370546028064,0.1481878384833889,Hypoxic,0.7735795563505542,0.032425019527870816,0.345363500587723,0.6222114798844062
TCTAACCTCCTTCGAT_E15S,E15S,Tumor,exiting_hypoxia,0.3641072281021314,-1.03161497655869,0.2467436257544917,0.9341655969619752,0.9341655969619752,0.1238350112790518,0.3641072281021314,-1.03161497655869,Hypoxic,0.9766708080192625,0.14382036855709604,0.3180110122834303,0.5381686191594736
CACCCTGCAAGTAGTC_E15S,E15S,Tumor,transitional,-0.3591147887118272,0.0503018546238724,2.513951266445828,0.9427458643913268,0.9427458643913268,0.0968640218047226,-0.3591147887118272,0.0503018546238724,Ridge,1.0900487145420383,0.36315177485283456,0.3641565712310575,0.27269165391610783
TGAGTTGTCGACATCA_E15S,E15S,Tumor,entering_hypoxia,0.1954372050654204,0.8022518272217908,0.2908649442557768,0.9398504495620728,0.9398504495620728,0.0469174158259026,0.1954372050654204,0.8022518272217908,Ridge,0.996827329127918,0.13945602216683028,0.46977076621045943,0.39077321162271034
ATCTTCATCATAGATC_E15S,E15S,Tumor,transitional,0.1475081471819544,0.0847252057557316,1.1480340847457888,0.9461694955825806,0.9461694955825806,0.1163679446191887,0.1475081471819544,0.0847252057557316,Ridge,1.0749845449828985,0.2350987292796275,0.3971978003538458,0.3677034703665268
ATGCTCAAGGTAGCCT_E15S,E15S,Tumor,entering_hypoxia,0.1987596313604596,0.7032059255161447,1.718988484343472,0.9312204718589784,0.9312204718589784,0.1471507427734801,0.1987596313604596,0.7032059255161447,Ridge,1.0115210116399262,0.15269883252927946,0.46013247625538556,0.38716869121533487
GGATAACAGCATAGGG_E15S,E15S,Tumor,exiting_hypoxia,0.7661065344493171,-1.1253420258550693,0.1777165929372264,0.9380704760551452,0.9380704760551452,0.0853433073139028,0.7661065344493171,-1.1253420258550693,Hypoxic,0.8108609006460714,0.0634647549438093,0.28377984348403357,0.6527554015721571
GGAATGGTCGCATGAC_E15S,E15S,Tumor,exiting_hypoxia,1.9645255348719333,-1.53279947773855,-0.2537718236408355,0.9451109766960144,0.9451109766960144,0.1106866527434322,1.9645255348719333,-1.53279947773855,Hypoxic,0.34871776651139874,0.0010127192592597877,0.10730232332037819,0.891684957420362
GCTGTATGTTCACGCA_E15S,E15S,Tumor,entering_hypoxia,-0.2697972547203728,0.6526210702194442,0.6262858397557267,0.9340864419937134,0.9340864419937134,0.0890325862639034,-0.2697972547203728,0.6526210702194442,Ridge,1.0709230326470005,0.25510932081780424,0.44255036252923696,0.30234031665295885
CAGCGGTCAAGTAGGA_E15S,E15S,Tumor Proliferating,transitional,0.1233658269454555,-0.2661104407386672,2.064232142388108,0.9423491954803468,0.9423491954803468,0.1014901939616229,0.1233658269454555,-0.2661104407386672,Hypoxic,1.0842897023003006,0.2555277874328346,0.36727720276653103,0.3771950098006344
TGACCCAGTCTAGTGT_E15S,E15S,Tumor Proliferating,exiting_hypoxia,0.6091239308909577,-1.1572539752490978,0.9680760001799348,0.9301650524139404,0.9301650524139404,0.0396596652166207,0.6091239308909577,-1.1572539752490978,Hypoxic,0.8643795805560298,0.08463998365406526,0.293727024036123,0.6216329923098117
GGGATTAGTATTGGGA_E15S,E15S,Tumor,reverted_stable,-0.9062118538338656,-0.551244613450343,0.3497303534556005,0.9388286471366882,0.9388286471366882,0.1685426026051876,-0.9062118538338656,-0.551244613450343,Oxygenated,1.0634248106970348,0.45505844244974514,0.3028854188640046,0.24205613868625028
CAGCGAGGTTAAGTGG_E15S,E15S,Tumor,transitional,-0.2202696724884603,0.3970145878761806,0.6285898067370369,0.9428293108940125,0.9428293108940125,0.1047405867594472,-0.2202696724884603,0.3970145878761806,Ridge,1.0853021170329122,0.2899590065866157,0.41135105559472457,0.29868993781865977
AATCAGCCATAGACCG_E15S,E15S,Tumor Proliferating,persistent_hypoxia,0.7963040922637877,-0.2351833368706172,2.778223487983495,0.9379188418388368,0.9379188418388368,0.0575185518115612,0.7963040922637877,-0.2351833368706172,Hypoxic,0.9135999982729534,0.08966690029611345,0.36210627381661037,0.5482268258872762
CTAGTCAAGCAAGTAA_E15S,E15S,Tumor Proliferating,exiting_hypoxia,0.5053247442544502,-0.4679008450151817,0.984459215508661,0.934587836265564,0.934587836265564,0.0871124699749367,0.5053247442544502,-0.4679008450151817,Hypoxic,1.00102125030768,0.14990277508506983,0.357558696090863,0.4925385288240672
CTTAGCTTCGCTGAGT_E15S,E15S,Tumor Proliferating,transitional,-0.315447013794885,0.027352560435903,1.621556732550567,0.9320628643035888,0.9320628643035888,0.0379650988960343,-0.315447013794885,0.027352560435903,Ridge,1.0918465523331347,0.3556807685170825,0.36477604951474457,0.27954318196817285
CAGGCACCAATGCCAG_E15S,E15S,Tumor,exiting_hypoxia,-0.2246082970126993,-0.5018542205602528,1.5819510605499407,0.9325830936431884,0.9325830936431884,0.1582494407198235,-0.2246082970126993,-0.5018542205602528,Oxygenated,1.0983190611641271,0.3427265045581055,0.334242321499173,0.3230311739427215
CTTCTATGTCTAGGAA_E15S,E15S,Tumor,persistent_hypoxia,1.198868470792413,0.244568391010856,0.0596106377874335,0.9362189173698424,0.9362189173698424,0.1374168445050684,1.198868470792413,0.244568391010856,Hypoxic,0.7714688795742688,0.03067794094156904,0.350715202474851,0.61860685658358
ACTCGTCCAACCTGTC_E15S,E15S,Tumor Proliferating,exiting_hypoxia,1.7089134503917816,-0.7143405688806217,1.7047545819921008,0.9517421722412108,0.9517421722412108,0.13666151267504,1.7089134503917816,-0.7143405688806217,Hypoxic,0.5403797253429996,0.006363009369918633,0.20209962979017845,0.7915373608399028
ACATTCCTCCCCAGCT_E15S,E15S,Tumor,exiting_hypoxia,0.7559742109368457,-0.4618981070043543,-0.103067231055566,0.9448534846305848,0.9448534846305848,0.3221161229317842,0.7559742109368457,-0.4618981070043543,Hypoxic,0.916311042492888,0.09513787930263924,0.34624054475378485,0.558621575943576
CTCCCTAAGGCTACAC_E15S,E15S,Tumor,entering_hypoxia,-0.1211860462704012,1.2334929859581916,0.8148241962292341,0.9389082789421082,0.9389082789421082,0.078808620412489,-0.1211860462704012,1.2334929859581916,Ridge,0.9624007891978223,0.11885811387425578,0.5160752452314556,0.36506664089428853
CCTAATTCAGTAAGTC_E15S,E15S,Tumor Proliferating,entering_deep_hypoxia,0.3346862677664415,0.8261695826512983,0.6669441354845954,0.9418688416481018,0.9418688416481018,0.0580650743313681,0.3346862677664415,0.8261695826512983,Ridge,0.9649016196054452,0.11205200755016656,0.4685509167330396,0.4193970757167939
AACCATTAGGATCTCA_E15S,E15S,Tumor,exiting_hypoxia,0.0644086868714537,-1.1392014002158253,0.0648224530586536,0.9359097480773926,0.9359097480773926,0.1049202504844099,0.0644086868714537,-1.1392014002158253,Hypoxic,1.0351465025691327,0.19803154512202847,0.3154251121154713,0.48654334276250005
CCCATGAGTGATTGCT_E15S,E15S,Tumor Proliferating,entering_hypoxia,-0.131346724795998,0.6995448158058906,1.8020335350506125,0.9508692622184752,0.9508692622184752,0.1056493158491665,-0.131346724795998,0.6995448158058906,Ridge,1.0567299313574527,0.21934406791949435,0.45406988000767406,0.3265860520728316
CTGATAGTCATGACTG_E15S,E15S,Tumor,transitional,-0.1727195633315422,-0.3290516869401718,1.1804519994513432,0.9366591572761536,0.9366591572761536,0.1687775754845412,-0.1727195633315422,-0.3290516869401718,Ridge,1.0980020593349016,0.3349572289095051,0.3466946727004682,0.31834809839002676
CACATAGTCTGGGAAG_E15S,E15S,Tumor Proliferating,normoxic_stable,-0.4332297736480742,-0.3695185864857777,0.7023185399969106,0.9315028190612792,0.9315028190612792,0.0394562162761338,-0.4332297736480742,-0.3695185864857777,Oxygenated,1.0883902634020746,0.39401650104351615,0.3285373722188934,0.2774461267375904
TAATCAGCATTCAGGG_E15S,E15S,Tumor,persistent_hypoxia,0.8129623384394558,0.0833335639510046,0.269385809962009,0.938784122467041,0.938784122467041,0.0495347590219578,0.8129623384394558,0.0833335639510046,Hypoxic,0.9078163460793791,0.08179356506815749,0.38576974235717776,0.5324366925746647
GCTAGGGGTTGAAGCA_E15S,E15S,Tumor Proliferating,entering_deep_hypoxia,1.5640938233661823,1.0155109286048316,1.4149885227558143,0.9448792934417723,0.9448792934417723,0.043158133460755,1.5640938233661823,1.0155109286048316,Hypoxic,0.652081913127768,0.005091535223833942,0.31371624356682415,0.6811922212093419
TGTATCAGTGCAAGTA_E15S,E15S,Tumor,entering_deep_hypoxia,1.4568133313770448,0.6226374016270563,0.4062506352733465,0.9357772469520568,0.9357772469520568,0.0505612772496641,1.4568133313770448,0.6226374016270563,Hypoxic,0.6879778934639635,0.01121264108039526,0.32546581652207895,0.6633215423975258
CGGTTCTCAAGGTCAT_E15S,E15S,Tumor Proliferating,exiting_hypoxia,0.3571016871394809,-0.7563592182287482,0.784498759950587,0.9304705858230592,0.9304705858230592,0.0308122025276729,0.3571016871394809,-0.7563592182287482,Hypoxic,1.0185764942412736,0.17150138000878468,0.3384347198352591,0.4900639001559563
AGGATCAGTTGCGGAG_E15S,E15S,Tumor Proliferating,exiting_hypoxia,0.4699963904008899,-0.9457008717252886,0.4015392069389155,0.9374629259109496,0.9374629259109496,0.0897756816359142,0.4699963904008899,-0.9457008717252886,Hypoxic,0.9579611306628244,0.12913221822466803,0.32103281317034615,0.5498349686049858
TGGTGGTTCCCAGGCA_E15S,E15S,Tumor,transitional,0.0037269002045526,-0.4022694577901998,2.633013674688599,0.9377487897872924,0.9377487897872924,0.2261131861278971,0.0037269002045526,-0.4022694577901998,Hypoxic,1.0936435405655698,0.2871490377838942,0.3523634458714402,0.36048751634466564
GGCATGAAGATAGGTA_E15S,E15S,Tumor Proliferating,persistent_hypoxia,1.6187953225036986,-0.1325103061863511,1.797350072649408,0.9560984373092652,0.9560984373092652,0.1028439295371542,1.6187953225036986,-0.1325103061863511,Hypoxic,0.6252348004380452,0.009987191795912833,0.2592845694048295,0.7307282387992577
AGGCGTTTCACGGATC_E15S,E15S,Tumor Proliferating,transitional,-0.144226691522619,-0.0486422448050864,1.2702086639287913,0.9406243562698364,0.9406243562698364,0.0414288011778916,-0.144226691522619,-0.0486422448050864,Ridge,1.0956936409980298,0.32053196320892136,0.3691345291302801,0.3103335076607984
ATGCACGCAATTGGCG_E15S,E15S,Tumor,normoxic_stable,-1.2102995208405356,-0.1346739280402453,1.609893626804325,0.9355977177619934,0.9355977177619934,0.1772686217409615,-1.2102995208405356,-0.1346739280402453,Oxygenated,1.0454156371534868,0.470974480974581,0.3223252134426036,0.2067003055828152
ACCAAATTCGTTACTC_E15S,E15S,Tumor,exiting_hypoxia,0.5868220433944392,-1.3959032579335793,-0.0187514816618456,0.9440436959266664,0.9440436959266664,0.0964941718244845,0.5868220433944392,-1.3959032579335793,Hypoxic,0.810019562511562,0.0679398879759961,0.27085767783182735,0.6612024341921766
TGGTTCCCATCCCGTG_E15S,E15S,Tumor Proliferating,persistent_hypoxia,0.7157095738419517,-0.3761298142675644,0.5897514428080587,0.9318786859512328,0.9318786859512328,0.0560052567415771,0.7157095738419517,-0.3761298142675644,Hypoxic,0.9366988839168986,0.10451324385595587,0.3560939619423207,0.5393927942017234
CTGTCATTCCTTAGCT_E15S,E15S,Tumor,persistent_hypoxia,0.7431224238629569,-0.0962565685168215,0.1647072287868037,0.9325302839279176,0.9325302839279176,0.0829242479330469,0.7431224238629569,-0.0962565685168215,Hypoxic,0.934628936461114,0.09854957477442738,0.37706181434212427,0.5243886108834483
ACCCGAACACAACCTC_E15S,E15S,Tumor,exiting_hypoxia,2.531902455085468,-1.1481053119368578,-0.3243702466501558,0.9514224529266356,0.9514224529266356,0.0726337165394791,2.531902455085468,-1.1481053119368578,Hypoxic,0.2745835042661643,0.00016176580723835344,0.07766241380770697,0.9221758203850547
TCAAAGGGTTGCGCGT_E15S,E15S,Tumor Proliferating,persistent_hypoxia,1.55000955262059,-0.242418356765963,1.0378139081724345,0.9142950177192688,0.9142950177192688,0.2521277736738651,1.55000955262059,-0.242418356765963,Hypoxic,0.6394901932849428,0.012484842550175792,0.2630257717740739,0.7244893856757504
ATAGGCCTCCTCAGCC_E15S,E15S,Tumor,normoxic_stable,-1.1530409215339588,-0.243490358871909,-0.2473210237425683,0.9430484771728516,0.9430484771728516,0.187179482145078,-1.1530409215339588,-0.243490358871909,Oxygenated,1.0460654567544716,0.47426260433501183,0.31440523704741746,0.21133215861757074
CGACTATGTGATGCCC_E15S,E15S,Tumor,transitional,-0.1628239687253713,-0.3640800859934349,-0.0193429445382619,0.941307246685028,0.941307246685028,0.2548005341014681,-0.1628239687253713,-0.3640800859934349,Ridge,1.0982328378453416,0.3320156424210195,0.3451905908153873,0.3227937667635933
AGTACGGAGTGAATCT_E15S,E15S,Tumor Proliferating,exiting_hypoxia,0.6479442591251217,-1.0390966154685477,0.6009977968487835,0.93272465467453,0.93272465467453,0.0544809275176375,0.6479442591251217,-1.0390966154685477,Hypoxic,0.8757953177551714,0.08727275950644002,0.3023071582453779,0.6104200822481821
GTAAATGAGCCCGTTC_E15S,E15S,Tumor,entering_hypoxia,0.0671040955615592,0.5727605948379119,1.635478444345625,0.9329548478126526,0.9329548478126526,0.136267128820716,0.0671040955615592,0.5727605948379119,Ridge,1.049308647673705,0.19898798033872456,0.44479146588340546,0.35622055377786993
AACCTCAAGGTAACTT_E15S,E15S,Tumor,transitional,-0.3135734277747915,0.3149500016341305,0.7390946676082757,0.9500473141670228,0.9500473141670228,0.1140715029215782,-0.3135734277747915,0.3149500016341305,Ridge,1.0886956080484753,0.32226334873321855,0.39588558804762886,0.2818510632191527
CACCAGTAGTGCCTGG_E15S,E15S,Tumor,exiting_hypoxia,0.3493258438820157,-0.6671149864565884,0.8808615805933531,0.9409823417663574,0.9409823417663574,0.3054500880877277,0.3493258438820157,-0.6671149864565884,Hypoxic,1.0292908894687915,0.17993614619148593,0.3447727614681528,0.4752910923403612
GCGGTTTAGCGCTACG_E15S,E15S,Tumor Proliferating,transitional,-0.3177413326027247,0.171290920106223,1.8351805800024097,0.9405574798583984,0.9405574798583984,0.1272465581581027,-0.3177413326027247,0.171290920106223,Ridge,1.0907816735919442,0.34193653792622997,0.3791530863043504,0.2789103757694196
CATCTCACAAGTCGAT_E15S,E15S,Tumor Proliferating,exiting_hypoxia,-0.1130127880745602,-0.4788824854300623,2.0353696910988472,0.9362882375717164,0.9362882375717164,0.0283227044745946,-0.1130127880745602,-0.4788824854300623,Hypoxic,1.0979020671543236,0.31565569774413127,0.3417076977246551,0.34263660453121364
CGGATAAGTTTCGTCC_E15S,E15S,Tumor Proliferating,persistent_hypoxia,1.464485867031343,0.2374584967889031,2.47670642451957,0.9359363913536072,0.9359363913536072,0.0493900712970424,1.464485867031343,0.2374584967889031,Hypoxic,0.6875017966332372,0.014506603130585004,0.3074800636373132,0.6780133332321018
CCTGTCGCAAATCGAC_E15S,E15S,Tumor,persistent_hypoxia,1.418874572877836,0.0247825537459319,0.0270508786161575,0.9385324120521544,0.9385324120521544,0.0860898004643673,1.418874572877836,0.0247825537459319,Hypoxic,0.6969260043804244,0.018076034680436313,0.3026091941495647,0.6793147711699989
ACCTGCCTCGACCCAG_E15S,E15S,Tumor Proliferating,entering_deep_hypoxia,0.5900157017903993,0.9039012716584776,0.5070975262988096,0.9344252943992616,0.9344252943992616,0.073539565822571,0.5900157017903993,0.9039012716584776,Hypoxic,0.8927229219362205,0.06718408929543485,0.458066647940244,0.47474926276432133
GCCATAATCCTGCCTA_E15S,E15S,Tumor,exiting_hypoxia,1.4786109332121495,-1.2345156429536366,0.7068046826362887,0.9381572008132936,0.9381572008132936,0.0844744621413027,1.4786109332121495,-1.2345156429536366,Hypoxic,0.5298419721091142,0.008473745828842624,0.1876154859258892,0.8039107682452682
CATATTCCAACTGTGG_E15S,E15S,Tumor Proliferating,entering_deep_hypoxia,1.0098747983121246,0.4803303754390052,0.1348559511969494,0.9367703795433044,0.9367703795433044,0.0497814358802149,1.0098747983121246,0.4803303754390052,Hypoxic,0.8225948169198825,0.04228647744976166,0.39053105736482924,0.567182465185409
TAACTGACATCATACT_E15S,E15S,Tumor,transitional,-0.3442507207956442,0.2773620094079452,1.1547826687740157,0.9347174763679504,0.9347174763679504,0.0548566682183027,-0.3442507207956442,0.2773620094079452,Ridge,1.0889656346696155,0.33398611510937937,0.3895449544233534,0.2764689304672673
TGCTAACGTGCGCCAT_E15S,E15S,Tumor,persistent_hypoxia,0.6699392049388214,0.1528430103125343,0.2073066675457471,0.9399492144584656,0.9399492144584656,0.0569695634746608,0.6699392049388214,0.1528430103125343,Hypoxic,0.9523115533224669,0.1055438883859424,0.40106097692819825,0.4933951346858592
CGTAACATCACGCAAC_E15S,E15S,Tumor,persistent_hypoxia,1.3817037454959522,-0.2375059155140214,0.1952675003894646,0.9360989332199096,0.9360989332199096,0.1461562771128285,1.3817037454959522,-0.2375059155140214,Hypoxic,0.6963690509951113,0.020843312842737088,0.29016528439166217,0.6889914027656007
CATCAATAGCCAATGC_E15S,E15S,Tumor Proliferating,transitional,0.188625986291403,0.2900904899475405,2.4035080092637044,0.9381399154663086,0.9381399154663086,0.1069356593527692,0.188625986291403,0.2900904899475405,Ridge,1.0580083524223767,0.20630645136422757,0.4182952164028495,0.3753983322329229
CTACTTGCAGGGCACT_E15S,E15S,Tumor,exiting_hypoxia,0.2402647729589495,-1.149521888275756,0.0529447382656649,0.9360603094100952,0.9360603094100952,0.0946079746525463,0.2402647729589495,-1.149521888275756,Hypoxic,0.990331678157716,0.15687569388918027,0.31251660473780496,0.5306077013730148
AGCACGTTCTCATCTA_E15S,E15S,Tumor Proliferating,transitional,-0.3572646349065776,0.0449080157486827,2.7237676202733767,0.9389272332191468,0.9389272332191468,0.068024623924087,-0.3572646349065776,0.0449080157486827,Ridge,1.0901400515797521,0.3632357192644353,0.36375621920665074,0.2730080615289139
CCATCTTAGCGAAGGC_E15S,E15S,Tumor,exiting_hypoxia,1.3055529560101882,-0.6453973438285057,0.4172762244384134,0.929861068725586,0.929861068725586,0.0792363517612353,1.3055529560101882,-0.6453973438285057,Hypoxic,0.6843864639383438,0.02343146393612935,0.26741522795943357,0.709153308104437
AGAATAGTCTAATGCG_E15S,E15S,Tumor,entering_hypoxia,-0.3551569325958956,1.87279318146222,1.4889940428213684,0.9418779611587524,0.9418779611587524,0.074176985447494,-0.3551569325958956,1.87279318146222,Ridge,0.833686195069745,0.046524841862099285,0.5620942590897782,0.3913808990481225
ACAGCAAGTGAAGCTA_E15S,E15S,Tumor Proliferating,exiting_hypoxia,0.38631571712842,-1.5405016956363176,1.9200704089439624,0.9404020309448242,0.9404020309448242,0.0921580656626388,0.38631571712842,-1.5405016956363176,Hypoxic,0.8382258026409366,0.08107891112825819,0.27044134237997003,0.6484797464917716
TCCAGTAAGTCATCGA_E15S,E15S,Tumor,exiting_hypoxia,0.9234621270223136,-0.6789881968199001,0.0575890581109031,0.9406437873840332,0.9406437873840332,0.1414171756042592,0.9234621270223136,-0.6789881968199001,Hypoxic,0.8283066716939558,0.0616188698799482,0.3122392316452566,0.6261418984747952
CTTAGCGGTGCAACGG_E15S,E15S,Tumor,entering_hypoxia,0.0628044849125992,0.4671819227578633,0.1029287823499913,0.942031741142273,0.942031741142273,0.0915678809744738,0.0628044849125992,0.4671819227578633,Ridge,1.0605393270274077,0.2151557722729234,0.43289323149243125,0.3519509962346454
CGCATCTCATAAGTGC_E15S,E15S,Tumor,persistent_hypoxia,1.870484442503233,-0.2410269670910887,0.2680007538806915,0.9355125427246094,0.9355125427246094,0.0327639230898789,1.870484442503233,-0.2410269670910887,Hypoxic,0.5415731961969105,0.004217605250152073,0.2110181965883783,0.7847641981614697
AAGCCGCCACAGCCTT_E15S,E15S,Tumor Proliferating,transitional,0.2880222826317882,0.3371578678156354,0.1716993213476896,0.937316119670868,0.937316119670868,0.05223555445683,0.2880222826317882,0.3371578678156354,Ridge,1.0371503995639122,0.17737749843509765,0.4247864013221685,0.39783610024273386
TGGCTGACATGGTGAT_E15S,E15S,Tumor,reverted_stable,-1.3483100918702997,-1.3323077084430144,0.2535579961234383,0.9453644156455994,0.9453644156455994,0.2072064678475758,-1.3483100918702997,-1.3323077084430144,Hypoxic,1.0967740071994434,0.33706096429931853,0.3070063655409638,0.3559326701597177
TGAACATTCCGCCAAG_E15S,E15S,Tumor,persistent_hypoxia,0.3526929159165524,-0.3915459027568146,-0.2160811052945677,0.943132758140564,0.943132758140564,0.1595891064943023,0.3526929159165524,-0.3915459027568146,Hypoxic,1.0445412690778872,0.19110867620645408,0.3644278592716499,0.444463464521896
GGGACCTCATAACGGT_E15S,E15S,Tumor Proliferating,persistent_hypoxia,0.9227382088221976,-0.3081338182141966,1.801167444994687,0.9291998744010924,0.9291998744010924,0.0415017029723194,0.9227382088221976,-0.3081338182141966,Hypoxic,0.8630444229717545,0.06819565429555785,0.3449183917447632,0.5868859539596789
GCTGACTAGGATCACC_E15S,E15S,Tumor Proliferating,transitional,-0.3542774697271127,0.2849039350591806,1.4104571989229344,0.9384098649024964,0.9384098649024964,0.0647008546129537,-0.3542774697271127,0.2849039350591806,Ridge,1.0886713906620178,0.33497866135100834,0.38984257884610446,0.2751787598028872
GTTAGGGAGGCTATAT_E15S,E15S,Tumor,exiting_hypoxia,-0.235205282362112,-0.983790527550631,0.1749645353909353,0.9463077783584596,0.9463077783584596,0.2306579658364271,-0.235205282362112,-0.983790527550631,Hypoxic,1.0910718564418977,0.29292677366307024,0.31698650098730874,0.390086725349621
AAAGTGATCCTCGTTG_E15S,E15S,Tumor,reverted_stable,-0.8848380929859379,-0.5094357825481977,2.104781873443008,0.9388564825057985,0.9388564825057985,0.32798089844784,-0.8848380929859379,-0.5094357825481977,Oxygenated,1.0626880594406023,0.45564259447440164,0.30446372983639963,0.23989367568919878
ATAGCGAGTGCGAGCA_E15S,E15S,Tumor Proliferating,persistent_hypoxia,2.333382977321836,0.0644413438656729,0.6952716215446835,0.9394245743751526,0.9394245743751526,0.0361361724477182,2.333382977321836,0.0644413438656729,Hypoxic,0.4362974111015738,0.0006665846405762178,0.1547544053239772,0.8445790100354467
CATGGTTGTGGCTTGC_E15S,E15S,Tumor,transitional,-0.0691617666297538,0.0747209106963754,0.094652444639104,0.9579646587371826,0.9579646587371826,0.1043075114848908,-0.0691617666297538,0.0747209106963754,Ridge,1.0920251329615742,0.2926882738408674,0.3850312299944071,0.32228049616472565
CCTGTGGAGCATGTCA_E15S,E15S,Tumor Proliferating,exiting_hypoxia,1.186297819467555,-0.5383053121793356,3.254085587401927,0.938508152961731,0.938508152961731,0.0478742502368997,1.186297819467555,-0.5383053121793356,Hypoxic,0.7417947364363705,0.03403541022021291,0.2936327968005225,0.6723317929792646
GCCGTTAGTAACTCGT_E15S,E15S,Tumor,exiting_hypoxia,-0.0733554189380108,-1.2740353128078297,-0.0404746507218586,0.9386684894561768,0.9386684894561768,0.1515946522749473,-0.0733554189380108,-1.2740353128078297,Hypoxic,1.0385779041117655,0.20549847347479985,0.3083607897070249,0.4861407368181752
ACAGATGGTTAATCTG_E15S,E15S,Tumor,entering_hypoxia,-0.2705766782970826,2.00185360441932,1.1541179098147711,0.9420447945594788,0.9420447945594788,0.0685733861158552,-0.2705766782970826,2.00185360441932,Ridge,0.8019504397639815,0.032054346125596635,0.5561043629836102,0.4118412908907931
AACAGGCGTCAGCTAT_E15S,E15S,Tumor,persistent_hypoxia,1.583018290023517,-0.0598418750282353,0.428626554926685,0.9416540265083312,0.9416540265083312,0.051326588843264,1.583018290023517,-0.0598418750282353,Hypoxic,0.6407284809668095,0.0111062347363844,0.2699619729233922,0.7189317923402234
ACTACAACAAACTAGC_E15S,E15S,Tumor Proliferating,persistent_hypoxia,1.1073834620107843,0.2434200448167032,0.3478621566827596,0.927124559879303,0.927124559879303,0.2461538839235105,1.1073834620107843,0.2434200448167032,Hypoxic,0.8018433834695908,0.03885819696779923,0.3637834365466326,0.5973583664855682
CCCAGGATCAGGACGA_E15S,E15S,Tumor Proliferating,entering_hypoxia,0.2509843021842141,0.9216749578267476,0.3357408377672133,0.932171106338501,0.932171106338501,0.0816463049053258,0.2509843021842141,0.9216749578267476,Ridge,0.9655720597258393,0.11368791234346888,0.47916817515713434,0.4071439124993969
CACCCTTGTAACGGGT_E15S,E15S,Tumor,exiting_hypoxia,1.4869329834307958,-0.4211455415649573,-0.2163659469439578,0.9447603821754456,0.9447603821754456,0.0637468200774965,1.4869329834307958,-0.4211455415649573,Hypoxic,0.6452207749806808,0.0148317825414495,0.2595046398824445,0.725663577576106
TACCCTTAGCTGGTGT_E15S,E15S,Tumor,transitional,-0.2643921035341184,-0.3519152209596655,2.0352900915505328,0.9348587989807128,0.9348587989807128,0.2694038207219956,-0.2643921035341184,-0.3519152209596655,Oxygenated,1.096317682842809,0.3571455019029911,0.3396460780705278,0.303208420026481
GTCTACTTCCTTGGTT_E15S,E15S,Tumor,exiting_hypoxia,0.2611836946934029,-0.5954287686996148,-0.1150938993977104,0.942432701587677,0.942432701587677,0.230408470863886,0.2611836946934029,-0.5954287686996148,Hypoxic,1.0545294143771695,0.20774463899543777,0.34919640411066694,0.4430589568938953
CCGTCGAAGGTTAATC_E15S,E15S,Tumor Proliferating,transitional,0.208023760815495,0.0817834239006207,2.023866187137154,0.9499415755271912,0.9499415755271912,0.1087502513831118,0.208023760815495,0.0817834239006207,Ridge,1.0669422650054556,0.21926534796797778,0.39916570609859847,0.3815689459334238
CTATCAAGTGATTACC_E15S,E15S,Tumor Proliferating,entering_deep_hypoxia,1.1367897683171044,2.7069899152034105,1.2832795840107991,0.9446943402290344,0.9446943402290344,0.0238340853498514,1.1367897683171044,2.7069899152034105,Hypoxic,0.6274896714781099,0.0003367236446173987,0.3170018992410004,0.6826613771143822
AGACATGGTCATCAGT_E15S,E15S,Tumor Proliferating,exiting_hypoxia,-0.0478214411634411,-0.8122395138769627,1.5052650199108033,0.9377176761627196,0.9377176761627196,0.0355680648696942,-0.0478214411634411,-0.8122395138769627,Hypoxic,1.0862815796400667,0.2713374812190276,0.3293008091586328,0.3993617096223396
TCGCGCAAGCTACGCG_E15S,E15S,Tumor Proliferating,exiting_hypoxia,0.0466419139488988,-0.6623321718115095,0.8782684115473817,0.9282405972480774,0.9282405972480774,0.0308465888453376,0.0466419139488988,-0.6623321718115095,Hypoxic,1.0840683915720841,0.2613198157822211,0.3397164472265622,0.3989637369912168
GGTGGCAGTAACGGGT_E15S,E15S,Tumor Proliferating,exiting_hypoxia,0.0242469202494714,-0.6272067554074453,0.9604085640695652,0.9301782846450806,0.9301782846450806,0.0463523709644078,0.0242469202494714,-0.6272067554074453,Hypoxic,1.0876791593310964,0.27011834502488635,0.34068943094071996,0.3891922240343936
TACACCGGTTAATCGC_E15S,E15S,Tumor Proliferating,exiting_hypoxia,-0.1879705194796059,-0.598688791071357,0.8898899381545728,0.940315842628479,0.940315842628479,0.1242492957434157,-0.1879705194796059,-0.598688791071357,Hypoxic,1.098485158457517,0.3276149422191835,0.3319578212651502,0.3404272365156662
TCTATGCTCCGCGAAT_E15S,E15S,Tumor,exiting_hypoxia,0.228660926685905,-0.41628341684258,0.0793820504279366,0.9433327317237854,0.9433327317237854,0.1778642716079541,0.228660926685905,-0.41628341684258,Hypoxic,1.0681124865451748,0.22441539012140216,0.36050531462805147,0.4150792952505464
TCCATAAGTTTCCGAG_E15S,E15S,Tumor Proliferating,entering_hypoxia,0.1143056416275782,0.6569145243709814,1.2792430722961867,0.934276521205902,0.934276521205902,0.0459293179938409,0.1143056416275782,0.6569145243709814,Ridge,1.0322408280305218,0.17640195340738202,0.4549376256283596,0.36866042096425833
GTTAATGCAAGCTCAG_E15S,E15S,Tumor,persistent_hypoxia,0.7174422819300236,-0.2826492309068578,0.3977806669649857,0.9218444228172302,0.9218444228172302,0.1043761386412011,0.7174422819300236,-0.2826492309068578,Hypoxic,0.9403377063070972,0.1049000152003045,0.36366457662106366,0.5314354081786318
AGTAACGGTAGCGATA_E15S,E15S,Tumor,transitional,-0.152159708521388,0.1204132679354188,1.0865234988659629,0.9305843710899352,0.9305843710899352,0.0550200332845038,-0.152159708521388,0.1204132679354188,Ridge,1.0928773126173381,0.30927669322939466,0.3843740931927132,0.306349213577892
ATCGTAGTCGCGTAAC_E15S,E15S,Tumor,exiting_hypoxia,0.4871075899304427,-1.1585198665971157,-0.0856113679035055,0.9403676390647888,0.9403676390647888,0.1205594564172852,0.4871075899304427,-1.1585198665971157,Hypoxic,0.909126854073553,0.10569662617971087,0.301708361327597,0.5925950124926921
GTTCAATAGGTAGTGG_E15S,E15S,Tumor,persistent_hypoxia,1.5265386161684753,0.3713957081743749,0.8412421340502881,0.9347537755966188,0.9347537755966188,0.0717313828338151,1.5265386161684753,0.3713957081743749,Hypoxic,0.6705390042159765,0.011088073551529737,0.30329402399412597,0.6856179024543443
GGTAATTTCCCGTTGC_E15S,E15S,Tumor,persistent_hypoxia,0.3032007285280385,-0.371808758131134,0.6775398761299998,0.933236598968506,0.933236598968506,0.0362987929039964,0.3032007285280385,-0.371808758131134,Hypoxic,1.0556017845520524,0.20487947081814745,0.3652633769856083,0.4298571521962443
ACCTAAGTCGTTACAG_E15S,E15S,Tumor,exiting_hypoxia,1.005214705148445,-1.179232504393633,-0.1652623898796385,0.9451545476913452,0.9451545476913452,0.080258534650119,1.005214705148445,-1.179232504393633,Hypoxic,0.7051741936446231,0.034510368013583315,0.25276240488438495,0.7127272271020318
ACGTTCAAGTTAGTAC_E15S,E15S,Tumor Proliferating,exiting_hypoxia,-0.2025913269502099,-1.0066491090194465,1.2357484630473008,0.9323033690452576,0.9323033690452576,0.2114891019068052,-0.2025913269502099,-1.0066491090194465,Hypoxic,1.0875734538743158,0.281774270101287,0.3172809986409217,0.4009447312577913
ACGCTGACACCAGCAA_E15S,E15S,Tumor,normoxic_stable,-0.8294956744847893,-0.0408760461865331,1.3591249959902036,0.9372710585594176,0.9372710585594176,0.2790924238671183,-0.8294956744847893,-0.0408760461865331,Oxygenated,1.060523336282587,0.44532458923814866,0.33264740243023416,0.22202800833161718
CCCATTGTCTAGTAAC_E15S,E15S,Tumor,entering_hypoxia,0.1411032841849053,0.6957494926649148,1.7985320852398192,0.9420576691627502,0.9420576691627502,0.1237404615419268,0.1411032841849053,0.6957494926649148,Ridge,1.022627407399002,0.165209293582397,0.4592963928268879,0.3754943135907151
GGAGATTAGGATCTAT_E15S,E15S,Tumor Proliferating,persistent_hypoxia,2.1000372304660506,-0.3777120849428884,1.2441378192612706,0.9505538940429688,0.9505538940429688,0.1281387955730809,2.1000372304660506,-0.3777120849428884,Hypoxic,0.46475898042427627,0.0017412747473236443,0.16773509532993724,0.8305236299227391
CGTACTAAGAAGGTCG_E15S,E15S,Tumor Proliferating,exiting_hypoxia,1.5411642524035267,-1.1784178035730468,0.4669319137082239,0.94096577167511,0.94096577167511,0.0659671415016761,1.5411642524035267,-1.1784178035730468,Hypoxic,0.520907261529959,0.007409968088264894,0.18487138842358522,0.8077186434881499
TGCTACCCAACTACTT_E15S,E15S,Tumor,persistent_hypoxia,0.4198616876150212,-0.2285878512733437,0.3068736836745879,0.9368473887443542,0.9368473887443542,0.1354425863791619,0.4198616876150212,-0.2285878512733437,Hypoxic,1.031975663817566,0.17440941294375845,0.37710527689757617,0.4484853101586655
CACCACCTCAGTACCA_E15S,E15S,Tumor,entering_hypoxia,-0.1101149957006494,0.4791643690725311,0.1881465864249728,0.9424907565116882,0.9424907565116882,0.1326527296258617,-0.1101149957006494,0.4791643690725311,Ridge,1.0755877348817946,0.25276490501491905,0.42719109863257554,0.32004399635250536
CACCATCCATGCTCAC_E15S,E15S,Tumor,entering_hypoxia,-0.2124244907149872,0.4141044466267021,0.3342157442974315,0.9408981204032898,0.9408981204032898,0.050259804425386,-0.2124244907149872,0.4141044466267021,Ridge,1.0843087887038512,0.2855868755197752,0.4139040372471921,0.3005090872330327
CAAGTGAGTTTCGTCC_E15S,E15S,Tumor Proliferating,exiting_hypoxia,1.0153517557671647,-1.052382099339315,2.277057603472015,0.935276448726654,0.935276448726654,0.3085875358386895,1.0153517557671647,-1.052382099339315,Hypoxic,0.7283776977357845,0.03818014215598944,0.26506714948206506,0.6967527083619456
TGATGAAAGTTAGCAT_E15S,E15S,Tumor,exiting_hypoxia,0.4510171960521823,-0.4393221838803728,-0.1955529261736711,0.9397435784339904,0.9397435784339904,0.1446602431727884,0.4510171960521823,-0.4393221838803728,Hypoxic,1.018098572945349,0.16425133935097064,0.3606863012491005,0.4750623593999288
GCCTGGATCATCTGGA_E15S,E15S,Tumor,exiting_hypoxia,-0.1141061499596274,-0.7653072124994701,2.3215907441805803,0.9389995336532592,0.9389995336532592,0.1694247809103886,-0.1141061499596274,-0.7653072124994701,Hypoxic,1.093278847159997,0.29357075434576574,0.32873026643663444,0.37769897921759976
AATCATCAGTAGCATT_E15S,E15S,Tumor Proliferating,transitional,-0.0876462998070269,-0.2624495069651785,2.910072540884748,0.9339535236358644,0.9339535236358644,0.1170328725966813,-0.0876462998070269,-0.2624495069651785,Ridge,1.0972002789728965,0.31303087461729245,0.35625260480074944,0.33071652058195816
ACCGATGCACTAACGG_E15S,E15S,Tumor,entering_hypoxia,-0.2166595407832874,1.9460467630633076,1.3590471842670413,0.9389737844467164,0.9389737844467164,0.1074565482071698,-0.2166595407832874,1.9460467630633076,Ridge,0.8093598259077204,0.03459741523736849,0.5526874302398096,0.412715154522822
TCCACTTAGTAATGAG_E15S,E15S,Tumor,persistent_hypoxia,0.5690850868216186,-0.1404883236657609,-0.3169206427806982,0.9439607262611388,0.9439607262611388,0.2101687626135015,0.5690850868216186,-0.1404883236657609,Hypoxic,0.9913039432758457,0.13648582981632507,0.3818958430634208,0.48161832712025426
CACGTTGGTTCATCGG_E15S,E15S,Tumor,reverted_stable,-0.978863095403209,-0.457328851885846,2.285128701514203,0.9353463649749756,0.9353463649749756,0.1963863838686347,-0.978863095403209,-0.457328851885846,Oxygenated,1.056155554691737,0.46526462641023986,0.30468988108302386,0.23004549250673628
AACGATTTCACGCAAC_E15S,E15S,Tumor Proliferating,entering_hypoxia,-0.2875457418744023,1.7017998166829724,1.6469681066284123,0.9424759149551392,0.9424759149551392,0.0258151592539798,-0.2875457418744023,1.7017998166829724,Ridge,0.8683070314602181,0.06265843428458602,0.5540177869288823,0.3833237787865316
ATTCGATAGCCACATA_E15S,E15S,Tumor Proliferating,entering_hypoxia,-0.4770874562463627,1.0813366469917918,1.372017286387079,0.9439724683761596,0.9439724683761596,0.0649957019098932,-0.4770874562463627,1.0813366469917918,Ridge,1.0277218318132844,0.19414312439265013,0.49879795979673336,0.3070589158106166
GTGACGTTCGTTCGGG_E15S,E15S,Tumor,exiting_hypoxia,0.2302720236120993,-0.4435923991402649,0.0791838271923799,0.9397666454315186,0.9397666454315186,0.1241521666960677,0.2302720236120993,-0.4435923991402649,Hypoxic,1.0670686306523864,0.22316713304445615,0.3586835577290826,0.41814930922646126
TCAGTTGAGAAGGGAA_E15S,E15S,Tumor,transitional,0.0190154215985612,-0.214809454925835,0.0788313696344676,0.9409195184707642,0.9409195184707642,0.0987439170381731,0.0190154215985612,-0.214809454925835,Ridge,1.0927748563942563,0.28381554476180904,0.365832579095293,0.350351876142898
CGCTACCTCGAACCCG_E15S,E15S,Tumor,persistent_hypoxia,1.1836035823881916,0.317593452919002,0.345475788091076,0.9357886910438538,0.9357886910438538,0.1033002509634737,1.1836035823881916,0.317593452919002,Hypoxic,0.7749698394774933,0.030649749581825262,0.3571980764703762,0.6121521739477986
TGCTACAAGCCCGTAG_E15S,E15S,Tumor Proliferating,transitional,-0.2920568625719731,-0.2335749783748452,1.7465426805044288,0.9356376528739928,0.9356376528739928,0.0556570536556797,-0.2920568625719731,-0.2335749783748452,Oxygenated,1.0943156335785802,0.36339843948294287,0.34529141501681315,0.2913101455002439
CCTGTAAAGTTACGGC_E15S,E15S,Tumor Proliferating,transitional,-0.241612257308243,0.2291588073332731,0.687207900887435,0.933837592601776,0.933837592601776,0.036279176845471,-0.241612257308243,0.2291588073332731,Ridge,1.0909119936794176,0.3182113678229471,0.39028672855129043,0.29150190362576256
GTCCCTTGTGAACCTT_E15S,E15S,Tumor,entering_hypoxia,0.0243038462993951,0.7227865265951913,0.5312383687513057,0.9380982518196106,0.9380982518196106,0.0674378881733925,0.0243038462993951,0.7227865265951913,Ridge,1.0363814169472958,0.18436474119695848,0.4608722170001467,0.3547630418028948
CGTACCCTCTGGCCTC_E15S,E15S,Tumor,exiting_hypoxia,0.4398360903163125,-0.4265267684061954,0.0714117199570912,0.9189023375511168,0.9189023375511168,0.0633597363125234,0.4398360903163125,-0.4265267684061954,Hypoxic,1.0217263613975684,0.16743399570003042,0.3617724346451384,0.4707935696548312
GTTATCCTCACATAGT_E15S,E15S,Tumor Proliferating,entering_deep_hypoxia,2.6573776400195683,2.123723813172428,1.2848646400224777,0.947802186012268,0.947802186012268,0.0431581821089191,2.6573776400195683,2.123723813172428,Hypoxic,0.3524207142505938,7.449660595813263e-06,0.11279831776000816,0.887194232579396
CTCGAATGTCTGTGTG_E15S,E15S,Tumor Proliferating,exiting_hypoxia,1.392279547818171,-1.488917239675939,0.7208437777942794,0.921759068965912,0.921759068965912,0.1247225725295528,1.392279547818171,-1.488917239675939,Hypoxic,0.5052267493930868,0.007845719322145006,0.17316915665653299,0.8189851240213221
ACGATTGTCCCTCAGC_E15S,E15S,Tumor,transitional,-0.4224241221381646,0.3890637588609988,0.8770707500353643,0.9342256784439088,0.9342256784439088,0.1372758486755823,-0.4224241221381646,0.3890637588609988,Ridge,1.0858335943456623,0.3322441385066708,0.3989806008452889,0.2687752606480403
ATCACGATCCGGGCTA_E15S,E15S,Tumor,exiting_hypoxia,1.7027890826971102,-0.7273437102615354,0.1319025589362743,0.9417717456817628,0.9417717456817628,0.126175316383113,1.7027890826971102,-0.7273437102615354,Hypoxic,0.5405775237104795,0.006446107079863779,0.20195135726625538,0.7916025356538808
GCGACATTCGCATTAG_E15S,E15S,Tumor,persistent_hypoxia,0.7982298797690109,-0.3342100573128524,-0.2676886816958344,0.9438580274581908,0.9438580274581908,0.2131999557071474,0.7982298797690109,-0.3342100573128524,Hypoxic,0.908791474502226,0.08900415615187661,0.3538173973678115,0.5571784464803119
CCTTGAAAGCAAGCGA_E15S,E15S,Tumor,transitional,-0.3196892663465762,0.1013841787439386,1.7238030893827927,0.9339016675949096,0.9339016675949096,0.1498549115097623,-0.3196892663465762,0.1013841787439386,Ridge,1.091281763270167,0.34987959583436096,0.37171515962290214,0.278405244542737
AGCCCCTTCAATCCTC_E15S,E15S,Tumor,entering_hypoxia,-0.0049724162974497,0.6244472749076159,2.066106676350417,0.9314665198326112,0.9314665198326112,0.2076613899376838,-0.0049724162974497,0.6244472749076159,Ridge,1.0524384624023972,0.2064662965719338,0.44876473714048676,0.3447689662875795
TGCGTAATCCGTATGA_E15S,E15S,Tumor,exiting_hypoxia,0.1539910633441114,-0.4749444734163924,-0.0392731018471689,0.941576898097992,0.941576898097992,0.1954251923485599,0.1539910633441114,-0.4749444734163924,Hypoxic,1.0777860382997364,0.24320182295041373,0.35435310675603043,0.40244507029355586
TGACATTAGTTAGACT_E15S,E15S,Tumor,entering_hypoxia,-0.0391695914159556,0.9931112013027076,1.2813935991347896,0.932083547115326,0.932083547115326,0.0409240494409709,-0.0391695914159556,0.9931112013027076,Ridge,1.00109438310299,0.14933182564289957,0.4907217527413089,0.3599464216157916
CCTAACCCACTTCGTA_E15S,E15S,Tumor Proliferating,entering_deep_hypoxia,1.064618226373773,0.5685183743036449,1.512508525015392,0.9379013776779176,0.9379013776779176,0.0473480349569634,1.064618226373773,0.5685183743036449,Hypoxic,0.800185262199443,0.034442500152028994,0.387446979782063,0.578110520065908
TGTCTCACACCATAGG_E15S,E15S,Tumor Proliferating,persistent_hypoxia,0.5225202489283425,0.085872428448178,2.3504917215283525,0.9372246861457824,0.9372246861457824,0.0566572864156798,0.5225202489283425,0.085872428448178,Hypoxic,0.9993064400527898,0.1401028998641554,0.40153545640187116,0.45836164373397353
ATGATGTTCAGTGCTA_E15S,E15S,Tumor,normoxic_stable,-0.5184311722493798,0.3146900488293304,0.2888639827604168,0.9396289587020874,0.9396289587020874,0.2253789472336345,-0.5184311722493798,0.3146900488293304,Ridge,1.083611480574632,0.3612843980396265,0.38422075936743555,0.25449484259293803
CCCGATGAGCCACGCA_E15S,E15S,Tumor,persistent_hypoxia,1.658732518539968,0.274940188575589,0.1137947065662159,0.9357564449310304,0.9357564449310304,0.1010877381899536,1.658732518539968,0.274940188575589,Hypoxic,0.6312963996384335,0.0077016705696720715,0.2754855955372392,0.7168127338930886
CTTGGGACAAGGTGCC_E15S,E15S,Tumor Proliferating,entering_hypoxia,0.2698930702741855,0.5379193440164822,0.7670478282121833,0.9372565150260924,0.9372565150260924,0.057042349855655,0.2698930702741855,0.5379193440164822,Ridge,1.0200522632290208,0.1594499198008407,0.4439045918676118,0.39664548833154745
GTAGTAAAGTGGGTCT_E15S,E15S,Tumor,entering_hypoxia,-0.6665415260021501,0.6196561697619677,1.0398201097186954,0.9343709945678712,0.9343709945678712,0.0728006901794662,-0.6665415260021501,0.6196561697619677,Ridge,1.077193821520597,0.3259738569813001,0.42128149788037955,0.2527446451383204
ATAGGCTCATTGCGTC_E15S,E15S,Tumor,exiting_hypoxia,0.3424885141996134,-1.1343178874011612,-0.0761380147304054,0.9399601817131042,0.9399601817131042,0.0859024962398918,0.3424885141996134,-1.1343178874011612,Hypoxic,0.9631482870618783,0.13685737128495207,0.31062322206843646,0.5525194066466115
TCTGCCTGTCAGGAGT_E15S,E15S,Tumor,exiting_hypoxia,1.00097098363578,-0.6295931215182592,0.825651807169523,0.92607980966568,0.92607980966568,0.0407200167890031,1.00097098363578,-0.6295931215182592,Hypoxic,0.8037105618170125,0.05253188602818456,0.3084086069272341,0.6390595070445814
CGTTATGAGCGACTGT_E15S,E15S,Tumor,exiting_hypoxia,-0.4231948081926798,-1.109955266855802,0.482772863447184,0.940423309803009,0.940423309803009,0.1126877791950707,-0.4231948081926798,-1.109955266855802,Hypoxic,1.093491562095606,0.30966287945428683,0.30877520340131265,0.3815619171444005
CGACTGACAGCATGTG_E15S,E15S,Tumor Proliferating,exiting_hypoxia,0.4803480694334707,-1.171620726305234,1.5689850265798084,0.9392082691192628,0.9392082691192628,0.0548079217158418,0.4803480694334707,-1.171620726305234,Hypoxic,0.9084857720438495,0.10564335127971926,0.30089730361000955,0.5934593451102712
CGAACTATCCGGTGTG_E15S,E15S,Tumor Proliferating,exiting_hypoxia,0.5906979045486006,-0.4626394948362818,0.4595794772693489,0.9313783645629884,0.9313783645629884,0.0564740133725383,0.5906979045486006,-0.4626394948362818,Hypoxic,0.9745421285610547,0.1298485588910445,0.35533019504257085,0.5148212460663846
GTGCGGTCATAGGCGC_E15S,E15S,Tumor,entering_deep_hypoxia,2.243911227842665,0.582159524735555,0.1238455494295354,0.9441486597061156,0.9441486597061156,0.06346699567264,2.243911227842665,0.582159524735555,Hypoxic,0.4835769379783885,0.0007138196291349953,0.18429043098760697,0.814995749383258
CCGAATGCAAGGTCAT_E15S,E15S,Tumor,transitional,-0.4157179188250556,-0.0984730323547938,1.7710670713418937,0.9340664744377136,0.9340664744377136,0.1379179183711225,-0.4157179188250556,-0.0984730323547938,Oxygenated,1.0873573382039232,0.38549510988107377,0.34745440999569077,0.26705048012323535
GCTTTGGGTTGGAGCG_E15S,E15S,Tumor,entering_hypoxia,-0.7188686555831109,0.4937259901835727,0.7719743150639765,0.932642698287964,0.932642698287964,0.090960939732415,-0.7188686555831109,0.4937259901835727,Ridge,1.0772810912656416,0.35868318727572357,0.40012946315176073,0.24118734957251567
CACCCATCATCACTTG_E15S,E15S,Tumor,entering_deep_hypoxia,2.573930267230641,2.673437022993468,-0.1222372927992466,0.9363604187965392,0.9363604187965392,0.1127493382102354,2.573930267230641,2.673437022993468,Hypoxic,0.3328038695112486,2.06984524724072e-06,0.10353198063000425,0.8964659495247486
CGCTAATGTTTAGCCG_E15S,E15S,Tumor Proliferating,exiting_hypoxia,0.4266732774414644,-1.055716885139033,0.8827316177035217,0.9085689783096312,0.9085689783096312,0.2313071907190414,0.4266732774414644,-1.055716885139033,Hypoxic,0.9520577218793617,0.1278685323743565,0.31375280647959863,0.5583786611460448
GTGGCGAGTCAGCATT_E15S,E15S,Tumor,exiting_hypoxia,1.529763193905628,-0.8460051371868167,-0.025275329399419,0.9452953338623048,0.9452953338623048,0.1466180252670404,1.529763193905628,-0.8460051371868167,Hypoxic,0.5788065832555174,0.01052542707143315,0.21692907855202478,0.7725454943765421
GCATAGTCATCGCTGT_E15S,E15S,Tumor,entering_hypoxia,-0.7212112289965088,1.4939882273565162,1.8784328840705555,0.9404981732368468,0.9404981732368468,0.0915831135485686,-0.7212112289965088,1.4939882273565162,Ridge,0.9502834761705365,0.12317233657534052,0.553718941395493,0.3231087220291664
GGAGATTAGTCATGTG_E15S,E15S,Tumor,persistent_hypoxia,0.6859502899374459,-0.0091673875688923,-0.0437376238376892,0.9433797001838684,0.9433797001838684,0.123359061679431,0.6859502899374459,-0.0091673875688923,Hypoxic,0.9529784809826618,0.10805631672124373,0.38744864759295716,0.504495035685799
TAGGAGTAGCGCTACG_E15S,E15S,Tumor,entering_deep_hypoxia,1.7122784130186917,1.6605526652895697,0.3765505327269244,0.9360190629959106,0.9360190629959106,0.0462250160145267,1.7122784130186917,1.6605526652895697,Hypoxic,0.5988717295703027,0.0010099315028422114,0.27817913006915396,0.7208109384280039
GGTGACTTCACTCGTT_E15S,E15S,Tumor,entering_hypoxia,-0.2200625337424018,1.0960118553721423,1.7399026592601583,0.9359610676765442,0.9359610676765442,0.0777240123894719,-0.2200625337424018,1.0960118553721423,Ridge,1.0034433137930021,0.15717183897222528,0.5025285037793706,0.34029965724840405
TATCGGGCACTTACAT_E15S,E15S,Tumor,exiting_hypoxia,1.3208654966951394,-0.9748481965042932,-0.2254879669285218,0.9409166574478148,0.9409166574478148,0.1551765043194682,1.3208654966951394,-0.9748481965042932,Hypoxic,0.6291210287717286,0.017934573638867402,0.2339991205708988,0.7480663057902338
CATATAGCATAGGTCG_E15S,E15S,Tumor Proliferating,transitional,0.1156415116875528,-0.1783190199670966,2.349270697200066,0.9392967224121094,0.9392967224121094,0.07638090907,0.1156415116875528,-0.1783190199670966,Ridge,1.0847161163307535,0.256514390927673,0.3734941904223189,0.3699914186500081
TGGCCTGAGGTTGATT_E15S,E15S,Tumor,reverted_stable,-0.7805053787071056,-0.5917749915350227,-0.1072009397993589,0.9375323057174684,0.9375323057174684,0.1337490389103037,-0.7805053787071056,-0.5917749915350227,Oxygenated,1.072134644577677,0.4395538369457493,0.3048031011281787,0.25564306192607195
AGGCGCAGTAATCAGG_E15S,E15S,Tumor,exiting_hypoxia,0.5931231845311608,-1.2659041278282204,-0.0466263139170601,0.9393829703330994,0.9393829703330994,0.1024452908198947,0.5931231845311608,-1.2659041278282204,Hypoxic,0.8434456294580842,0.0781031165308894,0.28403152934753434,0.6378653541215763
ACCATCCCATAGACAC_E15S,E15S,Tumor,transitional,-0.0350778768666357,-0.1519476587198438,0.149938518575536,0.9384852051734924,0.9384852051734924,0.246699469023234,-0.0350778768666357,-0.1519476587198438,Ridge,1.0948422777052085,0.2968958905743219,0.36749830141502837,0.3356058080106497
AACGTAAAGGTCATTG_E15S,E15S,Tumor,persistent_hypoxia,0.6527208779992785,-0.2307790993553861,1.242327418540636,0.9375333189964294,0.9375333189964294,0.1704089423600908,0.6527208779992785,-0.2307790993553861,Hypoxic,0.9639763445971696,0.11850141430920723,0.3713898206266658,0.510108765064127
CAAGTAAAGGGGTTAG_E15S,E15S,Tumor,exiting_hypoxia,0.9165930672745828,-1.086616720193781,-0.1332223297257344,0.9365525841712952,0.9365525841712952,0.0789539779871844,0.9165930672745828,-1.086616720193781,Hypoxic,0.7599569892527955,0.04696430931463434,0.27263105963747614,0.6804046310478895
GCATCAGCATTAACGA_E15S,E15S,Tumor,transitional,-0.2333062055486471,-0.0338097337178862,-0.0521795210265827,0.9409618377685548,0.9409618377685548,0.0626784058243498,-0.2333062055486471,-0.0338097337178862,Ridge,1.094676319900531,0.34137654192891626,0.36461071460620537,0.2940127434648784
CAATTTCCAATCCCGT_E15S,E15S,Tumor Proliferating,transitional,-0.3809127133117134,0.1757705520667265,1.381732847713746,0.9442039728164672,0.9442039728164672,0.0389059974999295,-0.3809127133117134,0.1757705520667265,Ridge,1.08885017216936,0.35462618566173626,0.3757102968331714,0.26966351750509227
AAAGCTGGTCTAATCA_E15S,E15S,Tumor,persistent_hypoxia,0.2979261979615381,-0.24898192023029,-0.0990890498580578,0.9420522451400756,0.9420522451400756,0.1633703115970581,0.2979261979615381,-0.24898192023029,Hypoxic,1.0584397207573062,0.20708972868405118,0.3742980318933512,0.4186122394225975
ACTATCCTCCCGTGAG_E15S,E15S,Tumor Proliferating,normoxic_stable,-0.7019174253953312,-0.3379589206798133,2.6306631325162253,0.9369965195655824,0.9369965195655824,0.052510351583313,-0.7019174253953312,-0.3379589206798133,Oxygenated,1.0691878712278204,0.4400475768062925,0.3168964112255737,0.24305601196813367
TAGGGTTCAAGCTCCT_E15S,E15S,Tumor,entering_hypoxia,-0.6212621560338387,1.061159509451864,1.7000815465564012,0.9322139024734496,0.9322139024734496,0.0464431089439807,-0.6212621560338387,1.061159509451864,Ridge,1.0381358111189523,0.21528798080036055,0.4940556378754545,0.2906563813241849
AGCTTACGTCAGTAGA_E15S,E15S,Tumor,persistent_hypoxia,0.9713514035110988,0.0700845142292845,0.4563866038421866,0.9316390752792358,0.9316390752792358,0.080382252675677,0.9713514035110988,0.0700845142292845,Hypoxic,0.852377718661107,0.05807341957267942,0.369230971151353,0.5726956092759676
CTATTGAGTCTTGCGA_E15S,E15S,Tumor,transitional,-0.2343361835467063,-0.2832196068175259,0.7308755241964252,0.9327700734138488,0.9327700734138488,0.1246522257598621,-0.2343361835467063,-0.2832196068175259,Oxygenated,1.0966328425280003,0.3502812559392434,0.3457042349014906,0.304014509159266
GTATTAGCATCGGTGA_E15S,E15S,Tumor,exiting_hypoxia,1.6617906767226276,-1.2030372807132017,-0.1235893854103373,0.9469416737556458,0.9469416737556458,0.0642005941035016,1.6617906767226276,-1.2030372807132017,Hypoxic,0.481079448292898,0.004821772585096397,0.16720813545134486,0.8279700919635588
CCCATGCTCGCTAATG_E15S,E15S,Tumor,transitional,0.1871943745397138,-0.0399396227529014,-0.133593105257007,0.941137433052063,0.941137433052063,0.1492128120896052,0.1871943745397138,-0.0399396227529014,Ridge,1.0739583681826819,0.2319523272518824,0.387759054026924,0.38028861872119357
ACCCTATTCCCATAGA_E15S,E15S,Tumor,exiting_hypoxia,0.7961627924502405,-0.803053945403863,0.0336345166295678,0.940643548965454,0.940643548965454,0.2015213442006502,0.7961627924502405,-0.803053945403863,Hypoxic,0.8610451905592711,0.07636840389791934,0.3127676631349585,0.610863932967122
ATCACCTTCACATGAT_E15S,E15S,Tumor,persistent_hypoxia,1.0357785425364263,-0.238276565647482,-0.1701700173765989,0.9406471252441406,0.9406471252441406,0.1754552254564143,1.0357785425364263,-0.238276565647482,Hypoxic,0.823336334621929,0.05251890002279407,0.33828929211385544,0.6091918078633504
CCCTATGTCAGGGCAA_E15S,E15S,Tumor,exiting_hypoxia,0.4182073275008341,-0.7970741082644386,0.0530640638414205,0.935077965259552,0.935077965259552,0.0889698763625555,0.4182073275008341,-0.7970741082644386,Hypoxic,0.9965127462535986,0.15334999767182866,0.3344074169927783,0.5122425853353929
TACAGTTAGGGTGATG_E15S,E15S,Tumor,persistent_hypoxia,0.9955407279573096,-0.1586228062679464,0.5136006485720755,0.931797444820404,0.931797444820404,0.1043418117886493,0.9955407279573096,-0.1586228062679464,Hypoxic,0.8416357467375005,0.05760175467217539,0.34929024248652607,0.5931080028412985
CACGTTGGTTAGAGTG_E15S,E15S,Tumor,transitional,0.1588615152772986,0.2680519982285811,0.8524532354938579,0.9318685531616212,0.9318685531616212,0.0912483326029185,0.1588615152772986,0.2680519982285811,Ridge,1.0638515563424238,0.21599871520696623,0.41519791490980607,0.36880336988322776
GCAGGCTCACTTGCAC_E15S,E15S,Tumor,transitional,-0.1105195140056727,0.0044239630611186,0.5840972148992604,0.9418206810951232,0.9418206810951232,0.1498676924762737,-0.1105195140056727,0.0044239630611186,Ridge,1.094566926745476,0.3086030141522909,0.3759536434792406,0.31544334236846844
TATCACCTCGCATGAC_E15S,E15S,Tumor,exiting_hypoxia,2.6809941510124937,-1.01110800745555,-0.2462761024311065,0.938094973564148,0.938094973564148,0.1022608149265949,2.6809941510124937,-1.01110800745555,Hypoxic,0.25766443678895556,9.434952420945827e-05,0.07118855691400683,0.9287170935617837
AAGCCTATCCAGAGCT_E15S,E15S,Tumor,exiting_hypoxia,1.857154567085784,-0.8496150021971696,-0.3420703569714981,0.941328763961792,0.941328763961792,0.1024268990178392,1.857154567085784,-0.8496150021971696,Hypoxic,0.4789828844465287,0.003434138544306489,0.17052180736613126,0.8260440540895622
CAAAGGGTCATCAAGT_E15S,E15S,Tumor,persistent_hypoxia,0.5313559170310613,-0.0939970763644232,0.315945486877965,0.9323166012763976,0.9323166012763976,0.130946684921602,0.5313559170310613,-0.0939970763644232,Hypoxic,1.002017312055024,0.14444823728504128,0.3866347430266837,0.46891701968827487
TCAGTATAGCAGGGAC_E15S,E15S,Tumor Proliferating,entering_hypoxia,-0.7473236978347717,0.8329446442728504,1.2752060993800218,0.9401541352272034,0.9401541352272034,0.0468304603973124,-0.7473236978347717,0.8329446442728504,Ridge,1.066705330164122,0.28514022155688695,0.4542202155515763,0.2606395628915368
AGCATCTGTTAACGTC_E15S,E15S,Tumor,entering_hypoxia,-1.170140715013596,0.6244551830574195,1.1987140269254242,0.9376171231269836,0.9376171231269836,0.0937326118436958,-1.170140715013596,0.6244551830574195,Ridge,1.0677463209154547,0.3599745808224332,0.41608039519798545,0.2239450239795813
TATGTTGGTTATGCAC_E15S,E15S,Tumor Proliferating,persistent_hypoxia,0.9231122906624732,0.30945182255978,0.0847412816572249,0.9404090642929076,0.9404090642929076,0.0482590436956653,0.9231122906624732,0.30945182255978,Hypoxic,0.8608131596784767,0.05804970821475708,0.3909481911152526,0.5510021006699902
ATGGTTTAGAATCAAG_E15S,E15S,Tumor,transitional,-0.1824832945464777,0.0157992266626074,1.0136176704225963,0.9355048537254332,0.9355048537254332,0.2154212179009504,-0.1824832945464777,0.0157992266626074,Ridge,1.094795278310932,0.32567949794859496,0.3723748267972397,0.3019456752541653
TACATAGCAAGTGTGT_E15S,E15S,Tumor,persistent_hypoxia,1.2352185149593686,-0.0423382393268341,0.4220711154107224,0.9409433007240297,0.9409433007240297,0.0840360934414079,1.2352185149593686,-0.0423382393268341,Hypoxic,0.7572030111769215,0.030906270409903236,0.32665689227792616,0.6424368373121706
AGCGTTATCTATGGCA_E15S,E15S,Tumor Proliferating,entering_hypoxia,-0.6511690196871281,1.3771438947384829,1.2625688787232647,0.9346954822540284,0.9346954822540284,0.0324460232987863,-0.6511690196871281,1.3771438947384829,Ridge,0.975977382792993,0.14354121090448022,0.5390625794807807,0.317396209614739
GTCCGCAAGTATCTGG_E15S,E15S,Tumor,reverted_stable,-0.5822864839059514,-1.2115581503894672,-0.0717916140055985,0.9475556015968324,0.9475556015968324,0.2200947666118733,-0.5822864839059514,-1.2115581503894672,Hypoxic,1.0936985152337346,0.3158821479499332,0.3040943145498492,0.38002353750021756
CATAGGGAGGATTGGG_E15S,E15S,Tumor,exiting_hypoxia,0.461069057100232,-0.7514887815332042,0.0131735251310746,0.936375856399536,0.936375856399536,0.1340010834999783,0.461069057100232,-0.7514887815332042,Hypoxic,0.9891309152747845,0.14654147343434198,0.3367776259185813,0.5166809006470767
ATACACTAGCTTCCCA_E15S,E15S,Tumor Proliferating,entering_hypoxia,-0.0609581990419137,0.7825720241283293,0.7114952955399875,0.9293124675750732,0.9293124675750732,0.0616535087619594,-0.0609581990419137,0.7825720241283293,Ridge,1.0387536806797861,0.19066581090063472,0.46629134780170467,0.3430428412976606
GCACTAGCATTAAGTG_E15S,E15S,Tumor,persistent_hypoxia,0.5747565265769554,0.2611929579714686,2.7731258372153422,0.9389567375183104,0.9389567375183104,0.0556201040161575,0.5747565265769554,0.2611929579714686,Hypoxic,0.9741364001127574,0.11908768981676492,0.41417722131241225,0.4667350888708229
CTATTCGCACATACTT_E15S,E15S,Tumor Proliferating,entering_deep_hypoxia,2.3397622427844045,2.127239107322749,0.3536167692895639,0.9402554035186768,0.9402554035186768,0.043537296791975,2.3397622427844045,2.127239107322749,Hypoxic,0.43150581054596193,3.022672525115953e-05,0.1549299448067259,0.845039828468023
ACACTGATCCCTCGTA_E15S,E15S,Tumor,persistent_hypoxia,0.4081026245210014,-0.3437013470856656,0.5486614263496749,0.934852659702301,0.934852659702301,0.0391443106589978,0.4081026245210014,-0.3437013470856656,Hypoxic,1.0328893934899885,0.17718892332948774,0.36820935048666115,0.45460172618385114
TGTCATGAGTCTAGCA_E15S,E15S,Tumor Proliferating,transitional,-0.1576949288316673,-0.2014402930358704,0.7870259959500358,0.9293593168258668,0.9293593168258668,0.0706823621492494,-0.1576949288316673,-0.2014402930358704,Ridge,1.0972365282510057,0.33020764385613843,0.356181337071407,0.31361101907245453
GCCGATTAGATAGGGT_E15S,E15S,Tumor,reverted_stable,-1.0822944242226682,-0.5137869488074241,1.5969589269138005,0.929279923439026,0.929279923439026,0.1088403601283195,-1.0822944242226682,-0.5137869488074241,Oxygenated,1.0548756728581268,0.46797868182082475,0.3023813668662924,0.229639951312883
TCGCGGATCGTACAGC_E15S,E15S,Tumor Proliferating,transitional,-0.2237261529089212,0.3401724348491088,1.2815703960822875,0.9375935792922974,0.9375935792922974,0.0254261584889342,-0.2237261529089212,0.3401724348491088,Ridge,1.087639331868738,0.2992408608889926,0.40423110800129686,0.2965280311097105
CTAAGCATCCTCTAGT_E15S,E15S,Tumor,normoxic_stable,-0.5418724778779731,-0.1608220005963361,1.2995533664857477,0.9339120984077454,0.9339120984077454,0.1505134517050775,-0.5418724778779731,-0.1608220005963361,Oxygenated,1.0791943536630297,0.4122326673277468,0.3353690064753788,0.25239832619687436
AGCATAGGTAGCGGTG_E15S,E15S,Tumor,entering_deep_hypoxia,1.303902458907559,0.4242522354348206,0.1122091316759747,0.9336589574813844,0.9336589574813844,0.0982600431225032,1.303902458907559,0.4242522354348206,Hypoxic,0.7351656848764074,0.020617674139398943,0.3438126827654454,0.6355696430951556
CGTTCCATCCACCTTG_E15S,E15S,Tumor,entering_deep_hypoxia,1.5965599347179835,0.4520959408196042,-0.1201473361584388,0.9410856366157532,0.9410856366157532,0.0613412025567985,1.5965599347179835,0.4520959408196042,Hypoxic,0.6514572327895589,0.008397587726585231,0.2942315823611677,0.6973708299122471
TCCATTGCAGCACGAC_E15S,E15S,Tumor,exiting_hypoxia,0.8350848195465735,-1.0010752812919774,0.031945787307721,0.9398947358131408,0.9398947358131408,0.165530848938827,0.8350848195465735,-1.0010752812919774,Hypoxic,0.8101198409766879,0.06101581720972508,0.28989050645068326,0.6490936763395917
TAGTGCATCGAACGCT_E15S,E15S,Tumor,normoxic_stable,-1.2803884624239457,-0.3759231419034269,1.4046345485715073,0.9380268454551696,0.9380268454551696,0.3015979305633883,-1.2803884624239457,-0.3759231419034269,Oxygenated,1.0474138452046702,0.474844551379428,0.3096301156252533,0.2155253329953188
AGGCATGAGGTGCATC_E15S,E15S,Tumor,exiting_hypoxia,0.6713780750859114,-1.6181668140504053,-0.1019721220940773,0.9483033418655396,0.9483033418655396,0.1326244348142564,0.6713780750859114,-1.6181668140504053,Hypoxic,0.7111101560126308,0.04191021683652496,0.23804834981128803,0.720041433352187
GGATAACAGGAGCTAG_E15S,E15S,Tumor,exiting_hypoxia,-0.0779519477713791,-0.6113357346175097,1.4318349682271996,0.93550843000412,0.93550843000412,0.1580685581603753,-0.0779519477713791,-0.6113357346175097,Hypoxic,1.0952968736320363,0.29854131913762577,0.3369623467493977,0.3644963341129765
TCGCAATGTCATTACA_E15S,E15S,Tumor,entering_deep_hypoxia,0.794358913457126,0.5510220032667914,1.14881411730448,0.9298091530799866,0.9298091530799866,0.1297674628173992,0.794358913457126,0.5510220032667914,Hypoxic,0.8826571583997587,0.06452244114827209,0.41941970872314505,0.5160578501285827
CGTTCACCAACATGAC_E15S,E15S,Tumor Proliferating,exiting_hypoxia,0.9768871905658368,-1.1359393912824962,1.602481646225124,0.9341146945953368,0.9341146945953368,0.0242252120611408,0.9768871905658368,-1.1359393912824962,Hypoxic,0.7256634154629586,0.03872316039759542,0.26067961132580725,0.7005972282765973
ACGTGGTTCCAGATTG_E15S,E15S,Tumor Proliferating,exiting_hypoxia,0.0212312933157723,-0.7298403000631833,0.8107420693756364,0.9334766864776612,0.9334766864776612,0.0579483154937923,0.0212312933157723,-0.7298403000631833,Hypoxic,1.0836645150948923,0.26209815152462534,0.33542763654188645,0.40247421193348826
TACATCAGTTGCAGGG_E15S,E15S,Tumor,transitional,-0.3555403517417393,-0.1559311940252185,1.2449155941801064,0.9334932565689088,0.9334932565689088,0.1269239689780487,-0.3555403517417393,-0.1559311940252185,Oxygenated,1.090872241601657,0.37547861548079114,0.3467639460299121,0.2777574384892968
GTCTGCCTCCTGACCC_E15S,E15S,Tumor,exiting_hypoxia,0.3264361610551496,-0.507180448460376,1.3761995899464954,0.9327588677406312,0.9327588677406312,0.1481214569865427,0.3264361610551496,-0.507180448460376,Hypoxic,1.0456294824753487,0.1945923975725385,0.35590694048812727,0.4495006619393342
CATAACTAGGGGTCAA_E15S,E15S,Tumor,reverted_stable,-0.8458168957751326,-0.4391564237408259,-0.0876106691280908,0.9396339654922484,0.9396339654922484,0.2023956505467815,-0.8458168957751326,-0.4391564237408259,Oxygenated,1.0622941557575318,0.4549863917106127,0.30774595734351784,0.23726765094586938
TGATGAGGTGATCCTG_E15S,E15S,Tumor,transitional,0.2430882735211112,-0.2461968066014105,0.1043668060363737,0.9422659277915956,0.9422659277915956,0.1108873907520034,0.2430882735211112,-0.2461968066014105,Hypoxic,1.0681379156304165,0.2221451860436776,0.3731571439723792,0.4046976699839433
CTCCGTTGTGGAGAGA_E15S,E15S,Tumor,persistent_hypoxia,0.5025429591342031,0.3686938874432695,0.6360789464771245,0.9405961036682128,0.9405961036682128,0.0810111186680636,0.5025429591342031,0.3686938874432695,Hypoxic,0.9849414779155211,0.12657096589524033,0.425475497862059,0.4479535362427005
TCATAACAGGTGCTGT_E15S,E15S,Tumor Proliferating,transitional,-0.3415553654760929,-0.1797891503491073,2.3777446657560946,0.9353672862052916,0.9353672862052916,0.0578507191738419,-0.3415553654760929,-0.1797891503491073,Oxygenated,1.091711733785268,0.37324886621406417,0.34589761474249603,0.28085351904343975
CTGGGTTAGTCAAGTT_E15S,E15S,Tumor Proliferating,persistent_hypoxia,0.5741189822655264,-0.2052341338749648,1.8721656521635217,0.9465481638908386,0.9465481638908386,0.1206996860573483,0.5741189822655264,-0.2052341338749648,Hypoxic,0.9894843312180381,0.13608629328877875,0.3765373798586162,0.4873763268526051
ATGACGGAGCAACCTA_E15S,E15S,Tumor,transitional,0.2121991426039565,0.1237441741216616,1.8755981329910616,0.930153787136078,0.930153787136078,0.113918676284878,0.2121991426039565,0.1237441741216616,Ridge,1.0644250380119735,0.2151491537133447,0.40312188138504346,0.38172896490161184
GTAGCATCATTACTGT_E15S,E15S,Tumor,exiting_hypoxia,0.2914642157639878,-0.8750011868248463,0.2152911469179764,0.9363546967506408,0.9363546967506408,0.1012737001791924,0.2914642157639878,-0.8750011868248463,Hypoxic,1.0216348678579699,0.17726530414473868,0.330848170569148,0.49188652528611343
GGCGATTTCGTTCAAG_E15S,E15S,Tumor,normoxic_stable,-0.8975555921205479,0.1723096154502581,1.197247446227386,0.9355584979057312,0.9355584979057312,0.1093781538259983,-0.8975555921205479,0.1723096154502581,Oxygenated,1.0623762819587448,0.43000243494393875,0.3522740841648629,0.21772348089119847
AGAGACTAGTAAGTTC_E15S,E15S,Tumor,transitional,0.1963119789497792,0.3503590017827075,-0.0275832594439205,0.9438353776931764,0.9438353776931764,0.172948443701964,0.1963119789497792,0.3503590017827075,Ridge,1.052151946563222,0.19801084094407467,0.4244865299051772,0.37750262915074817
AACCGATCACTATATC_E15S,E15S,Tumor,entering_hypoxia,-0.3292578087367327,0.6760452509850143,1.435659143648376,0.9351873397827148,0.9351873397827148,0.1481889559434801,-0.3292578087367327,0.6760452509850143,Ridge,1.0715389143381602,0.2614788796198924,0.4433404885611038,0.2951806318190038
CCGCTAGAGCGGAGTA_E15S,E15S,Tumor,transitional,-0.0233942238245526,-0.1575351901204068,0.22927448866526,0.9347030520439148,0.9347030520439148,0.0817915773810759,-0.0233942238245526,-0.1575351901204068,Ridge,1.0944318231788561,0.29394437865392564,0.36775292256616676,0.3383026987799075
ATCCACTTCTATCAGG_E15S,E15S,Tumor,transitional,0.0387022713770168,-0.1981659034185098,1.873349618125168,0.9380850791931152,0.9380850791931152,0.2215861120001105,0.0387022713770168,-0.1981659034185098,Ridge,1.0913967997487046,0.2781295780969533,0.36813768263991686,0.35373273926312987
GCACGAAAGGCGTTAC_E15S,E15S,Tumor,entering_deep_hypoxia,1.2617651557992713,1.2399630023205146,0.1465519929956509,0.9326308965682985,0.9326308965682985,0.0831673034978526,1.2617651557992713,1.2399630023205146,Hypoxic,0.7056495142510607,0.008873448213225709,0.370113388268766,0.6210131635180083
ACCATTAGTTGGCCTA_E15S,E15S,Tumor,persistent_hypoxia,3.039500653993211,0.3158950203406809,1.0642365036460084,0.940707802772522,0.940707802772522,0.0392178108071104,3.039500653993211,0.3158950203406809,Hypoxic,0.2712728449428764,2.196490839115334e-05,0.07685373853408163,0.9231242965575273
TAATAGCTCCTTCACG_E15S,E15S,Tumor,exiting_hypoxia,0.8371593634942327,-1.018928305244123,-0.1552606144896311,0.9405646920204164,0.9405646920204164,0.1139373802012924,0.8371593634942327,-1.018928305244123,Hypoxic,0.8056810375672685,0.059835563088999066,0.2878784898357396,0.6522859470752613
GCCATCAGTAGTGCCC_E15S,E15S,Tumor,exiting_hypoxia,0.0609889609728018,-0.4525990690148991,1.9908927719932887,0.9296088814735411,0.9296088814735411,0.1378391519149332,0.0609889609728018,-0.4525990690148991,Hypoxic,1.0887447721979548,0.2698445804990369,0.3520555486239679,0.3780998708769953
TCGCATCCATAGGTTA_E15S,E15S,Tumor,exiting_hypoxia,-0.3251806541829489,-1.7974407410496973,-0.0303912593543582,0.9486092329025269,0.9486092329025269,0.1315812311809073,-0.3251806541829489,-1.7974407410496973,Hypoxic,0.9470080772286109,0.14000515220355286,0.279141419270516,0.580853428525931
GGGTAATAGCCTGCCT_E15S,E15S,Tumor,entering_deep_hypoxia,0.6098499686645208,1.1521981854043928,-0.1977305232433431,0.9345930218696594,0.9345930218696594,0.1203404905383739,0.6098499686645208,1.1521981854043928,Hypoxic,0.8487067140715345,0.04647032769346206,0.46657380349996375,0.4869558688065743
ACCTAAGTCTGGTACA_E15S,E15S,Tumor,transitional,-0.2200644906627306,-0.0713170471618583,0.6023579431416372,0.9335705041885376,0.9335705041885376,0.1089587997088763,-0.2200644906627306,-0.0713170471618583,Ridge,1.0952866328996036,0.3404828916332176,0.362272416890951,0.2972446914758314
ACCCCTTGTGGGTATA_E15S,E15S,Tumor Proliferating,entering_deep_hypoxia,0.4723164033184988,0.7584354019773843,2.225146445361049,0.938611388206482,0.938611388206482,0.0474342445735276,0.4723164033184988,0.7584354019773843,Ridge,0.9441210056641618,0.09689633151658694,0.4572638422257436,0.4458398262576694
CGCTGCTTCGACCCAG_E15S,E15S,Tumor,persistent_hypoxia,0.5037821878274025,-0.2953857837577268,-0.0936148014702796,0.9394964575767516,0.9394964575767516,0.1551593248184428,0.5037821878274025,-0.2953857837577268,Hypoxic,1.0086701280983312,0.1531789205850917,0.3710755327101308,0.4757455467047775
CCCAGTGAGATAGTGA_E15S,E15S,Tumor,exiting_hypoxia,0.7027095182849816,-0.5709509428208371,0.4442772143569866,0.9398207068443298,0.9398207068443298,0.1408455395815315,0.7027095182849816,-0.5709509428208371,Hypoxic,0.9265078340405559,0.10261986563098671,0.34057293549386053,0.5568071988751528
GGCATCACAACCAACG_E15S,E15S,Tumor,entering_hypoxia,-0.3324235619570977,1.633508499686316,0.2568930791123482,0.9374479651451112,0.9374479651451112,0.1213450685931152,-0.3324235619570977,1.633508499686316,Ridge,0.8888206853689523,0.07448641025783458,0.5531944623457536,0.3723191273964118
CCTTCGATCTGTCAAG_E15S,E15S,Tumor,entering_hypoxia,0.06728764706402,1.6906301081778947,1.0813753084106508,0.9397586584091188,0.9397586584091188,0.085548032468771,0.06728764706402,1.6906301081778947,Ridge,0.8355413742068991,0.04313997700078485,0.5296838555602172,0.4271761674389979
AACACTTAGGTTGCGT_E15S,E15S,Tumor Proliferating,entering_hypoxia,-0.6280807450272756,0.6701871717845215,1.477269765329072,0.9470589756965636,0.9470589756965636,0.0737868979455909,-0.6280807450272756,0.6701871717845215,Ridge,1.0759337188028322,0.3098542611581548,0.4306043581923125,0.25954138064953264
GCACCGATCCATAGGC_E15S,E15S,Tumor,exiting_hypoxia,-0.0206880037849953,-0.5189125506112242,0.0513079345901862,0.94156676530838,0.94156676530838,0.2924560377001214,-0.0206880037849953,-0.5189125506112242,Hypoxic,1.093782761240727,0.2892004771397313,0.34440529645266876,0.36639422640759983
AAACGAATCCATCCTG_E15S,E15S,Tumor Proliferating,entering_hypoxia,-0.5079245712046004,0.8440403221889196,1.7808869309141908,0.940935492515564,0.940935492515564,0.0233899199328229,-0.5079245712046004,0.8440403221889196,Ridge,1.0622215460436326,0.25356809551886134,0.46212824022478693,0.28430366425635173
TGAGGATAGGATCACC_E15S,E15S,Tumor,reverted_stable,-0.5484284354560325,-0.6387538039436981,2.0312681669863912,0.952653169631958,0.952653169631958,0.0778775110974965,-0.5484284354560325,-0.6387538039436981,Oxygenated,1.0878516666053613,0.40163136735383714,0.3122806100809962,0.2860880225651666
CCGCATTCAAAGGTGA_E15S,E15S,Tumor Proliferating,transitional,0.0454159440262894,0.3875316059205476,0.7232086957482062,0.9353111386299132,0.9353111386299132,0.0566104852446624,0.0454159440262894,0.3875316059205476,Ridge,1.0691389552945894,0.22997328802256156,0.4234667018808362,0.3465600100966023
TAGCCAGCACAGCCTT_E15S,E15S,Tumor Proliferating,exiting_hypoxia,-0.1440017854648496,-0.9293425441918478,1.988123728689452,0.9295201897621156,0.9295201897621156,0.2186176813754093,-0.1440017854648496,-0.9293425441918478,Hypoxic,1.0878908061955288,0.27993767013686327,0.3215874733174725,0.3984748565456643
GTTATCAGTTAGCTGT_E15S,E15S,Tumor,entering_deep_hypoxia,1.4761633545036634,2.2015727841209887,0.111585057995278,0.9393593072891236,0.9393593072891236,0.0877419595305068,1.4761633545036634,2.2015727841209887,Hypoxic,0.6130485379755637,0.0005808483060125301,0.29705085303425777,0.7023682986597296
GTTGCCTCACCTCGAT_E15S,E15S,Tumor,transitional,0.0948412504857533,0.3328203740596036,0.8743327252447137,0.9298555254936218,0.9298555254936218,0.0891481354006594,0.0948412504857533,0.3328203740596036,Ridge,1.067598792773376,0.22477506306219522,0.419533002447832,0.35569193448997294
CTCCCTAAGCCTGGTG_E15S,E15S,Tumor,normoxic_stable,-1.1917117918841142,0.1206217848649349,0.9349908021812274,0.9414857625961304,0.9414857625961304,0.17138677467403,-1.1917117918841142,0.1206217848649349,Oxygenated,1.0516168912247297,0.44946528869632935,0.34530148615814105,0.20523322514552977
ATCCTGAAGTAATGTC_E15S,E15S,Tumor,normoxic_stable,-0.4966994957562554,-0.1926971099399611,1.5289811627756502,0.9308815002441406,0.9308815002441406,0.1160609182542056,-0.4966994957562554,-0.1926971099399611,Oxygenated,1.0824334350002842,0.4051849756352555,0.33560314641481936,0.2592118779499252
GCACTGGTCCCTCAGC_E15S,E15S,Tumor Proliferating,persistent_hypoxia,1.9918903361452327,-0.134364994162903,2.403465104256982,0.9518223404884338,0.9518223404884338,0.0423558445399493,1.9918903361452327,-0.134364994162903,Hypoxic,0.5153993620399702,0.0026951762053820678,0.19781422674832358,0.7994905970462943
CAAGCTATCTGGGAAG_E15S,E15S,Tumor,exiting_hypoxia,1.2997213690112297,-1.1898001309663986,-0.2202350167216989,0.9434046149253844,0.9434046149253844,0.1385997779990355,1.2997213690112297,-1.1898001309663986,Hypoxic,0.5963775883044703,0.015375829965069178,0.21513770172702623,0.7694864683079046
CACCCTTGTTATCGCG_E15S,E15S,Tumor,persistent_hypoxia,0.3399757776685486,-0.1258772532410221,0.5271380375421616,0.9318832159042358,0.9318832159042358,0.0967851165603843,0.3399757776685486,-0.1258772532410221,Hypoxic,1.0496661234768294,0.1938039734662062,0.38471791153144924,0.42147811500234456
ACAAGCGAGGTCAAGG_E15S,E15S,Tumor Proliferating,transitional,0.2867777016344169,-0.3627730586902155,1.869627444649397,0.9416185021400452,0.9416185021400452,0.0845430753044932,0.2867777016344169,-0.3627730586902155,Hypoxic,1.0590205114181477,0.20952458946403155,0.36562087194030296,0.4248545385956656
GTGAATGGTTGCGGTC_E15S,E15S,Tumor,exiting_hypoxia,0.623642063580683,-1.6883370567373674,-0.1995505124818172,0.9444026947021484,0.9444026947021484,0.1088948717101719,0.623642063580683,-1.6883370567373674,Hypoxic,0.7053550763464445,0.04142041564648385,0.23415084126311597,0.7244287430904003
ACCAATGTCGTCTCTG_E15S,E15S,Tumor,transitional,-0.2091363740620734,-0.2260019202281142,0.8628153999445888,0.9440444111824036,0.9440444111824036,0.3801454223952966,-0.2091363740620734,-0.2260019202281142,Ridge,1.0967804128040506,0.34352750718715436,0.3511381012684808,0.30533439154436487
GCCGCTAAGGGGTAGC_E15S,E15S,Tumor Proliferating,persistent_hypoxia,1.0689863571902398,-0.1392344403483113,0.4304935447793743,0.9335541725158693,0.9335541725158693,0.0434603780910325,1.0689863571902398,-0.1392344403483113,Hypoxic,0.8147398044162761,0.04818433253980869,0.3420850475165058,0.6097306199436855
CAGGTCCGTTATGGTC_E15S,E15S,Tumor,exiting_hypoxia,-0.2498562492788718,-1.3250879091558656,-0.0459339374291108,0.9375891089439392,0.9375891089439392,0.1411465196276265,-0.2498562492788718,-1.3250879091558656,Hypoxic,1.0575954371795824,0.23147234234019895,0.30574774695751006,0.462779910702291
ATCCGGGTCCTCAATC_E15S,E15S,Tumor,reverted_stable,-1.2895646143322068,-0.4939313377841861,-0.1335251334541539,0.942011296749115,0.942011296749115,0.1824844885421287,-1.2895646143322068,-0.4939313377841861,Oxygenated,1.0516960484198157,0.4710669937105245,0.30553835570698545,0.22339465058249003
TAGTACCGTTAGGCTT_E15S,E15S,Tumor,exiting_hypoxia,0.4498624707368101,-0.9851371891125668,-0.0810169786735747,0.9426451325416564,0.9426451325416564,0.1730708208594658,0.4498624707368101,-0.9851371891125668,Hypoxic,0.9577120143216341,0.1298648054745365,0.3186227843098335,0.55151241021563
CTGTGCCTCGTTAGAT_E15S,E15S,Tumor Proliferating,exiting_hypoxia,-0.2718720909353538,-0.6337448489079964,2.4025117020586606,0.9387869238853456,0.9387869238853456,0.0785213281664819,-0.2718720909353538,-0.6337448489079964,Oxygenated,1.0982986440339393,0.3450754085956017,0.3261577687302202,0.3287668226741782
TCTGTGTTCCTCTCCT_E15S,E15S,Tumor Proliferating,entering_deep_hypoxia,0.7433314280369652,0.4755170281458276,1.6315493440910969,0.941302478313446,0.941302478313446,0.0656637562936976,0.7433314280369652,0.4755170281458276,Hypoxic,0.9054148526267898,0.07599855310024722,0.4193656419019941,0.5046358049977586
AGAAGTTGTTGGCCTA_E15S,E15S,Tumor Proliferating,exiting_hypoxia,1.2339103416756816,-0.448179829773431,1.5455087612124585,0.9376158118247986,0.9376158118247986,0.0120860678144997,1.2339103416756816,-0.448179829773431,Hypoxic,0.7329378357116565,0.03075120563725156,0.29497354526439756,0.6742752490983509
CAAGCGCCATTACCGC_E15S,E15S,Tumor,normoxic_stable,-0.6338365966680608,-0.261140785404762,1.8564477440696217,0.9380764365196228,0.9380764365196228,0.2839016760388888,-0.6338365966680608,-0.261140785404762,Oxygenated,1.0730613110725002,0.4299463094387308,0.3240865532499398,0.2459671373113294
CACTGGACATAAGCGT_E15S,E15S,Tumor Proliferating,transitional,-0.3210004283813102,-0.083133176434777,1.2824703264738702,0.9350768327713012,0.9350768327713012,0.0409955303950895,-0.3210004283813102,-0.083133176434777,Oxygenated,1.092151055905631,0.36450971818277605,0.3546931108161812,0.28079717100104284
CAAGCTGCAACTCGTC_E15S,E15S,Tumor,persistent_hypoxia,1.489435015353518,0.2762442720549786,-0.1797166676582645,0.9374662041664124,0.9374662041664124,0.1856685330686003,1.489435015353518,0.2762442720549786,Hypoxic,0.680496406695235,0.013171982630172599,0.3052125439836576,0.6816154733861698
AAGTACCCATTAGAGC_E15S,E15S,Tumor Proliferating,entering_hypoxia,0.1977624355900874,0.6600971691991864,1.420047219645167,0.9346261620521544,0.9346261620521544,0.0485711451182738,0.1977624355900874,0.6600971691991864,Ridge,1.0178240876198072,0.1588354963579389,0.45584815917545196,0.38531634446660923
AGCCTGGTCTAGATAC_E15S,E15S,Tumor Proliferating,transitional,-0.3364131888016374,0.041256626891047,0.9950418876833512,0.9312440156936646,0.9312440156936646,0.0558179292459397,-0.3364131888016374,0.041256626891047,Ridge,1.0909986412513204,0.3590897610801461,0.3647387054291998,0.27617153349065404
CCCTTTAGTTTGAGAG_E15S,E15S,Tumor,reverted_stable,-0.679894462582017,-0.8082251286831801,1.5318987539974167,0.9337327480316162,0.9337327480316162,0.1264031145299052,-0.679894462582017,-0.8082251286831801,Oxygenated,1.0876687989348914,0.40373843212897703,0.3042743716175367,0.2919871962534863
CAAGGTGAGGAATCAA_E15S,E15S,Tumor Proliferating,persistent_hypoxia,1.727259949525147,0.3984827441645642,0.091217877236954,0.9376052618026732,0.9376052618026732,0.0437854400610729,1.727259949525147,0.3984827441645642,Hypoxic,0.6150898390542329,0.005676028309225987,0.2685963105872647,0.7257276611035094
TATGCAACAATCGTCC_E15S,E15S,Tumor,exiting_hypoxia,-0.402758600249836,-0.7844719226157949,0.251817240264504,0.9405856132507324,0.9405856132507324,0.2763330155068995,-0.402758600249836,-0.7844719226157949,Oxygenated,1.0971411154070192,0.3582081055582409,0.31536439956009893,0.32642749488166023
GGCTAATCACTAGCTC_E15S,E15S,Tumor,normoxic_stable,-0.903471024260496,-0.2467935023751108,1.3302428408378244,0.9341904520988464,0.9341904520988464,0.1550525514779903,-0.903471024260496,-0.2467935023751108,Oxygenated,1.0552182279383506,0.46168237728722494,0.3157993495683852,0.22251827314439004
GGCGATGGTAAGCGGT_E15S,E15S,Tumor,transitional,-0.4057193470048643,0.1668939714987947,0.2053919435213697,0.9436797499656676,0.9436797499656676,0.1361180534683951,-0.4057193470048643,0.1668939714987947,Ridge,1.0879394409612568,0.36065643498355976,0.37322712439740946,0.2661164406190309
TGGATTTAGCAACCAC_E15S,E15S,Tumor,normoxic_stable,-0.6643131122046508,-0.3919295799748646,1.081687966410919,0.9404723048210144,0.9404723048210144,0.2656027062327608,-0.6643131122046508,-0.3919295799748646,Oxygenated,1.0729391163237725,0.4339551778886986,0.31582775220037507,0.2502170699109264
AACGGTAGTATGGCTT_E15S,E15S,Tumor,normoxic_stable,-0.9853740260235252,0.2580747572565535,2.3032192849954938,0.9342907071113586,0.9342907071113586,0.0882568866778681,-0.9853740260235252,0.2580747572565535,Oxygenated,1.0618549224822342,0.4242209615733924,0.36117508006041965,0.21460395836618792
AGCTTACGTGGCTGCT_E15S,E15S,Tumor,transitional,-0.0406686228851488,-0.003683808475409,0.6970387061269492,0.940862476825714,0.940862476825714,0.2159900360615103,-0.0406686228851488,-0.003683808475409,Ridge,1.0927370872971747,0.2911466187873132,0.37951792354946534,0.3293354576632215
ATACGCGCAGTTGCAG_E15S,E15S,Tumor,persistent_hypoxia,0.6782872644076541,-0.1000460926711847,0.5120565557904709,0.9385548830032348,0.9385548830032348,0.1853459735685965,0.6782872644076541,-0.1000460926711847,Hypoxic,0.9566048627789026,0.11166299121374187,0.38062610800703367,0.5077109007792244
AGCCATTGTGAAGGTC_E15S,E15S,Tumor,transitional,0.1402038810604106,-0.1726791716220939,0.0949280677227915,0.9358948469161988,0.9358948469161988,0.1961872799342978,0.1402038810604106,-0.1726791716220939,Hypoxic,1.0820284198141639,0.24958916348618826,0.3750320673685842,0.37537876914522744
CTCAGTTTCCTTCCAG_E15S,E15S,Tumor,persistent_hypoxia,1.6192204011794475,-0.2663276021202767,0.0405415673658249,0.9381070733070374,0.9381070733070374,0.1528872523370057,1.6192204011794475,-0.2663276021202767,Hypoxic,0.6154615350072331,0.009982552227610781,0.25008625579493865,0.7399311919774506
GCAGTGAAGTCAGGAG_E15S,E15S,Tumor,exiting_hypoxia,1.1377747956010695,-0.4342639963349408,-0.089217350926217,0.9418264031410216,0.9418264031410216,0.1544395179012817,1.1377747956010695,-0.4342639963349408,Hypoxic,0.7707424173331319,0.039822579521902574,0.30920122388743854,0.650976196590659
TAACACTAGTTAGACT_E15S,E15S,Tumor,entering_hypoxia,0.007561203487008,1.815124489979444,0.7509718975706194,0.937046468257904,0.937046468257904,0.02149924656665,0.007561203487008,1.815124489979444,Ridge,0.8170071155177949,0.03587493820808693,0.5352426066008401,0.42888245519107293
GTGGACAAGTTGGGCT_E15S,E15S,Tumor,exiting_hypoxia,0.0432490105660238,-0.9328261711097324,-0.2342268699260326,0.9422826170921326,0.9422826170921326,0.124380378673521,0.0432490105660238,-0.9328261711097324,Hypoxic,1.0659525552244418,0.2330682824371056,0.3261426433949026,0.4407890741679917
CCCATTTAGTTGGACC_E15S,E15S,Tumor,entering_deep_hypoxia,2.69168281935003,2.330362904481367,-0.1569522593053993,0.9354203939437866,0.9354203939437866,0.1075888003978502,2.69168281935003,2.330362904481367,Hypoxic,0.3310586587243805,3.538621971076087e-06,0.10271651140023871,0.8972799499777903
GGGTTGGGTCTCCACT_E15S,E15S,Tumor,transitional,-0.0678268496153941,0.1513376482469279,0.1177118701970074,0.942129909992218,0.942129909992218,0.1275132522701454,-0.0678268496153941,0.1513376482469279,Ridge,1.0898004072366714,0.28536752196557813,0.3926343123064118,0.32199816572801016
GCGACAGGTTTCGTCC_E15S,E15S,Tumor,entering_hypoxia,-0.046982517042921,1.3031568216799765,1.1965554875595543,0.9412142038345336,0.9412142038345336,0.0698588236984541,-0.046982517042921,1.3031568216799765,Ridge,0.9366557109839377,0.09897115560241855,0.5198270243116618,0.3812018200859197
AATATCGCAGGATTAC_E15S,E15S,Tumor,persistent_hypoxia,1.785326370626294,-0.1779183884017799,-0.2306840398862593,0.93807715177536,0.93807715177536,0.1145695386897922,1.785326370626294,-0.1779183884017799,Hypoxic,0.5714931425948442,0.00571130221147786,0.22877014821094038,0.7655185495775817
AACAGGTAGGTTCGCG_E15S,E15S,Tumor,entering_hypoxia,-0.6141753596728154,0.6625746539305107,1.7865068423627382,0.9317116141319276,0.9317116141319276,0.1221944503573127,-0.6141753596728154,0.6625746539305107,Ridge,1.0763242560573931,0.3096993737582684,0.42988298087383847,0.2604176453678931
CTTAATGGTCCATAGT_E15S,E15S,Tumor,exiting_hypoxia,0.0413405684909859,-0.5969869561253529,-0.2924939131605958,0.9443873763084412,0.9443873763084412,0.2658138135476853,0.0413405684909859,-0.5969869561253529,Hypoxic,1.087064482177134,0.2676570262396652,0.34296674163328417,0.3893762321270507
AACTGACCATCGCTAC_E15S,E15S,Tumor,transitional,-0.2997733069438268,0.1078938127410316,-0.3345868196855824,0.9432145953178406,0.9432145953178406,0.2080016032656191,-0.2997733069438268,0.1078938127410316,Ridge,1.0918100874763146,0.3448645814103751,0.3736509877848801,0.2814844308047447
CGAGCGAGTAGCCATT_E15S,E15S,Tumor,exiting_hypoxia,1.7278559359648695,-1.2106618204510693,0.2685087101837615,0.9407366514205932,0.9407366514205932,0.1384944167007924,1.7278559359648695,-1.2106618204510693,Hypoxic,0.46119336449849085,0.0038040619693888783,0.15831099671772453,0.8378849413128865
GGTACGCCACAGGCGT_E15S,E15S,Tumor Proliferating,persistent_hypoxia,0.6364221104636151,0.0456870845256323,1.184702984488171,0.9343148469924928,0.9343148469924928,0.0496578830768725,0.6364221104636151,0.0456870845256323,Hypoxic,0.9673459724238939,0.11661075073526268,0.39432426599689546,0.4890649832678418
ACCCGATAGCGAACTC_E15S,E15S,Tumor,entering_hypoxia,-0.2547129697308441,0.4277958595603507,1.1602656367415582,0.936209201812744,0.936209201812744,0.1183145255892944,-0.2547129697308441,0.4277958595603507,Ridge,1.084703015741319,0.29245968888737195,0.4133025734705917,0.2942377376420364
CTAAACCGTCTTGGGC_E15S,E15S,Tumor,exiting_hypoxia,-0.1595069353977831,-0.6564141411192234,-0.2327277846179985,0.9411264061927797,0.9411264061927797,0.174682414334571,-0.1595069353977831,-0.6564141411192234,Hypoxic,1.0975579295166793,0.315825488267786,0.3310155970095775,0.3531589147226365
TAGGCTGCAATGCCGA_E15S,E15S,Tumor,exiting_hypoxia,0.1602791337779105,-0.4936704325657939,0.3241162428375106,0.9419593811035156,0.9419593811035156,0.2617536214899885,0.1602791337779105,-0.4936704325657939,Hypoxic,1.0763609104107974,0.24067864941804645,0.35337400341151387,0.4059473471704398
CGCGATTAGGTCAACC_E15S,E15S,Tumor,entering_deep_hypoxia,2.5642159978123757,1.1735212143357314,0.7045355804293111,0.9460944533348083,0.9460944533348083,0.0498156989878391,2.5642159978123757,1.1735212143357314,Hypoxic,0.4068198682184886,8.707050760733288e-05,0.14053417527056658,0.859378754221826
CTCGACTCACAGCGTA_E15S,E15S,Tumor,entering_hypoxia,0.0999125154835733,1.2848278998601612,2.0056137361780424,0.9400445222854614,0.9400445222854614,0.1264230529215302,0.0999125154835733,1.2848278998601612,Ridge,0.91900134578004,0.085339709163167,0.5122607747745022,0.4023995160623309
AAGTCATTCCCCTGTA_E15S,E15S,Tumor,entering_deep_hypoxia,0.3773882821695633,1.0182297473210626,1.5013545173185534,0.932414174079895,0.932414174079895,0.0429428354590157,0.3773882821695633,1.0182297473210626,Ridge,0.9218521908183943,0.08374372660187002,0.48023550074818105,0.436020772649949
ACCATTTCATGATTGA_E15S,E15S,Tumor,transitional,-0.1538396127995013,-0.1719370149326486,1.2072165588220336,0.9348242282867432,0.9348242282867432,0.1301773571970567,-0.1538396127995013,-0.1719370149326486,Ridge,1.097005288304521,0.3284509369083682,0.3586028878310594,0.3129461752605724
AGTTGAAAGCATAGGG_E15S,E15S,Tumor,exiting_hypoxia,-0.097193389775763,-1.4999735756376815,0.0966815122412931,0.9440106749534608,0.9440106749534608,0.1160082905639406,-0.097193389775763,-1.4999735756376815,Hypoxic,0.9923799216070586,0.16674692258590593,0.29525231336062363,0.5380007640534704
GGGATATAGGATATGA_E15S,E15S,Tumor,reverted_stable,-0.7521430055280977,-0.9693008077781384,-0.2547375838688201,0.944269835948944,0.944269835948944,0.1911420040029555,-0.7521430055280977,-0.9693008077781384,Oxygenated,1.0918851702732093,0.38844596459392366,0.301506131037044,0.31004790436903235
TCGCTTGTCTCATCCG_E15S,E15S,Tumor Proliferating,persistent_hypoxia,1.891832725265064,0.0011905002143016,0.2537802485663885,0.9215567708015442,0.9215567708015442,0.0621229339032457,1.891832725265064,0.0011905002143016,Hypoxic,0.5528597800535688,0.003825827206631137,0.22142565943632023,0.7747485133570486
TCATTCATCCGGATGT_E15S,E15S,Tumor,persistent_hypoxia,3.768610558658128,0.0896924617000494,-0.1189103920961231,0.9493442177772522,0.9493442177772522,0.1509745509701587,3.768610558658128,0.0896924617000494,Hypoxic,0.12584258617990796,3.994693819311788e-07,0.02747050025871129,0.9725291002719069
CCTTTCAGTTGGTGAA_E15S,E15S,Tumor Proliferating,persistent_hypoxia,0.7282380725946406,-0.2679628318399675,1.3892097353105242,0.9310691952705384,0.9310691952705384,0.0025913256169001,0.7282380725946406,-0.2679628318399675,Hypoxic,0.937031425459413,0.10275446109599469,0.3641917317284558,0.5330538071755495
TCCTTCTCATGACGTG_E15S,E15S,Tumor,normoxic_stable,-0.9552910293748388,-0.0687225506282806,1.7116127380773825,0.9357782006263732,0.9357782006263732,0.2024616200346094,-0.9552910293748388,-0.0687225506282806,Oxygenated,1.053435389717844,0.45799528186331095,0.327506155615642,0.21449856252104696
TCCCTTAGTAGCCTTG_E15S,E15S,Tumor,exiting_hypoxia,1.04567527825588,-1.3643451104480468,-0.17856816945589,0.9482532739639282,0.9482532739639282,0.2535642819332918,1.04567527825588,-1.3643451104480468,Hypoxic,0.6467970018813051,0.02498604306362441,0.22770741543041584,0.7473065415059597
GCAGGATGTGAGTGCG_E15S,E15S,Tumor Proliferating,entering_hypoxia,-0.6686934496293493,1.350024261960192,1.3179283915106097,0.9396804571151732,0.9396804571151732,0.0513846140962725,-0.6686934496293493,1.350024261960192,Ridge,0.9832504943553502,0.15083053840198243,0.535840507641704,0.31332895395631366
CGCCAAGTCCTTAGTC_E15S,E15S,Tumor,persistent_hypoxia,0.3975924273174362,0.2970696312902667,0.7788144996408816,0.9332217574119568,0.9332217574119568,0.0888604962682595,0.3975924273174362,0.2970696312902667,Hypoxic,1.0173188614013577,0.1553264443519867,0.42133376249120874,0.42333979315680453
GTCGCCAAGTTGGTAT_E15S,E15S,Tumor,persistent_hypoxia,1.8977950091274247,0.2777408940808002,-0.0846012230705535,0.9391463994979858,0.9391463994979858,0.0729030096369219,1.8977950091274247,0.2777408940808002,Hypoxic,0.5650560267513758,0.0033658495186100427,0.23346306836289227,0.7631710821184977
GTCTACCCATGCTCAC_E15S,E15S,Tumor Proliferating,transitional,-0.4045684440377702,0.2127994477298308,1.0915569947924644,0.931155800819397,0.931155800819397,0.0706224914299152,-0.4045684440377702,0.2127994477298308,Ridge,1.0878855664965048,0.35478745838054565,0.37841043613434966,0.26680210548510475
ACACGGTTCTAGTGCA_E15S,E15S,Tumor,persistent_hypoxia,0.3639127712163844,-0.1630213348429408,0.5024984598188997,0.957923173904419,0.957923173904419,0.2185308874122689,0.3639127712163844,-0.1630213348429408,Hypoxic,1.0449527638494913,0.18827048367943255,0.38202874985921437,0.4297007664613531
CCACCATCACTTCGTA_E15S,E15S,Tumor,entering_hypoxia,-0.9990021742208826,0.6557221247190453,1.0965629005942454,0.9388108253479004,0.9388108253479004,0.1392704221093456,-0.9990021742208826,0.6557221247190453,Ridge,1.0705476300340901,0.3474221760484461,0.42054688635391274,0.23203093759764118
GTATCCGGTATTAGGG_E15S,E15S,Tumor,normoxic_stable,-0.6959634571736392,0.1295321425211583,0.4110161223826151,0.9421799182891846,0.9421799182891846,0.1229189133257243,-0.6959634571736392,0.1295321425211583,Oxygenated,1.071992350765946,0.4134892004850511,0.3539409235246411,0.23256987599030782
AGGCTCACATAGAGAG_E15S,E15S,Tumor Proliferating,persistent_hypoxia,0.7852666651433189,-0.017294089624307,0.8418422983787952,0.9353014230728148,0.9353014230728148,0.1422775239263587,0.7852666651433189,-0.017294089624307,Hypoxic,0.9194917822870474,0.08916583938554276,0.38027819498069576,0.5305559656337614
CGTGAGGGTCAAGCCC_E15S,E15S,Tumor,entering_hypoxia,-0.7477960196169999,0.4555826113049965,1.010861470850288,0.9422128200531006,0.9422128200531006,0.0953404730932871,-0.7477960196169999,0.4555826113049965,Ridge,1.0760767175382246,0.3694956666453322,0.39353181469616333,0.23697251865850452
CAAGCGCCAGGATCTG_E15S,E15S,Tumor Proliferating,transitional,-0.1222160344342806,0.3301274831583369,0.7046072875728769,0.9350327849388124,0.9350327849388124,0.0455696031938531,-0.1222160344342806,0.3301274831583369,Ridge,1.0850888758251447,0.27751974607788993,0.4088452349563946,0.3136350189657155
AAGTAACGTAGCTCAT_E15S,E15S,Tumor,entering_deep_hypoxia,0.8038931309564272,1.7039753606770454,0.2573797525488617,0.9377635717391968,0.9377635717391968,0.2249860930449806,0.8038931309564272,1.7039753606770454,Hypoxic,0.7421740633493816,0.011536861841259434,0.44016578272145845,0.5482973554372822
ACACGATCACTTGCAC_E15S,E15S,Tumor,normoxic_stable,-0.7461148674844955,0.3403956168699487,1.4785667640352602,0.934894561767578,0.934894561767578,0.1582846148081472,-0.7461148674844955,0.3403956168699487,Oxygenated,1.074213129502816,0.3899456656050385,0.37746520711456205,0.23258912728039952
GTAAACTTCTGGCCTC_E15S,E15S,Tumor,exiting_hypoxia,0.93247475155184,-1.516475033963723,0.0221018569399085,0.9431289434432985,0.9431289434432985,0.1010337690109657,0.93247475155184,-1.516475033963723,Hypoxic,0.647888289662715,0.02689820244039812,0.22325853170012983,0.7498432658594719
ACTCTGTTCTATCCTA_E15S,E15S,Tumor,exiting_hypoxia,-0.3164711108661384,-0.502198611929795,1.4289713137648783,0.9310462474822998,0.9310462474822998,0.175832922970032,-0.3164711108661384,-0.502198611929795,Oxygenated,1.0960903684038912,0.36434336452390986,0.32895459466422117,0.30670204081186886
ACACCAGCAGCCTATC_E15S,E15S,Tumor,entering_deep_hypoxia,1.6883653498108742,0.4149349041777544,2.5182330244582274,0.9316756129264832,0.9316756129264832,0.091125228885741,1.6883653498108742,0.4149349041777544,Hypoxic,0.6259701905367545,0.006393540017434009,0.27624193153412485,0.7173645284484412
TGTCTGTTCCGCACGA_E15S,E15S,Tumor,reverted_stable,-0.4418198177520894,-0.6108752977125946,0.2723611667206183,0.9434537291526794,0.9434537291526794,0.1421578412822504,-0.4418198177520894,-0.6108752977125946,Oxygenated,1.0926450604768816,0.3839561306864544,0.3181287293950339,0.2979151399185118
CCCTAGCTCACTCCAT_E15S,E15S,Tumor,reverted_stable,-1.162266127335367,-0.6244311950063921,-0.3150798140283567,0.9436087608337402,0.9436087608337402,0.1719618072114348,-1.162266127335367,-0.6244311950063921,Oxygenated,1.0591008744665311,0.4626137090127212,0.3003398522034825,0.23704643878379628
TATGGGTCAATGTATG_E15S,E15S,Tumor,exiting_hypoxia,1.5534049008831483,-1.6987120283960766,0.4499189613205365,0.9435217380523682,0.9435217380523682,0.1529023605489749,1.5534049008831483,-1.6987120283960766,Hypoxic,0.4181577423933216,0.003313007958813036,0.1353414714362165,0.8613455206049704
TGGACTATCAGGTAGG_E15S,E15S,Tumor,exiting_hypoxia,2.177705700617594,-1.0394021857674152,-0.1870959135454952,0.9451169967651368,0.9451169967651368,0.0855203843880089,2.177705700617594,-1.0394021857674152,Hypoxic,0.36906971605786043,0.0008399576802163456,0.11773447697103863,0.8814255653487449
ACGCAATCAATGTCAA_E15S,E15S,Tumor Proliferating,exiting_hypoxia,-0.0797666635284953,-0.4867931080457081,0.5785299495405422,0.9321028590202332,0.9321028590202332,0.0347086445801145,-0.0797666635284953,-0.4867931080457081,Hypoxic,1.0969403795351458,0.3065721396880914,0.3431018644633711,0.35032599584853746
TCCCCTAAGGATAGGT_E15S,E15S,Tumor Proliferating,entering_hypoxia,-0.6442476059669694,0.6430724264464523,1.0067753864258169,0.9403916597366332,0.9403916597366332,0.0548847207337394,-0.6442476059669694,0.6430724264464523,Ridge,1.0767990049078322,0.3179857087745898,0.4257451772781472,0.25626911394726304
AGCCGAAAGGAGGCAC_E15S,E15S,Tumor,persistent_hypoxia,0.4266681004976859,-0.3906981507602602,-0.0414687160415867,0.9533315896987916,0.9533315896987916,0.2138706698170689,0.4266681004976859,-0.3906981507602602,Hypoxic,1.026676593555017,0.17161722409237432,0.364583381129331,0.46379939477829474
AGAGGCATCTATCACC_E15S,E15S,Tumor Proliferating,exiting_hypoxia,0.6460722640558406,-0.6825577459897371,0.68135706944812,0.9300548434257508,0.9300548434257508,0.0288954192283046,0.6460722640558406,-0.6825577459897371,Hypoxic,0.9350165139312955,0.1095859492012544,0.3344991481066102,0.5559149026921354
GTAGACTCAGGAAGCG_E15S,E15S,Tumor,normoxic_stable,-1.3477043856360351,0.1943175565118435,0.5393706627100929,0.9325518608093262,0.9325518608093262,0.0294191030742615,-1.3477043856360351,0.1943175565118435,Oxygenated,1.053932482069628,0.43802627683184825,0.3573994374170509,0.20457428575110082
GGGCAATGTTTCAGCG_E15S,E15S,Tumor,reverted_stable,-0.4826645419443999,-0.4417120188546549,-0.1088241927154092,0.9442152380943298,0.9442152380943298,0.2990064263822799,-0.4826645419443999,-0.4417120188546549,Oxygenated,1.086560647700757,0.40182118372718706,0.3223350030578534,0.27584381321495954
AAGTACCCAATGACGT_E15S,E15S,Tumor,entering_hypoxia,-0.1553962234725454,1.0117178386139798,1.776137994548417,0.9409528970718384,0.9409528970718384,0.0910100853359238,-0.1553962234725454,1.0117178386139798,Ridge,1.0123764863151195,0.16411589978063687,0.49270636689123115,0.34317773332813195
GGCACCTGTAACGCGG_E15S,E15S,Tumor Proliferating,exiting_hypoxia,0.9063923277942588,-0.8199664155643774,1.7135784778901162,0.931536078453064,0.931536078453064,0.0094635044740218,0.9063923277942588,-0.8199664155643774,Hypoxic,0.8144016432198486,0.05928573992464247,0.3006296666540884,0.640084593421269
CCGCCATTCCATCCCA_E15S,E15S,Tumor,exiting_hypoxia,0.9000735692916695,-1.228681757136374,-0.0765902952393405,0.9454227089881896,0.9454227089881896,0.0823161195819892,0.9000735692916695,-1.228681757136374,Hypoxic,0.734108603357978,0.04219690164803281,0.2592082581440272,0.6985948402079399
GGTATGAGTTAGACGA_E15S,E15S,Tumor,entering_hypoxia,-0.947535019631977,0.6851396107912278,0.4507419144330161,0.9418150782585144,0.9418150782585144,0.0819121200556262,-0.947535019631977,0.6851396107912278,Ridge,1.0711352186618315,0.33757150767854455,0.4258782109190542,0.23655028140240117
TGGCCATAGTTGCTGA_E15S,E15S,Tumor Proliferating,normoxic_stable,-0.6634872969088772,-0.1508663402773068,2.205111248700923,0.9291526675224304,0.9291526675224304,0.0509226580099363,-0.6634872969088772,-0.1508663402773068,Oxygenated,1.0705022228031864,0.4312703039181224,0.3300786421896908,0.2386510538921869
TCCCAGCTCCAGCCCT_E15S,E15S,Tumor,transitional,-0.2923686965556133,0.2087393646929068,0.810259677356026,0.9307610988616944,0.9307610988616944,0.1042744866821027,-0.2923686965556133,0.2087393646929068,Ridge,1.090839459665276,0.33198365633309385,0.3848485488057922,0.28316779486111393
GCTTGTAAGGAGGTCA_E15S,E15S,Tumor,persistent_hypoxia,0.7928128345734866,0.0619315075494551,0.4373705889964184,0.93820983171463,0.93820983171463,0.0983163904843915,0.7928128345734866,0.0619315075494551,Hypoxic,0.9153366029691763,0.08586667664290348,0.3857876429389758,0.5283456804181207
TCATTAGGTCTAGTCG_E15S,E15S,Tumor Proliferating,entering_deep_hypoxia,0.4559016793582717,2.150243919950156,1.820515130922924,0.945895791053772,0.945895791053772,0.0977787582622835,0.4559016793582717,2.150243919950156,Hypoxic,0.7333168530706984,0.008070517640497163,0.471877440164338,0.5200520421951648
AGGCCCATCACACACA_E15S,E15S,Tumor,entering_hypoxia,-0.6680188026167806,2.7614002577917085,1.441540811026856,0.9472090005874634,0.9472090005874634,0.1512577008028351,-0.6680188026167806,2.7614002577917085,Ridge,0.7185461017270018,0.005196641547096046,0.5391914314146157,0.4556119270382884
TGTGCAATCCATGCCC_E15S,E15S,Tumor,normoxic_stable,-0.9705905527274225,0.1991271121599284,1.5680284109855582,0.9328630566596984,0.9328630566596984,0.157800268906411,-0.9705905527274225,0.1991271121599284,Oxygenated,1.0602354042576296,0.43176487047647927,0.354149209154107,0.21408592036941368
ACCCCGAAGTGATCCA_E15S,E15S,Tumor,entering_deep_hypoxia,2.789887719721248,1.2825908625032727,0.1521251467749148,0.9453906416893004,0.9453906416893004,0.0929493105408137,2.789887719721248,1.2825908625032727,Hypoxic,0.34772951207502495,2.5435849461810225e-05,0.11044176546094514,0.889532798689593
TACTCCACAAAGGACA_E15S,E15S,Tumor,normoxic_stable,-0.5463977290651896,0.1263528058582737,0.4863049020622066,0.9419600367546082,0.9419600367546082,0.2224403944992144,-0.5463977290651896,0.1263528058582737,Oxygenated,1.0807616212337774,0.39121557615565233,0.3607748102239438,0.24800961362040394
AGGTTCATCATGAACT_E15S,E15S,Tumor,persistent_hypoxia,0.6166058065932375,0.0116633883022427,0.6524386105619382,0.93330317735672,0.93330317735672,0.1052061262533706,0.6166058065932375,0.0116633883022427,Hypoxic,0.9745412137677723,0.12200588309763237,0.39246949700421446,0.4855246198981532
GTGCCCAAGGCGTCCA_E15S,E15S,Tumor Proliferating,exiting_hypoxia,-0.0165367353213108,-0.999646608261464,1.7905637481423446,0.9373895525932312,0.9373895525932312,0.0538799736804987,-0.0165367353213108,-0.999646608261464,Hypoxic,1.068103551986764,0.23858366348048327,0.32192802601883497,0.43948831050068177
GTAGGTTCAACTGGAT_E15S,E15S,Tumor,transitional,0.0025182198001195,-0.3391632092240353,1.5893983376287342,0.9610430598258972,0.9610430598258972,0.2459815665205559,0.0025182198001195,-0.3391632092240353,Ridge,1.0940084759043747,0.2886540014633934,0.35629587740289914,0.35505012113370743
CCACTTACACATTGAA_E15S,E15S,Tumor,transitional,-0.1814798722114232,0.184242199623228,1.3243196834302258,0.9373747706413268,0.9373747706413268,0.0953628474184375,-0.1814798722114232,0.184242199623228,Ridge,1.091720873436632,0.3096402671298559,0.38913538272995885,0.3012243501401852
CCGACTTCAACTGCCT_E15S,E15S,Tumor,entering_hypoxia,-1.0988181943913902,0.7540805860692733,1.7807716497363992,0.9344890713691713,0.9344890713691713,0.1781841139828781,-1.0988181943913902,0.7540805860692733,Ridge,1.0673783365597358,0.3274273278486275,0.4378455669754109,0.2347271051759616
TGCCTAGGTAGGTATG_E15S,E15S,Tumor,exiting_hypoxia,-0.4020998449552083,-1.227204090565359,0.3739369143521504,0.9424055814743042,0.9424055814743042,0.1102212760413141,-0.4020998449552083,-1.227204090565359,Hypoxic,1.084800556725623,0.28158899633898377,0.3070084240304618,0.4114025796305544
TCTACGTTCTAGGCGT_E15S,E15S,Tumor,exiting_hypoxia,0.4986199082441164,-0.4818868806863731,1.015096003270998,0.9414296746253968,0.9414296746253968,0.3268092402002923,0.4986199082441164,-0.4818868806863731,Hypoxic,1.0021651077430953,0.15112139868585664,0.3566233882019474,0.49225521311219583
CGGTTAGCAATCTCTG_E15S,E15S,Tumor,persistent_hypoxia,1.1759169518246175,-0.2930456197497597,-0.0727248667860133,0.9407971501350404,0.9407971501350404,0.151932581217948,1.1759169518246175,-0.2930456197497597,Hypoxic,0.7671552396319286,0.03681368676049072,0.3159444008674437,0.6472419123720656
TCTGCGGAGTAGACTT_E15S,E15S,Tumor,exiting_hypoxia,-0.2026661626333229,-1.2234540067236714,0.6141779776495352,0.9419751763343812,0.9419751763343812,0.2026043822616159,-0.2026661626333229,-1.2234540067236714,Hypoxic,1.0665059570358801,0.24257563374505187,0.3100134504780956,0.44741091577685255
TATGGCTGTAGTTGCT_E15S,E15S,Tumor,exiting_hypoxia,0.0126487312551955,-0.4300894906754048,0.1689960807171402,0.9436501860618592,0.9436501860618592,0.1093547151988502,0.0126487312551955,-0.4300894906754048,Hypoxic,1.092829226028352,0.28390556796059735,0.3511243459290248,0.3649700861103778
AACGACTCACAAGCCA_E15S,E15S,Tumor Proliferating,entering_deep_hypoxia,0.3634739839325155,1.378591261396648,1.3477936114106226,0.9375115036964417,0.9375115036964417,0.0191919903432258,0.3634739839325155,1.378591261396648,Ridge,0.855907487151371,0.04999466918401664,0.49770630274473004,0.45229902807125344
TAGGACTCAAGCTCAG_E15S,E15S,Tumor,persistent_hypoxia,0.996691224291608,-0.1928447846112262,-0.1463954066431859,0.9404087662696838,0.9404087662696838,0.2343241590574123,0.996691224291608,-0.1928447846112262,Hypoxic,0.8400695725093015,0.05758266491962755,0.346451172076086,0.5959661630042864
GCCTGTTCATAAGGCT_E15S,E15S,Hypoxic Tumor,exiting_hypoxia,0.5185185018850403,-2.572528059301836,0.6287364957161057,0.9194918274879456,0.9194918274879456,0.7952591560058662,0.5185185018850403,-2.572528059301836,Hypoxic,0.43686478001452633,0.007256960564385862,0.13454744737028435,0.8581955920653297
GGTAAATGTATGGTGA_E15S,E15S,Tumor Proliferating,transitional,-0.1368891196336636,-0.0309102085490257,1.1684358234944412,0.9304084777832032,0.9304084777832032,0.031793755597516,-0.1368891196336636,-0.0309102085490257,Ridge,1.0954199037404664,0.3176086199625053,0.37114068142798795,0.31125069860950677
AACACACCAAACCGTG_E15S,E15S,Tumor Proliferating,exiting_hypoxia,3.956161447150671,-1.352736673833972,2.1134217129413844,0.9408612251281738,0.9408612251281738,0.0389802408997127,3.956161447150671,-1.352736673833972,Hypoxic,0.05829074854982051,5.221006225620664e-08,0.010500692984061375,0.9894992548058763
TGCTATAGTCTAGTGT_E15S,E15S,Tumor,persistent_hypoxia,0.5357526595476056,0.230231484787039,0.4352163428432679,0.950597643852234,0.950597643852234,0.1959773473352157,0.5357526595476056,0.230231484787039,Hypoxic,0.9873420370040169,0.1292260230655067,0.4130619740521629,0.45771200288233027
AAGGTAATCTGTGAAT_E15S,E15S,Tumor,exiting_hypoxia,0.5864799584722642,-0.5358515664433752,-0.0450796524391179,0.9373763203620912,0.9373763203620912,0.1388340520830682,0.5864799584722642,-0.5358515664433752,Hypoxic,0.9705682040302657,0.12858034893221906,0.34959398548205767,0.5218256655857233
GGTGACTTCCGTGCGA_E15S,E15S,Tumor,entering_hypoxia,-0.4483978783640422,0.429792535433193,1.1418360610418057,0.9363098740577698,0.9363098740577698,0.1442811025690838,-0.4483978783640422,0.429792535433193,Ridge,1.0846748033990372,0.33004854251457544,0.4030067540491818,0.26694470343624277
AGTTATCAGGGTGACA_E15S,E15S,Tumor,normoxic_stable,-0.7454295133221283,0.1999802918749606,0.718874161347266,0.9417021870613098,0.9417021870613098,0.0933039985321264,-0.7454295133221283,0.1999802918749606,Oxygenated,1.0708529272079401,0.41097558266284356,0.35990049001558705,0.2291239273215693
ACAGCCCGTGCAGCGA_E15S,E15S,Tumor,reverted_stable,-0.9082172015869951,-0.4630162170107846,0.3849595379899148,0.942706286907196,0.942706286907196,0.2343295647738649,-0.9082172015869951,-0.4630162170107846,Oxygenated,1.0596790558460105,0.4598157745419186,0.3055267683862466,0.2346574570718349
TACCCAGGTCAGGAGT_E15S,E15S,Tumor,reverted_stable,-0.4599446384755002,-0.7270009078641968,0.1753622519646328,0.9438396692276,0.9438396692276,0.19585092998159,-0.4599446384755002,-0.7270009078641968,Oxygenated,1.094497184960567,0.3764325466444055,0.3141183103344033,0.3094491430211913
AACACCATCAGTTACG_E15S,E15S,Tumor,entering_hypoxia,-0.4073316307905306,0.5781971489432048,0.3020412569592719,0.9420942068099976,0.9420942068099976,0.0619122584657759,-0.4073316307905306,0.5781971489432048,Ridge,1.0798743353527749,0.29505398546169226,0.42581304809473425,0.2791329664435735
CACTACCCATCCTACA_E15S,E15S,Tumor,normoxic_stable,-0.4761950929521411,-0.0888336370734397,-0.04609270089552,0.943413496017456,0.943413496017456,0.2593548901207279,-0.4761950929521411,-0.0888336370734397,Oxygenated,1.0836359139804608,0.39682540666332056,0.344602906023908,0.25857168731277136
ACCTTAAGTTAGGCCC_E15S,E15S,Tumor,normoxic_stable,-0.5696767805839893,-0.2055794561855018,1.6144223205325392,0.9390980005264282,0.9390980005264282,0.2067133649807896,-0.5696767805839893,-0.2055794561855018,Oxygenated,1.0773459655723099,0.4184924428100902,0.33077061617234493,0.25073694101756483
TGGCCTGAGCGCTACG_E15S,E15S,Tumor,exiting_hypoxia,-0.407303395225789,-0.6231511234321521,0.0107482638923719,0.935771942138672,0.935771942138672,0.1066574886965245,-0.407303395225789,-0.6231511234321521,Oxygenated,1.0944340743348149,0.3759148081531209,0.31948615305471445,0.30459903879216466
GGACGAATCTATCCGT_E15S,E15S,Tumor,normoxic_stable,-0.8700338534612568,0.2482058988733034,1.1435372413933875,0.9364941716194152,0.9364941716194152,0.1682180444471826,-0.8700338534612568,0.2482058988733034,Oxygenated,1.0661039771017098,0.4171887047365124,0.36192966579106217,0.22088162947242548
ACTTCGTTCCTGACTT_E15S,E15S,Tumor,exiting_hypoxia,-0.1332557082009446,-0.8900422695620526,1.0924658322941807,0.942595601081848,0.942595601081848,0.3653872174625519,-0.1332557082009446,-0.8900422695620526,Hypoxic,1.089256087028764,0.2828799664452154,0.32333323498622424,0.39378679856856036
CAACCAGCAAACTGCG_E15S,E15S,Tumor,transitional,-0.3390279215451037,0.2121120821821711,1.420227700190999,0.9358837008476256,0.9358837008476256,0.1380220327625939,-0.3390279215451037,0.2121120821821711,Ridge,1.0898606767981645,0.3415429428871079,0.3823247217963805,0.2761323353165116
ATCAACTAGGATGCTC_E15S,E15S,Tumor,entering_hypoxia,-0.5878693819115101,0.7953294829770412,0.7228259317277815,0.9338003396987916,0.9338003396987916,0.0979594761853572,-0.5878693819115101,0.7953294829770412,Ridge,1.0683649769610577,0.27581633519528714,0.4519994359929436,0.2721842288117692
GTTAGCTGTCCCGATA_E15S,E15S,Tumor,transitional,0.2282159967053678,0.3832281677039083,0.3466637509406539,0.936067759990692,0.936067759990692,0.1587487814349585,0.2282159967053678,0.3832281677039083,Ridge,1.0440131940912423,0.18675382314466654,0.4284079977772055,0.38483817907812795
CTCGTTGTCGCGAACT_E15S,E15S,Tumor,reverted_stable,-0.6380201289026183,-1.2827075795340102,1.0561473526778422,0.9409870505332948,0.9409870505332948,0.1204908299014534,-0.6380201289026183,-1.2827075795340102,Hypoxic,1.0916511055894325,0.3077562539211522,0.3026700900740548,0.389573656004793
ATGGGATAGGTAACTT_E15S,E15S,Tumor,reverted_stable,-0.5877539541095801,-0.4213311326871509,-0.0938636196208907,0.9326732158660888,0.9326732158660888,0.1394218894571726,-0.5877539541095801,-0.4213311326871509,Oxygenated,1.0790294500713327,0.4212469844966868,0.31793424510299445,0.2608187704003187
CGTGAAAGTTTGGTTA_E15S,E15S,Tumor,persistent_hypoxia,0.3918872548302524,-0.0221944688178549,1.2013358566398329,0.9323559999465942,0.9323559999465942,0.0244178716611395,0.3918872548302524,-0.0221944688178549,Hypoxic,1.0362899295021628,0.17675508748141475,0.3937392222807474,0.42950569023783786
TGGTTCCCAACTTCGC_E15S,E15S,Tumor,entering_deep_hypoxia,1.3437754984545087,1.0468568921953527,1.4742738358461656,0.9320988655090332,0.9320988655090332,0.0784957850842157,1.3437754984545087,1.0468568921953527,Hypoxic,0.6996702394123289,0.009460222481673702,0.3547430281655967,0.6357967493527296
AGTACCGCATCATACT_E15S,E15S,Tumor,entering_hypoxia,-0.8187211125935554,0.5014840202104964,0.7800261730620333,0.944764256477356,0.944764256477356,0.1304886513794232,-0.8187211125935554,0.5014840202104964,Ridge,1.074288037894544,0.3679208158842992,0.39832996123347003,0.23374922288223068
TGGCTTGGTTCACTGG_E15S,E15S,Tumor,reverted_stable,-0.5177007123441656,-0.7675727342957364,-0.0966713950665512,0.9428833723068236,0.9428833723068236,0.2734030032188316,-0.5177007123441656,-0.7675727342957364,Oxygenated,1.0932582812688385,0.3825975656398782,0.3107748024121877,0.30662763194793413
GTATTCCTCCTGAGCG_E15S,E15S,Tumor,entering_deep_hypoxia,0.2927705795317344,0.6689418054689099,-0.0761680425453927,0.93759948015213,0.93759948015213,0.1809208969208212,0.2927705795317344,0.6689418054689099,Ridge,0.9982056940014628,0.1387944971981007,0.45605712051405556,0.4051483822878438
CATTTAGGTTATCGCG_E15S,E15S,Tumor Proliferating,exiting_hypoxia,0.3092305388490127,-0.7100007339188146,0.3945820734042899,0.9318217039108276,0.9318217039108276,0.0435236249408889,0.3092305388490127,-0.7100007339188146,Hypoxic,1.0353215840791994,0.18727706715275527,0.34191052696807267,0.4708124058791721
TGCCGTAGTAATGGAT_E15S,E15S,Tumor,exiting_hypoxia,-0.2213797088596006,-0.6505469492254821,0.7739095720592993,0.9323660135269164,0.9323660135269164,0.1172229406902938,-0.2213797088596006,-0.6505469492254821,Hypoxic,1.0984958720919924,0.33160607016625737,0.32814231877650524,0.34025161105723734
GCCATAGCAAATGGAG_E15S,E15S,Tumor,exiting_hypoxia,2.07394561172438,-2.307663158196654,-0.396919517291452,0.944453239440918,0.944453239440918,0.097830817658661,2.07394561172438,-2.307663158196654,Hypoxic,0.20950033220007563,0.0001285466508400446,0.053337400535915694,0.9465340528132442
CACAACATCGATAGCC_E15S,E15S,Tumor,exiting_hypoxia,-0.0636537119316732,-0.5147738127575532,2.068003953610888,0.9359395503997804,0.9359395503997804,0.2712689592954078,-0.0636537119316732,-0.5147738127575532,Hypoxic,1.0960644132874735,0.30092196248703523,0.3424689806493022,0.3566090568636625
TGGTGTTGTGGCGACA_E15S,E15S,Tumor Proliferating,exiting_hypoxia,0.0861112611636912,-0.8979019584841265,0.5443018305775301,0.9335299730300904,0.9335299730300904,0.0849847154560724,0.0861112611636912,-0.8979019584841265,Hypoxic,1.0624850711742058,0.22663372365136888,0.3286310081595272,0.44473526818910386
CACACAGCAGGTAGCC_E15S,E15S,Tumor,transitional,0.2276432772859161,0.2767789702061577,2.919924196512277,0.934514045715332,0.934514045715332,0.2028502709666955,0.2276432772859161,0.2767789702061577,Ridge,1.0527731242359524,0.1979580816330765,0.4179944668478786,0.38404745151904485
TGGAACCTCGTGAATT_E15S,E15S,Tumor,exiting_hypoxia,0.3177552192725966,-0.5922407848139791,-0.108258999311159,0.9416043758392334,0.9416043758392334,0.1195178621796897,0.3177552192725966,-0.5922407848139791,Hypoxic,1.0425926664126042,0.19277801874607015,0.34994403235566274,0.4572779488982671
AGTGCTCAGCTAGCAC_E15S,E15S,Tumor,entering_hypoxia,-0.8288397757855507,0.8491908218156758,1.0468563323052649,0.940910577774048,0.940910577774048,0.2449102813309176,-0.8288397757855507,0.8491908218156758,Ridge,1.0655478927405153,0.28848269856500813,0.45564524249611854,0.2558720589388733
AACACACCAATTGCCC_E15S,E15S,Tumor,normoxic_stable,-0.8706999001901996,0.2831245119996526,1.235348452116965,0.935394525527954,0.935394525527954,0.1039637063732544,-0.8706999001901996,0.2831245119996526,Oxygenated,1.067198354051698,0.4119654216652635,0.3663164087209671,0.22171816961376953
CTAATGGTCCTCTAAC_E15S,E15S,Tumor Proliferating,transitional,-0.1916207909246105,-0.3054109377137447,1.4005084164781505,0.9328689575195312,0.9328689575195312,0.0040519751842053,-0.1916207909246105,-0.3054109377137447,Ridge,1.0976526016795465,0.33981639308316014,0.3469898413048315,0.3131937656120084
CCCTTGATCGTTGCGG_E15S,E15S,Tumor,exiting_hypoxia,-0.1754689271107082,-1.183097849674558,1.9702048071069336,0.9320825338363647,0.9320825338363647,0.0942939990759999,-0.1754689271107082,-1.183097849674558,Hypoxic,1.0683383489417957,0.2445109438403384,0.31185844931264556,0.44363060684701605
CGCCATGAGGCTTACA_E15S,E15S,Tumor,normoxic_stable,-0.8124089771226239,0.1374304121593496,1.402951371585505,0.9383943676948548,0.9383943676948548,0.1603449053033296,-0.8124089771226239,0.1374304121593496,Oxygenated,1.065565986706238,0.42639168920487486,0.35057871418831427,0.22302959660681093
CACCTCATCATGAACT_E15S,E15S,Tumor,persistent_hypoxia,0.4828897099319351,0.2308398623463605,-0.0301586432463615,0.9414080381393432,0.9414080381393432,0.2686617596054414,0.4828897099319351,0.2308398623463605,Hypoxic,1.0014760540433574,0.14083811939508117,0.41447097303673636,0.4446909075681825
ATCCACTTCCCTGGTC_E15S,E15S,Tumor,entering_hypoxia,-1.058768777869366,1.1003740453857809,0.2666519835073506,0.9430189728736876,0.9430189728736876,0.181549209939762,-1.058768777869366,1.1003740453857809,Ridge,1.038884507238727,0.23494081245256856,0.4998874366960691,0.2651717508513624
CCTAACTTCTATCGGA_E15S,E15S,Tumor,entering_deep_hypoxia,1.1473780491832373,0.6335477668720328,1.3564300996550596,0.935804843902588,0.935804843902588,0.0440576738335853,1.1473780491832373,0.6335477668720328,Hypoxic,0.7721391873911951,0.02634862312183814,0.37795240981051176,0.59569896706765
AGGCATGAGGCGAGGT_E15S,E15S,Tumor,reverted_stable,-1.2342620992155775,-0.6164098638348109,1.7460079991574609,0.9320385456085204,0.9320385456085204,0.1705288434510346,-1.2342620992155775,-0.6164098638348109,Oxygenated,1.0580236877131783,0.4637953857800462,0.3014886745224689,0.23471593969748492
ACCTCACCAGTTAGGT_E15S,E15S,Tumor,normoxic_stable,-0.5452060865748904,0.1027165132347928,0.3680112744139657,0.9340460896492004,0.9340460896492004,0.1071559408662206,-0.5452060865748904,0.1027165132347928,Oxygenated,1.0805674803298535,0.39359157001916684,0.35836249653465635,0.24804593344617676
TCCTGCATCAGGCATC_E15S,E15S,Tumor,entering_deep_hypoxia,1.4458176146155806,0.8269867632105457,0.3071011449591254,0.941814124584198,0.941814124584198,0.0788228407210076,1.4458176146155806,0.8269867632105457,Hypoxic,0.6853493580668116,0.009331533007219731,0.33294208423658506,0.6577263827561952
GTCTATGAGTTGCACA_E15S,E15S,Tumor,normoxic_stable,-0.5474839723348797,-0.2138018332080511,-0.2323700355613281,0.9435073137283324,0.9435073137283324,0.3837874668169885,-0.5474839723348797,-0.2138018332080511,Oxygenated,1.0789796590118848,0.41490696494633317,0.33138230062607416,0.2537107344275927
AACGAACAGTCAGGTC_E15S,E15S,Tumor,exiting_hypoxia,-0.1971348231247861,-0.5187172067738485,-0.0289884353282369,0.9392913579940796,0.9392913579940796,0.1322109646486745,-0.1971348231247861,-0.5187172067738485,Oxygenated,1.0985858821127672,0.33507494832755086,0.33501441145509453,0.3299106402173546
CTAAGGTCAACGTGAT_E15S,E15S,Tumor,persistent_hypoxia,0.6633203158527394,0.2683902283480137,1.887433092956799,0.9303236603736876,0.9303236603736876,0.1825681680437331,0.6633203158527394,0.2683902283480137,Hypoxic,0.9473227129597412,0.10120663649785168,0.4103350149373622,0.4884583485647862
AGTCGAAGTTGCTGAT_E15S,E15S,Tumor,transitional,-0.3800354005138373,-0.2200249050035798,0.2704634487950206,0.94578754901886,0.94578754901886,0.1510261475869758,-0.3800354005138373,-0.2200249050035798,Oxygenated,1.089945188426248,0.38263371264250223,0.3406638005948873,0.2767024867626105
ATCACGATCCATCATC_E15S,E15S,Tumor,reverted_stable,-0.514113151300601,-0.7130749379744299,0.6854263137067594,0.9306170344352722,0.9306170344352722,0.0597584120449937,-0.514113151300601,-0.7130749379744299,Oxygenated,1.0918826680318632,0.38819294617524375,0.312026582262321,0.2997804715624352
GCGTATTGTCTTGCCT_E15S,E15S,Tumor,normoxic_stable,-1.135170388629252,-0.2459546275658984,1.306655568067221,0.9354059100151062,0.9354059100151062,0.1333491289416244,-1.135170388629252,-0.2459546275658984,Oxygenated,1.0464244520560062,0.4739520559832632,0.31413085189505296,0.21191709212168378
CCTCGATCAACTGTAA_E15S,E15S,Tumor,reverted_stable,-1.1348836210160027,-0.7237416862125364,1.4384038640881494,0.9413726925849916,0.9413726925849916,0.318555259263335,-1.1348836210160027,-0.7237416862125364,Oxygenated,1.0658638329984254,0.45242267104251777,0.2988704521610601,0.24870687679642223
AACACCGCACAATCCC_E15S,E15S,Tumor,transitional,-0.4079515069069926,0.1917455203150909,1.3140753528143414,0.936536967754364,0.936536967754364,0.1481000959156415,-0.4079515069069926,0.1917455203150909,Ridge,1.0878159144076767,0.3581017276513858,0.3758345648170016,0.2660637075316125
ACGATTTAGGTGCGAA_E15S,E15S,Tumor Proliferating,exiting_hypoxia,0.6388388664061978,-0.7080251815404465,0.5723087455179927,0.934136688709259,0.934136688709259,0.0549914560434444,0.6388388664061978,-0.7080251815404465,Hypoxic,0.9344996784854005,0.10982170355679603,0.33274175959398905,0.5574365368492149
AATTGTCAGGTGCTCG_E15S,E15S,Tumor,persistent_hypoxia,1.578916422361583,0.1108393128188057,0.0440868774562664,0.9402197003364564,0.9402197003364564,0.3200733191497203,1.578916422361583,0.1108393128188057,Hypoxic,0.6496788007181389,0.010750646547445572,0.280924063186218,0.7083252902663364
AGGCCCATCGATCAGC_E15S,E15S,Tumor,entering_hypoxia,0.1200392224984416,0.5319790774106465,0.578252004231074,0.9350942969322203,0.9350942969322203,0.1712796225773513,0.1200392224984416,0.5319790774106465,Ridge,1.046407687605553,0.19314539013161597,0.44157769241466754,0.36527691745371654
CAAGCAAGTAAGTTCC_E15S,E15S,Tumor,persistent_hypoxia,1.6830857261686094,0.2856084980793221,0.0701106238157564,0.9363940954208374,0.9363940954208374,0.0999190516271547,1.6830857261686094,0.2856084980793221,Hypoxic,0.6246848556216166,0.007063529430234523,0.27166766409092846,0.7212688064788371
GGTATGTCAAGGTCTG_E15S,E15S,Tumor,reverted_stable,-1.1813293205830897,-1.0930532039783567,1.1035036334099182,0.944877564907074,0.944877564907074,0.3794713519387014,-1.1813293205830897,-1.0930532039783567,Oxygenated,1.0904880980089005,0.3941770129541665,0.3006901358193201,0.3051328512265133
CATGGGTTCGACCATA_E15S,E15S,Tumor,transitional,-0.1962003402973091,0.0731745165752319,0.3506522889013275,0.9371882677078248,0.9371882677078248,0.2375768921526237,-0.1962003402973091,0.0731745165752319,Ridge,1.0939049697852927,0.32429519722517286,0.3768983219355044,0.29880648083932276
CTGTGAATCATGTGCA_E15S,E15S,Tumor,reverted_stable,-0.538825880773982,-0.5520639274160366,0.0126437765742262,0.9423226118087769,0.9423226118087769,0.3390676331627103,-0.538825880773982,-0.5520639274160366,Oxygenated,1.0857499797506562,0.4065969705375677,0.31526065848745366,0.2781423709749786
CCATCACCAAATCACA_E15S,E15S,Tumor,exiting_hypoxia,0.0501256895957614,-0.4733858523827208,1.2025017866564178,0.934481143951416,0.934481143951416,0.151149816176241,0.0501256895957614,-0.4733858523827208,Hypoxic,1.089344558985467,0.2720300033413585,0.3503181449628038,0.3776518516958377
CGAACTTGTCTTACCC_E15S,E15S,Tumor,transitional,0.1272925476965218,-0.2534126286093991,0.8231967748289669,0.9334008693695068,0.9334008693695068,0.1285876549798429,0.1272925476965218,-0.2534126286093991,Hypoxic,1.0838636222163816,0.25436960133886943,0.36837394977209603,0.37725644888903453
GCTTGATGTTAGCTGT_E15S,E15S,Tumor Proliferating,entering_hypoxia,-0.4993401894622631,2.1636640273089878,1.5696002828226947,0.9482588171958924,0.9482588171958924,0.0549081400654,-0.4993401894622631,2.1636640273089878,Ridge,0.7824819591785837,0.026219261642976808,0.5687695790404989,0.40501115931652437
CTTGGCTCATGCTCAC_E15S,E15S,Tumor,persistent_hypoxia,0.4168680773057465,0.1052759401682516,0.5722044082081599,0.9354647994041444,0.9354647994041444,0.121651800978089,0.4168680773057465,0.1052759401682516,Hypoxic,1.0254933488316271,0.16421936407779997,0.40454236466468546,0.43123827125751457
ACAGCAAGTTGCTCTC_E15S,E15S,Tumor,entering_hypoxia,-1.164278866910283,2.579138116869868,1.4323766075511777,0.9435875415802002,0.9435875415802002,0.1247739253395034,-1.164278866910283,2.579138116869868,Ridge,0.7301035694414386,0.01080130851148443,0.5811071984501214,0.40809149303839415
AGTGAGACATAACCAA_E15S,E15S,Tumor Proliferating,entering_hypoxia,-0.6968609237094453,0.9856872364039956,1.0465337172947209,0.9386692643165588,0.9386692643165588,0.0553116859726017,-0.6968609237094453,0.9856872364039956,Ridge,1.0510402299559818,0.2418035402415083,0.48085551177493135,0.2773409479835603
CTGACCCTCCATCGTT_E15S,E15S,Tumor,persistent_hypoxia,0.325520866212713,-0.2334016391010993,1.651380636046344,0.9392725229263306,0.9392725229263306,0.1981312461959101,0.325520866212713,-0.2334016391010993,Hypoxic,1.053095727226816,0.199491333022707,0.3759966827015221,0.424511984275771
ACATTCCTCATACTGG_E15S,E15S,Tumor,reverted_stable,-0.5305949823793703,-1.085653085437995,-0.019722434271081,0.953290581703186,0.953290581703186,0.2164650088216204,-0.5305949823793703,-1.085653085437995,Hypoxic,1.0964653877780544,0.3338686217409398,0.30634348323968424,0.359787895019376
CGTTACAAGGATGCTC_E15S,E15S,Tumor,reverted_stable,-0.5121367964657946,-1.477287856889484,-0.0363983376284124,0.9408053755760192,0.9408053755760192,0.1254731309805875,-0.5121367964657946,-1.477287856889484,Hypoxic,1.06195680417437,0.24176953568758625,0.2997936429751113,0.4584368213373025
CTTATCGCATCGAAGT_E15S,E15S,Tumor,entering_hypoxia,-0.0138543134661134,0.9194170172426738,0.8201248927307832,0.9318823218345642,0.9318823218345642,0.0942707007334745,-0.0138543134661134,0.9194170172426738,Ridge,1.0109202340372136,0.15802306005342212,0.48267283928041044,0.3593041006661675
AGCACTTGTTTCAGCG_E15S,E15S,Tumor,normoxic_stable,-0.7476436365183187,-0.2130439544213611,0.9481080105004412,0.941064953804016,0.941064953804016,0.3053131010709626,-0.7476436365183187,-0.2130439544213611,Oxygenated,1.0646577632233412,0.4447471397764803,0.3223715340514123,0.2328813261721074
TCAGTAGTCATGCCTT_E15S,E15S,Tumor,transitional,0.1056879414105548,0.2095386883631346,0.3648033915925083,0.9443895220756532,0.9443895220756532,0.3285092130031844,0.1056879414105548,0.2095386883631346,Ridge,1.0740371040347105,0.23535923706554812,0.407372849734525,0.35726791319992696
CAATGGCTCGCGACAT_E15S,E15S,Tumor,entering_hypoxia,-0.0958377065328249,1.1349161441369564,1.4340067936495322,0.9372665286064148,0.9372665286064148,0.0831837415548573,-0.0958377065328249,1.1349161441369564,Ridge,0.9805287290448812,0.132719239429793,0.5060500446409045,0.36123071592930245
ATGTGGGAGCTTACTC_E15S,E15S,Tumor,normoxic_stable,-1.5387891100847555,0.3796410899679918,1.6282518326391602,0.9385020136833192,0.9385020136833192,0.1947674220642196,-1.5387891100847555,0.3796410899679918,Oxygenated,1.0624985588117521,0.397777665025752,0.3906468940495904,0.21157544092465744
AACCAATTCATCGTCT_E15S,E15S,Tumor,transitional,-0.1494482073383983,0.0141245039877442,0.6084070522996147,0.9309438467025756,0.9309438467025756,0.1247970785919676,-0.1494482073383983,0.0141245039877442,Ridge,1.0948213472938781,0.3176798761538307,0.374355830190273,0.3079642936558963
GCGATGTTCTATGCGA_E15S,E15S,Tumor,persistent_hypoxia,0.5300792425403005,-0.2497220917434774,2.2048286256744603,0.9330499172210692,0.9330499172210692,0.1559741818646923,0.5300792425403005,-0.2497220917434774,Hypoxic,1.002031393050367,0.14678522850059014,0.3741610705862937,0.4790537009131161
TCCAACTTCCGTATAG_E15S,E15S,Tumor,entering_deep_hypoxia,0.9829934021061864,0.5180193387445612,0.1827460063158237,0.940327286720276,0.940327286720276,0.1017760694478792,0.9829934021061864,0.5180193387445612,Hypoxic,0.8282734747384908,0.04372431108622131,0.39602704208949696,0.5602486468242818
CCCAATCCATGGTGCA_E15S,E15S,Tumor,persistent_hypoxia,0.6885016769157287,0.147565555685624,-0.009453041458756,0.94236022233963,0.94236022233963,0.2192150991196219,0.6885016769157287,0.147565555685624,Hypoxic,0.9466933540277845,0.10215340527298054,0.3995761933786468,0.4982704013483726
AATCAGCCACTATCGC_E15S,E15S,Tumor,reverted_stable,-0.8430853882586012,-0.6615055114468654,0.0838277256738723,0.9527507424354552,0.9527507424354552,0.2722134005969223,-0.8430853882586012,-0.6615055114468654,Oxygenated,1.0721497434819356,0.44045623476661394,0.3017977310811297,0.25774603415225644
CGTAAAGGTTGTGCCA_E15S,E15S,Tumor Proliferating,entering_hypoxia,0.0339733530712342,0.9692929609719376,1.245403282404226,0.939182460308075,0.939182460308075,0.0765786064422352,0.0339733530712342,0.9692929609719376,Ridge,0.9948744811387226,0.14164966316709618,0.4878083519338103,0.3705419848990936
CGCAAATCAAATGGAG_E15S,E15S,Tumor,normoxic_stable,-0.5826391285735362,-0.1882011816633999,2.234585096904709,0.933970272541046,0.933970272541046,0.0947550353465905,-0.5826391285735362,-0.1882011816633999,Oxygenated,1.0763457791399746,0.42013757639950994,0.33129199327457903,0.24857043032591106
TGACCTAAGATTGCCA_E15S,E15S,Tumor,normoxic_stable,-0.8737846928209687,-0.0568953248711844,2.5085366144100343,0.937899112701416,0.937899112701416,0.283946562711825,-0.8737846928209687,-0.0568953248711844,Oxygenated,1.0577445185962702,0.45070824623094796,0.3301031054398313,0.21918864832922066
AAAGTAGTCATCAGGC_E15S,E15S,Tumor,transitional,-0.1005463923155734,-0.1835078828133391,1.4422450988383513,0.9345031976699828,0.9345031976699828,0.0748984815065282,-0.1005463923155734,-0.1835078828133391,Ridge,1.0968398230323273,0.3150903816108539,0.36110809527864096,0.32380152311050503
GGGCAGACATAGGGTT_E15S,E15S,Tumor,entering_hypoxia,-0.1997440154964129,1.2051792675827404,2.9674545086205177,0.9432477951049804,0.9432477951049804,0.1209741403761445,-0.1997440154964129,1.2051792675827404,Ridge,0.9782954535546893,0.13356755673706294,0.5146064859047473,0.35182595735818967
AGTGGCTTCGACATTG_E15S,E15S,Tumor,persistent_hypoxia,0.4025626771044739,-0.1321217657713342,0.5303089657964987,0.9392927289009094,0.9392927289009094,0.0721235948503279,0.4025626771044739,-0.1321217657713342,Hypoxic,1.0359709643994326,0.1774813599195322,0.384762778663787,0.43775586141668077
CCGGTCAAGGGTGATG_E15S,E15S,Tumor,reverted_stable,-0.7364992827628025,-0.5889856720477209,0.7218192115066718,0.941103219985962,0.941103219985962,0.2046506188443598,-0.7364992827628025,-0.5889856720477209,Oxygenated,1.0746421431766355,0.4343532923428403,0.3062190035059763,0.2594277041511834
TGAACCATCGCTCAGG_E15S,E15S,Tumor,entering_hypoxia,-0.2272494303904176,1.0425020097914564,-0.0037315024460165,0.9371785521507264,0.9371785521507264,0.1797865124579886,-0.2272494303904176,1.0425020097914564,Ridge,1.0144999806909183,0.16885833761253152,0.49602552600751887,0.3351161363799495
GTCTAAGTCGCGTTGG_E15S,E15S,Tumor,transitional,-0.2745398663855458,-0.2954099660583263,0.288555622872139,0.9397384524345398,0.9397384524345398,0.2286282507855004,-0.2745398663855458,-0.2954099660583263,Oxygenated,1.095486501594803,0.35988393968187155,0.34239039322135395,0.29772566709677445
GTTCTCACAGGTAGCC_E15S,E15S,Tumor,persistent_hypoxia,0.5066568987072553,-0.0894111460424136,-0.2105194862609905,0.9450474381446838,0.9450474381446838,0.2010150262773315,0.5066568987072553,-0.0894111460424136,Hypoxic,1.0088777781859302,0.15027319808931378,0.3874967254170039,0.46223007649368236
TCACGTCCATAAGGTC_E15S,E15S,Tumor,exiting_hypoxia,-0.016010989614111,-1.4256469750992635,-0.2212272379767203,0.9403585195541382,0.9403585195541382,0.1202463727793933,-0.016010989614111,-1.4256469750992635,Hypoxic,0.9933302347124213,0.165851421029514,0.2986299432130688,0.5355186357574172
CACGTTGGTTAGGTGA_E15S,E15S,Tumor Proliferating,entering_hypoxia,-0.190907938219444,1.1567808297263438,0.9885415706581454,0.9410330653190612,0.9410330653190612,0.064256162892645,-0.190907938219444,1.1567808297263438,Ridge,0.9877077873125448,0.14149436969939075,0.5093396312668679,0.34916599903374135
CTCTCGATCGCATCCC_E15S,E15S,Tumor,persistent_hypoxia,0.710691171107555,-0.3635045455767726,-0.193026932478165,0.9448293447494508,0.9448293447494508,0.3668749388488019,0.710691171107555,-0.3635045455767726,Hypoxic,0.9391724407177375,0.10568806619211303,0.3574439280979361,0.5368680057099509
GGTTACATCATATAGC_E15S,E15S,Tumor,entering_hypoxia,-1.980049077154597,0.4239727453370923,1.5412298319986382,0.9407075643539428,0.9407075643539428,0.3022693717835252,-1.980049077154597,0.4239727453370923,Ridge,1.0685539582640757,0.33234754958468954,0.4332346652287639,0.2344177851865465
ATCGCATGTTATGGTC_E15S,E15S,Tumor Proliferating,entering_hypoxia,-0.3577695788048295,0.9151930927466756,1.6068818163470109,0.9341240525245668,0.9341240525245668,0.0378511645806293,-0.3577695788048295,0.9151930927466756,Ridge,1.0464672418257654,0.21536307455696738,0.47689677123155455,0.3077401542114782
GCTCCGTTCAAGTCTG_E15S,E15S,Tumor,transitional,-0.3660475830673518,0.2171779389081782,1.2386632327314815,0.9357932209968568,0.9357932209968568,0.1164676162848553,-0.3660475830673518,0.2171779389081782,Ridge,1.0890970726714482,0.34649527207065284,0.381237758670528,0.27226696925881916
ACAAGGCGTAGCTGCC_E15S,E15S,Tumor,persistent_hypoxia,0.6816469357253117,-0.3791420768064774,-0.0712714229226997,0.957356870174408,0.957356870174408,0.1977778155042386,0.6816469357253117,-0.3791420768064774,Hypoxic,0.9486006469842957,0.11150876682566285,0.35784181690312633,0.5306494162712108
GGAGTCAAGTCGCTAA_E15S,E15S,Tumor,normoxic_stable,-0.92960812996326,-0.0893582063926509,0.4728563861147736,0.9430454969406128,0.9430454969406128,0.3068779675809036,-0.92960812996326,-0.0893582063926509,Oxygenated,1.0543606733781585,0.45745674914349344,0.32626123248975364,0.21628201836675298
ATATGGGGTTGTCTGG_E15S,E15S,Tumor,reverted_stable,-0.9290876120289384,-0.5277374320913885,0.6205098865063582,0.9381147623062134,0.9381147623062134,0.1260237075552692,-0.9290876120289384,-0.5277374320913885,Oxygenated,1.0612545815502632,0.45834561053418726,0.3031405047011946,0.2385138847646183
AGAAGTTGTTTGGAGA_E15S,E15S,Tumor Proliferating,persistent_hypoxia,0.4559416005329757,-0.0385117642957585,1.8370728234807907,0.9360700249671936,0.9360700249671936,0.039516800081222,0.4559416005329757,-0.0385117642957585,Hypoxic,1.0213103652395734,0.16119818807717287,0.39228661100192513,0.44651520092090213
CTGAACATCCAACTCT_E15S,E15S,Tumor,normoxic_stable,-0.5701747202323375,0.3646639505476921,2.1288256552355165,0.9360469579696656,0.9360469579696656,0.10546715583213,-0.5701747202323375,0.3646639505476921,Ridge,1.0818146652823166,0.36170327456099177,0.38809039652169763,0.2502063289173106
TCCACTTAGTGGGTCT_E15S,E15S,Tumor,normoxic_stable,-1.0068336600935102,-0.1705734301933456,1.4136922781009702,0.9370346069335938,0.9370346069335938,0.1888838336305468,-1.0068336600935102,-0.1705734301933456,Oxygenated,1.050211942446787,0.46664897276300576,0.3191663625956332,0.21418466464136096
ATCCTCCGTGATGAAT_E15S,E15S,Tumor,exiting_hypoxia,-0.337294298533242,-1.3094643836009463,0.3858696127278942,0.937008023262024,0.937008023262024,0.1240693224244194,-0.337294298533242,-1.3094643836009463,Hypoxic,1.070235339511473,0.25161564205576015,0.30569851546853244,0.44268584247570736
CCAGAGAAGCGCCTAG_E15S,E15S,Tumor,exiting_hypoxia,-0.3123043039467532,-0.6669692401630979,0.567928804204019,0.9778119325637816,0.9778119325637816,0.30294758635936,-0.3123043039467532,-0.6669692401630979,Oxygenated,1.097876763404423,0.3514214100278992,0.32292169489873523,0.3256568950733657
TCCCCAATCCCGCATC_E15S,E15S,Tumor,transitional,-0.1731875493915874,0.035923594255558,0.6637797249635415,0.9353943467140198,0.9353943467140198,0.2039247692688185,-0.1731875493915874,0.035923594255558,Ridge,1.0945339361191289,0.32185974948030194,0.3748393991919284,0.3033008513277696
ACGGGCAGTCATGCTG_E15S,E15S,Tumor,transitional,-0.0606655047556697,-0.2287602083489272,1.1909666576663993,0.9351047873497008,0.9351047873497008,0.087273227261687,-0.0606655047556697,-0.2287602083489272,Ridge,1.096359147739277,0.30551873048104644,0.36023829367065446,0.3342429758482991
TCTGACAAGCTGGTGT_E15S,E15S,Tumor,reverted_stable,-1.1318765155808257,-1.2240442967367178,-0.2260783919693587,0.9468113780021667,0.9468113780021667,0.1892267075966338,-1.1318765155808257,-1.2240442967367178,Oxygenated,1.095668650250292,0.364011735585899,0.3014958344552245,0.33449242995887657
GCTCACCTCCGGTACG_E15S,E15S,Tumor,transitional,0.230021852950451,-0.4017431879798116,0.3619702502509224,0.9337309002876282,0.9337309002876282,0.1588918250075718,0.230021852950451,-0.4017431879798116,Hypoxic,1.0682506252381618,0.22440647991957752,0.361543820406784,0.41404969967363847
AATGGGTAGCCGCATG_E15S,E15S,Tumor,reverted_stable,-0.4981240270143919,-0.4500646915979068,-0.2292844880195151,0.9420861601829528,0.9420861601829528,0.2625996534994453,-0.4981240270143919,-0.4500646915979068,Oxygenated,1.0857460717863856,0.4044364899907277,0.3211560641967691,0.2744074458125032
GTGGTAAGTTAAGCAG_E15S,E15S,Tumor,transitional,0.213093081600261,0.3379678363528319,0.5597165780691306,0.9400909543037416,0.9400909543037416,0.052506979571667,0.213093081600261,0.3379678363528319,Ridge,1.0504586393046922,0.1952893115117253,0.4236407737345478,0.381069914753727
ACCTGTCCAGCCTACT_E15S,E15S,Tumor,persistent_hypoxia,0.5639739768927439,-0.3346490507123265,1.0030760360276152,0.941766321659088,0.941766321659088,0.3400013506177651,0.5639739768927439,-0.3346490507123265,Hypoxic,0.989564852136998,0.13834814534048065,0.3665006173323823,0.49515123732713706
TCCTCGATCACAGACC_E15S,E15S,Tumor,normoxic_stable,-1.834264823104095,0.1526430311647892,0.392590045515704,0.936845362186432,0.936845362186432,0.1263656687736509,-1.834264823104095,0.1526430311647892,Oxygenated,1.066805561847323,0.39740543819192503,0.38370090072946333,0.21889366107861175
CACGCCAAGTAGTGCC_E15S,E15S,Tumor,normoxic_stable,-0.832451005399272,0.1781702436558554,1.382836240182474,0.9377454519271852,0.9377454519271852,0.1602526819136011,-0.832451005399272,0.1781702436558554,Oxygenated,1.0656977720564669,0.4233612449961187,0.3545516659237125,0.2220870890801687
CCGTTGGAGCTAACGC_E15S,E15S,Tumor,normoxic_stable,-0.5577910361254227,-0.1789765178245109,0.3826304456454555,0.938011109828949,0.938011109828949,0.1680431272224445,-0.5577910361254227,-0.1789765178245109,Oxygenated,1.07810311368261,0.41565157734770447,0.3332219493794998,0.25112647327279564
CTTCGCGCAGTTAGAC_E15S,E15S,Tumor,exiting_hypoxia,-0.3234644884252919,-0.4610092924750279,0.2902172394664256,0.9347211718559264,0.9347211718559264,0.1452672145507057,-0.3234644884252919,-0.4610092924750279,Oxygenated,1.0953258080297452,0.3678408395566124,0.3304114035614723,0.30174775688191535
CAAAGGTAGTTGCCGG_E15S,E15S,Tumor,reverted_stable,-1.0368155856194048,-0.4243550506904369,1.1558719472393684,0.9348414540290833,0.9348414540290833,0.1598852222630197,-1.0368155856194048,-0.4243550506904369,Oxygenated,1.0527669478580146,0.46966496736306473,0.3054359620048914,0.22489907063204392
CGTGAGGGTGGCGAAT_E15S,E15S,Tumor,exiting_hypoxia,-0.083756831702944,-1.0244013267463556,1.776677023114651,0.9415119290351868,0.9415119290351868,0.1099029223789321,-0.083756831702944,-1.0244013267463556,Hypoxic,1.0745465214010665,0.2510551284089349,0.3195856622651691,0.42935920932589594
AAGCAATGTTTGATGC_E15S,E15S,Tumor,exiting_hypoxia,1.534692040849713,-1.483534944746149,-0.2004029632789318,0.9404796361923218,0.9404796361923218,0.1270351832716445,1.534692040849713,-1.483534944746149,Hypoxic,0.4656449267200577,0.005034983629714799,0.15710843103151736,0.837856585338768
GCGTTCTCATGAGTTA_E15S,E15S,Tumor,reverted_stable,-1.486653590959973,-0.4490951792380954,0.5345869992738048,0.94426167011261,0.94426167011261,0.4018775439593418,-1.486653590959973,-0.4490951792380954,Oxygenated,1.0538309165183894,0.4643614167463609,0.31413552401682227,0.2215030592368169
CGTAAACCATTACGTT_E15S,E15S,Tumor,persistent_hypoxia,1.0069384571491944,-0.3305324552625069,0.0469926371991767,0.9374242424964904,0.9374242424964904,0.1499166067128362,1.0069384571491944,-0.3305324552625069,Hypoxic,0.8292817205488071,0.05602028320397112,0.3340477558208505,0.6099319609751783
TGCCACCTCAATCTGG_E15S,E15S,Tumor,transitional,-0.056077154324402,0.2489576468871186,1.44420985916391,0.9344912171363832,0.9344912171363832,0.1677515638878484,-0.056077154324402,0.2489576468871186,Ridge,1.0855412838387002,0.2719042007141225,0.4034817317738255,0.324614067512052
TAGGGCTTCCGCAACG_E15S,E15S,Tumor,transitional,-0.2738625711768961,0.1682273782341873,1.3829209789444423,0.936652660369873,0.936652660369873,0.1647780690681754,-0.2738625711768961,0.1682273782341873,Ridge,1.0917008711257443,0.332673900562568,0.38159829772153214,0.2857278017158999
CCTAATGAGTCAGCGT_E15S,E15S,Tumor,transitional,-0.0884518292092118,0.0319408568996073,0.5916470099927124,0.9423986673355104,0.9423986673355104,0.2305593940494776,-0.0884518292092118,0.0319408568996073,Ridge,1.093581593089653,0.30099632858553105,0.37984095532950946,0.31916271608495944
CCACGTAGTCTGTGGC_E15S,E15S,Tumor,entering_hypoxia,-0.3911734667097523,1.3547290285625648,1.5137965738703798,0.937978446483612,0.937978446483612,0.1305143778075621,-0.3911734667097523,1.3547290285625648,Ridge,0.9633811327523345,0.12612984213218276,0.5330178082881928,0.34085234957962446
CGCTGCTTCAGTAGCC_E15S,E15S,Tumor,transitional,-0.2151044803977759,-0.132291076508752,0.4409412606571882,0.943847119808197,0.943847119808197,0.1209380856278025,-0.2151044803977759,-0.132291076508752,Ridge,1.0959128289650704,0.3422332281148847,0.3576651413560119,0.30010163052910344
ATCAGGCTCCATAGCA_E15S,E15S,Tumor,exiting_hypoxia,1.2595985247721475,-0.7253437165260709,-0.0480967936141633,0.9424496293067932,0.9424496293067932,0.0749773496460571,1.2595985247721475,-0.7253437165260709,Hypoxic,0.6906826413643371,0.025575071377290752,0.26647636895293453,0.7079485596697747
AGTACCTGTTGGCCTA_E15S,E15S,Tumor Proliferating,entering_hypoxia,-0.1527490338076287,0.958797320242782,1.2170042373461682,0.9380440711975098,0.9380440711975098,0.037020638300874,-0.1527490338076287,0.958797320242782,Ridge,1.0215429380508572,0.17389474908376806,0.48635563979983804,0.3397496111163939
CCAGCCTTCACATAGT_E15S,E15S,Tumor,entering_hypoxia,-0.7363225118622074,0.5594186879079607,2.096974434484137,0.9334511756896972,0.9334511756896972,0.1029847297106325,-0.7363225118622074,0.5594186879079607,Ridge,1.0767269339917933,0.3472786932302054,0.4095691150509024,0.2431521917188922
CCTGGTTCACCTCAGT_E15S,E15S,Tumor,entering_deep_hypoxia,0.3787156586870205,0.9018326792084688,0.3266107914291166,0.9426797032356262,0.9426797032356262,0.2917690974078424,0.3787156586870205,0.9018326792084688,Ridge,0.9424097204582083,0.09634627943540747,0.47237989068920955,0.43127382987538293
ACAGGCAAGTGAGGAT_E15S,E15S,Tumor,transitional,-0.2442884373500284,0.3852105926987564,1.2854790036924653,0.9342411160469056,0.9342411160469056,0.1187860137744154,-0.2442884373500284,0.3852105926987564,Ridge,1.0862867444741164,0.2969864639270365,0.40853846770224694,0.2944750683707166
ACCCAGACACTTGCGT_E15S,E15S,Tumor,entering_hypoxia,0.2114013748052569,0.4142593471733067,2.3731630537249275,0.944059431552887,0.944059431552887,0.0845300956977468,0.2114013748052569,0.4142593471733067,Ridge,1.0440154750480597,0.1872032207066385,0.4311990923915108,0.3815976869018509
TATCATCCAACCGCTT_E15S,E15S,Tumor,transitional,-0.1227456584017678,0.3598247973484896,0.3583436312448775,0.9394550919532776,0.9394550919532776,0.2051303452303296,-0.1227456584017678,0.3598247973484896,Ridge,1.0836513312487688,0.2735274665383692,0.4122609346507724,0.3142115988108584
ACTAATGCAGGCTTGA_E15S,E15S,Tumor,transitional,0.1406835705206031,-0.0138489512981706,0.2240037856519967,0.9350448846817015,0.9350448846817015,0.1212325649613564,0.1406835705206031,-0.0138489512981706,Ridge,1.0790821030739512,0.24324109482379655,0.38811195053263736,0.36864695464356606
TCGTTCCGTCTTGACG_E15S,E15S,Tumor,transitional,-0.2495641166541763,-0.1664434365354458,0.8077078622080834,0.9428139925003052,0.9428139925003052,0.332931347525269,-0.2495641166541763,-0.1664434365354458,Ridge,1.0953105852035394,0.35176905490051946,0.3528102256086738,0.2954207194908066
AGCACGCCATAGATTG_E15S,E15S,Tumor,entering_hypoxia,-0.6168697822783916,0.5297933401668136,0.7321955891338741,0.9381388425827026,0.9381388425827026,0.2032534255870333,-0.6168697822783916,0.5297933401668136,Ridge,1.079789389646242,0.33819388921644505,0.4093381472178463,0.25246796356570866
AAAGGTTGTTGAGCGG_E15S,E15S,Tumor Proliferating,persistent_hypoxia,1.4766679858029537,0.1628351546524497,0.4866739920898714,0.9345518946647644,0.9345518946647644,0.0728730756765289,1.4766679858029537,0.1628351546524497,Hypoxic,0.6824359242198699,0.014479298919386763,0.30132061700258966,0.6842000840780236
GGGACACAGGTAGGAT_E15S,E15S,Tumor,exiting_hypoxia,-0.4272480984842744,-1.2766749946128702,2.022604573999391,0.936816155910492,0.936816155910492,0.2770061434396573,-0.4272480984842744,-1.2766749946128702,Hypoxic,1.0818685730118105,0.2753678633134133,0.30554180003687803,0.41909033664970885
GTAGGTAGTTCGCAAT_E15S,E15S,Tumor,exiting_hypoxia,-0.1562637160884088,-1.1583055797728927,0.6357879375197398,0.9447742104530334,0.9447742104530334,0.1994290223576142,-0.1562637160884088,-1.1583055797728927,Hypoxic,1.068994888824829,0.24490963698643925,0.3130631128289554,0.4420272501846053
GCCTGCAAGTGAACCC_E15S,E15S,Tumor,persistent_hypoxia,0.7118002722232651,0.3421066697941944,-0.0852842850885788,0.9372231364250184,0.9372231364250184,0.1238893482132582,0.7118002722232651,0.3421066697941944,Hypoxic,0.9268125680683228,0.08852486798511808,0.4126204080176129,0.498854723997269
TGAGCGAAGTTGGACC_E15S,E15S,Tumor,transitional,-0.1011733972132326,-0.0871565759634589,1.7592176135003863,0.9312675595283508,0.9312675595283508,0.1179728091724051,-0.1011733972132326,-0.0871565759634589,Ridge,1.0958021157161861,0.31164162495690184,0.3686366411051205,0.3197217339379777
TCCAAAGTCTATGGGC_E15S,E15S,Tumor,normoxic_stable,-1.2402387041767071,0.0189063710678821,1.6973055755579234,0.9333704710006714,0.9333704710006714,0.1653663126346272,-1.2402387041767071,0.0189063710678821,Oxygenated,1.0479971354402637,0.46007688879816416,0.33577047525488024,0.2041526359469556
CTCACATTCTAGTGTG_E15S,E15S,Tumor,exiting_hypoxia,-0.2526043957011064,-1.8164186423397597,-0.1055412970793727,0.9485960006713868,0.9485960006713868,0.1339331036398783,-0.2526043957011064,-1.8164186423397597,Hypoxic,0.9246472917288064,0.12699012898975331,0.2751267097349248,0.5978831612753218
ACCTGATGTTCGCAAT_E15S,E15S,Tumor,reverted_stable,-1.7442510321084428,-0.5954492577134707,0.4076148063988295,0.9421613216400146,0.9421613216400146,0.3485516409515135,-1.7442510321084428,-0.5954492577134707,Oxygenated,1.0724230667333137,0.43020693427193357,0.3258261422761808,0.24396692345188561
CATTTCGCATTCGGGA_E15S,E15S,Tumor,normoxic_stable,-0.6274838512881279,0.2292241248964099,1.615855715162775,0.9325414299964904,0.9325414299964904,0.1293670156045337,-0.6274838512881279,0.2292241248964099,Oxygenated,1.0777729216692935,0.3911818967642931,0.3682799661226527,0.24053813711305427
ACAGTGAGTTGGCTGC_E15S,E15S,Tumor,exiting_hypoxia,-0.0081491257302001,-1.6371968882107055,0.3033466069100549,0.9415690302848816,0.9415690302848816,0.1190370014382361,-0.0081491257302001,-1.6371968882107055,Hypoxic,0.9287299941187791,0.12630403289552186,0.2819055682987562,0.591790398805722
GCCAACTAGCTAGTGC_E15S,E15S,Tumor,entering_hypoxia,-1.3384619042944532,0.7274326827041085,0.501100961846867,0.93926739692688,0.93926739692688,0.2409158924683289,-1.3384619042944532,0.7274326827041085,Ridge,1.0649815356263443,0.3337972292221137,0.4380417571135001,0.22816101366438632
CAATGCATCTGGGATC_E15S,E15S,Tumor,normoxic_stable,-0.8954516689534097,-0.0410253285319415,-0.2143042243109143,0.9432708024978638,0.9432708024978638,0.2537410543373853,-0.8954516689534097,-0.0410253285319415,Oxygenated,1.0568456591234325,0.4514624646320326,0.33095189509527095,0.21758564027269636
CCATCGCTCCTCTCAG_E15S,E15S,Tumor,transitional,-0.1669969742534337,-0.2350273100516484,0.8456670465752744,0.9429240822792052,0.9429240822792052,0.3764710749906256,-0.1669969742534337,-0.2350273100516484,Ridge,1.0974353176719707,0.3331931533232281,0.3532064661221712,0.31360038055460077
AGTGAGTAGCCTGATA_E15S,E15S,Tumor,reverted_stable,-0.5210624752792652,-0.557345121045543,0.3872920375311587,0.9403511881828308,0.9403511881828308,0.1471001916714478,-0.5210624752792652,-0.557345121045543,Oxygenated,1.0869806369986317,0.4030514056106236,0.31593576755112457,0.28101282683825196
CCGGCAATCGATCCGG_E15S,E15S,Tumor,entering_hypoxia,-0.4512395859096254,2.484760378607427,0.8876320036123487,0.9426658749580384,0.9426658749580384,0.157106973106414,-0.4512395859096254,2.484760378607427,Ridge,0.7383504094471223,0.01048123046760904,0.547966588055653,0.4415521814767379
GCGTTATGTTGTGGCC_E15S,E15S,Tumor,persistent_hypoxia,1.8346951652929948,0.2799412507001045,-0.1754633122914395,0.9403499960899352,0.9403499960899352,0.274645544766556,1.8346951652929948,0.2799412507001045,Hypoxic,0.5823874148843219,0.004212952051198472,0.244600330888429,0.7511867170603725
GGCCAATTCAAGTAGA_E15S,E15S,Tumor,normoxic_stable,-0.4897377466042316,-0.2074101267155887,1.453006956952939,0.9366274476051332,0.9366274476051332,0.1952569108063804,-0.4897377466042316,-0.2074101267155887,Oxygenated,1.0829826865249546,0.40429806317686334,0.33498773467739834,0.26071420214573837
GGGACAATCGTAGTAT_E15S,E15S,Tumor,entering_hypoxia,-0.521377768183123,0.4406848962516262,0.4420327814480935,0.9402298927307128,0.9402298927307128,0.2889071643523866,-0.521377768183123,0.4406848962516262,Ridge,1.0830322518539528,0.3406424493128466,0.4007910729668163,0.25856647772033714
TATAGGTTCATGTAAC_E15S,E15S,Tumor Proliferating,entering_hypoxia,-0.4818163415132309,2.3737451621193872,1.4804321858164855,0.9447584748268129,0.9447584748268129,0.077248701482952,-0.4818163415132309,2.3737451621193872,Ridge,0.7511135111989506,0.014759962609585429,0.5579105056640631,0.4273295317263515
TCTGGGTAGCCGACCA_E15S,E15S,Tumor,normoxic_stable,-0.7182193392522505,0.2069553077083384,1.277134534565466,0.9389790296554564,0.9389790296554564,0.149791155363209,-0.7182193392522505,0.2069553077083384,Oxygenated,1.0724857155307728,0.4066841450329587,0.3617482182346769,0.2315676367323644
TAGGACTCATCATCAT_E15S,E15S,Tumor,entering_deep_hypoxia,0.8346760315971967,1.4824433371626289,1.492573019874314,0.9321208596229552,0.9321208596229552,0.1645266366226011,0.8346760315971967,1.4824433371626289,Hypoxic,0.7613192570187581,0.01679205220770534,0.4398174824160424,0.5433904653762522
TGATTGGTCACTTCGT_E15S,E15S,Tumor,exiting_hypoxia,0.8677343578695423,-2.144710519193043,-0.081757358961565,0.9479177594184875,0.9479177594184875,0.1716099377877482,0.8677343578695423,-2.144710519193043,Hypoxic,0.4865466125158554,0.009702931240387262,0.15635336048351647,0.8339437082760962
TGTCCTTAGAACGAAC_E15S,E15S,Tumor,entering_deep_hypoxia,1.624221613512412,1.9721042309558952,0.0525544264197635,0.9360776543617249,0.9360776543617249,0.2040585121146059,1.624221613512412,1.9721042309558952,Hypoxic,0.6005731598650873,0.000660055297576089,0.28249981540672237,0.7168401292957015
ATTGGGTCAACCCTGT_E15S,E15S,Tumor,reverted_stable,-1.083565334693552,-0.4902642012007218,2.165165252538617,0.9367444515228271,0.9367444515228271,0.2810586559774031,-1.083565334693552,-0.4902642012007218,Oxygenated,1.0538059232754122,0.4691987991517036,0.30307459282406046,0.22772660802423586
TATCCATCAGGGCCAT_E15S,E15S,Tumor,entering_hypoxia,-0.7305678979099935,0.5309127994835545,1.2983876374182894,0.9377847909927368,0.9377847909927368,0.0935387655131571,-0.7305678979099935,0.5309127994835545,Ridge,1.0769790467230915,0.35255417298670594,0.40535668437937705,0.24208914263391698
TGCACGTAGGGTTGCT_E15S,E15S,Tumor,transitional,-0.014010236811571,0.2797209550119468,0.2767226320651167,0.9533557891845704,0.9533557891845704,0.1147895018425558,-0.014010236811571,0.2797209550119468,Ridge,1.0813455607674518,0.2579145044146476,0.40901633793887643,0.333069157646476
GGACATAGTTACACAC_E15S,E15S,Tumor,exiting_hypoxia,-0.1454558585955835,-0.7745723972075464,0.4587831353333053,0.9724386930465698,0.9724386930465698,0.3115597030548907,-0.1454558585955835,-0.7745723972075464,Hypoxic,1.0946506053315475,0.30039806836816446,0.3270734538709486,0.3725284777608869
GCCTCATCATGCTTCA_E15S,E15S,Tumor,reverted_stable,-0.8247427368880639,-0.4703598259089083,1.4983823127571578,0.941380500793457,0.941380500793457,0.2663647503676601,-0.8247427368880639,-0.4703598259089083,Oxygenated,1.0645825573816037,0.45164146277317224,0.3071456919011082,0.2412128453257196
CGTTTGGGTTACACTA_E15S,E15S,Hypoxic Tumor,reverted_stable,-0.4773307166919416,-1.1485046537610049,0.4297836996051166,0.9441779255867004,0.9441779255867004,0.2126783676817422,-0.4773307166919416,-1.1485046537610049,Hypoxic,1.0935450596528198,0.31189121388207386,0.30689547297608394,0.3812133131418422
GCAAGCAAGTGCTCGG_E15S,E15S,Tumor,normoxic_stable,-1.1217830585392452,-0.2596380055921527,-0.4084047643849878,0.9444240927696228,0.9444240927696228,0.3054957221177483,-1.1217830585392452,-0.2596380055921527,Oxygenated,1.0468249197807702,0.4738758384479564,0.31326086204462816,0.2128632995074155
CTAGTTAGTTAAGCTC_E15S,E15S,Tumor,entering_deep_hypoxia,1.533374723411036,2.444926829251857,1.8252744865067203,0.9294939041137696,0.9294939041137696,0.148003217780504,1.533374723411036,2.444926829251857,Hypoxic,0.5858039810558733,0.00024086223267672077,0.2703759324018322,0.7293832053654912
GTAAGTTTCACGGAAG_E15S,E15S,Tumor,exiting_hypoxia,2.206274851656054,-1.457654757387917,-0.100503424228342,0.944873571395874,0.944873571395874,0.1196055155459807,2.206274851656054,-1.457654757387917,Hypoxic,0.3058771620146849,0.00043525062833922373,0.08981704000675211,0.9097477093649087
CACGTTGGTTCCTGAG_E15S,E15S,Tumor,entering_hypoxia,-0.2665346034462809,0.8510013295768538,2.0506778377285744,0.9296097755432128,0.9296097755432128,0.1408092386033202,-0.2665346034462809,0.8510013295768538,Ridge,1.0489307309920184,0.2144211891187251,0.4701761450508825,0.3154026658303924
AACCCACAGTCGCGCA_E15S,E15S,Tumor,exiting_hypoxia,0.4388905470767962,-0.5381579630603528,0.7223905900861843,0.9409050941467284,0.9409050941467284,0.2125973712352172,0.4388905470767962,-0.5381579630603528,Hypoxic,1.0156318954742134,0.16395176745564394,0.3533776071060648,0.4826706254382911
AAACGACAGGCGTCCA_E15S,E15S,Tumor,exiting_hypoxia,1.8318964286680828,-1.733578395229758,-0.0944830476915007,0.9470885992050172,0.9470885992050172,0.1300929947431562,1.8318964286680828,-1.733578395229758,Hypoxic,0.34564728881195556,0.0011741696316285321,0.10535032087119321,0.8934755094971784
CCACTATTCAGCAATT_E15S,E15S,Tumor,normoxic_stable,-1.0966528137601126,0.2871958466775866,1.8028605186753717,0.9395501017570496,0.9395501017570496,0.2207047817656958,-1.0966528137601126,0.2871958466775866,Oxygenated,1.059765387869087,0.4247033190466911,0.3644643339316191,0.21083234702168982
GTGAGGATCGTTCGTT_E15S,E15S,Tumor,transitional,0.1235497113785175,0.2432566799107572,1.7880168868516382,0.936961829662323,0.936961829662323,0.2180112499176058,0.1235497113785175,0.2432566799107572,Ridge,1.070021739241171,0.22744265983555492,0.41145421809294785,0.36110312207149725
AGACTGCTCCTGCGTC_E15S,E15S,Tumor Proliferating,persistent_hypoxia,1.0781940383888866,0.0113877175561844,0.5888118408355897,0.9426841139793396,0.9426841139793396,0.0926950200905989,1.0781940383888866,0.0113877175561844,Hypoxic,0.8142343335247777,0.04579408299789859,0.35214861331396724,0.602057303688134
GGCGTTGTCGCGAATC_E15S,E15S,Tumor,entering_hypoxia,-0.7849322145919765,0.7593981154894777,1.2309588660351392,0.9376578330993652,0.9376578330993652,0.1286119900734215,-0.7849322145919765,0.7593981154894777,Ridge,1.0709823289190206,0.3068437788621221,0.4409579938542381,0.25219822728363983
GTCAAATTCGTTCCGC_E15S,E15S,Tumor,entering_hypoxia,-0.416068751435245,1.367371077049187,1.3854504478155794,0.9416046142578124,0.9416046142578124,0.1661778871912481,-0.416068751435245,1.367371077049187,Ridge,0.9624810445378648,0.12601031826126016,0.5347502273260187,0.3392394544127212
TATCGGGCACCAGCTT_E15S,E15S,Tumor,normoxic_stable,-0.6996624330617321,0.1938929033440753,0.3883717770807261,0.9336283206939696,0.9336283206939696,0.1151186806286477,-0.6996624330617321,0.1938929033440753,Oxygenated,1.0731951886719377,0.40603045684636796,0.36097005604457705,0.23299948710905496
GCTTACCCATTCCTAG_E15S,E15S,Tumor,entering_deep_hypoxia,0.538193279752378,0.4909992944874373,2.3264143370627592,0.930098295211792,0.930098295211792,0.0882790734510067,0.538193279752378,0.4909992944874373,Hypoxic,0.962792202217919,0.10975548876614734,0.4339172405361026,0.4563272706977499
GTGCTATGTTGTAGTC_E15S,E15S,Tumor,normoxic_stable,-1.3606622352502813,-0.2691880374646633,1.83360829311024,0.93615061044693,0.93615061044693,0.159065015040656,-1.3606622352502813,-0.2691880374646633,Oxygenated,1.046118764488806,0.47277332700094005,0.3172521927585241,0.20997448024053586
AACATTGCAAATGGAG_E15S,E15S,Tumor,normoxic_stable,-0.4831208627261223,-0.2084405467904398,1.0242674176804534,0.9405354857444764,0.9405354857444764,0.2401236750678768,-0.4831208627261223,-0.2084405467904398,Oxygenated,1.0834374362612813,0.4030778552720728,0.33529494585134767,0.2616271988765796
TAACACTAGGGTTAGG_E15S,E15S,Tumor,normoxic_stable,-0.4876714369706824,0.0612745194930618,-0.1777484401648948,0.9422962069511414,0.9422962069511414,0.2345613572218191,-0.4876714369706824,0.0612745194930618,Oxygenated,1.0835529415568215,0.3875807160085591,0.3573980394619537,0.2550212445294872
TCGGCTGAGCGATGTC_E15S,E15S,Tumor,entering_hypoxia,0.0627959329166175,2.0386797350383388,1.162738639380159,0.937546730041504,0.937546730041504,0.0407131031812729,0.0627959329166175,2.0386797350383388,Ridge,0.774519805210932,0.019924972779979483,0.5254645274142269,0.45461049980579366
CCGTCTATCCACGGAT_E15S,E15S,Tumor Proliferating,exiting_hypoxia,-0.0124292129220631,-0.5084986747621086,2.254154204073662,0.9539414644241332,0.9539414644241332,0.2114991349032645,-0.0124292129220631,-0.5084986747621086,Hypoxic,1.0934346700757316,0.2875052970462,0.34537524558133914,0.3671194573724608
ATGGGGATCGCTCCAC_E15S,E15S,Tumor,transitional,0.1159493733770714,-0.1325102383052369,1.328712045890034,0.9338886737823486,0.9338886737823486,0.1562469282336831,0.1159493733770714,-0.1325102383052369,Ridge,1.0841651165101631,0.2551793768876854,0.3771080063155596,0.36771261679675493
ACGTTATAGATAGTGA_E15S,E15S,Tumor,persistent_hypoxia,0.2921250550516924,-0.3557093236259147,-0.1462402304701299,0.940635859966278,0.940635859966278,0.2353658938309221,0.2921250550516924,-0.3557093236259147,Hypoxic,1.0581475893593637,0.2081670664504161,0.3662355340914794,0.4255973994581045
CGTGAAAGTTCAAGGA_E15S,E15S,Tumor Proliferating,transitional,-0.3069550901844381,0.1986310120414774,0.960869613177716,0.9344919323921204,0.9344919323921204,0.0602426503780883,-0.3069550901844381,0.1986310120414774,Ridge,1.090719475621702,0.33637912722319435,0.382816886153601,0.28080398662320455
GCGGCTATCGACCGAT_E15S,E15S,Tumor,transitional,0.1477185237416475,0.2315228848880406,0.387000029998351,0.9315086007118224,0.9315086007118224,0.0692345556993066,0.1477185237416475,0.2315228848880406,Ridge,1.067665246246266,0.22247163191643293,0.4111940806303189,0.3663342874532482
GCCAAGCCATCCAACC_E15S,E15S,Tumor,entering_hypoxia,-1.2423698691996936,0.792863377336982,2.8603714615217086,0.9382985830307008,0.9382985830307008,0.1782256600444954,-1.2423698691996936,0.792863377336982,Ridge,1.0642176277320705,0.3190406283654738,0.44706216832788986,0.23389720330663638
AACCTCAAGCTTCCTG_E15S,E15S,Tumor,persistent_hypoxia,0.8857129966444043,-0.2166403782784391,0.9470400712389972,0.9422032237052916,0.9422032237052916,0.3310805348453555,0.8857129966444043,-0.2166403782784391,Hypoxic,0.8810850384276483,0.07415572992367546,0.35600189930163134,0.5698423707746931
AACTCAACAGGACTCA_E15S,E15S,Tumor,reverted_stable,-1.5379795817031725,-0.5869609086322196,1.6242623938444911,0.9382887482643129,0.9382887482643129,0.2202688551359361,-1.5379795817031725,-0.5869609086322196,Oxygenated,1.0620786506453839,0.4531983273240261,0.3127924732120747,0.23400919946389911
TGAGCAAGTTCGCTGA_E15S,E15S,Tumor,normoxic_stable,-0.9580887265446671,-0.1852332863592571,1.4798741139096987,0.9378379583358764,0.9378379583358764,0.177014587616865,-0.9580887265446671,-0.1852332863592571,Oxygenated,1.0522891839128004,0.46416141756103807,0.31874864447359624,0.21708993796536577
GTAGTCGCATCCAAGG_E15S,E15S,Tumor,entering_hypoxia,0.0160850096500816,2.4422318451186813,0.3857005218483137,0.9342979788780212,0.9342979788780212,0.0924111756583288,0.0160850096500816,2.4422318451186813,Ridge,0.7306278951868341,0.007197125742608718,0.5066820521779665,0.4861208220794247
ACGGAGGCATCCTGCG_E15S,E15S,Tumor,normoxic_stable,-0.5409177955663769,0.0493216416376055,0.9430785595796686,0.9452093839645386,0.9452093839645386,0.3817913108135922,-0.5409177955663769,0.0493216416376055,Oxygenated,1.0802722126461544,0.3981733207912838,0.35324187683323416,0.24858480237548203
CGTTCCGCAACCTCAC_E15S,E15S,Tumor,exiting_hypoxia,0.4944419951665026,-0.965232071977148,0.0775062188093435,0.9460925459861756,0.9460925459861756,0.1618157155833004,0.4944419951665026,-0.965232071977148,Hypoxic,0.9462515298156726,0.12225128582719932,0.31832079135454516,0.5594279228182555
ATGGCCCGTTGTGGTT_E15S,E15S,Tumor Proliferating,entering_deep_hypoxia,1.4210825381286285,0.540224991170546,1.779538069695357,0.93748939037323,0.93748939037323,0.0728885706532704,1.4210825381286285,0.540224991170546,Hypoxic,0.6992072183504829,0.013433342398907328,0.3288597964047674,0.6577068611963253
GCTATGATCTGGGATC_E15S,E15S,Tumor Proliferating,persistent_hypoxia,1.4133709758917763,-0.2168817046440372,0.4660878887490852,0.9369301199913024,0.9369301199913024,0.0318557160776647,1.4133709758917763,-0.2168817046440372,Hypoxic,0.6868214891835783,0.01899095904577868,0.28676235440588926,0.694246686548332
CAGCGATTCTAGCTCT_E15S,E15S,Tumor,entering_hypoxia,-1.1436127716579243,2.0837602936484383,1.0965738029104874,0.9416038990020752,0.9416038990020752,0.1473222529632457,-1.1436127716579243,2.0837602936484383,Ridge,0.8059605878780667,0.041458940875920176,0.6005051051586465,0.35803595396543325
CCCATCTGTCTCAGGC_E15S,E15S,Tumor,reverted_stable,-1.1604161069565035,-0.5079133414557272,0.6698654722815698,0.9479607939720154,0.9479607939720154,0.3611747419112073,-1.1604161069565035,-0.5079133414557272,Oxygenated,1.0529631529998185,0.47041000127695837,0.30294532792841056,0.22664467079463116
CCGTTGAGTGAGGCAT_E15S,E15S,Tumor,entering_hypoxia,0.133188634281221,1.1606369092351811,2.528152011624975,0.94139564037323,0.94139564037323,0.1088978965299526,0.133188634281221,1.1606369092351811,Ridge,0.9402893530819618,0.09817023197039637,0.502242347437315,0.3995874205922886
GTGCTTGGTTCCAGTG_E15S,E15S,Tumor,entering_hypoxia,-0.5483273617917862,0.4172132825185161,1.6674824615230082,0.93400776386261,0.93400776386261,0.1394511421696044,-0.5483273617917862,0.4172132825185161,Ridge,1.0825021823380783,0.34920111390608677,0.3962433996341052,0.254555486459808
AATTCAGCAACCAACG_E15S,E15S,Tumor,normoxic_stable,-0.788187416861545,0.3409773580185933,2.371424356537829,0.9302245378494264,0.9302245378494264,0.1551146184197373,-0.788187416861545,0.3409773580185933,Oxygenated,1.0724035268030887,0.3945698759577068,0.3761574551860794,0.2292726688562137
AAGTAAGTCCGTTAAG_E15S,E15S,Tumor,entering_deep_hypoxia,0.3895399288960567,2.116324499508135,1.4284364985544613,0.9437392950057985,0.9437392950057985,0.1700101515815333,0.3895399288960567,2.116324499508135,Hypoxic,0.7415805244752592,0.009912754223279271,0.4829411426691849,0.5071461031075358
CATTAGGTCGATGCAC_E15S,E15S,Hypoxic Tumor,exiting_hypoxia,2.313486119494657,-2.167730471733241,0.4481178416718944,0.9378344416618348,0.9378344416618348,0.6514515729604113,2.313486119494657,-2.167730471733241,Hypoxic,0.19104665969597318,6.731235948862024e-05,0.047249662177784243,0.9526830254627271
GGCTGAGGTTAGGTCT_E15S,E15S,Tumor,entering_deep_hypoxia,1.1084769382613255,1.2096691516694806,0.5468918004727373,0.934999942779541,0.934999942779541,0.0861411497598522,1.1084769382613255,1.2096691516694806,Hypoxic,0.7382896012279192,0.014009978479339056,0.39689749118519596,0.589092530335465
CCAATAGTCTAAGCAT_E15S,E15S,Tumor Proliferating,entering_hypoxia,-0.4716531571130315,1.1772894972426673,0.2087757998766195,0.9388007521629332,0.9388007521629332,0.1256976751458017,-0.4716531571130315,1.1772894972426673,Ridge,1.009244513693169,0.17168713252088383,0.5122368884017664,0.31607597907734974
AATGGCCTCAAGTATC_E15S,E15S,Tumor,transitional,-0.3331343814982869,-0.1696261935752885,1.7279124940655506,0.9296934604644777,0.9296934604644777,0.1623360562691476,-0.3331343814982869,-0.1696261935752885,Oxygenated,1.0920581244800232,0.37105937403754413,0.34717483824938583,0.28176578771307004
GTAATGTTCAGTTGGC_E15S,E15S,Tumor,exiting_hypoxia,-0.1086528153285544,-0.4151997807448583,1.055146096362805,0.9331790208816528,0.9331790208816528,0.12116633156154,-0.1086528153285544,-0.4151997807448583,Ridge,1.0979534033915117,0.3168715019980569,0.3454384526144245,0.3376900453875186
ACCATCCCACAGGACC_E15S,E15S,Tumor,entering_hypoxia,-1.0485687576207992,0.8703593477897931,0.2863828861539231,0.9419792294502258,0.9419792294502258,0.2517843571236909,-1.0485687576207992,0.8703593477897931,Ridge,1.0627234152118197,0.29605376816656803,0.4584138702256434,0.24553236160778852
TCTCGATTCGATAGTT_E15S,E15S,Tumor,transitional,-0.4153612408684299,0.0252861180162865,0.8365413381400588,0.934237003326416,0.934237003326416,0.1227082645116089,-0.4153612408684299,0.0252861180162865,Oxygenated,1.0873955109863283,0.37690391455157146,0.35825875802205004,0.26483732742637855
GTCGGCTGTAAGGGCT_E15S,E15S,Tumor,transitional,-0.3594765826173117,0.2346698852046493,1.2104329832986618,0.931789755821228,0.931789755821228,0.1420799873075068,-0.3594765826173117,0.2346698852046493,Ridge,1.0891301504773143,0.3428888192141408,0.3836360149955028,0.27347516579035636
CATCTTGCAATCCGCT_E15S,E15S,Tumor,normoxic_stable,-1.4987806236950598,-0.2481619981052264,1.443002052812577,0.937946319580078,0.937946319580078,0.2269088844314412,-1.4987806236950598,-0.2481619981052264,Oxygenated,1.0494689398723842,0.46487226166554396,0.324318630279349,0.21080910805510691
GCGGACTCAATATCTC_E15S,E15S,Tumor,persistent_hypoxia,0.4003986510686967,-0.1729745971577115,1.1244162300333058,0.9419836401939392,0.9419836401939392,0.3265179342919234,0.4003986510686967,-0.1729745971577115,Hypoxic,1.0367516740797385,0.17884131167996214,0.3814800028229601,0.43967868549707784
GCCCATAGTTCGCTTC_E15S,E15S,Tumor,entering_hypoxia,0.1841062703931163,1.8233899105550364,0.6638083508031819,0.9433704614639282,0.9433704614639282,0.2467230495849628,0.1841062703931163,1.8233899105550364,Ridge,0.7984457184610305,0.027693856248639452,0.5183778037720838,0.45392833997927684
AGAGATTGTAATCGGA_E15S,E15S,Tumor,entering_hypoxia,-0.2222584296235313,1.02731288734883,1.2221637323259726,0.9419741034507751,0.9419741034507751,0.1486690013500085,-0.2222584296235313,1.02731288734883,Ridge,1.0167931060379432,0.17117502977785942,0.49417720243701935,0.3346477677851212
GCCATGGTCATGCTCT_E15S,E15S,Tumor,reverted_stable,-1.56309263226869,-0.6265511415972822,-0.4437617268365965,0.947167694568634,0.947167694568634,0.3611181126165799,-1.56309263226869,-0.6265511415972822,Oxygenated,1.0652654419832195,0.44801216213736933,0.31336306909030665,0.2386247687723241
CCCGATAGTGAAGTTG_E15S,E15S,Tumor,reverted_stable,-0.6262678718250145,-0.8171214543433692,1.5885824908373762,0.9389466047286988,0.9389466047286988,0.2049057881559467,-0.6262678718250145,-0.8171214543433692,Oxygenated,1.0903742728184036,0.3945420875086644,0.30592252762358174,0.2995353848677538
TGTGCCAGTCTCAGGC_E15S,E15S,Tumor,persistent_hypoxia,0.3553881924509994,0.1985044691766596,-0.0582170733460135,0.943716287612915,0.943716287612915,0.1692406587655407,0.3553881924509994,0.1985044691766596,Hypoxic,1.0339584601401959,0.17313329126073482,0.41259699654167264,0.41426971219759257
AAGCTAGGTGAGCAGT_E15S,E15S,Tumor Proliferating,entering_hypoxia,-0.3330098222486419,1.288760179383004,1.208346077558479,0.9417886734008788,0.9417886734008788,0.025292917419134,-0.3330098222486419,1.288760179383004,Ridge,0.9735506913275146,0.1330749291107755,0.5251620045900081,0.3417630662992165
CAAAGCGAGCATGCCG_E15S,E15S,Tumor,normoxic_stable,-0.8422161471217172,0.3730027526857221,0.6921119033076683,0.9489566683769226,0.9489566683769226,0.4297730443155831,-0.8422161471217172,0.3730027526857221,Oxygenated,1.0710052354638195,0.3944885606086964,0.37901493393692537,0.22649650545437822
TCCCTTAGTTATCTCT_E15S,E15S,Tumor,entering_hypoxia,-0.4646943433415008,0.6658313916875231,0.3633062525234797,0.9389418959617616,0.9389418959617616,0.223534155062426,-0.4646943433415008,0.6658313916875231,Ridge,1.0757056834529353,0.2868137193154538,0.4361760100286394,0.2770102706559067
CACAATTAGATTCACG_E15S,E15S,Tumor,normoxic_stable,-0.7265830566251668,-0.1118207451980018,1.1905315570882389,0.933137595653534,0.933137595653534,0.1572841126888921,-0.7265830566251668,-0.1118207451980018,Oxygenated,1.0662672284127357,0.4380034081317274,0.3303685252436215,0.23162806662465107
GCACTAATCCAGCAAC_E15S,E15S,Tumor,reverted_stable,-0.6050785189498734,-0.9080744795684024,1.0644702547368736,0.9388546943664552,0.9388546943664552,0.3284874934674663,-0.6050785189498734,-0.9080744795684024,Oxygenated,1.0941527605098285,0.3778363846406559,0.30569785414378325,0.31646576121556075
ACTGCAATCTGGCCGA_E15S,E15S,Tumor,normoxic_stable,-0.9609320428312478,-0.2409602115565942,-0.0737102075851274,0.9396358728408812,0.9396358728408812,0.32247913499182,-0.9609320428312478,-0.2409602115565942,Oxygenated,1.05229525314416,0.4659292593339085,0.3151534773398605,0.21891726332623102
TACCTCACACTCAACC_E15S,E15S,Tumor,entering_hypoxia,-0.5670145658372763,2.036860855042189,0.8489330933070803,0.9498797059059144,0.9498797059059144,0.1715957047662725,-0.5670145658372763,2.036860855042189,Ridge,0.8087750097341346,0.03757600289992016,0.5752332850258881,0.38719071207419176
ACAGTTACAACATCGG_E15S,E15S,Tumor,transitional,-0.0848327592069015,0.1455817190406665,0.5991403365251952,0.9389045238494872,0.9389045238494872,0.2048092874175815,-0.0848327592069015,0.1455817190406665,Ridge,1.090638365468012,0.2901969286776721,0.3910463599909217,0.3187567113314063
TACCAGGCATAGACCG_E15S,E15S,Tumor,entering_hypoxia,-0.6597067225259904,0.696055086514373,1.9708458994579725,0.938188910484314,0.938188910484314,0.26475814151102,-0.6597067225259904,0.696055086514373,Ridge,1.0746609825989362,0.3080428122088622,0.43371325019906287,0.25824393759207503
TGTGTACGTGCAGCCT_E15S,E15S,Tumor,normoxic_stable,-0.5511256460377133,-0.3029663877907643,0.415674823833664,0.934245765209198,0.934245765209198,0.1650974238284561,-0.5511256460377133,-0.3029663877907643,Oxygenated,1.0795231164598982,0.4167216519223202,0.3256970009914428,0.2575813470862371
ATCTTCATCATGCGCG_E15S,E15S,Tumor Proliferating,normoxic_stable,-0.5910520027685257,0.4062227759989245,2.8249229802944464,0.9424229860305786,0.9424229860305786,0.0655495592978183,-0.5910520027685257,0.4062227759989245,Ridge,1.0811772411785308,0.3577799468398687,0.39272283832272076,0.24949721483741047
TATGCTAGTGGCGTGA_E15S,E15S,Tumor Proliferating,entering_deep_hypoxia,1.2526330727202293,1.0675160272059254,0.2344736901214368,0.939747393131256,0.939747393131256,0.0608890136030933,1.2526330727202293,1.0675160272059254,Hypoxic,0.7184298869058529,0.011858992985088268,0.37120661015703216,0.6169343968578797
GTGGGCAGTAAGCGAC_E15S,E15S,Tumor,normoxic_stable,-0.9251490303075168,-0.3927270140565259,2.0887144110137865,0.9389046430587769,0.9389046430587769,0.2463043579366043,-0.9251490303075168,-0.3927270140565259,Oxygenated,1.0565902818821225,0.4633139718578138,0.30794265998002435,0.2287433681621618
GGAGAAGGTGAAGGAG_E15S,E15S,Tumor,reverted_stable,-0.625080112677913,-0.7351267953462413,0.5444923397667191,0.939303457736969,0.939303457736969,0.2498507891023137,-0.625080112677913,-0.7351267953462413,Oxygenated,1.087235146188433,0.4045968424135343,0.30712649372024864,0.28827666386621703
GCAGGATGTTGGTTCG_E15S,E15S,Tumor,normoxic_stable,-1.0400423642565635,-0.2575475734326485,-0.1212838509507232,0.9428865313529968,0.9428865313529968,0.159126654817834,-1.0400423642565635,-0.2575475734326485,Oxygenated,1.049178263120255,0.4708271254328821,0.3134083362309687,0.21576453833614928
ATAACCACAATCGTAA_E15S,E15S,Tumor,normoxic_stable,-1.098192912600202,-0.1417353613806434,1.0714693688589565,0.9777719378471376,0.9777719378471376,0.3709565725976746,-1.098192912600202,-0.1417353613806434,Oxygenated,1.0473383654181343,0.46939480837689573,0.3208620274869408,0.2097431641361635
TGCACCCTCACACCGG_E15S,E15S,Tumor,reverted_stable,-0.5583720279808092,-0.6825126147460999,1.8419893296961771,0.9379803538322448,0.9379803538322448,0.2758195638929653,-0.5583720279808092,-0.6825126147460999,Oxygenated,1.0887553657460645,0.3992421827754056,0.3107972663105415,0.289960550914053
ACTCACTTCACACATG_E15S,E15S,Tumor,exiting_hypoxia,1.8656367391335025,-1.5806871157519504,0.1288957173656577,0.950247883796692,0.950247883796692,0.1535107474876896,1.8656367391335025,-1.5806871157519504,Hypoxic,0.3638695014418575,0.0013586432140360318,0.11346878102307016,0.8851725757628939
CAGTATTAGCCCGTCT_E15S,E15S,Tumor,normoxic_stable,-0.92742284973955,-0.1543787446316231,0.4421464006573799,0.938469171524048,0.938469171524048,0.3244743831959159,-0.92742284973955,-0.1543787446316231,Oxygenated,1.0538767392455237,0.460703133629304,0.3213914939158605,0.2179053724548355
GCGCTAACAATCAATG_E15S,E15S,Tumor,normoxic_stable,-1.6306113750241122,0.3991452860043618,1.179348378746926,0.9363787174224854,0.9363787174224854,0.1115642418937187,-1.6306113750241122,0.3991452860043618,Ridge,1.064403830109629,0.3858807451299189,0.3992992362715615,0.2148200185985196
TAAACGAAGTTGCAGC_E15S,E15S,Tumor,persistent_hypoxia,0.7648670821080797,0.0145116673858732,2.345823714930593,0.9368417859077454,0.9368417859077454,0.0734409265499061,0.7648670821080797,0.0145116673858732,Hypoxic,0.9260199942239034,0.09214819503407291,0.3842579873786272,0.5235938175872998
ACAGCCCGTGGCCATC_E15S,E15S,Tumor Proliferating,normoxic_stable,-0.5328840530826924,0.167388167482726,0.6932103435239455,0.9342631697654724,0.9342631697654724,0.0752682343017898,-0.5328840530826924,0.167388167482726,Oxygenated,1.0819432025912472,0.38412615155020585,0.36595311436202593,0.24992073408776821
GTTGCTGGTAACGCGG_E15S,E15S,Tumor,normoxic_stable,-1.5088430076374222,0.1552719662811896,0.9078447343165016,0.9444775581359864,0.9444775581359864,0.39306950790066,-1.5088430076374222,0.1552719662811896,Oxygenated,1.0552373879905326,0.43442029745894545,0.35993356663557907,0.20564613590547548
ATGCCAGCAATTAGGC_E15S,E15S,Tumor,exiting_hypoxia,-0.3363384166548989,-0.7852452450486286,2.322170695949425,0.9347441792488098,0.9347441792488098,0.1836912072695811,-0.3363384166548989,-0.7852452450486286,Oxygenated,1.0980713886661082,0.3439871788801298,0.3183072999297876,0.33770552119008246
CTTAGCGGTTAATTCG_E15S,E15S,Tumor,entering_hypoxia,-0.4249967912603852,0.4654448824495121,0.8380681988512774,0.9341586828231812,0.9341586828231812,0.072562029897685,-0.4249967912603852,0.4654448824495121,Ridge,1.084155509582178,0.31950524994690305,0.4090847397092665,0.27141001034383044
GTCCTAAAGCAAGGAT_E15S,E15S,Tumor,normoxic_stable,-0.7494574119370951,0.1578810260844197,0.2337569999309793,0.9373475909233092,0.9373475909233092,0.1563349554925266,-0.7494574119370951,0.1578810260844197,Oxygenated,1.0695677769120804,0.41686826095203466,0.35494888415923115,0.22818285488873413
GGGGTTAAGGTCACAC_E15S,E15S,Tumor,reverted_stable,-0.5779374114603213,-0.5335728099078344,1.2729234621735095,0.9402036666870116,0.9402036666870116,0.2165504949891248,-0.5779374114603213,-0.5335728099078344,Oxygenated,1.082726983891232,0.4145306525193345,0.31405802293341595,0.2714113245472496
TGCAGTCAGTATCTCC_E15S,E15S,Tumor,reverted_stable,-1.1715985647464189,-1.2501319925050551,0.0213739046057775,0.9395180344581604,0.9395180344581604,0.1485176049947779,-1.1715985647464189,-1.2501319925050551,Oxygenated,1.0961394900557697,0.35859375573538704,0.3023207348797732,0.3390855093848399
ATGCATTAGGTGAACG_E15S,E15S,Tumor,transitional,0.0994290722943868,-0.037993238473704,0.4398079161957941,0.9364071488380432,0.9364071488380432,0.2812377034429267,0.0994290722943868,-0.037993238473704,Ridge,1.0840414202652877,0.25572219895246856,0.3841445494289994,0.3601332516185321
AGGTTGGAGGGTACTC_E15S,E15S,Tumor,transitional,-0.0811667561556184,0.1917314523005064,0.0565343899874491,0.9601173400878906,0.9601173400878906,0.1040780490953075,-0.0811667561556184,0.1917314523005064,Ridge,1.089005085100001,0.28452175007181685,0.39600059871482013,0.3194776512133631
CGTTGGGTCTAACTGG_E15S,E15S,Tumor Proliferating,reverted_stable,-0.7798940088404358,-0.6288534736593814,0.9155292840471202,0.928499400615692,0.928499400615692,0.0378422798025513,-0.7798940088404358,-0.6288534736593814,Oxygenated,1.0738974467365099,0.43648917603772813,0.3039908299231883,0.2595199940390836
ATTCGGGCATGCTGCT_E15S,E15S,Hypoxic Tumor,exiting_hypoxia,1.415560058132125,-1.1767540817946696,2.3788682735039948,0.9384527802467346,0.9384527802467346,0.2652124628841971,1.415560058132125,-1.1767540817946696,Hypoxic,0.5605434903795502,0.011034931502049355,0.20139906365923654,0.787566004838714
CTCACATTCACAGCAC_E15S,E15S,Tumor,entering_hypoxia,-1.387326129927511,0.7030501258911092,0.3150536002396097,0.938962996006012,0.938962996006012,0.2038929760445572,-1.387326129927511,0.7030501258911092,Ridge,1.0649685865046512,0.33807837876760277,0.4355008687507177,0.22642075248167962
AGGCCATTCCGTGCGA_E15S,E15S,Tumor,transitional,-0.2966194731472816,-0.2698239802976632,1.1244911573431815,0.9383930563926696,0.9383930563926696,0.2148221438038765,-0.2966194731472816,-0.2698239802976632,Oxygenated,1.0944235254025216,0.3648985724875677,0.34261208943353594,0.2924893380788963
TGCCGAACAACTAGAC_E15S,E15S,Tumor,transitional,0.098603099428405,0.2883397695166858,1.1220552716052972,0.935090184211731,0.935090184211731,0.1668061714297403,0.098603099428405,0.2883397695166858,Ridge,1.0701829395883646,0.2289301009122264,0.41505360305289896,0.3560162960348747
CAGTACGCATGAAGTC_E15S,E15S,Tumor,exiting_hypoxia,-0.4103928692166167,-0.4298013969927846,1.5770916652286464,0.9375479221343994,0.9375479221343994,0.2196564161766182,-0.4103928692166167,-0.4298013969927846,Oxygenated,1.0906798848974297,0.38783249297506156,0.3268572243854946,0.28531028263944386
TCTCACTAGTATGGAA_E15S,E15S,Tumor,transitional,-0.0920113173411531,-0.317542142026847,-0.2416635687021406,0.938313901424408,0.938313901424408,0.2430136613220786,-0.0920113173411531,-0.317542142026847,Ridge,1.0975221109985565,0.31421867774012685,0.35233008014201006,0.333451242117863
AACGGATAGGATGCCT_E15S,E15S,Hypoxic Tumor,exiting_hypoxia,0.4175958763076053,-0.8302258992825804,2.30835023677385,0.942212164402008,0.942212164402008,0.2390356608711864,0.4175958763076053,-0.8302258992825804,Hypoxic,0.992358076650594,0.15083091123711867,0.33191714632606995,0.5172519424368114
CCGTGCAAGGCGTACT_E15S,E15S,Tumor,persistent_hypoxia,1.0050587258909782,0.2510754136630458,-0.0942416191535726,0.9439683556556702,0.9439683556556702,0.0589224547464816,1.0050587258909782,0.2510754136630458,Hypoxic,0.8360628281965982,0.04965922334788035,0.3776102592829535,0.5727305173691661
TGCGACCGTCCATCCT_E15S,E15S,Tumor,normoxic_stable,-1.1645282370136156,-0.2486331546848687,0.6136649723401654,0.9480594396591188,0.9480594396591188,0.4213379424087353,-1.1645282370136156,-0.2486331546848687,Oxygenated,1.045909926627689,0.4745541106350569,0.314203156980264,0.21124273238467897
CAGGAACGTCAATGTC_E15S,E15S,Tumor,normoxic_stable,-0.8019811357674346,0.0028273576954043,0.690372441780224,0.935476303100586,0.935476303100586,0.2018571550207378,-0.8019811357674346,0.0028273576954043,Oxygenated,1.0629340570985637,0.4389940776159587,0.3373740871355656,0.22363183524847574
GTAATCACATAACCGG_E15S,E15S,Tumor,entering_deep_hypoxia,0.934913196271156,0.4220437192285244,0.3121275151710659,0.93391090631485,0.93391090631485,0.0756085260817576,0.934913196271156,0.4220437192285244,Hypoxic,0.8500590132796797,0.05255020912987395,0.39657708136401154,0.5508727095061146
CTTATGGAGTCAAGCC_E15S,E15S,Tumor,entering_hypoxia,-0.24041272614171,1.074725425443985,-0.0297077145524463,0.9392903447151184,0.9392903447151184,0.2235664290788191,-0.24041272614171,1.074725425443985,Ridge,1.0097469045155891,0.1642679238185903,0.4999214334065829,0.3358106427748268
CCGCAATAGCAGTCTA_E15S,E15S,Tumor,normoxic_stable,-0.6906377188309026,-0.0939236587834355,-0.2620198486374354,0.940475046634674,0.940475046634674,0.248413262268154,-0.6906377188309026,-0.0939236587834355,Oxygenated,1.0688591387767676,0.43222563698376315,0.33324171830373495,0.23453264471250188
CGTGATTGTTTCGAGT_E15S,E15S,Tumor Proliferating,entering_deep_hypoxia,0.6367143269563246,0.7788437619868619,1.2766820971852002,0.9442013502120972,0.9442013502120972,0.0363354659672403,0.6367143269563246,0.7788437619868619,Hypoxic,0.8994046682269651,0.07094719794712989,0.4471806481772456,0.4818721538756243
TCACGGGTCGATTAAC_E15S,E15S,Tumor,transitional,-0.4179388836180313,0.0183720088589518,1.3143295271792772,0.93733549118042,0.93733549118042,0.265298834734966,-0.4179388836180313,0.0183720088589518,Oxygenated,1.0872504829845708,0.37799679271771475,0.35745361548895066,0.2645495917933346
CAGCAAAGTTCCTTCA_E15S,E15S,Tumor,transitional,-0.0641091584528853,0.2254458309104592,0.0120846059502127,0.9401999711990356,0.9401999711990356,0.2317033259214339,-0.0641091584528853,0.2254458309104592,Ridge,1.0869580267117456,0.2765843896686693,0.4005254888287748,0.32289012150255586
CGTAAATTCCAGGGTT_E15S,E15S,Tumor,entering_hypoxia,-1.4035139121245364,1.6089904757199756,0.9977428006553823,0.9444610476493835,0.9444610476493835,0.173300691591345,-1.4035139121245364,1.6089904757199756,Ridge,0.9211223423954928,0.11106311903436351,0.5827965162047157,0.30614036476092077
GGCTGGTCAAGCTCCT_E15S,E15S,Tumor,transitional,0.2728275383848007,0.0566619631503418,0.0397341479086616,0.93818598985672,0.93818598985672,0.1637469228269151,0.2728275383848007,0.0566619631503418,Ridge,1.0574964559599924,0.20378257844541786,0.3987682635106401,0.3974491580439421
CGCCTAGAGTAAGCCC_E15S,E15S,Tumor,entering_hypoxia,0.2274522234083769,2.497423080962039,1.0901358941420454,0.9437643885612488,0.9437643885612488,0.1513352712792133,0.2274522234083769,2.497423080962039,Hypoxic,0.7179282243176177,0.004498829331242093,0.4765801777836287,0.5189209928851292
TCTATCTGTTGGTGCC_E15S,E15S,Tumor,transitional,-0.2983690183745445,0.3008514585574777,1.2991878786381998,0.9336689114570618,0.9336689114570618,0.0949169692916153,-0.2983690183745445,0.3008514585574777,Ridge,1.0891109554853982,0.3210852221110904,0.3950989413291003,0.2838158365598093
AACCCAGCATCCTTAG_E15S,E15S,Tumor,normoxic_stable,-0.6249601178813982,0.1941749549148678,0.4027714937478818,0.9391115307807922,0.9391115307807922,0.2292549176625763,-0.6249601178813982,0.1941749549148678,Oxygenated,1.0773170862985808,0.39551149154637627,0.36429998809322905,0.24018852036039473
GTGCTAATCACGTACA_E15S,E15S,Tumor,normoxic_stable,-0.8240503251052389,-0.3460184051935583,0.0957031724330762,0.936548352241516,0.936548352241516,0.2114003784397681,-0.8240503251052389,-0.3460184051935583,Oxygenated,1.0611916445360374,0.4547228684196104,0.31235800069270764,0.232919130887682
CTCAGTTTCACTGGGT_E15S,E15S,Tumor Proliferating,exiting_hypoxia,-0.0639224631706237,-0.6428026284129679,1.3199010549577883,0.9450670480728148,0.9450670480728148,0.0598932233930323,-0.0639224631706237,-0.6428026284129679,Hypoxic,1.0938753411762279,0.2923949085173294,0.3361484491391783,0.37145664234349224
GTCTTAAGTTTCGTAA_E15S,E15S,Tumor,normoxic_stable,-1.1751053647046026,-0.4053690632358123,1.7917542019040995,0.9357634782791138,0.9357634782791138,0.1414215496712899,-1.1751053647046026,-0.4053690632358123,Oxygenated,1.048800131185059,0.4744287331790551,0.3065926429808974,0.21897862384004754
TAAGGGGTCGTGAGGA_E15S,E15S,Tumor,exiting_hypoxia,1.3343881465551437,-2.3110820389995568,0.0744769562624081,0.941355049610138,0.941355049610138,0.143797330776864,1.3343881465551437,-2.3110820389995568,Hypoxic,0.3395817819634957,0.0017683761961552655,0.10078097559128046,0.8974506482125642
CACTGGGTCACGGATC_E15S,E15S,Tumor Proliferating,persistent_hypoxia,0.3674949774143224,0.2396806390898771,1.46085200656059,0.9322845935821532,0.9322845935821532,0.0184592761482235,0.3674949774143224,0.2396806390898771,Hypoxic,1.0285211946010788,0.167035428266904,0.41631361425818963,0.4166509574749063
CGTTTCACATGATAGC_E15S,E15S,Tumor,persistent_hypoxia,0.6810808062986031,-0.0742659842405368,0.597501181939578,0.979783296585083,0.979783296585083,0.3169347124740228,0.6810808062986031,-0.0742659842405368,Hypoxic,0.9555251771170716,0.11059343925151999,0.3825376386633175,0.5068689220851624
AGACTGCTCCGTAGTA_E15S,E15S,Tumor,normoxic_stable,-1.499567863516537,-0.4047169695462852,0.8339608821014742,0.9399270415306092,0.9399270415306092,0.3679308073223078,-1.499567863516537,-0.4047169695462852,Oxygenated,1.0527463411709985,0.4646912120516521,0.3164698813635995,0.21883890658474842
GCGTCAACATTGCACC_E15S,E15S,Tumor,reverted_stable,-1.0391753113124105,-1.276569929886715,0.0907255629005147,0.9456439018249512,0.9456439018249512,0.1899330306492492,-1.0391753113124105,-1.276569929886715,Hypoxic,1.0962274189528654,0.34779329682144816,0.30110818875181683,0.351098514426735
CATCCCTGTAAGTCAG_E15S,E15S,Tumor,reverted_stable,-0.6783421545922407,-0.5238700760056216,0.3890821407678179,0.9418234825134276,0.9418234825134276,0.3641382401762801,-0.6783421545922407,-0.5238700760056216,Oxygenated,1.0758029542948329,0.43075867568221843,0.3101482082373241,0.2590931160804575
AACGCTATCATGGCGT_E15S,E15S,Tumor,transitional,0.2481890143136991,-0.3244304085669423,-0.3223072381718206,0.9458746314048768,0.9458746314048768,0.3270344618905388,0.2481890143136991,-0.3244304085669423,Hypoxic,1.0666633386155067,0.2206360895999155,0.3675081813995622,0.41185572900052225
CTTCTGGTCTAGTCGA_E15S,E15S,Tumor,entering_hypoxia,-1.3419853329925209,0.8189722409303168,1.9626604014297837,0.937908172607422,0.937908172607422,0.2702841064380661,-1.3419853329925209,0.8189722409303168,Ridge,1.0617362751795787,0.31060084366196217,0.4546615620583826,0.23473759427965515
CAAGGCAAGTACGGCT_E15S,E15S,Tumor,exiting_hypoxia,0.5394068905794573,-0.4792817635290816,-0.2010085247274127,0.9421660900115968,0.9421660900115968,0.3571331491885972,0.5394068905794573,-0.4792817635290816,Hypoxic,0.9899086283904315,0.1413460233335688,0.355771792535667,0.5028821841307642
CGATGGGGTTATCTCT_E15S,E15S,Hypoxic Tumor,exiting_hypoxia,1.5718314812626892,-1.8495346752493385,2.517085758114174,0.9414804577827454,0.9414804577827454,0.4991028097686163,1.5718314812626892,-1.8495346752493385,Hypoxic,0.38372604345698186,0.0023428816209257754,0.12028737825691095,0.8773697401221634
CGTGAGGGTTGGAGTA_E15S,E15S,Tumor,normoxic_stable,-1.143799164507044,0.1439605677255266,0.6008368845178879,0.9393331408500672,0.9393331408500672,0.3513664019736158,-1.143799164507044,0.1439605677255266,Oxygenated,1.053203733932588,0.4460478276904562,0.3473552302390451,0.20659694207049872
ACCCAACAGCTTAGTG_E15S,E15S,Tumor,exiting_hypoxia,0.0100418948123278,-0.7906825943326878,0.0216867609708628,0.9380497336387634,0.9380497336387634,0.1482686097924485,0.0100418948123278,-0.7906825943326878,Hypoxic,1.0815555828161658,0.25878518099665176,0.3321503334191635,0.40906448558418484
CGAGCCATCACTTCCG_E15S,E15S,Tumor,entering_hypoxia,-1.442309423050896,0.8188379194439439,1.919589940379273,0.941309094429016,0.941309094429016,0.1954334548473552,-1.442309423050896,0.8188379194439439,Ridge,1.060221947115947,0.30668647555278467,0.4585478627677432,0.2347656616794721
ACTCTGTTCCAATGCA_E15S,E15S,Tumor,entering_hypoxia,-0.0790136685420418,2.0128583354956566,1.502414434600162,0.9433905482292176,0.9433905482292176,0.132503081272534,-0.0790136685420418,2.0128583354956566,Ridge,0.7881579098965874,0.025388776075347202,0.5400458568696451,0.4345653670550077
CCCTTAACATTGCCAC_E15S,E15S,Tumor,normoxic_stable,-0.670550358621915,-0.2221934177610182,0.4780116439059648,0.9445626735687256,0.9445626735687256,0.2454419346246038,-0.670550358621915,-0.2221934177610182,Oxygenated,1.0701183090425483,0.43467038664627344,0.32486922707026966,0.24046038628345684
CAAGCGGGTGACGACG_E15S,E15S,Tumor,persistent_hypoxia,0.8178205837644115,-0.2174399173673047,0.1181176548556784,0.9335683584213256,0.9335683584213256,0.1017311235708289,0.8178205837644115,-0.2174399173673047,Hypoxic,0.906257969988769,0.08572674031389613,0.36185530122880494,0.5524179584572989
GCATAGCTCATGACGC_E15S,E15S,Tumor,exiting_hypoxia,0.3345374350803566,-0.4298105782598115,0.1906497286116213,0.93988436460495,0.93988436460495,0.2661606454215819,0.3345374350803566,-0.4298105782598115,Hypoxic,1.0472466108692067,0.19507041182524892,0.36148340801611784,0.44344618015863313
CAATCCTTCCGTTGGG_E15S,E15S,Tumor,entering_deep_hypoxia,0.6352413149031375,0.6395226154422284,0.8358112032774799,0.9405193328857422,0.9405193328857422,0.172136074325048,0.6352413149031375,0.6395226154422284,Hypoxic,0.9184143076631122,0.08164579649474982,0.4387277339772107,0.47962646952803945
CATAGCGCATCAATTC_E15S,E15S,Tumor,normoxic_stable,-1.128016030229246,-0.1946871293076257,0.0053603381768298,0.944692850112915,0.944692850112915,0.3417226577019708,-1.128016030229246,-0.1946871293076257,Oxygenated,1.0464033043915597,0.4723999172600277,0.3172961017471147,0.21030398099285766
TACAGCCAGTAAGGAC_E15S,E15S,Tumor,entering_hypoxia,0.0109381897373919,2.507423095355214,0.9058795724576753,0.9474318623542786,0.9474318623542786,0.1153178405620769,0.0109381897373919,2.507423095355214,Ridge,0.7255265634948471,0.005978893691553047,0.5018133721445648,0.49220773416388214
TAATGGGGTTAATCCA_E15S,E15S,Tumor,normoxic_stable,-0.6715936843414884,-0.0779242055401155,1.2431671434136515,0.9362086653709412,0.9362086653709412,0.1473245856002454,-0.6715936843414884,-0.0779242055401155,Oxygenated,1.07030264699141,0.4286038597270505,0.3353595341114184,0.23603660616153116
ACATCCGGTCTTGGAT_E15S,E15S,Tumor,entering_hypoxia,0.1454876015280905,1.5469883120908516,0.7885610384549894,0.943737804889679,0.943737804889679,0.1643945660222474,0.1454876015280905,1.5469883120908516,Ridge,0.8554726623368176,0.05134998689117983,0.5207572458865292,0.4278927672222909
CACCGTAGTGCATCCA_E15S,E15S,Tumor,exiting_hypoxia,1.1294555257341627,-0.6500869092172857,0.0450284848875116,0.9377383589744568,0.9377383589744568,0.1321749834347515,1.1294555257341627,-0.6500869092172857,Hypoxic,0.750458126641524,0.037762899636462365,0.2909208427851186,0.671316257578419
GGGACACAGGAGCTTC_E15S,E15S,Tumor,entering_deep_hypoxia,0.4061975193763422,1.353586198747937,1.144710353879104,0.9366053342819214,0.9366053342819214,0.1400012914696076,0.4061975193763422,1.353586198747937,Ridge,0.8532359645925464,0.048615713324036934,0.4930334713944209,0.4583508152815423
TCGCGGATCCAGCCCT_E15S,E15S,Tumor,normoxic_stable,-1.596426552647499,-0.3141184257335543,1.7113823985734946,0.9375247359275818,0.9375247359275818,0.2972902414202901,-1.596426552647499,-0.3141184257335543,Oxygenated,1.0545160439693855,0.4573184364201843,0.3261348251247755,0.21654673845504008
TCCTTTGGTTCGCAAT_E15S,E15S,Tumor,entering_hypoxia,-1.164348131724097,0.5625813576793174,1.5343700681983792,0.9385303258895874,0.9385303258895874,0.2247610658267265,-1.164348131724097,0.5625813576793174,Ridge,1.0671802864634832,0.3738316142372064,0.4056973799983912,0.22047100576440237
AACGTTGTCTATGCTC_E15S,E15S,Tumor,entering_hypoxia,-0.4795159587938275,2.771504446144581,1.1944667939405798,0.9497228860855104,0.9497228860855104,0.1701769586902713,-0.4795159587938275,2.771504446144581,Ridge,0.7170286246849096,0.004410561992621982,0.5240365280692971,0.47155290993808086
CAGCGCATCAGGACGA_E15S,E15S,Tumor,persistent_hypoxia,0.4226676673866042,0.2737072625131502,-0.0218898539623648,0.9439075589179992,0.9439075589179992,0.2036312616250881,0.4226676673866042,0.2737072625131502,Hypoxic,1.0133000570416983,0.15142882176185515,0.4190665007846807,0.4295046774534641
GCGTGCATCCATTGAG_E15S,E15S,Tumor Proliferating,persistent_hypoxia,2.306854472304615,0.3638928252464321,0.2573674341356603,0.9358500838279724,0.9358500838279724,0.033672457195146,2.306854472304615,0.3638928252464321,Hypoxic,0.45918288438443894,0.0006499955939850619,0.1687403530662733,0.8306096513397416
ACATCCTTCAGCTCGG_E15S,E15S,Tumor,reverted_stable,-0.705801724180001,-0.6053142787357755,0.0507361053359533,0.9420421719551086,0.9420421719551086,0.3832865146846556,-0.705801724180001,-0.6053142787357755,Oxygenated,1.0772098850465657,0.4290219095695784,0.30684655283014145,0.2641315376002802
TACGATTAGTATGATC_E15S,E15S,Tumor,normoxic_stable,-1.613463452740938,-0.1817655325394632,-0.193566514197964,0.9418678283691406,0.9418678283691406,0.2776906071243426,-1.613463452740938,-0.1817655325394632,Oxygenated,1.0538538167137248,0.4529176701019364,0.33529414025421495,0.21178818964384863
GTTCCACCACTTGATT_E15S,E15S,Tumor,persistent_hypoxia,0.9797884748988792,0.1988514289459104,0.150960688718282,0.941749632358551,0.941749632358551,0.2357753394105614,0.9797884748988792,0.1988514289459104,Hypoxic,0.8464973176299277,0.05407820881341583,0.3772128031653563,0.5687089880212278
ATTGGTTAGTAGACTT_E15S,E15S,Tumor,exiting_hypoxia,0.1219615714150875,-0.7403675235197147,0.7829688919974999,0.9385772347450256,0.9385772347450256,0.3137775632157975,0.1219615714150875,-0.7403675235197147,Hypoxic,1.069819895483527,0.23425781480622584,0.33778203277630825,0.427960152417466
AGGTTGCTCACCCTAT_E15S,E15S,Tumor,entering_hypoxia,-1.5044925793255646,0.6119570342209162,0.2303938541614672,0.9441098570823668,0.9441098570823668,0.3023660053878296,-1.5044925793255646,0.6119570342209162,Ridge,1.0652217699624709,0.35306943406217745,0.4251626812713986,0.22176788466642405
CGTGATGCATGCTACC_E15S,E15S,Tumor,entering_hypoxia,-1.0261588481221398,1.7859085166140558,2.4686136710545923,0.9435620903968812,0.9435620903968812,0.1029711144762894,-1.0261588481221398,1.7859085166140558,Ridge,0.8796727987151496,0.07917215116693167,0.5871476705007247,0.33368017833234354
AGGCACGGTTAGGTCT_E15S,E15S,Tumor,entering_deep_hypoxia,0.6107802580912934,1.6883223802598817,1.2983717469996574,0.9415015578269958,0.9415015578269958,0.0916625237047822,0.6107802580912934,1.6883223802598817,Hypoxic,0.7692759522329242,0.017828714037303565,0.46918083383554476,0.5129904521271517
AACACCGCAATCAGTA_E15S,E15S,Tumor Proliferating,exiting_hypoxia,0.4567985994812588,-0.9295425191836064,1.547593654752072,0.9333764910697936,0.9333764910697936,0.0200258893538049,0.4567985994812588,-0.9295425191836064,Hypoxic,0.9650569367068396,0.13341940743207975,0.32288139324065485,0.5436991993272655
CTATCGCCAAACCACG_E15S,E15S,Tumor,normoxic_stable,-1.347512031804278,0.3736121366864613,0.0709772038365903,0.9434190392494202,0.9434190392494202,0.2967659398434866,-1.347512031804278,0.3736121366864613,Oxygenated,1.0605983719605598,0.40973096313603546,0.3809316656357497,0.20933737122821483
ACAAGCCTCAGCTCAA_E15S,E15S,Tumor,reverted_stable,-1.4146394972350824,-0.855959051991481,-0.2167652891766837,0.9426513314247132,0.9426513314247132,0.1692059170146593,-1.4146394972350824,-0.855959051991481,Oxygenated,1.0760159144737684,0.43207505997095025,0.3048012765882318,0.26312366344081795
GTTGCATGTAGCTCGC_E15S,E15S,Tumor,entering_hypoxia,-0.3455325163181739,2.125099763357145,1.103993790640098,0.9409084916114808,0.9409084916114808,0.1100747417635893,-0.3455325163181739,2.125099763357145,Ridge,0.783508812565019,0.025466814961883976,0.5589998256271077,0.41553335941100833
AGCACGTTCCCGTAGG_E15S,E15S,Tumor,normoxic_stable,-1.1961858276707298,0.2081958648548086,1.4972831311381571,0.9407222270965576,0.9407222270965576,0.2552117646401643,-1.1961858276707298,0.2081958648548086,Oxygenated,1.0548605580052541,0.4382563038127813,0.355398218960062,0.20634547722715654
CCTTCGATCGCTAGTA_E15S,E15S,Tumor,entering_hypoxia,-0.1514269435165135,2.90986718616455,-0.0579186982132309,0.9203346371650696,0.9203346371650696,0.2399583224837938,-0.1514269435165135,2.90986718616455,Hypoxic,0.7053274472407195,0.0020082101638420726,0.47773725361548325,0.5202545362206747
ACCCTCATCGATGATT_E15S,E15S,Tumor,entering_hypoxia,-0.5171713577709052,0.6800348145489282,1.4593309123237084,0.9383826851844788,0.9383826851844788,0.1799534264337019,-0.5171713577709052,0.6800348145489282,Ridge,1.0754042553439949,0.29196703728137025,0.43623510426341366,0.27179785845521603
TCGCAATGTTGTAGCT_E15S,E15S,Tumor,entering_hypoxia,-0.4256796903772488,0.6814357318230447,0.5103909450858426,0.9373674392700196,0.9373674392700196,0.0651905493810913,-0.4256796903772488,0.6814357318230447,Ridge,1.0740086641225612,0.2771090018568876,0.44012149134128237,0.28276950680183005
ATGATGTTCTAGTGAT_E15S,E15S,Tumor,entering_hypoxia,0.0605925575335047,0.4173794000729092,0.5880915276068546,0.943076491355896,0.943076491355896,0.1319256344710397,0.0605925575335047,0.4173794000729092,Ridge,1.065111865754357,0.222433565611985,0.4273242474010761,0.350242186986939
TCCCTGATCATGTCGA_E15S,E15S,Tumor,entering_deep_hypoxia,1.6553052343542285,0.8001624908574158,0.1281516119396982,0.9375008344650269,0.9375008344650269,0.0950325698726858,1.6553052343542285,0.8001624908574158,Hypoxic,0.6351109589967069,0.004988184416760337,0.29370306771955146,0.7013087478636882
TCTATTGTCATCTACC_E15S,E15S,Tumor,persistent_hypoxia,0.5804065672814257,0.0150548617589575,0.8412990246069543,0.943006157875061,0.943006157875061,0.3591040151058084,0.5804065672814257,0.0150548617589575,Hypoxic,0.9854028594410216,0.12986802468079947,0.39410359266515793,0.4760283826540425
CTACTCACATAACGAC_E15S,E15S,Tumor,exiting_hypoxia,-0.3877152504755453,-0.9321631527168064,1.2086994487342375,0.9413418173789978,0.9413418173789978,0.3512270734525916,-0.3877152504755453,-0.9321631527168064,Hypoxic,1.0974156616954451,0.3342294242475095,0.31294787659512013,0.3528226991573703
ACAACCTGTGCAACCC_E15S,E15S,Tumor,normoxic_stable,-0.7431610334869915,0.2441087319680964,2.7648516550001614,0.9382094144821168,0.9382094144821168,0.1167984570088751,-0.7431610334869915,0.2441087319680964,Oxygenated,1.072084858559002,0.4045717521919859,0.36525401395342855,0.23017423385458557
GCGGTTACAATGACGT_E15S,E15S,Tumor,transitional,0.1117670991627251,0.3937685282340296,0.3776269126740726,0.9542428851127625,0.9542428851127625,0.1873819463418849,0.1117670991627251,0.3937685282340296,Ridge,1.0607812745341716,0.21328670683933834,0.4265580040141363,0.36015528914652545
CTCTATATCTGGCAAC_E15S,E15S,Tumor,reverted_stable,-1.023667904567462,-0.4868540583596102,0.5296058371865529,0.9406285285949708,0.9406285285949708,0.32822549299424,-1.023667904567462,-0.4868540583596102,Oxygenated,1.0555488826035473,0.46665944121993613,0.3033346362843198,0.23000592249574403
GTAAAGGCATCCCGAT_E15S,E15S,Tumor,entering_hypoxia,-0.0490868824232246,1.1267898105790188,2.484019603395511,0.9385465979576112,0.9385465979576112,0.1267363570375896,-0.0490868824232246,1.1267898105790188,Ridge,0.9758555651138485,0.12770245595779856,0.5045466910912385,0.3677508529509629
TCATCATCACAAGCTG_E15S,E15S,Tumor,exiting_hypoxia,-0.3277417647679556,-0.4905925241408041,1.5975546207665814,0.934735894203186,0.934735894203186,0.1924189868462304,-0.3277417647679556,-0.4905925241408041,Oxygenated,1.0955328631235026,0.3674722621534796,0.32881981373283353,0.30370792411368697
AAGTGGACAATACAGC_E15S,E15S,Tumor,exiting_hypoxia,-0.1396786561915764,-0.6184339151912774,0.5432380171286035,0.9378445744514464,0.9378445744514464,0.0897535011044985,-0.1396786561915764,-0.6184339151912774,Hypoxic,1.097500409230232,0.31395716429881393,0.333603710059616,0.35243912564157015
GGATGCTTCGTCTATC_E15S,E15S,Tumor,transitional,-0.2542970707904553,0.3966997815897961,0.3796556224402893,0.935839295387268,0.935839295387268,0.1155088397353818,-0.2542970707904553,0.3966997815897961,Ridge,1.0859970552829252,0.2973413624728612,0.40940294058105614,0.29325569694608267
GGTTAGCTCGCTCGTC_E15S,E15S,Tumor,normoxic_stable,-0.7805316853075234,-0.0154540847483539,1.6260120815722574,0.9325428605079652,0.9325428605079652,0.1428174685142211,-0.7805316853075234,-0.0154540847483539,Oxygenated,1.063908660114102,0.4381133474228215,0.3364250161579711,0.2254616364192074
CCCAACCTCTATGACG_E15S,E15S,Tumor,entering_hypoxia,-1.2486580565404215,0.5197931595341748,-0.2013463545482595,0.9459927678108216,0.9459927678108216,0.2572625407925989,-1.2486580565404215,0.5197931595341748,Ridge,1.0653440073194962,0.3832097937711755,0.4002786771694411,0.21651152905938342
ACCAATTAGCGGTCTG_E15S,E15S,Tumor,normoxic_stable,-1.316993514912089,-0.2679636879732036,0.8433722487300087,0.9548966884613036,0.9548966884613036,0.4078261755232945,-1.316993514912089,-0.2679636879732036,Oxygenated,1.045565785231637,0.4741012879839385,0.3159697028214335,0.20992900919462795
TCTGTGAAGTACCATG_E15S,E15S,Tumor Proliferating,entering_hypoxia,-0.6937802914404658,1.0734794114871309,1.97837398316922,0.9449815154075624,0.9449815154075624,0.1102427738979545,-0.6937802914404658,1.0734794114871309,Ridge,1.0386452923201115,0.2194053555201554,0.4952561555165142,0.2853384889633304
GTTCATTCATCCAATT_E15S,E15S,Tumor,entering_hypoxia,-1.45260929833605,0.4193778117628144,1.2206611999615269,0.9399753212928772,0.9399753212928772,0.3103992143066452,-1.45260929833605,0.4193778117628144,Oxygenated,1.0625463078699326,0.39646814647280265,0.391910320396704,0.21162153313049342
TCGAATGTCCATTGAG_E15S,E15S,Tumor,entering_hypoxia,-0.6977435989773128,1.0200656862568085,0.0828163556138614,0.9444150924682616,0.9444150924682616,0.1900747732937015,-0.6977435989773128,1.0200656862568085,Ridge,1.046544116137425,0.2332235286925121,0.48651957670061574,0.2802568946068722
TCGTCAAAGGAGTAGT_E15S,E15S,Tumor,entering_hypoxia,0.1337360026873246,0.4693928411244046,0.3649013623128417,0.939205288887024,0.939205288887024,0.114511613087348,0.1337360026873246,0.4693928411244046,Ridge,1.0508861732355332,0.19846732460374858,0.43521215685377407,0.3663205185424773
AATCGCATCCCTCGAC_E15S,E15S,Tumor,normoxic_stable,-0.6874865993082679,-0.3093891041771182,1.3015643953298257,0.942204773426056,0.942204773426056,0.3263346723343927,-0.6874865993082679,-0.3093891041771182,Oxygenated,1.0697538929307577,0.4381440990315097,0.31898036810292807,0.24287553286556218
CCGCCTTAGTCAGTAT_E15S,E15S,Tumor,exiting_hypoxia,1.4477558552501684,-0.863069643033851,0.369009298945784,0.9328318238258362,0.9328318238258362,0.1003841831315865,1.4477558552501684,-0.863069643033851,Hypoxic,0.6034725930382969,0.01343529263221814,0.22706932795033188,0.7594953794174499
ACCTGGACATGACCAG_E15S,E15S,Tumor,persistent_hypoxia,1.052547860460202,0.2175187769091918,0.5593182907982172,0.9433781504631042,0.9433781504631042,0.3619569058588774,1.052547860460202,0.2175187769091918,Hypoxic,0.8210384726337022,0.045083463029192195,0.3694730309887124,0.5854435059820954
CGGTTATGTTAGGGTA_E15S,E15S,Tumor,transitional,-0.2675919986605808,0.1480614036742222,0.8221277187558116,0.9347272515296936,0.9347272515296936,0.1497227906001361,-0.2675919986605808,0.1480614036742222,Ridge,1.0920714035617705,0.3335000274368703,0.3798610285395545,0.2866389440235752
CAATTTCCACTAGGCA_E15S,E15S,Tumor,entering_deep_hypoxia,1.586911143345623,1.8761163027929275,1.2494990846789855,0.933229386806488,0.933229386806488,0.1022225387321483,1.586911143345623,1.8761163027929275,Hypoxic,0.6126799628662019,0.000940245717504641,0.2937946650746493,0.7052650892078461
GTGGTAAGTAAGCGAC_E15S,E15S,Tumor,reverted_stable,-1.70535642731126,-0.4088728335280017,0.7311094499763507,0.9417552947998048,0.9417552947998048,0.3785448365045406,-1.70535642731126,-0.4088728335280017,Oxygenated,1.0626802090327696,0.444208929556226,0.3290590986956332,0.22673197174814086
ACTTCTATCCATAGAT_E15S,E15S,Tumor,reverted_stable,-1.0323492987289995,-0.5966408524893383,0.3119429058398055,0.9404368996620178,0.9404368996620178,0.3537934844824849,-1.0323492987289995,-0.5966408524893383,Oxygenated,1.060526663400594,0.4604142793911775,0.3004689421602081,0.23911677844861437
GCGATGAAGAAGGTTA_E15S,E15S,Tumor,transitional,0.2228054373029325,0.2906656507840949,1.804564211590139,0.9319093823432922,0.9319093823432922,0.0877233654941836,0.2228054373029325,0.2906656507840949,Ridge,1.0525533834830758,0.1977891521609221,0.419227327236142,0.3829835206029359
TGCTCCGCAACGGTAT_E15S,E15S,Tumor,persistent_hypoxia,1.4168790630969037,-0.071527912223794,1.2944807089222834,0.931061863899231,0.931061863899231,0.0429507415030476,1.4168790630969037,-0.071527912223794,Hypoxic,0.6937377162960802,0.01857089756389778,0.2965587517514506,0.6848703506846516
AGCCGTTAGGCGTCTG_E15S,E15S,Tumor,entering_hypoxia,-1.001063400944487,0.9876525830646438,-0.0031289711019909,0.944238305091858,0.944238305091858,0.2052249936701438,-1.001063400944487,0.9876525830646438,Ridge,1.0531382926286403,0.2631108772905797,0.4793710295766519,0.25751809313276836
GCGTTTGGTTAATCTG_E15S,E15S,Tumor,normoxic_stable,-1.2816688804778809,0.0376209268827634,1.6541733156560954,0.9314255118370056,0.9314255118370056,0.1236549499550978,-1.2816688804778809,0.0376209268827634,Oxygenated,1.048422870784879,0.45786988641984383,0.3384849911356034,0.2036451224445527
AGGCGGACATCCACTA_E15S,E15S,Tumor,entering_deep_hypoxia,0.7502339282492204,0.4076975846364992,1.3561275957305186,0.9398228526115416,0.9398228526115416,0.3434305439943714,0.7502339282492204,0.4076975846364992,Hypoxic,0.9094679892926616,0.07868523885970394,0.41423956294949227,0.5070751981908038
AATGACAAGAATCGCC_E15S,E15S,Tumor,entering_hypoxia,-0.4786717789444246,0.5249106737880838,0.5296891573918565,0.9429614543914796,0.9429614543914796,0.2894597424612835,-0.4786717789444246,0.5249106737880838,Ridge,1.0820348338118264,0.3177877729820215,0.41475897387235716,0.26745325314562135
TACAGCCAGCCCGTAG_E15S,E15S,Tumor,entering_hypoxia,-0.4422292995186734,1.63286106347242,0.5681531781901665,0.9461159706115724,0.9461159706115724,0.1927345293517726,-0.4422292995186734,1.63286106347242,Ridge,0.8977396958269646,0.0814713962110117,0.5577495478673112,0.3607790559216771
AAGCAATGTCAACCTG_E15S,E15S,Tumor,entering_hypoxia,-0.9361510270042172,2.2668330078035237,1.4596844387998864,0.9480090737342834,0.9480090737342834,0.1645375205680357,-0.9361510270042172,2.2668330078035237,Ridge,0.7714914339191251,0.025126630537927904,0.5896879117466546,0.38518545771541746
GTCGGTTAGGTACGGA_E15S,E15S,Tumor,normoxic_stable,-0.6116143202485479,0.2946738338605664,0.4244353578546658,0.9309061169624328,0.9309061169624328,0.0578110766965325,-0.6116143202485479,0.2946738338605664,Oxygenated,1.079520561869898,0.3792760591055338,0.3770485557466193,0.24367538514784687
GTATTGGTCGTTCCTG_E15S,E15S,Tumor Proliferating,persistent_hypoxia,0.7728733717951538,-0.3543889583764205,0.3693326190478823,0.9339451193809508,0.9339451193809508,0.0642790251418967,0.7728733717951538,-0.3543889583764205,Hypoxic,0.9171051445692637,0.09355393857399645,0.3540451413173075,0.552400920108696
GGAATCTCAAGTGAGA_E15S,E15S,Tumor,transitional,-0.4128947740665898,-0.2592305384679031,0.7844793179563797,0.9456987977027892,0.9456987977027892,0.3934252051313846,-0.4128947740665898,-0.2592305384679031,Oxygenated,1.0883375591141329,0.39015794145180055,0.3360888775058945,0.27375318104230506
AAAGTAGTCTAGCTGA_E15S,E15S,Tumor,transitional,-0.1788913088298065,0.1465463214486619,0.7854606824236018,0.9484913349151612,0.9484913349151612,0.3920032886867195,-0.1788913088298065,0.1465463214486619,Ridge,1.0925574405131204,0.3130931627607434,0.385349102512972,0.3015577347262848
TGCCTTTAGTTACGGC_E15S,E15S,Tumor,transitional,-0.3842513261334708,-0.2570210362537901,1.4793350084582346,0.9340722560882568,0.9340722560882568,0.1552999528445788,-0.3842513261334708,-0.2570210362537901,Oxygenated,1.089998517982524,0.3841498331927089,0.3379661459192479,0.2778840208880432
ACGTCCCTCGTTCCTG_E15S,E15S,Tumor,reverted_stable,-1.696520700755077,-1.0155973761999535,-0.2854438016395948,0.9403240084648132,0.9403240084648132,0.2082488495198894,-1.696520700755077,-1.0155973761999535,Oxygenated,1.0930116139544428,0.3821461702940504,0.31942822644114055,0.2984256032648091
AATGAACGTTTGGAGA_E15S,E15S,Tumor,normoxic_stable,-0.4452013227094137,0.269633881011824,0.63471381367068,0.9435596466064452,0.9435596466064452,0.3022132846129973,-0.4452013227094137,0.269633881011824,Ridge,1.0862981242256025,0.35490746983919397,0.38268216655541915,0.2624103636053869
CTTATGGAGGAATGGT_E15S,E15S,Tumor,persistent_hypoxia,0.6107311571812296,0.0843707859905637,0.6652558534881777,0.9440306425094604,0.9440306425094604,0.2912873300379501,0.6107311571812296,0.0843707859905637,Hypoxic,0.9737976849643464,0.12058780266531688,0.39854416843851864,0.48086802889616453
GGCCTAACATCCTATG_E15S,E15S,Tumor,normoxic_stable,-0.8625318926403314,-0.2204729515271612,1.152175572338409,0.938664734363556,0.938664734363556,0.2571936427380333,-0.8625318926403314,-0.2204729515271612,Oxygenated,1.0573698299193188,0.45746189916576674,0.3183498288200499,0.22418827201418334
TGTCCGGAGTTACCCT_E15S,E15S,Tumor,exiting_hypoxia,1.28978673511523,-1.729613704552881,-0.0773175697214808,0.9402754306793212,0.9402754306793212,0.1078566730694943,1.28978673511523,-1.729613704552881,Hypoxic,0.4812889884410869,0.007176055752640958,0.16017995199525453,0.8326439922521045
GTGTGTTGTAAGCGGT_E15S,E15S,Tumor,normoxic_stable,-1.9040567982154528,0.1513279218529941,-0.0511963320038567,0.9437822103500366,0.9437822103500366,0.3594525518452227,-1.9040567982154528,0.1513279218529941,Ridge,1.0694944302772509,0.38629259130328747,0.39025534579250215,0.2234520629042102
CTCGGTTCAAAGGAGC_E15S,E15S,Tumor,normoxic_stable,-0.5520143826756897,0.3470624385915959,1.7091551229951334,0.9344295263290404,0.9344295263290404,0.1495146858295294,-0.5520143826756897,0.3470624385915959,Ridge,1.082430803150258,0.36171339012187276,0.38666313603100316,0.2516234738471241
CAGCACTAGGTGGAGC_E15S,E15S,Tumor,exiting_hypoxia,2.3094102763316395,-1.3265189067682075,-0.0629284334968585,0.9432435035705566,0.9432435035705566,0.1060022220115873,2.3094102763316395,-1.3265189067682075,Hypoxic,0.30103253495407456,0.0003422251873141547,0.08804489921443776,0.911612875598248
ACATGCATCACTTGAG_E15S,E15S,Tumor,entering_hypoxia,-0.9559526133088502,0.8997947994993107,-0.0252596951279217,0.9401897192001344,0.9401897192001344,0.2150643868224727,-0.9559526133088502,0.8997947994993107,Ridge,1.061366347025528,0.2841576020023822,0.4635715631919258,0.25227083480569207
TGCCGTGAGTATGAAG_E15S,E15S,Tumor,persistent_hypoxia,0.5198699129421702,-0.241509270719412,0.7770104712120569,0.9412398338317872,0.9412398338317872,0.341696758396863,0.5198699129421702,-0.241509270719412,Hypoxic,1.0051238420479438,0.14924526050745268,0.37503414465583046,0.47572059483671686
TGAGTCTGTTTGCAGT_E15S,E15S,Tumor,normoxic_stable,-1.6785058106664912,-0.3229276079744,-0.0664939936672352,0.943353533744812,0.943353533744812,0.3340828144104191,-1.6785058106664912,-0.3229276079744,Oxygenated,1.0589193291455223,0.44845192362474723,0.3311805063305779,0.220367570044675
TGTAACCGTGGGAACT_E15S,E15S,Tumor,entering_hypoxia,-0.1394803057968121,0.4794099463197395,1.468635513606611,0.9348670840263368,0.9348670840263368,0.0064801806801766,-0.1394803057968121,0.4794099463197395,Ridge,1.0773843149635227,0.259218396288973,0.4258130583490302,0.314968545361997
CAATCCGGTCATGATC_E15S,E15S,Tumor,entering_hypoxia,-0.8307620332098179,0.9258934684575568,0.7012505991978665,0.9347394704818726,0.9347394704818726,0.0849484772677182,-0.8307620332098179,0.9258934684575568,Ridge,1.0592526119876553,0.26901800736289316,0.46897573480866556,0.2620062578284412
AGCCTCAGTGCAACGG_E15S,E15S,Tumor,transitional,-0.2321888599530068,-0.3949629521549632,-0.0983401136075339,0.9446288347244264,0.9446288347244264,0.2531284435345226,-0.2321888599530068,-0.3949629521549632,Oxygenated,1.0975298076201006,0.3486112345372246,0.3392117552264493,0.31217701023632605
GGCTGAAAGCTATGTG_E15S,E15S,Tumor,reverted_stable,-1.0723088951493942,-0.508238468442127,2.561937043840259,0.934947669506073,0.934947669506073,0.2251748530112791,-1.0723088951493942,-0.508238468442127,Oxygenated,1.054902012536507,0.46788109077923845,0.3025379141275591,0.22958099509320237
GCGACAGGTTTCCTCA_E15S,E15S,Tumor Proliferating,transitional,-0.1697775369338394,-0.1269014324093539,2.209329532033063,0.9347178339958192,0.9347178339958192,0.0428635316580565,-0.1697775369338394,-0.1269014324093539,Ridge,1.0965026970991698,0.3308538325649189,0.36103903101149887,0.3081071364235822
CTCTAGAAGAATCGAA_E15S,E15S,Tumor,entering_hypoxia,-0.6493484077544767,0.6853641123378077,0.4912110751735591,0.9396454095840454,0.9396454095840454,0.2563188304800625,-0.6493484077544767,0.6853641123378077,Ridge,1.075178141545895,0.30918030787026785,0.43232032711375973,0.25849936501597254
TGCTATAGTCTAATCA_E15S,E15S,Tumor,entering_hypoxia,-1.6245950394974014,0.6458059088686784,0.0588608209228862,0.9461649656295776,0.9461649656295776,0.2503494740988249,-1.6245950394974014,0.6458059088686784,Ridge,1.0643329954539753,0.3355571393806643,0.43799248683925784,0.22645037378007776
CTCAGTAAGGTAGTCC_E15S,E15S,Tumor,entering_hypoxia,0.149989326466629,2.8398455352365595,1.137831313977974,0.9477475881576538,0.9477475881576538,0.1683890698191113,0.149989326466629,2.8398455352365595,Hypoxic,0.6999470994778674,0.0017029756141827546,0.4513807475840161,0.5469162768018011
TCGCAATGTGAGATCA_E15S,E15S,Tumor,entering_hypoxia,0.0802491030028716,2.4794502565406424,1.8575713435986805,0.9432510733604432,0.9432510733604432,0.1335587969565158,0.0802491030028716,2.4794502565406424,Hypoxic,0.7252674506063996,0.005910165985340766,0.49623367725490425,0.4978561567597549
GCCATAATCAGCACGT_E15S,E15S,Tumor,transitional,-0.1028768251985689,0.2621316415691372,1.6119976363376434,0.9361881017684937,0.9361881017684937,0.1578552688648392,-0.1028768251985689,0.2621316415691372,Ridge,1.0872483358885474,0.2817197372498088,0.4022855117491982,0.315994751000993
TAAGGATGTGCGGCTT_E15S,E15S,Tumor,transitional,-0.1266357567866841,-0.3949099924179319,-0.3401037656868867,0.9435677528381348,0.9435677528381348,0.2732313586372581,-0.1266357567866841,-0.3949099924179319,Ridge,1.098197876554739,0.32209640711906307,0.3455556134328358,0.3323479794481012
ATCTATGGTAAGCTCT_E15S,E15S,Tumor,entering_deep_hypoxia,0.9105990813028976,0.621745743017578,1.7104574003799278,0.93654066324234,0.93654066324234,0.1053897576529848,0.9105990813028976,0.621745743017578,Hypoxic,0.8413783630065726,0.047168789149405026,0.41043662118156504,0.54239458966903
GCTAGGTTCGTGAACC_E15S,E15S,Tumor,reverted_stable,-1.232270640513871,-0.5025811081549909,0.2220195409558918,0.945265531539917,0.945265531539917,0.2374576080767217,-1.232270640513871,-0.5025811081549909,Oxygenated,1.0520421768642367,0.4712069038330771,0.3040759106354312,0.2247171855314916
TCGTCACCATCATCAT_E15S,E15S,Tumor,normoxic_stable,-0.7099577273742989,-0.1656392794528216,0.8416911127069807,0.9365007877349854,0.9365007877349854,0.1971530046653971,-0.7099577273742989,-0.1656392794528216,Oxygenated,1.06720215003513,0.4383338662431251,0.32704046982048207,0.23462566393639273
AGCAATTTCCCGGCTT_E15S,E15S,Tumor,normoxic_stable,-1.0366960762407895,0.205014956536331,0.7531660574794939,0.9484792351722716,0.9484792351722716,0.4183387525779513,-1.0366960762407895,0.205014956536331,Oxygenated,1.0581745214266043,0.4345809971291039,0.3542606045920124,0.21115839827888366
CACCAACAGTCATCGA_E15S,E15S,Tumor,normoxic_stable,-0.4615743058131766,-0.1006500503387749,0.4735723154429945,0.9862567186355592,0.9862567186355592,0.296092099976872,-0.4615743058131766,-0.1006500503387749,Oxygenated,1.0845639208634634,0.3946841163823016,0.34451149995610164,0.2608043836615967
TCTATCGCACTCATAT_E15S,E15S,Tumor,entering_hypoxia,-0.00679727500136,0.4548259848555969,2.5370269769112213,0.9318453669548036,0.9318453669548036,0.1282487716034235,-0.00679727500136,0.4548259848555969,Ridge,1.0691354879452482,0.23300305566648827,0.4288926545208115,0.3381042898127002
GGAATGGTCCCTGACC_E15S,E15S,Tumor,entering_deep_hypoxia,1.1073220502928351,2.2680841363945325,-0.1722460391129784,0.9348703026771544,0.9348703026771544,0.141948841896832,1.1073220502928351,2.2680841363945325,Hypoxic,0.6627250237484299,0.0013857285212470517,0.3589934049177619,0.639620866560991
CAAGTAAAGCTTACGA_E15S,E15S,Tumor,entering_hypoxia,-1.4525773763908711,1.0559145532547063,0.0835569842884541,0.9446679353713988,0.9446679353713988,0.2372812106337906,-1.4525773763908711,1.0559145532547063,Ridge,1.0380748435425977,0.24372750885767813,0.5022056121726082,0.25406687896971375
TACGAACCAACGTGAT_E15S,E15S,Tumor,reverted_stable,-1.0002746883498534,-0.9055560195800242,0.0828774770304565,0.9404840469360352,0.9404840469360352,0.2742273500148659,-1.0002746883498534,-0.9055560195800242,Oxygenated,1.0812524165451163,0.4220520502640312,0.29822619584629867,0.27972175388967013
TGCTACTTCCTGTATC_E15S,E15S,Tumor,normoxic_stable,-1.3401123925019904,-0.3150465967631604,0.9635214680477188,0.9483161568641664,0.9483161568641664,0.416537888698662,-1.3401123925019904,-0.3150465967631604,Oxygenated,1.0465129700584557,0.47384616722947426,0.3141223924421152,0.21203144032841045
CTAGGTTGTTAGCCGC_E15S,E15S,Tumor,transitional,-0.071400097184555,0.3586027668975434,0.5947596758469144,0.931342601776123,0.931342601776123,0.0732956057338297,-0.071400097184555,0.3586027668975434,Ridge,1.0809071562615609,0.2616833663826681,0.4148312720225723,0.3234853615947596
GGCACCATCAGCTAAT_E15S,E15S,Tumor,normoxic_stable,-0.7612042074279636,-0.1892606887956832,0.7418901201044649,0.9404200315475464,0.9404200315475464,0.191466711482804,-0.7612042074279636,-0.1892606887956832,Oxygenated,1.0636864224863707,0.4456832754157689,0.3234602775485719,0.2308564470356592
CTTACATCATAGGGTT_E15S,E15S,Tumor,transitional,-0.1611471269004998,-0.1713425696256832,1.641790307999844,0.9410027861595154,0.9410027861595154,0.2622257318939541,-0.1611471269004998,-0.1713425696256832,Ridge,1.0969662748081566,0.33027772342532286,0.3581785215193783,0.3115437550552988
GTCCATAAGTCATGCA_E15S,E15S,Tumor,normoxic_stable,-1.891586477179261,-0.3974483000129031,0.6125510834419376,0.9424921870231628,0.9424921870231628,0.3836677018896229,-1.891586477179261,-0.3974483000129031,Oxygenated,1.0735640418282792,0.41680638711316437,0.34521414733495737,0.23797946555187838
CCTGGCAAGTACGCTA_E15S,E15S,Tumor,entering_hypoxia,-1.2207954299842472,0.8988280754601644,1.7262209771955388,0.9380031824111938,0.9380031824111938,0.168108844188832,-1.2207954299842472,0.8988280754601644,Ridge,1.058764413296321,0.2914844739864477,0.4659404842761608,0.24257504173739142
TAACTGACATGGATGT_E15S,E15S,Tumor,entering_deep_hypoxia,0.6458152721290468,1.719113694192966,1.9782575215765088,0.9354159235954284,0.9354159235954284,0.1247303348634008,0.6458152721290468,1.719113694192966,Hypoxic,0.760986093256393,0.015584087091046351,0.4635089218372952,0.5209069910716585
ACATGGCTCCCCTTGA_E15S,E15S,Tumor,normoxic_stable,-0.9034635727145174,-0.0794580028659249,0.4156846218842593,0.9420032501220704,0.9420032501220704,0.368730502381663,-0.9034635727145174,-0.0794580028659249,Oxygenated,1.055820952841545,0.4547700685041072,0.32756840978577667,0.2176615217101161
GTGCGATTCGTCTATC_E15S,E15S,Tumor,entering_hypoxia,-0.8586153936211635,0.8587961636356306,-0.1334486800235972,0.9440417885780334,0.9440417885780334,0.2614197772830123,-0.8586153936211635,0.8587961636356306,Ridge,1.0647982475778586,0.28840061069637846,0.4569530699576914,0.25464631934593007
CAAAGGGTCGATGCGT_E15S,E15S,Tumor,normoxic_stable,-1.7310575197282576,-0.1166609692564139,-0.0547828224011129,0.9421658515930176,0.9421658515930176,0.2050448944325017,-1.7310575197282576,-0.1166609692564139,Oxygenated,1.0598428595117728,0.43614781418996557,0.34868703756469227,0.21516514824534216
GGCTAATCATCACACC_E15S,E15S,Tumor,entering_hypoxia,-0.0190243648187046,1.9409749965243788,1.2253334354437089,0.945259153842926,0.945259153842926,0.1511929404702228,-0.0190243648187046,1.9409749965243788,Ridge,0.7961609678250918,0.02796289778066631,0.5362067737846329,0.4358303284347009
TGGAGCGGTTGAGGTA_E15S,E15S,Tumor,entering_deep_hypoxia,1.0800428909691902,0.6758378866491107,0.2987032001206802,0.9315606355667114,0.9315606355667114,0.1101797165074146,1.0800428909691902,0.6758378866491107,Hypoxic,0.7882770091875311,0.02999030635394036,0.3898486806723915,0.5801610129736681
TGGTTCCCACCATGTC_E15S,E15S,Tumor,transitional,0.0366786480211816,-0.1365957435120911,0.0047637250936256,0.9604016542434692,0.9604016542434692,0.2653021082832448,0.0366786480211816,-0.1365957435120911,Ridge,1.0908988533159518,0.2770343478125004,0.3727822717277432,0.3501833804597564
GTAAACTTCACGTGCG_E15S,E15S,Tumor,normoxic_stable,-1.2634437586925351,-0.3179048938524499,-0.0315873854882242,0.9409933686256408,0.9409933686256408,0.3000169958173628,-1.2634437586925351,-0.3179048938524499,Oxygenated,1.0460520985123511,0.47546041538048767,0.3119646580866008,0.2125749265329115
ACCTCCGCATCCTGAC_E15S,E15S,Tumor,entering_hypoxia,-0.5141508791996641,0.5179733832302517,0.520045536287404,0.9423069953918456,0.9423069953918456,0.3432629961178586,-0.5141508791996641,0.5179733832302517,Ridge,1.0818380215204977,0.3249858982482866,0.41208668069522164,0.26292742105649164
GTGCCTAGTATAGCCT_E15S,E15S,Tumor,entering_hypoxia,-1.571514465092457,0.8383429937788118,0.1176466890480752,0.943099558353424,0.943099558353424,0.1846843420601162,-1.571514465092457,0.8383429937788118,Ridge,1.0566163465142933,0.29349601545886994,0.46857468280106224,0.2379293017400678
AGCAAATGTTGGCTTG_E15S,E15S,Tumor,reverted_stable,-1.47178676302369,-0.413903585328004,-0.2877109086077659,0.9421579241752625,0.9421579241752625,0.3830647071113512,-1.47178676302369,-0.413903585328004,Oxygenated,1.0520885942381968,0.4663916128935696,0.3147608491493307,0.2188475379570996
AGCCCCAAGTGGCTAC_E15S,E15S,Tumor,entering_hypoxia,-0.2419614023923311,0.7821054259733043,0.955239392218761,0.9337846040725708,0.9337846040725708,0.0616311320593514,-0.2419614023923311,0.7821054259733043,Ridge,1.0559097650077178,0.2242519731261007,0.4614325728716166,0.31431545400228267
GTTAGAGGTAGGTTAG_E15S,E15S,Tumor,reverted_stable,-1.1715382801637495,-0.8012944419880288,0.9334511911282553,0.94395911693573,0.94395911693573,0.3869489201137815,-1.1715382801637495,-0.8012944419880288,Oxygenated,1.0708252061865347,0.443748932634706,0.298838873707802,0.2574121936574921
TGAGGCAAGGTTCGGT_E15S,E15S,Tumor,reverted_stable,-0.7105930834929971,-0.4577091045709513,0.1571788001255903,0.9403790235519408,0.9403790235519408,0.2369163276634813,-0.7105930834929971,-0.4577091045709513,Oxygenated,1.0714740584331404,0.43844972707349994,0.3112489408015506,0.2503013321249494
CTACTTGCAACGGCTA_E15S,E15S,Tumor,normoxic_stable,-0.7748399088294986,-0.1212025503529284,1.6679290021836564,0.934605836868286,0.934605836868286,0.1450565238695965,-0.7748399088294986,-0.1212025503529284,Oxygenated,1.0629899197952142,0.4443985018412578,0.3278735876433876,0.2277279105153546
ACGGGATGTAAGCTGA_E15S,E15S,Tumor,entering_hypoxia,-1.2064180697561626,2.1381840282108366,1.898908184877825,0.9451087117195128,0.9451087117195128,0.1323007021839087,-1.2064180697561626,2.1381840282108366,Ridge,0.7937434530530703,0.03638767185037891,0.6023280984009237,0.3612842297486975
CAGTAGTCATGGTCCT_E15S,E15S,Tumor,normoxic_stable,-1.0003418996680495,-0.0324616833637673,0.1115544263489727,0.9415262341499328,0.9415262341499328,0.3574754591270158,-1.0003418996680495,-0.0324616833637673,Oxygenated,1.052166670570366,0.4582335015365105,0.3300126347276178,0.21175386373587174
TATGTTGGTCTGGCAC_E15S,E15S,Tumor,entering_hypoxia,-1.1067784507045515,0.7257832395103028,0.3513373549980566,0.9360097646713256,0.9360097646713256,0.1532625645411494,-1.1067784507045515,0.7257832395103028,Ridge,1.067936464477028,0.33465298639773106,0.43290297278578593,0.23244404081648296
GGCATAGAGTGAGTAA_E15S,E15S,Tumor,persistent_hypoxia,1.0468429954890703,0.0069382435123228,0.391891231779829,0.9415250420570374,0.9415250420570374,0.2471616837794535,1.0468429954890703,0.0069382435123228,Hypoxic,0.8255184162653899,0.04950173810942219,0.3557696685707974,0.5947285933197805
GGTACGAAGGTGGCAA_E15S,E15S,Tumor,entering_hypoxia,-0.7732727612841392,1.110451591093997,0.3312537948277799,0.939477562904358,0.939477562904358,0.2269325211693517,-0.7732727612841392,1.110451591093997,Ridge,1.0348911541707078,0.21684065172339187,0.5007333326235559,0.28242601565305214
CGTTTCCGTCTAAGCT_E15S,E15S,Tumor,entering_hypoxia,-0.92021304695787,1.0175342741362434,0.4824728808756911,0.9464479088783264,0.9464479088783264,0.1948826446533546,-0.92021304695787,1.0175342741362434,Ridge,1.0497902877597942,0.25110314548435436,0.4845367453521892,0.2643601091634564
AGCAATCCACCTACCG_E15S,E15S,Tumor,normoxic_stable,-1.6012085492403771,-0.2408294406680922,-0.1833487713766863,0.9452206492424012,0.9452206492424012,0.4062313213325398,-1.6012085492403771,-0.2408294406680922,Oxygenated,1.0536571345626815,0.45593278275082105,0.33062684903033407,0.2134403682188448
CCGGCATGTGAGGACT_E15S,E15S,Tumor,entering_hypoxia,-0.923559482378032,0.4863117475228078,1.082895637848712,0.941820502281189,0.941820502281189,0.2684735806109559,-0.923559482378032,0.4863117475228078,Ridge,1.0709211662331757,0.3798058087292764,0.39390379832995376,0.22629039294076989
GCTCCGTTCTGTCATC_E15S,E15S,Tumor,transitional,-0.1202318671668895,-0.073068381986063,0.0888549070830559,0.9409021139144896,0.9409021139144896,0.3494498740634089,-0.1202318671668895,-0.073068381986063,Ridge,1.095859269645842,0.31581817991423694,0.3686012019733392,0.3155806181124238
TGGGTCCGTGACGAAC_E15S,E15S,Tumor,persistent_hypoxia,0.4052363817691163,-0.2908577934300042,-0.3441979973267718,0.9436739683151244,0.9436739683151244,0.3743015187989291,0.4052363817691163,-0.2908577934300042,Hypoxic,1.0347719223657168,0.17834096158875734,0.37225542526643474,0.44940361314480787
CGTCACCTCTAGCTGA_E15S,E15S,Tumor,normoxic_stable,-0.8908432105304017,-0.2031910868891548,0.663180616335226,0.942704141139984,0.942704141139984,0.3493502687441687,-0.8908432105304017,-0.2031910868891548,Oxygenated,1.055718017426356,0.4595321651415928,0.3187950664204145,0.22167276843799255
CCTCGGTTCACTATCC_E15S,E15S,Tumor,normoxic_stable,-1.1374123521939357,0.2271900645389218,0.4475488043703984,0.9843180775642396,0.9843180775642396,0.3436687445163153,-1.1374123521939357,0.2271900645389218,Oxygenated,1.0565240903778228,0.4348122007063209,0.35706395266843605,0.20812384662524297
TGAATGGGTGATGGCG_E15S,E15S,Tumor,entering_hypoxia,-1.092402321811401,0.7105882017134395,0.0224090034249147,0.942291021347046,0.942291021347046,0.2926753341493459,-1.092402321811401,0.7105882017134395,Ridge,1.0684190000742018,0.3379948985298079,0.43012628803804664,0.2318788134321456
ACAGATGGTAATCGTC_E15S,E15S,Tumor,reverted_stable,-1.016833202749501,-0.9287251128157544,0.902488192516088,0.9405158758163452,0.9405158758163452,0.3142912974290741,-1.016833202749501,-0.9287251128157544,Oxygenated,1.082385584726722,0.4192357358463215,0.29825810439860523,0.2825061597550733
AACTTTGGTCTCAGTG_E15S,E15S,Tumor,normoxic_stable,-0.6067804373109561,-0.2161088643056471,1.2235980864421034,0.9337884783744812,0.9337884783744812,0.1670842906627825,-0.6067804373109561,-0.2161088643056471,Oxygenated,1.0747094212918693,0.42485526710230853,0.3282081128938629,0.24693662000382854
TACATCAGTTTAGCGT_E15S,E15S,Tumor,reverted_stable,-1.3561546077825697,-0.6128323130054723,-0.243957817406266,0.944050908088684,0.944050908088684,0.3479266125602001,-1.3561546077825697,-0.6128323130054723,Oxygenated,1.0585522693448708,0.4618450408769552,0.30459176271032307,0.23356319641272166
TCTCTGGTCGATAGTT_E15S,E15S,Tumor Proliferating,persistent_hypoxia,1.0529105362505624,-0.2957151249145221,0.4406419331786188,0.933428943157196,0.933428943157196,0.0574050013750747,1.0529105362505624,-0.2957151249145221,Hypoxic,0.8137181948046912,0.05028437024479362,0.3315571382181237,0.6181584915370827
TCAGCATGTCTAGTCG_E15S,E15S,Tumor,normoxic_stable,-0.5848102020639513,0.3596777336072523,0.1712124900054019,0.9449015855789183,0.9449015855789183,0.3141638836958844,-0.5848102020639513,0.3596777336072523,Ridge,1.081245618922085,0.3648101403022661,0.3867286320991574,0.24846122759857647
CACGAAAGTGGACCTC_E15S,E15S,Tumor,entering_hypoxia,-0.0432813885424665,0.902104530602857,2.1137515278694985,0.9412673711776732,0.9412673711776732,0.1503531704014648,-0.0432813885424665,0.902104530602857,Ridge,1.0179112078735124,0.1661041845445422,0.48060246680979585,0.35329334864566203
CGCATCAGTAGGTGTA_E15S,E15S,Tumor,transitional,0.0909687643837948,-0.4009482225541809,0.0846263093891457,0.9381737112998962,0.9381737112998962,0.151006310336628,0.0909687643837948,-0.4009482225541809,Hypoxic,1.086685844469904,0.26312972046389027,0.3566220091750862,0.38024827036102354
ATCGCCCTCGAATCCA_E15S,E15S,Tumor,entering_hypoxia,-1.357762065345244,0.7520746284930616,-0.1907815866929379,0.946325957775116,0.946325957775116,0.3038011784861957,-1.357762065345244,0.7520746284930616,Ridge,1.0641236087349735,0.3270924004147728,0.4431104744006593,0.22979712518456788
TCGACGTAGCAATTAC_E15S,E15S,Tumor,normoxic_stable,-0.7293527876244809,-0.1671842411439227,1.5232265478014473,0.9421009421348572,0.9421009421348572,0.3432852329982051,-0.7293527876244809,-0.1671842411439227,Oxygenated,1.0658562233854818,0.44092816505632837,0.3261653198718601,0.23290651507181157
GCTAAATTCCGCAGTG_E15S,E15S,Tumor,reverted_stable,-1.1849666433150106,-0.5667478287349904,1.2936534009506356e-05,0.940618097782135,0.940618097782135,0.3149725199119806,-1.1849666433150106,-0.5667478287349904,Oxygenated,1.0555607927121533,0.467264042933147,0.3017209260615187,0.23101503100533433
CCACGAACAATACTTC_E15S,E15S,Tumor,normoxic_stable,-1.2811587609065778,-0.223613611886237,0.8007024722788093,0.9428644180297852,0.9428644180297852,0.3798055757217748,-1.2811587609065778,-0.223613611886237,Oxygenated,1.0450081780425275,0.4739192107585631,0.3176714699832058,0.20840931925823117
ATCACATAGCTAGATT_E15S,E15S,Tumor,normoxic_stable,-1.1327247782776415,0.1360078795990133,1.1197929023318758,0.9447572231292723,0.9447572231292723,0.3505368499540764,-1.1327247782776415,0.1360078795990133,Oxygenated,1.0531289415080827,0.446791359619737,0.3463938009556371,0.2068148394246258
AGGCGAATCACTTCAC_E15S,E15S,Tumor,transitional,-0.0780163304501912,-0.3729694219768554,0.4261380596307476,0.9373436570167542,0.9373436570167542,0.2127893902362076,-0.0780163304501912,-0.3729694219768554,Ridge,1.0972923289499352,0.30982651872330946,0.34968457641962575,0.34048890485706484
CGGACAGGTAGCCTGC_E15S,E15S,Tumor,entering_hypoxia,-0.1673128745650296,0.696011837932658,1.5931321392693671,0.938287615776062,0.938287615776062,0.0928636378798065,-0.1673128745650296,0.696011837932658,Ridge,1.060157020223823,0.22704909081783478,0.4523920916854212,0.3205588174967441
TCGGGCATCTCACCGC_E15S,E15S,Hypoxic Tumor,exiting_hypoxia,-0.2855679917808164,-0.8314779137913964,1.9824237624711083,0.9449480772018432,0.9449480772018432,0.2322754812135543,-0.2855679917808164,-0.8314779137913964,Hypoxic,1.0976246114514308,0.3267835938484181,0.31929550355735564,0.35392090259422637
GTGCATATCTGTGGCG_E15S,E15S,Tumor,normoxic_stable,-1.0368408654720138,-0.1558364403017764,1.3132636538731428,0.9329598546028136,0.9329598546028136,0.2089726322870118,-1.0368408654720138,-0.1558364403017764,Oxygenated,1.049146153771263,0.4675916175711395,0.3199750391321419,0.21243334329671867
AGTGCTCAGATTCGGC_E15S,E15S,Tumor,normoxic_stable,-1.1282365878575575,-0.3912727415339883,0.9477212728855612,0.9452123045921326,0.9452123045921326,0.4008824165312141,-1.1282365878575575,-0.3912727415339883,Oxygenated,1.0491848656580216,0.47384813250184943,0.3067809834222554,0.2193708840758951
GCGCTTAGTGGCTGAG_E15S,E15S,Tumor,reverted_stable,-0.8419099754997549,-0.5839293671642111,-0.2089358510943472,0.9419943690299988,0.9419943690299988,0.3272039557091864,-0.8419099754997549,-0.5839293671642111,Oxygenated,1.0682979421906442,0.4468480346138606,0.30339157357838054,0.2497603918077588
ACCTCTTAGCAAGGCA_E15S,E15S,Tumor,entering_hypoxia,-0.0459026502837566,1.7723961158758392,1.2650728631103454,0.9443275928497314,0.9443275928497314,0.1488234237605881,-0.0459026502837566,1.7723961158758392,Ridge,0.8305602236398946,0.041982698911193335,0.5395869364894059,0.41843036459940075
CTTGGCGAGGTAGATA_E15S,E15S,Tumor,persistent_hypoxia,0.9603836376714194,0.1229250665699683,0.0947126753400064,0.9417502880096436,0.9417502880096436,0.3009401955410473,0.9603836376714194,0.1229250665699683,Hypoxic,0.8553267326285953,0.0584318545333439,0.3742164948406753,0.5673516506259808
TGCCACCTCCTCTACG_E15S,E15S,Tumor,normoxic_stable,-0.4494478118665437,0.1122561960080465,1.7339896301058455,0.9329348802566528,0.9329348802566528,0.1742520583516889,-0.4494478118665437,0.1122561960080465,Oxygenated,1.085883136019248,0.3752927078543019,0.36478696120875004,0.25992033093694805
AACGCAAGTTAGTAGG_E15S,E15S,Tumor,entering_hypoxia,-0.6713206659996395,1.2943972321343649,0.5588429302934516,0.9452443718910216,0.9452443718910216,0.1473899063360804,-0.6713206659996395,1.2943972321343649,Ridge,0.995997867542557,0.16373379934514104,0.5284776895244931,0.3077885111303658
GCGCTTAGTGCGGTTC_E15S,E15S,Tumor,entering_hypoxia,-0.1942293428495844,1.6707752050577045,1.4457936939325056,0.9382292628288268,0.9382292628288268,0.1396135988473649,-0.1942293428495844,1.6707752050577045,Ridge,0.8672469629601267,0.06086645418301789,0.5476827102170778,0.39145083559990435
CCCAGTGAGTGATACT_E15S,E15S,Tumor Proliferating,entering_deep_hypoxia,2.273130788037624,0.8570382173294364,0.4705687255978344,0.9390051960945128,0.9390051960945128,0.0402650716309965,2.273130788037624,0.8570382173294364,Hypoxic,0.48139462927702703,0.0004746478776497022,0.18398602929507324,0.8155393228272769
GCTCCAAGTAACGTCT_E15S,E15S,Tumor,entering_hypoxia,-0.1264247016585133,1.414460773950563,1.193371124736675,0.9374976754188538,0.9374976754188538,0.1283927492515813,-0.1264247016585133,1.414460773950563,Ridge,0.920988732645033,0.09029378238425215,0.5309426020446536,0.3787636155710943
GTCTCCGCAATCGCAG_E15S,E15S,Tumor,normoxic_stable,-1.8655730018243493,-0.2930354071053956,2.7127650096681384,0.9348640441894532,0.9348640441894532,0.2460505159795208,-1.8655730018243493,-0.2930354071053956,Oxygenated,1.0694622329334829,0.42177143930222794,0.3482768304210104,0.22995173027676172
CCTAGGGTCGATCGGT_E15S,E15S,Tumor Proliferating,transitional,0.2679670260820099,0.2582543789966846,1.9007570143011885,0.9380842447280884,0.9380842447280884,0.066838666847604,0.2679670260820099,0.2582543789966846,Ridge,1.047108502095943,0.18971823966957163,0.41705081134212396,0.3932309489883045
ATGCAGGAGGCGTTCG_E15S,E15S,Tumor,entering_deep_hypoxia,0.5699186840525169,1.1612730785694498,1.1354567709897945,0.9403401017189026,0.9403401017189026,0.0803045261625848,0.5699186840525169,1.1612730785694498,Hypoxic,0.8556350728217118,0.04940968645867485,0.47108228189982637,0.4795080316414987
GTCTTCACAAAGGGAC_E15S,E15S,Tumor,entering_hypoxia,-0.7295738001732326,1.3822452519018849,0.2596510642052698,0.944469690322876,0.944469690322876,0.2743890671315254,-0.7295738001732326,1.3822452519018849,Ridge,0.9783630476682479,0.1477504900891669,0.540644512389569,0.3116049975212641
GCGGGAACAAAGGGAC_E15S,E15S,Tumor,entering_hypoxia,-0.9250085132621008,2.750745671355673,1.3736880661649644,0.9469013810157776,0.9469013810157776,0.1634987988383087,-0.9250085132621008,2.750745671355673,Ridge,0.7189402777269946,0.006045653787678357,0.5555840713960292,0.4383702748162924
TCTGTGAAGTGGCGTT_E15S,E15S,Tumor,normoxic_stable,-2.0704405893540456,-0.2968723524520034,-0.3478872063348389,0.945502519607544,0.945502519607544,0.389237158867031,-2.0704405893540456,-0.2968723524520034,Oxygenated,1.0811415429926563,0.3832378782683264,0.36899616653470985,0.24776595519696382
CCAAAGTCAATGTCGG_E15S,E15S,Tumor,exiting_hypoxia,0.4014618890879776,-1.4542889235977634,0.6060053610509634,0.9471893906593324,0.9471893906593324,0.1674278136350747,0.4014618890879776,-1.4542889235977634,Hypoxic,0.8601130942826716,0.08855655442765627,0.278418408857605,0.6330250367147388
TCATAGTAGTAATGAG_E15S,E15S,Tumor,entering_hypoxia,-0.7151762620633959,0.6149093667406332,1.0567593936965558,0.940422296524048,0.940422296524048,0.1496389178823975,-0.7151762620633959,0.6149093667406332,Ridge,1.0764990088940252,0.3329053584294564,0.4189512068944757,0.24814343467606795
TCAGTAACATTCGTGC_E15S,E15S,Tumor,normoxic_stable,-0.7922183652224782,0.0908219043892279,0.0569272250027398,0.9441405534744264,0.9441405534744264,0.3400520912477653,-0.7922183652224782,0.0908219043892279,Oxygenated,1.065459684689586,0.42950141668598174,0.34626692403082093,0.2242316592831973
TATGATGCATAGGTAC_E15S,E15S,Tumor,entering_hypoxia,-1.3949994940961303,2.143423822672658,1.4675655786178816,0.9424791932106018,0.9424791932106018,0.1569015821239381,-1.3949994940961303,2.143423822672658,Ridge,0.7887944860984405,0.03535663874981449,0.6072701847187555,0.3573731765314299
GCATGAGAGTGGGTCT_E15S,E15S,Tumor,transitional,-0.1848872974680097,0.0297389133860927,0.8351003860515872,0.9447941780090332,0.9447941780090332,0.3887134677694241,-0.1848872974680097,0.0297389133860927,Ridge,1.0945921003873875,0.3251947165316775,0.37350569833252706,0.3012995851357955
TCCACTTAGTATGTAC_E15S,E15S,Tumor,reverted_stable,-1.60096376646327,-0.4335469515017607,0.2613557503678224,0.9471594095230104,0.9471594095230104,0.4019192230068415,-1.60096376646327,-0.4335469515017607,Oxygenated,1.0579987108674422,0.4552631333694751,0.3209812297911666,0.22375563683935823
TGGGTTGCAAGCGTGC_E15S,E15S,Tumor,entering_hypoxia,-0.5133178309230397,0.5273624149531821,0.1547063660577531,0.9424082636833192,0.9424082636833192,0.292984377073307,-0.5133178309230397,0.5273624149531821,Ridge,1.0816164074617591,0.32302241081962724,0.4134859354541154,0.26349165372625727
TCGCGGATCGACCGAT_E15S,E15S,Tumor,exiting_hypoxia,0.356157023243385,-1.2916916228323558,0.8695436725793189,0.9428920745849608,0.9428920745849608,0.2859390324599298,0.356157023243385,-1.2916916228323558,Hypoxic,0.9217084205822548,0.11524939084207894,0.2966599450396084,0.5880906641183127
CGCCACTTCTAAGTCG_E15S,E15S,Tumor,entering_hypoxia,-0.0192429807754177,0.6409706927740992,1.7385959288218993,0.931513249874115,0.931513249874115,0.1829735822944258,-0.0192429807754177,0.6409706927740992,Ridge,1.0521755240527861,0.2067628226039574,0.4503093063085412,0.34292787108750133
AGGTTCGCAACATTGA_E15S,E15S,Tumor,exiting_hypoxia,0.9198694906931696,-0.4851612349778477,0.012758797097186,0.9372342824935912,0.9372342824935912,0.1124117297006878,0.9198694906931696,-0.4851612349778477,Hypoxic,0.8513450685170965,0.06668312283800507,0.3300960409629264,0.6032208361990685
CCTCGTTGTTAGCGTT_E15S,E15S,Tumor,normoxic_stable,-0.7966623737185967,0.0141028651509337,0.8943233574165568,0.9449954032897948,0.9449954032897948,0.3298496168922381,-0.7966623737185967,0.0141028651509337,Oxygenated,1.0634731022058388,0.43744696389170323,0.33858836405131193,0.22396467205698475
GTAGGCAAGGCTTAAT_E15S,E15S,Tumor,normoxic_stable,-1.0226586470517915,-0.1158660481613067,0.1051458427151358,0.937834858894348,0.937834858894348,0.2058158573733477,-1.0226586470517915,-0.1158660481613067,Oxygenated,1.0499930043881396,0.46491603884289295,0.32300668783270625,0.21207727332440082
CGTTGCCTCCTTCAAC_E15S,E15S,Tumor,entering_hypoxia,-0.6802383011081231,1.4858323197980514,1.2373183631230376,0.9466533660888672,0.9466533660888672,0.1722035792882529,-0.6802383011081231,1.4858323197980514,Ridge,0.9504962796477296,0.12246915996439048,0.5520402347149957,0.32549060532061386
CCCGATTCAAGTTCAA_E15S,E15S,Tumor,normoxic_stable,-0.776296027831485,0.3575194812880237,2.675642749959468,0.9375505447387696,0.9375505447387696,0.1948333103398257,-0.776296027831485,0.3575194812880237,Oxygenated,1.0732975388429422,0.390479145616254,0.37876643928333276,0.2307544151004133
ATAAGCTTCCATCACT_E15S,E15S,Tumor,normoxic_stable,-2.2021643390751287,-0.2083637559336754,0.2748576147451911,0.9471022486686708,0.9471022486686708,0.3111746900190305,-2.2021643390751287,-0.2083637559336754,Ridge,1.0841249823758379,0.35232099249658594,0.39017169832055115,0.257507309182863
GTCTGCCTCATGTCGA_E15S,E15S,Tumor,entering_deep_hypoxia,0.2936538749146152,1.527304271276404,1.0018325145005769,0.9429413080215454,0.9429413080215454,0.2040825044473607,0.2936538749146152,1.527304271276404,Ridge,0.838599921696727,0.04284628885499295,0.5073845280420151,0.44976918310299197
AGTCGTTGTCAGTTAC_E15S,E15S,Tumor,reverted_stable,-0.504257411791305,-0.4313988494870974,-0.1749066699610584,0.9417288303375244,0.9417288303375244,0.3739483157207365,-0.504257411791305,-0.4313988494870974,Oxygenated,1.0849516169550726,0.4062465911290096,0.321653136369577,0.2721002725014134
TACTGATAGGTACGTC_E15S,E15S,Tumor,entering_hypoxia,-0.4175740679225844,1.713313244673095,0.8452090288591665,0.9378355741500854,0.9378355741500854,0.0709399449316573,-0.4175740679225844,1.713313244673095,Ridge,0.875652346652455,0.06841351199882909,0.5609810255158124,0.3706054624853585
TAGTGTTAGCGAGGAC_E15S,E15S,Tumor,entering_hypoxia,-0.3960817736147511,1.063827871720316,1.0053831413492265,0.9411823749542236,0.9411823749542236,0.1069583908985144,-0.3960817736147511,1.063827871720316,Ridge,1.0254021638277984,0.1878782039124437,0.49723994635664154,0.3148818497309149
TGAGCCACAATGCCCT_E15S,E15S,Tumor,normoxic_stable,-1.60832931977147,0.0001484787029032,-0.0512809142903854,0.9465161561965942,0.9465161561965942,0.4355671358570973,-1.60832931977147,0.0001484787029032,Oxygenated,1.0549127722520442,0.44214808969706093,0.3497834054226582,0.20806850488028078
CTTGCGAGTCTGGGTC_E15S,E15S,Tumor,entering_hypoxia,-1.13355995248135,0.6015539085237627,0.8084624648827132,0.9437722563743592,0.9437722563743592,0.1384599121331481,-1.13355995248135,0.6015539085237627,Ridge,1.0681291950448777,0.364656829464846,0.4117895452593649,0.2235536252757891
CTACTCACACTATCTG_E15S,E15S,Hypoxic Tumor,exiting_hypoxia,1.2458530248914468,-2.024920147604309,0.9426791738771284,0.9158002734184264,0.9158002734184264,0.7467032797447009,1.2458530248914468,-2.024920147604309,Hypoxic,0.42346288900663953,0.004542561493159739,0.13462516239543282,0.8608322761114073
ATGGTAAAGTCAGCTA_E15S,E15S,Hypoxic Tumor,exiting_hypoxia,0.9194853497741136,-2.1433779872928262,0.6566565432297102,0.9255412817001344,0.9255412817001344,0.8201467103515501,0.9194853497741136,-2.1433779872928262,Hypoxic,0.4737584053018533,0.008546499675729074,0.15188365697183043,0.8395698433524404
AACGATGGTTAATCGC_E15S,E15S,Tumor,normoxic_stable,-2.001505581422784,-0.1496705410283456,-0.0045094421441185,0.9443150162696838,0.9443150162696838,0.360171069495524,-2.001505581422784,-0.1496705410283456,Oxygenated,1.0751435858895777,0.39345907599292945,0.3716448518260561,0.2348960721810144
ATGTCCCCAATTCGTT_E15S,E15S,Tumor,persistent_hypoxia,0.7523884771994064,-0.0481244386613751,1.4206279835239948,0.9380220770835876,0.9380220770835876,0.2273798117643669,0.7523884771994064,-0.0481244386613751,Hypoxic,0.9312085724650842,0.09590532481036834,0.3802435629668138,0.5238511122228179
TGAGCGAAGGTGCTTA_E15S,E15S,Tumor,exiting_hypoxia,0.4230083087623552,-0.6138264568587664,0.2043581775844725,0.943108320236206,0.943108320236206,0.3310029349464005,0.4230083087623552,-0.6138264568587664,Hypoxic,1.0142954928261123,0.1643427073903206,0.34795692740782097,0.48770036520185833
GCGTACCGTTCGAATC_E15S,E15S,Tumor,transitional,-0.1323058089076062,0.2093946335561835,1.0851050937841682,0.9434021711349488,0.9434021711349488,0.257931208028402,-0.1323058089076062,0.2093946335561835,Ridge,1.0901431085667834,0.2950564911742227,0.39483448493248674,0.3101090238932906
CCCTGAGAGCCAGAGA_E15S,E15S,Tumor,exiting_hypoxia,0.3336457884764369,-0.4230442573707085,0.7432865719732707,0.980636477470398,0.980636477470398,0.3405407367639456,0.3336457884764369,-0.4230442573707085,Hypoxic,1.047689670265565,0.19549264986521217,0.3619629679197429,0.44254438221504494
AGCATCGCATTCGTGC_E15S,E15S,Tumor,normoxic_stable,-0.6227081676694007,0.1463267876913779,2.334461475875933,0.9345436096191406,0.9345436096191406,0.1394332780335662,-0.6227081676694007,0.1463267876913779,Oxygenated,1.0766306072751972,0.40111819996071424,0.35904794695034464,0.23983385308894117
GCGATAAGTTGCCCAA_E15S,E15S,Tumor,normoxic_stable,-1.2816201989078873,-0.0854310671325474,0.8390005739574488,0.9383392333984376,0.9383392333984376,0.2598560342617876,-1.2816201989078873,-0.0854310671325474,Oxygenated,1.0457477381293196,0.46768258211230607,0.32753903065310913,0.20477838723458477
CTATAGTAGATAGCTT_E15S,E15S,Tumor,entering_hypoxia,-0.2612405722957781,1.3362718675427416,0.2134040901999401,0.9446673393249512,0.9446673393249512,0.2110774831576083,-0.2612405722957781,1.3362718675427416,Ridge,0.9551653682059076,0.11660176260588907,0.5287243746445646,0.3546738627495464
ACTATTCCATGTCGTC_E15S,E15S,Tumor,exiting_hypoxia,0.6016434631547326,-0.6178666978304127,0.1072776527797586,0.941368043422699,0.941368043422699,0.1284549142154244,0.6016434631547326,-0.6178666978304127,Hypoxic,0.957924413180655,0.12196789920830697,0.34224153489207987,0.5357905658996132
ACTATCCTCGTGCAAC_E15S,E15S,Tumor,normoxic_stable,-1.0119153310787137,0.3301834019578155,0.2975381076764933,0.9448307752609252,0.9448307752609252,0.1560911586461259,-1.0119153310787137,0.3301834019578155,Oxygenated,1.0636613377232829,0.4141973881305178,0.3703711824817015,0.21543142938778065
TCTCATATCCGCGTGA_E15S,E15S,Tumor,entering_deep_hypoxia,1.3625319291919882,1.4670725690144055,-0.02188401676806,0.9363665580749512,0.9363665580749512,0.1699450001463174,1.3625319291919882,1.4670725690144055,Hypoxic,0.6735664697702086,0.004468002476264283,0.3490499236288343,0.6464820738949013
TGCACTAAGCCATAGC_E15S,E15S,Tumor,entering_deep_hypoxia,0.5695100485904385,0.8295817570771845,0.2228584556797606,0.937793493270874,0.937793493270874,0.2051061389817666,0.5695100485904385,0.8295817570771845,Hypoxic,0.9092107992021362,0.07596842234928847,0.455575158235862,0.46845641941484967
AGCACTATCCATCACT_E15S,E15S,Tumor,transitional,0.0597313855161573,0.2438021074339656,0.4552022829271731,0.9337664842605592,0.9337664842605592,0.1090048110981531,0.0597313855161573,0.2438021074339656,Ridge,1.076993690860141,0.24355301583896263,0.40881081037546707,0.34763617378557016
GCACTAATCGCGCCTT_E15S,E15S,Tumor,normoxic_stable,-1.440784003654726,0.3165163057016658,-0.0265282200795347,0.945331573486328,0.945331573486328,0.3265831620987959,-1.440784003654726,0.3165163057016658,Oxygenated,1.0592617606786985,0.415379861601431,0.3767156371603165,0.2079045012382526
GGGTCCATCATAGAGA_E15S,E15S,Tumor,normoxic_stable,-0.6732734081762985,-0.2053297430389785,-0.202815811250384,0.9452979564666748,0.9452979564666748,0.4143506227060084,-0.6732734081762985,-0.2053297430389785,Oxygenated,1.0698493069311548,0.43461867152715195,0.3258540856574295,0.2395272428154184
AACATTGCAACCTGGA_E15S,E15S,Tumor,transitional,-0.3562431733241307,-0.27564174989162,0.0374660193698698,0.9394126534461976,0.9394126534461976,0.3360714417301643,-0.3562431733241307,-0.27564174989162,Oxygenated,1.091689558642761,0.3783041092078902,0.3385106489518607,0.2831852418402491
CATTTGAGTTTAGTGC_E15S,E15S,Tumor,reverted_stable,-0.5726465418798041,-0.5806590407164001,0.7979452873191982,0.944139003753662,0.944139003753662,0.2543512427310014,-0.5726465418798041,-0.5806590407164001,Oxygenated,1.0845437651131002,0.4104980487918869,0.31281007927603705,0.27669187193207606
TGAGCTGCAACCCTTA_E15S,E15S,Tumor,normoxic_stable,-0.8217023892218497,0.2007660697995845,0.5911514479171304,0.9471532106399536,0.9471532106399536,0.4203271774449439,-0.8217023892218497,0.2007660697995845,Oxygenated,1.0669119688061948,0.41930181784800163,0.3574810169580787,0.2232171651939197
ATCTACTCATCCTTAG_E15S,E15S,Tumor,normoxic_stable,-1.2741148554103936,-0.3837309308650483,1.260700619071743,0.9388619661331176,0.9388619661331176,0.2425688714208658,-1.2741148554103936,-0.3837309308650483,Oxygenated,1.0476125120426065,0.4748119739460496,0.30915008197390853,0.21603794408004182
CTTATAGGTTCGCAGC_E15S,E15S,Tumor,normoxic_stable,-1.096194469980232,0.1413649054377123,0.8413996553587121,0.944773495197296,0.944773495197296,0.3327087612794923,-1.096194469980232,0.1413649054377123,Oxygenated,1.05414448649029,0.4451688419906853,0.34683515796012065,0.20799600004919402
AGCACGCCACTCAGCT_E15S,E15S,Tumor,normoxic_stable,-0.8603083838509287,-0.4036525202532899,0.6510701089420009,0.9428548812866212,0.9428548812866212,0.3744175409385288,-0.8603083838509287,-0.4036525202532899,Oxygenated,1.0603952614177086,0.4574241581402574,0.3088123286910857,0.2337635131686568
ATTCACCTCAATTCGG_E15S,E15S,Tumor,normoxic_stable,-1.0463039603539168,-0.0040379110002677,3.333462562629658,0.936236560344696,0.936236560344696,0.1291183721297629,-1.0463039603539168,-0.0040379110002677,Oxygenated,1.0511284692716136,0.45828911598675603,0.33221206853350105,0.20949881547974286
ACACGATCAGGGCAGA_E15S,E15S,Tumor,normoxic_stable,-1.4504347557595976,-0.2728378082581892,1.6984629849301214,0.9413925409317015,0.9413925409317015,0.3060663778197693,-1.4504347557595976,-0.2728378082581892,Oxygenated,1.048185889362271,0.468493600864565,0.32056573679342076,0.21094066234201422
ACAAGTTTCAGTATGT_E15S,E15S,Tumor,entering_hypoxia,-1.2830687901202458,1.906655412065532,0.3842739655237593,0.949709415435791,0.949709415435791,0.1928615914536499,-1.2830687901202458,1.906655412065532,Ridge,0.8455699853213925,0.06232514700261613,0.6008772563424439,0.33679759665493986
ATCCGTCCAACGGTCA_E15S,E15S,Tumor,persistent_hypoxia,2.52531523761125,-0.0229325692643949,-0.2927275548502495,0.9404332041740416,0.9404332041740416,0.2652356189093596,2.52531523761125,-0.0229325692643949,Hypoxic,0.38032541597962694,0.0002950333965665642,0.1254638705636565,0.874241096039777
CTAGAAGGTCTAACGT_E15S,E15S,Tumor,normoxic_stable,-0.922740940726389,0.1639107544574481,0.4833572885147127,0.9400069117546082,0.9400069117546082,0.3179924766469639,-0.922740940726389,0.1639107544574481,Oxygenated,1.0609723352793354,0.4330642750894125,0.35082003251288796,0.21611569239769962
ACCATCCCAGGACTAT_E15S,E15S,Tumor,exiting_hypoxia,-0.1878736493818837,-0.5997372169580802,0.8789436515625896,0.9446455240249634,0.9446455240249634,0.393252249143313,-0.1878736493818837,-0.5997372169580802,Hypoxic,1.0984801991831783,0.32751267159289127,0.3319185953005274,0.34056873310658137
CTAATTGGTTTACACA_E15S,E15S,Tumor,normoxic_stable,-0.8372670295327734,0.0638149992836872,-0.0155853464628747,0.9457253813743592,0.9457253813743592,0.3994210843056006,-0.8372670295327734,0.0638149992836872,Oxygenated,1.062259465052748,0.4369969239234292,0.34215524654203044,0.22084782953454035
AGTAACCCATCCTGAC_E15S,E15S,Tumor,entering_hypoxia,-1.6620190440821656,0.4987719812937115,0.5574943590579068,0.9391904473304749,0.9391904473304749,0.2248816754769061,-1.6620190440821656,0.4987719812937115,Ridge,1.065744736665858,0.36346312366586364,0.4165540656360996,0.21998281069803677
CTGCACCTCATCTAGG_E15S,E15S,Tumor Proliferating,entering_hypoxia,-0.5105819470210462,0.6546851922132183,2.0182345789701963,0.9326761960983276,0.9326761960983276,0.0762061428470178,-0.5105819470210462,0.6546851922132183,Ridge,1.076749643157651,0.296440001017893,0.43260792453674934,0.2709520744453576
TGAGTAAAGGCTACGT_E15S,E15S,Tumor,persistent_hypoxia,0.2936584622408401,0.2378395938319493,0.2901203156406586,0.935000777244568,0.935000777244568,0.1358368154049535,0.2936584622408401,0.2378395938319493,Ridge,1.0437775678638974,0.18517006646030656,0.415557003321533,0.3992729302181605
CATCCCTGTAGCTTAC_E15S,E15S,Tumor,normoxic_stable,-1.0180956933800616,0.0276972697384189,0.8278061552344619,0.9432591795921326,0.9432591795921326,0.246199446024655,-1.0180956933800616,0.0276972697384189,Oxygenated,1.0529136268629469,0.45411713150053074,0.335344561815882,0.21053830668358725
CCGCAAGTCCGTGAGT_E15S,E15S,Tumor,entering_deep_hypoxia,0.5066096403520461,0.6474290862272776,0.3458163102250237,0.9432210326194764,0.9432210326194764,0.2726297299324229,0.5066096403520461,0.6474290862272776,Hypoxic,0.9515926757147664,0.10179635806944103,0.4473556888371165,0.4508479530934424
AGTGTCATCTGGGATC_E15S,E15S,Tumor,transitional,-0.3341067802924949,0.3687752976791213,1.3040961492169607,0.9395238757133484,0.9395238757133484,0.1929602757374235,-0.3341067802924949,0.3687752976791213,Ridge,1.0873023219244342,0.3183451526537669,0.40133903881938293,0.28031580852685023
ACTTGAGTCACACCGG_E15S,E15S,Tumor,entering_deep_hypoxia,1.207171531259507,0.6429447600799282,2.196215035988034,0.9289032220840454,0.9289032220840454,0.1035078556048521,1.207171531259507,0.6429447600799282,Hypoxic,0.7548786271688372,0.022324651658408266,0.3688641006395992,0.6088112477019925
ACCATCAAGTCATCTC_E15S,E15S,Tumor,transitional,-0.2636441736674247,-0.3023473799104271,0.8473205911025605,0.9455875158309937,0.9455875158309937,0.4041233986917704,-0.2636441736674247,-0.3023473799104271,Oxygenated,1.0959188255598722,0.35731877202277157,0.34264699850763153,0.3000342294695968
CACCAGACACTTGATT_E15S,E15S,Tumor,reverted_stable,-1.935016868765248,-0.5021009656396911,0.8989646200870285,0.9435550570487976,0.9435550570487976,0.3808511682046709,-1.935016868765248,-0.5021009656396911,Oxygenated,1.07948337467316,0.4056721327948036,0.3449503166788235,0.24937755052637287
TCCCCAGCAATATGTG_E15S,E15S,Tumor,entering_deep_hypoxia,1.2376717306149836,0.8977555330759626,-0.0896943253893468,0.9408422112464904,0.9408422112464904,0.2590172517426356,1.2376717306149836,0.8977555330759626,Hypoxic,0.7323926790534827,0.015517883934704936,0.37126415399056456,0.6132179620747306
ATACGGTCAAGTTCCC_E15S,E15S,Tumor,entering_hypoxia,-2.4060176814837715,0.5383400732402515,-0.112457304263217,0.9435219764709472,0.9435219764709472,0.236342414559726,-2.4060176814837715,0.5383400732402515,Ridge,1.0405697113956238,0.22679366980027751,0.49490478665910215,0.27830154354062014
GGATCGTTCCTGATGA_E15S,E15S,Tumor,entering_hypoxia,-0.988854147058138,0.6782607298541664,-0.1725300903339279,0.9410641193389891,0.9410641193389891,0.1894682482022382,-0.988854147058138,0.6782607298541664,Ridge,1.070521202636401,0.341581029663301,0.4244293297427695,0.23398964059392957
GGTTAGCTCCTCTCCT_E15S,E15S,Tumor,normoxic_stable,-0.8326987667616068,0.2703576135200811,-0.2940822236987558,0.9456536173820496,0.9456536173820496,0.3962294166907559,-0.8326987667616068,0.2703576135200811,Oxygenated,1.0684801505776935,0.4104107567063587,0.36565272176374397,0.22393652152989726
ACTGCATGTTCCCAAG_E15S,E15S,Tumor Proliferating,entering_deep_hypoxia,2.2322580010995097,0.8912263881071898,1.3038466148247494,0.9419177174568176,0.9419177174568176,0.0282965463702472,2.2322580010995097,0.8912263881071898,Hypoxic,0.4922652541543686,0.0005379015636692062,0.19108497145452408,0.8083771269818067
ATACTTGGTTCGGTTG_E15S,E15S,Tumor,normoxic_stable,-1.200454107262792,-0.1141400184467434,1.5860497245358445,0.940051019191742,0.940051019191742,0.3090972486410394,-1.200454107262792,-0.1141400184467434,Oxygenated,1.0457161458834354,0.4698501766493931,0.32372259888926386,0.20642722446134298
TACCATGAGCCACAGT_E15S,E15S,Tumor,normoxic_stable,-1.426520637847967,-0.0986596562396533,2.0629827751329444,0.9358654022216796,0.9358654022216796,0.2170980729393676,-1.426520637847967,-0.0986596562396533,Oxygenated,1.0474432975059123,0.46341623348541006,0.331341256124852,0.20524251038973806
CAGGCCATCGTACTTC_E15S,E15S,Tumor,normoxic_stable,-1.0236791174667994,0.3491221067530816,0.957344548937442,0.9454619884490968,0.9454619884490968,0.3683826355726446,-1.0236791174667994,0.3491221067530816,Oxygenated,1.0640041288862565,0.41156139689549653,0.3728872978059542,0.21555130529854927
AGACGCAAGTATCTCC_E15S,E15S,Tumor,normoxic_stable,-0.5986725224639069,0.0078919932540203,1.112830270095817,0.9428832530975342,0.9428832530975342,0.3378242286591583,-0.5986725224639069,0.0078919932540203,Oxygenated,1.076129587143495,0.41137931259043975,0.346287463168601,0.2423332242409592
TACGTAGTCACATTGG_E15S,E15S,Tumor,normoxic_stable,-0.8490158226072503,-0.0908177826467332,1.185578382599223,0.942988097667694,0.942988097667694,0.3547378912393717,-0.8490158226072503,-0.0908177826467332,Oxygenated,1.0586857472835576,0.4505935534932656,0.32796106676959075,0.22144537973714354
CCAGGTTAGTAGCATT_E15S,E15S,Tumor,entering_deep_hypoxia,1.835270708268921,0.6922346542877895,-0.0351686003737372,0.933510959148407,0.933510959148407,0.3055081564901013,1.835270708268921,0.6922346542877895,Hypoxic,0.5907974249407012,0.0030397776934281448,0.25809309492167826,0.7388671273848935
TCGTTCCGTTCCCAAG_E15S,E15S,Tumor,entering_hypoxia,0.0856007413132301,2.5118718559547126,1.4620756053769657,0.9418679475784302,0.9418679475784302,0.139174585315508,0.0856007413132301,2.5118718559547126,Hypoxic,0.722607245484282,0.0053257879996652996,0.4927942067565254,0.5018800052438093
GCTCATGGTTGCTCAG_E15S,E15S,Tumor,normoxic_stable,-0.7094750593288791,0.2527542777785393,0.979046605461672,0.9426643252372742,0.9426643252372742,0.3211269640222979,-0.7094750593288791,0.2527542777785393,Oxygenated,1.0740010186603501,0.39914605317100804,0.36759130229106596,0.23326264453792606
ACGCCTAGTTGAGTAG_E15S,E15S,Tumor,transitional,0.1872691797253673,-0.0589635294291122,0.5729515138769805,0.9385334253311156,0.9385334253311156,0.2114593166167348,0.1872691797253673,-0.0589635294291122,Ridge,1.0744052734284482,0.23280457627304457,0.3861566088143544,0.38103881491260105
ACAGCCCGTTCATCGG_E15S,E15S,Tumor,entering_deep_hypoxia,0.7724428391570344,1.0509120074429807,1.072172003190522,0.9132875204086304,0.9132875204086304,0.1663237676711239,0.7724428391570344,1.0509120074429807,Hypoxic,0.8277209081254697,0.03881936506710501,0.4446354449328417,0.5165451900000533
CTGTGAATCATCACAG_E15S,E15S,Tumor,normoxic_stable,-0.6843309839517874,-0.1950865861140681,0.5300651518260423,0.9364852905273438,0.9364852905273438,0.1739844738907836,-0.6843309839517874,-0.1950865861140681,Oxygenated,1.0690291697920067,0.43587542962627757,0.3260651695163408,0.23805940085738164
GTCCATGGTTCCGCAA_E15S,E15S,Tumor,persistent_hypoxia,0.7426823709345117,-0.3936489815834919,0.0520669856299053,0.943761706352234,0.943761706352234,0.3657293164014864,0.7426823709345117,-0.3936489815834919,Hypoxic,0.9259185036821134,0.09889999229838756,0.3528940559850148,0.5482059517165977
GTAGTAAAGCTGGTCG_E15S,E15S,Tumor,entering_hypoxia,-0.3866731675274533,0.4986390963933676,1.3786343230582898,0.9426236152648926,0.9426236152648926,0.2051838327244653,-0.3866731675274533,0.4986390963933676,Ridge,1.0832013177281807,0.3064329889083888,0.4156307123466329,0.2779362987449783
CCTGTTGTCTATGCAG_E15S,E15S,Tumor,entering_deep_hypoxia,1.0130902623917466,2.4055241864385346,-0.0669467098446821,0.9346734881401062,0.9346734881401062,0.1511997049551297,1.0130902623917466,2.4055241864385346,Hypoxic,0.6648235807060527,0.001190478226488105,0.36485152151785494,0.6339580002556569
TGTGCTGGTAACGAGC_E15S,E15S,Tumor,normoxic_stable,-2.172411427868965,-0.2546727098881733,-0.1472200508598353,0.941268026828766,0.941268026828766,0.2488452429174031,-2.172411427868965,-0.2546727098881733,Ridge,1.0843061812883086,0.3602650803338293,0.3833791341941289,0.2563557854720418
CCTGTAAAGGTCACTA_E15S,E15S,Tumor,entering_hypoxia,-0.9439761134932244,1.1120363934578148,0.4369959458143634,0.9445708990097046,0.9445708990097046,0.2390004444962466,-0.9439761134932244,1.1120363934578148,Ridge,1.03705275990564,0.22733420799038542,0.5010016948655531,0.2716640971440614
CATGGGTTCAATTGCG_E15S,E15S,Tumor,transitional,-0.0763129329623143,-0.0119739848777498,0.947092704085456,0.9417791366577148,0.9417791366577148,0.2258167373589011,-0.0763129329623143,-0.0119739848777498,Ridge,1.0941090315859012,0.3009501200861861,0.37662065308708814,0.3224292268267257
CGACCGATCCGCACTC_E15S,E15S,Tumor,reverted_stable,-2.3821306586589635,-0.4110390861214032,0.2800040925286494,0.9454753994941713,0.9454753994941713,0.4061056309402442,-2.3821306586589635,-0.4110390861214032,Ridge,1.0891144822728767,0.3080826919169312,0.3986094131238167,0.29330789495925214
TGAGCTATCGATACAT_E15S,E15S,Tumor,reverted_stable,-1.2737454892398188,-0.4132097031933816,2.084634237916844,0.9398759603500366,0.9398759603500366,0.2078252396062647,-1.2737454892398188,-0.4132097031933816,Oxygenated,1.0485143905393637,0.474203176938924,0.3079422855339865,0.2178545375270897
GCGTGAGGTCAGGGCA_E15S,E15S,Tumor,exiting_hypoxia,-0.1674279618119931,-1.4802055270957677,1.1589775651432714,0.9415918588638306,0.9415918588638306,0.1485016348098441,-0.1674279618119931,-1.4802055270957677,Hypoxic,1.012153691203447,0.18334671793917554,0.29772132939213414,0.5189319526686904
TAGGGTAGTGGGTTGG_E15S,E15S,Tumor,normoxic_stable,-0.5203437187741979,0.1379710478300275,1.0793613845606005,0.9365257024765016,0.9365257024765016,0.1265946686719846,-0.5203437187741979,0.1379710478300275,Oxygenated,1.0823327262828473,0.3854243328016177,0.3634321510611056,0.25114351613727676
GTTATCCTCGATTACG_E15S,E15S,Tumor,normoxic_stable,-0.4485882485901939,0.130271138582807,0.1135712155903344,0.9415857195854188,0.9415857195854188,0.3461747282929935,-0.4485882485901939,0.130271138582807,Oxygenated,1.0859925508039177,0.373177409258373,0.3667236972104575,0.26009889353116944
CGATAAGGTTCCGTGA_E15S,E15S,Hypoxic Tumor,exiting_hypoxia,2.1726038619164583,-1.3246529616093303,0.5201752568411486,0.9310165643692015,0.9310165643692015,0.6534902481105508,2.1726038619164583,-1.3246529616093303,Hypoxic,0.33187159388504794,0.000607530891682983,0.10079642242704226,0.8985960466812748
ATGACGGAGCCAGTCG_E15S,E15S,Tumor,normoxic_stable,-0.4816468290080366,-0.3146857795493119,0.1663970903459342,0.9365733861923218,0.9365733861923218,0.1543044198818385,-0.4816468290080366,-0.3146857795493119,Oxygenated,1.0845108888676283,0.40405156174465123,0.3287744118386766,0.2671740264166722
TATCCGCCACAGGCTA_E15S,E15S,Tumor,normoxic_stable,-1.2223052766150744,-0.4067694506216394,0.9741154392218664,0.9446365833282472,0.9446365833282472,0.3881252959464074,-1.2223052766150744,-0.4067694506216394,Oxygenated,1.0483900041654184,0.4746975808353518,0.30718666996340843,0.2181157492012399
ACTGGTCAGCCATTGA_E15S,E15S,Tumor,normoxic_stable,-0.4492950577154368,-0.3714481791938497,1.4473597973388936,0.9309648871421814,0.9309648871421814,0.0411858443888492,-0.4492950577154368,-0.3714481791938497,Oxygenated,1.087421981712184,0.397199625548549,0.3275248040988356,0.27527557035261535
CTTAGCAAGCCGATTA_E15S,E15S,Tumor,normoxic_stable,-1.5173996798961968,0.2444923794015759,0.743799661075774,0.9482886791229248,0.9482886791229248,0.4203315924692892,-1.5173996798961968,0.2444923794015759,Oxygenated,1.058197820199538,0.42156655560043654,0.3711538246256078,0.20727961977395568
TCCTTTGGTTTACTTC_E15S,E15S,Tumor,normoxic_stable,-0.939990519937726,-0.1966203474213272,0.8254377277769501,0.935446321964264,0.935446321964264,0.2758520653880659,-0.939990519937726,-0.1966203474213272,Oxygenated,1.0531501625171336,0.46326097578007946,0.31827405058439934,0.21846497363552125
GTGGTGAAGCGAGTCT_E15S,E15S,Tumor,entering_hypoxia,-0.30889887881523,0.505368454630463,1.4035793659647957,0.9390170574188232,0.9390170574188232,0.198019414316292,-0.30889887881523,0.505368454630463,Ridge,1.0821073596274002,0.29028599121328386,0.42056225996078195,0.2891517488259343
TAAGCGCTCCGGAACT_E15S,E15S,Tumor,entering_hypoxia,-1.6662456666857774,0.466305285269226,1.1555226501031075,0.9483480453491212,0.9483480453491212,0.4148523859258619,-1.6662456666857774,0.466305285269226,Ridge,1.0656679640813693,0.36944995468656505,0.4118414012597311,0.21870864405370385
TGAGGCGGTTGCTGTG_E15S,E15S,Tumor,normoxic_stable,-1.5807684134788735,0.2896339624406715,0.0855306090475956,0.9442386031150818,0.9442386031150818,0.3162064589290236,-1.5807684134788735,0.2896339624406715,Oxygenated,1.060957093122166,0.40934499900859295,0.3807638339546318,0.2098911670367752
CCTATAGAGTACGCTA_E15S,E15S,Tumor,entering_hypoxia,-0.2805129768460891,0.8799964441179021,0.7741397168598728,0.9393964409828186,0.9393964409828186,0.1270395863605695,-0.2805129768460891,0.8799964441179021,Ridge,1.0459933184562211,0.2106942549287348,0.4738142224381636,0.31549152263310154
ATGGCCCGTTTCACTT_E15S,E15S,Tumor,persistent_hypoxia,0.5789624871516429,0.2630912117700447,0.6661973148050951,0.9412381649017334,0.9412381649017334,0.2783371995476444,0.5789624871516429,0.2630912117700447,Hypoxic,0.9727896433985682,0.11810722608929572,0.41415696637217697,0.4677358075385272
ATTCACCTCGACCGCA_E15S,E15S,Tumor Proliferating,entering_deep_hypoxia,0.3970257108146287,1.1961523802187073,1.2699481861736612,0.9374998807907104,0.9374998807907104,0.1035489705451861,0.3970257108146287,1.1961523802187073,Ridge,0.8844896357369534,0.06335974994469448,0.488310297430847,0.44832995262445857
ATGCTCCCAGCACCAA_E15S,E15S,Tumor,entering_hypoxia,-0.4400255988293244,2.6231141472376915,1.605335091843269,0.9469976425170898,0.9469976425170898,0.1646201258405214,-0.4400255988293244,2.6231141472376915,Ridge,0.7262912282177068,0.006845103267729698,0.5354775722362685,0.45767732449600185
TGGGTGAAGCAGGCAA_E15S,E15S,Tumor,exiting_hypoxia,-0.1343975915443421,-1.2503176182604705,0.1000008954171747,0.9443261623382568,0.9443261623382568,0.197218308396418,-0.1343975915443421,-1.2503176182604705,Hypoxic,1.0529942630993012,0.22292459660169467,0.30943422318059416,0.4676411802177112
ATTGGCCAGAAGGTGT_E15S,E15S,Tumor,normoxic_stable,-0.5695964197777668,0.3164518886022888,1.2774258744666676,0.94356369972229,0.94356369972229,0.2953259456352401,-0.5695964197777668,0.3164518886022888,Ridge,1.0815800863026355,0.36941764501966606,0.38183668897028505,0.24874566601004897
CACCGCTTCTGTAAGT_E15S,E15S,Tumor,entering_hypoxia,-0.706142685779078,0.8399507136379788,-0.1699674208387882,0.9432145357131958,0.9432145357131958,0.2091596318445938,-0.706142685779078,0.8399507136379788,Ridge,1.0660085427517199,0.2791638886081179,0.4562664353399683,0.26456967605191367
CAAGCTCAGTAACCTG_E15S,E15S,Tumor,normoxic_stable,-0.4626974840479784,0.2039551370123896,1.333068584825373,0.9423561692237854,0.9423561692237854,0.213292213780596,-0.4626974840479784,0.2039551370123896,Ridge,1.0855881858127099,0.3670408663120768,0.37398615098806837,0.2589729826998549
TACACTTCAATAGGAG_E15S,E15S,Tumor,entering_deep_hypoxia,0.5031711915546138,1.5234137483360928,1.259752037663942,0.9312048554420472,0.9312048554420472,0.0523391766319941,0.5031711915546138,1.5234137483360928,Ridge,0.8080152945180006,0.030331389983321484,0.48485430791949874,0.48481430209717985
TGTCACCCACCATAGG_E15S,E15S,Tumor,entering_hypoxia,-0.3721859567203754,0.4381812682866995,0.2455204973477876,0.9502389430999756,0.9502389430999756,0.4157987311571366,-0.3721859567203754,0.4381812682866995,Ridge,1.085236436459079,0.31443816808435604,0.4082067143613557,0.2773551175542882
TGTGCCAGTTAAGTCC_E15S,E15S,Tumor,normoxic_stable,-1.1939998968345469,-0.3578881910239254,1.067237683176338,0.940034806728363,0.940034806728363,0.2110745361175709,-1.1939998968345469,-0.3578881910239254,Oxygenated,1.047255919712483,0.47540254387303144,0.30884546262621365,0.2157519935007549
GCACCATAGTTAACGT_E15S,E15S,Tumor,entering_hypoxia,-1.0633298584887811,1.601275062564806,0.8476382388217691,0.944995939731598,0.944995939731598,0.1575507368144104,-1.0633298584887811,1.601275062564806,Ridge,0.929576967848329,0.11327108878839835,0.5728225450746627,0.31390636613693906
GCTCTATTCACATGCA_E15S,E15S,Tumor,normoxic_stable,-0.5449841870583532,-0.19580919373529,1.4149536302220684,0.938111424446106,0.938111424446106,0.2977986747183833,-0.5449841870583532,-0.19580919373529,Oxygenated,1.0790719963950324,0.41397819538985964,0.33273155025416395,0.25329025435597646
AAATGGGCATGATTGA_E15S,E15S,Tumor,normoxic_stable,-1.326554477412791,-0.1748185855468047,0.6922946473413303,0.9460779428482056,0.9460779428482056,0.3973228268776688,-1.326554477412791,-0.1748185855468047,Oxygenated,1.0452456341282044,0.4713099847634018,0.3220854458812471,0.20660456935535118
AAAGCATGTCTAGAGA_E15S,E15S,Tumor,normoxic_stable,-1.1085149379361667,-0.0103421492137687,0.3686092591945407,0.9346722960472108,0.9346722960472108,0.1324208248265681,-1.1085149379361667,-0.0103421492137687,Oxygenated,1.049189506899758,0.4611050859111734,0.331591565191901,0.2073033488969254
ACTATGGTCCCTCGAC_E15S,E15S,Tumor,entering_hypoxia,0.0801344732178032,1.0731145595029743,0.3182747650106478,0.9418094754219056,0.9418094754219056,0.286200057553785,0.0801344732178032,1.0731145595029743,Ridge,0.9672804400592792,0.11809406134787859,0.496911156769778,0.38499478188234343
GGCCGATCATTGCACC_E15S,E15S,Tumor,normoxic_stable,-1.2611121389500677,0.0275737870650553,0.8654521297103772,0.94805508852005,0.94805508852005,0.3912491009789979,-1.2611121389500677,0.0275737870650553,Oxygenated,1.048157241362113,0.4591034599321884,0.33703109525464253,0.20386544481316915
TGTAGAGGTCCCGTAA_E15S,E15S,Tumor,entering_deep_hypoxia,0.909981934709076,0.4336458373576639,1.2067491569354871,0.947661519050598,0.947661519050598,0.1775833049068521,0.909981934709076,0.4336458373576639,Hypoxic,0.8571616348352591,0.05512172350701425,0.40014488800576176,0.5447333884872241
GTGGATTCATGGTTGG_E15S,E15S,Tumor,entering_hypoxia,-0.8265412330795471,2.8306732229753315,1.3076351877080707,0.9480972290039062,0.9480972290039062,0.1689616831452395,-0.8265412330795471,2.8306732229753315,Ridge,0.7148645082299487,0.004487928483066814,0.5418606086658575,0.45365146285107566
GTCCCATCAAACCGTG_E15S,E15S,Tumor,entering_hypoxia,0.1763984415536184,1.708034321597592,1.5581119003117931,0.9445203542709352,0.9445203542709352,0.1575741770372125,0.1763984415536184,1.708034321597592,Ridge,0.8197537257936405,0.035818180129012875,0.5200031689892517,0.4441786508817354
CTTAGTAGTTGTGCTG_E15S,E15S,Tumor,normoxic_stable,-0.9812329996233784,-0.2637075095579966,1.05037763205093,0.9435631632804872,0.9435631632804872,0.3114058439828889,-0.9812329996233784,-0.2637075095579966,Oxygenated,1.0515592851429414,0.46766669396191374,0.3135514008336452,0.21878190520444094
CCCTTACGTTATATCG_E15S,E15S,Tumor,normoxic_stable,-0.7834899668512286,0.3808681893372408,0.4208089805560342,0.9446877241134644,0.9446877241134644,0.3551222414164994,-0.7834899668512286,0.3808681893372408,Oxygenated,1.0735167754349093,0.3872030406108209,0.3817496499558743,0.2310473094333047
TGGGAACGTGGAAGCT_E15S,E15S,Tumor,transitional,-0.3030910112155279,-0.3285378366030234,-0.0753299616014804,0.942215859889984,0.942215859889984,0.3601575876385378,-0.3030910112155279,-0.3285378366030234,Oxygenated,1.0946872172255844,0.3664046707153435,0.3386027192036012,0.29499261008105526
CGACTAATCACCTCAT_E15S,E15S,Tumor,exiting_hypoxia,-0.3872758608668479,-1.4350374628028273,0.0285356679408837,0.9534251689910888,0.9534251689910888,0.1945910598964766,-0.3872758608668479,-1.4350374628028273,Hypoxic,1.0561062210635574,0.23209759562729043,0.3012320357771522,0.4666703685955574
TATACCTCAGCTACTC_E15S,E15S,Tumor,entering_hypoxia,-0.0149943644204759,1.0792720276649566,0.1531508293937027,0.9366281032562256,0.9366281032562256,0.1655894622351328,-0.0149943644204759,1.0792720276649566,Ridge,0.9807800855300717,0.130879315192378,0.49937511634426457,0.3697455684633574
TGACCAGCACTTAGCC_E15S,E15S,Tumor,normoxic_stable,-1.7085975219642775,-0.0293621852811415,0.967713318606644,0.9448360800743104,0.9448360800743104,0.3799766541016122,-1.7085975219642775,-0.0293621852811415,Oxygenated,1.0591194344641466,0.4332379896401816,0.3542960012236373,0.2124660091361812
TACCTCACAACATCCC_E15S,E15S,Tumor,entering_deep_hypoxia,0.5837809688721027,1.061816191350579,1.3244712630817763,0.942205011844635,0.942205011844635,0.2524469416846908,0.5837809688721027,1.061816191350579,Hypoxic,0.8689949120006568,0.05549889275208386,0.466029473613774,0.4784716336341421
GGCTTCCTCATGCGCG_E15S,E15S,Tumor,entering_hypoxia,-0.6791117503625731,1.4189211242113131,2.0794156985223173,0.937507390975952,0.937507390975952,0.1040056306945033,-0.6791117503625731,1.4189211242113131,Ridge,0.9672334762517459,0.13640686653196793,0.5444819088398636,0.31911122462816843
CTTGATGAGGTGCTGT_E15S,E15S,Tumor,entering_deep_hypoxia,1.286170102368238,0.4574103851124349,0.3406055854540583,0.9327917098999025,0.9327917098999025,0.0787658354782514,1.286170102368238,0.4574103851124349,Hypoxic,0.7396198977289206,0.02113479327675404,0.34826556706191025,0.6305996396613358
AGAGACCGTGGAGCCA_E15S,E15S,Tumor,entering_hypoxia,-0.7003530531188017,1.8620886359114663,1.463063624001643,0.9447186589241028,0.9447186589241028,0.1500777807655497,-0.7003530531188017,1.8620886359114663,Ridge,0.8534812275749591,0.060370920466330004,0.5794186274190121,0.36021045211465796
CCTATTCAGGTACGAG_E15S,E15S,Tumor,entering_hypoxia,-0.6949546977831432,1.163663710107827,1.40350013147123,0.9362115859985352,0.9362115859985352,0.1449556462696191,-0.6949546977831432,1.163663710107827,Ridge,1.0234384440897266,0.19704262724287236,0.5094620916832353,0.29349528107389233
CAAGCGAAGGCAATCC_E15S,E15S,Tumor,entering_hypoxia,-1.0330513731236293,0.62953838133011,-0.0726764334430941,0.941418468952179,0.941418468952179,0.3365468675985785,-1.0330513731236293,0.62953838133011,Ridge,1.0699955580915461,0.35510538177545153,0.4160405979071028,0.22885402031744576
ACAGTGAGTAAGCATG_E15S,E15S,Tumor,transitional,-0.1346408265753715,-0.2737468804514517,1.2009836678752357,0.9333896040916444,0.9333896040916444,0.1312579391936723,-0.1346408265753715,-0.2737468804514517,Ridge,1.0977761267153403,0.3253369291011829,0.35260420328098363,0.3220588676178336
TCCTCTTCAGCTAGGC_E15S,E15S,Tumor,persistent_hypoxia,0.4668475378560903,-0.0758518796288259,1.5200848452762536,0.9338611364364624,0.9338611364364624,0.189658839375587,0.4668475378560903,-0.0758518796288259,Hypoxic,1.0193093827227802,0.15967839206579906,0.38913330875490093,0.45118829917930015
CTAAGCCAGGTACTTG_E15S,E15S,Tumor,entering_hypoxia,-0.1680692039404065,2.398599719177305,1.231561192932486,0.9472249746322632,0.9472249746322632,0.1614987568092896,-0.1680692039404065,2.398599719177305,Ridge,0.7406947786121444,0.010224961624679167,0.5293206996889013,0.46045433868641955
GGAAGATTCTGGCTAA_E15S,E15S,Tumor,normoxic_stable,-0.6448669737924366,-0.2007763554772453,0.4570972220703549,0.9399738311767578,0.9399738311767578,0.326363958560892,-0.6448669737924366,-0.2007763554772453,Oxygenated,1.0718803331237439,0.4303303902534112,0.3274252578593105,0.24224435188727828
ATCACTTCACAACGGC_E15S,E15S,Tumor,entering_deep_hypoxia,0.5631123474135014,0.9379613154478608,1.5068365322813388,0.9384071230888368,0.9384071230888368,0.1439345380830115,0.5631123474135014,0.9379613154478608,Hypoxic,0.8938392274259996,0.0677020273991909,0.4621495885119341,0.4701483840888751
CGTACTAAGCATTAGT_E15S,E15S,Tumor,exiting_hypoxia,0.1015983413517716,-0.4086546968748741,0.788357197932258,0.9343677163124084,0.9343677163124084,0.1718251787965694,0.1015983413517716,-0.4086546968748741,Hypoxic,1.0854901863488042,0.25997661675031747,0.35658405358669354,0.38343932966298894
CCTACCATCATAGAGA_E15S,E15S,Tumor,entering_deep_hypoxia,1.2247977058100872,0.7646572172796361,-0.0113655560458614,0.9366395473480223,0.9366395473480223,0.1059666598642332,1.2247977058100872,0.7646572172796361,Hypoxic,0.7434770987547197,0.01878396915443444,0.37007484220349396,0.6111411886420717
CGCTACTCATTCGGAG_E15S,E15S,Tumor,normoxic_stable,-1.282410276263841,-0.3072072777166602,0.8347714878541176,0.9443603157997132,0.9443603157997132,0.3939789027835242,-1.282410276263841,-0.3072072777166602,Oxygenated,1.0459015443579438,0.47517846428660204,0.31294165707587596,0.21187987863752195
ATCCTAAGTTCCGGGT_E15S,E15S,Tumor,normoxic_stable,-0.5364412767782532,0.1948240867712898,0.1762943428323485,0.9465509057044984,0.9465509057044984,0.4174267309632181,-0.5364412767782532,0.1948240867712898,Oxygenated,1.0820305552380276,0.3813082693052095,0.3688430175698472,0.2498487131249432
GCGGGAACATTGGAGT_E15S,E15S,Tumor,transitional,0.0889743753845053,0.1960239131712502,0.5507869558499373,0.9307332038879396,0.9307332038879396,0.2702340918420342,0.0889743753845053,0.1960239131712502,Ridge,1.076558070751192,0.2409638046750676,0.40530934279997816,0.3537268525249543
GCATAGCTCGTTGCCC_E15S,E15S,Tumor,normoxic_stable,-0.8191338347152294,0.1593679577348579,0.1754323964930887,0.937345027923584,0.937345027923584,0.2118184449543289,-0.8191338347152294,0.1593679577348579,Oxygenated,1.0658298145881278,0.4244128018151545,0.3528047851684305,0.22278241301641502
TCTGGGTAGTGGGTTC_E15S,E15S,Tumor,normoxic_stable,-1.1201207589197248,-0.1564193866865302,-0.1046165483433871,0.9445518255233764,0.9445518255233764,0.4086118063922129,-1.1201207589197248,-0.1564193866865302,Oxygenated,1.0466977054543696,0.4707077821777622,0.3198726037733821,0.20941961404885573
TATGAGGGTGGGTATA_E15S,E15S,Tumor,normoxic_stable,-0.4863512298977022,-0.1713459255848492,1.2672120773586506,0.9348892569541932,0.9348892569541932,0.1541654836781369,-0.4863512298977022,-0.1713459255848492,Oxygenated,1.083052941941653,0.4025500088394838,0.33770100157375277,0.2597489895867634
CCCGTTGCACTTACAT_E15S,E15S,Tumor,entering_hypoxia,-1.0155652276591105,0.9992755379251832,1.4798427624314647,0.9406391382217408,0.9406391382217408,0.1429577328774351,-1.0155652276591105,0.9992755379251832,Ridge,1.0518354638803595,0.26060239513857664,0.48152693465841145,0.25787067020301196
GTACCCAGTTTAGCGT_E15S,E15S,Tumor,entering_hypoxia,-0.2324873767125923,0.6595966512669973,-0.0031457967185029,0.937973976135254,0.937973976135254,0.2401614919360158,-0.2324873767125923,0.6595966512669973,Ridge,1.0683165648378106,0.2466131023901829,0.4450546992415955,0.30833219836822173
TCGTCATTCACTAGCA_E15S,E15S,Tumor,normoxic_stable,-2.179652996931708,-0.2499072728083281,-0.1531394068949385,0.9441436529159546,0.9441436529159546,0.3872658348956689,-2.179652996931708,-0.2499072728083281,Ridge,1.084421560078544,0.35851349431983,0.38455671332156266,0.2569297923586074
GCACCAACAACTATCT_E15S,E15S,Tumor,entering_hypoxia,0.1238649458289109,2.083926986114309,1.5645363051774663,0.947497308254242,0.947497308254242,0.183679884713599,0.1238649458289109,2.083926986114309,Ridge,0.7640512008034097,0.016368979304471593,0.5170896082943891,0.46654141240113933
CTGTAACGTAATTCGC_E15S,E15S,Tumor Proliferating,exiting_hypoxia,0.500965335711448,-0.9972150873564224,1.7046924774524166,0.9457968473434448,0.9457968473434448,0.2804507272377896,0.500965335711448,-0.9972150873564224,Hypoxic,0.9381075536095138,0.11811081789535294,0.3152782081539352,0.5666109739507119
TACCTCACACTCGCTG_E15S,E15S,Tumor,normoxic_stable,-2.213245873146641,-0.1351889143470598,0.2914300702176034,0.9447134137153624,0.9447134137153624,0.3653926045872828,-2.213245873146641,-0.1351889143470598,Ridge,1.0827789256924876,0.347030630877381,0.3971438654303364,0.25582550369228263
ACCCCGTTCCGTGGAT_E15S,E15S,Hypoxic Tumor,entering_deep_hypoxia,0.9247627064385434,0.9272855535675192,1.2068792474807972,0.9426125288009644,0.9426125288009644,0.2089418122661815,0.9247627064385434,0.9272855535675192,Hypoxic,0.806401627895063,0.032725313960446284,0.4209290100634963,0.5463456759760574
ACAGAATGTTCATCCC_E15S,E15S,Tumor,normoxic_stable,-0.8391028139516096,-0.2806321969337372,1.904766773280088,0.9382979869842528,0.9382979869842528,0.2308263120124009,-0.8391028139516096,-0.2806321969337372,Oxygenated,1.0592333389739599,0.45623808368330326,0.31536830039562347,0.2283936159210733
TCAACTGAGAAGCCAG_E15S,E15S,Tumor,normoxic_stable,-1.1932430413779904,-0.2797030007607739,0.5420130281312673,0.921584963798523,0.921584963798523,0.1743340269573373,-1.1932430413779904,-0.2797030007607739,Oxygenated,1.045833667990472,0.47535027761112003,0.31275966479054396,0.21189005759833604
CGGCCTAAGCGCATTA_E15S,E15S,Tumor,normoxic_stable,-1.4307584746216435,-0.3686650493558994,2.101793295097768,0.9338991045951844,0.9338991045951844,0.1811657823677409,-1.4307584746216435,-0.3686650493558994,Oxygenated,1.0495224865539157,0.46968552808918224,0.31485913000867966,0.21545534190213803
CCAAGGGGTTCTGGCA_E15S,E15S,Tumor,normoxic_stable,-0.6104134065305099,-0.2145142136389559,1.1193354288657371,0.9396530985832214,0.9396530985832214,0.2316111327486155,-0.6104134065305099,-0.2145142136389559,Oxygenated,1.07443729488484,0.42539289812406844,0.3281364508251979,0.2464706510507337
ACCGACTAGCATGCAC_E15S,E15S,Tumor,reverted_stable,-1.4019904216926902,-0.4068682453493693,0.7272263567351581,0.940458595752716,0.940458595752716,0.2575769522241806,-1.4019904216926902,-0.4068682453493693,Oxygenated,1.0499337020861945,0.4704782927979001,0.31208885504034384,0.21743285216175592
CTACACCCACCTATAT_E15S,E15S,Tumor,reverted_stable,-0.8771688688474688,-0.6872586676118561,1.335385628805422,0.94155353307724,0.94155353307724,0.3256256750271253,-0.8771688688474688,-0.6872586676118561,Oxygenated,1.0719033333114343,0.44123021681352415,0.3007130993604682,0.2580566838260077
ACCCGATAGGCGTCCA_E15S,E15S,Tumor,entering_hypoxia,-0.2891918371770198,1.7776429117897243,0.2198939088398419,0.9455106854438782,0.9455106854438782,0.2464451436438089,-0.2891918371770198,1.7776429117897243,Ridge,0.8505860631277015,0.053760049057354646,0.5564075785466653,0.38983237239597995
CATAGGCTCGATTGCA_E15S,E15S,Tumor,entering_hypoxia,-0.116876379084116,0.9006334914451134,1.4396804712719284,0.931479036808014,0.931479036808014,0.1553134646984699,-0.116876379084116,0.9006334914451134,Ridge,1.02725117514805,0.1790313692755109,0.47968641867280665,0.3412822120516826
CTAAAGCCAAGGTCCA_E15S,E15S,Tumor,reverted_stable,-1.509210048376697,-0.5601778588173452,0.3491353524802587,0.9447205066680908,0.9447205066680908,0.3938410966101667,-1.509210048376697,-0.5601778588173452,Oxygenated,1.0595945317153501,0.4572730127537558,0.31192849629461283,0.23079849095163124
CTAAACCGTCTAAGGA_E15S,E15S,Tumor,persistent_hypoxia,0.5667362233071644,0.0429591877493743,0.4672740595614546,0.9337008595466614,0.9337008595466614,0.1266846250678813,0.5667362233071644,0.0429591877493743,Hypoxic,0.9885016531286921,0.13189728623059266,0.39681234196036924,0.47129037180903816
GTCACCCTCAGCCAAC_E15S,E15S,Tumor,normoxic_stable,-1.296800545812457,0.0131374142290108,0.8512673050682357,0.9443475604057312,0.9443475604057312,0.282210103107348,-1.296800545812457,0.0131374142290108,Oxygenated,1.0477931654241601,0.4598606687152381,0.33653022399884946,0.2036091072859124
TACCACAAGCATCGCG_E15S,E15S,Tumor,persistent_hypoxia,0.677078106209686,-0.0112325942751646,0.3167353178327624,0.9453563690185548,0.9453563690185548,0.3281079353620381,0.677078106209686,-0.0112325942751646,Hypoxic,0.9559197941313473,0.10992376629351558,0.38776943559651544,0.5023067981099689
ACGTTCCCATAGGCCA_E15S,E15S,Tumor,persistent_hypoxia,0.6599657426937561,0.0348037886066017,-0.2312535331944903,0.9441974759101868,0.9441974759101868,0.3066632154174528,0.6599657426937561,0.0348037886066017,Hypoxic,0.9602637370433336,0.11206895622557721,0.3923158248099197,0.4956152189645031
GGCGAGACAGCCATTC_E15S,E15S,Tumor,normoxic_stable,-0.6855054817868436,-0.2948866109798619,1.629727908744552,0.941552996635437,0.941552996635437,0.2886532854916291,-0.6855054817868436,-0.2948866109798619,Oxygenated,1.069697803346099,0.43782892396796536,0.3198610460932264,0.24231002993880815
CAACCAATCCCGCTGT_E15S,E15S,Tumor,entering_hypoxia,-0.5736480403334443,0.7724513032608279,0.4798263526730881,0.9368131756782532,0.9368131756782532,0.2120037274894684,-0.5736480403334443,0.7724513032608279,Ridge,1.069927554766624,0.27926025742547156,0.44876337905410935,0.27197636352041915
CAATCCGGTTGCAGGG_E15S,E15S,Tumor Proliferating,entering_deep_hypoxia,0.452472405213289,0.6549584483310716,1.6415746870676216,0.9545857310295104,0.9545857310295104,0.0580667478484928,0.452472405213289,0.6549584483310716,Ridge,0.9640837904166786,0.11053083390592823,0.45043198860163536,0.43903717749243637
TACAGCGCATTACCGC_E15S,E15S,Tumor,entering_hypoxia,-1.530912785322053,0.5827930363164036,2.214143494445654,0.935395121574402,0.935395121574402,0.1597126992873476,-1.530912785322053,0.5827930363164036,Ridge,1.0652681392848782,0.35767682584267857,0.4217272591613735,0.2205959149959479
ACACTCCCAAGCGGAG_E15S,E15S,Tumor,entering_deep_hypoxia,0.3163915838170503,1.0259615225954108,0.0647022764017446,0.9386374354362488,0.9386374354362488,0.2021999300165957,0.3163915838170503,1.0259615225954108,Ridge,0.9330714162449516,0.09106464048015481,0.4842162968990005,0.4247190626208448
GTCTCACCATCGACAG_E15S,E15S,Tumor,persistent_hypoxia,0.5075708770760159,-0.0693797506399897,1.3021001683466695,0.9394069910049438,0.9394069910049438,0.2774638204810925,0.5075708770760159,-0.0693797506399897,Hypoxic,1.008306785385935,0.14951739807928258,0.3891086714180496,0.46137393050266773
TCACATAGTCATCAAC_E15S,E15S,Tumor,transitional,-0.0885200139046624,0.2193965500058852,1.4426876921913852,0.9345401525497437,0.9345401525497437,0.0843887273386987,-0.0885200139046624,0.2193965500058852,Ridge,1.088313270403793,0.2832737524604727,0.39848862236012356,0.3182376251794038
GGACGTAAGGGGCTAA_E15S,E15S,Tumor,entering_deep_hypoxia,0.607578746599469,2.686413373499537,1.391602649955136,0.947756826877594,0.947756826877594,0.1730332715131395,0.607578746599469,2.686413373499537,Hypoxic,0.6838873456130876,0.0012573971565319655,0.4047372456575878,0.5940053571858802
GGTATGGAGGGTTGCT_E15S,E15S,Tumor,entering_hypoxia,-0.4671173258487657,1.9767777847136985,1.1038658355639388,0.9487065076828004,0.9487065076828004,0.1771352518951458,-0.4671173258487657,1.9767777847136985,Ridge,0.817265807700841,0.04030743356916318,0.5695337053959221,0.3901588610349146
TCTGACAAGCGGATGA_E15S,E15S,Tumor,entering_hypoxia,-0.3175371978564433,1.8761231518588168,0.3090040130238564,0.947124719619751,0.947124719619751,0.2202491551207576,-0.3175371978564433,1.8761231518588168,Ridge,0.8305026809338556,0.04466475279663273,0.5597661306681097,0.39556911653525767
GCCAATTGTAAGTACG_E15S,E15S,Tumor,transitional,-0.2490816900469788,0.1554867081859431,0.378782550675719,0.9423658847808838,0.9423658847808838,0.2089329838612359,-0.2490816900469788,0.1554867081859431,Ridge,1.0922166462081608,0.3285063054469796,0.3818224143054579,0.2896712802475625
ACACGATCAAGCTACG_E15S,E15S,Tumor,transitional,0.0483281566157126,-0.2755406014901552,0.1712673480711366,0.9376424551010132,0.9376424551010132,0.1399931714259098,0.0483281566157126,-0.2755406014901552,Ridge,1.0910673210055055,0.27635894295163665,0.3630157529170005,0.36062530413136296
TGAAACGGTATAGACG_E15S,E15S,Tumor,persistent_hypoxia,0.4689009521471101,-0.2198747769149017,1.3604369375883665,0.9333577156066896,0.9333577156066896,0.0711855348284468,0.4689009521471101,-0.2198747769149017,Hypoxic,1.0194939447889908,0.16178629454374593,0.3775285434060679,0.46068516205018617
CCAGATTGTTTCGTCC_E15S,E15S,Tumor,normoxic_stable,-0.7546964841238228,0.0809795286451512,0.0334435130871541,0.9446057677268982,0.9446057677268982,0.3357444232347822,-0.7546964841238228,0.0809795286451512,Oxygenated,1.067419344463716,0.4262429259134081,0.3465571393867575,0.2271999346998344
TCATAACAGCGCATGT_E15S,E15S,Tumor,entering_deep_hypoxia,1.23129015242839,2.074616621676085,1.4383162120829618,0.938173770904541,0.938173770904541,0.1225234537842808,1.23129015242839,2.074616621676085,Hypoxic,0.6587282207097633,0.0016674304488066307,0.34946396992354034,0.6488685996276531
TATCCTTGTCATTACA_E15S,E15S,Tumor,entering_hypoxia,-2.2181836838024127,0.8395106348333421,2.73614912337458,0.9390551447868348,0.9390551447868348,0.15564351018919,-2.2181836838024127,0.8395106348333421,Ridge,1.0216974964823666,0.20839318639474758,0.5187391134002906,0.2728677002049618
CTGCTGCTCACCTATC_E15S,E15S,Tumor,normoxic_stable,-1.066866852202763,-0.0174772217877721,1.306277173539091,0.940780758857727,0.940780758857727,0.2508265462710878,-1.066866852202763,-0.0174772217877721,Oxygenated,1.0501624328882957,0.4602671114943229,0.3309319647329716,0.2088009237727055
ACAGTCGCAGCATGTG_E15S,E15S,Tumor Proliferating,entering_deep_hypoxia,0.3703677669542162,0.4461461265272576,1.4700582366054182,0.9428114295005798,0.9428114295005798,0.0575760731349718,0.3703677669542162,0.4461461265272576,Ridge,1.0093968827015714,0.1478031018419861,0.4348640552068168,0.4173328429511972
GCTTTGAAGAAGCTAA_E15S,E15S,Tumor,normoxic_stable,-1.3189296194537727,0.3364271851124822,0.8265176552724249,0.940096914768219,0.940096914768219,0.2296873255875721,-1.3189296194537727,0.3364271851124822,Oxygenated,1.0592308184167956,0.41707818623899173,0.3747757296722384,0.2081460840887698
CAATGGTCAGGGACGA_E15S,E15S,Tumor,normoxic_stable,-1.1974917720984062,0.2156476991068841,-0.0542508614686805,0.9474151134490968,0.9474151134490968,0.3886686226786899,-1.1974917720984062,0.2156476991068841,Oxygenated,1.0551394326444932,0.43721770994753545,0.35631968641339756,0.20646260363906702
CGTGAGAAGCGATGTC_E15S,E15S,Tumor Proliferating,persistent_hypoxia,1.4186583662204364,0.2402569788412922,1.4591857627883005,0.936049461364746,0.936049461364746,0.0751544469107539,1.4186583662204364,0.2402569788412922,Hypoxic,0.7015330483845434,0.01661276988713609,0.31539045902191126,0.6679967710909527
ACGTTAACAATTGCTT_E15S,E15S,Tumor,entering_deep_hypoxia,0.2933083844427773,0.5119673093475268,0.528564819285253,0.9302561283111572,0.9302561283111572,0.1030128814683201,0.2933083844427773,0.5119673093475268,Ridge,1.0184600302021523,0.1574437443767224,0.4414063571862202,0.40114989843705745
TCGCAAATCGAAGCTC_E15S,E15S,Tumor,transitional,-0.1435034747640754,-0.1211420675875169,0.2526552253160631,0.9584088325500488,0.9584088325500488,0.2687243881296696,-0.1435034747640754,-0.1211420675875169,Ridge,1.0965360351954185,0.32400660513397866,0.36319013105967096,0.3128032638063505
AAGTGGACATAGGCTG_E15S,E15S,Hypoxic Tumor,transitional,-0.2875000700224598,-0.1754338308739552,0.2757675571565632,0.8471428751945496,0.8471428751945496,0.9829939833278842,-0.2875000700224598,-0.1754338308739552,Oxygenated,1.094071189233247,0.36093508239279015,0.34968287706505297,0.289382040542157
CATGGGTTCTGTGGCG_E15S,E15S,Tumor,normoxic_stable,-1.3446547705542649,-0.0862061177631353,0.7688424808720798,0.946556806564331,0.946556806564331,0.3952204413732371,-1.3446547705542649,-0.0862061177631353,Oxygenated,1.0461626257487764,0.4661901093508303,0.32926495830476815,0.2045449323444015
GCTTCATTCAGGACTC_E15S,E15S,Tumor,transitional,0.2608551303116804,0.3254007480108845,0.5794343800895326,0.9440051913261414,0.9440051913261414,0.2786593177585006,0.2608551303116804,0.3254007480108845,Ridge,1.0432250318950473,0.18504391619099939,0.42331579533759167,0.3916402884714089
TGACTAACAATAGACC_E15S,E15S,Tumor,entering_hypoxia,-0.4177721845034913,1.2440317464334782,1.3405454230557616,0.9443319439888,0.9443319439888,0.1722788231209478,-0.4177721845034913,1.2440317464334782,Ridge,0.9911184441339649,0.15127597204703688,0.5207560475271721,0.32796798042579106
CGCCATTCAATCGACG_E15S,E15S,Tumor,entering_hypoxia,-0.7183652289334775,0.6115853837353739,0.8225336355361369,0.939755082130432,0.939755082130432,0.1820633253616587,-0.7183652289334775,0.6115853837353739,Ridge,1.0765017056174198,0.33400346952409565,0.4183247517365742,0.24767177873933025
AAGTAAGTCGCTGGCA_E15S,E15S,Tumor,normoxic_stable,-1.4885282278716976,0.0599913634841125,-0.077280116607227,0.9467626214027404,0.9467626214027404,0.4318435356901175,-1.4885282278716976,0.0599913634841125,Oxygenated,1.0520327740056592,0.44672676320591914,0.3485810857047554,0.2046921510893254
AGTGGTTCATTAGTTC_E15S,E15S,Tumor,transitional,0.2702505640378572,0.1288682749216407,0.2362400260012231,0.9363583922386168,0.9363583922386168,0.1918838989167038,0.2702505640378572,0.1288682749216407,Ridge,1.0546414743303423,0.19968807646660347,0.4051440757176915,0.395167847815705
AGAGAATCAGGCTATG_E15S,E15S,Tumor,entering_hypoxia,-0.0385922922946441,2.434057007041329,0.3153155017543377,0.9480198621749878,0.9480198621749878,0.1848621826195358,-0.0385922922946441,2.434057007041329,Ridge,0.7332305414213337,0.007912383932256174,0.5133484057633207,0.47873921030442307
GGTAAATGTGATTGAG_E15S,E15S,Tumor,normoxic_stable,-1.0497822464580395,-0.123529872362353,-0.0671622929467856,0.9429162740707396,0.9429162740707396,0.3822825234756292,-1.0497822464580395,-0.123529872362353,Oxygenated,1.048951438962156,0.46662982086763805,0.32227023299510055,0.21109994613726127
GGGGATGCAAGCCTAG_E15S,E15S,Tumor,exiting_hypoxia,0.3639256055639944,-1.0007145901430552,0.469901428451803,0.940558910369873,0.940558910369873,0.3418850885061112,0.3639256055639944,-1.0007145901430552,Hypoxic,0.9822557449317635,0.14715820887130981,0.3204028629801104,0.5324389281485797
GTCTGGACAAATCTAG_E15S,E15S,Tumor,normoxic_stable,-0.5310218375321449,0.1008352594993358,0.9793137051148256,0.943328619003296,0.943328619003296,0.3083571959800629,-0.5310218375321449,0.1008352594993358,Oxygenated,1.0813739475103668,0.39135858326256234,0.35893916598394265,0.24970225075349498
TGAGCCACATCATCGC_E15S,E15S,Tumor,normoxic_stable,-1.4986466813936572,0.0921211738508252,0.8342157468315428,0.9443212747573853,0.9443212747573853,0.3313738901000514,-1.4986466813936572,0.0921211738508252,Oxygenated,1.0531532584852283,0.4426109081836323,0.3524342554267019,0.20495483638966572
CCCACGTTCATGCGCG_E15S,E15S,Tumor,transitional,-0.2313967773890801,0.2667343690035876,0.2236244811441092,0.9426637291908264,0.9426637291908264,0.2269568937298153,-0.2313967773890801,0.2667343690035876,Ridge,1.0899927175863413,0.31110725569607334,0.395163999674459,0.29372874462946763
TGATTCCTCCATAGGC_E15S,E15S,Tumor,transitional,-0.0927470355167051,-0.2608979732739603,0.91888021412545,0.9379724264144896,0.9379724264144896,0.1725661465578366,-0.0927470355167051,-0.2608979732739603,Ridge,1.097283665575101,0.31436066181275946,0.35604956435768426,0.3295897738295563
ACCATCAAGCATGAGG_E15S,E15S,Tumor,normoxic_stable,-1.5679589695862772,-0.3674934919766787,-0.0124771395712494,0.9411727786064148,0.9411727786064148,0.3580708243140301,-1.5679589695862772,-0.3674934919766787,Oxygenated,1.0544336347538854,0.4597507004761512,0.3217884244463092,0.21846087507753975
ATGCACGCAGCTCTCG_E15S,E15S,Tumor,transitional,-0.0603802975957734,0.4052795582198935,1.0214046909749397,0.9354507327079772,0.9354507327079772,0.1625341080320737,-0.0603802975957734,0.4052795582198935,Ridge,1.077280851444103,0.2525682860605036,0.4207628551785009,0.32666885876099544
CCAGAGAAGGGTTAGG_E15S,E15S,Tumor,entering_deep_hypoxia,0.3314356960278327,0.8444136108258401,0.3936309968036154,0.9420411586761476,0.9420411586761476,0.2223406531715667,0.3314356960278327,0.8444136108258401,Ridge,0.9625400795958645,0.11040636311443756,0.4701275125247336,0.41946612436082875
GCCACAACAAAGGGTA_E15S,E15S,Tumor,entering_deep_hypoxia,1.3585094616662972,0.7854644577987497,1.227011848083239,0.9382097721099854,0.9382097721099854,0.0597153857797305,1.3585094616662972,0.7854644577987497,Hypoxic,0.7083844437944598,0.012648661112809009,0.3476588760138322,0.6396924628733588
ACAGGGATCCATCCCA_E15S,E15S,Tumor,normoxic_stable,-0.6640669824564079,-0.1029102143756708,0.73394292883884,0.9469391107559204,0.9469391107559204,0.3617996944962651,-0.6640669824564079,-0.1029102143756708,Oxygenated,1.0706472989201266,0.4289962988593222,0.3336894619090686,0.23731423923160908
CCACGCAAGAACGATA_E15S,E15S,Tumor,entering_hypoxia,-1.28961720338922,1.355273451722349,1.6866431350543818,0.9424356818199158,0.9424356818199158,0.2016245380345534,-1.28961720338922,1.355273451722349,Ridge,0.9885224862287064,0.17003502061631873,0.5469543764474211,0.2830106029362601
CGAACTATCGCGACAT_E15S,E15S,Tumor,entering_hypoxia,-1.0057652552962706,2.3847799700706283,1.253673426033522,0.946439266204834,0.946439266204834,0.157588024433509,-1.0057652552962706,2.3847799700706283,Ridge,0.7534123050430057,0.018564832231626117,0.5876321058345905,0.3938030619337835
CCCTAACCATCGGTTC_E15S,E15S,Tumor,normoxic_stable,-0.9541655460403774,0.3883085786949302,0.1301309558022791,0.9399783611297609,0.9399783611297609,0.308644661716469,-0.9541655460403774,0.3883085786949302,Oxygenated,1.067443037474789,0.40066277232520986,0.3790211562437115,0.22031607143107854
AGGCAATAGGCGCTTG_E15S,E15S,Tumor,entering_deep_hypoxia,0.5273448504723757,0.7156929501618934,1.2830305940086004,0.9426810145378112,0.9426810145378112,0.2017145183225549,0.5273448504723757,0.7156929501618934,Hypoxic,0.9367432177996375,0.09215175967111364,0.4511158611115537,0.4567323792173326
TACACAACAAACCCAG_E15S,E15S,Tumor,entering_hypoxia,-0.9161071892116291,1.0768011329430245,0.3458526982786614,0.941409468650818,0.941409468650818,0.2723829993359489,-0.9161071892116291,1.0768011329430245,Ridge,1.0420351414456341,0.23518816139706625,0.4948573657451529,0.2699544728577808
CCGCCTTAGTGACCGT_E15S,E15S,Hypoxic Tumor,transitional,-0.1011182768670669,-0.2965081591917204,0.3702900510486917,0.8666019439697266,0.8666019439697266,1.0,-0.1011182768670669,-0.2965081591917204,Ridge,1.097596349090267,0.3166802389773734,0.3531510828801675,0.33016867814245904
CTCCAGCTCCCATTAC_E15S,E15S,Tumor,entering_deep_hypoxia,0.3235855152124292,0.426562174337696,0.2710244881857157,0.9366481900215148,0.9366481900215148,0.169050411799765,0.3235855152124292,0.426562174337696,Ridge,1.021587224844429,0.1601052295586423,0.433349736475461,0.40654503396589664
GGCATTCAGTAGTTAC_E15S,E15S,Tumor,transitional,-0.2084118586200387,-0.1498477024244194,1.0290201760832238,0.9574676752090454,0.9574676752090454,0.3741980441552316,-0.2084118586200387,-0.1498477024244194,Ridge,1.0961906533444856,0.34128392383011474,0.3567452191546493,0.3019708570152359
AGACGTTCAGGGACTC_E15S,E15S,Tumor,entering_hypoxia,-0.5537652291278982,1.4557861022222558,0.439874159178814,0.942703366279602,0.942703366279602,0.2622500227379361,-0.5537652291278982,1.4557861022222558,Ridge,0.9509487659664626,0.12005132280290544,0.5464241770627903,0.33352450013430424
GCGCATTAGAAGCGGC_E15S,E15S,Tumor,normoxic_stable,-0.8771016753194576,0.0657887659731533,0.6889984727244457,0.9432922601699828,0.9432922601699828,0.3300529200048896,-0.8771016753194576,0.0657887659731533,Oxygenated,1.0601909963800065,0.4405194174459831,0.341316879379216,0.21816370317480088
CGCTTCATCATCTAGG_E15S,E15S,Tumor,normoxic_stable,-0.4596686542556983,0.1763398446502252,0.2096882978865981,0.9415107369422911,0.9415107369422911,0.3090180639236274,-0.4596686542556983,0.1763398446502252,Ridge,1.0856354010826261,0.3699239552527021,0.371059666895808,0.25901637785148984
AGGACCAAGAAGCGAT_E15S,E15S,Tumor,transitional,-0.1961161241038937,0.0023763943619058,-0.0164874188342459,0.951065719127655,0.951065719127655,0.229018247896398,-0.1961161241038937,0.0023763943619058,Ridge,1.0948702619101023,0.3299783853254158,0.370264415075756,0.2997571995988282
CTCGAATGTTGCATAC_E15S,E15S,Tumor,entering_hypoxia,-0.5664091963457961,1.2987744432688446,0.8269400022003275,0.9389564990997314,0.9389564990997314,0.1423057419613932,-0.5664091963457961,1.2987744432688446,Ridge,0.9894399779594706,0.15401004831289283,0.5284264642187024,0.3175634874684047
TAAGCACCAACATCAA_E15S,E15S,Tumor,entering_hypoxia,-0.2301468644191772,0.4638363930401628,1.2827828215142814,0.9403648972511292,0.9403648972511292,0.2099725752715446,-0.2301468644191772,0.4638363930401628,Ridge,1.0823201036918144,0.28134268489069675,0.4192288625414121,0.29942845256789113
GTGTCCCTCCGTTACT_E15S,E15S,Tumor,normoxic_stable,-0.8718111412109968,-0.1062944910489522,-0.3010173966324307,0.943731427192688,0.943731427192688,0.3893575502420366,-0.8718111412109968,-0.1062944910489522,Oxygenated,1.0572147011856194,0.45363434987169754,0.326158828930176,0.2202068211981265
CATTAGGTCCGCTGTC_E15S,E15S,Tumor,entering_deep_hypoxia,0.3540616673209578,0.7229738729290519,1.4113294194003263,0.9429444074630736,0.9429444074630736,0.1976792767218469,0.3540616673209578,0.7229738729290519,Ridge,0.977095026200826,0.12084770892368775,0.4594353060444537,0.4197169850318585
TCCCACGCAGGGCATC_E15S,E15S,Tumor,normoxic_stable,-1.1701731973495966,0.3957066573385437,0.5015971718261099,0.934840738773346,0.934840738773346,0.2069302665706706,-1.1701731973495966,0.3957066573385437,Oxygenated,1.0625453317427749,0.4076409221757571,0.37997626909734883,0.21238280872689405
ACGATATTCGTCTATC_E15S,E15S,Tumor,entering_hypoxia,-0.0366583721335094,0.4206139420909089,1.012209679070836,0.9373393058776855,0.9373393058776855,0.2261037477944181,-0.0366583721335094,0.4206139420909089,Ridge,1.0743993195092316,0.24485061822755885,0.423652797947863,0.331496583824578
CATAAGCCAGGTTGGC_E15S,E15S,Tumor,normoxic_stable,-1.951286288849619,-0.2604175647755191,-0.1279477570185062,0.9437820911407472,0.9437820911407472,0.345965463004204,-1.951286288849619,-0.2604175647755191,Oxygenated,1.074017412158251,0.4063882864262282,0.3585998442855228,0.23501186928824908
GGATTAGGTTCAATGC_E15S,E15S,Tumor,reverted_stable,-1.0921538742562236,-0.8541927459182744,0.8237043065932307,0.9455633163452148,0.9455633163452148,0.3823134572007154,-1.0921538742562236,-0.8541927459182744,Oxygenated,1.0757426272142336,0.4343615557697698,0.2981690693695395,0.26746937486069067
ACAAGCGAGCCCGTAG_E15S,E15S,Tumor,normoxic_stable,-1.684365958536428,0.1614335190853187,-0.0371080219535403,0.943686842918396,0.943686842918396,0.390270855298714,-1.684365958536428,0.1614335190853187,Oxygenated,1.0610457044036559,0.4167067484724753,0.37207333997642744,0.21121991155109718
TACAACTAGCTTAACG_E15S,E15S,Tumor,persistent_hypoxia,1.161261199348145,0.3699956317948771,0.1511398182895209,0.940325915813446,0.940325915813446,0.3172243087860879,1.161261199348145,0.3699956317948771,Hypoxic,0.7805453988068973,0.03142963983819514,0.36340531692463773,0.6051650432371671
TCGTTTCAGGGCTATC_E15S,E15S,Tumor,entering_hypoxia,0.0413430006633943,1.267104164494636,-0.2100027554126444,0.9400399923324584,0.9400399923324584,0.259573316821229,0.0413430006633943,1.267104164494636,Ridge,0.9319947303048184,0.09433638449290671,0.5137531560025869,0.3919104595045064
TCTGCACCAATCAGTA_E15S,E15S,Tumor,persistent_hypoxia,0.5277370173062337,-0.3767130328694394,0.9542572520024608,0.9421091079711914,0.9421091079711914,0.318121171268344,0.5277370173062337,-0.3767130328694394,Hypoxic,0.9989659127836937,0.14648875361430302,0.36416605641324745,0.4893451899724496
AACGGTGAGGCGTCTG_E15S,E15S,Tumor,entering_deep_hypoxia,1.408347856216951,2.02536097279767,-0.2461407261214464,0.938434898853302,0.938434898853302,0.1832184567269673,1.408347856216951,2.02536097279767,Hypoxic,0.6350897537858364,0.0011355676828171833,0.31976584678700226,0.6790985855301805
GGGTAATAGTAAGGGT_E15S,E15S,Tumor,entering_hypoxia,-0.6772743559320121,0.8553147296933333,0.3715061820233978,0.94329035282135,0.94329035282135,0.2963435235037349,-0.6772743559320121,0.8553147296933333,Ridge,1.064502942947347,0.2722406253765305,0.45948425909381785,0.2682751155296516
TGTGCCAGTTCCCGTT_E15S,E15S,Tumor,exiting_hypoxia,-0.1139512508205239,-0.4859545906513419,-0.0951114220682735,0.9398043155670166,0.9398043155670166,0.2224495580953953,-0.1139512508205239,-0.4859545906513419,Hypoxic,1.0978939552811051,0.3155784921062764,0.34128563091141945,0.3431358769823041
TGCCCTCAGCTACTCT_E15S,E15S,Tumor,normoxic_stable,-0.8868038626607849,-0.1507150471270564,0.557294878689577,0.9459089040756226,0.9459089040756226,0.4100234679967801,-0.8868038626607849,-0.1507150471270564,Oxygenated,1.0560384767263427,0.4572106697922943,0.32248453723648507,0.22030479297122058
CCAACTGGTATTGGAG_E15S,E15S,Tumor,normoxic_stable,-0.8218766593307518,-0.2374082048061254,-0.0080233703614193,0.9466357231140136,0.9466357231140136,0.4170660342989846,-0.8218766593307518,-0.2374082048061254,Oxygenated,1.059911812343732,0.45381571257478975,0.3183929844233694,0.22779130300184094
CCGACCTTCCATCTCG_E15S,E15S,Tumor,entering_deep_hypoxia,0.3441298137766982,0.5917092352117699,1.0889779430573336,0.9366891384124756,0.9366891384124756,0.1747412383877639,0.3441298137766982,0.5917092352117699,Ridge,0.9978711124034048,0.13777675141684104,0.44827549971969954,0.41394774886345953
ATACAGCCAACCTTGC_E15S,E15S,Tumor,entering_hypoxia,0.1988784138829528,0.5687076268500185,0.0294943809243273,0.9363571405410768,0.9363571405410768,0.2205102547053145,0.1988784138829528,0.5687076268500185,Ridge,1.0294908859949068,0.17087326712337197,0.4466384898208297,0.38248824305579837
CCGTAATGTGCGAGCA_E15S,E15S,Tumor,entering_hypoxia,-1.357402660407433,0.7333722289389366,0.1673019694866768,0.9455896615982056,0.9455896615982056,0.2625200302479757,-1.357402660407433,0.7333722289389366,Ridge,1.064633384320598,0.3317486625814876,0.43975533382561266,0.22849600359289965
GGGCAAATCCAGGCCA_E15S,E15S,Tumor,entering_deep_hypoxia,0.4412107429791633,0.7511236722670125,0.6593742961116117,0.9377666115760804,0.9377666115760804,0.1975725779170184,0.4412107429791633,0.7511236722670125,Ridge,0.95272734358766,0.10269916090196936,0.45830289066295204,0.43899794843507867
TGAGTCTGTTAGTTCA_E15S,E15S,Tumor,entering_deep_hypoxia,0.2953306964078471,0.5406117943831712,2.766739868255022,0.9391507506370544,0.9391507506370544,0.1554472265300511,0.2953306964078471,0.5406117943831712,Ridge,1.0146483426802737,0.1537021908089448,0.44410360302480895,0.4021942061662463
ATACGTTAGAAGGTGT_E15S,E15S,Tumor,entering_hypoxia,0.0244018397202149,0.4519945943161122,1.307569133623154,0.9427804350852966,0.9427804350852966,0.217815940603314,0.0244018397202149,0.4519945943161122,Ridge,1.0662241136272712,0.22618148174863711,0.4298118397455258,0.3440066785058371
TCCTTTGGTAATTGGG_E15S,E15S,Tumor,entering_hypoxia,-1.2279371624359507,1.0631946351272463,-0.0124524788962358,0.94565087556839,0.94565087556839,0.2039157620985019,-1.2279371624359507,1.0631946351272463,Ridge,1.0422459535511204,0.24722257643347187,0.4961894441355103,0.25658797943101774
CGCTGATAGCGCTTGG_E15S,E15S,Tumor,normoxic_stable,-0.5533832255724742,0.2317705581378159,0.2990004655855841,0.9394036531448364,0.9394036531448364,0.2518613993949624,-0.5533832255724742,0.2317705581378159,Oxygenated,1.0815570933609469,0.37924157534675385,0.37223809639757266,0.2485203282556735
CCGACAACATAATCTC_E15S,E15S,Tumor,entering_deep_hypoxia,0.7137155279390835,2.048781316202295,1.2478733973214575,0.933531939983368,0.933531939983368,0.1089442980869912,0.7137155279390835,2.048781316202295,Hypoxic,0.7203743146523214,0.00630116818331045,0.4395852382076621,0.5541135936090275
ATAGCAAAGCCTGGAT_E15S,E15S,Tumor,transitional,0.0973692230393768,0.0291220596921345,0.7242172826840607,0.9417449235916138,0.9417449235916138,0.3479361773370548,0.0973692230393768,0.0291220596921345,Ridge,1.0824345247274711,0.25233457301581746,0.38992679210209763,0.35773863488208485
CTTACAAGTTGGATCT_E15S,E15S,Tumor,transitional,-0.2572884598680841,0.1566009198769582,1.5415151370780724,0.9316978454589844,0.9316978454589844,0.1479798968628758,-0.2572884598680841,0.1566009198769582,Ridge,1.092101845565645,0.3302462422947367,0.38141694877506704,0.2883368089301962
ATGGTGGAGTGAGCCT_E15S,E15S,Tumor,reverted_stable,-2.0159418614722173,-0.6367424851447939,0.2605138193796666,0.9431189894676208,0.9431189894676208,0.2427235235810641,-2.0159418614722173,-0.6367424851447939,Oxygenated,1.0884478982372583,0.38166932745357096,0.34851412223838774,0.2698165503080412
GCAGGCTCACCAATCC_E15S,E15S,Tumor,normoxic_stable,-0.6813757013249493,-0.2242456958856943,1.0562530494326317,0.9458931088447572,0.9458931088447572,0.3916989298809073,-0.6813757013249493,-0.2242456958856943,Oxygenated,1.0693522523814025,0.4362586001256778,0.3242719222046289,0.23946947766969334
TCTATGAGTCCATAGT_E15S,E15S,Tumor,entering_hypoxia,-0.6252407910856235,0.8039438443421562,1.4273186829423845,0.9411697387695312,0.9411697387695312,0.1681166616333911,-0.6252407910856235,0.8039438443421562,Ridge,1.0681376704173295,0.27854580562982834,0.4523157740894919,0.2691384202806798
GGGCTAGGTTCGTCCT_E15S,E15S,Tumor,normoxic_stable,-2.2128706762429964,-0.2343771655198289,0.2830164782398328,0.9430387020111084,0.9430387020111084,0.3740444501247186,-2.2128706762429964,-0.2343771655198289,Ridge,1.0849414976142873,0.3504374451888723,0.38958615365817856,0.25997640115294907
CCTGGCTTCAATCCAG_E15S,E15S,Tumor,normoxic_stable,-0.5446746708816477,0.0515494249977019,0.0975945237217528,0.9439297318458556,0.9439297318458556,0.2755721087824638,-0.5446746708816477,0.0515494249977019,Oxygenated,1.0800615492432317,0.398609714615191,0.35325448972569873,0.2481357956591103
TGGACGAAGTGATCGC_E15S,E15S,Tumor,normoxic_stable,-1.5741012087923136,0.0436976379914517,1.6370777452787937,0.9407853484153748,0.9407853484153748,0.3128503486394473,-1.5741012087923136,0.0436976379914517,Oxygenated,1.0543862474304695,0.4414454885166817,0.35179642149933615,0.2067580899839822
ATCGAAGGTCCATATA_E15S,E15S,Tumor,normoxic_stable,-0.8858523978311833,0.1137580954441645,0.0055574710280267,0.9443420171737672,0.9443420171737672,0.3327360052421376,-0.8858523978311833,0.1137580954441645,Oxygenated,1.061101249709336,0.43611893592751794,0.3460686824286483,0.21781238164383376
CCGTTGAGTTTGACTA_E15S,E15S,Tumor,entering_hypoxia,-0.1182840681201512,0.5816005237601655,0.2479858016958737,0.942081868648529,0.942081868648529,0.2681239809457255,-0.1182840681201512,0.5816005237601655,Ridge,1.0677982484755155,0.23763748917699049,0.4395484525636761,0.32281405825933335
TGAGTAAAGCGCTGAT_E15S,E15S,Tumor,normoxic_stable,-1.1492732450350558,0.2221758064643399,1.131540622551254,0.942442774772644,0.942442774772644,0.2924618043034551,-1.1492732450350558,0.2221758064643399,Oxygenated,1.0561081071774838,0.43575405891840785,0.35654561909563554,0.20770032198595662
TGTGTTGAGTCAGGAG_E15S,E15S,Tumor,entering_hypoxia,-1.282547275935575,2.607488819369924,0.4985840754779054,0.9543161988258362,0.9543161988258362,0.2139133697724436,-1.282547275935575,2.607488819369924,Ridge,0.7263206175484787,0.009910616565154497,0.582545033555956,0.4075443498788895
CCTAGTAAGGAACTGG_E15S,E15S,Tumor,transitional,-0.089146345316754,0.1162913313501752,0.8580568118827818,0.9405588507652284,0.9405588507652284,0.3190113072881559,-0.089146345316754,0.1162913313501752,Ridge,1.0916149536002395,0.2940844064246744,0.38785948146329574,0.31805611211202983
TGAAACCCATTACGTT_E15S,E15S,Tumor,entering_hypoxia,-0.1178509228663206,0.6535697531208322,0.4940744147391593,0.9351701140403748,0.9351701140403748,0.106508775871713,-0.1178509228663206,0.6535697531208322,Ridge,1.060641418956674,0.22495767621284873,0.44866703582505224,0.32637528796209897
ATGGTAGGTTAATGCC_E15S,E15S,Tumor,normoxic_stable,-1.1271157630100603,-0.2714095120371262,0.7042444338653022,0.9424442052841188,0.9424442052841188,0.3822608708789579,-1.1271157630100603,-0.2714095120371262,Oxygenated,1.0468244111269345,0.47418562806717984,0.3126178868952021,0.21319648503761804
CCACATGGTCATTACA_E15S,E15S,Tumor,normoxic_stable,-1.1640749392925822,0.1546601177804066,0.6614377051304693,0.9468470811843872,0.9468470811843872,0.4019954144108874,-1.1640749392925822,0.1546601177804066,Oxygenated,1.0532482280636108,0.44504864607832795,0.3487415217908413,0.20620983213083083
ACCCCAAGTCTGTCGA_E15S,E15S,Tumor,reverted_stable,-0.8340652969343664,-0.7710102664737608,-0.1819398977499046,0.9447861313819884,0.9447861313819884,0.3364316171047859,-0.8340652969343664,-0.7710102664737608,Oxygenated,1.078680666974952,0.4275515550588663,0.3006060099863652,0.27184243495476845
GGTATCTGTCCCGAAC_E15S,E15S,Tumor,entering_deep_hypoxia,0.9787706272654026,0.7323840821742822,0.1997857513100266,0.9352385997772216,0.9352385997772216,0.1499278322899444,0.9787706272654026,0.7323840821742822,Hypoxic,0.811806183700434,0.03616124013893978,0.40659319932253646,0.5572455605385238
CGGCCAATCGTTCCGC_E15S,E15S,Tumor,normoxic_stable,-0.9290258318000182,0.0996830267650632,0.1702980053904128,0.9407387375831604,0.9407387375831604,0.1595612672194695,-0.9290258318000182,0.0996830267650632,Oxygenated,1.058643634379985,0.44115951527922326,0.34370244826468843,0.21513803645608845
GCAAAGGTCACGGCCA_E15S,E15S,Tumor,normoxic_stable,-1.3527590053745142,-0.3543025471033801,0.8225520496923325,0.9467385411262512,0.9467385411262512,0.3709041388679578,-1.3527590053745142,-0.3543025471033801,Oxygenated,1.0475258822370472,0.4733043356485174,0.312618895925399,0.21407676842608367
CACCTCATCCGGAGTT_E15S,E15S,Tumor,normoxic_stable,-1.1090448033418765,-0.094747237484028,-0.4319763082153745,0.9468609094619752,0.9468609094619752,0.3997837173108221,-1.1090448033418765,-0.094747237484028,Oxygenated,1.047571881772388,0.46717453905577,0.3244499647071731,0.20837549623705698
CCTACCATCGATCCTT_E15S,E15S,Tumor,normoxic_stable,-0.6869234408424219,0.374991707428157,0.8295564084862115,0.9481403827667236,0.9481403827667236,0.4211059336338017,-0.6869234408424219,0.374991707428157,Ridge,1.0773350262115133,0.3767378215230706,0.38434064986285094,0.2389215286140785
GTAAACCCAAATCATG_E15S,E15S,Tumor,normoxic_stable,-1.7070094900126838,-0.2967415732515284,0.0360644744102005,0.9445089101791382,0.9445089101791382,0.4038015168098782,-1.7070094900126838,-0.2967415732515284,Oxygenated,1.0599998103306865,0.4448679227881865,0.3346981778352644,0.220433899376549
CTTCTGGTCGCGTTCC_E15S,E15S,Tumor,entering_hypoxia,-0.3402066204052292,0.629544230881226,0.8465470737134065,0.9456040859222412,0.9456040859222412,0.2280330881773822,-0.3402066204052292,0.629544230881226,Ridge,1.0754678191885825,0.2727918510899921,0.43624517671061813,0.29096297219938977
AGCATAGGTGAGTATG_E15S,E15S,Tumor,entering_hypoxia,-0.0988534605392726,1.7019951030292004,2.0154313611354,0.946983277797699,0.946983277797699,0.1424267147591213,-0.0988534605392726,1.7019951030292004,Ridge,0.8507810521298729,0.05163473275035115,0.5424977202314386,0.40586754701821026
CATATGGTCAGCGGTT_E15S,E15S,Tumor,normoxic_stable,-1.0666838954007656,-0.1513383772334403,-0.3592999107277825,0.9431982040405272,0.9431982040405272,0.3815505385394157,-1.0666838954007656,-0.1513383772334403,Oxygenated,1.0481772170458925,0.4687072212368064,0.3201783161768707,0.211114462586323
GGGACCAGTTTGAGTC_E15S,E15S,Tumor,transitional,-0.0568658440459406,-0.0343849264170044,-0.3769686846763826,0.946999967098236,0.946999967098236,0.4061986996972247,-0.0568658440459406,-0.0343849264170044,Ridge,1.0939233797136376,0.29728857632204936,0.3758462352717017,0.3268651884062489
TATCATCCATGCTGTC_E15S,E15S,Tumor,entering_deep_hypoxia,0.7938538907737698,1.2463709905830815,0.092469334696325,0.9345526099205016,0.9345526099205016,0.1417628264425121,0.7938538907737698,1.2463709905830815,Hypoxic,0.7972292332947477,0.027697188062565017,0.4457367794361381,0.5265660325012969
GGACATGAGGTTCAAT_E15S,E15S,Tumor,normoxic_stable,-0.6116964473659763,-0.2541118151682306,0.7329107529688371,0.9446461200714112,0.9446461200714112,0.2768265436477413,-0.6116964473659763,-0.2541118151682306,Oxygenated,1.0746119180337879,0.4263959908128448,0.3255560653859364,0.24804794380121883
AGACGCAAGGATGCAG_E15S,E15S,Tumor,normoxic_stable,-0.508587720674875,0.1491493218234535,1.0330644281208368,0.9416673183441162,0.9416673183441162,0.2114225136715636,-0.508587720674875,0.1491493218234535,Oxygenated,1.0830601262590962,0.3820674421501497,0.3652898813104516,0.25264267653939865
GGTTCAGCACAATGCG_E15S,E15S,Tumor,exiting_hypoxia,0.5314330628967439,-1.0381721044777927,0.5979312833426766,0.9733684659004213,0.9733684659004213,0.2881211607531536,0.5314330628967439,-1.0381721044777927,Hypoxic,0.9193201685891048,0.10849002119357119,0.31005442550855467,0.5814555532978741
AACGTAAAGTAGTCCA_E15S,E15S,Tumor,entering_hypoxia,-1.584874825262298,1.1345806050188367,0.4230717197062096,0.9444032907485962,0.9444032907485962,0.28511174611154,-1.584874825262298,1.1345806050188367,Ridge,1.0212023213127615,0.2156616742819994,0.5220265627702007,0.26231176294780006
TCTAGTGAGGTTCAGC_E15S,E15S,Tumor,entering_deep_hypoxia,1.040306073408753,0.8309826916679118,0.4810361410965548,0.938654124736786,0.938654124736786,0.200813112852146,1.040306073408753,0.8309826916679118,Hypoxic,0.7865635708902148,0.02797994610470545,0.4013068577582831,0.5707131961370114
CTACTGTTCTATGGAT_E15S,E15S,Tumor,entering_hypoxia,-1.4005242004071892,1.9465715394891832,0.719603372439564,0.9504840970039368,0.9504840970039368,0.1769779486260717,-1.4005242004071892,1.9465715394891832,Ridge,0.8324124254336701,0.056242555614706945,0.6053135216858162,0.3384439226994769
CTCAGTTTCATGGCTA_E15S,E15S,Tumor,entering_hypoxia,-0.6883435448859967,0.5089803962487787,-0.0527103416491172,0.941510021686554,0.941510021686554,0.3229906797532877,-0.6883435448859967,0.5089803962487787,Ridge,1.0781741722020235,0.35189769758554085,0.40348166071226405,0.24462064170219508
TACACCGGTATGTGTC_E15S,E15S,Tumor,entering_deep_hypoxia,1.6137558358588515,0.4458044226957059,1.452843070424587,0.9329403042793274,0.9329403042793274,0.1462826165348957,1.6137558358588515,0.4458044226957059,Hypoxic,0.6467060823170009,0.00798358278696602,0.2908918526707775,0.7011245645422565
ACAATTCAGTAGCCCG_E15S,E15S,Tumor,entering_hypoxia,0.1452314228668876,0.5963111709307761,0.0496074474734765,0.9475076794624328,0.9475076794624328,0.3556428777449846,0.1452314228668876,0.5963111709307761,Ridge,1.0350955695797068,0.17865105835450446,0.4488935548543813,0.37245538679111423
TGTACTGAGGTACGCT_E15S,E15S,Tumor,entering_deep_hypoxia,1.5908162922268851,2.471729267436807,0.1855260537497758,0.9379819631576538,0.9379819631576538,0.2043448627432689,1.5908162922268851,2.471729267436807,Hypoxic,0.5731220597783694,0.00018453546966393588,0.2584279252683896,0.7413875392619464
TAGTCCCCAGCAGTTG_E15S,E15S,Tumor,normoxic_stable,-0.9417985974144548,0.1089878748237619,-0.3347372454610755,0.9463749527931212,0.9463749527931212,0.4073693177876289,-0.9417985974144548,0.1089878748237619,Oxygenated,1.0583624101380504,0.4410522404824245,0.3444632080808073,0.2144845514367682
TGACTGATCGAACGTC_E15S,E15S,Tumor,normoxic_stable,-0.6457776152308189,0.0783981761118077,0.5863870910078648,0.9465818405151368,0.9465818405151368,0.3874255907065612,-0.6457776152308189,0.0783981761118077,Oxygenated,1.0740792615526078,0.4120332162449529,0.35082104699176037,0.23714573676328676
GGCTCAACATGGAATC_E15S,E15S,Tumor,persistent_hypoxia,0.5837524384985843,0.0521398570069567,0.7110235903002756,0.9426575899124146,0.9426575899124146,0.3181033083914081,0.5837524384985843,0.0521398570069567,Hypoxic,0.9831600291061663,0.1277440421585106,0.39698787326865526,0.47526808457283415
GCCCTTGCAAGTTCGG_E15S,E15S,Tumor Proliferating,exiting_hypoxia,-0.3909531276465678,-0.6450001645027108,2.5523259052575678,0.9342301487922668,0.9342301487922668,0.0574667721243491,-0.3909531276465678,-0.6450001645027108,Oxygenated,1.0954615899578661,0.37061232978882724,0.3196312112048303,0.3097564590063424
CATGCGCGTAAGTACG_E15S,E15S,Tumor,persistent_hypoxia,0.4556646378530099,0.0841589775196736,0.1171260013557371,0.937826693058014,0.937826693058014,0.3126849850684696,0.4556646378530099,0.0841589775196736,Hypoxic,1.0170317927862738,0.15594196419498463,0.40250338860851603,0.44155464719649945
TGACTAACAAGGGAAC_E15S,E15S,Tumor,transitional,-0.2858395640347863,-0.2530540424676815,0.8022107536720583,0.9425652027130128,0.9425652027130128,0.2631120092314713,-0.2858395640347863,-0.2530540424676815,Oxygenated,1.094714586555761,0.3622429383015457,0.3443870111097972,0.2933700505886571
ACCTGGGTCGAATCCA_E15S,E15S,Tumor,normoxic_stable,-1.178454556332682,-0.0306497556405067,1.2790607294943552,0.9396452307701112,0.9396452307701112,0.3234078226641491,-1.178454556332682,-0.0306497556405067,Oxygenated,1.0473798236374636,0.4641077775586917,0.3302926645747573,0.20559955786655107
TGGTCAATCAATTAGC_E15S,E15S,Tumor,transitional,-0.2593004382772363,0.1655599025762064,1.1309724870691973,0.9074987173080444,0.9074987173080444,0.163622090078084,-0.2593004382772363,0.1655599025762064,Ridge,1.0919434863795812,0.32970894366415054,0.3822384067876745,0.2880526495481749
CTCAATAGTGAGTATG_E15S,E15S,Tumor,entering_hypoxia,-0.2363558523986048,2.595847688994727,1.1533804418051388,0.9486134052276612,0.9486134052276612,0.1747614048894774,-0.2363558523986048,2.595847688994727,Ridge,0.7252385935105824,0.0061417285959239915,0.5197888504533565,0.4740694209507195
GCATAACCATGCTACC_E15S,E15S,Tumor,entering_deep_hypoxia,1.721560523267656,1.3930418802620357,0.293665385593617,0.937208890914917,0.937208890914917,0.1344582549070097,1.721560523267656,1.3930418802620357,Hypoxic,0.6069749669188581,0.00165988163908482,0.28243993326797134,0.7159001850929438
AATGGGCGTCTAGAGA_E15S,E15S,Tumor Proliferating,entering_deep_hypoxia,0.7310533845888818,1.1425668693609567,1.4942447153808178,0.943137526512146,0.943137526512146,0.0772217664458724,0.7310533845888818,1.1425668693609567,Hypoxic,0.8242646256927288,0.03709855253722442,0.45219585399424306,0.5107055934685325
GTCATCCCAATACTAG_E15S,E15S,Tumor,normoxic_stable,-0.6933585827340103,-0.190018316145185,0.8582445765917605,0.9478099942207336,0.9478099942207336,0.4115251583642592,-0.6933585827340103,-0.190018316145185,Oxygenated,1.0683776662271456,0.43696549368179854,0.3260285961567845,0.23700591016141687
CGTGTATGTTGTGGCC_E15S,E15S,Tumor,entering_hypoxia,-1.2282696165145084,1.1111722945806992,0.2892507842397668,0.942886233329773,0.942886233329773,0.272441914801743,-1.2282696165145084,1.1111722945806992,Ridge,1.0356270847397049,0.23424695252571068,0.5048000313734832,0.2609530161008061
AACAGGCGTTAGGTGA_E15S,E15S,Tumor,entering_hypoxia,-0.0176980150490565,1.602950182136388,1.2264336565620906,0.9481642842292786,0.9481642842292786,0.1777072456463547,-0.0176980150490565,1.602950182136388,Ridge,0.8639821247563018,0.057059181879500424,0.5343548234076064,0.40858599471289314
CACCATTTCTTGATCC_E15S,E15S,Tumor,normoxic_stable,-0.7675560683815664,0.0718512504471026,-0.3543619113819576,0.9467195868492126,0.9467195868492126,0.4330918845201464,-0.7675560683815664,0.0718512504471026,Oxygenated,1.0664473778653627,0.42869745736806253,0.3451722612739559,0.22613028135798163
TCTCTCCTCCTCTCTC_E15S,E15S,Tumor,entering_deep_hypoxia,3.0226540758382785,1.079179085951665,2.001672677264429,0.9289807081222534,0.9289807081222534,0.1062274205338855,3.0226540758382785,1.079179085951665,Hypoxic,0.29075367330124713,1.1061600903882835e-05,0.08491709697428161,0.9150718414248145
GGGCAACAGTTAGCGC_E15S,E15S,Tumor,entering_hypoxia,-0.6328062831979452,0.6453018777424976,0.3874243945415879,0.9419015645980836,0.9419015645980836,0.2579952287960032,-0.6328062831979452,0.6453018777424976,Ridge,1.0768365871210976,0.3159986864669496,0.4264963709114842,0.2575049426215661
TCTGGCGAGGTTCAGC_E15S,E15S,Tumor,entering_hypoxia,0.1346096354584008,0.5301627955987754,1.4094208619010635,0.936760425567627,0.936760425567627,0.1598695823648937,0.1346096354584008,0.5301627955987754,Ridge,1.0444380427933453,0.19014345563737245,0.4416933269122099,0.36816321745041775
TATCGCTTCACTGGCG_E15S,E15S,Tumor,transitional,-0.3409054798593187,-0.1327719206931201,0.6095575920320643,0.944461703300476,0.944461703300476,0.3757788130679179,-0.3409054798593187,-0.1327719206931201,Oxygenated,1.0914826546616154,0.3713516803079266,0.3494534293398127,0.2791948903522606
ACTGCCTCATTCGCGT_E15S,E15S,Hypoxic Tumor,reverted_posthypoxic,-0.6429193958522813,-0.1804244780960928,0.6265574420719908,0.9491244554519652,0.9491244554519652,0.3507537416324355,-0.6429193958522813,-0.1804244780960928,Oxygenated,1.0719726002072365,0.42938462851469444,0.3289061055487908,0.24170926593651468
ATCCATGAGGTAGGAT_E15S,E15S,Tumor,entering_hypoxia,-0.8802546145238525,0.4816444810800405,0.8343705272426235,0.9421054124832152,0.9421054124832152,0.2355180176222824,-0.8802546145238525,0.4816444810800405,Ridge,1.0721218995955692,0.37740915708713774,0.39394080375877566,0.2286500391540866
TGCCATAAGGGTTGAG_E15S,E15S,Tumor,transitional,-0.1352749450054977,0.0525049264877443,-0.3331327107843723,0.9465054869651794,0.9465054869651794,0.3956697029108851,-0.1352749450054977,0.0525049264877443,Ridge,1.0940504672204532,0.31118409227807003,0.37882531369520006,0.30999059402672996
AGCAATTTCTAACTCC_E15S,E15S,Hypoxic Tumor,reverted_stable,-1.6867361632836475,-0.8548747384679464,1.840794377298749,0.9588050842285156,0.9588050842285156,0.3447805858328622,-1.6867361632836475,-0.8548747384679464,Oxygenated,1.0841368849380617,0.40947960976893677,0.3186147925042722,0.2719055977267911
GTGTGTTGTTAGACGA_E15S,E15S,Tumor,entering_hypoxia,-0.3066877621602721,2.251354443753294,0.1641844074236971,0.9346439242362976,0.9346439242362976,0.1291200437318627,-0.3066877621602721,2.251354443753294,Ridge,0.7626074458110841,0.017718384940212367,0.5508611821912611,0.43142043286852655
CATAGGTCAAATCCTT_E15S,E15S,Tumor Proliferating,exiting_hypoxia,0.412491041231057,-0.4347570958310786,1.9584950044025875,0.9333263039588928,0.9333263039588928,0.0817864932183886,0.412491041231057,-0.4347570958310786,Hypoxic,1.028509309276311,0.17428311666130497,0.3613337185943454,0.46438316474434976
TCTCGATTCTATGCGA_E15S,E15S,Tumor,entering_deep_hypoxia,0.3099583226021414,0.7949046233952726,0.1166199774772771,0.9415606260299684,0.9415606260299684,0.2288834845229307,0.3099583226021414,0.7949046233952726,Ridge,0.9753251512192092,0.12004991210485931,0.46678102706368074,0.41316906083145993
GCGCTTGAGCGAGCTT_E15S,E15S,Tumor,entering_hypoxia,-1.1485380415041355,1.0889598055567848,1.0877624858823778,0.9437791705131532,0.9437791705131532,0.2551589516347687,-1.1485380415041355,1.0889598055567848,Ridge,1.0398462448366115,0.23986870661243856,0.49917642784415645,0.2609548655434051
GGCGATGGTTGAGGTA_E15S,E15S,Tumor,normoxic_stable,-1.916173727713979,-0.072181392627511,0.3582743757524699,0.9505603909492492,0.9505603909492492,0.3928547415318096,-1.916173727713979,-0.072181392627511,Oxygenated,1.0700006290884283,0.40501209574841734,0.3690987626904549,0.22588914156112777
TAAGCGCTCCAGGGAA_E15S,E15S,Tumor,entering_deep_hypoxia,0.8916442239270047,1.3176037874331572,1.145747317930015,0.9312566518783568,0.9312566518783568,0.0634696643848865,0.8916442239270047,1.3176037874331572,Hypoxic,0.7698540389548393,0.019827346674220238,0.43193482008637923,0.5482378332394006
TACTGTGAGTCTCTGT_E15S,E15S,Tumor,exiting_hypoxia,-0.3069257262136888,-0.8792435015614757,1.3894326971377224,0.9403228759765624,0.9403228759765624,0.2539285809292252,-0.3069257262136888,-0.8792435015614757,Hypoxic,1.0972306194179828,0.3249910611003709,0.3171821486214728,0.35782679027815617
TATCGTTCATCCCTGG_E15S,E15S,Tumor,entering_deep_hypoxia,3.337429117581905,1.1223333641749993,0.280127750183286,0.9408297538757324,0.9408297538757324,0.2297539174060722,3.337429117581905,1.1223333641749993,Hypoxic,0.21955643452488655,1.939898259339399e-06,0.057320095630215964,0.9426779644715246
GGCGGATAGTGATCTG_E15S,E15S,Tumor,reverted_stable,-1.606271744483296,-0.9876985873689949,0.6989401980322276,0.94543194770813,0.94543194770813,0.3963335314119169,-1.606271744483296,-0.9876985873689949,Oxygenated,1.0892696145646774,0.39683313642258194,0.31411054266649785,0.2890563209109202
TCTATAGGTCCATTAA_E15S,E15S,Tumor Proliferating,persistent_hypoxia,1.672166451289801,-0.1859064481301039,1.6130303995451225,0.9371160864830016,0.9371160864830016,0.1122439493073395,1.672166451289801,-0.1859064481301039,Hypoxic,0.6050458901414804,0.008401115017050969,0.24691634616373218,0.7446825388192169
GCGCTAACATGGTCAG_E15S,E15S,Tumor Proliferating,exiting_hypoxia,-0.2405369473778438,-0.6033712192458446,1.7300604755516538,0.9273762106895448,0.9273762106895448,0.1921678134097174,-0.2405369473778438,-0.6033712192458446,Oxygenated,1.098506815250139,0.3400961755807656,0.32897202432385164,0.3309318000953827
CTTGAACGTTCCCAGA_E15S,E15S,Tumor,normoxic_stable,-1.72265012872237,-0.3307945774923035,0.1959823243492226,0.9436630606651306,0.9436630606651306,0.3415652297318304,-1.72265012872237,-0.3307945774923035,Oxygenated,1.0615874919423491,0.4429628247878633,0.3340532041471668,0.22298397106496995
TATGTCAGTAGCAGGT_E15S,E15S,Tumor,normoxic_stable,-0.9317002277404128,-0.1758324952722891,0.7484488616671354,0.9475795030593872,0.9475795030593872,0.4006861895924028,-0.9317002277404128,-0.1758324952722891,Oxygenated,1.053582086742758,0.46190765405149486,0.3198142072877029,0.21827813866080215
ATAGCGCTCCGTAGCG_E15S,E15S,Tumor,normoxic_stable,-0.4629014180193167,-0.2019008411134266,0.5840533275120955,0.9430647492408752,0.9430647492408752,0.376599895415803,-0.4629014180193167,-0.2019008411134266,Oxygenated,1.0847500417334672,0.39903175104734945,0.336909835471857,0.2640584134807937
CTAAGGTCATCGAAGT_E15S,E15S,Tumor,normoxic_stable,-1.380418478186027,0.087270941484056,1.791242177221331,0.94418066740036,0.94418066740036,0.3428814357801242,-1.380418478186027,0.087270941484056,Oxygenated,1.050601789894051,0.44989812501857707,0.3465816812649512,0.20352019371647187
AGACTCGCAACTGTAA_E15S,E15S,Tumor,normoxic_stable,-0.7055507300869414,0.3843586854082831,1.3231577495048723,0.9378544688224792,0.9378544688224792,0.1890545550165244,-0.7055507300869414,0.3843586854082831,Ridge,1.076717312496683,0.377493415550309,0.38490602087314113,0.2376005635765499
TACGTCAAGCTTAGGC_E15S,E15S,Tumor,entering_deep_hypoxia,1.3579889971025298,2.026857474299881,0.9192011099864134,0.9392094612121582,0.9392094612121582,0.1261147343166154,1.3579889971025298,2.026857474299881,Hypoxic,0.6429563076837468,0.0013131381395808895,0.3289818217858843,0.6697050400745349
AATTGGGGTTCACTAA_E15S,E15S,Tumor,transitional,-0.281759951894044,-0.2467730092052684,1.326188979327965,0.9410754442214966,0.9410754442214966,0.1812187371101812,-0.281759951894044,-0.2467730092052684,Oxygenated,1.0948205208896398,0.3612154464933433,0.3450631811618552,0.29372137234480133
GGCTGACCATGAAGTC_E15S,E15S,Hypoxic Tumor,entering_hypoxia,-1.4455787761417498,0.7122618313638314,0.8035326623408087,0.9495335221290588,0.9495335221290588,0.3131064073193011,-1.4455787761417498,0.7122618313638314,Ridge,1.0642250344794337,0.333123896660141,0.4395865723416954,0.22728953099816357
AGCAGGATCAATCAGT_E15S,E15S,Tumor,reverted_stable,-1.3601029347130826,-0.6034991827654095,2.247858488003531,0.945873498916626,0.945873498916626,0.2078002243842616,-1.3601029347130826,-0.6034991827654095,Oxygenated,1.0580687784597043,0.46243509046753123,0.30488928559230405,0.23267562394016478
CTTAGCTTCAGTAGTT_E15S,E15S,Tumor,persistent_hypoxia,0.515968906632513,0.2800887314253291,0.498098428884782,0.9395154118537904,0.9395154118537904,0.2427633136628625,0.515968906632513,0.2800887314253291,Hypoxic,0.9890272635320975,0.13022960042384274,0.41775963184167425,0.45201076773448307
TGCCATAAGTCATTGG_E15S,E15S,Tumor,normoxic_stable,-2.4911438447581697,0.1973860377739336,1.2663518061767751,0.9381032586097716,0.9381032586097716,0.2468837084367886,-2.4911438447581697,0.1973860377739336,Ridge,1.0614880281604855,0.2523421532078877,0.4633400591173926,0.28431778767471955
GGATGCAAGGTCCATA_E15S,E15S,Tumor,normoxic_stable,-0.80763209393715,-0.092835757950815,0.4365884937853758,0.938644289970398,0.938644289970398,0.2126560694506054,-0.80763209393715,-0.092835757950815,Oxygenated,1.0611508046998623,0.44648904374906573,0.32900318856633737,0.224507767684597
TGGGTGAAGGATACTT_E15S,E15S,Tumor,normoxic_stable,-1.5478272686123884,-0.1083077922534565,1.339181781146296,0.9358847141265868,0.9358847141265868,0.1638243751599584,-1.5478272686123884,-0.1083077922534565,Oxygenated,1.0511678751271258,0.4555469260251188,0.3366839540649224,0.20776911990995878
TGTAGGTCAGGATAGA_E15S,E15S,Hypoxic Tumor,reverted_posthypoxic,-0.4717550237112294,-0.0151465555944768,0.9111786951278734,0.9521806836128236,0.9521806836128236,0.285063711364144,-0.4717550237112294,-0.0151465555944768,Oxygenated,1.0840957713631734,0.3911162783090993,0.35115197565895384,0.2577317460319469
CATCTCACACATTGCC_E15S,E15S,Tumor,entering_hypoxia,-1.2617209152619382,0.932458904886504,0.2267957347507732,0.9465648531913756,0.9465648531913756,0.2431344893654912,-1.2617209152619382,0.932458904886504,Ridge,1.055565036316235,0.2822832027244806,0.4731090956846987,0.2446077015908208
AATGAGGCAATCTATC_E15S,E15S,Hypoxic Tumor,entering_hypoxia,-0.7585889104814937,0.4271062560139159,0.3937209610197363,0.9670923352241516,0.9670923352241516,0.2938186164631147,-0.7585889104814937,0.4271062560139159,Ridge,1.0753227374880465,0.3760891291035913,0.389059742340306,0.2348511285561026
ACGGCCATCGATGCTA_E15S,E15S,Tumor,normoxic_stable,-0.9540341439232196,-0.2969725532885273,-0.2283103698138819,0.9477028250694276,0.9477028250694276,0.4281552353380372,-0.9540341439232196,-0.2969725532885273,Oxygenated,1.0531915769661804,0.46618661825729363,0.31206832533955725,0.221745056403149
GTTAGCCAGGCTTACA_E15S,E15S,Tumor,entering_hypoxia,-1.9952451740909936,0.6870911124752381,0.047688512654299,0.941390872001648,0.941390872001648,0.2168304295474238,-1.9952451740909936,0.6870911124752381,Ridge,1.0549661287765102,0.27798393876274735,0.4748759372663142,0.2471401239709384
CTATTGAGTTCGGGCT_E15S,E15S,Hypoxic Tumor,reverted_stable,-1.3541993902287677,-1.3128875492260168,2.4976611238058126,0.9396286010742188,0.9396286010742188,0.3839581038662367,-1.3541993902287677,-1.3128875492260168,Hypoxic,1.0969691597715063,0.3418514723371455,0.3070096593950903,0.3511388682677642
TCGAGGTTCTAAGCCA_E15S,E15S,Tumor,entering_hypoxia,0.0339474708937968,2.8033071415779784,0.9576098827247445,0.951320469379425,0.951320469379425,0.1762461594720807,0.0339474708937968,2.8033071415779784,Hypoxic,0.7059710644450939,0.002275862218356649,0.4695661904031901,0.5281579473784532
ACCCTAGGTTGAGTTC_E15S,E15S,Tumor,transitional,-0.3537019902875611,0.2454950277887484,1.0277578370427565,0.9369391202926636,0.9369391202926636,0.2438917136170811,-0.3537019902875611,0.2454950277887484,Ridge,1.0891646540982842,0.3402737990691134,0.385236658938839,0.2744895419920476
GGTTACATCATCACTC_E15S,E15S,Tumor,entering_hypoxia,-0.8116529806778483,1.7539448916828504,-0.0787228007313868,0.9474292397499084,0.9474292397499084,0.2089436481234736,-0.8116529806778483,1.7539448916828504,Ridge,0.8848132135994073,0.07943089252368812,0.5784039271360252,0.34216518034028665
GCGACTTAGGTCAATT_E15S,E15S,Tumor,entering_hypoxia,-0.3260623636979269,0.4586363104154741,0.7423751530398566,0.9362675547599792,0.9362675547599792,0.1529450883343947,-0.3260623636979269,0.4586363104154741,Ridge,1.0844137580591342,0.30190114065112467,0.4134167940956536,0.2846820652532218
ATCGCCCTCTATCCAC_E15S,E15S,Tumor,entering_hypoxia,-0.6606899682500198,0.589401134640293,0.1891407599846266,0.9461850523948668,0.9461850523948668,0.3777366054834544,-0.6606899682500198,0.589401134640293,Ridge,1.0779605438602051,0.33175066322277963,0.41675051797318424,0.251498818804036
CCATGGGTCAGGTAGG_E15S,E15S,Tumor,normoxic_stable,-0.8542954055862357,0.2551329102909861,0.0080091537988147,0.9422528147697448,0.9422528147697448,0.378849175415602,-0.8542954055862357,0.2551329102909861,Oxygenated,1.0670308059425246,0.41474455542427136,0.3631747938588544,0.22208065071687422
CGCTATGGTGAGCAAC_E15S,E15S,Tumor,entering_hypoxia,-0.8176761908402592,0.6482337233263521,0.1128195120797738,0.9404233694076538,0.9404233694076538,0.3270747001263218,-0.8176761908402592,0.6482337233263521,Ridge,1.0740375925132408,0.3361339958853126,0.42165639642770775,0.24220960768697974
TACCGTCCATGGCAGC_E15S,E15S,Tumor,persistent_hypoxia,0.7710491408306216,0.0346633162600855,0.6063389600343253,0.9347915053367616,0.9347915053367616,0.10665191601651,0.7710491408306216,0.0346633162600855,Hypoxic,0.9234716750485163,0.09049419197428893,0.38536340954806725,0.5241423984776439
ACGCATATCCCGTAGG_E15S,E15S,Tumor,entering_hypoxia,-1.3355329295387608,0.7318944820188475,2.4210084166140518,0.9423226118087769,0.9423226118087769,0.1605852515765417,-1.3355329295387608,0.7318944820188475,Ridge,1.0649125869611942,0.33277892955690264,0.4387378853759273,0.2284831850671701
TCACAATAGTTGCGTA_E15S,E15S,Tumor,entering_hypoxia,-0.0701085831382111,2.088562559003392,1.908456749374823,0.9402207732200624,0.9402207732200624,0.1424906575882685,-0.0701085831382111,2.088562559003392,Ridge,0.7755351426064425,0.02087584587522269,0.5368276965568743,0.44229645756790303
GGTCACTAGCTGGTCG_E15S,E15S,Tumor,entering_deep_hypoxia,1.704443803697903,1.2652642081051932,0.3456562382137452,0.9361420273780824,0.9361420273780824,0.1502996263567504,1.704443803697903,1.2652642081051932,Hypoxic,0.6144706289870326,0.0021985795708812004,0.28713275180603254,0.7106686686230862
ATCCACTTCCTGTCTG_E15S,E15S,Tumor,entering_hypoxia,-0.7020933779474252,1.500404853144532,0.5581958395681738,0.9438133835792542,0.9438133835792542,0.278210459892575,-0.7020933779474252,1.500404853144532,Ridge,0.9477879946692169,0.12078614344220413,0.5540237460292964,0.3251901105284995
CGATTAACAACCAGCA_E15S,E15S,Hypoxic Tumor,exiting_hypoxia,0.0540708765586561,-0.7903809334318663,-0.012805198704624,0.9348966479301452,0.9348966479301452,0.4088078018814349,0.0540708765586561,-0.7903809334318663,Hypoxic,1.076164595091474,0.2472742271838733,0.3334400268594329,0.4192857459566938
GCCTTGCTCCGTCACC_E15S,E15S,Tumor,normoxic_stable,-0.5792600303740703,0.1493185404365022,0.8070987941591816,0.9443073868751526,0.9443073868751526,0.3732175062299572,-0.5792600303740703,0.1493185404365022,Oxygenated,1.079178411672745,0.3939933464863204,0.36152534466262704,0.24448130885105251
TAGGTTACAGGTATGT_E15S,E15S,Hypoxic Tumor,reverted_posthypoxic,-0.5203881586558426,0.2898610150703492,0.3649477057360755,0.9834139943122864,0.9834139943122864,0.3150353697389306,-0.5203881586558426,0.2898610150703492,Ridge,1.0834584275658115,0.3653892495747325,0.3810079066284975,0.25360284379677
CTTATCTGTTGTAGTC_E15S,E15S,Tumor,normoxic_stable,-1.5607962548823229,-0.0021172079474974,-0.0546746233268049,0.9462238550186156,0.9462238550186156,0.378623584564223,-1.5607962548823229,-0.0021172079474974,Oxygenated,1.053010902157546,0.446825032626565,0.34657207708173665,0.2066028902916984
CACCAAATCCTGATCT_E15S,E15S,Hypoxic Tumor,entering_hypoxia,-1.1686872797880603,1.541168206832435,0.9577762952777356,0.942742109298706,0.942742109298706,0.3122120515365674,-1.1686872797880603,1.541168206832435,Ridge,0.9449846135466076,0.1269810236424854,0.5688370825080749,0.3041818938494398
CGTTGGACAGTTGGAT_E15S,E15S,Tumor,exiting_hypoxia,1.2288879996860778,-0.8178083087046792,-0.111089465838302,0.9374229311943054,0.9374229311943054,0.1921962488579431,1.2288879996860778,-0.8178083087046792,Hypoxic,0.688480854887409,0.026292585864400357,0.26184702275565375,0.711860391379946
GGGGCAACAATACCAA_E15S,E15S,Tumor,normoxic_stable,-0.592435700469623,0.1680721285847096,1.41068894644112,0.9331079125404358,0.9331079125404358,0.1411299577066814,-0.592435700469623,0.1680721285847096,Oxygenated,1.0787030431727496,0.3938277404768317,0.36292749578359074,0.24324476373957749
AGTGAGGTCACACATG_E15S,E15S,Tumor Proliferating,exiting_hypoxia,1.7331600236526976,-0.8447797279187783,0.4115990548870472,0.9389435648918152,0.9389435648918152,0.1350616235303887,1.7331600236526976,-0.8447797279187783,Hypoxic,0.5156471099206759,0.0053536861285163155,0.18808001195746896,0.8065663019140147
GGCATTATCGCATAGC_E15S,E15S,Tumor,entering_hypoxia,0.1322304523861277,1.8169187235898256,0.1438337368912875,0.9399271607398988,0.9399271607398988,0.2172502959468254,0.1322304523861277,1.8169187235898256,Ridge,0.8047085498094546,0.030261815045074313,0.523704412567264,0.4460337723876617
CTGATAGTCGATCGGT_E15S,E15S,Tumor,entering_deep_hypoxia,0.764672640471063,2.691867368895191,0.8923220651331067,0.9372931122779846,0.9372931122779846,0.1384781824530631,0.764672640471063,2.691867368895191,Hypoxic,0.6706222584939265,0.0008835559791250956,0.3797642433797427,0.6193522006411323
TCAACATAGGTTAGTT_E15S,E15S,Tumor,normoxic_stable,-1.0727049618459077,-0.1127102773276783,0.8141237807686401,0.9441638588905334,0.9441638588905334,0.3648477419069542,-1.0727049618459077,-0.1127102773276783,Oxygenated,1.0483380426194935,0.4669948199601917,0.3230263132114056,0.20997886682840272
CAAGTCATCCATCGTT_E15S,E15S,Tumor,entering_hypoxia,-0.9728203719495212,2.0603721452865456,-0.0444719484661148,0.9377226829528807,0.9377226829528807,0.1987748512800589,-0.9728203719495212,2.0603721452865456,Ridge,0.8116592069413788,0.0426742543042179,0.594393252342818,0.3629324933529642
GTTGCCCTCGTGAGAG_E15S,E15S,Tumor,entering_hypoxia,-0.2413762882969796,1.604810969023251,0.2370605602671811,0.934952199459076,0.934952199459076,0.1583453325834653,-0.2413762882969796,1.604810969023251,Ridge,0.8875723813026168,0.07238419653446901,0.5474448950337014,0.3801709084318295
GGAAATTGTTATGTCA_E15S,E15S,Hypoxic Tumor,reverted_posthypoxic,-0.819787082676932,-0.0881109833900332,0.2419096057981838,0.9838051199913024,0.9838051199913024,0.3317753896127287,-0.819787082676932,-0.0881109833900332,Oxygenated,1.0604558853302588,0.4474919804301923,0.32900843020801285,0.22349958936179493
TACCCAGGTAGCCATT_E15S,E15S,Hypoxic Tumor,reverted_posthypoxic,-1.2174142833720738,0.3533343286835256,0.3034327162536763,0.9747505784034728,0.9747505784034728,0.3331283516227171,-1.2174142833720738,0.3533343286835256,Oxygenated,1.0603847775291961,0.4155022530091027,0.3746592613131404,0.20983848567775681
TACCCAAAGCAATCCA_E15S,E15S,Tumor,entering_hypoxia,-0.2816287416567367,1.618840140371855,1.1518040965614806,0.9480211734771729,0.9480211734771729,0.2564049617184806,-0.2816287416567367,1.618840140371855,Ridge,0.8879402367683297,0.07320330545555638,0.5500884242657909,0.3767082702786527
CGTGAGGGTCAAGGAC_E15S,E15S,Tumor,entering_hypoxia,0.1295116572273675,1.5383069783872754,0.5352479490978682,0.9386830925941468,0.9386830925941468,0.1407790347729509,0.1295116572273675,1.5383069783872754,Ridge,0.8594460861546773,0.05334390969318735,0.5217962710713001,0.4248598192355125
GTAAGTTTCGCTATGA_E15S,E15S,Tumor,entering_deep_hypoxia,0.5307955007951298,0.8066301383073863,0.3178312472563858,0.9409761428833008,0.9409761428833008,0.2281352397605235,0.5307955007951298,0.8066301383073863,Hypoxic,0.9223662142672332,0.08342083889193588,0.45696833750451266,0.4596108236035515
AGTGTTGTCCTTAGCT_E15S,E15S,Tumor,reverted_stable,-1.661600485509148,-0.6486537387166249,0.2798961343376105,0.9455562829971312,0.9455562829971312,0.398234697016279,-1.661600485509148,-0.6486537387166249,Oxygenated,1.0709144309682899,0.436182962487847,0.31892073630712675,0.24489630120502628
CACCCATCAATCCGTC_E15S,E15S,Tumor Proliferating,exiting_hypoxia,0.0380518444303336,-1.1831598147418507,3.821758812670126,0.9358866810798644,0.9358866810798644,0.2065542749811391,0.0380518444303336,-1.1831598147418507,Hypoxic,1.0331419203428265,0.1969985557358297,0.31299851012772595,0.49000293413644425
GGCGGATAGCAAGCTC_E15S,E15S,Hypoxic Tumor,transitional,-0.1335884634419167,0.1611885458414937,2.092738768589274,0.9403895139694214,0.9403895139694214,0.159703502225663,-0.1335884634419167,0.1611885458414937,Ridge,1.0915784252645968,0.30064335926858293,0.38968452946765925,0.30967211126375793
GGCATGGGTTCATCCC_E15S,E15S,Hypoxic Tumor,transitional,0.1640519033525782,-0.2744080265724216,0.5591687708896387,0.9716556072235109,0.9716556072235109,0.2726115988670161,0.1640519033525782,-0.2744080265724216,Hypoxic,1.0795207350186735,0.24421644854570024,0.3683668899208734,0.3874166615334264
GTGCATTGTTGTAGGA_E15S,E15S,Hypoxic Tumor,reverted_posthypoxic,-0.871995943109304,-0.0974127830325731,0.7036247100887273,0.960092544555664,0.960092544555664,0.3253463795177618,-0.871995943109304,-0.0974127830325731,Oxygenated,1.0572993642724686,0.4531406409061064,0.3268488866246269,0.22001047246926655
AATTCAGCATAGGGCC_E15S,E15S,Hypoxic Tumor,entering_hypoxia,-1.3628847840050682,0.9099975443033492,1.1204349376858211,0.9442019462585448,0.9442019462585448,0.3358341459085948,-1.3628847840050682,0.9099975443033492,Ridge,1.0556447524324828,0.28616230971739287,0.4720786936045337,0.24175899667807346
CAAGGCAAGCCGCGTA_E15S,E15S,Tumor,persistent_hypoxia,0.4221852712768664,0.0025511120378686,0.202483884408396,0.9427380561828612,0.9427380561828612,0.2181102255837726,0.4221852712768664,0.0025511120378686,Hypoxic,1.0284616318882156,0.16804102553214384,0.3958469368273537,0.4361120376405025
TAATGTCAGGATGGGC_E15S,E15S,Hypoxic Tumor,persistent_hypoxia,0.4273618973734708,0.097311848707218,0.4276854656693055,0.9455378651618958,0.9455378651618958,0.3360901531598367,0.4273618973734708,0.097311848707218,Hypoxic,1.0233800812134177,0.162102603564549,0.40382289793409243,0.43407449850135854
GTATTCCTCACAGGCT_E15S,E15S,Tumor,normoxic_stable,-1.1591323570551,0.0780857075678763,0.0373160598450664,0.9458714127540588,0.9458714127540588,0.3940548813701803,-1.1591323570551,0.0780857075678763,Oxygenated,1.0506496269210106,0.45385774635944437,0.3404339309493527,0.20570832269120295
CTCCGTTGTTAGTGCT_E15S,E15S,Tumor,entering_hypoxia,-0.0689943508249117,0.6488511048306065,0.4931021248466174,0.9466061592102052,0.9466061592102052,0.3942626039433252,-0.0689943508249117,0.6488511048306065,Ridge,1.0565912529118482,0.21577342072992403,0.4497386088913915,0.33448797037868444
TCGCACCTCTCACTTA_E15S,E15S,Tumor,entering_deep_hypoxia,2.348746779153577,2.220339526659397,1.285420952736043,0.9613435864448548,0.9613435864448548,0.2740980474393738,2.348746779153577,2.220339526659397,Hypoxic,0.42315974047300076,2.2525676182348414e-05,0.15010999330343613,0.8498674810203815
CGAGCCTGTTGGCGCT_E15S,E15S,Tumor,entering_hypoxia,-0.716462433971388,1.7180227608754683,0.0227278183335266,0.9445548057556152,0.9445548057556152,0.2661423364390877,-0.716462433971388,1.7180227608754683,Ridge,0.891102903423252,0.08183637350911985,0.5729718882466869,0.3451917382441933
GTCTACTTCTTGATGG_E15S,E15S,Tumor,normoxic_stable,-0.429854845976218,0.3864615723669131,1.3602800735655225,0.9391419887542723,0.9391419887542723,0.2779743990734515,-0.429854845976218,0.3864615723669131,Ridge,1.0857376183728218,0.3340523259681714,0.3982336867608576,0.267713987270971
TAAGCAGGTTCCAGTG_E15S,E15S,Hypoxic Tumor,reverted_posthypoxic,-0.7202033946956224,-0.0392413865296686,0.8676575517988413,0.9467682242393494,0.9467682242393494,0.3424180902348465,-0.7202033946956224,-0.0392413865296686,Oxygenated,1.067422362883537,0.4325904289366218,0.3365664800471269,0.23084309101625133
ACTCGCCTCATGTGGC_E15S,E15S,Tumor,exiting_hypoxia,0.1354056725262643,-0.6544267968215896,0.5906104283937764,0.9393048882484436,0.9393048882484436,0.2789883974159949,0.1354056725262643,-0.6544267968215896,Hypoxic,1.0730794515447997,0.23789886485446596,0.34295654538943116,0.41914458975610286
ATCGTTGAGGGCTAAG_E15S,E15S,Hypoxic Tumor,reverted_stable,-0.6166365669335904,-0.4503794833383382,-0.3461971260510781,0.9236932396888732,0.9236932396888732,0.5818422445823337,-0.6166365669335904,-0.4503794833383382,Oxygenated,1.0777338414135404,0.42494323375338205,0.3153824612811473,0.2596743049654706
CGCCATTCATTCCTCT_E15S,E15S,Tumor,transitional,-0.2282625661663755,0.0432152034495511,1.454708428644842,0.93683660030365,0.93683660030365,0.2613197287437193,-0.2282625661663755,0.0432152034495511,Ridge,1.0939843478377802,0.33447730613934784,0.371946192775481,0.293576501085171
TATGGCGCATTAGAGC_E15S,E15S,Hypoxic Tumor,entering_hypoxia,-0.9535276687983468,1.731068771257989,0.7140979733683013,0.9467729330062866,0.9467729330062866,0.217446715370084,-0.9535276687983468,1.731068771257989,Ridge,0.8937879823101575,0.08695754248030409,0.5812703269504578,0.3317721305692381
GTAGGTTCAATCCCTA_E15S,E15S,Hypoxic Tumor,entering_hypoxia,-1.0768927294151762,0.9794765362878608,0.49142340799411,0.9529235363006592,0.9529235363006592,0.2594834839532808,-1.0768927294151762,0.9794765362878608,Ridge,1.0535395769983515,0.2679830538059442,0.4784345015496628,0.2535824446443929
ACCCTATTCGCTCCAC_E15S,E15S,Hypoxic Tumor,reverted_stable,-0.6185068814657708,-0.6224819465597743,-0.5384280296034155,0.923169493675232,0.923169493675232,0.6940155742391639,-0.6185068814657708,-0.6224819465597743,Oxygenated,1.0832118469539567,0.4147373101873147,0.30971384480883146,0.2755488450038538
CCCATCGCAGCACTGA_E15S,E15S,Tumor,entering_deep_hypoxia,0.8900345070108601,1.2010634873989556,-0.0029709973544144,0.9437893033027648,0.9437893033027648,0.1959578904103063,0.8900345070108601,1.2010634873989556,Hypoxic,0.7833764484719641,0.0240633911987688,0.43150291910027755,0.5444336897009536
ATACGAAAGTGCAACC_E15S,E15S,Hypoxic Tumor,entering_hypoxia,-1.5911897664995185,2.052661269083396,0.2482157017666552,0.9505136609077454,0.9505136609077454,0.2884921755748081,-1.5911897664995185,2.052661269083396,Ridge,0.8008437377475921,0.04176784102661553,0.6111742121343928,0.3470579468389916
ATCTAACAGCTTACTC_E15S,E15S,Hypoxic Tumor,entering_hypoxia,-0.2990663402483758,0.7631355969945157,0.7315674021870295,0.9795041084289552,0.9795041084289552,0.3210912331194764,-0.2990663402483758,0.7631355969945157,Ridge,1.0617857282741616,0.23825249348876693,0.45689162651722987,0.30485587999400315
CACTTAGAGCAATCTG_E15S,E15S,Hypoxic Tumor,reverted_stable,-1.0848839730534507,-0.5394952781547948,1.1450356561881634,0.9347652196884156,0.9347652196884156,0.4827185289023293,-1.0848839730534507,-0.5394952781547948,Oxygenated,1.0560204820909411,0.46661976988401377,0.30169367505499145,0.23168655506099475
AGGAATATCAATGGTT_E15S,E15S,Hypoxic Tumor,exiting_hypoxia,-0.265611039980092,-0.5675776085138974,-0.606443307026176,0.9311748147010804,0.9311748147010804,0.4844203544678518,-0.265611039980092,-0.5675776085138974,Oxygenated,1.0980534182903154,0.34864857532771226,0.3290529849515518,0.322298439720736
AGAGGCTGTTTACGAC_E15S,E15S,Tumor,entering_deep_hypoxia,1.259425568595466,0.4909788179415412,2.1855382593401105,0.935294270515442,0.935294270515442,0.1694258792243557,1.259425568595466,0.4909788179415412,Hypoxic,0.7464873024223925,0.02216238765770827,0.35414358609596264,0.6236940262463291
CGGATCACATCACGCT_E15S,E15S,Tumor,normoxic_stable,-0.6429685094696199,-0.1117476521302999,0.500047711282645,0.9467628598213196,0.9467628598213196,0.3982616527378874,-0.6429685094696199,-0.1117476521302999,Oxygenated,1.0720851321639038,0.4263778158569595,0.33396172843034244,0.239660455712698
ACCCCTGCAAGGTATC_E15S,E15S,Hypoxic Tumor,entering_hypoxia,0.099658560595471,0.4962684246732212,0.9744187729163852,0.9463181495666504,0.9463181495666504,0.2175440108710264,0.099658560595471,0.4962684246732212,Ridge,1.0530189414864028,0.20267451348688498,0.43720877004901343,0.3601167164641017
AAATGTGAGGTGAGAT_E15S,E15S,Hypoxic Tumor,transitional,0.0494838730985239,-0.0346154700754121,-0.1131578006156454,0.9374002814292908,0.9374002814292908,0.1310340673503861,0.0494838730985239,-0.0346154700754121,Ridge,1.0882284828169202,0.2690493339640424,0.3819057795143763,0.3490448865215813
ATGCAAGGTTTGGAAG_E15S,E15S,Tumor,persistent_hypoxia,0.4521168073750264,-0.1081104376112388,0.4832218203740655,0.9426100254058838,0.9426100254058838,0.3259420992046831,0.4521168073750264,-0.1081104376112388,Hypoxic,1.023588710159462,0.16422958679836047,0.3866251237617702,0.44914528943986926
ACAGATGGTTGGTAGA_E15S,E15S,Tumor,normoxic_stable,-1.7272114571336452,-0.062801322596983,0.4157416286811079,0.9454841017723083,0.9454841017723083,0.3819704513376076,-1.7272114571336452,-0.062801322596983,Oxygenated,1.059814082127009,0.4333117883959825,0.35281964571472185,0.21386856588929573
ACGGAACGTCTTGCCT_E15S,E15S,Hypoxic Tumor,entering_hypoxia,-1.2471771748719127,0.5179479485923617,0.3098532509853631,0.9704837203025818,0.9704837203025818,0.3103509076833362,-1.2471771748719127,0.5179479485923617,Ridge,1.0653163246574278,0.38361069715940177,0.39995067174555016,0.21643863109504807
CATGTCAAGAACCAGG_E15S,E15S,Hypoxic Tumor,exiting_hypoxia,-0.3603924721602116,-1.085478736952174,0.5947111563486651,0.9675573110580444,0.9675573110580444,0.3292289711607705,-0.3603924721602116,-1.085478736952174,Hypoxic,1.092198891262685,0.3020361697451141,0.310860954940479,0.387102875314407
TCACAATAGTGAACGG_E15S,E15S,Tumor,entering_deep_hypoxia,1.9364402209481804,2.9214289344253483,1.6870962328047028,0.9424640536308287,0.9424640536308287,0.246555338728388,1.9364402209481804,2.9214289344253483,Hypoxic,0.4572979449730846,1.2286118969524979e-05,0.17079784213060553,0.8291898717504249
GCTGAGAAGTAATTGC_E15S,E15S,Tumor,entering_hypoxia,-1.5389284212097871,0.5486990180293665,1.0701959756371549,0.943310558795929,0.943310558795929,0.2544270831578205,-1.5389284212097871,0.5486990180293665,Ridge,1.0652152964046113,0.3644660988325122,0.4165884979944975,0.21894540317299022
TCTCATCAGGGTCTGT_E15S,E15S,Tumor,persistent_hypoxia,0.3881442558591302,-0.2109143410056781,0.5732364263735684,0.937329888343811,0.937329888343811,0.2350090849335849,0.3881442558591302,-0.2109143410056781,Hypoxic,1.0396105591668856,0.1825588948949083,0.3784226853240917,0.43901841978100004
CAGCCTAGTTAGGGTA_E15S,E15S,Tumor,normoxic_stable,-0.6070974456969201,0.3904976698199359,0.0155145500657728,0.936887800693512,0.936887800693512,0.1534307492268239,-0.6070974456969201,0.3904976698199359,Ridge,1.0805700294955116,0.3629316447210811,0.38984028011900246,0.2472280751599164
GGTCCTGAGCAATTAC_E15S,E15S,Tumor,normoxic_stable,-1.0426792000339238,0.3054288157718302,0.9052531653179672,0.93712317943573,0.93712317943573,0.259746492273097,-1.0426792000339238,0.3054288157718302,Oxygenated,1.0618461648032924,0.4197633360788573,0.36688866157137606,0.21334800234976656
CCACGTAGTGAACCTT_E15S,E15S,Tumor,entering_hypoxia,-0.4261209911600856,1.5483026774810484,1.495557988186866,0.9433503746986388,0.9433503746986388,0.1497999992140127,-0.4261209911600856,1.5483026774810484,Ridge,0.9181104705024575,0.09396759011543028,0.5513731460497838,0.3546592638347859
TACCCATTCCGTGGAT_E15S,E15S,Tumor,normoxic_stable,-1.738645330262782,0.3366309870752195,0.2023240810836964,0.9426639676094056,0.9426639676094056,0.3065399617053186,-1.738645330262782,0.3366309870752195,Ridge,1.065752328612092,0.3843270996744298,0.39856619857389564,0.21710670175167465
AAGGACTAGGTGAACG_E15S,E15S,Tumor,normoxic_stable,-0.6435551789354146,-0.0512589384630056,1.0462662205940327,0.9431843161582948,0.9431843161582948,0.2995006545114632,-0.6435551789354146,-0.0512589384630056,Oxygenated,1.072476036880385,0.4227838585336767,0.33885951270074793,0.23835662876557526
TACTGCAAGCAATGAA_E15S,E15S,Tumor,normoxic_stable,-2.486101428451104,0.1676737855826715,-0.4994457202174073,0.9451832175254822,0.9451832175254822,0.4136752449021622,-2.486101428451104,0.1676737855826715,Ridge,1.0638003910032534,0.2566299841260322,0.4595457366084577,0.2838242792655102
GTCCGCAAGTGAGTAA_E15S,E15S,Hypoxic Tumor,exiting_hypoxia,0.534191034583901,-1.1789008961461565,0.2471936490531318,0.92309832572937,0.92309832572937,0.827749297449181,0.534191034583901,-1.1789008961461565,Hypoxic,0.8872643091880028,0.09534298174760408,0.2968829152585328,0.6077741029938631
GTCGGATTCCGGGTCA_E15S,E15S,Tumor,entering_hypoxia,-0.1190374519492157,0.5719618446938326,1.6335221934285675,0.9409818649291992,0.9409818649291992,0.1714064827108585,-0.1190374519492157,0.5719618446938326,Ridge,1.0687264642319274,0.2394442876077204,0.4383049209791543,0.32225079141312524
TACCTGAAGGAGGTCA_E15S,E15S,Tumor,entering_deep_hypoxia,2.0270187079899373,0.7271662742668157,1.9914166395706296,0.9351890683174132,0.9351890683174132,0.2396093849374989,2.0270187079899373,0.7271662742668157,Hypoxic,0.5427396354401626,0.0014542429077977477,0.2241857815506863,0.7743599755415159
TCTCGTTAGGCACGTT_E15S,E15S,Tumor,reverted_stable,-0.4681955050818289,-0.6805041227107369,1.064764862571432,0.9423609375953674,0.9423609375953674,0.266695066459871,-0.4681955050818289,-0.6805041227107369,Oxygenated,1.093076217366169,0.38290577768227535,0.3148715989414659,0.3022226233762587
TAACGGTCAATATACG_E15S,E15S,Tumor,entering_hypoxia,-0.3140112137254016,0.630349203229885,1.1807212186274787,0.9405445456504822,0.9405445456504822,0.1416437230762029,-0.3140112137254016,0.630349203229885,Ridge,1.0745541168510762,0.2677884022838662,0.43752736791433805,0.2946842298017958
TCTACGGGTTTCGGCA_E15S,E15S,Tumor,entering_deep_hypoxia,0.7971758164021797,1.2917099725949184,-0.0603882435411466,0.9311167597770692,0.9311167597770692,0.2428283138753001,0.7971758164021797,1.2917099725949184,Hypoxic,0.7907740495601538,0.025538722945349854,0.4456922472173364,0.5287690298373138
CTCTGACCAAGCTACG_E15S,E15S,Tumor,normoxic_stable,-1.5897576661531112,-0.202661551858641,0.7004226375831484,0.9437393546104432,0.9437393546104432,0.3221388944077149,-1.5897576661531112,-0.202661551858641,Oxygenated,1.0528356564257773,0.4560020807355468,0.33235606899581116,0.2116418502686421
TCGGTATGTGAGTGCG_E15S,E15S,Hypoxic Tumor,reverted_posthypoxic,-0.8297348940169625,-0.188585446260887,0.1564091297532706,0.9388576149940492,0.9388576149940492,0.3281064605249963,-0.8297348940169625,-0.188585446260887,Oxygenated,1.0592727520364953,0.4532870851520389,0.32131125834594654,0.22540165650201452
ATGTTAGCATCACGCT_E15S,E15S,Tumor,entering_deep_hypoxia,0.3785423721211924,0.5977422121809775,0.9762760523629233,0.9434511065483092,0.9434511065483092,0.2017839971698984,0.3785423721211924,0.5977422121809775,Ridge,0.9893807768022459,0.13029887717987162,0.44811328669510586,0.4215878361250225
GGACGTTTCCTCATTA_E15S,E15S,Hypoxic Tumor,entering_deep_hypoxia,0.527342255646849,0.5676445732758507,0.5778238180578843,0.9716493487358092,0.9716493487358092,0.3266758665503705,0.527342255646849,0.5676445732758507,Hypoxic,0.9566099920237885,0.10529114790050326,0.440321185824426,0.45438766627507077
CCCTAATTCTGGATCA_E15S,E15S,Tumor,normoxic_stable,-0.7766585460516368,-0.0819661643195496,0.350968985085106,0.9470958709716796,0.9470958709716796,0.2159532148595716,-0.7766585460516368,-0.0819661643195496,Oxygenated,1.063220085826474,0.4423783809559327,0.3308910602202267,0.22673055882384044
GTTCCTTAGTCGACGT_E15S,E15S,Hypoxic Tumor,reverted_posthypoxic,-1.8330454177596789,0.2764975662766078,-0.0963141953698289,0.9401645660400392,0.9401645660400392,0.3556980538890533,-1.8330454177596789,0.2764975662766078,Ridge,1.0677009409817542,0.38068053190298656,0.3987118880296836,0.22060758006732983
GTGAACAGTGAAGCGT_E15S,E15S,Hypoxic Tumor,transitional,-0.4048127846017125,0.059969196837006,0.0577389454372817,0.9582616090774536,0.9582616090774536,0.3025376309882997,-0.4048127846017125,0.059969196837006,Oxygenated,1.0879646472875417,0.3717185319982789,0.3622307783948842,0.26605068960683687
TCGACTAAGGTCAATT_E15S,E15S,Hypoxic Tumor,entering_hypoxia,-0.701143202906222,0.5457370103728834,0.7950658770899468,0.9490736722946168,0.9490736722946168,0.3094816495954831,-0.701143202906222,0.5457370103728834,Ridge,1.077674221964139,0.3459987329879502,0.40860073842300154,0.24540052858904826
GCTCATGGTTCCGGTA_E15S,E15S,Tumor,entering_hypoxia,-0.2174497757094491,1.0512618036730748,1.314543147957427,0.944208800792694,0.944208800792694,0.164579102674649,-0.2174497757094491,1.0512618036730748,Ridge,1.0118355353001045,0.1656736657470845,0.4971573108149377,0.3371690234379779
GCCAATTGTTTCCTGC_E15S,E15S,Tumor Proliferating,persistent_hypoxia,0.5283444784151563,-0.2584015282391784,1.855667237080905,0.9436920285224916,0.9436920285224916,0.2240301017116909,0.5283444784151563,-0.2584015282391784,Hypoxic,1.0023828488963724,0.14721955903785766,0.3735094617100067,0.4792709792521357
TAGCAAGGTTAGTTGC_E15S,E15S,Tumor,entering_deep_hypoxia,0.3424983902936357,1.6612379486879512,0.726385319834736,0.9399981498718262,0.9399981498718262,0.2013898589055743,0.3424983902936357,1.6612379486879512,Ridge,0.8078841500022049,0.030533631069681152,0.5030325044290223,0.46643386450129654
TAATCAGCAAAGGTTC_E15S,E15S,Hypoxic Tumor,transitional,0.1167759104460569,0.2608585555156793,-0.3967848006188482,0.9155932664871216,0.9155932664871216,0.7054468104569785,0.1167759104460569,0.2608585555156793,Ridge,1.0697705060122258,0.2273367938876744,0.4129617768929632,0.3597014292193625
CCTAGGGTCCTGGTAA_E15S,E15S,Hypoxic Tumor,reverted_posthypoxic,-1.19013389017204,0.0936796958334832,0.2291250038673173,0.9357727766036988,0.9357727766036988,0.1720600462206943,-1.19013389017204,0.0936796958334832,Oxygenated,1.0507080781233533,0.4525177125529711,0.3424056962693926,0.2050765911776363
CAAGGGATCCACCGCT_E15S,E15S,Tumor,entering_deep_hypoxia,1.7615440652767989,1.6947958668710017,1.8332149297828824,0.936677873134613,0.936677873134613,0.1348478760630403,1.7615440652767989,1.6947958668710017,Hypoxic,0.5873981574520146,0.0007933258670526956,0.26792982742454297,0.7312768467084043
TCGCAGACAAGCTACG_E15S,E15S,Hypoxic Tumor,exiting_hypoxia,-0.0178055668820269,-0.4802027794217031,0.31208937051244,0.9228439927101136,0.9228439927101136,0.8389221638699665,-0.0178055668820269,-0.4802027794217031,Hypoxic,1.0941563572551225,0.290289652669499,0.3466834399130482,0.3630269074174528
ACAGCTTGTAAGGTCA_E15S,E15S,Tumor,entering_deep_hypoxia,0.944749079392754,2.350634114162937,-0.299959829829087,0.9409512281417848,0.9409512281417848,0.2647884341730531,0.944749079392754,2.350634114162937,Hypoxic,0.675963643231574,0.0016533109275728927,0.3809266421189526,0.6174200469534744
AACATAGAGTCAGGTC_E15S,E15S,Hypoxic Tumor,reverted_posthypoxic,-0.5712499246923555,0.0733057376956136,-0.3722498718819568,0.9308695793151855,0.9308695793151855,0.4828068869564951,-0.5712499246923555,0.0733057376956136,Oxygenated,1.0786582975772152,0.4009662443387925,0.35398833253546325,0.2450454231257442
GGCTATATCTAGCCGG_E15S,E15S,Tumor,entering_hypoxia,-0.8405819293089124,1.008049755158239,0.1487790395860783,0.9287236332893372,0.9287236332893372,0.2296073485257104,-0.8405819293089124,1.008049755158239,Ridge,1.0504442499913123,0.2484176468685804,0.4831508041923301,0.2684315489390895
ACTCCCTGTATGTGGA_E15S,E15S,Tumor Proliferating,entering_deep_hypoxia,0.9950338881336488,2.13010390368239,1.6570859135572236,0.9447981715202332,0.9447981715202332,0.1492142739915476,0.9950338881336488,2.13010390368239,Hypoxic,0.6850949523688168,0.0026803922186714258,0.388041654876318,0.6092779529050106
CCGAAATCAGCCATAG_E15S,E15S,Hypoxic Tumor,entering_hypoxia,-1.2930823641491382,0.672791866070178,0.1089199845761176,0.939232051372528,0.939232051372528,0.4008492488384921,-1.2930823641491382,0.672791866070178,Ridge,1.0662546459982558,0.348128854258527,0.42701333461534463,0.22485781112612838
TAACTCCTCTATCTCA_E15S,E15S,Hypoxic Tumor,entering_deep_hypoxia,0.626199016345355,1.467968844232313,0.4817268909277938,0.9488465189933776,0.9488465189933776,0.3364424742948194,0.626199016345355,1.467968844232313,Hypoxic,0.7970349039322662,0.026674045469207,0.46948055362873087,0.5038454009020621
GCCCTTGCAGCTAGTG_E15S,E15S,Hypoxic Tumor,reverted_posthypoxic,-0.7028048481010871,-0.1073659494133202,0.5309357806235528,0.9443040490150452,0.9443040490150452,0.3533495809953618,-0.7028048481010871,-0.1073659494133202,Oxygenated,1.067924554864159,0.4346371588108632,0.3316713225457394,0.23369151864339735
ATCGTCAAGTTAGCCA_E15S,E15S,Hypoxic Tumor,reverted_posthypoxic,-0.6644070215073304,-0.1643008460516565,0.4176749261937727,0.9431595802307128,0.9431595802307128,0.3433120793526815,-0.6644070215073304,-0.1643008460516565,Oxygenated,1.0704223776633646,0.4319549477610287,0.3290685771060275,0.23897647513294376
GGCGTTACAAGCACAT_E15S,E15S,Hypoxic Tumor,exiting_hypoxia,0.4656207368777049,-0.4830383691527151,-0.0544536491342388,0.9298229217529296,0.9298229217529296,0.4221187673109711,0.4656207368777049,-0.4830383691527151,Hypoxic,1.011666687660051,0.1592695897566628,0.35715868909840526,0.4835717211449319
CATGCAATCCCCAATT_E15S,E15S,Tumor,entering_hypoxia,-0.8344322703250847,0.6014696258085174,0.552314324876371,0.93781316280365,0.93781316280365,0.2075521947283179,-0.8344322703250847,0.6014696258085174,Ridge,1.074194352162527,0.34818286799557396,0.4136673094878245,0.23814982251660158
GGTCTAGCAAATCCTT_E15S,E15S,Tumor,entering_hypoxia,-0.3098008056045126,1.624144729435168,0.8712329474394923,0.945096492767334,0.945096492767334,0.109987760191439,-0.3098008056045126,1.624144729435168,Ridge,0.8891730131949529,0.07433509714808582,0.5516746063410193,0.373990296510895
ATCATTCCAAGGTATC_E15S,E15S,Hypoxic Tumor,entering_deep_hypoxia,0.7923152024411901,0.516505341231499,0.7321356300158008,0.9768397808074952,0.9768397808074952,0.3264204476377229,0.7923152024411901,0.516505341231499,Hypoxic,0.8866511020717731,0.06665101081653058,0.4175256650094974,0.515823324173972
TCAACTGAGGTGCAGA_E15S,E15S,Hypoxic Tumor,entering_hypoxia,-0.0029061244540853,1.9100976418937243,0.1812622085808828,0.9442382454872132,0.9442382454872132,0.3060375530639477,-0.0029061244540853,1.9100976418937243,Ridge,0.80032177980436,0.029421437731884117,0.5352725244797696,0.4353060377883463
TGATGAGGTCATGGCC_E15S,E15S,Hypoxic Tumor,reverted_stable,-0.9435119802789173,-0.6595275042657555,0.8448476870205636,0.9630212783813475,0.9630212783813475,0.3393488440381632,-0.9435119802789173,-0.6595275042657555,Oxygenated,1.067380353684991,0.44948146205924233,0.3000968670728614,0.2504216708678963
GTTCCACCATTCCTAG_E15S,E15S,Hypoxic Tumor,entering_deep_hypoxia,1.4005366994426465,1.372138060156041,0.9871158903614518,0.9723320603370668,0.9723320603370668,0.3249703199262285,1.4005366994426465,1.372138060156041,Hypoxic,0.6715297578019513,0.0047607542826868425,0.3435040825423434,0.6517351631749697
TGCCGTAGTCATGTGT_E15S,E15S,Tumor,persistent_hypoxia,0.3636975658922443,0.1584521154394513,0.2825519102930522,0.9171220660209656,0.9171220660209656,0.2145906381393897,0.3636975658922443,0.1584521154394513,Hypoxic,1.0346427619808107,0.17396319316967362,0.40909013000425226,0.41694667682607406
AACGGCAAGCTACTGA_E15S,E15S,Tumor,entering_deep_hypoxia,0.6737150801714651,1.2504681588736175,0.8775552291189628,0.9332698583602904,0.9332698583602904,0.0959124332028332,0.6737150801714651,1.2504681588736175,Hypoxic,0.8204555192484178,0.035287464439410506,0.46153586582257433,0.5031766697380151
GCGTTCCTCGATGCAC_E15S,E15S,Tumor,entering_hypoxia,0.0664969241785034,1.1268118625901622,1.6773134147411357,0.9484243392944336,0.9484243392944336,0.1774515036309804,0.0664969241785034,1.1268118625901622,Ridge,0.9584255838893363,0.11184651060142665,0.5019133479995788,0.3862401413989946
CAATATCAGGCATCAC_E15S,E15S,Hypoxic Tumor,reverted_posthypoxic,-0.5123511262586968,0.3223218951379435,-0.2585524993376575,0.9248046875,0.9248046875,0.5685264895354206,-0.5123511262586968,0.3223218951379435,Ridge,1.0838485583358177,0.35906331827324434,0.38550845405333184,0.25542822767342377
GTCCGTGAGGGTATCC_E15S,E15S,Hypoxic Tumor,transitional,-0.001841069294499,-0.3801251726621042,-0.3854542825908079,0.9334609508514404,0.9334609508514404,0.4362862763742358,-0.001841069294499,-0.3801251726621042,Hypoxic,1.094108735098998,0.2891841001757156,0.3534466643808393,0.35736923544344495
GCTCGTTCACTATCGC_E15S,E15S,Hypoxic Tumor,entering_deep_hypoxia,2.2200654674454228,1.5747508981588445,0.107671928336194,0.9661048054695128,0.9661048054695128,0.2839273451417937,2.2200654674454228,1.5747508981588445,Hypoxic,0.48735869442577384,0.00018350121005048103,0.189594930100671,0.8102215686892785
ACTGCTGGTGGAAGGA_E15S,E15S,Hypoxic Tumor,reverted_posthypoxic,-1.2182564707207784,0.1033323109618266,0.4654030201637327,0.9537917375564576,0.9537917375564576,0.319679264199355,-1.2182564707207784,0.1033323109618266,Oxygenated,1.0507362180936852,0.4515396431843534,0.3438518263312759,0.20460853048437067
ATGAACGGTAACCCAT_E15S,E15S,Hypoxic Tumor,reverted_posthypoxic,-1.7054232834611238,0.3237801480566313,1.1865923343435607,0.9420225024223328,0.9420225024223328,0.4117400916718869,-1.7054232834611238,0.3237801480566313,Ridge,1.0647688793505539,0.3905884520284903,0.3941618734646834,0.21524967450682628
CTGCCTATCCAGGGAA_E15S,E15S,Hypoxic Tumor,persistent_hypoxia,0.4444721921450535,-0.2604925526267708,0.1568650322039352,0.9641112685203552,0.9641112685203552,0.2537841953187647,0.4444721921450535,-0.2604925526267708,Hypoxic,1.0254406592051677,0.16818400963017038,0.37452091928788334,0.4572950710819463
CTAGTTAGTTCCTCGT_E15S,E15S,Hypoxic Tumor,reverted_posthypoxic,-0.969739061112064,0.2825833235827592,2.0652973221153115,0.939856767654419,0.939856767654419,0.2430692839260856,-0.969739061112064,0.2825833235827592,Oxygenated,1.0633008223742118,0.4195060991325839,0.364481259403216,0.21601264146420007
AACGATTTCCAGGTCG_E15S,E15S,Tumor,entering_hypoxia,-1.59501807194824,0.427718707825418,1.8624735562438333,0.9408359527587892,0.9408359527587892,0.1580015452363379,-1.59501807194824,0.427718707825418,Ridge,1.0643240669787715,0.38405635969513036,0.4011379041734141,0.21480573613145562
GGAATCTCATTGCGTC_E15S,E15S,Tumor,entering_hypoxia,0.2656064083383088,0.417308935320389,1.079763680821169,0.9474799036979676,0.9474799036979676,0.4103931498172483,0.2656064083383088,0.417308935320389,Ridge,1.0340356942452806,0.17426954746009862,0.4322341152221393,0.39349633731776207
GTTGAAGGTTCCTGTC_E15S,E15S,Hypoxic Tumor,reverted_posthypoxic,-1.5705772959470743,0.2899507850732133,0.8438043697941391,0.9725028872489928,0.9725028872489928,0.3265137328210133,-1.5705772959470743,0.2899507850732133,Oxygenated,1.060729878341578,0.4102150370495667,0.3801669240604375,0.2096180388899959
AAAGCTAAGCTACAGC_E15S,E15S,Hypoxic Tumor,entering_hypoxia,-0.6312535787411934,0.4947063250787793,0.237056322307064,0.930529534816742,0.930529534816742,0.5136161882642836,-0.6312535787411934,0.4947063250787793,Ridge,1.0797828073360336,0.3471562675304546,0.4035600770028638,0.24928365546668166
CGGGACTCACCTTAAT_E15S,E15S,Hypoxic Tumor,reverted_posthypoxic,-0.929689738623874,0.1964761731725626,0.6794504503001898,0.935230314731598,0.935230314731598,0.5388997823125906,-0.929689738623874,0.1964761731725626,Oxygenated,1.0617777570189972,0.42932161414406883,0.3544549810064232,0.21622340484950794
GCAAGGATCGAAGGGC_E15S,E15S,Tumor Proliferating,entering_hypoxia,0.2853914141907029,0.6156785331868836,1.4033854305309317,0.9288979172706604,0.9288979172706604,0.1579059994479533,0.2853914141907029,0.6156785331868836,Ridge,1.00709300681175,0.14680317888473307,0.45121720301501006,0.4019796181002569
CCGCTAGAGGCATCAC_E15S,E15S,Hypoxic Tumor,persistent_hypoxia,0.4684576715708501,0.1086818106551554,0.0477683778717665,0.9710216522216796,0.9710216522216796,0.2278711657982816,0.4684576715708501,0.1086818106551554,Hypoxic,1.012602990040729,0.15158626104116255,0.40441894468125233,0.4439947942775851
ATTGCCCCAGTACCGA_E15S,E15S,Hypoxic Tumor,exiting_hypoxia,0.5700154143702157,-0.565596411959417,-0.5465747668873815,0.9330983757972716,0.9330983757972716,0.4600357010459991,0.5700154143702157,-0.565596411959417,Hypoxic,0.9735315812146916,0.13121731521688246,0.3478502974896715,0.520932387293446
TGGGATAGTGATAGTG_E15S,E15S,Tumor,persistent_hypoxia,0.7019133516029147,-0.1582476342764391,0.0782601930862474,0.9404383897781372,0.9404383897781372,0.2057371342415362,0.7019133516029147,-0.1582476342764391,Hypoxic,0.9485036848369812,0.10759516415955243,0.3746555832591418,0.5177492525813059
GCGATTCAGGATTACT_E15S,E15S,Hypoxic Tumor,entering_hypoxia,0.1713483697488121,1.1308779866999172,0.0342834836775289,0.9242217540740968,0.9242217540740968,0.6061389824259905,0.1713483697488121,1.1308779866999172,Ridge,0.9398752096037113,0.09729209792824031,0.49846489153525464,0.4042430105365051
GTAAACCCAGCCATCT_E15S,E15S,Tumor Proliferating,exiting_hypoxia,0.6821420492757309,-1.5294282605604423,2.4049812403574333,0.9332478046417236,0.9332478046417236,0.1662979306911504,0.6821420492757309,-1.5294282605604423,Hypoxic,0.7347404432587564,0.046784810580657504,0.2474125703528953,0.7058026190664471
AGCCCCTTCCCCTGTA_E15S,E15S,Hypoxic Tumor,entering_hypoxia,-0.7920087256847272,0.8270939069689892,0.5478328941846622,0.9634397029876708,0.9634397029876708,0.3140516878518937,-0.7920087256847272,0.8270939069689892,Ridge,1.067118695236943,0.29084532457173085,0.4523923277442821,0.25676234768398704
TCCCGTTGTTCAATCA_E15S,E15S,Hypoxic Tumor,entering_hypoxia,-0.6158424296033187,0.99568989746796,-0.1745584777050562,0.934583842754364,0.934583842754364,0.5178119151468883,-0.6158424296033187,0.99568989746796,Ridge,1.047559503543884,0.23079144054458556,0.48374399409337393,0.28546456536204057
CGCATATGTCCCGAGT_E15S,E15S,Hypoxic Tumor,entering_hypoxia,-0.9614402423333192,0.7672355352501093,0.0661857447141163,0.9428470730781556,0.9428470730781556,0.32027663647514,-0.9614402423333192,0.7672355352501093,Ridge,1.0688083134064645,0.3183980121814215,0.4400025642794417,0.24159942353913685
AGGATTAAGATTGAAG_E15S,E15S,Tumor,entering_deep_hypoxia,2.421825178308837,1.8045377070791868,0.5176038583049604,0.9493034482002258,0.9493034482002258,0.0623455956946186,2.421825178308837,1.8045377070791868,Hypoxic,0.4281208647552879,4.7769376649897736e-05,0.15284109124885445,0.8471111393744957
AGAGGCGCATTCGCTA_E15S,E15S,Tumor,entering_hypoxia,-2.138309552229009,1.2147269589421403,-0.3169388948828479,0.9454872012138368,0.9454872012138368,0.367614532993141,-2.138309552229009,1.2147269589421403,Ridge,0.9604625017597876,0.14343311529303474,0.5649933112002798,0.29157357350668534
GTTAGGGAGTAGCCCG_E15S,E15S,Hypoxic Tumor,transitional,-0.2068243794349015,-0.3871539628058836,0.737444809667976,0.964410364627838,0.964410364627838,0.2762393450645566,-0.2068243794349015,-0.3871539628058836,Oxygenated,1.0979467727267223,0.3425836581247244,0.3411871090227977,0.31622923285247784
TAGTCCCCATCACGCT_E15S,E15S,Hypoxic Tumor,reverted_posthypoxic,-0.654427759662018,-0.3560917848715568,-0.5442289142776052,0.9222403168678284,0.9222403168678284,0.6096932719362518,-0.654427759662018,-0.3560917848715568,Oxygenated,1.072900629002354,0.4331056620274799,0.31795346781067796,0.24894087016184221
CGCGCAATCGCGTGTG_E15S,E15S,Tumor,entering_hypoxia,-0.3989142582202399,0.9855876381855262,2.076151302419072,0.9394426941871644,0.9394426941871644,0.1406702513161566,-0.3989142582202399,0.9855876381855262,Ridge,1.0386739130359446,0.20574407930509972,0.4861482387291643,0.308107681965736
CCCTAACCACAGCATG_E15S,E15S,Hypoxic Tumor,exiting_hypoxia,0.4939366903816448,-0.5548641122107622,-0.5485891361823884,0.915187120437622,0.915187120437622,0.7214134596591211,0.4939366903816448,-0.5548641122107622,Hypoxic,0.9984785523365928,0.14959696192682911,0.3510854615492731,0.4993175765238978
GTAACCTGTTATCATG_E15S,E15S,Hypoxic Tumor,entering_hypoxia,-0.7699170101607763,1.2051724663106969,0.2673397051068174,0.9506506323814392,0.9506506323814392,0.2649045215711869,-0.7699170101607763,1.2051724663106969,Ridge,1.0181020408345067,0.19265945896042364,0.5157995585501769,0.2915409824893995
CCATTAAGTTGGGCAG_E15S,E15S,Hypoxic Tumor,entering_hypoxia,-0.6178945725314888,1.2787399301838187,-0.3925167426568155,0.9207244515419006,0.9207244515419006,0.6555363404409391,-0.6178945725314888,1.2787399301838187,Ridge,0.9968073448808838,0.16299493817229924,0.5260748501788564,0.3109302116488443
AGTACCATCTGGTAAT_E15S,E15S,Hypoxic Tumor,entering_hypoxia,0.0753055944050518,0.4554231273978549,0.6140740189205081,0.9686107635498048,0.9686107635498048,0.3131920758853851,0.0753055944050518,0.4554231273978549,Ridge,1.0600774758073799,0.21386968687393682,0.4320116786332666,0.3541186344927967
GTCCCAAGTTGAAGGC_E15S,E15S,Tumor,entering_hypoxia,-0.9801649785858398,0.477311597005794,-0.0192757839158959,0.9410024881362916,0.9410024881362916,0.2753520550502464,-0.9801649785858398,0.477311597005794,Ridge,1.069148701808862,0.3852887584396927,0.39185123656267484,0.22286000499763256
ACTCCCATCTATGACG_E15S,E15S,Hypoxic Tumor,reverted_posthypoxic,-0.9846841302811228,-0.1498932177504833,0.8336208623875254,0.9438745379447936,0.9438745379447936,0.356041634523876,-0.9846841302811228,-0.1498932177504833,Oxygenated,1.0512292876482736,0.46446517649432145,0.32085390304150996,0.2146809204641685
GTGTTACGTAGCTATC_E15S,E15S,Hypoxic Tumor,reverted_posthypoxic,-1.9907555572793072,0.0830004041352037,1.4016683876114455,0.9566096663475036,0.9566096663475036,0.2828251832974781,-1.9907555572793072,0.0830004041352037,Ridge,1.072834738626297,0.37835502132382726,0.3917393004679063,0.2299056782082665
GTCGACTAGGGTCCTG_E15S,E15S,Hypoxic Tumor,reverted_posthypoxic,-0.6641890129583559,-0.2102956690675897,0.9046749178030786,0.9687313437461852,0.9687313437461852,0.2990265509317886,-0.6641890129583559,-0.2102956690675897,Oxygenated,1.0705208814160638,0.433448967567815,0.32592306060454707,0.24062797182763795
AAATTGCTCCTCAACT_E15S,E15S,Hypoxic Tumor,persistent_hypoxia,0.6205411937057594,-0.2439623729701164,0.8253948836176918,0.9390813112258912,0.9390813112258912,0.4675496225374387,0.6205411937057594,-0.2439623729701164,Hypoxic,0.9742499994399855,0.12564386069658107,0.371750638720099,0.5026055005833199
TGTGCCAGTAGGTACA_E15S,E15S,Tumor,entering_hypoxia,-0.3674887938944711,0.7566528716252209,-0.0829897338841847,0.9402922987937928,0.9402922987937928,0.2751735393170755,-0.3674887938944711,0.7566528716252209,Ridge,1.0658615801926117,0.2513730477859242,0.45351487254436385,0.29511207966971204
CGCACCTTCGCTGAAC_E15S,E15S,Hypoxic Tumor,reverted_stable,-1.114002813481768,-0.5284962203464758,0.8470575687855365,0.9716501832008362,0.9716501832008362,0.3401611439965963,-1.114002813481768,-0.5284962203464758,Oxygenated,1.0547868080765177,0.4682276008873711,0.30205941893306326,0.22971298017956554
CTCATGTTCTAGCGCG_E15S,E15S,Tumor,entering_deep_hypoxia,1.868583784904775,2.1196655314093555,1.8007396952740418,0.9479557871818542,0.9479557871818542,0.1575174211451286,1.868583784904775,2.1196655314093555,Hypoxic,0.5425956881313332,0.00019503875745295233,0.2312529646379697,0.7685519966045773
CCAGAATCACCTAACC_E15S,E15S,Hypoxic Tumor,entering_deep_hypoxia,0.6548800803535183,1.6183285792906497,0.5271336625289805,0.940832257270813,0.940832257270813,0.3763151950161129,0.6548800803535183,1.6183285792906497,Hypoxic,0.7722319110151756,0.01885782740245646,0.46433229166882806,0.5168098809287155
TCGGCTAGTGCATCTG_E15S,E15S,Tumor,entering_hypoxia,-0.2306625764621463,0.7541707391155675,0.183704032263126,0.9399248361587524,0.9399248361587524,0.1780713009758045,-0.2306625764621463,0.7541707391155675,Ridge,1.058389166558299,0.2277988681427399,0.4579875273054652,0.31421360455179503
CTAACGATCCGCGATG_E15S,E15S,Hypoxic Tumor,entering_hypoxia,-1.2019431031616634,0.9902497934574604,0.2592396722992353,0.942118227481842,0.942118227481842,0.3184860664580999,-1.2019431031616634,0.9902497934574604,Ridge,1.0510873155863423,0.2669695295378402,0.4823316631036928,0.250698807358467
AGCCTCTCACCTCGAT_E15S,E15S,Hypoxic Tumor,reverted_posthypoxic,-2.0796501537708267,-0.2133221748651882,1.053227209038769,0.9603170156478882,0.9603170156478882,0.3306386211174072,-2.0796501537708267,-0.2133221748651882,Oxygenated,1.079915980379293,0.3798556921338008,0.3755433668984097,0.2446009409677894
GCGTTATGTATGGTCT_E15S,E15S,Hypoxic Tumor,persistent_hypoxia,1.9194917863608705,-0.3424293755292765,-0.043762027204813,0.9231365323066713,0.9231365323066713,0.5890261751983913,1.9194917863608705,-0.3424293755292765,Hypoxic,0.5185969417219044,0.003485748635351796,0.19695869302995006,0.7995555583346982
GGTGCGAGTGATTCCG_E15S,E15S,Hypoxic Tumor,reverted_posthypoxic,-0.4426816937524641,0.3170975166156888,-0.65978706618844,0.93073970079422,0.93073970079422,0.4840095179003038,-0.4426816937524641,0.3170975166156888,Ridge,1.0861695063588848,0.3474533072269985,0.38864591798517395,0.2639007747878275
TAGGCCACATCAAGCG_E15S,E15S,Hypoxic Tumor,entering_hypoxia,-0.2345721017288705,2.3166503154107474,0.1898024045166195,0.9509949684143066,0.9509949684143066,0.2765679553109917,-0.2345721017288705,2.3166503154107474,Ridge,0.751792195679696,0.013817432878013854,0.541003382858472,0.4451791842635141
CTAGCCTCAGCCAGGT_E15S,E15S,Hypoxic Tumor,reverted_posthypoxic,-1.6219446043944847,-0.1237932469294401,0.7265049287469898,0.9357041716575624,0.9357041716575624,0.4216408783353921,-1.6219446043944847,-0.1237932469294401,Oxygenated,1.0542712280212234,0.44939167541954544,0.340106151696574,0.21050217288388054
GGAAACTAGATTAACC_E15S,E15S,Hypoxic Tumor,entering_hypoxia,-0.6215391593770844,0.7051857530193781,0.309352014151206,0.9458957314491272,0.9458957314491272,0.2584865857593483,-0.6215391593770844,0.7051857530193781,Ridge,1.074361995616603,0.30110082040625086,0.43641590610400993,0.26248327348973916
ATACTCCTCTGGCTAA_E15S,E15S,Hypoxic Tumor,transitional,-0.2211759883704798,0.0167303446330333,0.5834175922853182,0.9509382247924804,0.9509382247924804,0.3247478242187634,-0.2211759883704798,0.0167303446330333,Ridge,1.0943924707537953,0.3349155364515018,0.3699378687518965,0.2951465947966018
GGTTTACGTTAGTCAC_E15S,E15S,Hypoxic Tumor,entering_hypoxia,-0.7926424883111576,0.8591117858807144,0.246282769076371,0.9519033432006836,0.9519033432006836,0.2778759241077333,-0.7926424883111576,0.8591117858807144,Ridge,1.0648405281830935,0.2828702288644233,0.45789487832594117,0.2592348928096356
GGAGAAGGTGCGGTTC_E15S,E15S,Hypoxic Tumor,entering_hypoxia,-1.2279377260035906,0.6936179273208666,0.2875399577085834,0.9465200304985046,0.9465200304985046,0.3620340149554873,-1.2279377260035906,0.6936179273208666,Ridge,1.0667961276697782,0.3438292337037503,0.4290324416813808,0.2271383246148689
CCTGAGTAGCCATCGG_E15S,E15S,Hypoxic Tumor,persistent_hypoxia,0.4914024963462491,-0.0828619124198259,0.3820860226177462,0.9387511014938354,0.9387511014938354,0.4336620569743107,0.4914024963462491,-0.0828619124198259,Hypoxic,1.012935254400695,0.15381852396436668,0.38827032876137424,0.4579111472742591
GCTTATAGTTTGGCGC_E15S,E15S,Tumor,normoxic_stable,-1.6624403366253693,0.0882869721480268,0.1288353675566478,0.9476860761642456,0.9476860761642456,0.3880366142120197,-1.6624403366253693,0.0882869721480268,Oxygenated,1.0587298451607747,0.42781264540756675,0.3623416857862026,0.20984566880623057
GGAAGCATCACTGGCG_E15S,E15S,Tumor,entering_deep_hypoxia,0.6981172311399622,0.6913321083787918,-0.1187220019233103,0.9425235390663148,0.9425235390663148,0.1456331874315131,0.6981172311399622,0.6913321083787918,Hypoxic,0.8945128979364176,0.06896141637344085,0.4367587750267182,0.49427980859984094
GGGACTAAGTTGCCTT_E15S,E15S,Hypoxic Tumor,entering_hypoxia,-0.4964481814398694,1.9736718275352576,0.2066529390839779,0.948586642742157,0.948586642742157,0.3364816118535429,-0.4964481814398694,1.9736718275352576,Ridge,0.8192750868336525,0.04149502705106993,0.5712670385946644,0.3872379343542656
ATACGGTCAACGGGCT_E15S,E15S,Hypoxic Tumor,exiting_hypoxia,-0.0973241552584502,-0.532001853213319,-0.2763267748730454,0.9305418729782104,0.9305418729782104,0.4663109978090277,-0.0973241552584502,-0.532001853213319,Hypoxic,1.0971517369068087,0.3088585884502632,0.3398310526481221,0.35131035890161466
GCAAAGGTCCTGATGA_E15S,E15S,Hypoxic Tumor,transitional,0.1517498533208269,0.3406362152452302,0.7554051113155944,0.9556975960731506,0.9556975960731506,0.2908643953703618,0.1517498533208269,0.3406362152452302,Ridge,1.0596166444881487,0.20993015176648064,0.42229160290015705,0.36777824533336234
CGGGTAAAGCCTGATA_E15S,E15S,Hypoxic Tumor,reverted_stable,-0.9391916631255708,-0.558113572662101,0.0905007469663391,0.9428354501724244,0.9428354501724244,0.380880916643922,-0.9391916631255708,-0.558113572662101,Oxygenated,1.0621886769471436,0.45724729109911233,0.3021884242360496,0.24056428466483798
ATCTACCTCAGTAGGG_E15S,E15S,Hypoxic Tumor,reverted_posthypoxic,-0.5433492792405237,-0.2570477800274537,0.5323332529494721,0.9296429753303528,0.9296429753303528,0.5323509617047341,-0.5433492792405237,-0.2570477800274537,Oxygenated,1.0795854590192813,0.4150195625853769,0.32882567042653954,0.2561547669880834
AGCATGAGTCATGATC_E15S,E15S,Hypoxic Tumor,entering_deep_hypoxia,1.3879219970787535,1.0362938379004931,-0.4253436351806982,0.917654275894165,0.917654275894165,0.7344650220483744,1.3879219970787535,1.0362938379004931,Hypoxic,0.6904676776664798,0.008451020774717946,0.3466175103311322,0.64493146889415
CATTCATCAAGCTGGC_E15S,E15S,Hypoxic Tumor,entering_hypoxia,0.1104468158460954,1.0039068789809276,-0.4861253146711742,0.9143550992012024,0.9143550992012024,0.9016073357044958,0.1104468158460954,1.0039068789809276,Ridge,0.9759336305236382,0.12409518480533428,0.4900121731365249,0.38589264205814083
TACCATTCAGCACTTC_E15S,E15S,Hypoxic Tumor,entering_hypoxia,-0.4695485922285127,0.5922098889061873,2.007289549304134,0.9428030252456664,0.9428030252456664,0.1914583244040475,-0.4695485922285127,0.5922098889061873,Ridge,1.079594194503583,0.3029200049625953,0.4249833996379682,0.2720965953994365
GGCCGTTGTCAGGGCA_E15S,E15S,Hypoxic Tumor,entering_hypoxia,-1.317251461790589,1.4105551938708605,0.5000846610978761,0.94636070728302,0.94636070728302,0.2831810267138536,-1.317251461790589,1.4105551938708605,Ridge,0.9749411233008837,0.15622024708654944,0.5558353287842727,0.28794442412917787
GTCTTAAGTTGAGCGG_E15S,E15S,Tumor,entering_hypoxia,-0.571861547433795,1.1333677703808704,0.5221237012511126,0.9384530782699584,0.9384530782699584,0.1862233846067438,-0.571861547433795,1.1333677703808704,Ridge,1.023676719480367,0.19265256747608459,0.505529404603972,0.30181802791994333
GGGCAATGTCTTGACG_E15S,E15S,Hypoxic Tumor,entering_hypoxia,-0.1935618856131319,1.598865334960743,0.7844789214124255,0.9446356296539308,0.9446356296539308,0.2882600610546206,-0.1935618856131319,1.598865334960743,Ridge,0.8842498682168434,0.06983930003792554,0.544739230323626,0.3854214696384484
CCATTTGCACATACCC_E15S,E15S,Hypoxic Tumor,entering_hypoxia,-1.6716269193002002,1.3538009662812744,0.7049954475872359,0.9488570690155028,0.9488570690155028,0.2401834954321167,-1.6716269193002002,1.3538009662812744,Ridge,0.9716972880332659,0.15601812688750993,0.560496850462458,0.28348502265003206
ATAGCGAGTTTGCAGT_E15S,E15S,Hypoxic Tumor,entering_hypoxia,-1.249286771201913,0.7856727967135072,0.3736340416981001,0.9673556089401244,0.9673556089401244,0.3013243689082414,-1.249286771201913,0.7856727967135072,Ridge,1.064393002090704,0.3208246888287462,0.4459252186534896,0.23325009251776402
CGAACGGGTTAGACCT_E15S,E15S,Hypoxic Tumor,entering_hypoxia,-0.7681276593950107,0.5229723950680526,-0.196774610278186,0.934714376926422,0.934714376926422,0.4267844691061039,-0.7681276593950107,0.5229723950680526,Ridge,1.0759304902681186,0.35837973975394527,0.40298819101576183,0.23863206923029281
TGTCCCTGTTAGGTTC_E15S,E15S,Hypoxic Tumor,entering_hypoxia,-0.5958554009537252,0.6921401776301198,0.3285056082485739,0.9741421341896056,0.9741421341896056,0.3188765716456652,-0.5958554009537252,0.6921401776301198,Ridge,1.075033355905287,0.30061946081028523,0.435210678714351,0.2641698604753638
ACCGATGCAACTTCCA_E15S,E15S,Hypoxic Tumor,entering_hypoxia,-0.8288298132820593,1.1578273064553597,1.5080423110308332,0.9440934062004088,0.9440934062004088,0.4085976028033837,-0.8288298132820593,1.1578273064553597,Ridge,1.0281622802656332,0.20871640037178063,0.5083637323407412,0.2829198672874782
ACTTAGGTCCCGTGCT_E15S,E15S,Hypoxic Tumor,entering_hypoxia,-0.8534728643198303,1.4082344674121436,0.9382511705237736,0.9332088828086852,0.9332088828086852,0.3283915453240484,-0.8534728643198303,1.4082344674121436,Ridge,0.9762410571378329,0.14874334692167138,0.545684812998182,0.3055718400801467
AATATGCTCAGGTTCA_E15S,E15S,Hypoxic Tumor,transitional,-0.4220266919510588,-0.212307784430589,0.1513207212335769,0.930144190788269,0.930144190788269,0.501831478673837,-0.4220266919510588,-0.212307784430589,Oxygenated,1.08741980941222,0.391184423265186,0.3386231510994108,0.27019242563540313
CAGTTACGTTCGTAGT_E15S,E15S,Tumor,entering_hypoxia,-1.8332106224986957,0.8124220223389089,0.2383866789507804,0.9311608672142028,0.9311608672142028,0.1434070861570696,-1.8332106224986957,0.8124220223389089,Ridge,1.0509714789898346,0.2730628103390724,0.4817246882529955,0.24521250140793205
ACATTGGTCTAGGCGT_E15S,E15S,Hypoxic Tumor,reverted_posthypoxic,-0.5760956571637553,-0.2591976448730927,0.2046756381567142,0.9523125886917114,0.9523125886917114,0.320534725652788,-0.5760956571637553,-0.2591976448730927,Oxygenated,1.0772466438510029,0.4206628270357436,0.3269991671093763,0.25233800585488003
CCCTTAGTCTGTCTAC_E15S,E15S,Hypoxic Tumor,reverted_stable,-0.7875892600192759,-0.8263680004906161,-0.5754140627825538,0.9250035285949708,0.9250035285949708,0.5865040212398658,-0.7875892600192759,-0.8263680004906161,Oxygenated,1.08379317554116,0.41517240028695207,0.30120462919778473,0.28362297051526325
ATAATGCTCTAGTCCT_E15S,E15S,Tumor,persistent_hypoxia,1.776006052143277,0.0230375228607097,3.4690645732655105,0.94173002243042,0.94173002243042,0.1288870214996706,1.776006052143277,0.0230375228607097,Hypoxic,0.5873029078055496,0.005736960322742964,0.24217241899661768,0.7520906206806393
TACCCCTGTGAGTGGT_E15S,E15S,Hypoxic Tumor,entering_hypoxia,-0.7756593387196541,1.1480320821107317,0.079919063990444,0.9524850845336914,0.9524850845336914,0.2729435461763975,-0.7756593387196541,1.1480320821107317,Ridge,1.0286712648058087,0.20745617519609016,0.5068066378220373,0.2857371869818725
ATCCCGCTCCTGGGAT_E15S,E15S,Hypoxic Tumor,reverted_posthypoxic,-0.5653489172154664,-0.2537370244884924,-0.758585160826392,0.9152860045433044,0.9152860045433044,0.8955537142802447,-0.5653489172154664,-0.2537370244884924,Oxygenated,1.0779758315062722,0.4187730664511516,0.3278832776517502,0.2533436558970983
AGACATGGTTAGCCTG_E15S,E15S,Hypoxic Tumor,reverted_stable,-1.3345452464343497,-0.7345755896163532,-0.0635844336951443,0.9278126955032348,0.9278126955032348,0.5588515227416933,-1.3345452464343497,-0.7345755896163532,Oxygenated,1.0661286549902187,0.4508284097654592,0.3024465343328045,0.2467250559017364
GCAATCGCAATGACAC_E15S,E15S,Hypoxic Tumor,reverted_posthypoxic,-0.982112831003132,-0.0386746121277072,-0.1171958003029437,0.9334640502929688,0.9334640502929688,0.41855916785221,-0.982112831003132,-0.0386746121277072,Oxygenated,1.052786510009565,0.45762107457249085,0.3296750605833652,0.21270386484414397
ACACCAATCGTGAACC_E15S,E15S,Hypoxic Tumor,reverted_stable,-1.015830931693549,-0.502070016007605,0.94252286123825,0.93924480676651,0.93924480676651,0.3393383194414522,-1.015830931693549,-0.502070016007605,Oxygenated,1.0564738500390407,0.4655051290428565,0.3029177430007326,0.23157712795641083
GCTAAGTCAAGCTTAA_E15S,E15S,Tumor,entering_hypoxia,-1.8094928821774063,1.4882820176030798,-0.3368721877520756,0.9450600743293762,0.9450600743293762,0.3579127539636,-1.8094928821774063,1.4882820176030798,Ridge,0.9280735268011198,0.11831795190671733,0.5829255629250562,0.2987564851682265
CACGAGGGTGCGAGCA_E15S,E15S,Hypoxic Tumor,entering_hypoxia,-0.0258043808793002,1.4503792952835974,-0.4060242473103936,0.9202980399131776,0.9202980399131776,0.6473216833189763,-0.0258043808793002,1.4503792952835974,Ridge,0.8997604008859033,0.0759952775840904,0.5284451125390074,0.39555960987690203
CGAACGGGTAGCAGTA_E15S,E15S,Hypoxic Tumor,transitional,-0.2474345908696474,-0.2177308021412479,-0.2598998943425246,0.9188638925552368,0.9188638925552368,0.6204101706234988,-0.2474345908696474,-0.2177308021412479,Oxygenated,1.0957604606667353,0.35263588040266053,0.34924692457774115,0.2981171950195984
GTCCTCATCCTTCAAC_E15S,E15S,Hypoxic Tumor,transitional,0.0076445072980884,0.2949558310572011,0.1270563193779021,0.9450377225875854,0.9450377225875854,0.3524161352932907,0.0076445072980884,0.2949558310572011,Ridge,1.0788193388692917,0.2507568483125486,0.4117285020559247,0.33751464963152683
CTTATGAGTTTCGTCC_E15S,E15S,Hypoxic Tumor,transitional,0.2226620344353958,-0.4067814060097108,-0.8147084363269526,0.9170774817466736,0.9170774817466736,0.875589885968468,0.2226620344353958,-0.4067814060097108,Hypoxic,1.0693400435121905,0.22632404647020077,0.3609959705692251,0.41267998296057423
GGTGCATTCACCTGGG_E15S,E15S,Tumor,normoxic_stable,-1.4610024000113555,-0.3425323054636567,0.1086464341188706,0.9442222714424132,0.9442222714424132,0.3122912857761379,-1.4610024000113555,-0.3425323054636567,Oxygenated,1.049749103645831,0.46814115024160874,0.31739470161501127,0.21446414814337997
ATGGTTACAGCCAGGT_E15S,E15S,Hypoxic Tumor,reverted_stable,-0.4839377117687539,-0.4524565920975208,-0.0536871204040893,0.9455270767211914,0.9455270767211914,0.268027067517659,-0.4839377117687539,-0.4524565920975208,Oxygenated,1.086702546098927,0.40166242019549453,0.32179872665180814,0.27653885315269733
GGAGCATGTCAGGCAG_E15S,E15S,Hypoxic Tumor,entering_hypoxia,-0.35032798516386,0.9657151708270384,-0.2707375765656664,0.9152889251708984,0.9152889251708984,0.915522824850993,-0.35032798516386,0.9657151708270384,Ridge,1.038452499587149,0.20316485300508827,0.48423463754880025,0.3126005094461114
GTGGCAGGTTAGTGTC_E15S,E15S,Hypoxic Tumor,entering_deep_hypoxia,1.521410076941401,1.3016345620655865,-0.755437039775785,0.9197733402252196,0.9197733402252196,0.5739381485755134,1.521410076941401,1.3016345620655865,Hypoxic,0.651180336228325,0.00373412549290221,0.321547554213576,0.6747183202935219
TGGTTTAGTCTGTCCT_E15S,E15S,Hypoxic Tumor,entering_hypoxia,-1.5783556832009666,1.2896340676865163,-0.2748319723993613,0.936920702457428,0.936920702457428,0.430745136495078,-1.5783556832009666,1.2896340676865163,Ridge,0.9917047341203652,0.17681609842649923,0.5470381178825041,0.2761457836909968
ATTCCAAGTGAGATTG_E15S,E15S,Hypoxic Tumor,transitional,0.137606559824959,-0.1405679461347175,0.397573348392048,0.9391571283340454,0.9391571283340454,0.1744913888969632,0.137606559824959,-0.1405679461347175,Ridge,1.0819628489870472,0.24945913328938937,0.3774447447426982,0.37309612196791236
TATGGGTCAAGCTCCT_E15S,E15S,Hypoxic Tumor,exiting_hypoxia,-0.0816396853455847,-0.7809079798718589,1.5128034529398109,0.9365991353988647,0.9365991353988647,0.4046330494388456,-0.0816396853455847,-0.7809079798718589,Hypoxic,1.090567048619743,0.2835825188247501,0.3293913342755222,0.3870261468997277
TATCGTAGTCTCAGTG_E15S,E15S,Hypoxic Tumor,reverted_stable,-0.7864086004266392,-0.64853724572003,0.1541630992047621,0.933365285396576,0.933365285396576,0.4703134432451759,-0.7864086004266392,-0.64853724572003,Oxygenated,1.0744913121328414,0.43550859477077886,0.30341990795626633,0.26107149727295487
CGAATCTGTGCGGTGA_E15S,E15S,Hypoxic Tumor,exiting_hypoxia,-0.1327547848844588,-0.8558518410445878,0.2031828409528382,0.9646703004837036,0.9646703004837036,0.3336149391003518,-0.1327547848844588,-0.8558518410445878,Hypoxic,1.0908957079145343,0.28732713020630557,0.3245874329791085,0.3880854368145859
AGTCAACCAATCTCGC_E15S,E15S,Hypoxic Tumor,exiting_hypoxia,0.7941460081497353,-0.67397107804122,-0.5511908538218873,0.92391037940979,0.92391037940979,0.5715429287534101,0.7941460081497353,-0.67397107804122,Hypoxic,0.880139025278621,0.08201023865978925,0.32479717238226574,0.5931925889579449
CTAACATAGCTGGTGT_E15S,E15S,Hypoxic Tumor,exiting_hypoxia,0.1042904741064179,-0.7498667269836469,-0.3994553161289466,0.92490816116333,0.92490816116333,0.5896563700235562,0.1042904741064179,-0.7498667269836469,Hypoxic,1.0718546564695597,0.2380729808845521,0.3368421727642592,0.4250848463511887
TCGGTTAAGGATTAGA_E15S,E15S,Hypoxic Tumor,transitional,0.2009089423719476,-0.0279608531010311,-0.1416069872119655,0.9648333191871644,0.9648333191871644,0.2725960624569979,0.2009089423719476,-0.0279608531010311,Ridge,1.071748191037302,0.22764955038717355,0.38928095879144375,0.3830694908213826
CAAGCAAGTGCATTAC_E15S,E15S,Hypoxic Tumor,reverted_stable,-0.555403362687451,-0.5069699359646355,-0.1091426743462053,0.9178518652915956,0.9178518652915956,0.7208797581938773,-0.555403362687451,-0.5069699359646355,Oxygenated,1.083418427723884,0.41218510308101164,0.3160369259664604,0.27177797095252787
CTGACCTCAATACTGA_E15S,E15S,Hypoxic Tumor,persistent_hypoxia,1.3875517045478418,-0.3242542806261988,0.0182103403475186,0.933361828327179,0.933361828327179,0.4091542449729682,1.3875517045478418,-0.3242542806261988,Hypoxic,0.6879654697840312,0.020362905123206505,0.2825680316201756,0.6970690632566179
ATTCACCTCTGGCCGA_E15S,E15S,Hypoxic Tumor,exiting_hypoxia,0.3899825817329387,-1.7533190114895645,0.428635047399898,0.9668113589286804,0.9668113589286804,0.3194461594594474,0.3899825817329387,-1.7533190114895645,Hypoxic,0.7633866735676524,0.0583089877708112,0.24623591213132245,0.6954551000978664
GTACAACCAAGTAAGG_E15S,E15S,Hypoxic Tumor,entering_hypoxia,-1.918931794388016,0.8685741492942431,-0.0713645749233055,0.9336410164833068,0.9336410164833068,0.4625216021220827,-1.918931794388016,0.8685741492942431,Ridge,1.0410894495486076,0.2485137192288485,0.4979777664535913,0.2535085143175602
GGAATTAAGGATGACG_E15S,E15S,Hypoxic Tumor,entering_hypoxia,-0.3606534567127671,1.9139377575654308,-0.1180829239581056,0.9456905126571656,0.9456905126571656,0.2525282697201294,-0.3606534567127671,1.9139377575654308,Ridge,0.8250294822107194,0.04266072891367499,0.5627819961879904,0.3945572748983345
AGCTGTTGTGACTCTG_E15S,E15S,Hypoxic Tumor,reverted_posthypoxic,-0.9190396851531856,-0.0286608999490854,0.0776854664884412,0.9455603957176208,0.9455603957176208,0.2691719429336728,-0.9190396851531856,-0.0286608999490854,Oxygenated,1.0558736328723122,0.452446550891405,0.3315395669746864,0.2160138821339086
CCAATCAAGGGTTGCT_E15S,E15S,Hypoxic Tumor,entering_deep_hypoxia,1.4351687149654495,1.680788763811155,0.2407050005543511,0.9439079761505128,0.9439079761505128,0.3878825745060873,1.4351687149654495,1.680788763811155,Hypoxic,0.6496199761549107,0.002342317296010464,0.3297938803846984,0.6678638023192912
CAATAGCCACTTGGGA_E15S,E15S,Hypoxic Tumor,entering_hypoxia,0.12567984202933,0.5242534928246465,-0.358007532600876,0.936295211315155,0.936295211315155,0.4249158636514017,0.12567984202933,0.5242534928246465,Ridge,1.0464143360108538,0.19294870841199538,0.4408726146080381,0.3661786769799664
AGTACCATCACTCCGC_E15S,E15S,Hypoxic Tumor,persistent_hypoxia,1.5290358650729394,-0.1654013104317184,-0.1148892431149144,0.924287497997284,0.924287497997284,0.6320990430439574,1.5290358650729394,-0.1654013104317184,Hypoxic,0.6516465932540976,0.013329693863986861,0.2718746448559279,0.7147956612800853
ATGGTTTAGGATTCGC_E15S,E15S,Hypoxic Tumor,reverted_posthypoxic,-0.6439473000230831,-0.2687244191520187,-0.5174768078073179,0.9340810775756836,0.9340810775756836,0.4632855444366636,-0.6439473000230831,-0.2687244191520187,Oxygenated,1.0723988704157201,0.43157504298900135,0.32317087279526996,0.24525408421572872
AACCCTAAGCCTTCGC_E15S,E15S,Hypoxic Tumor,reverted_posthypoxic,-1.4504514518480378,-0.3025103122474362,0.7534602470436585,0.927474856376648,0.927474856376648,0.6555748755199728,-1.4504514518480378,-0.3025103122474362,Oxygenated,1.048630440357588,0.4687783704852171,0.3189403364986974,0.21228129301608553
GGCGAATGTATGTCCG_E15S,E15S,Hypoxic Tumor,entering_hypoxia,-0.1240301885298478,0.8767753079272913,0.272648069738195,0.93776136636734,0.93776136636734,0.4242116463855443,-0.1240301885298478,0.8767753079272913,Ridge,1.031877719771919,0.18477715134171357,0.4766569020015129,0.3385659466567734
AATGAACGTTTAGTGC_E15S,E15S,Hypoxic Tumor,reverted_posthypoxic,-0.6966921895248364,-0.0327326211337715,-0.1955641442646862,0.9225800037384032,0.9225800037384032,0.6067660041941239,-0.6966921895248364,-0.0327326211337715,Oxygenated,1.0690715578430692,0.4290024721782696,0.33809593114496145,0.23290159667676907
ACCGAGGGTGCAGGAT_E15S,E15S,Hypoxic Tumor,entering_hypoxia,-0.013534106659067,0.6003553566263545,0.4397008877144245,0.9225780963897704,0.9225780963897704,0.637420407781926,-0.013534106659067,0.6003553566263545,Ridge,1.056089046187147,0.21218454626255548,0.44566264838806136,0.3421528053493831
CACCCTTGTGACTCCA_E15S,E15S,Hypoxic Tumor,persistent_hypoxia,1.297762621376471,0.2100543867289837,1.7623234498338405,0.8920043706893921,0.8920043706893921,0.619462503454738,1.297762621376471,0.2100543867289837,Hypoxic,0.7395026900719803,0.023866018988665146,0.3334628127875361,0.6426711682237988
AGTATTCAGTGGCAGA_E15S,E15S,Hypoxic Tumor,entering_deep_hypoxia,0.7684885842827988,0.4974033996732065,-0.1800270501107881,0.946216881275177,0.946216881275177,0.3680335746295294,0.7684885842827988,0.4974033996732065,Hypoxic,0.8956974241840199,0.0710484369795365,0.41856591275370403,0.5103856502667594
CTCCAGCTCTAACTGG_E15S,E15S,Hypoxic Tumor,entering_hypoxia,-1.6532142597402697,1.68637497291532,0.6303624992834541,0.946806788444519,0.946806788444519,0.3622885241617331,-1.6532142597402697,1.68637497291532,Ridge,0.8875639411630833,0.08945146558686122,0.5969790453112254,0.31356948910191335
GGGGTAATCTGGTGTA_E15S,E15S,Hypoxic Tumor,exiting_hypoxia,0.5180275868182352,-0.7847377011613712,0.2336675828634829,0.9201053380966188,0.9201053380966188,0.5639496416362542,0.5180275868182352,-0.7847377011613712,Hypoxic,0.9665807317360074,0.13118548515862508,0.33220951612991007,0.5366049987114649
GCATTAGTCGATACTG_E15S,E15S,Hypoxic Tumor,reverted_stable,-0.7856201457896854,-0.7956629291667834,-0.2967219324733826,0.9318581223487854,0.9318581223487854,0.4903154972070606,-0.7856201457896854,-0.7956629291667834,Oxygenated,1.0822366845031905,0.41908471240207906,0.30147446239495435,0.2794408252029666
AACACCATCGCGCGTA_E15S,E15S,Hypoxic Tumor,entering_hypoxia,0.0934743238460181,0.5137736964480073,0.309995945635319,0.9549253582954408,0.9549253582954408,0.3115359680607703,0.0934743238460181,0.5137736964480073,Ridge,1.052083776424771,0.20164761288364852,0.4389516456497673,0.35940074146658413
ACGCGGTCATAGGTGT_E15S,E15S,Hypoxic Tumor,persistent_hypoxia,1.11958987709193,0.14247134127783,0.5983009116180084,0.9272491931915284,0.9272491931915284,0.5595082896103151,1.11958987709193,0.14247134127783,Hypoxic,0.7994265956452538,0.03949608599313162,0.355683168712849,0.6048207452940194
GCGTTCCTCAGGTTCA_E15S,E15S,Hypoxic Tumor,transitional,0.0122055701273189,-0.2536100625616941,0.1037201390557654,0.9328528046607972,0.9328528046607972,0.4203283549666556,0.0122055701273189,-0.2536100625616941,Ridge,1.093380162866248,0.286152469995983,0.3626497123984646,0.3511978176055524
AAATGCTTCGTAGTGC_E15S,E15S,Hypoxic Tumor,entering_hypoxia,-0.590492199023243,1.2082235353743316,0.2526042394590045,0.9491966366767884,0.9491966366767884,0.3387538620349378,-0.590492199023243,1.2082235353743316,Ridge,1.0102194383551828,0.17685617390007502,0.5162785133429321,0.30686531275699286
TCACGTCCATTAGACA_E15S,E15S,Hypoxic Tumor,entering_hypoxia,-1.1124424319249084,2.0475068392786606,0.1578985534880892,0.93622088432312,0.93622088432312,0.690264365385573,-1.1124424319249084,2.0475068392786606,Ridge,0.8142523382184199,0.0450860389750772,0.5992761949008503,0.35563776612407255
GGGGTAATCAGTTGGC_E15S,E15S,Hypoxic Tumor,entering_hypoxia,-1.2919213817716244,0.6087877290706469,0.7613436011748661,0.9391906261444092,0.9391906261444092,0.4044460759796066,-1.2919213817716244,0.6087877290706469,Ridge,1.0662813091078513,0.3630855428381185,0.41600669787640016,0.22090775928548131
CATATCTCATAGAGTC_E15S,E15S,Hypoxic Tumor,reverted_posthypoxic,-1.6548816168551848,-0.0727860810560754,1.0020103708927544,0.9369598627090454,0.9369598627090454,0.5053022197899358,-1.6548816168551848,-0.0727860810560754,Oxygenated,1.056122723945658,0.44276357442976666,0.3464974761097735,0.21073894946045987
TAATCCCTCGCGCTGA_E15S,E15S,Hypoxic Tumor,transitional,-0.097679667957971,-0.2991981325904057,0.9916307732212826,0.9335798621177672,0.9335798621177672,0.6315886205630544,-0.097679667957971,-0.2991981325904057,Ridge,1.0975540898361094,0.3157756320657523,0.35318195437128436,0.3310424135629634
CCAACTGGTGATGATG_E15S,E15S,Hypoxic Tumor,exiting_hypoxia,0.2840366102911855,-1.2711881281339994,0.4201789880714903,0.9407724142074584,0.9407724142074584,0.3572541123652304,0.2840366102911855,-1.2711881281339994,Hypoxic,0.9501691412952928,0.13155996600960293,0.30164820584494917,0.5667918281454478
TCCCAGCTCGATGACC_E15S,E15S,Hypoxic Tumor,persistent_hypoxia,0.3203048412104013,0.1189711149624226,-0.5764442478634996,0.9155837893486024,0.9155837893486024,0.6961061931095945,0.3203048412104013,0.1189711149624226,Hypoxic,1.0457832623000516,0.18753411727621275,0.40517361398310664,0.4072922687406807
CCCAGCAAGTAGTCCA_E15S,E15S,Hypoxic Tumor,entering_deep_hypoxia,0.6765245544436351,0.9085932849233552,0.0227741112771261,0.9592040181159972,0.9592040181159972,0.1658667707427807,0.6765245544436351,0.9085932849233552,Hypoxic,0.8706818545183255,0.05671079062112162,0.4501936826471576,0.4930955267317208
GCTTGAATCCTGATCT_E15S,E15S,Hypoxic Tumor,reverted_stable,-0.7852044851107001,-0.4099865208720429,-0.4377695253291528,0.9234583377838136,0.9234583377838136,0.5484932763983807,-0.7852044851107001,-0.4099865208720429,Oxygenated,1.0651581395001717,0.44934432031675386,0.3106097592410439,0.24004592044220216
CGTCACCTCCGGGTAT_E15S,E15S,Hypoxic Tumor,reverted_posthypoxic,-0.8468275650690401,0.4049019667515304,0.0737332949241151,0.9266480207443236,0.9266480207443236,0.5123947302818593,-0.8468275650690401,0.4049019667515304,Oxygenated,1.0716288475462583,0.3891935822899461,0.3833883941465659,0.22741802356348814
TAGCTTGAGTGATCGC_E15S,E15S,Hypoxic Tumor,entering_hypoxia,-0.3047058135830717,2.067942047654131,0.4904744424059997,0.9414077997207642,0.9414077997207642,0.3051039515438011,-0.3047058135830717,2.067942047654131,Ridge,0.7916037736241578,0.028253442845358447,0.5574308066178715,0.41431575053677006
CGTGAGAAGCCACAGT_E15S,E15S,Hypoxic Tumor,entering_hypoxia,-0.7859378861146812,0.5598832669461705,-0.2021568833260845,0.9348680377006532,0.9348680377006532,0.488395507800697,-0.7859378861146812,0.5598832669461705,Ridge,1.075487271410727,0.35253800632439514,0.40821069061409526,0.23925130306150957
CGCTGATAGCCATCGG_E15S,E15S,Hypoxic Tumor,exiting_hypoxia,1.2500780921246155,-1.2935216949003747,0.62711609792002,0.9563099145889282,0.9563099145889282,0.4030624552016155,1.2500780921246155,-1.2935216949003747,Hypoxic,0.5917790446833264,0.015680348801365686,0.21064285654316642,0.7736767946554678
TACGTCAAGTTAGTAC_E15S,E15S,Hypoxic Tumor,entering_hypoxia,-0.6378535301755498,0.4546885162483838,0.0285280290289416,0.921933650970459,0.921933650970459,0.5973052518679409,-0.6378535301755498,0.4546885162483838,Ridge,1.079703731420471,0.35573854623571,0.3974839681049269,0.24677748565936308
ACCACACAGTAAGGAC_E15S,E15S,Hypoxic Tumor,reverted_stable,-0.8910263109246048,-0.6287601211960824,-0.2778989785876729,0.9469776153564452,0.9469776153564452,0.3531488137239287,-0.8910263109246048,-0.6287601211960824,Oxygenated,1.0680301822387555,0.447950268258476,0.3014243233557105,0.25062540838581343
TGTGCCAGTTCGGGTC_E15S,E15S,Hypoxic Tumor,reverted_stable,-1.101086094774793,-0.8153342969928097,-0.7727163016870379,0.9154366850852966,0.9154366850852966,0.8001241837178508,-1.101086094774793,-0.8153342969928097,Oxygenated,1.0728253833905028,0.44015369452142666,0.2982239522874063,0.26162235319116717
CCCTAGTCAAGCGGAG_E15S,E15S,Hypoxic Tumor,entering_hypoxia,-0.3225752257061361,0.4571345037963897,1.0402103051479543,0.9587798714637756,0.9587798714637756,0.3024648604779356,-0.3225752257061361,0.4571345037963897,Ridge,1.0844426172752972,0.30146712894850697,0.41340599016606006,0.28512688088543303
ACGCATATCACGCCGA_E15S,E15S,Hypoxic Tumor,reverted_posthypoxic,-0.4912748103117206,0.296791102610768,-0.3377765347437947,0.9177173376083374,0.9177173376083374,0.7291613813657887,-0.4912748103117206,0.296791102610768,Ridge,1.0846085224880766,0.35930805488637835,0.3834299069290939,0.2572620381845278
GGGGACTAGCGGTTCG_E15S,E15S,Hypoxic Tumor,transitional,0.2248893541365296,-0.1039835592116155,-0.2004599008140475,0.9195465445518494,0.9195465445518494,0.6950983177699139,0.2248893541365296,-0.1039835592116155,Hypoxic,1.0699192098531367,0.22428462653885228,0.3837577911276713,0.3919575823334764
GCGGAGACAGCTACGA_E15S,E15S,Hypoxic Tumor,entering_hypoxia,-1.9705242249168684,0.6671448585187872,1.8252787475393253,0.943737268447876,0.943737268447876,0.4251090809870209,-1.9705242249168684,0.6671448585187872,Ridge,1.057413545993991,0.2862270465348631,0.46938649006040595,0.244386463404731
GTGAGTGAGATAGGTA_E15S,E15S,Hypoxic Tumor,entering_hypoxia,-0.1038629376838072,0.4922133648387475,0.7061535778004976,0.9750637412071228,0.9750637412071228,0.3179984635806295,-0.1038629376838072,0.4922133648387475,Ridge,1.07419522954043,0.2493067807432354,0.4290770656379382,0.3216161536188264
AACGGCGGTCATTACA_E15S,E15S,Hypoxic Tumor,reverted_posthypoxic,-1.6244710952798596,-0.0425257172669365,0.6258573154806547,0.9384475946426392,0.9384475946426392,0.3896349587349255,-1.6244710952798596,-0.0425257172669365,Oxygenated,1.0550120237054108,0.443920621429685,0.3469869335901176,0.20909244498019744
CTCGGTTCAATTGGCG_E15S,E15S,Hypoxic Tumor,entering_deep_hypoxia,3.122714141763952,1.9128491481370975,0.4132821703693893,0.966078281402588,0.966078281402588,0.219667698746325,3.122714141763952,1.9128491481370975,Hypoxic,0.25182703624531366,1.2803085408438537e-06,0.0692938352621249,0.9307048844293342
ACTGCTGGTTAGGCTT_E15S,E15S,Hypoxic Tumor,reverted_posthypoxic,-1.742266760641398,0.3257422682863621,0.9159677403470168,0.9511343240737916,0.9511343240737916,0.3249263127909721,-1.742266760641398,0.3257422682863621,Ridge,1.065714310488912,0.38565744116360395,0.3973713014662996,0.2169712573700964
GTGGGTTTCAAGTTCG_E15S,E15S,Hypoxic Tumor,reverted_posthypoxic,-0.5437462799217393,-0.3589210032153874,-0.6071701642162213,0.9293920993804932,0.9293920993804932,0.4991794686051284,-0.5437462799217393,-0.3589210032153874,Oxygenated,1.0808770573671467,0.415089406799023,0.32306446414505136,0.2618461290559256
TCATATGGTTAAGTCC_E15S,E15S,Hypoxic Tumor,entering_hypoxia,-1.7963821850135833,1.5844178677185143,0.3708125111981,0.9259136915206908,0.9259136915206908,0.5506019031351763,-1.7963821850135833,1.5844178677185143,Ridge,0.9041771080869423,0.10089636176177537,0.5922397941125982,0.3068638441256264
AGACGAACAAGCTGCA_E15S,E15S,Hypoxic Tumor,transitional,-0.133991034992431,0.1564484384608772,0.1031710731261749,0.9224470853805542,0.9224470853805542,0.5820826411018446,-0.133991034992431,0.1564484384608772,Ridge,1.0917130774221384,0.30123495763041575,0.38917075487249253,0.3095942874970917
CGCAATATCGACCGCA_E15S,E15S,Hypoxic Tumor,entering_hypoxia,-1.1185346000204457,0.893957190610734,-0.2305445075454066,0.9497882723808287,0.9497882723808287,0.2994543148563183,-1.1185346000204457,0.893957190610734,Ridge,1.0604027717037932,0.29180876217742374,0.4633108943511104,0.24488034347146603
CGTAGTCAGTCAATGT_E15S,E15S,Hypoxic Tumor,reverted_posthypoxic,-1.5713017427698242,-0.239747800136595,-0.3187788017682633,0.9285160303115844,0.9285160303115844,0.4748084369533521,-1.5713017427698242,-0.239747800136595,Oxygenated,1.0522794063100416,0.45875227120673506,0.32884850020492,0.21239922858834492
CAGTTCAAGTTGGATT_E15S,E15S,Hypoxic Tumor,entering_hypoxia,-0.821663532916779,0.764440181962953,-0.0129305020830857,0.9379815459251404,0.9379815459251404,0.3878115000435947,-0.821663532916779,0.764440181962953,Ridge,1.070454266453753,0.3089732185198172,0.44112363922899267,0.2499031422511902
TGTACTTCATTAGTGA_E15S,E15S,Hypoxic Tumor,persistent_hypoxia,1.9047001524528515,-0.1556046297601253,-0.5945119181948265,0.9166163206100464,0.9166163206100464,0.7028785405424046,1.9047001524528515,-0.1556046297601253,Hypoxic,0.5384627185907561,0.0037278285245253835,0.21062200914295862,0.7856501623325159
GTTGATTAGTGCAAGG_E15S,E15S,Hypoxic Tumor,transitional,-0.2602314431235836,-0.222091599553049,0.0673312483370873,0.9598100185394288,0.9598100185394288,0.3136450887230246,-0.2602314431235836,-0.222091599553049,Oxygenated,1.0953917960106225,0.3557608885760362,0.3481191860453537,0.29611992537861015
AACGCGCCATCCGGTT_E15S,E15S,Hypoxic Tumor,reverted_posthypoxic,-0.8930887886794197,0.233492345282742,0.4382235974038441,0.9365711808204652,0.9365711808204652,0.4198404242900057,-0.8930887886794197,0.233492345282742,Oxygenated,1.0646044948455482,0.4212993015461622,0.359602119726528,0.2190985787273098
ATGCTTAGTATTGCGT_E15S,E15S,Hypoxic Tumor,exiting_hypoxia,-0.0411883097636946,-0.7359078233245326,-0.5142709261379138,0.9167464375495912,0.9167464375495912,0.6893786305686528,-0.0411883097636946,-0.7359078233245326,Hypoxic,1.089289945701123,0.2779301657435501,0.3328757816217287,0.3891940526347211
AGCTTACGTTGCATTA_E15S,E15S,Hypoxic Tumor,entering_hypoxia,-0.3447876400096293,1.5946286121040614,0.5119879617948055,0.9206942915916444,0.9206942915916444,0.6018659594861394,-0.3447876400096293,1.5946286121040614,Ridge,0.8995974821100123,0.08096676085757683,0.5515353446385522,0.3674978945038709
GCGGATGGTCTCAGGC_E15S,E15S,Hypoxic Tumor,entering_hypoxia,-0.8624137581888562,0.7381785657754126,0.1151874861873736,0.9424765706062316,0.9424765706062316,0.388685501208914,-0.8624137581888562,0.7381785657754126,Ridge,1.0710778946337531,0.31877640731161566,0.4359651974404467,0.24525839524793752
GCAAGGATCGTGCTCC_E15S,E15S,Hypoxic Tumor,reverted_posthypoxic,-1.263091211870967,0.0381119192937035,0.2610146808109551,0.951025128364563,0.951025128364563,0.2559872604303679,-1.263091211870967,0.0381119192937035,Oxygenated,1.048447692279961,0.4580840269571508,0.3380939816466076,0.20382199139624166
ACAGAACAGGCTACCG_E15S,E15S,Hypoxic Tumor,transitional,-0.2768192757477909,0.1949053065244232,0.5299241305441913,0.921440362930298,0.921440362930298,0.6147107981769663,-0.2768192757477909,0.1949053065244232,Ridge,1.091271631287568,0.330238595317468,0.38429806387838755,0.2854633408041443
AGTCTCAAGCATGATT_E15S,E15S,Hypoxic Tumor,transitional,0.2123258493830531,-0.3747458610380166,-0.3992873775580453,0.9448162913322448,0.9448162913322448,0.3800074348962466,0.2123258493830531,-0.3747458610380166,Hypoxic,1.0716722365186397,0.22989550343822102,0.36291357802684004,0.40719091853493905
GTGGGATGTAGCCCTA_E15S,E15S,Hypoxic Tumor,exiting_hypoxia,1.9555951314936693,-1.3034107402957888,2.1214646212430464,0.9444060921669006,0.9444060921669006,0.3393786748606255,1.9555951314936693,-1.3034107402957888,Hypoxic,0.38668420464685205,0.0014722585250795455,0.1245063316035125,0.8740214098714081
TCTGCCTGTGCGCGAA_E15S,E15S,Hypoxic Tumor,exiting_hypoxia,2.201117233101188,-0.4129648740237582,-0.0259775060652064,0.9223578572273254,0.9223578572273254,0.6230419599599286,2.201117233101188,-0.4129648740237582,Hypoxic,0.43408767280557625,0.0011521885077768487,0.15151600437196597,0.8473318071202572
TGGGCAGGTTAACGTC_E15S,E15S,Hypoxic Tumor,exiting_hypoxia,0.8160435857405386,-0.8944644578223336,-0.6078607919766732,0.8502271771430969,0.8502271771430969,0.8391296091675783,0.8160435857405386,-0.8944644578223336,Hypoxic,0.837878089280872,0.06899634135380737,0.3022615914799289,0.6287420671662637
GGTCATATCACCAGAC_E15S,E15S,Hypoxic Tumor,exiting_hypoxia,-0.3357594173002106,-0.4872105678933651,0.7903780711027483,0.955475091934204,0.955475091934204,0.344850991691413,-0.3357594173002106,-0.4872105678933651,Oxygenated,1.0951742778092288,0.36943125754513745,0.3285100681384047,0.30205867431645783
CCTAGTTTCGACCAGT_E15S,E15S,Hypoxic Tumor,reverted_stable,-1.4209530076331538,-0.6655981289320926,-0.2517815163901921,0.937444508075714,0.937444508075714,0.3829556190131177,-1.4209530076331538,-0.6655981289320926,Oxygenated,1.063026038030392,0.45450933205824473,0.30607021453201105,0.23942045340974424
TACTTGCTCCGGTATA_E15S,E15S,Hypoxic Tumor,entering_hypoxia,-1.0155922325242814,1.164788100848981,0.5374317438379002,0.9475604295730592,0.9475604295730592,0.2459551274843727,-1.0155922325242814,1.164788100848981,Ridge,1.0288972998222905,0.2163825077414457,0.5105473187649394,0.27307017349361495
AGCCCTAGTTTGGTGT_E15S,E15S,Hypoxic Tumor,reverted_stable,-0.8588848742576909,-0.9814186478237176,0.2791698889553088,0.9638042449951172,0.9638042449951172,0.3100283808819314,-0.8588848742576909,-0.9814186478237176,Oxygenated,1.08944837217304,0.39804626168767376,0.2996668397996515,0.3022868985126747
TACGAACCAGGCAGCT_E15S,E15S,Hypoxic Tumor,entering_deep_hypoxia,1.3059207401250423,0.5257864786940756,-0.4041976126224586,0.917267084121704,0.917267084121704,0.7293279757022967,1.3059207401250423,0.5257864786940756,Hypoxic,0.7318978527338809,0.018943015728731305,0.3480017235357883,0.6330552607354805
CGTTCCGCACTTAATC_E15S,E15S,Hypoxic Tumor,exiting_hypoxia,-0.2163294324676691,-0.9632464028884395,0.3088475170833466,0.9276256561279296,0.9276256561279296,0.654444061958678,-0.2163294324676691,-0.9632464028884395,Hypoxic,1.0910150240610155,0.29187603697673287,0.3181831540442353,0.3899408089790317
GTTAGCATCCAGGTCG_E15S,E15S,Hypoxic Tumor,entering_hypoxia,-0.0961721315097135,1.16104346481304,-0.0819205722048922,0.9261458516120912,0.9261458516120912,0.5564543506560943,-0.0961721315097135,1.16104346481304,Ridge,0.9750226294172457,0.12819042157678792,0.5086648850419648,0.36314469338124733
ATCGGTCAGTTGGTTG_E15S,E15S,Hypoxic Tumor,exiting_hypoxia,1.330439645534965,-1.1825036571901095,1.3440691710135393,0.9394311904907228,0.9394311904907228,0.4615398634898959,1.330439645534965,-1.1825036571901095,Hypoxic,0.5874488604574641,0.01416737664262078,0.21190943759814185,0.7739231857592374
CTAACCAAGTAGCTGC_E15S,E15S,Hypoxic Tumor,reverted_posthypoxic,-0.7808280913887546,0.1039984418423711,0.2367953165236457,0.939212441444397,0.939212441444397,0.4262677481545394,-0.7808280913887546,0.1039984418423711,Oxygenated,1.0664377120482855,0.4268044570562385,0.34801583137541126,0.22517971156835034
GCGCTTGAGTCGAGCT_E15S,E15S,Hypoxic Tumor,reverted_posthypoxic,-1.0860841967664636,-0.1335115359967698,1.0324314010109172,0.9444394707679749,0.9444394707679749,0.3716067120374061,-1.0860841967664636,-0.1335115359967698,Oxygenated,1.047736718740641,0.46858629524432116,0.32145384722861814,0.2099598575270607
AAATGGATCACAGCTA_E15S,E15S,Hypoxic Tumor,reverted_stable,-1.2148914318502195,-0.436959333380644,-0.6367719950595573,0.8825820088386536,0.8825820088386536,0.7462202913071742,-1.2148914318502195,-0.436959333380644,Oxygenated,1.049459448260978,0.47386211718297605,0.3059216827354435,0.2202162000815805
ACTATTCCACAATCCC_E15S,E15S,Hypoxic Tumor,reverted_posthypoxic,-0.7692171557270651,0.1441499075476184,-0.3277162409324387,0.9319218397140504,0.9319218397140504,0.4514620201178118,-0.7692171557270651,0.1441499075476184,Oxygenated,1.0681138673995063,0.4208576361152571,0.3527239491678657,0.2264184147168771
GCGATCCGTTGGGATA_E15S,E15S,Hypoxic Tumor,reverted_posthypoxic,-1.0020986194226993,-0.1336816737755178,-0.3964056284966393,0.9197897911071776,0.9197897911071776,0.6387746443630563,-1.0020986194226993,-0.1336816737755178,Oxygenated,1.0506217251644767,0.4647285743169974,0.3218468444203272,0.21342458126267544
CGTCTTGTCACACTTC_E15S,E15S,Hypoxic Tumor,reverted_posthypoxic,-0.494219965875858,-0.0854255341290761,-0.0771596838703154,0.923732578754425,0.923732578754425,0.5760936656344697,-0.494219965875858,-0.0854255341290761,Oxygenated,1.0824704045342262,0.40000309982566684,0.3438356016253089,0.25616129854902414
CGGTTAGCATGTCGTC_E15S,E15S,Hypoxic Tumor,reverted_stable,-1.030067717693481,-0.917026415099734,-0.5237492537514663,0.9117184281349182,0.9117184281349182,0.9044755309677864,-1.030067717693481,-0.917026415099734,Oxygenated,1.081324282489866,0.4218812461512055,0.29819943762807816,0.2799193162207163
TCCAGCTCACTCAGCT_E15S,E15S,Hypoxic Tumor,reverted_posthypoxic,-1.1900244538502072,-0.011617913107915,-0.1192275531238492,0.9287288784980774,0.9287288784980774,0.5654683505884746,-1.1900244538502072,-0.011617913107915,Oxygenated,1.047660448572412,0.462684051532609,0.33212971708301553,0.20518623138437556
CACGTATGTCCATAGT_E15S,E15S,Hypoxic Tumor,reverted_stable,-1.2544983607299345,-0.4175869162326885,-0.4474428118594346,0.91411554813385,0.91411554813385,0.8650718086523882,-1.2544983607299345,-0.4175869162326885,Oxygenated,1.048639968800542,0.47430001299832353,0.3073585986723558,0.21834138832932073
CTGTTCCGTTATAGGG_E15S,E15S,Hypoxic Tumor,entering_hypoxia,-0.957733835230887,0.8047820888267367,-0.10831597986859,0.9657734036445618,0.9657734036445618,0.1975805152570749,-0.957733835230887,0.8047820888267367,Ridge,1.0672756249321733,0.30874967874064185,0.44664084920999814,0.24460947204936012
ACGATGGAGCCGCAAT_E15S,E15S,Hypoxic Tumor,exiting_hypoxia,1.5837244688679268,-0.4649745307031373,-0.4960317623186579,0.9165217876434326,0.9165217876434326,0.732038472300058,1.5837244688679268,-0.4649745307031373,Hypoxic,0.6087965545514864,0.010797400377385424,0.24093679670021156,0.7482658029224031
CATTCGAAGGCTCCTC_E15S,E15S,Hypoxic Tumor,exiting_hypoxia,1.2100298675449737,-0.9464703176616368,1.4959392282648742,0.9488788843154908,0.9488788843154908,0.4382911702925482,1.2100298675449737,-0.9464703176616368,Hypoxic,0.6742064314519046,0.02514750562597027,0.2516664427208697,0.7231860516531601
TGGTGAGAGCCCTACC_E15S,E15S,Hypoxic Tumor,exiting_hypoxia,0.770779001957256,-2.010559896056628,1.199916178703721,0.9173588752746582,0.9173588752746582,0.8628497751514158,0.770779001957256,-2.010559896056628,Hypoxic,0.553446441945893,0.01642947644148883,0.1810359113854533,0.8025346121730579
TGTGTTAGTGATGAAT_E15S,E15S,Hypoxic Tumor,exiting_hypoxia,0.5798834596044874,-0.7318787567618121,-0.289047641883055,0.9413972496986388,0.9413972496986388,0.367158550595012,0.5798834596044874,-0.7318787567618121,Hypoxic,0.9524301658655137,0.12092992149121627,0.33383757583748025,0.5452325026713034
ATTGATGCAGCTCACT_E15S,E15S,Hypoxic Tumor,entering_hypoxia,-0.9527153943746656,0.4610722269689921,-0.1450979855618411,0.9430000185966492,0.9430000185966492,0.4903085340145325,-0.9527153943746656,0.4610722269689921,Ridge,1.0695214377160869,0.38682516235391645,0.38968266947649527,0.2234921681695883
CTTGGCCTCGCTGGCA_E15S,E15S,Hypoxic Tumor,entering_deep_hypoxia,0.675360753592557,1.4120177693619271,-0.0146041587122465,0.9501017332077026,0.9501017332077026,0.3347792712963442,0.675360753592557,1.4120177693619271,Hypoxic,0.7967747481418965,0.026771972658892747,0.46295117283524895,0.5102768545058582
CTCCTAGTCTCACTCG_E15S,E15S,Hypoxic Tumor,entering_hypoxia,-1.2452038735952555,1.3074512711903,-0.5704155682825665,0.9143799543380736,0.9143799543380736,0.9090844480648104,-1.2452038735952555,1.3074512711903,Ridge,0.9999505587706996,0.18241216935909685,0.5383711299126716,0.2792167007282317
CTTGGGTAGTCATCAG_E15S,E15S,Hypoxic Tumor,reverted_posthypoxic,-1.2244886037306386,0.3699530654876263,1.0461554860798938,0.944335162639618,0.944335162639618,0.4232289169324909,-1.2244886037306386,0.3699530654876263,Oxygenated,1.0609416048303162,0.4125606454583403,0.37713240126931286,0.21030695327234683
GTGTTCAAGCCAACCG_E15S,E15S,Hypoxic Tumor,transitional,-0.0220151363227752,-0.3251676435292763,-0.5626365298642068,0.9150108098983764,0.9150108098983764,0.8003704293306209,-0.0220151363227752,-0.3251676435292763,Ridge,1.0952815467143022,0.2954607880137144,0.35587290488685414,0.3486663070994315
GCAGGGACAGGATGCC_E15S,E15S,Hypoxic Tumor,reverted_posthypoxic,-2.1367978388995046,-0.0593418336491744,0.4084047187354285,0.9612008333206176,0.9612008333206176,0.3138775187960904,-2.1367978388995046,-0.0593418336491744,Ridge,1.0794456298146624,0.3602877656963448,0.39444025638241614,0.24527197792123906
CTTCGAGGTGCACGCT_E15S,E15S,Hypoxic Tumor,reverted_posthypoxic,-1.189971266280548,-0.1159321875707903,-0.3613035515012822,0.9340158700942992,0.9340158700942992,0.4356406662000288,-1.189971266280548,-0.1159321875707903,Oxygenated,1.0458144996007805,0.469882550205739,0.32344423405832506,0.20667321573593597
CCGTGCTTCATCGTTC_E15S,E15S,Hypoxic Tumor,entering_hypoxia,-0.9597147100433618,1.023564451702155,-0.2771491678220892,0.9353829026222228,0.9353829026222228,0.483716170739165,-0.9597147100433618,1.023564451702155,Ridge,1.0491457331231242,0.25161853304040505,0.48563329343594064,0.2627481735236542
TCACATTCATTCATAC_E15S,E15S,Hypoxic Tumor,reverted_posthypoxic,-1.0603594923266828,-0.3483461067830909,0.2013489905655951,0.957388162612915,0.957388162612915,0.3120742577348858,-1.0603594923266828,-0.3483461067830909,Oxygenated,1.049889739933811,0.47213989275775753,0.3085770073588065,0.21928309988343592
ATGTCAACACAACTAA_E15S,E15S,Hypoxic Tumor,reverted_stable,-1.0227711318488633,-0.9570996589035036,1.268478786881741,0.934294819831848,0.934294819831848,0.37905449765619,-1.0227711318488633,-0.9570996589035036,Oxygenated,1.0840945441448653,0.4147429525826391,0.2983813162250691,0.2868757311922918
ACGGGGTAGTTACCAG_E15S,E15S,Hypoxic Tumor,entering_hypoxia,-0.7834953795149557,1.246108255345264,0.2521213177222063,0.9393832087516784,0.9393832087516784,0.3597384188355903,-0.7834953795149557,1.246108255345264,Ridge,1.0104326785240088,0.18345923998816446,0.5220782105260989,0.2944625494857367
CCAGATGCAAGGGTCC_E15S,E15S,Hypoxic Tumor,entering_hypoxia,-1.6655738635613224,0.6731549067368486,1.2459991099983507,0.9532644748687744,0.9532644748687744,0.3512791799912608,-1.6655738635613224,0.6731549067368486,Ridge,1.0632661540526518,0.3252364771826053,0.445396591368601,0.22936693144879375
ACTTAGGTCATGGCTA_E15S,E15S,Hypoxic Tumor,entering_deep_hypoxia,0.3725457811581608,0.5734550823612465,-0.2272124887891897,0.934976041316986,0.934976041316986,0.439361637768052,0.3725457811581608,0.5734550823612465,Ridge,0.9939089380509583,0.1341064304742313,0.4461337429891286,0.41975982653664
AATGGGACAAACCCGA_E15S,E15S,Hypoxic Tumor,exiting_hypoxia,0.7828728280416756,-1.3364495390433675,0.3178506039777277,0.9246534705162048,0.9246534705162048,0.5777022429117414,0.7828728280416756,-1.3364495390433675,Hypoxic,0.7519848858036625,0.04863340722461389,0.25952232710064727,0.6918442656747388
CGAATAGGTAGCTGAA_E15S,E15S,Hypoxic Tumor,entering_hypoxia,-0.2937864967702558,0.5894582209256694,-0.2587290524942646,0.9315224289894104,0.9315224289894104,0.4591449289973284,-0.2937864967702558,0.5894582209256694,Ridge,1.07676678781374,0.27183356902388084,0.4327635583073509,0.2954028726687683
TGCCCTCAGGCGTAGA_E15S,E15S,Hypoxic Tumor,entering_hypoxia,-0.6260674641224501,0.6309696712468418,0.1290271334613463,0.95632404088974,0.95632404088974,0.3032054306527961,-0.6260674641224501,0.6309696712468418,Ridge,1.0773807671266034,0.31824330247413596,0.42448181880462016,0.257274878721244
GCATTAACAAAGGCAA_E15S,E15S,Hypoxic Tumor,exiting_hypoxia,0.8529276887139079,-0.7336640598496911,0.5582732904592163,0.9661431312561036,0.9661431312561036,0.3227519267303507,0.8529276887139079,-0.7336640598496911,Hypoxic,0.848917736014972,0.07023563744970841,0.3141108717207217,0.6156534908295698
TGCCATTTCGAGTCTA_E15S,E15S,Hypoxic Tumor,exiting_hypoxia,-0.427319203311488,-0.9211358345460532,-0.337065747696156,0.9148269295692444,0.9148269295692444,0.9083054255361548,-0.427319203311488,-0.9211358345460532,Hypoxic,1.0975466308971984,0.34393887819750446,0.31169435634712783,0.3443667654553677
CAAGGTTCATCGAAGT_E15S,E15S,Hypoxic Tumor,transitional,0.1343859264259234,-0.2276763069607286,0.7332751840277456,0.930533766746521,0.930533766746521,0.5243454706762296,0.1343859264259234,-0.2276763069607286,Hypoxic,1.083030053041901,0.2521621318391481,0.3705862740461651,0.37725159411468673
AGCGACCCAAGTTCAA_E15S,E15S,Hypoxic Tumor,entering_hypoxia,-0.3843710076956604,0.993769371737284,-0.4788307127929965,0.91520494222641,0.91520494222641,0.8161662694793542,-0.3843710076956604,0.993769371737284,Ridge,1.0364102044541164,0.2018727947557309,0.48757790599770734,0.3105492992465617
ATCCCTTAGTATGATC_E15S,E15S,Hypoxic Tumor,entering_hypoxia,-1.1531598819583,0.5454741518407971,-0.3009358048407488,0.9469499588012696,0.9469499588012696,0.2859858469654295,-1.1531598819583,0.5454741518407971,Ridge,1.067047779243585,0.3774008411068338,0.40277750630048237,0.2198216525926838
GGTTAGTCAGGCTACA_E15S,E15S,Hypoxic Tumor,entering_hypoxia,0.2006637936253243,1.2868973893106077,-0.5999682648830443,0.9120210409164428,0.9120210409164428,0.9025605128965924,0.2006637936253243,1.2868973893106077,Ridge,0.9020834931077059,0.07428633753033596,0.5067051474177637,0.41900851505190023
ACTTTGGAGGAGCCTT_E15S,E15S,Hypoxic Tumor,entering_deep_hypoxia,4.2209471929132105,0.4700829510085382,-0.1409137915578437,0.9555326104164124,0.9555326104164124,0.1888313770084017,4.2209471929132105,0.4700829510085382,Hypoxic,0.07760871016083033,1.8452405097499086e-08,0.014934521510273989,0.9850654600373209
GGAGAAGGTTCCCGTT_E15S,E15S,Hypoxic Tumor,reverted_posthypoxic,-1.8112170439877704,0.3733265462930931,0.3353202657580059,0.9711414575576782,0.9711414575576782,0.3200748898057511,-1.8112170439877704,0.3733265462930931,Ridge,1.0675311131554586,0.36823961955512663,0.409852646519165,0.2219077339257085
CGAACCACACAAGCCA_E15S,E15S,Hypoxic Tumor,reverted_posthypoxic,-0.9208255090148136,-0.1728427436347047,0.9892051176243988,0.9403121471405028,0.9403121471405028,0.3786706650575295,-0.9208255090148136,-0.1728427436347047,Oxygenated,1.0541404681886917,0.4609541185034827,0.32021856676084565,0.21882731473567166
GTAGGAACATCCTGTA_E15S,E15S,Hypoxic Tumor,entering_deep_hypoxia,0.658653533579573,2.310192755925544,0.694257034346102,0.955266535282135,0.955266535282135,0.2952962779372326,0.658653533579573,2.310192755925544,Hypoxic,0.7049862867319353,0.0035284051876964,0.43077616191851836,0.5656954328937853
AGTGGCTTCCTGCATT_E15S,E15S,Hypoxic Tumor,exiting_hypoxia,0.5692617535225596,-0.5413898244670063,-0.3893332614683487,0.9185361266136168,0.9185361266136168,0.6685195620080807,0.5692617535225596,-0.5413898244670063,Hypoxic,0.9758132702232729,0.13230786495887342,0.3498243543700715,0.5178677806710551
AACATTGCACAATCAA_E15S,E15S,Hypoxic Tumor,entering_hypoxia,-0.2982231261518623,1.2926599216868857,1.4436774233249132,0.9447616934776306,0.9447616934776306,0.4093226952876546,-0.2982231261518623,1.2926599216868857,Ridge,0.9692310726008619,0.12857603375611815,0.5250895512847584,0.3463344149591234
GCCAATGCATCAATCT_E15S,E15S,Hypoxic Tumor,reverted_stable,-0.7508871557193796,-0.7431951965292006,1.7246890281908718,0.932172417640686,0.932172417640686,0.6114487304657892,-0.7508871557193796,-0.7431951965292006,Oxygenated,1.0811581888576087,0.42138915647176955,0.3029176301779889,0.27569321335024155
AGCCCCAAGTAGTGAA_E15S,E15S,Hypoxic Tumor,exiting_hypoxia,0.8193145679040296,-1.3256875979325702,2.809721278936208,0.9337292313575744,0.9337292313575744,0.3251795164736947,0.8193145679040296,-1.3256875979325702,Hypoxic,0.7408670237595065,0.045418572121283335,0.257035626693705,0.6975458011850116
TCGTATAGTTGAAGTG_E15S,E15S,Hypoxic Tumor,entering_hypoxia,0.0745096132491977,1.0021600863037263,0.9854736318708897,0.939247190952301,0.939247190952301,0.1425073943517549,0.0745096132491977,1.0021600863037263,Ridge,0.982237193672479,0.12992638727832725,0.4905323534705358,0.379541259251137
GGGGTATGTTAGACGA_E15S,E15S,Hypoxic Tumor,exiting_hypoxia,0.0260854519811327,-0.5207889179454559,-0.6200901374827222,0.9140556454658508,0.9140556454658508,0.8280690205412502,0.0260854519811327,-0.5207889179454559,Hypoxic,1.0904369853578624,0.2764066831186004,0.3464975115101332,0.37709580537126636
AACCTCAAGCCCTTGC_E15S,E15S,Hypoxic Tumor,reverted_posthypoxic,-1.4602147865959978,0.2920070640276403,-0.2736237330119106,0.9223938584327698,0.9223938584327698,0.6708466170145135,-1.4602147865959978,0.2920070640276403,Oxygenated,1.0586957302811268,0.41821128350438136,0.3743414129737342,0.20744730352188442
CATACCTTCAGTGCCG_E15S,E15S,Hypoxic Tumor,exiting_hypoxia,0.5138587645250573,-1.3293710013938538,-0.1706841333678335,0.9238415956497192,0.9238415956497192,0.6102479034830064,0.5138587645250573,-1.3293710013938538,Hypoxic,0.8559854930069244,0.08442599605539901,0.2834593409553765,0.6321146629892246
CTCCCAATCATGCGCG_E15S,E15S,Tumor,persistent_hypoxia,1.8671374072996971,-0.2705874391890058,0.3470158039165136,0.9444652199745178,0.9444652199745178,0.3949511179257445,1.8671374072996971,-0.2705874391890058,Hypoxic,0.5400684897120105,0.004259429904845353,0.20971018218384252,0.7860303879113121
CAAGGTGAGTTACGGC_E15S,E15S,Hypoxic Tumor,entering_hypoxia,-0.2868463893780483,0.4967801648081819,-0.3374481781775773,0.9185345768928528,0.9185345768928528,0.6816965325459106,-0.2868463893780483,0.4967801648081819,Ridge,1.082092369661039,0.28740991788773335,0.4205559494869319,0.29203413262533473
CTTCAGCCAATCTACT_E15S,E15S,Hypoxic Tumor,entering_hypoxia,-0.6980329131284441,0.4263963799112599,0.0568988937583247,0.9183565974235536,0.9183565974235536,0.6872611347656091,-0.6980329131284441,0.4263963799112599,Ridge,1.0775231899669448,0.3689898649014166,0.39107063628047484,0.23993949881810855
GTAACGGAGTTGGCTA_E15S,E15S,Hypoxic Tumor,reverted_posthypoxic,-1.1742736138407417,0.0216913787191037,-0.2361444995722857,0.92765474319458,0.92765474319458,0.5184189782263432,-1.1742736138407417,0.0216913787191037,Oxygenated,1.0487256298311043,0.45963238850804194,0.3350231364654398,0.2053444750265183
AAGCGCAAGTAGCCCG_E15S,E15S,Hypoxic Tumor,exiting_hypoxia,1.4873213126676463,-0.4325087070895021,0.0426884583028281,0.9604843258857728,0.9604843258857728,0.2419602217427904,1.4873213126676463,-0.4325087070895021,Hypoxic,0.6439925997088529,0.014772510704787427,0.25853709444240813,0.7266903948528044
CTGATCAAGGTGGCTT_E15S,E15S,Hypoxic Tumor,exiting_hypoxia,0.0403153392015424,-1.1562875989274957,-0.3986028371891133,0.9201545715332032,0.9201545715332032,0.8490192039466784,0.0403153392015424,-1.1562875989274957,Hypoxic,1.037250981503964,0.20084338777815786,0.31450636435389967,0.4846502478679426
GCTCATCCACATGCGA_E15S,E15S,Hypoxic Tumor,reverted_posthypoxic,-1.5616643828619292,0.0947957119153399,0.8910317120841639,0.941293716430664,0.941293716430664,0.4262692618331301,-1.5616643828619292,0.0947957119153399,Oxygenated,1.0551221541729188,0.43726108671134295,0.356291701797131,0.20644721149152603
CAAGTGAGTATGGTCT_E15S,E15S,Hypoxic Tumor,persistent_hypoxia,0.7887318475056044,-0.1797805495348731,-0.4978201786789267,0.9163163304328918,0.9163163304328918,0.7002924591431309,0.7887318475056044,-0.1797805495348731,Hypoxic,0.9177386878595807,0.09083772907292421,0.3671624322017859,0.5419998387252899
GCACTAATCAGCCAAC_E15S,E15S,Hypoxic Tumor,entering_hypoxia,-0.4786600056542655,0.6022632111002703,0.2268395163308042,0.9222606420516968,0.9222606420516968,0.6146068332926731,-0.4786600056542655,0.6022632111002703,Ridge,1.0791689278183572,0.3023671125938926,0.42606483656699323,0.2715680508391142
TAGCCAATCTTGAACG_E15S,E15S,Hypoxic Tumor,reverted_posthypoxic,-0.5777079244299644,0.1594254045520703,0.3925068566279857,0.959782063961029,0.959782063961029,0.308103329822904,-0.5777079244299644,0.1594254045520703,Oxygenated,1.0794041850905542,0.3925361989535337,0.36271343853367327,0.24475036251279303
ACTGTGATCCAGCTCC_E15S,E15S,Hypoxic Tumor,reverted_posthypoxic,-0.492996754702621,-0.1417002578399674,-0.124563874249191,0.94215327501297,0.94215327501297,0.3740363751450182,-0.492996754702621,-0.1417002578399674,Oxygenated,1.082536798624462,0.40262448878720075,0.3394993166541544,0.25787619455864486
GCGCAAGGTTGTGGTT_E15S,E15S,Hypoxic Tumor,exiting_hypoxia,0.6085034397423925,-1.7658871596080907,0.5198669197650859,0.9660926461219788,0.9660926461219788,0.3298253956659353,0.6085034397423925,-1.7658871596080907,Hypoxic,0.6847213535804526,0.037507929627557474,0.2261713243989035,0.7363207459735391
TGCGATGCATGGTATA_E15S,E15S,Hypoxic Tumor,exiting_hypoxia,-0.0300061226387338,-1.8069281685256453,-0.2756369535755767,0.9251471161842346,0.9251471161842346,0.5665683768288335,-0.0300061226387338,-1.8069281685256453,Hypoxic,0.8731043693775853,0.10057705422611475,0.2667061318331612,0.632716813940724
GGTATCTGTTAGCGCC_E15S,E15S,Hypoxic Tumor,reverted_posthypoxic,-0.6188399791678002,-0.3211028510668889,-0.5197566534241076,0.9230702519416808,0.9230702519416808,0.5548413568503852,-0.6188399791678002,-0.3211028510668889,Oxygenated,1.0748796433752208,0.42792561754702685,0.3213615660769741,0.2507128163759992
CCTGTTGTCCTGTGCC_E15S,E15S,Tumor,normoxic_stable,-1.788498469699821,-0.2461453541021802,0.4501611544830212,0.9397493600845336,0.9397493600845336,0.088618707413859,-1.788498469699821,-0.2461453541021802,Oxygenated,1.0639824388450068,0.433077711947276,0.34425710490047523,0.22266518315224887
CTTACGAAGTTGCGTA_E15S,E15S,Hypoxic Tumor,exiting_hypoxia,0.0617201248610435,-0.5654297613997447,-0.3801554232995617,0.930939793586731,0.930939793586731,0.5022302624353617,0.0617201248610435,-0.5654297613997447,Hypoxic,1.086033711437658,0.26413619901774166,0.3455107798958315,0.39035302108642683
CCCGAATAGTCGATGC_E15S,E15S,Hypoxic Tumor,entering_hypoxia,-0.1116278653921664,2.291605342822877,-0.5573923479798955,0.9123347401618958,0.9123347401618958,0.918474814931784,-0.1116278653921664,2.291605342822877,Ridge,0.7503671088149722,0.012914027710830054,0.5308836363997476,0.4562023358894225
ATCATTCCACCTAATT_E15S,E15S,Hypoxic Tumor,entering_hypoxia,-1.1540242765405522,0.958724288475882,-0.4482278466098365,0.9168639183044434,0.9168639183044434,0.6797895956943377,-1.1540242765405522,0.958724288475882,Ridge,1.0547637968042576,0.27511127532076507,0.47566582953598163,0.24922289514325316
TGTCGATGTGCGAGTG_E15S,E15S,Hypoxic Tumor,reverted_posthypoxic,-0.778878908519784,-0.0090023768922592,-0.423018485902992,0.9140193462371826,0.9140193462371826,0.903706893866853,-0.778878908519784,-0.0090023768922592,Oxygenated,1.0641223721527568,0.437406618594455,0.33706117040678785,0.22553221099875714
AACGACTCAGCTATGG_E15S,E15S,Hypoxic Tumor,reverted_stable,-1.2701869045951206,-1.0952315878965948,-0.5560670486973194,0.9167673587799072,0.9167673587799072,0.7523330157317378,-1.2701869045951206,-1.0952315878965948,Oxygenated,1.0905753676529355,0.3939011336027165,0.3023715001312483,0.3037273662660351
CCGCTTGCAGGCATCA_E15S,E15S,Hypoxic Tumor,exiting_hypoxia,0.9309714707699336,-1.873416892837572,0.628092864062136,0.8384252786636353,0.8384252786636353,0.9731728925583564,0.9309714707699336,-1.873416892837572,Hypoxic,0.5476719076905878,0.014683461930896043,0.1817837574665642,0.8035327806025397
GGAGCAATCCCTTGAT_E15S,E15S,Hypoxic Tumor,reverted_stable,-0.451080739255586,-0.9682819364973382,-0.6613449413507887,0.9115853309631348,0.9115853309631348,0.944143450853846,-0.451080739255586,-0.9682819364973382,Hypoxic,1.0973365934006842,0.34088674997839336,0.31011323183284095,0.34900001818876564
CTGATTGAGTCGAATT_E15S,E15S,Hypoxic Tumor,reverted_posthypoxic,-1.0572793403926932,0.0393365292269891,-0.4298818300423944,0.9181511402130128,0.9181511402130128,0.7180705236920665,-1.0572793403926932,0.0393365292269891,Oxygenated,1.0519115507703176,0.4548624394526642,0.33624868284307013,0.2088888777042655
CACCGCTTCTCACCGC_E15S,E15S,Hypoxic Tumor,exiting_hypoxia,2.697744392775247,-0.6744883622622828,1.242176777142957,0.922440469264984,0.922440469264984,0.5467811339120706,2.697744392775247,-0.6744883622622828,Hypoxic,0.28617372074504477,0.00011507369534292277,0.08257959189689837,0.9173053344077586
ACCTAACGTTGCTTGG_E15S,E15S,Hypoxic Tumor,exiting_hypoxia,-0.0255531644089305,-1.9605673690462897,0.8754896872422651,0.8928259015083313,0.8928259015083313,0.6065702375692399,-0.0255531644089305,-1.9605673690462897,Hypoxic,0.8094720373797368,0.0766736574394985,0.24966509113046992,0.6736612514300315
TGGGCGAGTTGAAGCA_E15S,E15S,Hypoxic Tumor,persistent_hypoxia,0.6860256389944632,-0.2908307545812931,-0.6794437926051485,0.922064244747162,0.922064244747162,0.5380182811028223,0.6860256389944632,-0.2908307545812931,Hypoxic,0.9510093161875406,0.11136214834100322,0.36481938928668234,0.5238184623723144
CAATGGCTCCATCTGT_E15S,E15S,Hypoxic Tumor,reverted_posthypoxic,-1.5077391813115066,-0.0303526774075577,-0.0781134184474086,0.9480208158493042,0.9480208158493042,0.3712664712807117,-1.5077391813115066,-0.0303526774075577,Oxygenated,1.0506823929501845,0.4534615439503761,0.34098988796789287,0.20554856808173105
CGGTGAGGTGAAGTAT_E15S,E15S,Hypoxic Tumor,reverted_stable,-1.8010416275647896,-0.8704407299299347,0.7819206047375905,0.9380687475204468,0.9380687475204468,0.2463337365259962,-1.8010416275647896,-0.8704407299299347,Oxygenated,1.0893511179133346,0.3921738012312196,0.32644765925834934,0.2813785395104311
CTTCAGCCAACGGCAC_E15S,E15S,Hypoxic Tumor,exiting_hypoxia,-0.1860619350830895,-0.5771256600588011,-0.1239898432322304,0.9178856015205384,0.9178856015205384,0.6262294655452455,-0.1860619350830895,-0.5771256600588011,Hypoxic,1.0985424351050734,0.3286898802437503,0.33298587568618876,0.33832424407006095
CCAGATTGTGAAGCAC_E15S,E15S,Hypoxic Tumor,reverted_stable,-1.4443069863274456,-0.5927413903682187,0.3942007955850635,0.9357364773750304,0.9357364773750304,0.5670377322500857,-1.4443069863274456,-0.5927413903682187,Oxygenated,1.059275020775556,0.4593220871629307,0.30823036335759463,0.23244754947947466
GGCCAACCAGGACAGG_E15S,E15S,Hypoxic Tumor,persistent_hypoxia,1.1177541689167427,0.001521196222723,-0.5166246369535215,0.932096779346466,0.932096779346466,0.4590443576651409,1.1177541689167427,0.001521196222723,Hypoxic,0.799924671260399,0.041592762969226246,0.34626758666425983,0.612139650366514
CACTTAGAGGATGAAC_E15S,E15S,Hypoxic Tumor,exiting_hypoxia,1.336004832140822,-2.3854647155722786,0.0485328477803313,0.9133193492889404,0.9133193492889404,0.7463489588849231,1.336004832140822,-2.3854647155722786,Hypoxic,0.3235113383364159,0.0014505054142512532,0.09445499014087767,0.9040945044448712
ATACGGTCATCCTCAA_E15S,E15S,Hypoxic Tumor,reverted_posthypoxic,-0.996066994502875,-0.0563814620660763,-0.5177003057696107,0.9179328083992004,0.9179328083992004,0.6935554772051569,-0.996066994502875,-0.0563814620660763,Oxygenated,1.0518814764313225,0.4597430658835004,0.32800842668616553,0.21224850743033413
TGGTATTAGCGAACCT_E15S,E15S,Tumor,exiting_hypoxia,3.9494196888824993,-1.3684328543463404,0.240007338918891,0.9553022980690002,0.9553022980690002,0.2247800936767633,3.9494196888824993,-1.3684328543463404,Hypoxic,0.05828185861708139,5.323278637850708e-08,0.010498733601987494,0.989501213165226
CGTAAAGGTAACTGCT_E15S,E15S,Hypoxic Tumor,transitional,-0.2098024131666512,-0.025855239122538,0.0972990065046077,0.9247257709503174,0.9247257709503174,0.5856106613170979,-0.2098024131666512,-0.025855239122538,Ridge,1.0950231302541844,0.3352395301280412,0.3668492312833372,0.2979112385886216
AGTGCTTGTTCGTGCA_E15S,E15S,Hypoxic Tumor,entering_hypoxia,-0.0023661211844912,0.4279623331442611,0.2181501251647342,0.9598840475082396,0.9598840475082396,0.3211761305771997,-0.0023661211844912,0.4279623331442611,Ridge,1.0708387501551964,0.23580464302379592,0.42600535612765855,0.33819000084854545
AGCCCCTTCTGGTCAA_E15S,E15S,Hypoxic Tumor,entering_deep_hypoxia,0.3511065600545129,0.4364376061063921,-0.2919503345176385,0.9270532131195068,0.9270532131195068,0.5776113902696285,0.3511065600545129,0.4364376061063921,Ridge,1.0146882628334337,0.15298267667875373,0.43415279495438525,0.41286452836686094
CGTTGGGTCGACCCAG_E15S,E15S,Hypoxic Tumor,exiting_hypoxia,-0.2404070574263946,-0.8931677515654617,-0.6269656623826821,0.9187275171279908,0.9187275171279908,0.6682734707600057,-0.2404070574263946,-0.8931677515654617,Hypoxic,1.0950893489201985,0.30794664550390793,0.319384396448706,0.37266895804738603
TGGTAGCTCAGGAACG_E15S,E15S,Hypoxic Tumor,entering_hypoxia,-1.094208632976924,0.839551923867383,0.0302313183643295,0.9222881197929382,0.9222881197929382,0.6025887023836016,-1.094208632976924,0.839551923867383,Ridge,1.0640215296050313,0.3055051372071018,0.4531568976522912,0.2413379651406069
CCACCATCAGGATCAT_E15S,E15S,Hypoxic Tumor,entering_hypoxia,-0.3294915654114431,0.431682632761767,-0.0623334558104346,0.9329667687416076,0.9329667687416076,0.4636213664104816,-0.3294915654114431,0.431682632761767,Ridge,1.085430024866423,0.3071779626921654,0.40968275270142207,0.2831392846064125
GCAATCTGTTGACCTG_E15S,E15S,Hypoxic Tumor,entering_deep_hypoxia,0.7460601679090315,0.7782635384659846,-0.2681274242202944,0.9289585947990416,0.9289585947990416,0.5187477992582511,0.7460601679090315,0.7782635384659846,Hypoxic,0.8704257808315097,0.05732462144303368,0.4368291871652917,0.5058461913916746
CGGCAAGGTAACTGTC_E15S,E15S,Hypoxic Tumor,persistent_hypoxia,0.7464385981787646,0.2232625796392675,0.944631488821176,0.94386488199234,0.94386488199234,0.3583191228230973,0.7464385981787646,0.2232625796392675,Hypoxic,0.9239913774844419,0.08828738405643621,0.401415750520978,0.5102968654225858
GTACATTAGTAAGCCC_E15S,E15S,Hypoxic Tumor,entering_hypoxia,-0.4174530921244503,0.8470724725089627,0.575918850959801,0.9362468719482422,0.9362468719482422,0.4158922394044621,-0.4174530921244503,0.8470724725089627,Ridge,1.0584870249802145,0.23960455103675535,0.46528075325237306,0.2951146957108715
CTAGGTCAGTTAGGCC_E15S,E15S,Hypoxic Tumor,transitional,-0.2119401097289159,-0.1677008922696961,-0.1431684951977926,0.92520409822464,0.92520409822464,0.5757027278032425,-0.2119401097289159,-0.1677008922696961,Ridge,1.0962670274794761,0.3427574173595214,0.3551650131738143,0.30207756946666425
AGACGTTCATCAATTC_E15S,E15S,Hypoxic Tumor,exiting_hypoxia,0.6084297426311073,-1.234351334638736,-0.7463670431633859,0.915627896785736,0.915627896785736,0.8205207566852055,0.6084297426311073,-1.234351334638736,Hypoxic,0.8457648561717577,0.07843141450967293,0.28606115956510153,0.6355074259252255
AATCTGGTCACTCAGA_E15S,E15S,Hypoxic Tumor,reverted_posthypoxic,-0.6348713093967335,-0.1720511591041595,-0.4314366165082331,0.929030418395996,0.929030418395996,0.4430268379180026,-0.6348713093967335,-0.1720511591041595,Oxygenated,1.0725434548251829,0.4278677012838366,0.3298672706412543,0.24226502807490904
TGCTCCATCTAGATAC_E15S,E15S,Hypoxic Tumor,reverted_stable,-0.4423783355211563,-0.5777397708016143,-0.4647952242384165,0.9167189598083496,0.9167189598083496,0.6981727691289487,-0.4423783355211563,-0.5777397708016143,Oxygenated,1.0918734054806736,0.3865932918591128,0.319178078531823,0.2942286296090641
GGTGAACGTGGGTAAC_E15S,E15S,Hypoxic Tumor,exiting_hypoxia,0.7830638742948498,-1.2246509710342046,0.6879039001901813,0.8625273704528809,0.8625273704528809,0.9703207251204188,0.7830638742948498,-1.2246509710342046,Hypoxic,0.7806177855335996,0.055286229872390714,0.271704911703534,0.6730088584240753
TGCTACCCAGCTAGAT_E15S,E15S,Hypoxic Tumor,entering_hypoxia,-1.3023759579623946,0.7718176455277844,0.8934792849296415,0.9487459659576416,0.9487459659576416,0.3406316502208567,-1.3023759579623946,0.7718176455277844,Ridge,1.064186730085285,0.3235957457119045,0.4448504276871402,0.23155382660095514
ACATAGCCAGCTCTAC_E15S,E15S,Hypoxic Tumor,exiting_hypoxia,-0.3317399169231997,-2.596063028810072,1.1509853585663763,0.8834609389305115,0.8834609389305115,0.9243027226944134,-0.3317399169231997,-2.596063028810072,Hypoxic,0.5920088920561246,0.025855542353416996,0.18393956281271245,0.7902048948338705
CTGGACTAGATTACGT_E15S,E15S,Hypoxic Tumor,reverted_posthypoxic,-1.4453174688244128,0.1660215731164723,-0.0308467906407251,0.9110291600227356,0.9110291600227356,0.6945953888285753,-1.4453174688244128,0.1660215731164723,Oxygenated,1.054175553667113,0.43727975399188296,0.3579803716458603,0.20473987436225682
GGATCGCCACTCGCCA_E15S,E15S,Tumor Proliferating,entering_hypoxia,0.0371440900847998,1.1971911704505374,0.7967214432192485,0.9421544075012208,0.9421544075012208,0.1261025409310947,0.0371440900847998,1.1971911704505374,Ridge,0.9480238823873168,0.10507618901407441,0.5086211142821898,0.3863026967037358
GGCCGATCAGTTAAGC_E15S,E15S,Hypoxic Tumor,entering_deep_hypoxia,0.6775501433489571,1.3587754771928378,1.126386513681996,0.9174034595489502,0.9174034595489502,0.7769107417967973,0.6775501433489571,1.3587754771928378,Hypoxic,0.8039355486208538,0.029258859283440384,0.46240206850270216,0.5083390722138575
TCGGCAACAAGCGGTC_E15S,E15S,Hypoxic Tumor,reverted_stable,-1.041464252401529,-0.8350751681531267,-0.530163376099963,0.9118258357048036,0.9118258357048036,0.9111239761393608,-1.041464252401529,-0.8350751681531267,Oxygenated,1.0754718901783202,0.4349389903498332,0.29807627744003556,0.26698473221013114
AACGCCCGTTCCCGTT_E15S,E15S,Hypoxic Tumor,persistent_hypoxia,0.6840048823998367,-0.2790165335988807,-0.5574852879460238,0.9157251715660096,0.9157251715660096,0.6743765324935496,0.6840048823998367,-0.2790165335988807,Hypoxic,0.9521076707124485,0.11182434009584638,0.3658905696179404,0.5222850902862132
CTGTACGGTTCCTGAG_E15S,E15S,Hypoxic Tumor,reverted_stable,-1.8626377941503367,-1.8558202482344293,3.2267578769491125,0.9289519786834716,0.9289519786834716,0.6431002266021142,-1.8626377941503367,-1.8558202482344293,Hypoxic,0.9950652620781515,0.16112236423926332,0.31181452767021545,0.5270631080905213
GTCACGTAGTCAGGTC_E15S,E15S,Hypoxic Tumor,entering_deep_hypoxia,0.8640636785411103,1.6708222362798748,-0.476820237449158,0.91793692111969,0.91793692111969,0.787433114737256,0.8640636785411103,1.6708222362798748,Hypoxic,0.7372976232712656,0.010812608904576025,0.4315496114549568,0.5576377796404672
GTGTTAGTCACCACGG_E15S,E15S,Hypoxic Tumor,transitional,-0.2773720002702485,-0.0875611633353384,-0.4775367923328533,0.8609570860862732,0.8609570860862732,0.5998951392967095,-0.2773720002702485,-0.0875611633353384,Ridge,1.0938605520754505,0.3548682171509534,0.357168158331366,0.2879636245176806
AAACGGGTCACTTCCG_E15S,E15S,Hypoxic Tumor,exiting_hypoxia,1.2917516254466568,-1.9877349272765308,0.8203272915965509,0.9423124194145204,0.9423124194145204,0.6289338785215769,1.2917516254466568,-1.9877349272765308,Hypoxic,0.421004848802795,0.004292739890818051,0.13401125905891534,0.8616960010502667
ATGTGAGGTTATGCTA_E15S,E15S,Hypoxic Tumor,exiting_hypoxia,-0.4238900054101545,-1.0383665443880865,-0.0012966846964827,0.916692852973938,0.916692852973938,0.7943806752044457,-0.4238900054101545,-1.0383665443880865,Hypoxic,1.095998054731359,0.32334926045293666,0.3099133689069948,0.36673737064006856
TCGATTTCAAGCATAC_E15S,E15S,Hypoxic Tumor,reverted_stable,-1.389145295772284,-0.7617355617857509,-0.4980136125579622,0.9317672252655028,0.9317672252655028,0.506288191856673,-1.389145295772284,-0.7617355617857509,Oxygenated,1.0688170593826634,0.4457365584024422,0.3040338836752746,0.2502295579222831
GTCCTGCTCCTCATAC_E15S,E15S,Hypoxic Tumor,transitional,0.2546380617761684,-0.1874753057050625,-0.4910441879069315,0.9254277348518372,0.9254277348518372,0.5596434213680863,0.2546380617761684,-0.1874753057050625,Hypoxic,1.0661380318664264,0.2182670593354498,0.3779968241937701,0.40373611647078
CTAGAAGGTTGACCAT_E15S,E15S,Hypoxic Tumor,reverted_stable,-0.5561030665399552,-1.5259254599984555,-0.2500836704099435,0.9097560048103333,0.9097560048103333,0.9101951927234012,-0.5561030665399552,-1.5259254599984555,Hypoxic,1.0573945081542249,0.2358219660607538,0.29833394908780375,0.46584408485144246
GTCTACTTCTGTCTAC_E15S,E15S,Tumor Proliferating,reverted_stable,-1.0933926836093528,-0.5142170075284085,0.5253385464227586,0.9324935674667358,0.9324935674667358,0.2148549133259403,-1.0933926836093528,-0.5142170075284085,Oxygenated,1.054605605783793,0.46835627415694636,0.3023842291900339,0.2292594966530199
CATTCTATCTCATGCT_E15S,E15S,Hypoxic Tumor,exiting_hypoxia,-0.2767194753524857,-1.2161963089948693,1.144075438578242,0.9275776743888856,0.9275776743888856,0.6255328888802196,-0.2767194753524857,-1.2161963089948693,Hypoxic,1.0756715757648705,0.2593807710030053,0.3093081460409528,0.4313110829560419
AGCAAGGTCGTGCTCC_E15S,E15S,Hypoxic Tumor,reverted_posthypoxic,-1.2959435138252593,0.0354204854120664,-0.556350723170681,0.9176931381225586,0.9176931381225586,0.764058966313351,-1.2959435138252593,0.0354204854120664,Oxygenated,1.0483865405198336,0.45781875012936696,0.3386379103191836,0.2035433395514493
AAGCTCGCAATGTCGG_E15S,E15S,Hypoxic Tumor,entering_hypoxia,0.1472478932977036,1.974088972220599,-0.6716244720546856,0.9121065139770508,0.9121065139770508,0.8879997401234275,0.1472478932977036,1.974088972220599,Ridge,0.7778035406027818,0.020693978288437973,0.518728147205083,0.46057787450647897
CGCCTAGAGGATCATT_E15S,E15S,Hypoxic Tumor,persistent_hypoxia,0.3000152968218235,0.2658736485972323,-0.542511196908365,0.9179437160491944,0.9179437160491944,0.7165770592861636,0.3000152968218235,0.2658736485972323,Ridge,1.0405397773638674,0.18116661162379627,0.4182396487950113,0.40059373958119254
TGTGTTAGTTTACACA_E15S,E15S,Hypoxic Tumor,entering_hypoxia,-0.9791260622906428,1.2064175361659322,-0.4594104834965827,0.9153336882591248,0.9153336882591248,0.823968318464604,-0.9791260622906428,1.2064175361659322,Ridge,1.0214634585689393,0.20409244907951865,0.5171263089866732,0.2787812419338081
TAGTCAACAAATGGTC_E15S,E15S,Hypoxic Tumor,transitional,0.0616011072539656,-0.2679148641354872,0.9375930404046108,0.9251699447631836,0.9251699447631836,0.5666498605722661,0.0616011072539656,-0.2679148641354872,Ridge,1.090042477945646,0.27267062639138573,0.3642292811188165,0.3631000924897979
CCAGTCCTCACCTAGA_E15S,E15S,Hypoxic Tumor,entering_hypoxia,-0.47541804563583,0.7430171180882216,0.3009385967002341,0.9271231293678284,0.9271231293678284,0.5681286025720917,-0.47541804563583,0.7430171180882216,Ridge,1.07050888074454,0.2717337231063058,0.4475120234904112,0.280754253403283
CACCCTGCATTCCTTC_E15S,E15S,Hypoxic Tumor,reverted_stable,-0.5985600414790173,-2.301500361194041,-0.0966192587988365,0.9155725836753844,0.9155725836753844,0.7555553344296714,-0.5985600414790173,-2.301500361194041,Hypoxic,0.7764502783816226,0.0680327144206773,0.2365306768729383,0.6954366087063845
AGACGCGGTTGCGAGG_E15S,E15S,Hypoxic Tumor,exiting_hypoxia,0.2095708334080284,-2.098797930683634,-0.2083434989366877,0.9171389937400818,0.9171389937400818,0.7572067278403605,0.2095708334080284,-2.098797930683634,Hypoxic,0.6852779622503948,0.04140131814188807,0.21715787534465347,0.7414408065134585
TGCCTTTAGATTCCTC_E15S,E15S,Hypoxic Tumor,reverted_posthypoxic,-1.2162850437671633,-0.0193475922065302,-0.5746697479074719,0.915993332862854,0.915993332862854,0.6845328066399213,-1.2162850437671633,-0.0193475922065302,Oxygenated,1.0472071355476682,0.4634226215311015,0.33182153747525545,0.20475584099364308
CATAGCGCAAGGGCAG_E15S,E15S,Hypoxic Tumor,entering_hypoxia,-1.4633329281989125,1.3562223445010595,-0.5448460993963723,0.9231691360473632,0.9231691360473632,0.6024849097840914,-1.4633329281989125,1.3562223445010595,Ridge,0.9824828697368155,0.16571778249417168,0.5526487230414422,0.28163349446438624
GTATCTTCAGCCAAGC_E15S,E15S,Hypoxic Tumor,transitional,-0.263598986598018,0.3731142127825646,-0.4481754885381356,0.9291154146194458,0.9291154146194458,0.5027430745351167,-0.263598986598018,0.3731142127825646,Ridge,1.0869988408982851,0.30299050191431126,0.4059378871724763,0.2910716109132125
TGCTACTTCCAGCGAT_E15S,E15S,Hypoxic Tumor,exiting_hypoxia,0.5932573072758661,-0.5318603785813718,2.005480388044619,0.9444764256477356,0.9444764256477356,0.2691848505991618,0.5932573072758661,-0.5318603785813718,Hypoxic,0.9686262581195408,0.12718854446264896,0.34963635423713607,0.523175101300215
TGGCGATTCACAGGGA_E15S,E15S,Hypoxic Tumor,reverted_stable,-0.9273046568346104,-0.8777536787297043,-0.5664851333357613,0.9123706221580504,0.9123706221580504,0.9473712012921912,-0.9273046568346104,-0.8777536787297043,Oxygenated,1.081529850365958,0.42130074057660233,0.2987011065115195,0.27999815291187813
GTCGATTGTTCGTTGG_E15S,E15S,Hypoxic Tumor,reverted_stable,-0.8522933350392924,-0.9522999016864532,1.1901975150020618,0.931423544883728,0.931423544883728,0.6341386645304374,-0.8522933350392924,-0.9522999016864532,Oxygenated,1.0881598683009424,0.40251612935388714,0.2997013993886342,0.2977824712574787
TCATGGGCACTTCATG_E15S,E15S,Hypoxic Tumor,exiting_hypoxia,-0.2441905468581348,-1.4781237437175092,-0.542237262638848,0.9098636507987976,0.9098636507987976,0.6933941066000406,-0.2441905468581348,-1.4781237437175092,Hypoxic,1.0266810691060235,0.1975045913313148,0.29872194600333196,0.5037734626653533
CAGTTACGTTTACGAC_E15S,E15S,Hypoxic Tumor,exiting_hypoxia,-0.251183351319192,-0.6222342750416601,-0.7278953585547452,0.9155975580215454,0.9155975580215454,0.9038782927631996,-0.251183351319192,-0.6222342750416601,Oxygenated,1.0984660223049887,0.34115011004623436,0.32767322319751957,0.33117666675624613
ATCCCCATCGTTCCGC_E15S,E15S,Hypoxic Tumor,entering_hypoxia,-1.0475034406913506,0.914430755279046,-0.4388393139250257,0.9156748056411744,0.9156748056411744,0.7051193789289789,-1.0475034406913506,0.914430755279046,Ridge,1.0595923513727767,0.28441188311866655,0.4663921964406125,0.24919592044072103
GCCCACTTCGATCATG_E15S,E15S,Hypoxic Tumor,transitional,-0.1610186258541927,-0.4031838773528661,0.2567064684583426,0.9077450633049012,0.9077450633049012,0.7354976403393958,-0.1610186258541927,-0.4031838773528661,Ridge,1.098385718529212,0.3307105229467589,0.3430487017443876,0.3262407753088534
ACATTAGCAACCCTGT_E15S,E15S,Hypoxic Tumor,exiting_hypoxia,1.3549608179227226,-1.294777625733881,3.0476682834434103,0.9408178329467772,0.9408178329467772,0.4985852892967068,1.3549608179227226,-1.294777625733881,Hypoxic,0.5570080626427076,0.011512785651022208,0.19735428663738805,0.7911329277115898
TCGACGTAGGTGACGA_E15S,E15S,Hypoxic Tumor,exiting_hypoxia,2.380658075636206,-0.4907605711119684,-0.3892093841542382,0.9268469214439392,0.9268469214439392,0.5187788644901703,2.380658075636206,-0.4907605711119684,Hypoxic,0.37978571992199084,0.0005294690908502467,0.1242624906388989,0.8752080402702509
CTGCGATAGGCGTTCG_E15S,E15S,Hypoxic Tumor,reverted_posthypoxic,-1.9059006771683749,-0.0106050860169356,1.5269251184473096,0.9367154836654664,0.9367154836654664,0.6179772541094326,-1.9059006771683749,-0.0106050860169356,Oxygenated,1.0693263345055701,0.40230044464864684,0.37360746340984224,0.22409209194151092
ACGCAATCAAGCCAAT_E15S,E15S,Hypoxic Tumor,exiting_hypoxia,0.4028359597576401,-2.044844258983742,2.2614739428276245,0.9302611947059632,0.9302611947059632,0.5712582855178922,0.4028359597576401,-2.044844258983742,Hypoxic,0.6502130086398803,0.03307934045915557,0.20915513368277394,0.7577655258580704
TGCGACTAGCGGTTCG_E15S,E15S,Hypoxic Tumor,exiting_hypoxia,0.6260536730769469,-1.2870498059197637,-0.3458655807677028,0.9253581166267396,0.9253581166267396,0.5313376285568172,0.6260536730769469,-1.2870498059197637,Hypoxic,0.8253678244558891,0.0715568477798392,0.27920409331471047,0.6492390589054504
ACCACGTAGCATAGGG_E15S,E15S,Hypoxic Tumor,reverted_stable,-1.3472331655745378,-0.6906864006661815,-0.5524943036092754,0.8429133892059326,0.8429133892059326,0.8365954589354895,-1.3472331655745378,-0.6906864006661815,Oxygenated,1.063304635665876,0.45513298128398116,0.30320932373798765,0.24165769497803105
TGACCAATCGCGCCAA_E15S,E15S,Tumor Proliferating,reverted_stable,-1.240616779913472,-1.1716939166922884,1.9424211998048495,0.9327001571655272,0.9327001571655272,0.3525563332504817,-1.240616779913472,-1.1716939166922884,Oxygenated,1.0940761625750586,0.37748442679466004,0.3026524347957925,0.3198631384095476
CTATCGAAGCTGAGAG_E15S,E15S,Hypoxic Tumor,reverted_posthypoxic,-1.00880004988337,-0.2674116988398446,-0.508366023056066,0.9196212291717528,0.9196212291717528,0.8675720431356148,-1.00880004988337,-0.2674116988398446,Oxygenated,1.0504438501311015,0.46936004419399535,0.31305759263815636,0.2175823631678483
CGTTGTAAGGAACTGG_E15S,E15S,Hypoxic Tumor,exiting_hypoxia,-0.2914289147945194,-0.622823767797947,-0.4492697217170943,0.9172493815422058,0.9172493815422058,0.688480343567055,-0.2914289147945194,-0.622823767797947,Oxygenated,1.097950661055881,0.3505275996538318,0.32552876330248304,0.3239436370436851
CCGCGAATCACATGAT_E15S,E15S,Hypoxic Tumor,entering_hypoxia,-0.1739665866671415,0.5711437234962884,-0.6761760223930814,0.9167985916137696,0.9167985916137696,0.717331633359411,-0.1739665866671415,0.5711437234962884,Ridge,1.0725386666113699,0.2511306108705986,0.435828233188272,0.3130411559411294
TCACGGGTCGATCACA_E15S,E15S,Hypoxic Tumor,persistent_hypoxia,0.9397579820505788,0.3464627712874886,-0.5980453780172138,0.9152353405952454,0.9152353405952454,0.7444263146049981,0.9397579820505788,0.3464627712874886,Hypoxic,0.8532532237760472,0.054667353582428545,0.391415415027432,0.5539172313901395
CACCAAATCTAATGCG_E15S,E15S,Hypoxic Tumor,reverted_stable,-0.5198613391839173,-2.530709490273753,0.1332117221128928,0.9193183183670044,0.9193183183670044,0.7835217216044505,-0.5198613391839173,-2.530709490273753,Hypoxic,0.652405534749466,0.036761488690932,0.20215252348072466,0.7610859878283434
CTTATGGAGCCTCTCA_E15S,E15S,Hypoxic Tumor,reverted_stable,-1.5982520632346098,-0.8583521795461337,-0.0644248639322277,0.930380880832672,0.930380880832672,0.5031639541893815,-1.5982520632346098,-0.8583521795461337,Oxygenated,1.081139050953492,0.41844636076032204,0.3133155918966092,0.2682380473430687
CGTAGGTTCAATGTCG_E15S,E15S,Hypoxic Tumor,exiting_hypoxia,2.365853317654711,-2.1120528611263696,0.9651735186873084,0.8941282033920288,0.8941282033920288,0.7043680390520953,2.365853317654711,-2.1120528611263696,Hypoxic,0.18985835702598225,6.126592911880701e-05,0.04687392330901221,0.953064810761869
TCAACCAAGGCTCAGT_E15S,E15S,Hypoxic Tumor,exiting_hypoxia,-0.3804802529799976,-1.0373905774347791,0.6866027214051362,0.852465808391571,0.852465808391571,0.9092484860191252,-0.3804802529799976,-1.0373905774347791,Hypoxic,1.0949806220402325,0.3149447045053866,0.31123101358075206,0.37382428191386124
ATCGTTAGTAGCGGCA_E15S,E15S,Tumor Proliferating,reverted_stable,-1.1505457769542118,-0.5645569380677942,0.8246600762321264,0.9326823353767396,0.9326823353767396,0.1472379423497729,-1.1505457769542118,-0.5645569380677942,Oxygenated,1.0559064286965398,0.4668896726947486,0.3014091349484688,0.23170119235678244
AATCGCGCACAGCAGC_E15S,E15S,Hypoxic Tumor,exiting_hypoxia,1.275504566353859,-0.8089226784759622,1.1631687552335908,0.9334508180618286,0.9334508180618286,0.6311872505490045,1.275504566353859,-0.8089226784759622,Hypoxic,0.6725579706201945,0.02322043866342614,0.2563548055396155,0.7204247557969583
AATGTCCGTTAATCGC_E15S,E15S,Hypoxic Tumor,exiting_hypoxia,0.7447478012246405,-0.6191689014185378,1.0121251367943993,0.9135472774505616,0.9135472774505616,0.8308686849330742,0.7447478012246405,-0.6191689014185378,Hypoxic,0.905712681806764,0.09284835872355804,0.33352624138967735,0.5736253998867646
GTTAGTTAGCTGGTAC_E15S,E15S,Hypoxic Tumor,entering_hypoxia,0.0854517040400199,0.407646259587524,-0.7845646651693551,0.9157240986824036,0.9157240986824036,0.7235475696260605,0.0854517040400199,0.407646259587524,Ridge,1.0629644576561448,0.2178086192098426,0.4271563508589499,0.35503502993120745
CAATATCAGCCAACCG_E15S,E15S,Hypoxic Tumor,exiting_hypoxia,0.7697231366988494,-1.9846106989957408,0.7759378435974245,0.8629997968673706,0.8629997968673706,0.9037120566901052,0.7697231366988494,-1.9846106989957408,Hypoxic,0.5618920281209222,0.017380438409949336,0.18426892269111353,0.7983506388989372
GGAACTGAGCTACGGT_E15S,E15S,Hypoxic Tumor,reverted_posthypoxic,-1.419924470640064,-0.0682378763559438,-0.4277252405902959,0.9208855628967284,0.9208855628967284,0.6318110353269785,-1.419924470640064,-0.0682378763559438,Oxygenated,1.04768612015893,0.46181312086833837,0.33353750760445605,0.20464937152720553
CGTTCAGGTCTGGCTA_E15S,E15S,Hypoxic Tumor,transitional,-0.10289572472847,0.3751111373219374,-0.7231183243423416,0.912194013595581,0.912194013595581,0.9489280139081356,-0.10289572472847,0.3751111373219374,Ridge,1.0818217140550588,0.26675941032869366,0.41510532821089463,0.3181352614604117
ACTACATAGCCCGTGA_E15S,E15S,Hypoxic Tumor,transitional,0.0191887628056711,-0.3589108033853153,-0.5615310772208731,0.9156121015548706,0.9156121015548706,0.7074162196091671,0.0191887628056711,-0.3589108033853153,Hypoxic,1.0929304585829103,0.28382310348949424,0.3558914361205286,0.36028546038997705
ACATATCAGGGTGATG_E15S,E15S,Hypoxic Tumor,transitional,-0.2901507230551402,-0.2495428821386824,-0.121021638981132,0.9236181974411012,0.9236181974411012,0.5791596638300484,-0.2901507230551402,-0.2495428821386824,Oxygenated,1.0945175084910528,0.3631971965773645,0.3443443957438708,0.2924584076787647
CTCAACTTCCTCTAGT_E15S,E15S,Hypoxic Tumor,reverted_posthypoxic,-1.0654909643927952,0.2673666580317164,-0.7151657267969708,0.9111837148666382,0.9111837148666382,0.9540605255710224,-1.0654909643927952,0.2673666580317164,Oxygenated,1.0597548124221077,0.4267188523139058,0.36187793715440264,0.21140321053169156
ACATTCCTCACATGCA_E15S,E15S,Hypoxic Tumor,reverted_stable,-1.2712646441564732,-0.4837510630142746,-0.1777720674076816,0.9315546154975892,0.9315546154975892,0.5199206989647117,-1.2712646441564732,-0.4837510630142746,Oxygenated,1.051182555076695,0.4718026397497695,0.30542084829705973,0.2227765119531708
CCACGATAGTCAAGTT_E15S,E15S,Hypoxic Tumor,persistent_hypoxia,0.3978609828643538,-0.3508563393033629,0.5520021392720931,0.9338971376419068,0.9338971376419068,0.4146608848789314,0.3978609828643538,-0.3508563393033629,Hypoxic,1.0351997386467184,0.17978824265589333,0.3676650632661949,0.45254669407791187
CACATAGTCTATGCTC_E15S,E15S,Hypoxic Tumor,exiting_hypoxia,0.0417097072013405,-1.5943602804411765,-0.3563961074150595,0.925817847251892,0.925817847251892,0.5266565481890513,0.0417097072013405,-1.5943602804411765,Hypoxic,0.9293281340243225,0.12583023501989188,0.2837098914391097,0.5904598735409985
AGCTACGCATGGTTCC_E15S,E15S,Hypoxic Tumor,exiting_hypoxia,1.511294562612116,-0.6779454473181852,0.0021952192877054,0.848807692527771,0.848807692527771,0.9781609053067816,1.511294562612116,-0.6779454473181852,Hypoxic,0.6081311750473755,0.012433947795160228,0.2344253049664818,0.7531407472383579
GTAAGCCTCTGGATAT_E15S,E15S,Hypoxic Tumor,entering_hypoxia,-0.0628763443920357,2.3027048681435254,-0.6406681872643204,0.9153453707695008,0.9153453707695008,0.7934527342081871,-0.0628763443920357,2.3027048681435254,Ridge,0.7471716168144855,0.01181447807856416,0.525269527644198,0.4629159942772379
AACGGCGGTCTCACGA_E15S,E15S,Hypoxic Tumor,reverted_posthypoxic,-1.2167722711828035,-0.0609082386725505,-0.3531255247814623,0.9190611839294434,0.9190611839294434,0.646024555176586,-1.2167722711828035,-0.0609082386725505,Oxygenated,1.0463506438050245,0.4665543981162862,0.32823367864439085,0.2052119232393229
ACGGCCATCCAATGAT_E15S,E15S,Hypoxic Tumor,exiting_hypoxia,0.492074573947841,-0.4900778751615673,1.2562609576526118,0.9416235089302064,0.9416235089302064,0.6588171035949987,0.492074573947841,-0.4900778751615673,Hypoxic,1.0035881494126913,0.15246685638056603,0.35613077812246957,0.49140236549696437
GGTGACTTCTGGTGAC_E15S,E15S,Hypoxic Tumor,reverted_stable,-1.359949142377619,-1.1136414939636368,1.987508240502757,0.9204423427581788,0.9204423427581788,0.4020093761154187,-1.359949142377619,-1.1136414939636368,Oxygenated,1.0920093687396597,0.3881629436552904,0.3049582928491266,0.3068787634955829
ACGTCACAGTGTCATG_E15S,E15S,Hypoxic Tumor,transitional,-0.2046735981917122,-0.0802469217639922,-0.1054605510328045,0.9264973402023317,0.9264973402023317,0.8763573983559648,-0.2046735981917122,-0.0802469217639922,Ridge,1.0956430894967686,0.33724996971259913,0.36253696105535654,0.30021306923204444
GGGTATGAGGTGCGTT_E15S,E15S,Hypoxic Tumor,entering_hypoxia,-0.5493895158805214,1.2125387779781964,0.3182382353010373,0.9308769702911376,0.9308769702911376,0.4271054875403561,-0.5493895158805214,1.2125387779781964,Ridge,1.0070374089851248,0.171865542199649,0.5169120106966325,0.31122244710371844
TACGGTTGTCTTACCC_E15S,E15S,Hypoxic Tumor,reverted_stable,-1.3473166066241866,-1.9249755664425163,1.1123098116098291,0.934702455997467,0.934702455997467,0.7559563454530516,-1.3473166066241866,-1.9249755664425163,Hypoxic,0.997743200154555,0.17184407409256872,0.2943985235414678,0.5337574023659636
AAACTCCGTCATGAAG_E15S,E15S,Hypoxic Tumor,reverted_posthypoxic,-0.5894670040434414,-0.1222288594643841,0.3607662867036318,0.9083887338638306,0.9083887338638306,0.6802864317350541,-0.5894670040434414,-0.1222288594643841,Oxygenated,1.0758415781022994,0.41855942511237204,0.3357572308764304,0.24568334401119768
CTTGCTTAGGCGAGAC_E15S,E15S,Hypoxic Tumor,exiting_hypoxia,0.9838490134200548,-2.4946785799375832,0.5278553551398256,0.9128478765487672,0.9128478765487672,0.78437403162837,0.9838490134200548,-2.4946785799375832,Hypoxic,0.3662430381971661,0.0029800011826571562,0.1098892602456789,0.887130738571664
GCCCTTGCAAACCGTG_E15S,E15S,Hypoxic Tumor,exiting_hypoxia,0.7723011733739714,-2.5091112061517227,1.0826451548971894,0.8926811218261719,0.8926811218261719,0.7932552096715756,0.7723011733739714,-2.5091112061517227,Hypoxic,0.40437661360229954,0.00489458998543799,0.12363440478945542,0.8714710052251066
GCGTGAGGTCTAATCA_E15S,E15S,Hypoxic Tumor,entering_hypoxia,-1.2793638748518823,0.6880686614741051,0.1534696265803146,0.927044689655304,0.927044689655304,0.5188037645345653,-1.2793638748518823,0.6880686614741051,Ridge,1.0662626503172339,0.3446958147619341,0.42930005350605627,0.22600413173200962
AGCTAAGGTTGTCCTC_E15S,E15S,Hypoxic Tumor,reverted_posthypoxic,-1.7071613381350934,0.0719189355372629,0.1837205983392668,0.9264997839927672,0.9264997839927672,0.5801031364933004,-1.7071613381350934,0.0719189355372629,Oxygenated,1.0603450363487,0.4242269068319233,0.36401014915049057,0.21176294401758614
CAGTTATAGCAAGTAA_E15S,E15S,Hypoxic Tumor,reverted_posthypoxic,-1.5548200209736185,-0.3265633329186032,-0.3903314550007349,0.920762836933136,0.920762836933136,0.5201376761146224,-1.5548200209736185,-0.3265633329186032,Oxygenated,1.052884006042769,0.4611716100367728,0.3230067897472313,0.2158216002159959
CTACCGCTCACACCGG_E15S,E15S,Hypoxic Tumor,reverted_stable,-0.6896074167973346,-2.439914954939112,0.705205408059892,0.8828350901603699,0.8828350901603699,0.914016174167801,-0.6896074167973346,-2.439914954939112,Hypoxic,0.721052522224271,0.052296076929523955,0.2219476273360715,0.7257562957344046
GTCATTTCAGTTAATG_E15S,E15S,Hypoxic Tumor,reverted_stable,-0.9373087588608215,-1.6378052415267723,-0.3608501303190033,0.9144980311393738,0.9144980311393738,0.8671850177025044,-0.9373087588608215,-1.6378052415267723,Hypoxic,1.062731220362058,0.24411977866852966,0.29811545811434625,0.45776476321712395
AACGCTATCGATGAGG_E15S,E15S,Hypoxic Tumor,exiting_hypoxia,0.0572125698247989,-0.6274329394359272,1.1241377947083184,0.8951128125190735,0.8951128125190735,0.8169402906523856,0.0572125698247989,-0.6274329394359272,Hypoxic,1.0843538741072447,0.26117867535059713,0.34194328435949384,0.39687804028990903
CGCAGATTCTAAGCCA_E15S,E15S,Hypoxic Tumor,entering_hypoxia,-1.2277412721695995,1.288051296214809,-0.1894975307673021,0.9279385209083556,0.9279385209083556,0.5491869070326635,-1.2277412721695995,1.288051296214809,Ridge,1.0043222952812272,0.18743675350552433,0.5348423549415917,0.277720891552884
TCACCGCTCAGGCATC_E15S,E15S,Hypoxic Tumor,reverted_posthypoxic,-1.6961425652941209,0.0923646758753996,0.0523850084835935,0.9294626116752625,0.9294626116752625,0.5893496208812614,-1.6961425652941209,0.0923646758753996,Oxygenated,1.060207932039371,0.4234106029679054,0.36530355086278715,0.21128584616930746
CACGATTGTAAGCATG_E15S,E15S,Hypoxic Tumor,reverted_stable,-1.0560780657880493,-0.9156490130903704,-0.7142437415637196,0.9133442640304564,0.9133442640304564,0.9074547540119602,-1.0560780657880493,-0.9156490130903704,Oxygenated,1.0806999739565908,0.42338526078675,0.29820820875777576,0.27840653045547425
TGCGAAAGTATTGGCT_E15S,E15S,Hypoxic Tumor,entering_hypoxia,-0.147766540561262,0.6020780975702015,-0.4750902392116042,0.9152219891548156,0.9152219891548156,0.7753192965438103,-0.147766540561262,0.6020780975702015,Ridge,1.0681240122750038,0.24023906524165242,0.44094141120602404,0.31881952355232346
CCTGAACAGCAATTCG_E15S,E15S,Hypoxic Tumor,entering_hypoxia,-1.472373188509807,1.013547547725837,-0.293301721762718,0.932276487350464,0.932276487350464,0.4882034094843876,-1.472373188509807,1.013547547725837,Ridge,1.042849947479676,0.2540670494662924,0.49540675231427245,0.2505261982194352
AACATAGAGCCACATA_E15S,E15S,Hypoxic Tumor,exiting_hypoxia,1.208266222325525,-0.8702326861768078,-0.4574823944137702,0.9239842891693116,0.9239842891693116,0.6760247570656656,1.208266222325525,-0.8702326861768078,Hypoxic,0.6878277271356394,0.026817010060829646,0.2594825979558579,0.7137003919833124
GGAGTTAGTGCGGATG_E15S,E15S,Hypoxic Tumor,reverted_posthypoxic,-1.3944902398902457,-0.1587970311131668,-0.5577708243382459,0.91966313123703,0.91966313123703,0.5954290894837309,-1.3944902398902457,-0.1587970311131668,Oxygenated,1.0463009168684683,0.4681464045220072,0.3255193593291798,0.20633423614881288
GGTCGGTCATAATCGA_E15S,E15S,Tumor Proliferating,entering_hypoxia,-0.614012331689983,1.4780363871734878,1.043072257817071,0.9148467779159546,0.9148467779159546,0.2643829502865837,-0.614012331689983,1.4780363871734878,Ridge,0.9489938286716321,0.11985041239433869,0.5499125021222856,0.33023708548337566
GGCGGTAGTTCGTGGC_E15S,E15S,Hypoxic Tumor,exiting_hypoxia,0.2255785852884567,-0.9951458895177012,-0.4106088935485897,0.913174331188202,0.913174331188202,0.8807314630697914,0.2255785852884567,-0.9951458895177012,Hypoxic,1.021364934533318,0.18001291594288155,0.32341809315633396,0.4965689909007844
ACCAGGCCATTCGGGA_E15S,E15S,Hypoxic Tumor,exiting_hypoxia,-0.0282839056767876,-0.8462251042057021,-0.473322036683161,0.9147731065750122,0.9147731065750122,0.8799480712435338,-0.0282839056767876,-0.8462251042057021,Hypoxic,1.0823393945007551,0.2622736173545649,0.32845645911818805,0.409269923527247
TCGCATTTCAGGTCAC_E15S,E15S,Hypoxic Tumor,persistent_hypoxia,1.23163636467344,0.1138986031165667,-0.368951324529878,0.9117908477783204,0.9117908477783204,0.6941943620191423,1.23163636467344,0.1138986031165667,Hypoxic,0.7611130837335502,0.029815269952467197,0.33775256514502605,0.6324321649025069
AGAGAGGGTCTAAGTC_E15S,E15S,Hypoxic Tumor,exiting_hypoxia,1.4756146213362398,-0.7627015079627416,0.0373662917626825,0.9232500195503236,0.9232500195503236,0.6485132748612302,1.4756146213362398,-0.7627015079627416,Hypoxic,0.6087440911748159,0.013221149383701473,0.23221352984339483,0.7545653207729036
TAATGGTTCCTGCATT_E15S,E15S,Hypoxic Tumor,entering_deep_hypoxia,1.5588322542200403,1.65558633613026,-0.7443875736426974,0.9131492376327516,0.9131492376327516,0.9538714107303242,1.5588322542200403,1.65558633613026,Hypoxic,0.628724086377012,0.0016863458385428618,0.3072605586843771,0.69105309547708
CTTCGATTCACCATAG_E15S,E15S,Hypoxic Tumor,entering_hypoxia,-0.2755948688199894,0.5103143100145344,0.1124270930899402,0.9283556938171388,0.9283556938171388,0.5442605913821339,-0.2755948688199894,0.5103143100145344,Ridge,1.0810967769019464,0.2827530259085307,0.42293526788941754,0.29431170620205177
TGAGCGCCATCGCTAC_E15S,E15S,Hypoxic Tumor,reverted_posthypoxic,-1.2448256237688256,-0.0890151290075333,-0.4280637554252922,0.8949618935585022,0.8949618935585022,0.6852190113877721,-1.2448256237688256,-0.0890151290075333,Oxygenated,1.045727058535082,0.46832953970893487,0.3264395300533023,0.20523093023776287
AACGATTTCGAATTAC_E15S,E15S,Hypoxic Tumor,transitional,-0.015208074098365,0.3697709612381761,0.777601209323786,0.916882574558258,0.916882574558258,0.6503422564575,-0.015208074098365,0.3697709612381761,Ridge,1.0761259239257963,0.2468218498954917,0.4188563386107963,0.33432181149371204
GCAGGGACAGGGACGA_E15S,E15S,Hypoxic Tumor,reverted_posthypoxic,-1.6112051069575029,0.0793133957018912,-0.3371474245137912,0.9190574884414672,0.9190574884414672,0.6303986823958384,-1.6112051069575029,0.0793133957018912,Oxygenated,1.0565248353025818,0.4342579709107348,0.3578167752969034,0.2079252537923618
ACGTGAGAGGTGAGCA_E15S,E15S,Hypoxic Tumor,reverted_stable,-1.4047712181869534,-0.5304170667807833,-0.4824237327538694,0.9150314331054688,0.9150314331054688,0.5674918886357224,-1.4047712181869534,-0.5304170667807833,Oxygenated,1.055018533226768,0.4654506060301567,0.30810137494142664,0.22644801902841674
GGCAACCCAGCCAGAC_E15S,E15S,Hypoxic Tumor,entering_hypoxia,-1.1161533443916425,1.2026153653443958,-0.4907082509828537,0.9180120825767516,0.9180120825767516,0.727067695909699,-1.1161533443916425,1.2026153653443958,Ridge,1.0220858047209966,0.2089614101006699,0.518371569063648,0.27266702083568206
GTCCGCAAGTAGCACC_E15S,E15S,Hypoxic Tumor,exiting_hypoxia,1.257965068125107,-0.98792400115463,-0.5725307495027911,0.9132335782051086,0.9132335782051086,0.8954775021064224,1.257965068125107,-0.98792400115463,Hypoxic,0.6492878406087421,0.021236430413095957,0.24115553018871844,0.7376080393981855
AGCACCACAACCAGAT_E15S,E15S,Hypoxic Tumor,exiting_hypoxia,1.0892254346367063,-0.9708543626641652,-0.5378325259266651,0.9114757776260376,0.9114757776260376,0.8990220048878266,1.0892254346367063,-0.9708543626641652,Hypoxic,0.715581677203408,0.034009899592417035,0.2646191366954055,0.7013709637121774
CACCGCTTCACATGCA_E15S,E15S,Hypoxic Tumor,entering_hypoxia,-0.0598592129169929,0.7826560983515809,1.2204378164646588,0.9275707006454468,0.9275707006454468,0.8340059021515169,-0.0598592129169929,0.7826560983515809,Ridge,1.038612591051057,0.1904426973816447,0.466323478913952,0.3432338237044034
GCCATTCCAGTTAGAC_E15S,E15S,Hypoxic Tumor,transitional,0.2011868237878861,-0.3802537091883192,-0.1961327504600822,0.9210079908370972,0.9210079908370972,0.6063350113795622,0.2011868237878861,-0.3802537091883192,Hypoxic,1.0732728862977783,0.23288778633140678,0.36218846887345807,0.40492374479513527
CTGGGGTCAAGCGCGT_E15S,E15S,Hypoxic Tumor,entering_hypoxia,-0.8986878319130532,0.8122380007943149,1.2602284880769263,0.8685548305511475,0.8685548305511475,0.8985914740036913,-0.8986878319130532,0.8122380007943149,Ridge,1.0674543034328794,0.30313372072245126,0.4483743060014274,0.24849197327612133
TCCTTGGTCCAGGTTA_E15S,E15S,Hypoxic Tumor,reverted_posthypoxic,-1.3704068432872778,-0.1459603276439452,-0.6420708711176004,0.911545991897583,0.911545991897583,0.6466901088463554,-1.3704068432872778,-0.1459603276439452,Oxygenated,1.045929520567674,0.46857908595900377,0.3255548347431253,0.20586607929787104
AAGTACGGTCTAGCCA_E15S,E15S,Hypoxic Tumor,transitional,-0.0803290328725725,-0.3233456032516618,0.643470222415281,0.8848070502281189,0.8848070502281189,0.8675423635801188,-0.0803290328725725,-0.3233456032516618,Ridge,1.0972915817163742,0.3110961904932025,0.35264906831568904,0.33625474119110843
TGCACCTCATGGCAAT_E15S,E15S,Hypoxic Tumor,reverted_stable,-1.062034992263329,-0.6241025149977958,0.7866668511879673,0.9142581224441528,0.9142581224441528,0.7330067749205565,-1.062034992263329,-0.6241025149977958,Oxygenated,1.0611727799976822,0.4596251973859574,0.29988073643434976,0.24049406617969277
CATGAACCAAGGTAGA_E15S,E15S,Hypoxic Tumor,reverted_stable,-1.0093318035901242,-0.935952051395189,-0.7376669976960741,0.9166051745414734,0.9166051745414734,0.7483300639599576,-1.0093318035901242,-0.935952051395189,Oxygenated,1.0830213074335382,0.4175998150901846,0.29830140348459405,0.2840987814252213
CTGCGTAGTGAGTAGC_E15S,E15S,Hypoxic Tumor,reverted_stable,-0.8212241839713609,-1.5741935889735257,-0.2044285448982316,0.911958396434784,0.911958396434784,0.9069361811931764,-0.8212241839713609,-1.5741935889735257,Hypoxic,1.0682603910592827,0.25313592288679687,0.29839624804484993,0.4484678290683532
CTCACATTCCGCTACC_E15S,E15S,Hypoxic Tumor,exiting_hypoxia,-0.2472202687011101,-1.0426163066526737,1.5369684718897965,0.8953922986984253,0.8953922986984253,0.889170792775557,-0.2472202687011101,-1.0426163066526737,Hypoxic,1.0884055603526044,0.285778478448145,0.3149739811504796,0.39924754040137544
CCTAGCCTCTATGCCT_E15S,E15S,Hypoxic Tumor,entering_hypoxia,-0.3390904375252386,0.6138480074236626,-0.1351807024936437,0.9220765829086304,0.9220765829086304,0.6013245727784052,-0.3390904375252386,0.6138480074236626,Ridge,1.0765131760077113,0.2756835729858009,0.4340712386238883,0.2902451883903109
GTCTCCGCAAGCCACA_E15S,E15S,Hypoxic Tumor,reverted_stable,-1.2386789624311372,-1.2102445240722175,-0.5699325847412774,0.9151213765144348,0.9151213765144348,0.757092932987924,-1.2386789624311372,-1.2102445240722175,Oxygenated,1.095351536637048,0.3686225619870107,0.30307078386875586,0.3283066541442335
ATGGCCCGTAATGCGA_E15S,E15S,Tumor Proliferating,exiting_hypoxia,2.5319759539632654,-0.8169616732831869,3.097497329837304,0.9355124235153198,0.9355124235153198,0.3594677233823556,2.5319759539632654,-0.8169616732831869,Hypoxic,0.3102982174934963,0.00022423999558541334,0.0924682318792434,0.9073075281251711
TCATGTTCATGGCTTC_E15S,E15S,Hypoxic Tumor,exiting_hypoxia,0.7257207207813459,-1.284927027024017,-0.2415177323199647,0.9304468035697936,0.9304468035697936,0.4308485137518918,0.7257207207813459,-1.284927027024017,Hypoxic,0.7876016842520255,0.05849209998296287,0.2706777863224708,0.6708301136945664
ATCACAACACATACGG_E15S,E15S,Hypoxic Tumor,persistent_hypoxia,0.4425555602313677,-0.1808072846349537,1.184651633023767,0.8778865337371826,0.8778865337371826,0.8564925731814246,0.4425555602313677,-0.1808072846349537,Hypoxic,1.0264856538317026,0.168064428173387,0.38082863352126495,0.451106938305348
TGTGCCTCAATTGGTA_E15S,E15S,Hypoxic Tumor,persistent_hypoxia,1.2105150084260816,0.0981524759574397,0.0917687365765224,0.8099367618560791,0.8099367618560791,0.8838346876403422,1.2105150084260816,0.0981524759574397,Hypoxic,0.7682173036686324,0.03173371391783585,0.3398635209552501,0.6284027651269141
CCAGTTAAGCTAGCCG_E15S,E15S,Hypoxic Tumor,reverted_stable,-1.0626113129244763,-1.3985569869732717,0.870763355138668,0.9275580048561096,0.9275580048561096,0.7431858010924666,-1.0626113129244763,-1.3985569869732717,Hypoxic,1.0934873675604166,0.31739523895195887,0.30194488050337287,0.3806598805446682
TGTGAGGAGTGATCTG_E15S,E15S,Hypoxic Tumor,exiting_hypoxia,0.1056938579177302,-0.7374517245463905,-0.7254612074838133,0.9120495319366456,0.9120495319366456,0.933814900042914,0.1056938579177302,-0.7374517245463905,Hypoxic,1.0724773696379304,0.2388719154418558,0.3375483448563918,0.42357973970175233
CGTTACCCAGGTTAGT_E15S,E15S,Hypoxic Tumor,exiting_hypoxia,0.0299646068609384,-0.5850388666591051,1.5133891528167998,0.9453258514404296,0.9453258514404296,0.5066446290151411,0.0299646068609384,-0.5850388666591051,Hypoxic,1.0884967078003263,0.27155024243968456,0.3431437589141339,0.3853059986461815
TACTTAGGTTGAGCAA_E15S,E15S,Hypoxic Tumor,entering_deep_hypoxia,0.6271827322385544,0.6211577200952128,-0.6197763309607449,0.9185437560081482,0.9185437560081482,0.7808245253924433,0.6271827322385544,0.6211577200952128,Hypoxic,0.9229403503900058,0.08425924768094972,0.43810606494271365,0.47763468737633663
ACTATCAGTTTAGTGC_E15S,E15S,Hypoxic Tumor,reverted_stable,-1.100559179998306,-2.634745123282702,0.1774967327929928,0.8989348411560059,0.8989348411560059,0.7826244792435306,-1.100559179998306,-2.634745123282702,Hypoxic,0.661708491579326,0.03739143815648296,0.2078128055457173,0.7547957562977997
ATTACGTAGGATTAAG_E15S,E15S,Hypoxic Tumor,reverted_posthypoxic,-1.3945883197205344,0.0470951369360479,0.9027397778659096,0.9418230056762696,0.9418230056762696,0.36349041920344,-1.3945883197205344,0.0470951369360479,Oxygenated,1.0496497883227054,0.4534393596648053,0.3430328424868135,0.20352779784838124
ACTATCCTCCAGCAGT_E15S,E15S,Hypoxic Tumor,exiting_hypoxia,-0.2697024304939031,-0.787745289860456,0.968906949888558,0.9304887056350708,0.9304887056350708,0.7286368186156192,-0.2697024304939031,-0.787745289860456,Hypoxic,1.0979431490206755,0.3286934498123984,0.3212228268361624,0.35008372335143917
AGTACCATCGTTACAG_E15S,E15S,Hypoxic Tumor,exiting_hypoxia,0.1913726383381139,-1.057778577265985,-0.6684983760522426,0.9128636121749878,0.9128636121749878,0.9188480449907076,0.1913726383381139,-1.057778577265985,Hypoxic,1.0198962169304302,0.18019064920753688,0.31965375315883693,0.5001555976336263
TCTGGTAAGCGCATAC_E15S,E15S,Hypoxic Tumor,entering_hypoxia,-0.4200957071704172,1.3625632211996146,0.1533016752046732,0.9208447337150574,0.9208447337150574,0.617147243927557,-0.4200957071704172,1.3625632211996146,Ridge,0.9639750083610206,0.1273247485591082,0.5343099485171801,0.3383653029237118
ACAGTTGTCGCTAGGT_E15S,E15S,Hypoxic Tumor,exiting_hypoxia,0.3732694032787724,-0.9652002540901984,-0.4789115968235537,0.916733980178833,0.916733980178833,0.8569073034998768,0.3732694032787724,-0.9652002540901984,Hypoxic,0.9854662671294436,0.14871355033836614,0.322850273989259,0.5284361756723748
ATCCACTTCGCGCTGA_E15S,E15S,Hypoxic Tumor,reverted_stable,-1.2327319577960691,-1.139062724814008,-0.7298916473025285,0.91730397939682,0.91730397939682,0.7027379176792586,-1.2327319577960691,-1.139062724814008,Oxygenated,1.092704940680211,0.38473287329558337,0.3021048264389825,0.3131623002654341
ATCAGGCTCGTGACTA_E15S,E15S,Hypoxic Tumor,exiting_hypoxia,0.7439176197092248,-0.9089279934940224,-0.4905550151490822,0.914451777935028,0.914451777935028,0.7877825460050333,0.7439176197092248,-0.9089279934940224,Hypoxic,0.8638152357637958,0.07954824459913966,0.30720733434655667,0.6132444210543037
TATCTTGTCCCGCTAC_E15S,E15S,Hypoxic Tumor,exiting_hypoxia,0.8555761338575808,-1.1976562388133665,2.378658310234708,0.930671751499176,0.930671751499176,0.4043824405356033,0.8555761338575808,-1.1976562388133665,Hypoxic,0.758817089271534,0.04839364474838907,0.267299829581098,0.684306525670513
ACGCGGTCAGGATGAA_E15S,E15S,Hypoxic Tumor,reverted_stable,-1.4454022924255665,-0.4248395833128976,-0.0606684322817762,0.9234211444854736,0.9234211444854736,0.5594455576094488,-1.4454022924255665,-0.4248395833128976,Oxygenated,1.0516489153198643,0.4677377586177104,0.3131509269312505,0.21911131445103912
CATTAGTAGTAGCCCG_E15S,E15S,Hypoxic Tumor,exiting_hypoxia,1.167711981353633,-1.8496564061743568,0.2694580405024375,0.8151925206184387,0.8151925206184387,0.9867548748855384,1.167711981353633,-1.8496564061743568,Hypoxic,0.48621577365513335,0.008165505986359333,0.1603554475683556,0.831479046445285
ACAACAGGTTCGCTAG_E15S,E15S,Hypoxic Tumor,reverted_stable,-1.247548599621015,-0.8012101862866963,0.6715032800212937,0.913114607334137,0.913114607334137,0.8327295522142473,-1.247548599621015,-0.8012101862866963,Oxygenated,1.0704247173247792,0.4441407740911856,0.300042119016173,0.2558171068926414
CTACCGCTCCGCACCT_E15S,E15S,Hypoxic Tumor,exiting_hypoxia,0.7714950314811381,-2.029238146666275,1.8397629483377285,0.9178839325904846,0.9178839325904846,0.8438146384155691,0.7714950314811381,-2.029238146666275,Hypoxic,0.5473972475322558,0.015770145246545065,0.17871808537793413,0.8055117693755207
GTCCCTTGTTGTGCTG_E15S,E15S,Hypoxic Tumor,transitional,0.2223479893859297,-0.2796163141536224,-0.6335774943996848,0.9139544367790222,0.9139544367790222,0.8391380588914154,0.2223479893859297,-0.2796163141536224,Hypoxic,1.0712963972273288,0.22799744172516787,0.370038913951823,0.4019636443230092
TGTCAGGCATCGGCTT_E15S,E15S,Hypoxic Tumor,exiting_hypoxia,-0.1432388572016371,-0.5245284140649902,1.2702092346534744,0.9471995830535888,0.9471995830535888,0.4689015345226406,-0.1432388572016371,-0.5245284140649902,Hypoxic,1.0982688108328063,0.32116687752691564,0.33773364704521913,0.34109947542786523
GTAGCCACAACGTGGC_E15S,E15S,Hypoxic Tumor,reverted_posthypoxic,-0.4335456434622102,-0.2200117693153188,0.1745860033780496,0.9345200657844543,0.9345200657844543,0.3885438879274906,-0.4335456434622102,-0.2200117693153188,Oxygenated,1.0867533498105157,0.39368872273211747,0.3374116092004876,0.26889966806739485
ATGAACCCATGAGTTA_E15S,E15S,Hypoxic Tumor,exiting_hypoxia,-0.2167571695053188,-0.7450534856681271,0.5813866224257935,0.9148509502410888,0.9148509502410888,0.8209461456628163,-0.2167571695053188,-0.7450534856681271,Hypoxic,1.0976615555112779,0.321155317158193,0.32497698640194134,0.35386769643986576
CAGGGATGTTTGGAAG_E15S,E15S,Tumor,transitional,-0.2401905559602184,0.1295792686383554,0.0090647491071362,0.9501356482505798,0.9501356482505798,0.1979079145342465,-0.2401905559602184,0.1295792686383554,Ridge,1.092704260588921,0.32921843907592374,0.37969591225465676,0.2910856486694195
CGCCACTTCTATGGTG_E15S,E15S,Tumor,reverted_stable,-1.1648060231249926,-2.337705011986537,0.5768092906402934,0.9393130540847778,0.9393130540847778,0.4202259539965026,-1.1648060231249926,-2.337705011986537,Hypoxic,0.8145448187304831,0.07869011345995743,0.25039411369595616,0.6709157728440864
AAACGTCCACCTATAT_E15S,E15S,Hypoxic Tumor,entering_deep_hypoxia,1.9820756436751945,1.180827764994156,0.3464166773929573,0.9275452494621276,0.9275452494621276,0.5916251936691167,1.9820756436751945,1.180827764994156,Hypoxic,0.55352030136144,0.00094485961409921,0.23585070283769924,0.7632044375482016
AGGTAACAGCCGCAAT_E15S,E15S,Hypoxic Tumor,entering_hypoxia,-0.9911903287122802,0.777485402708023,-0.403520555761155,0.920959174633026,0.920959174633026,0.5970327252824669,-0.9911903287122802,0.777485402708023,Ridge,1.0680541697490606,0.3174297396834001,0.4416966196814938,0.24087364063510602
CTGTCCATCCCCATAT_E15S,E15S,Hypoxic Tumor,reverted_stable,-1.121387115103298,-1.1723724268715356,-0.6825819475142028,0.9133536219596864,0.9133536219596864,0.9027054910423084,-1.121387115103298,-1.1723724268715356,Oxygenated,1.0942407079743868,0.37569550007900604,0.3008173870273648,0.323487112893629
TACCTGTTCTCACCTG_E15S,E15S,Hypoxic Tumor,exiting_hypoxia,0.8617612270773595,-1.5870327171145864,1.3053288445423192,0.8924463391304016,0.8924463391304016,0.7883204073847302,0.8617612270773595,-1.5870327171145864,Hypoxic,0.6529943026899885,0.02867407378082029,0.22264392270457936,0.7486820035146005
TCGCGCAAGGTCACGT_E15S,E15S,Hypoxic Tumor,reverted_stable,-1.0059729760355172,-1.0799265349008913,-0.5351151975665854,0.9127312302589417,0.9127312302589417,0.8139413853542673,-1.0059729760355172,-1.0799265349008913,Oxygenated,1.091331970171779,0.3905590747082097,0.29926152165343195,0.31017940363835844
CGTTGTCCACTTCGGT_E15S,E15S,Hypoxic Tumor,reverted_stable,-0.5758002181061411,-1.6226695373650302,0.2910508834872664,0.8378248810768127,0.8378248810768127,0.9815627160351093,-0.5758002181061411,-1.6226695373650302,Hypoxic,1.0389353008044204,0.21362114776102847,0.2948546753986405,0.4915241768403311
ATGACGGAGCCAGTTA_E15S,E15S,Hypoxic Tumor,exiting_hypoxia,0.0569683055045059,-0.9701120785244646,1.4390679903069183,0.9145019054412842,0.9145019054412842,0.9341963523383704,0.0569683055045059,-0.9701120785244646,Hypoxic,1.0598062914531332,0.2246398607753852,0.3244757851434288,0.45088435408118605
TAGGGTTCATCATCAT_E15S,E15S,Hypoxic Tumor,reverted_stable,-1.3828572075482994,-1.0962729624594152,1.5629110674595512,0.9478742480278016,0.9478742480278016,0.5165076507935502,-1.3828572075482994,-1.0962729624594152,Oxygenated,1.0913200944428132,0.3909870028679874,0.30547586897716167,0.3035371281548509
TGATGGCTCCCGCATC_E15S,E15S,Hypoxic Tumor,transitional,-0.0301180648351691,-0.3520521489422906,0.252193608107848,0.9282577633857728,0.9282577633857728,0.6167431594546948,-0.0301180648351691,-0.3520521489422906,Ridge,1.0956264719302473,0.29735185267839925,0.3536888631841565,0.34895928413744437
CCCAAATGTTAACTGC_E15S,E15S,Hypoxic Tumor,exiting_hypoxia,0.2985117275847776,-1.1335781048190516,-0.5038582773388348,0.9162658452987672,0.9162658452987672,0.8768948239445349,0.2985117275847776,-1.1335781048190516,Hypoxic,0.976750679777185,0.14628613655884373,0.3121417850866859,0.5415720783544703
AAAGGTTGTGATCAGA_E15S,E15S,Hypoxic Tumor,entering_hypoxia,-0.944729929369634,2.328048942237147,-0.7083500290122053,0.9111783504486084,0.9111783504486084,0.8914336905112002,-0.944729929369634,2.328048942237147,Ridge,0.7617556270954849,0.02137244597204728,0.5876821405908325,0.39094541343712025
GCGTGAGGTTGAAGGC_E15S,E15S,Hypoxic Tumor,exiting_hypoxia,0.5126546536566642,-1.3974214758510168,0.4505365359970404,0.853450357913971,0.853450357913971,0.9904000881387794,0.5126546536566642,-1.3974214758510168,Hypoxic,0.8371160725546549,0.07805149390488829,0.2765210497125496,0.6454274563825622
CCACCTATCGTTCCTG_E15S,E15S,Hypoxic Tumor,persistent_hypoxia,0.7198827089842178,0.2395799159843726,1.0868888036908178,0.913868248462677,0.913868248462677,0.8667264988950248,0.7198827089842178,0.2395799159843726,Hypoxic,0.9315508906057814,0.0922549002920024,0.4045335526602047,0.5032115470477929
GTACGTTGTAATCCTA_E15S,E15S,Hypoxic Tumor,entering_deep_hypoxia,2.3488398370688413,1.6867621944972613,-0.9108841229289548,0.8880417943000793,0.8880417943000793,0.7747225138643257,2.3488398370688413,1.6867621944972613,Hypoxic,0.45134123302436835,8.503729132872119e-05,0.16661291807923123,0.83330204462944
CTTGCAGGTTTAGGAG_E15S,E15S,Hypoxic Tumor,exiting_hypoxia,-0.0293014064016606,-1.360079649636806,0.6675907756571451,0.8766019344329834,0.8766019344329834,0.9029045512020494,-0.0293014064016606,-1.360079649636806,Hypoxic,1.0121079630906724,0.18049146024981336,0.303124747757418,0.5163837919927687
GCTTCCATCATCGTTC_E15S,E15S,Hypoxic Tumor,entering_hypoxia,-1.3321470888592537,0.8130278114112535,1.1104600385851358,0.9247669577598572,0.9247669577598572,0.5610337060395273,-1.3321470888592537,0.8130278114112535,Ridge,1.0621575093904418,0.31239969108764404,0.4532507070165453,0.23434960189581067
AGTGCGGGTGATGGCG_E15S,E15S,Hypoxic Tumor,reverted_stable,-0.7380035902925177,-0.985470079481904,-0.2287852727502534,0.9135816693305968,0.9135816693305968,0.8950911452293085,-0.7380035902925177,-0.985470079481904,Oxygenated,1.092879187790131,0.3838130196221653,0.30178824965905915,0.31439873071877555
GGACCTTAGTGAGCCT_E15S,E15S,Hypoxic Tumor,reverted_stable,-1.1765370133073887,-0.5499496326205676,0.2854607884087391,0.8787750601768494,0.8787750601768494,0.9290493007451632,-1.1765370133073887,-0.5499496326205676,Oxygenated,1.0547796766944624,0.46825662468194146,0.3020099545273033,0.22973342079075534
CTCAACGGTTCACGAT_E15S,E15S,Hypoxic Tumor,exiting_hypoxia,1.4571569970842124,-1.870486927837646,1.145113885408758,0.8979876637458801,0.8979876637458801,0.902498587434756,1.4571569970842124,-1.870486927837646,Hypoxic,0.40673168576983887,0.003272726903285969,0.12937220507791042,0.8673550680188036
GTAGCGCCACCATGTC_E15S,E15S,Hypoxic Tumor,persistent_hypoxia,1.4642141549973495,-0.2676691355411007,-0.6652598163480238,0.9149986505508424,0.9149986505508424,0.8868777876870106,1.4642141549973495,-0.2676691355411007,Hypoxic,0.6659882941561421,0.016273809550782316,0.27494122841432217,0.7087849620348955
ATGGGTAGTGATTGCT_E15S,E15S,Hypoxic Tumor,exiting_hypoxia,0.144799741491121,-1.001987751696936,0.4216447471421543,0.9300399422645568,0.9300399422645568,0.841684263435957,0.144799741491121,-1.001987751696936,Hypoxic,1.0390036324290854,0.1987086179177091,0.32332493737064655,0.4779664447116444
GCCACTTCATCAAGTA_E15S,E15S,Hypoxic Tumor,entering_hypoxia,-1.414540733753406,0.4100448165923157,0.7549340093507618,0.8391390442848206,0.8391390442848206,0.9294328349178952,-1.414540733753406,0.4100448165923157,Oxygenated,1.0620274990099552,0.400286671204,0.38881037490906684,0.21090295388693317
AAGTCCATCATGTCTC_E15S,E15S,Hypoxic Tumor,exiting_hypoxia,0.0087268621416709,-1.3903776133292287,0.3795571986945359,0.8761053681373596,0.8761053681373596,0.9711905654439572,0.0087268621416709,-1.3903776133292287,Hypoxic,0.9963062429821432,0.16746544520625206,0.30052976281662047,0.5320047919771275
GGTGTCCGTCTGTGTG_E15S,E15S,Hypoxic Tumor,reverted_stable,-1.3780750432193931,-1.0981157435344058,1.4451068004436156,0.930246353149414,0.930246353149414,0.8040857492615743,-1.3780750432193931,-1.0981157435344058,Oxygenated,1.091371678101926,0.39078554803737625,0.3053429661694124,0.30387148579321127
CTCGCTATCACAGGTC_E15S,E15S,Hypoxic Tumor,reverted_posthypoxic,-1.7185447792671242,-0.2073346124393698,0.9455783565122766,0.9301164746284484,0.9301164746284484,0.6783932272060205,-1.7185447792671242,-0.2073346124393698,Oxygenated,1.0594779782778674,0.4416803909630632,0.3410792024472143,0.21724040658972232
AACGCCACACTCATAT_E15S,E15S,Hypoxic Tumor,reverted_stable,-1.4573470494685887,-1.0191419416564451,0.6562823339495683,0.9324547648429872,0.9324547648429872,0.7902059144360559,-1.4573470494685887,-1.0191419416564451,Oxygenated,1.087884292239091,0.40260621102109684,0.30736846010587576,0.29002532887302734
TCCTTCTCACTCGGTT_E15S,E15S,Hypoxic Tumor,reverted_stable,-1.1001823127233807,-1.1570899536972714,-0.1871911985906802,0.912302017211914,0.912302017211914,0.8263705336124642,-1.1001823127233807,-1.1570899536972714,Oxygenated,1.0937816782622596,0.37845393037555425,0.30044343180499183,0.32110263781945403
TACAGTTAGCCCGTCT_E15S,E15S,Hypoxic Tumor,exiting_hypoxia,0.2782225644144456,-0.701735215677537,-0.5073546661814418,0.9138771295547484,0.9138771295547484,0.7809502391991391,0.2782225644144456,-0.701735215677537,Hypoxic,1.043221826575525,0.19599574688224353,0.3423900290819648,0.4616142240357916
CGTGGTTAGCGGGAAC_E15S,E15S,Hypoxic Tumor,entering_hypoxia,-1.2712490294571237,1.2961738734535395,-0.3511954010522121,0.9130052924156188,0.9130052924156188,0.921897577447806,-1.2712490294571237,1.2961738734535395,Ridge,1.0017900611594315,0.1851099403126503,0.5372796878589041,0.27761037182844567
ACAACCATCACCCTTG_E15S,E15S,Tumor Proliferating,reverted_stable,-1.5489305142158427,-1.2789810739895386,1.6530084557797724,0.9315302968025208,0.9315302968025208,0.2914346769509286,-1.5489305142158427,-1.2789810739895386,Hypoxic,1.0977076040777842,0.3400724021122723,0.3136911024083684,0.34623649547935936
GTTAAGCCAGTAATTG_E15S,E15S,Hypoxic Tumor,exiting_hypoxia,0.079868551888964,-0.8127914510604894,0.3137914971721909,0.9255600571632384,0.9255600571632384,0.8483327943573636,0.079868551888964,-0.8127914510604894,Hypoxic,1.0709185147276186,0.23809417754056114,0.33293944603068987,0.428966376428749
GCGGTAGGTTGCACTG_E15S,E15S,Hypoxic Tumor,entering_hypoxia,-1.2390262268385457,0.7853633848977079,-0.4396558725770928,0.9276041984558104,0.9276041984558104,0.56698187523753,-1.2390262268385457,0.7853633848977079,Ridge,1.0645382246747994,0.32097337156533984,0.44562770401880825,0.23339892441585194
GGACATTCATTCCTTC_E15S,E15S,Hypoxic Tumor,exiting_hypoxia,0.0444346946151405,-0.448393127732596,0.6999601145600206,0.902830958366394,0.902830958366394,0.8303368075165328,0.0444346946151405,-0.448393127732596,Hypoxic,1.09023487938742,0.2745607444654679,0.351553881764516,0.37388537377001607
GGGTAATAGGTTAATC_E15S,E15S,Hypoxic Tumor,exiting_hypoxia,1.272622719068444,-2.114223504173264,0.8797605507668128,0.9059206247329712,0.9059206247329712,0.8722653923374066,1.272622719068444,-2.114223504173264,Hypoxic,0.39639074595835827,0.003436645821848189,0.12353881299627092,0.8730245411818808
TCGATTTCATAACCTT_E15S,E15S,Hypoxic Tumor,reverted_stable,-1.0823421120837675,-0.4971485534941199,-0.18070818962223,0.915030837059021,0.915030837059021,0.7607883606766492,-1.0823421120837675,-0.4971485534941199,Oxygenated,1.0541345573812155,0.46882570421778413,0.30286504214872373,0.22830925363349217
GCTTTGAAGGTTCGCG_E15S,E15S,Hypoxic Tumor,reverted_posthypoxic,-0.926889444087064,0.3878209346238475,-0.1602664889913915,0.9137626886367798,0.9137626886367798,0.6529056974900468,-0.926889444087064,0.3878209346238475,Oxygenated,1.0683294535983612,0.3988692288158683,0.37934775829529904,0.22178301288883268
CGTTATGAGCCACACG_E15S,E15S,Hypoxic Tumor,reverted_stable,-1.3492675494507256,-1.5647152225873255,1.0321566790662378,0.9110088348388672,0.9110088348388672,0.699258318048132,-1.3492675494507256,-1.5647152225873255,Hypoxic,1.0816094780808934,0.27362777887455914,0.30706412813178885,0.4193080929936519
GTAGATGGTGGACCCT_E15S,E15S,Hypoxic Tumor,exiting_hypoxia,-0.0478272280564131,-0.5508795356575823,-0.1436289163031582,0.9194660782814026,0.9194660782814026,0.651819010151955,-0.0478272280564131,-0.5508795356575823,Hypoxic,1.0948174676680245,0.294669798335564,0.3413932765386238,0.36393692512581227
CTTGCGGAGCCCTGAG_E15S,E15S,Hypoxic Tumor,exiting_hypoxia,-0.3571643910273798,-1.3953543549665903,1.400270449661038,0.9161476492881776,0.9161476492881776,0.8358194640622558,-0.3571643910273798,-1.3953543549665903,Hypoxic,1.0594443788810075,0.23604612923520057,0.30271467290081316,0.46123919786398637
GTTGCCTCATCCTATG_E15S,E15S,Hypoxic Tumor,transitional,-0.1763702439507974,-0.0841342455470478,0.5782293607952377,0.8543213605880737,0.8543213605880737,0.9201299841464554,-0.1763702439507974,-0.0841342455470478,Ridge,1.0960232189069876,0.3305101102172735,0.364063265023824,0.3054266247589024
ATGGAGTAGCGCCATG_E15S,E15S,Hypoxic Tumor,exiting_hypoxia,1.178028194382076,-1.3787527411735454,2.274356112589188,0.9478546977043152,0.9478546977043152,0.3651128056154243,1.178028194382076,-1.3787527411735454,Hypoxic,0.5972572917256608,0.017192934268831533,0.2103760975318196,0.772430968199349
GGAGTATAGCCTGTGG_E15S,E15S,Hypoxic Tumor,entering_hypoxia,-1.12016697273694,0.6867242905534412,-0.6373473200870985,0.914450705051422,0.914450705051422,0.7760235447712229,-1.12016697273694,0.6867242905534412,Ridge,1.068317839536187,0.3444765940249072,0.4261851593086159,0.22933824666647687
CAATATCAGCGCTATA_E15S,E15S,Hypoxic Tumor,exiting_hypoxia,0.0553759810354641,-1.4678615258796326,-0.7206434179502642,0.908649444580078,0.908649444580078,0.7964628818929039,0.0553759810354641,-1.4678615258796326,Hypoxic,0.9641073938332732,0.145083187203612,0.2937091071145517,0.5612077056818363
TCAGTAACAGCCATGA_E15S,E15S,Hypoxic Tumor,transitional,0.025842479990693,-0.397881544990268,0.2024582179996772,0.8475584387779236,0.8475584387779236,0.9301516807304409,0.025842479990693,-0.397881544990268,Hypoxic,1.092229911126311,0.28120471099437605,0.35375670555767297,0.3650385834479511
GGACAATAGGGTCACT_E15S,E15S,Hypoxic Tumor,reverted_posthypoxic,-1.004164842646779,-0.3691651142855509,-0.0397954874671467,0.9215049147605896,0.9215049147605896,0.5872733416156328,-1.004164842646779,-0.3691651142855509,Oxygenated,1.0523992560714435,0.4690971485665756,0.3079412998970732,0.22296155153635128
TCACACAAGGTTGCTA_E15S,E15S,Hypoxic Tumor,persistent_hypoxia,2.112680984201732,-0.2694506868120916,0.4850112222106894,0.8906035423278809,0.8906035423278809,0.946048131224004,2.112680984201732,-0.2694506868120916,Hypoxic,0.47102755556884646,0.0016874237165525826,0.17190034468277768,0.8264122316006699
