barcode,sample_id,slide,gfp_status,celltype,lineage,hypoxia_dynamics,hypoxia_score,v_hypoxia,prolif_score,hypoxia_latent_time,velocity_pseudotime,is_tumor,cohort,h,v,attractor,membership_entropy,pi_norm,pi_saddle,pi_hyp
CGCATATGTCCATCCT,edge_gfp_plus,edge,GFP+,Tumor,Tumor,entering_deep_hypoxia,0.9168348466854898,1.7105550948120505,-0.3532028746663287,0.0770354866981506,0.9229645133018494,True,E28S,0.9168348466854898,1.7105550948120505,Hypoxic,0.8537487445904721,0.08084052546729903,0.2898643918815034,0.6292950826511976
CCCATCTGTTCGAGCC,edge_gfp_plus,edge,GFP+,Tumor_proliferating,Tumor,persistent_hypoxia,0.7844683785484663,-0.0294521700488081,1.4329913890771049,0.5882453918457031,0.4117546081542969,True,E28S,0.7844683785484663,-0.0294521700488081,Saddle / ICS,0.9680140365104939,0.11557926587926216,0.4788733053042233,0.4055474288165146
GTCCGTAGTGAACCAA,edge_gfp_plus,edge,GFP+,Tumor_proliferating,Tumor,entering_deep_hypoxia,0.2956002034704216,1.1900075521615368,0.908917614844196,0.3935301303863525,0.6064698696136475,True,E28S,0.2956002034704216,1.1900075521615368,Saddle / ICS,1.0921169139006537,0.2939033740918922,0.38514352695853943,0.32095309894956847
AATGTCCGTTGCTCCT,edge_gfp_plus,edge,GFP+,Tumor_proliferating,Tumor,persistent_hypoxia,0.6257919027719847,0.0263899655093333,0.0197908051033121,0.5630508661270142,0.4369491338729858,True,E28S,0.6257919027719847,0.0263899655093333,Saddle / ICS,1.0088114129149213,0.15677473695219293,0.4862558657885386,0.3569693972592685
CACGCTAGTTGGCTTG,edge_gfp_plus,edge,GFP+,Tumor_proliferating,Tumor,transitional,-0.1835347359793051,0.1873283546355914,1.0755768680487996,0.5719607770442963,0.4280392229557037,True,E28S,-0.1835347359793051,0.1873283546355914,Normoxic,1.0436564209265826,0.4290327981424784,0.3846128253109225,0.18635437654659906
TAACTTGGTTGAAGGC,edge_gfp_plus,edge,GFP+,Tumor_proliferating,Tumor,persistent_hypoxia,2.107217386413532,-0.037072634644276,-0.1227921731261983,0.5220970511436462,0.4779029488563537,True,E28S,2.107217386413532,-0.037072634644276,Hypoxic,0.45607610285626543,0.0029510449293757373,0.15806448598911094,0.8389844690815134
AGTGTGAGTTCTGTAA,edge_gfp_plus,edge,GFP+,Tumor_proliferating,Tumor,persistent_hypoxia,2.3087543080095685,0.0684461650095019,0.1024506373772505,0.5024402439594269,0.4975597560405731,True,E28S,2.3087543080095685,0.0684461650095019,Hypoxic,0.366035111035951,0.0014385483339863108,0.11427368410778165,0.884287767558232
ACCGAAAGTTCCCGAA,edge_gfp_plus,edge,GFP+,Tumor_proliferating,Tumor,normoxic_stable,-0.6168086858661898,-0.0365340706540821,-0.1430392877856675,0.6063649356365204,0.3936350643634796,True,E28S,-0.6168086858661898,-0.0365340706540821,Normoxic,0.9900524310260764,0.5271640102482403,0.31886222306736955,0.15397376668439008
GGCTGAGGTTCCTCGT,edge_gfp_plus,edge,GFP+,Tumor_proliferating,Tumor,normoxic_stable,-0.6013512019356814,0.1960899938578417,-0.1585662903136454,0.5512923896312714,0.4487076103687286,True,E28S,-0.6013512019356814,0.1960899938578417,Normoxic,0.9666281592112425,0.5547569243387551,0.30225890232728964,0.14298417333395527
CCTCGTTGTGATTGCT,edge_gfp_plus,edge,GFP+,Tumor_proliferating,Tumor,transitional,-0.1169687880912898,-0.100668058706828,-0.0185335626087537,0.5841297805309296,0.4158702194690704,True,E28S,-0.1169687880912898,-0.100668058706828,Saddle / ICS,1.0616323548938267,0.3679372824915159,0.4192356084805701,0.212827109027914
TGCTATAGTTAAGTCC,edge_gfp_plus,edge,GFP+,Tumor_proliferating,Tumor,normoxic_stable,-0.6862035227746709,0.3603556447499463,0.1441750257161934,0.6038220226764679,0.3961779773235321,True,E28S,-0.6862035227746709,0.3603556447499463,Normoxic,0.9323856998549578,0.5932041103508896,0.2743173988922156,0.1324784907568948
AGAGTTGGTTAGTTCA,edge_gfp_plus,edge,GFP+,Tumor,Tumor,entering_hypoxia,-0.985329801293202,1.9642127788455144,-0.2191471475320624,0.044570505619049,0.9554294943809508,True,E28S,-0.985329801293202,1.9642127788455144,Normoxic,0.9789111448590921,0.5599252466432721,0.1687325893157135,0.27134216404101424
GCCGTACGTTCGTTGG,edge_gfp_plus,edge,GFP+,Tumor_proliferating,Tumor,persistent_hypoxia,0.9531642732061488,-0.0294521700488081,1.4329913890771049,0.5882588028907776,0.4117411971092224,True,E28S,0.9531642732061488,-0.0294521700488081,Saddle / ICS,0.922018614617431,0.08321520741142054,0.45900460498480194,0.4577801876037775
CTTCTATGTTGAATGG,edge_gfp_plus,edge,GFP+,Tumor_proliferating,Tumor,exiting_hypoxia,0.1681944504565865,-0.724644185637379,3.839859385117732,0.5562677681446075,0.4437322318553924,True,E28S,0.1681944504565865,-0.724644185637379,Saddle / ICS,1.0300044276362277,0.17938075893236946,0.4718288838660111,0.34879035720161955
TGGACAAGTGGAGCCA,edge_gfp_plus,edge,GFP+,Tumor_proliferating,Tumor,normoxic_stable,-0.5790838474806183,0.1590171735149589,0.0340159992644953,0.5683664977550507,0.4316335022449493,True,E28S,-0.5790838474806183,0.1590171735149589,Normoxic,0.9750923623144798,0.5443833943256567,0.30944955379715605,0.14616705187718715
CAAATCCGTAGTCATC,edge_gfp_plus,edge,GFP+,Tumor_proliferating,Tumor,transitional,-0.5133061981831349,-0.113946750383832,0.370909863531251,0.607893168926239,0.392106831073761,True,E28S,-0.5133061981831349,-0.113946750383832,Normoxic,1.0175061953524227,0.4864574437629115,0.3454065273670801,0.16813602887000853
CTCTATTGTCAGGAGT,edge_gfp_plus,edge,GFP+,Tumor_proliferating,Tumor,entering_hypoxia,0.032482408275291,0.6151229784366284,0.2928252682645918,0.584624707698822,0.415375292301178,True,E28S,0.032482408275291,0.6151229784366284,Saddle / ICS,1.0653309733554313,0.39058306362564466,0.39323288441836085,0.21618405195599458
ACCCCTTGTGCACCGT,edge_gfp_plus,edge,GFP+,Tumor,Tumor,entering_hypoxia,-1.0675992427313656,2.003541092313957,-0.2423266841575841,0.0450533032417297,0.9549466967582704,True,E28S,-1.0675992427313656,2.003541092313957,Normoxic,0.9714751730833464,0.56321264394228,0.15889424410629172,0.27789311195142824
AGCTAAGGTAAGTGTG,edge_gfp_plus,edge,GFP+,Tumor,Tumor,entering_hypoxia,-1.1768242809522838,2.0151817467150672,-0.2930753660137036,0.0451443195343017,0.9548556804656982,True,E28S,-1.1768242809522838,2.0151817467150672,Normoxic,0.9560435830314344,0.575608040621929,0.14789828838133148,0.2764936709967393
CTGGTCAGTAGTTACC,edge_gfp_plus,edge,GFP+,Tumor_proliferating,Tumor,normoxic_stable,-0.8179511151488437,-0.1145951200835919,-0.2002543467902493,0.5955280661582947,0.4044719338417053,True,E28S,-0.8179511151488437,-0.1145951200835919,Normoxic,0.9635513095392048,0.5639667402269348,0.28912889085378346,0.14690436891928163
GTGAAATGTAGGCTGG,edge_gfp_plus,edge,GFP+,Tumor_proliferating,Tumor,persistent_hypoxia,0.3634173081873187,0.0605890506859786,-0.2070427422649449,0.5941256284713745,0.4058743715286255,True,E28S,0.3634173081873187,0.0605890506859786,Saddle / ICS,1.0523175560305396,0.2343140193698197,0.4759097667403432,0.28977621388983715
TCCCGTTGTTCGAATC,edge_gfp_plus,edge,GFP+,Tumor,Tumor,entering_hypoxia,-0.8183648669188761,1.9642127788455144,-0.2191471475320624,0.044570505619049,0.9554294943809508,True,E28S,-0.8183648669188761,1.9642127788455144,Normoxic,1.008838685935728,0.5274546052209292,0.1870176777663471,0.28552771701272356
ACATGAGGTTTGCGTG,edge_gfp_plus,edge,GFP+,Tumor_proliferating,Tumor,transitional,-0.1188910096262915,0.0155555177097964,0.2218656466218845,0.6175624132156372,0.3824375867843628,True,E28S,-0.1188910096262915,0.0155555177097964,Saddle / ICS,1.0573105461005539,0.3857164861447074,0.41021664094226795,0.2040668729130247
GTAGCGGGTCTAGTGT,edge_gfp_plus,edge,GFP+,Tumor_proliferating,Tumor,normoxic_stable,-1.081400970074381,0.3201377732516657,-0.2894877292860158,0.6317411959171295,0.3682588040828705,True,E28S,-1.081400970074381,0.3201377732516657,Normoxic,0.8475166470693737,0.6703940005473316,0.21389513022031234,0.115710869232356
AGCGAACGTTTGAGAG,edge_gfp_plus,edge,GFP+,Tumor_proliferating,Tumor,entering_hypoxia,-0.1806165759553017,0.4747272733154101,0.0904603047789079,0.5505072176456451,0.4494927823543548,True,E28S,-0.1806165759553017,0.4747272733154101,Normoxic,1.035602080983039,0.45546085115011603,0.36328430160654573,0.1812548472433383
TGAATCCGTTGTGCTG,edge_gfp_plus,edge,GFP+,Tumor_proliferating,Tumor,exiting_hypoxia,-0.504384490680919,-0.8465309271212876,3.729944134105724,0.5667948126792908,0.4332051873207092,True,E28S,-0.504384490680919,-0.8465309271212876,Saddle / ICS,1.0872935429639188,0.32188437620631766,0.40002364171296373,0.2780919820807186
GCGTTATGTTCGCACA,edge_gfp_plus,edge,GFP+,Tumor_proliferating,Tumor,transitional,-0.2998258462096725,0.0778863849503818,0.0556798970960227,0.5837898254394531,0.4162101745605469,True,E28S,-0.2998258462096725,0.0778863849503818,Normoxic,1.0332138815141518,0.45233613000851636,0.3706651255290588,0.17699874446242492
AGTGCTTGTAACGGTA,edge_gfp_plus,edge,GFP+,Tumor_proliferating,Tumor,entering_deep_hypoxia,0.4588338305698263,1.0916157880185722,0.1597445949295012,0.5971265435218811,0.4028734564781189,True,E28S,0.4588338305698263,1.0916157880185722,Saddle / ICS,1.0764423988357594,0.24150472170988535,0.4075536999501462,0.35094157833996836
GCGACAGGTTTGCACG,edge_gfp_plus,edge,GFP+,Tumor_proliferating,Tumor,normoxic_stable,-0.6363867892936633,0.4183377931011145,-0.270976924806097,0.5904523432254791,0.4095476567745209,True,E28S,-0.6363867892936633,0.4183377931011145,Normoxic,0.9399101432118984,0.5857188659839001,0.2792370714240545,0.13504406259204524
TACGCTGGTATAGCAG,edge_gfp_plus,edge,GFP+,Tumor_proliferating,Tumor,persistent_hypoxia,0.1877835773718998,-0.275620055522653,-0.2324819377566462,0.6347814798355103,0.3652185201644897,True,E28S,0.1877835773718998,-0.275620055522653,Saddle / ICS,1.0559347522028333,0.2457136240903939,0.4726931320756229,0.2815932438339831
AGAGTATGTAACGCAA,edge_gfp_plus,edge,GFP+,Tumor_proliferating,Tumor,entering_deep_hypoxia,0.0797003343406941,0.5844328519202834,0.9938757994617226,0.5747671127319336,0.4252328872680664,True,E28S,0.0797003343406941,0.5844328519202834,Saddle / ICS,1.0691388509844404,0.3723826176463824,0.4036832239015172,0.22393415845210038
CGAGCAGGTAGTCATC,edge_gfp_plus,edge,GFP+,Tumor_proliferating,Tumor,entering_deep_hypoxia,1.0405895918435697,0.8532349282992537,1.2057141183912,0.3857367634773254,0.6142632365226746,True,E28S,1.0405895918435697,0.8532349282992537,Hypoxic,0.9246034172398188,0.08833563368280138,0.40366093345181553,0.5080034328653831
AGAAGGGGTTGGGTAA,edge_gfp_plus,edge,GFP+,Tumor_proliferating,Tumor,normoxic_stable,-0.8754953375661286,-0.0482543334448361,-0.0010897372864543,0.6061586439609528,0.3938413560390472,True,E28S,-0.8754953375661286,-0.0482543334448361,Normoxic,0.9416878828333928,0.5872913722490425,0.2734374127533795,0.13927121499757805
ACCGATTGTCCCGTAA,edge_gfp_plus,edge,GFP+,Tumor_proliferating,Tumor,exiting_hypoxia,1.9219671079757332,-1.0616288325081236,4.224808249633691,0.5671665370464325,0.4328334629535675,True,E28S,1.9219671079757332,-1.0616288325081236,Hypoxic,0.40117215698334324,0.0016506971797773302,0.1314746767671562,0.8668746260530664
CAGGATAGTAAGCGTA,edge_gfp_plus,edge,GFP+,Tumor,Tumor,entering_hypoxia,-1.053525562701713,1.970980287005553,-0.2698958228848779,0.0448881387710571,0.9551118612289428,True,E28S,-1.053525562701713,1.970980287005553,Normoxic,0.9681777466538798,0.5695892342374641,0.16141081588247602,0.26899994988006004
ATGAGGCGTTCCGCAA,edge_gfp_plus,edge,GFP+,Tumor_proliferating,Tumor,entering_hypoxia,-0.7476121864879501,0.8726374500155928,0.1313707184026373,0.5948507487773895,0.4051492512226105,True,E28S,-0.7476121864879501,0.8726374500155928,Normoxic,0.8995601196824585,0.631596360998746,0.23447860457480862,0.13392503442644535
TAATGGGGTGAGGCAT,edge_gfp_plus,edge,GFP+,Tumor_proliferating,Tumor,entering_deep_hypoxia,0.1783090947540719,1.0005750926559214,0.335974617213086,0.4957647919654846,0.5042352080345154,True,E28S,0.1783090947540719,1.0005750926559214,Saddle / ICS,1.087574684684425,0.3432563002271528,0.3878066605027935,0.2689370392700537
CATGTTAGTTTCGAGT,edge_gfp_plus,edge,GFP+,Tumor_proliferating,Tumor,entering_deep_hypoxia,0.8163494169267698,0.5913018891405883,0.070655098352988,0.5854483246803284,0.4145516753196716,True,E28S,0.8163494169267698,0.5913018891405883,Saddle / ICS,0.9957119713681458,0.1361907120325723,0.4529183897361857,0.4108908982312421
ATCCACGGTTCAAGCT,edge_gfp_plus,edge,GFP+,Tumor_proliferating,Tumor,persistent_hypoxia,0.4197092990904879,0.0561944091088842,0.2884740941399669,0.5547888278961182,0.4452111721038818,True,E28S,0.4197092990904879,0.0561944091088842,Saddle / ICS,1.0454558921557764,0.21677176365018042,0.4802324109547184,0.3029958253951013
TAATGGGGTAAGTCGA,edge_gfp_plus,edge,GFP+,Tumor_proliferating,Tumor,entering_hypoxia,-0.2283568266332509,0.5098524902824803,-0.3287684725047962,0.5756056308746338,0.4243943691253662,True,E28S,-0.2283568266332509,0.5098524902824803,Normoxic,1.0264941296679422,0.4736268850640681,0.3513546287404035,0.17501848619552834
GGGCCTTGTGCGGATG,edge_gfp_plus,edge,GFP+,Tumor_proliferating,Tumor,entering_deep_hypoxia,1.1067936806136969,0.8174406575942719,1.2349502547383526,0.6474446952342987,0.3525553047657013,True,E28S,1.1067936806136969,0.8174406575942719,Hypoxic,0.900689643646396,0.07642280345103425,0.3959120811296799,0.5276651154192857
GGTGGATGTCATGGAA,edge_gfp_plus,edge,GFP+,Tumor_proliferating,Tumor,persistent_hypoxia,0.8510911613433136,0.3680629488505762,0.9649785413181292,0.5487965643405914,0.4512034356594085,True,E28S,0.8510911613433136,0.3680629488505762,Saddle / ICS,0.9773314301364663,0.12138072390508195,0.46363866477516996,0.41498061131974817
CTGGTCAGTAATCCAC,edge_gfp_plus,edge,GFP+,Tumor_proliferating,Tumor,transitional,-0.3543069493747312,0.172171084537994,-0.262062391116624,0.611390233039856,0.388609766960144,True,E28S,-0.3543069493747312,0.172171084537994,Normoxic,1.017937302530307,0.48135667435049795,0.3521934856494717,0.1664498400000304
TGCGACCGTTATAGCC,edge_gfp_plus,edge,GFP+,Tumor,Tumor,entering_hypoxia,-0.6029155644626873,0.9119281263385316,-0.3206489297729708,0.0501306056976318,0.9498693943023682,True,E28S,-0.6029155644626873,0.9119281263385316,Normoxic,0.9383247197199365,0.5969472426637346,0.25666485349428014,0.1463879038419853
ACCGTTGGTCTAGTCG,edge_gfp_plus,edge,GFP+,Tumor_proliferating,Tumor,entering_hypoxia,-0.9299972672770072,0.5619335663359221,-0.3288180574444946,0.5886990129947662,0.4113009870052337,True,E28S,-0.9299972672770072,0.5619335663359221,Normoxic,0.8602416811695679,0.6603225426775361,0.22159555128983874,0.1180819060326251
TCTGTAAGTAATCGTC,edge_gfp_plus,edge,GFP+,Tumor_proliferating,Tumor,transitional,-0.4273068350608088,0.212892406767713,-0.2104739287593325,0.6237998604774475,0.3762001395225525,True,E28S,-0.4273068350608088,0.212892406767713,Normoxic,1.0013631766259756,0.5081150704734985,0.3344816570541301,0.15740327247237146
TAAGCGAGTCAGCTTG,edge_gfp_plus,edge,GFP+,Tumor_proliferating,Tumor,entering_hypoxia,-1.053414807286764,1.004534586684625,-0.3116155259035859,0.611167311668396,0.388832688331604,True,E28S,-1.053414807286764,1.004534586684625,Normoxic,0.829314145553867,0.6891557083308055,0.18566172340472925,0.1251825682644654
TGCGGCTGTTGGCATT,edge_gfp_plus,edge,GFP+,Tumor_proliferating,Tumor,exiting_hypoxia,4.742753873871493,-0.9309464660309196,-0.2058071972951572,0.5541757941246033,0.4458242058753967,True,E28S,4.742753873871493,-0.9309464660309196,Hypoxic,0.0007627583315879404,5.060616889444563e-10,7.241451634818563e-05,0.9999275849775902
TCGTATAGTCATCATA,edge_gfp_plus,edge,GFP+,Tumor_proliferating,Tumor,normoxic_stable,-0.7082169983481493,0.3838603061572366,0.2345696259320714,0.550147533416748,0.4498524665832519,True,E28S,-0.7082169983481493,0.3838603061572366,Normoxic,0.9252773318240991,0.6005612377652221,0.26877360264444317,0.13066515959033467
ACAGGTAGTTGGGCAG,edge_gfp_plus,edge,GFP+,Tumor_proliferating,Tumor,entering_hypoxia,-0.2738311195742965,0.8746561113489582,0.8604594140680278,0.6207605004310608,0.3792394995689392,True,E28S,-0.2738311195742965,0.8746561113489582,Normoxic,1.0189172805537399,0.5017220901153396,0.3185630012707359,0.17971490861392458
CGTGACCGTGAGTATG,edge_gfp_plus,edge,GFP+,Tumor_proliferating,Tumor,transitional,-0.4777606382959461,0.2534084941827378,0.4266007078247506,0.5742499530315399,0.4257500469684601,True,E28S,-0.4777606382959461,0.2534084941827378,Normoxic,0.9880140323602902,0.5273001074829805,0.3213867454700389,0.1513131470469806
CCAGACCGTTGTAGTC,edge_gfp_plus,edge,GFP+,Tumor_proliferating,Tumor,normoxic_stable,-0.8929966737926,-0.0019302715204,-0.2374686805939372,0.5315110385417938,0.4684889614582062,True,E28S,-0.8929966737926,-0.0019302715204,Normoxic,0.9307818694670129,0.5979210075827356,0.26658205355504916,0.1354969388622151
GCACGAGGTGAAGTAT,edge_gfp_plus,edge,GFP+,Tumor_proliferating,Tumor,persistent_hypoxia,0.1278066038605673,-0.1544628903169395,3.682027240581346,0.6162566840648651,0.3837433159351349,True,E28S,0.1278066038605673,-0.1544628903169395,Saddle / ICS,1.0633403129424779,0.28162941954549087,0.4606941536567393,0.2576764267977698
CCAGAGGGTTCTGGAT,edge_gfp_plus,edge,GFP+,Tumor_proliferating,Tumor,transitional,-0.0125700091521293,0.114678380991881,-0.197408824346282,0.5895034372806549,0.4104965627193451,True,E28S,-0.0125700091521293,0.114678380991881,Saddle / ICS,1.0621942700839067,0.36349371920868595,0.42193179721184304,0.21457448357947098
GCCTAATGTGAGTAGC,edge_gfp_plus,edge,GFP+,Tumor_proliferating,Tumor,exiting_hypoxia,0.6151060077400152,-1.6317182923487097,-0.3244232493411815,0.5235906839370728,0.4764093160629272,True,E28S,0.6151060077400152,-1.6317182923487097,Hypoxic,0.6975946959749699,0.021853901158586413,0.2875384171775756,0.6906076816638379
GTGCTATGTCATTCCC,edge_gfp_plus,edge,GFP+,Tumor_proliferating,Tumor,persistent_hypoxia,4.342815942239607,-0.446696591732041,0.4793852244740342,0.5805892944335938,0.4194107055664062,True,E28S,4.342815942239607,-0.446696591732041,Hypoxic,0.0036883044206455972,1.5795936547860785e-08,0.0004203197185595588,0.999579664485504
AATGCAGGTAACGATG,edge_gfp_plus,edge,GFP+,Tumor_proliferating,Tumor,entering_hypoxia,-0.7969433577710427,0.507924106497865,0.3005178890036455,0.5589642822742462,0.4410357177257538,True,E28S,-0.7969433577710427,0.507924106497865,Normoxic,0.8951457623776014,0.630029622385208,0.2456066870051009,0.12436369060969117
CCTACGAGTTATCGTA,edge_gfp_plus,edge,GFP+,Tumor_proliferating,Tumor,normoxic_stable,-0.6656311856769358,0.3502870448494692,0.0469491066768132,0.5930381715297699,0.4069618284702301,True,E28S,-0.6656311856769358,0.3502870448494692,Normoxic,0.9380525416117256,0.5872340293459717,0.2787254534715206,0.13404051718250765
GTACGGGGTGCGTGGA,edge_gfp_plus,edge,GFP+,Tumor_proliferating,Tumor,entering_hypoxia,-0.8281623406155242,0.5049834882946411,-0.2819445155352687,0.643962174654007,0.356037825345993,True,E28S,-0.8281623406155242,0.5049834882946411,Normoxic,0.8877851793901401,0.6365678949101969,0.2406956479088177,0.12273645718098529
ATGAGGCGTTTGGTGT,edge_gfp_plus,edge,GFP+,Tumor_proliferating,Tumor,exiting_hypoxia,1.1220635693142256,-2.1548126813154576,-0.3156795765800997,0.5089863240718842,0.4910136759281158,True,E28S,1.1220635693142256,-2.1548126813154576,Hypoxic,0.34491123898484805,0.0016638233090810017,0.10353646295896521,0.8947997137319538
CACCTCTGTAGTAGCA,edge_gfp_plus,edge,GFP+,Tumor_proliferating,Tumor,transitional,-0.2624789046548631,0.0028883543902087,-0.0906047001270355,0.6027122735977173,0.3972877264022827,True,E28S,-0.2624789046548631,0.0028883543902087,Normoxic,1.0432086125262603,0.43002030222352233,0.38409152509087197,0.18588817268560565
CTGGTCAGTGAACCTT,edge_gfp_plus,edge,GFP+,Tumor_proliferating,Tumor,transitional,-0.4872565740085001,-0.1733487619786631,-0.25267187854497,0.6287943720817566,0.3712056279182434,True,E28S,-0.4872565740085001,-0.1733487619786631,Normoxic,1.0282352022204044,0.46883675035793354,0.3556259608290862,0.17553728881298036
CCAGTATGTTAGACTC,edge_gfp_plus,edge,GFP+,Tumor_proliferating,Tumor,normoxic_stable,-1.029224217374833,0.2880113588127742,-0.2960236993472173,0.6649768948554993,0.3350231051445007,True,E28S,-1.029224217374833,0.2880113588127742,Normoxic,0.8619994503585535,0.6586205754441575,0.22344147222289903,0.1179379523329434
AGAGGCTGTTTAGCCG,edge_gfp_plus,edge,GFP+,Tumor_proliferating,Tumor,normoxic_stable,-0.5735250524768389,-0.3325713809201631,-0.0158530633102509,0.5846667289733887,0.4153332710266113,True,E28S,-0.5735250524768389,-0.3325713809201631,Normoxic,1.0359419308674216,0.4623391486208734,0.35337335488655397,0.18428749649257273
ACAGCTTGTGGCGAAT,edge_gfp_plus,edge,GFP+,Tumor_proliferating,Tumor,persistent_hypoxia,0.6200698519901048,-0.3623390967794648,1.3528667930165204,0.562525600194931,0.4374743998050689,True,E28S,0.6200698519901048,-0.3623390967794648,Saddle / ICS,0.9767665863932564,0.1237250591873268,0.48444136255819226,0.391833578254481
CACGCTAGTTGCCCTT,edge_gfp_plus,edge,GFP+,Tumor_proliferating,Tumor,entering_hypoxia,-0.2775837735316194,0.4817861787817482,-0.0300959315949147,0.5922269821166992,0.4077730178833008,True,E28S,-0.2775837735316194,0.4817861787817482,Normoxic,1.017619792483887,0.4875311762361369,0.3436545894140117,0.1688142343498512
CATCTAAGTTAACGCT,edge_gfp_plus,edge,GFP+,Tumor_proliferating,Tumor,normoxic_stable,-0.8210101652703758,0.2256580783170434,-0.2586900254667241,0.6319191753864288,0.3680808246135711,True,E28S,-0.8210101652703758,0.2256580783170434,Normoxic,0.914674272900909,0.6111852053082137,0.2606733498734239,0.1281414448183624
CTCTATTGTTCCGTGA,edge_gfp_plus,edge,GFP+,Tumor_proliferating,Tumor,normoxic_stable,-0.706893709371994,0.2666639278470413,-0.2338117376299527,0.6104639172554016,0.3895360827445984,True,E28S,-0.706893709371994,0.2666639278470413,Normoxic,0.9360606659293906,0.5892130597654489,0.27744171311539934,0.13334522711915178
AGCGCCTGTTCAAGGA,edge_gfp_plus,edge,GFP+,Tumor_proliferating,Tumor,transitional,-0.4597114949858636,0.4194089018270079,0.0508868263650504,0.5811389982700348,0.4188610017299652,True,E28S,-0.4597114949858636,0.4194089018270079,Normoxic,0.9812139760068292,0.537985348501608,0.3123811487625057,0.1496335027358863
AGGATCAGTCTAGTAC,edge_gfp_plus,edge,GFP+,Tumor_proliferating,Tumor,transitional,-0.3528526002872273,0.1843627549568854,3.603977443073268,0.577442079782486,0.422557920217514,True,E28S,-0.3528526002872273,0.1843627549568854,Normoxic,1.0173642184595955,0.4823884053749988,0.3514934627115586,0.16611813191344252
AGACATGGTAACGTGA,edge_gfp_plus,edge,GFP+,Tumor_proliferating,Tumor,entering_hypoxia,-0.6808549452609505,1.066333027924624,-0.1085378891055514,0.5989940166473389,0.4010059833526611,True,E28S,-0.6808549452609505,1.066333027924624,Normoxic,0.924623599146773,0.6138077617283277,0.23701858958457708,0.14917364868709526
TCTGTCCGTGCGGTAG,edge_gfp_plus,edge,GFP+,Tumor_proliferating,Tumor,entering_hypoxia,-0.7171958511960131,1.415800655335529,0.0475125399404435,0.5567037463188171,0.4432962536811828,True,E28S,-0.7171958511960131,1.415800655335529,Normoxic,0.9485215650004124,0.5999182152586275,0.21920526854089262,0.18087651620047995
CCTCGAAGTTAGACCT,edge_gfp_plus,edge,GFP+,Tumor_proliferating,Tumor,entering_hypoxia,-0.7266874485382562,0.929408890354357,0.1467356071121792,0.5847052931785583,0.4152947068214416,True,E28S,-0.7266874485382562,0.929408890354357,Normoxic,0.9063730425556147,0.6268470470898913,0.23533119887063614,0.13782175403947258
TCTGCAGGTTTGGTGT,edge_gfp_plus,edge,GFP+,Tumor_proliferating,Tumor,persistent_hypoxia,0.8845307939952808,-0.2422390621852861,-0.3288677599591318,0.5880251526832581,0.4119748473167419,True,E28S,0.8845307939952808,-0.2422390621852861,Saddle / ICS,0.9216064946518426,0.08300325759793305,0.463333679956875,0.45366306244519194
TAGCCTGGTGCGGATG,edge_gfp_plus,edge,GFP+,Tumor_proliferating,Tumor,entering_hypoxia,-0.3266551164490293,1.1279801605906965,-0.3085984495901622,0.6004689633846283,0.3995310366153717,True,E28S,-0.3266551164490293,1.1279801605906965,Normoxic,1.0188027471770669,0.5137210924601149,0.2947307082745933,0.19154819926529193
ACATTCAGTCTGTGCA,edge_gfp_plus,edge,GFP+,Tumor_proliferating,Tumor,normoxic_stable,-0.5302409428523875,0.0496644079346097,0.2881651244339484,0.5964162647724152,0.4035837352275848,True,E28S,-0.5302409428523875,0.0496644079346097,Normoxic,0.9962747730790036,0.5165515869455342,0.3279226979578861,0.15552571509657978
CTTGTCCGTTACTGCG,edge_gfp_plus,edge,GFP+,Tumor,Tumor,entering_hypoxia,-0.6653558622547966,0.8938154123104868,-0.3206489297729708,0.0509576201438903,0.9490423798561096,True,E28S,-0.6653558622547966,0.8938154123104868,Normoxic,0.9214460992502835,0.6124779371879621,0.24695097658911358,0.1405710862229244
CCGGAAGGTCAGGCAG,edge_gfp_plus,edge,GFP+,Tumor_proliferating,Tumor,entering_hypoxia,-1.1768242809522838,0.5895705416064603,-0.2774919346084064,0.5803631842136383,0.4196368157863617,True,E28S,-1.1768242809522838,0.5895705416064603,Normoxic,0.8055064331473288,0.7023568541831678,0.18652739760880102,0.11111574820803109
CTGTGATGTCTAGGAA,edge_gfp_plus,edge,GFP+,Tumor_proliferating,Tumor,entering_hypoxia,-0.648539672916196,0.8076967875264012,-0.0131765456620022,0.5759478509426117,0.4240521490573883,True,E28S,-0.648539672916196,0.8076967875264012,Normoxic,0.9245320791459691,0.6076113147489595,0.25394839647316514,0.13844028877787543
CGGTAAAGTATGGGTA,edge_gfp_plus,edge,GFP+,Tumor_proliferating,Tumor,normoxic_stable,-0.5950363810403055,-0.1104700718829303,0.2152383260346042,0.5382284820079803,0.4617715179920196,True,E28S,-0.5950363810403055,-0.1104700718829303,Normoxic,1.0034825311686488,0.5094376164303139,0.3295063955898839,0.16105598797980214
CGCGGTTGTAGGTGAC,edge_gfp_plus,edge,GFP+,Tumor_proliferating,Tumor,entering_hypoxia,-0.4218316861608487,1.3134016202903471,1.1393277387662863,0.6279884278774261,0.3720115721225738,True,E28S,-0.4218316861608487,1.3134016202903471,Normoxic,1.0109586609833716,0.5311730305628694,0.2692950712045495,0.19953189823258125
GCGCTTAGTTCCATCC,edge_gfp_plus,edge,GFP+,Tumor_proliferating,Tumor,normoxic_stable,-0.6377709169551102,0.3536761276349501,-0.26848312909545,0.5785018503665924,0.4214981496334076,True,E28S,-0.6377709169551102,0.3536761276349501,Normoxic,0.9443183134672661,0.5805436170887542,0.28354071190187335,0.13591567100937238
CAACGGGGTCCATATA,edge_gfp_plus,edge,GFP+,Tumor_proliferating,Tumor,exiting_hypoxia,-0.499532445050715,-0.6597840750106372,3.397972569962523,0.5460596680641174,0.4539403319358825,True,E28S,-0.499532445050715,-0.6597840750106372,Saddle / ICS,1.077388771189359,0.368358185389897,0.39189925911261986,0.23974255549748316
GTTGGTTGTTCGTAAC,edge_gfp_plus,edge,GFP+,Tumor,Tumor,entering_hypoxia,-0.7762345972081633,0.8993479448209734,-0.2962938921229063,0.0400664806365966,0.9599335193634032,True,E28S,-0.7762345972081633,0.8993479448209734,Normoxic,0.8927324884424506,0.6379889605073004,0.22878136562474796,0.13322967386795181
TACCATAGTCTGGGTC,edge_gfp_plus,edge,GFP+,Tumor_proliferating,Tumor,normoxic_stable,-0.7730922641452503,-0.2913843514811451,-0.1818186744672759,0.5960089266300201,0.4039910733699798,True,E28S,-0.7730922641452503,-0.2913843514811451,Normoxic,1.0009409855981786,0.521310641568046,0.31309625050150847,0.16559310793044552
AGGTTAGGTAGTGCTT,edge_gfp_plus,edge,GFP+,Tumor,Tumor,entering_hypoxia,-1.0056467507711586,0.8788967684691749,-0.3363026745143007,0.0563734769821167,0.9436265230178832,True,E28S,-1.0056467507711586,0.8788967684691749,Normoxic,0.8361985986129875,0.6824349546590083,0.1962834658365471,0.12128157950444461
CTTGCAGGTTGAGCTT,edge_gfp_plus,edge,GFP+,Tumor_proliferating,Tumor,normoxic_stable,-0.8535179318889882,-0.0204165783729783,-0.2624841822566249,0.5479714274406433,0.4520285725593567,True,E28S,-0.8535179318889882,-0.0204165783729783,Normoxic,0.9415573952030263,0.5867383619876804,0.2748015277879279,0.1384601102243918
CATGCGCGTTTCGACG,edge_gfp_plus,edge,GFP+,Tumor_proliferating,Tumor,entering_hypoxia,-0.6197283850881685,0.8749438362474097,-0.2609509492644217,0.5408340990543365,0.4591659009456634,True,E28S,-0.6197283850881685,0.8749438362474097,Normoxic,0.932990119308432,0.6011496707100965,0.25555661451370343,0.14329371477620012
TACGCTGGTTCGTATA,edge_gfp_plus,edge,GFP+,Tumor_proliferating,Tumor,normoxic_stable,-0.7445146109687135,0.4537197208101651,-0.3449335870665187,0.631393313407898,0.368606686592102,True,E28S,-0.7445146109687135,0.4537197208101651,Normoxic,0.9113856866295145,0.6145784970638644,0.2578020942848525,0.12761940865128318
CACCCAAGTTAATCTG,edge_gfp_plus,edge,GFP+,Tumor_proliferating,Tumor,entering_hypoxia,-0.9138012483224608,0.4551975966133748,0.1152236891845214,0.555298924446106,0.444701075553894,True,E28S,-0.9138012483224608,0.4551975966133748,Normoxic,0.8711028360477058,0.6507318533009303,0.23018856317035574,0.11907958352871392
GGTACGGGTTCGCTGA,edge_gfp_plus,edge,GFP+,Tumor_proliferating,Tumor,exiting_hypoxia,0.5662156435277271,-0.6225313685845846,-0.089945501348585,0.588520348072052,0.411479651927948,True,E28S,0.5662156435277271,-0.6225313685845846,Saddle / ICS,0.9592037939662922,0.10823463929749387,0.47364163172246015,0.41812372898004596
TGAGCTTGTAATCGGA,edge_gfp_plus,edge,GFP+,Tumor_proliferating,Tumor,transitional,-0.4973223429089105,0.133600288493453,-0.001538912961347,0.5466715693473816,0.4533284306526184,True,E28S,-0.4973223429089105,0.133600288493453,Normoxic,0.9942443705545712,0.5186532106584888,0.32724728444778495,0.15409950489372629
TGTAGAGGTAGTCCAT,edge_gfp_plus,edge,GFP+,Tumor_proliferating,Tumor,transitional,-0.3261359772869196,-0.0216798938217885,-0.1619457444103647,0.6270191073417664,0.3729808926582336,True,E28S,-0.3261359772869196,-0.0216798938217885,Normoxic,1.0366327057560951,0.44615565114020156,0.3737744815081382,0.1800698673516603
CACGCTAGTGACGAAC,edge_gfp_plus,edge,GFP+,Tumor_proliferating,Tumor,entering_deep_hypoxia,0.8312122672965042,0.634691174258833,0.2254925085255816,0.6561745703220367,0.3438254296779632,True,E28S,0.8312122672965042,0.634691174258833,Saddle / ICS,0.9928387286414008,0.13330916207470053,0.4485673355144194,0.41812350241088003
AAAGCATGTATTGCAC,edge_gfp_plus,edge,GFP+,Tumor_proliferating,Tumor,normoxic_stable,-1.1768242809522838,-0.3837292443995506,-0.0951834661797646,0.5805370211601257,0.4194629788398742,True,E28S,-1.1768242809522838,-0.3837292443995506,Normoxic,0.9577026744345527,0.5831424780052195,0.255009081687365,0.16184844030741558
GCGTTTGGTATTAGCC,edge_gfp_plus,edge,GFP+,Tumor_proliferating,Tumor,persistent_hypoxia,0.6004549257874581,-0.1521687375180428,-0.26356713804561,0.633325845003128,0.3666741549968719,True,E28S,0.6004549257874581,-0.1521687375180428,Saddle / ICS,1.0004419244188365,0.14788934990988306,0.48863987906724693,0.36347077102286995
GCGCAAGGTTCCGCAA,edge_gfp_plus,edge,GFP+,Tumor_proliferating,Tumor,entering_hypoxia,-0.8350923498900573,0.7080860576735787,0.944339954434504,0.7151724696159363,0.2848275303840637,True,E28S,-0.8350923498900573,0.7080860576735787,Normoxic,0.8775565653356159,0.6475384482405636,0.22845059499434048,0.12401095676509602
CACGCTAGTTTCCTGC,edge_gfp_plus,edge,GFP+,Tumor_proliferating,Tumor,entering_hypoxia,-0.129120921160625,1.9249595648185012,0.4286739072910152,0.6670892238616943,0.3329107761383056,True,E28S,-0.129120921160625,1.9249595648185012,Hypoxic,1.0871537309315893,0.34478201397566016,0.26730124390454113,0.38791674211979865
GCTTTGGGTTCGAGCC,edge_gfp_plus,edge,GFP+,Tumor_proliferating,Tumor,entering_hypoxia,-1.1768242809522838,1.5187511044853406,0.2757190925502968,0.5413879454135895,0.4586120545864105,True,E28S,-1.1768242809522838,1.5187511044853406,Normoxic,0.8598613389461209,0.6720662872221107,0.15899723266370347,0.16893648011418586
AAGGAAAGTCATGAAG,edge_gfp_plus,edge,GFP+,Tumor_proliferating,Tumor,exiting_hypoxia,1.352270829915657,-1.0738700587238876,4.153025698358866,0.5657146871089935,0.4342853128910064,True,E28S,1.352270829915657,-1.0738700587238876,Hypoxic,0.6274384929432603,0.010160566019785924,0.26069997470495965,0.7291394592752545
TCTACGGGTAGCTAAG,edge_gfp_plus,edge,GFP+,Tumor_proliferating,Tumor,entering_hypoxia,-0.8638603496131334,0.6716763495831605,0.9408311538077898,0.6796219646930695,0.3203780353069305,True,E28S,-0.8638603496131334,0.6716763495831605,Normoxic,0.8713834033567204,0.6522099185115944,0.2258368470589559,0.12195323442944977
GTTGTACGTGAAGTCA,edge_gfp_plus,edge,GFP+,Tumor_proliferating,Tumor,entering_hypoxia,-0.1771156850770168,0.6640687375433094,-0.1947095426220865,0.6067118942737579,0.393288105726242,True,E28S,-0.1771156850770168,0.6640687375433094,Normoxic,1.0351898494492096,0.46511059138801847,0.35058325870494844,0.18430614990703312
GGTAATGGTTGACCAT,edge_gfp_plus,edge,GFP+,Tumor_proliferating,Tumor,entering_deep_hypoxia,0.2829577837683066,0.6112415673101953,1.85299172909402,0.2924076318740845,0.7075923681259155,True,E28S,0.2829577837683066,0.6112415673101953,Saddle / ICS,1.076323035909542,0.30158536353872284,0.4323415176122578,0.2660731188490194
CCAGTTGGTGGACCGA,edge_gfp_plus,edge,GFP+,Tumor_proliferating,Tumor,transitional,-0.4679486628562586,0.4447254365298579,0.3267741721962594,0.4998224377632141,0.5001775622367859,True,E28S,-0.4679486628562586,0.4447254365298579,Normoxic,0.9780629799233385,0.5423728195953784,0.3089803879291999,0.1486467924754217
TGATCCGGTCTTGCCT,edge_gfp_plus,edge,GFP+,Tumor_proliferating,Tumor,entering_deep_hypoxia,0.6156109330645357,1.3186977314539656,-0.0299351926571122,0.6476317346096039,0.3523682653903961,True,E28S,0.6156109330645357,1.3186977314539656,Hypoxic,1.0382360971588867,0.1802646007322491,0.3830521357172039,0.43668326355054693
ACTCGATGTTATCTAG,edge_gfp_plus,edge,GFP+,Tumor_proliferating,Tumor,entering_hypoxia,-0.8828085302764533,0.8766150320391884,0.634669623543311,0.7005259394645691,0.2994740605354309,True,E28S,-0.8828085302764533,0.8766150320391884,Normoxic,0.8654140318810113,0.6599909203599381,0.21359703402774366,0.12641204561231817
GGTGCCTGTTAGAGAT,edge_gfp_plus,edge,GFP+,Tumor_proliferating,Tumor,persistent_hypoxia,0.4960914837848613,-0.0943825484969689,2.0308419424316244,0.5627195537090302,0.4372804462909698,True,E28S,0.4960914837848613,-0.0943825484969689,Saddle / ICS,1.0248847032103936,0.1801328155808071,0.4881058604775558,0.331761323941637
ACCTGTCCAAGCGCAC,edge_gfp_minus,edge,GFP-,Tumor_proliferating,Tumor,transitional,-0.5037624795459849,-0.3794657940609282,0.6285196643353484,0.5331896543502808,0.4668103456497192,True,E28S,-0.5037624795459849,-0.3794657940609282,Normoxic,1.0496750469248468,0.4335768440989586,0.37032786797193734,0.19609528792910408
CAAAGCTCAGGGATGG,edge_gfp_minus,edge,GFP-,Tumor_proliferating,Tumor,transitional,-0.1544152999160095,-0.2580210953279047,0.0778295686672566,0.5199357867240906,0.4800642132759094,True,E28S,-0.1544152999160095,-0.2580210953279047,Saddle / ICS,1.0657794396892628,0.3536644891062459,0.4238752348684869,0.2224602760252672
GGGTTTGCATTACTCG,edge_gfp_minus,edge,GFP-,Tumor_proliferating,Tumor,persistent_hypoxia,0.6566132748056039,-0.3886172654530174,2.9911873098651616,0.5510601699352264,0.4489398300647735,True,E28S,0.6566132748056039,-0.3886172654530174,Saddle / ICS,0.9653320229049765,0.11375882247866781,0.48114064135527485,0.4051005361660573
ATCTGTTCAGGGCCAT,edge_gfp_minus,edge,GFP-,Tumor_proliferating,Tumor,exiting_hypoxia,-0.0321504942750207,-0.5214162980651679,0.0223642370983878,0.4984937310218811,0.5015062689781189,True,E28S,-0.0321504942750207,-0.5214162980651679,Saddle / ICS,1.0666034566823723,0.2684742668276093,0.45538863392176604,0.2761370992506246
ATATTCCCACAGCGAC,edge_gfp_minus,edge,GFP-,Tumor_proliferating,Tumor,exiting_hypoxia,-0.3300381889021285,-0.592794230259122,3.891130533148254,0.5615106523036957,0.4384893476963043,True,E28S,-0.3300381889021285,-0.592794230259122,Saddle / ICS,1.0765891699777914,0.3381628487637441,0.4157107826658196,0.2461263685704362
TGCGATGCAATCAGTA,edge_gfp_minus,edge,GFP-,Tumor_proliferating,Tumor,persistent_hypoxia,0.2356915258845636,-0.3618741702249274,0.289717508057479,0.5557817816734314,0.4442182183265686,True,E28S,0.2356915258845636,-0.3618741702249274,Saddle / ICS,1.0467963003117435,0.21922656073997274,0.4790677808031389,0.30170565845688835
TGCTCCGCATCCACGT,edge_gfp_minus,edge,GFP-,Tumor_proliferating,Tumor,exiting_hypoxia,-0.3088329636617324,-0.7452869474315681,4.237016922749136,0.5783534348011017,0.4216465651988983,True,E28S,-0.3088329636617324,-0.7452869474315681,Saddle / ICS,1.079974368982014,0.2971990953973222,0.42526433223747984,0.2775365723651981
CCATGTCCAGGCTATG,edge_gfp_minus,edge,GFP-,Tumor_proliferating,Tumor,exiting_hypoxia,-0.4560931921963608,-0.8005436417883302,0.3738925149086717,0.5121903419494629,0.4878096580505371,True,E28S,-0.4560931921963608,-0.8005436417883302,Saddle / ICS,1.0851625063981791,0.321763132690119,0.4056724432854681,0.2725644240244128
ACGTCCTCACTAACGG,edge_gfp_minus,edge,GFP-,Tumor_proliferating,Tumor,exiting_hypoxia,0.5027023308560685,-0.7012032570866608,-0.0785782375976377,0.5139252841472626,0.4860747158527374,True,E28S,0.5027023308560685,-0.7012032570866608,Saddle / ICS,0.9638022753354092,0.11146958249829082,0.4713883566086102,0.41714206089309885
GCTAGGCCACATGAGT,edge_gfp_minus,edge,GFP-,Tumor_proliferating,Tumor,exiting_hypoxia,-0.3069690352905503,-0.5338448917115548,1.2103474817383173,0.5152021944522858,0.4847978055477142,True,E28S,-0.3069690352905503,-0.5338448917115548,Saddle / ICS,1.0741298005621034,0.3447291230742729,0.41611197116465554,0.23915890576107163
GCCAAGCCATGGAACT,edge_gfp_minus,edge,GFP-,Tumor_proliferating,Tumor,exiting_hypoxia,2.375220750302601,-0.9465561617446648,4.18420254822354,0.5467109084129333,0.4532890915870666,True,E28S,2.375220750302601,-0.9465561617446648,Hypoxic,0.24688141302854294,0.00034007967901707187,0.06625744553712805,0.9334024747838549
ATACGCGCAATAGTCA,edge_gfp_minus,edge,GFP-,Tumor_proliferating,Tumor,entering_deep_hypoxia,0.0609402820665372,0.4982308819743573,0.6119517918854219,0.5411572754383087,0.4588427245616913,True,E28S,0.0609402820665372,0.4982308819743573,Saddle / ICS,1.0664030505310855,0.374074031375182,0.40675330736908544,0.21917266125573254
CGACAATCAATAGTGC,edge_gfp_minus,edge,GFP-,Tumor_proliferating,Tumor,entering_deep_hypoxia,0.0456107032864346,0.9665906163085526,1.1990106942999117,0.6024618744850159,0.3975381255149841,True,E28S,0.0456107032864346,0.9665906163085526,Normoxic,1.076651781323568,0.39181448811635833,0.37014689911531395,0.23803861276832772
CGCCTCACACATATAG,edge_gfp_minus,edge,GFP-,Tumor_proliferating,Tumor,exiting_hypoxia,-0.1410524385658578,-0.6464628155477196,4.03056111539243,0.56870236992836,0.43129763007164,True,E28S,-0.1410524385658578,-0.6464628155477196,Saddle / ICS,1.0716867237365373,0.27399311570002777,0.44510991532450356,0.2808969689754685
ATACAGCCAGGCAAGG,edge_gfp_minus,edge,GFP-,Tumor_proliferating,Tumor,exiting_hypoxia,0.4360993910842081,-0.5035373189952442,0.1846941770071721,0.531353771686554,0.468646228313446,True,E28S,0.4360993910842081,-0.5035373189952442,Saddle / ICS,1.0022963471576132,0.14880196431846932,0.48505962908895534,0.3661384065925755
GTCTCCGCAGGTTGGC,edge_gfp_minus,edge,GFP-,Tumor_proliferating,Tumor,exiting_hypoxia,0.7503065729213095,-1.041443151138852,0.5960010634903891,0.5169889628887177,0.4830110371112823,True,E28S,0.7503065729213095,-1.041443151138852,Hypoxic,0.835537820306514,0.04642732030564633,0.39737985183157537,0.5561928278627783
GGTATCGCAAGTTCCC,edge_gfp_minus,edge,GFP-,Tumor_proliferating,Tumor,entering_hypoxia,-0.0517809333843505,1.3840038057167767,0.4407291489368,0.6207927763462067,0.3792072236537933,True,E28S,-0.0517809333843505,1.3840038057167767,Normoxic,1.085403910087032,0.40387264441824977,0.32451657442418713,0.27161078115756315
CTTACGCCACTAGGGC,edge_gfp_minus,edge,GFP-,Tumor_proliferating,Tumor,transitional,-0.1246277970450206,-0.2071727526558123,0.6105813933976584,0.5313532650470734,0.4686467349529266,True,E28S,-0.1246277970450206,-0.2071727526558123,Saddle / ICS,1.0649971758411971,0.35312808248447514,0.42546523435989075,0.22140668315563405
CTCTAATCATCAAGCG,edge_gfp_minus,edge,GFP-,Tumor,Tumor,entering_hypoxia,-1.1768242809522838,2.1816124147181584,-0.2831862174946166,0.0432036519050598,0.9567963480949402,True,E28S,-1.1768242809522838,2.1816124147181584,Normoxic,0.9815328988839334,0.5248213051011351,0.14178841631751363,0.33339027858135134
CCTGCATCAAGCATTA,edge_gfp_minus,edge,GFP-,Tumor,Tumor,entering_hypoxia,-1.0423589713380734,2.010308606053838,-0.2930753660137036,0.0445796251296997,0.9554203748703004,True,E28S,-1.0423589713380734,2.010308606053838,Normoxic,0.9768128131509088,0.5573808819518552,0.1611968997468916,0.2814222183012533
CACTACCCACAACGGC,edge_gfp_minus,edge,GFP-,Tumor_proliferating,Tumor,exiting_hypoxia,2.720103708021676,-1.7168778428491944,-0.261027555434543,0.5001276135444641,0.4998723864555359,True,E28S,2.720103708021676,-1.7168778428491944,Hypoxic,0.07424293570123626,1.3666454120656765e-05,0.014097170577711168,0.9858891629681682
GTGTTCCCAATTGGTA,edge_gfp_minus,edge,GFP-,Tumor_proliferating,Tumor,normoxic_stable,-0.5238078951687803,-0.1816536925329653,2.6733119944207044,0.5539568662643433,0.4460431337356567,True,E28S,-0.5238078951687803,-0.1816536925329653,Normoxic,1.023852354397916,0.47762962955308225,0.34937834292087655,0.17299202752604112
GCACGGTCAGGATCGC,edge_gfp_minus,edge,GFP-,Tumor_proliferating,Tumor,persistent_hypoxia,0.1063388521485144,-0.0254483721622746,2.164748347555921,0.5287677049636841,0.4712322950363159,True,E28S,0.1063388521485144,-0.0254483721622746,Saddle / ICS,1.0654751758186958,0.3062516928951114,0.45054548094213254,0.24320282616275624
AAGTTTGCAATTAGGC,edge_gfp_minus,edge,GFP-,Tumor_proliferating,Tumor,exiting_hypoxia,-0.1013276527145406,-0.9837505971838426,-0.3086322231359314,0.5185675323009491,0.4814324676990509,True,E28S,-0.1013276527145406,-0.9837505971838426,Saddle / ICS,1.045580526791264,0.19281103844815162,0.4446992300675593,0.36248973148428915
CGTAGGCCACTAACTT,edge_gfp_minus,edge,GFP-,Tumor_proliferating,Tumor,normoxic_stable,-0.5480151921036128,-0.2608473112959857,0.0502854119174072,0.5255020558834076,0.4744979441165924,True,E28S,-0.5480151921036128,-0.2608473112959857,Normoxic,1.0301196049531596,0.4696133874775321,0.351809189803249,0.17857742271921895
ACCCAGACAACCCTGT,edge_gfp_minus,edge,GFP-,Tumor_proliferating,Tumor,transitional,-0.1696553122637665,0.3351606497174419,0.3922449460036034,0.5487025678157806,0.4512974321842193,True,E28S,-0.1696553122637665,0.3351606497174419,Normoxic,1.0404733781058249,0.4401435213948663,0.3758630772856196,0.18399340131951408
AATATCGCAATTGGCG,edge_gfp_minus,edge,GFP-,Tumor_proliferating,Tumor,persistent_hypoxia,0.3065929314394633,0.0003638478866299,1.1212227065552816,0.5499836504459381,0.4500163495540619,True,E28S,0.3065929314394633,0.0003638478866299,Saddle / ICS,1.0554338213117034,0.24546521379029185,0.4735915091739932,0.28094327703571487
TAACTAGCAAACCAAC,edge_gfp_minus,edge,GFP-,Tumor,Tumor,entering_hypoxia,-1.1768242809522838,2.1831005318853265,-0.2411568515760139,0.03880375623703,0.96119624376297,True,E28S,-1.1768242809522838,2.1831005318853265,Normoxic,0.981703923990229,0.5243219936745829,0.1417243134020707,0.3339536929233463
CTGGATGCATGATTGA,edge_gfp_minus,edge,GFP-,Tumor_proliferating,Tumor,exiting_hypoxia,0.1664494937384132,-1.024823947631137,2.0437580863927214,0.5412115454673767,0.4587884545326233,True,E28S,0.1664494937384132,-1.024823947631137,Saddle / ICS,0.9895042088910704,0.13052262070296244,0.45020806882795344,0.4192693104690841
CATCCACCATCGACCT,edge_gfp_minus,edge,GFP-,Tumor_proliferating,Tumor,transitional,-0.2131358197617566,-0.1374350242421636,1.7754671877249133,0.5415732264518738,0.4584267735481262,True,E28S,-0.2131358197617566,-0.1374350242421636,Saddle / ICS,1.0567134375343823,0.3926215475430544,0.4046268825380716,0.202751569918874
CATCGTCCACTACCAC,edge_gfp_minus,edge,GFP-,Tumor_proliferating,Tumor,normoxic_stable,-0.6183658836717519,0.1145981167092537,0.1458475844305384,0.5903662443161011,0.4096337556838989,True,E28S,-0.6183658836717519,0.1145981167092537,Normoxic,0.9716051955811414,0.5491494468709657,0.3056804583840496,0.14517009474498477
CCACATCCATCCGGTT,edge_gfp_minus,edge,GFP-,Tumor_proliferating,Tumor,transitional,-0.1879473352664442,0.2084814914944113,-0.0941059875464168,0.5182401835918427,0.4817598164081573,True,E28S,-0.1879473352664442,0.2084814914944113,Normoxic,1.0422032820734295,0.4329270102511678,0.38209393757925914,0.18497905216957308
CTTCAGCCAATGGAAG,edge_gfp_minus,edge,GFP-,Tumor_proliferating,Tumor,entering_deep_hypoxia,0.2028695402213046,0.7743778528641633,-0.1101109798406486,0.571226567029953,0.428773432970047,True,E28S,0.2028695402213046,0.7743778528641633,Saddle / ICS,1.0808913489816694,0.33475689808223325,0.40904373621379886,0.2561993657039679
TAGCACGCATAAGCTA,edge_gfp_minus,edge,GFP-,Tumor,Tumor,entering_hypoxia,-0.8305340241393728,1.9712747656051943,-0.2487173932116761,0.0447038412094116,0.9552961587905884,True,E28S,-0.8305340241393728,1.9712747656051943,Normoxic,1.0076426047366027,0.5282309509747871,0.1853395546598475,0.28642949436536536
CCTCAACCACCTATAT,edge_gfp_minus,edge,GFP-,Tumor_proliferating,Tumor,exiting_hypoxia,-0.4991111629581335,-0.6599543984653099,3.985277375859447,0.5630201697349548,0.4369798302650451,True,E28S,-0.4991111629581335,-0.6599543984653099,Saddle / ICS,1.0774148121211025,0.36820546111668545,0.39197963898253035,0.2398148999007842
GTCATCCCAATAGTGC,edge_gfp_minus,edge,GFP-,Tumor_proliferating,Tumor,exiting_hypoxia,0.227688135018299,-0.6084197739445714,3.09058341759997,0.5800939202308655,0.4199060797691345,True,E28S,0.227688135018299,-0.6084197739445714,Saddle / ICS,1.0308354456031497,0.18378267893709319,0.4779301735441871,0.3382871475187197
TACATTCCAAGCGCGT,edge_gfp_minus,edge,GFP-,Tumor_proliferating,Tumor,entering_hypoxia,-0.34759362667019,1.0299612146332708,-0.1156124936427748,0.554507315158844,0.445492684841156,True,E28S,-0.34759362667019,1.0299612146332708,Normoxic,1.0081475565776736,0.5234709296527603,0.2961448845102387,0.18038418583700094
TGTATGACAAGGTATC,edge_gfp_minus,edge,GFP-,Tumor_proliferating,Tumor,exiting_hypoxia,-0.2523562544248832,-0.7541126202224583,3.841791277874256,0.5557366609573364,0.4442633390426636,True,E28S,-0.2523562544248832,-0.7541126202224583,Saddle / ICS,1.0770702707556772,0.28028162155029124,0.43312060821845727,0.28659777023125155
CGTCGTTCAGTTAAGC,edge_gfp_minus,edge,GFP-,Tumor_proliferating,Tumor,exiting_hypoxia,1.9630455604092507,-1.2465120587360308,4.345951128407223,0.567434698343277,0.432565301656723,True,E28S,1.9630455604092507,-1.2465120587360308,Hypoxic,0.34452448226247856,0.0010026087819582953,0.10536371372863608,0.8936336774894056
TACGCCTCAATTAACG,edge_gfp_minus,edge,GFP-,Tumor_proliferating,Tumor,exiting_hypoxia,2.4028688857049487,-2.3639317381102525,-0.2863856628384239,0.5288856029510498,0.4711143970489502,True,E28S,2.4028688857049487,-2.3639317381102525,Hypoxic,0.056034521860945104,8.413636271860937e-06,0.00998397265823033,0.9900076137054978
CGACCAACAGGAAGTA,edge_gfp_minus,edge,GFP-,Tumor_proliferating,Tumor,exiting_hypoxia,0.0143932821790273,-1.8982153949587437,-0.3342135510833967,0.5415439307689667,0.4584560692310333,True,E28S,0.0143932821790273,-1.8982153949587437,Hypoxic,0.7329691270569073,0.03615936477507386,0.27624995659983304,0.687590678625093
GGATGTTCAACCTGAG,edge_gfp_minus,edge,GFP-,Tumor_proliferating,Tumor,normoxic_stable,-0.724259682372088,0.3977555284763649,2.089429193273574,0.5688660442829132,0.4311339557170868,True,E28S,-0.724259682372088,0.3977555284763649,Normoxic,0.9203621927947496,0.6055279485666795,0.2650123678101881,0.12945968362313243
TGCAAACCAATACCTT,edge_gfp_minus,edge,GFP-,Tumor_proliferating,Tumor,exiting_hypoxia,1.9931361103335452,-1.9163481612822104,-0.3217740943092685,0.5218351781368256,0.4781648218631744,True,E28S,1.9931361103335452,-1.9163481612822104,Hypoxic,0.18580479023928564,0.0001804701437071758,0.04518208771094735,0.9546374421453455
CACATCCCACTTACCA,edge_gfp_minus,edge,GFP-,Tumor_proliferating,Tumor,transitional,-0.191493689031749,0.3673993539417838,-0.2612887993088504,0.3242893815040588,0.6757106184959412,True,E28S,-0.191493689031749,0.3673993539417838,Normoxic,1.036184411015931,0.450331343750177,0.3691333942857686,0.18053526196405442
ACTATCTCATTGGCGA,edge_gfp_minus,edge,GFP-,Tumor_proliferating,Tumor,normoxic_stable,-0.8626800182048456,0.2935798264208067,-0.2684654328861757,0.5587027072906494,0.4412972927093506,True,E28S,-0.8626800182048456,0.2935798264208067,Normoxic,0.8977456964325446,0.6270517926185919,0.24884420363665616,0.12410400374475204
GGTCGGTCATGACTCC,edge_gfp_minus,edge,GFP-,Tumor_proliferating,Tumor,exiting_hypoxia,1.9929663684215613,-1.2661967077885223,-0.2656064399995788,0.5136680901050568,0.4863319098949432,True,E28S,1.9929663684215613,-1.2661967077885223,Hypoxic,0.32893045761006867,0.0008618611854231478,0.09863657755273525,0.9005015612618417
TCATGGGCACTATGAA,edge_gfp_minus,edge,GFP-,Tumor_proliferating,Tumor,exiting_hypoxia,0.6902473886324967,-1.51429036873243,-0.340043401186407,0.5417481362819672,0.4582518637180328,True,E28S,0.6902473886324967,-1.51429036873243,Hypoxic,0.7185522497068775,0.023666056109532117,0.3053351299294521,0.6709988139610157
ACAACCGCATGCGTAG,edge_gfp_minus,edge,GFP-,Tumor_proliferating,Tumor,exiting_hypoxia,-0.3341483576436245,-0.8198752443020921,4.226885765060785,0.5759764015674591,0.4240235984325409,True,E28S,-0.3341483576436245,-0.8198752443020921,Saddle / ICS,1.0809684296130773,0.28594288792734707,0.4235239805119242,0.29053313156072874
TATAGGCCACCATCCG,edge_gfp_minus,edge,GFP-,Tumor_proliferating,Tumor,exiting_hypoxia,0.5546380749347729,-0.8480144306310204,-0.1529251951054008,0.511218398809433,0.488781601190567,True,E28S,0.5546380749347729,-0.8480144306310204,Hypoxic,0.9280879571939669,0.0868434161443927,0.4524619518394142,0.4606946320161931
CAGTTCCCACAACCGA,edge_gfp_minus,edge,GFP-,Tumor_proliferating,Tumor,transitional,-0.0888441279720447,-0.4507979262147465,0.377821423530527,0.5218745172023773,0.4781254827976227,True,E28S,-0.0888441279720447,-0.4507979262147465,Saddle / ICS,1.0700756133170142,0.29830014184919773,0.44526397560949965,0.2564358825413026
CGTAGGCCACATACCC,edge_gfp_minus,edge,GFP-,Tumor_proliferating,Tumor,entering_hypoxia,-0.4684387513761646,1.270737886204632,0.8939426183760375,0.5876308083534241,0.4123691916465759,True,E28S,-0.4684387513761646,1.270737886204632,Normoxic,0.9956303481766677,0.5479595219015989,0.2634887306331393,0.1885517474652618
AATTACGCACAATCCC,edge_gfp_minus,edge,GFP-,Tumor_proliferating,Tumor,entering_hypoxia,-0.3038101750902215,1.0289799711799152,0.9432284696823584,0.6049433648586273,0.3950566351413727,True,E28S,-0.3038101750902215,1.0289799711799152,Normoxic,1.0183288288112315,0.5098382476450836,0.3041521884839102,0.18600956387100626
CCACGTTCAACTGTGG,edge_gfp_minus,edge,GFP-,Tumor_proliferating,Tumor,persistent_hypoxia,0.5792311097659442,-0.3439475262270692,0.2580159449830455,0.5312833487987518,0.4687166512012481,True,E28S,0.5792311097659442,-0.3439475262270692,Saddle / ICS,0.9878640325879067,0.13437989393341038,0.4868572347559705,0.37876287131061903
AACCGATCACATTGAA,edge_gfp_minus,edge,GFP-,Tumor_proliferating,Tumor,transitional,-0.2129420311649027,0.2897909142632059,1.8704472593018924,0.572281688451767,0.427718311548233,True,E28S,-0.2129420311649027,0.2897909142632059,Normoxic,1.035342671403194,0.4498971682957731,0.37085284639831806,0.17924998530590885
TGTATGACATGGCTTC,edge_gfp_minus,edge,GFP-,Tumor_proliferating,Tumor,transitional,-0.0875648842888685,-0.4379180774984292,0.9227245964632756,0.5338557064533234,0.4661442935466766,True,E28S,-0.0875648842888685,-0.4379180774984292,Saddle / ICS,1.0699742108740498,0.3003639569635544,0.4448591543416402,0.25477688869480547
TGTATTCCAAAGGTGA,edge_gfp_minus,edge,GFP-,Tumor_proliferating,Tumor,transitional,-0.440528726827528,-0.3281161911703865,3.1535551890562643,0.553445965051651,0.446554034948349,True,E28S,-0.440528726827528,-0.3281161911703865,Normoxic,1.0506270473229633,0.4262713203773197,0.37773473398857144,0.19599394563410896
TGTACCCCATCACGGA,edge_gfp_minus,edge,GFP-,Tumor_proliferating,Tumor,exiting_hypoxia,0.6045370211193866,-0.4650033012582699,0.3063085027814859,0.5274447202682495,0.4725552797317505,True,E28S,0.6045370211193866,-0.4650033012582699,Saddle / ICS,0.9693081138399022,0.1169163787514873,0.48102046124887643,0.4020631599996363
ATGGACTCACAACCGA,edge_gfp_minus,edge,GFP-,Tumor_proliferating,Tumor,exiting_hypoxia,0.6928123237060622,-1.6660888441501454,-0.3019825988892241,0.4264141321182251,0.5735858678817749,True,E28S,0.6928123237060622,-1.6660888441501454,Hypoxic,0.6618939898882599,0.017180611381898667,0.2671817336428368,0.7156376549752645
CTACATTCAGTAAGTC,edge_gfp_minus,edge,GFP-,Tumor_proliferating,Tumor,normoxic_stable,-0.5340303801074744,-0.2149657265218484,4.204144187411616,0.549623429775238,0.4503765702247619,True,E28S,-0.5340303801074744,-0.2149657265218484,Normoxic,1.0263911592841644,0.4744064551880243,0.3503857810924862,0.1752077637194896
ACAGGTTCAGGCAGAG,edge_gfp_minus,edge,GFP-,Tumor_proliferating,Tumor,entering_hypoxia,-0.7278881270506279,1.5470629332163783,0.6009547950136672,0.6096620261669159,0.3903379738330841,True,E28S,-0.7278881270506279,1.5470629332163783,Normoxic,0.9639346080546004,0.5870275404374005,0.2134996069272075,0.19947285263539194
AGTTAGCCAATTACGA,edge_gfp_minus,edge,GFP-,Tumor_proliferating,Tumor,exiting_hypoxia,-0.319829540365747,-0.814929850441933,0.208428991323368,0.5187647938728333,0.4812352061271667,True,E28S,-0.319829540365747,-0.814929850441933,Saddle / ICS,1.0802276344839954,0.2834880606993204,0.4253455390519416,0.2911664002487379
GGTCAGCCACTATGCC,edge_gfp_minus,edge,GFP-,Tumor_proliferating,Tumor,entering_hypoxia,-0.6982641230943231,0.4789041790849301,-0.3102770370320963,0.5908594727516174,0.4091405272483825,True,E28S,-0.6982641230943231,0.4789041790849301,Normoxic,0.921005974978513,0.6054993295485167,0.2641694100492516,0.13033126040223167
CTCAATTCAACTGGGC,edge_gfp_minus,edge,GFP-,Tumor_proliferating,Tumor,normoxic_stable,-0.8121743850741086,-0.4428970130090888,0.4830594449145367,0.3961429595947265,0.6038570404052734,True,E28S,-0.8121743850741086,-0.4428970130090888,Normoxic,1.0214978633997431,0.4983714128447804,0.32002164726651394,0.18160693988870555
GCCAATGCACCTTCGG,edge_gfp_minus,edge,GFP-,Tumor_proliferating,Tumor,entering_hypoxia,-0.1842545551183869,1.3698717396829008,1.3226220602400416,0.6596459150314331,0.3403540849685669,True,E28S,-0.1842545551183869,1.3698717396829008,Normoxic,1.0655212445390219,0.4508647485718736,0.30518431822918846,0.24395093319893807
GCAATCGCATCACTCA,edge_gfp_minus,edge,GFP-,Tumor_proliferating,Tumor,persistent_hypoxia,0.5076507584142422,0.3999055052650742,0.3703112833497713,0.5457488596439362,0.4542511403560638,True,E28S,0.5076507584142422,0.3999055052650742,Saddle / ICS,1.0505871256010497,0.21626293638151597,0.4677711772890682,0.3159658863294159
ATCAGGTCACTTCACA,edge_gfp_minus,edge,GFP-,Tumor_proliferating,Tumor,transitional,0.0051121408408294,-0.1289034150501704,0.6888154639951546,0.5467711091041565,0.4532288908958435,True,E28S,0.0051121408408294,-0.1289034150501704,Saddle / ICS,1.0660229326846449,0.3243686961462876,0.44160214028331096,0.2340291635704014
TACTGTTCAATCGACG,edge_gfp_minus,edge,GFP-,Tumor_proliferating,Tumor,exiting_hypoxia,0.6534369651170495,-0.5242532942442873,0.2572270417514257,0.5369811654090881,0.4630188345909118,True,E28S,0.6534369651170495,-0.5242532942442873,Saddle / ICS,0.9503265993726303,0.10186797035172944,0.47394579019042726,0.42418623945784345
AATCGCGCAAGCGTAT,edge_gfp_minus,edge,GFP-,Tumor_proliferating,Tumor,exiting_hypoxia,-0.0947909708858196,-0.6164664621774653,0.1343263499947065,0.5346850454807281,0.4653149545192718,True,E28S,-0.0947909708858196,-0.6164664621774653,Saddle / ICS,1.069081334435085,0.2674463207526026,0.4501736899999831,0.2823799892474142
AATCAGCCACATGCGA,edge_gfp_minus,edge,GFP-,Tumor_proliferating,Tumor,exiting_hypoxia,-0.4042428587691526,-1.0017925752940404,3.704067782963789,0.5776834487915039,0.4223165512084961,True,E28S,-0.4042428587691526,-1.0017925752940404,Saddle / ICS,1.0798832924103023,0.2574138396530367,0.4150664956810692,0.32751966466589405
AGGTTCGCATCCTTGA,edge_gfp_minus,edge,GFP-,Tumor,Tumor,entering_hypoxia,-0.6856936051501431,0.9119477090117876,-0.2864474186377163,0.0431082844734191,0.9568917155265808,True,E28S,-0.6856936051501431,0.9119477090117876,Normoxic,0.9165809770270494,0.617351260374732,0.2427551440259501,0.13989359559931794
GCTTCACCATGGCTTC,edge_gfp_minus,edge,GFP-,Tumor_proliferating,Tumor,normoxic_stable,-0.7232969586949577,-0.2516996733424954,-0.1662763233135925,0.5698533952236176,0.4301466047763824,True,E28S,-0.7232969586949577,-0.2516996733424954,Normoxic,1.0024006708232327,0.5170087288778441,0.31844534388416673,0.16454592723798916
ACGCGGTCAGGTTGCA,edge_gfp_minus,edge,GFP-,Tumor_proliferating,Tumor,persistent_hypoxia,0.4408962651471166,-0.0736871258982369,-0.3171661513767965,0.6438097357749939,0.3561902642250061,True,E28S,0.4408962651471166,-0.0736871258982369,Saddle / ICS,1.0352211690032538,0.19749911485433477,0.48579017598348584,0.31671070916217936
TAAGTCACATAACTTC,edge_gfp_minus,edge,GFP-,Tumor,Tumor,entering_hypoxia,-1.1768242809522838,0.9347738876310336,-0.2913926125772358,0.0294473767280578,0.970552623271942,True,E28S,-1.1768242809522838,0.9347738876310336,Normoxic,0.8007836254797576,0.708307140196239,0.17294127812602617,0.11875158167773481
AACGACTCAAACTAGC,edge_gfp_minus,edge,GFP-,Tumor_proliferating,Tumor,exiting_hypoxia,0.0064217688470934,-0.7931660466137966,4.489441047066154,0.5589475631713867,0.4410524368286133,True,E28S,0.0064217688470934,-0.7931660466137966,Saddle / ICS,1.0489103690247807,0.20600144721497193,0.4600557147630336,0.3339428380219945
CTAAAGCCAATACTTC,edge_gfp_minus,edge,GFP-,Tumor,Tumor,entering_hypoxia,-0.8799931799452155,0.957321805025316,-0.3344060988931482,0.0463120937347412,0.9536879062652588,True,E28S,-0.8799931799452155,0.957321805025316,Normoxic,0.8682137880097514,0.659135786524655,0.21081960624429735,0.13004460723104763
TCACATTCACCTACGT,edge_gfp_minus,edge,GFP-,Tumor_proliferating,Tumor,exiting_hypoxia,0.5000470081644687,-0.6136483732055794,-0.0659798031402636,0.5241583287715912,0.4758416712284088,True,E28S,0.5000470081644687,-0.6136483732055794,Saddle / ICS,0.9759707423123787,0.12196782960655428,0.4779776095473258,0.40005456084611996
GGCCAACCATCGAAGT,edge_gfp_minus,edge,GFP-,Tumor_proliferating,Tumor,exiting_hypoxia,-0.4406745661541645,-0.801785794465987,-0.3046242846541273,0.4971216917037964,0.5028783082962036,True,E28S,-0.4406745661541645,-0.801785794465987,Saddle / ICS,1.084892785934784,0.31753805650606226,0.408010376875984,0.2744515666179538
CACCATCCAATGTCAA,edge_gfp_minus,edge,GFP-,Tumor_proliferating,Tumor,exiting_hypoxia,-0.2129852437824424,-1.4527457409014832,0.108173022339158,0.4879395365715027,0.5120604634284973,True,E28S,-0.2129852437824424,-1.4527457409014832,Hypoxic,0.9675307806974904,0.11801909965589676,0.38641542089356734,0.4955654794505359
CCAACCTCAAGCACGC,edge_gfp_minus,edge,GFP-,Tumor_proliferating,Tumor,reverted_stable,-0.7013016543943277,-1.4709953358630796,-0.2912998213835259,0.4607954621315002,0.5392045378684998,True,E28S,-0.7013016543943277,-1.4709953358630796,Hypoxic,1.0373269101207572,0.18580150897830783,0.3533773923887895,0.46082109863290266
CGATTCCCACAATCGG,edge_gfp_minus,edge,GFP-,Tumor_proliferating,Tumor,normoxic_stable,-0.7359674187185259,0.1047046748804458,-0.1605458808742255,0.5325596034526825,0.4674403965473175,True,E28S,-0.7359674187185259,0.1047046748804458,Normoxic,0.9479953320542243,0.5772914045591273,0.2849274686971922,0.13778112674368045
TCAATCTCATGAAGTC,edge_gfp_minus,edge,GFP-,Tumor_proliferating,Tumor,normoxic_stable,-0.8396487793000522,-0.0707209720714781,2.1533611934373296,0.5448766648769379,0.4551233351230621,True,E28S,-0.8396487793000522,-0.0707209720714781,Normoxic,0.9522887401961797,0.5759581978292889,0.2815049777299619,0.14253682444074908
GGCGAGACAGCTCAAG,edge_gfp_minus,edge,GFP-,Tumor,Tumor,entering_hypoxia,-0.9689248258155716,0.9097120159989492,-0.346791147779394,0.050605297088623,0.949394702911377,True,E28S,-0.9689248258155716,0.9097120159989492,Normoxic,0.8453307063857948,0.6760326702748907,0.20009240858539015,0.12387492113971932
AGCTAACCAGGAATCT,edge_gfp_minus,edge,GFP-,Tumor_proliferating,Tumor,exiting_hypoxia,-0.4048297316767837,-2.3576215796025046,-0.344417808261945,0.526112973690033,0.473887026309967,True,E28S,-0.4048297316767837,-2.3576215796025046,Hypoxic,0.5386184363576025,0.01906310400065937,0.1649083347677271,0.8160285612316135
CAGTTAACACAGGGCT,edge_gfp_minus,edge,GFP-,Tumor_proliferating,Tumor,entering_hypoxia,-1.1768242809522838,0.7681941970455112,-0.3272179010767684,0.620414525270462,0.3795854747295379,True,E28S,-1.1768242809522838,0.7681941970455112,Normoxic,0.7994316602053467,0.7076955149382042,0.1788566422472587,0.11344784281453724
CTTACGCCAACTGGAT,edge_gfp_minus,edge,GFP-,Tumor_proliferating,Tumor,transitional,-0.5107366470213316,-0.202216781682143,1.4809542687070092,0.5425945520401001,0.4574054479598999,True,E28S,-0.5107366470213316,-0.202216781682143,Normoxic,1.0281970849416413,0.4702628653463294,0.3536839144152118,0.17605322023845887
GTTGCCTCATCGTACC,edge_gfp_minus,edge,GFP-,Tumor_proliferating,Tumor,entering_hypoxia,-0.5445950110520067,1.346821892663506,-0.0810284834789531,0.6195701658725739,0.3804298341274261,True,E28S,-0.5445950110520067,1.346821892663506,Normoxic,0.9840595547563799,0.5630521899827841,0.247933008274838,0.1890148017423779
TACATTCCAAATGGCT,edge_gfp_minus,edge,GFP-,Tumor_proliferating,Tumor,exiting_hypoxia,0.7990744361433116,-1.3628684500815396,0.2724266758236612,0.5128062069416046,0.4871937930583954,True,E28S,0.7990744361433116,-1.3628684500815396,Hypoxic,0.7353418377049752,0.02484814729777982,0.3226089809391511,0.6525428717630691
ACTACTTCAAGCGTAT,edge_gfp_minus,edge,GFP-,Tumor_proliferating,Tumor,entering_hypoxia,-0.9776633769279072,1.908154375588524,0.2245170758498055,0.628772646188736,0.371227353811264,True,E28S,-0.9776633769279072,1.908154375588524,Normoxic,0.9706020658177044,0.5723643201783432,0.17145362149604843,0.2561820583256084
CTGATTTCATAGAGTC,edge_gfp_minus,edge,GFP-,Tumor_proliferating,Tumor,exiting_hypoxia,0.4924671558997763,-0.5371030430263617,0.1220331024602985,0.5382323265075684,0.4617676734924316,True,E28S,0.4924671558997763,-0.5371030430263617,Saddle / ICS,0.9867483200643821,0.13235333412912154,0.48259410810245934,0.3850525577684192
AGACGTTCACTAACTT,edge_gfp_minus,edge,GFP-,Tumor_proliferating,Tumor,exiting_hypoxia,0.2675225524943381,-0.5284975164475796,3.418043264107813,0.5447262227535248,0.4552737772464752,True,E28S,0.2675225524943381,-0.5284975164475796,Saddle / ICS,1.0310094665881713,0.1860355819730119,0.4812010153329777,0.3327634026940104
CCTCACGCAGGACTCA,edge_gfp_minus,edge,GFP-,Tumor,Tumor,entering_hypoxia,-1.1768242809522838,0.9390262076671284,-0.2964374309540262,0.0442423224449157,0.9557576775550842,True,E28S,-1.1768242809522838,0.9390262076671284,Normoxic,0.8009084188243988,0.7082659263979155,0.17280459862865144,0.11892947497343297
ATGGGTTCAATGAAGG,edge_gfp_minus,edge,GFP-,Tumor_proliferating,Tumor,exiting_hypoxia,-0.2350889613830673,-0.8582704807334087,0.2808379869491678,0.5237017273902893,0.4762982726097107,True,E28S,-0.2350889613830673,-0.8582704807334087,Saddle / ICS,1.07262925604419,0.25192939148831367,0.4360770480067688,0.31199356050491767
GTGTTCCCAAGCATGT,edge_gfp_minus,edge,GFP-,Tumor_proliferating,Tumor,exiting_hypoxia,-0.1778448465937037,-1.4457548190087697,0.2843303909389089,0.4880062937736511,0.5119937062263489,True,E28S,-0.1778448465937037,-1.4457548190087697,Hypoxic,0.9626850422421411,0.11436096788550387,0.3882973014364145,0.4973417306780816
CAGGAGGCAGCCTATC,edge_gfp_minus,edge,GFP-,Tumor_proliferating,Tumor,exiting_hypoxia,-0.1054688677586757,-1.2216638466190195,-0.178142346370513,0.4971522092819214,0.5028477907180786,True,E28S,-0.1054688677586757,-1.2216638466190195,Hypoxic,1.0069843796035882,0.14540639705471792,0.42358007064330283,0.43101353230197936
CGCTCATCACATGACG,edge_gfp_minus,edge,GFP-,Tumor_proliferating,Tumor,normoxic_stable,-0.9705043081010004,-0.3872087822207072,0.480012806475857,0.4464325308799743,0.5535674691200256,True,E28S,-0.9705043081010004,-0.3872087822207072,Normoxic,0.9883860836204783,0.5449012115020181,0.28785314991081645,0.16724563858716548
TACTCCACAAACCGAT,edge_gfp_minus,edge,GFP-,Tumor_proliferating,Tumor,normoxic_stable,-0.7265296073731384,0.2251232611035281,1.4590205091716582,0.5471265912055969,0.4528734087944031,True,E28S,-0.7265296073731384,0.2251232611035281,Normoxic,0.9359134360969166,0.5894869925376773,0.2770866993360104,0.1334263081263124
TCCATCACACAATCCC,edge_gfp_minus,edge,GFP-,Tumor,Tumor,entering_hypoxia,-0.5186886169329956,1.029642974974202,-0.3359580415807249,0.0382343530654907,0.9617656469345092,True,E28S,-0.5186886169329956,1.029642974974202,Normoxic,0.965205228481544,0.5732559855300868,0.26570367524608063,0.1610403392238326
TACAGGTCAGGATTAC,edge_gfp_minus,edge,GFP-,Tumor_proliferating,Tumor,normoxic_stable,-0.5213381781120745,-0.169210238895638,2.5121812578276854,0.5048429369926453,0.4951570630073547,True,E28S,-0.5213381781120745,-0.169210238895638,Normoxic,1.022736940061093,0.4791587267200781,0.348748283096632,0.17209299018328994
GTAACCGCAGCAGGGA,edge_gfp_minus,edge,GFP-,Tumor,Tumor,entering_hypoxia,-1.1768242809522838,0.9198487487229244,-0.3256755265769379,0.0300710797309875,0.9699289202690125,True,E28S,-1.1768242809522838,0.9198487487229244,Normoxic,0.8003814176842073,0.7084289863343314,0.1734263981672951,0.1181446154983735
GTGTGGCCAAGTCGCA,edge_gfp_minus,edge,GFP-,Tumor_proliferating,Tumor,persistent_hypoxia,0.6861855485167666,0.4453739843486348,0.9004496914156872,0.7253395020961761,0.2746604979038238,True,E28S,0.6861855485167666,0.4453739843486348,Saddle / ICS,1.021237415915222,0.16596710670688836,0.46822297484987696,0.3658099184432346
CGGTCAACAAGCATAC,edge_gfp_minus,edge,GFP-,Tumor_proliferating,Tumor,entering_hypoxia,-0.0633880020068947,1.229052229709451,-0.04855174176782,0.5672497153282166,0.4327502846717834,True,E28S,-0.0633880020068947,1.229052229709451,Normoxic,1.0754407796195982,0.4204373480634726,0.33380549764486467,0.2457571542916628
AGTATTGCACTATGCC,edge_gfp_minus,edge,GFP-,Tumor_proliferating,Tumor,exiting_hypoxia,-0.139262617614139,-0.7333092118144835,1.9082989821598548,0.5482248067855835,0.4517751932144165,True,E28S,-0.139262617614139,-0.7333092118144835,Saddle / ICS,1.069288070438219,0.2551503419442764,0.4467305123424399,0.29811914571328363
ACGGTTGCACTTAGCC,edge_gfp_minus,edge,GFP-,Tumor_proliferating,Tumor,normoxic_stable,-0.7993662666794906,-0.0441479964594599,1.334000043276287,0.5046922564506531,0.4953077435493469,True,E28S,-0.7993662666794906,-0.0441479964594599,Normoxic,0.9559329345295128,0.5710082060696476,0.2862179077391737,0.14277388619117876
CTGACCTCAATGAAGG,edge_gfp_minus,edge,GFP-,Tumor_proliferating,Tumor,persistent_hypoxia,0.1608582525499259,0.0530939559845071,2.5170518257159,0.4942331910133362,0.5057668089866638,True,E28S,0.1608582525499259,0.0530939559845071,Saddle / ICS,1.0653045626079578,0.29826962464144896,0.4535376766116957,0.2481926987468554
ATTATCCCATCACGCT,edge_gfp_minus,edge,GFP-,Tumor_proliferating,Tumor,exiting_hypoxia,0.7007687356266714,-0.4859884419796169,0.9574987985757658,0.4764731526374817,0.5235268473625183,True,E28S,0.7007687356266714,-0.4859884419796169,Saddle / ICS,0.9430684684212127,0.09677129243515588,0.472129687156114,0.43109902040873016
CAATAGCCAATTCAGA,edge_gfp_minus,edge,GFP-,Tumor_proliferating,Tumor,transitional,-0.4035909590581149,-0.0992759617701918,2.259363668618773,0.3839749097824096,0.6160250902175903,True,E28S,-0.4035909590581149,-0.0992759617701918,Normoxic,1.032499850852998,0.45724829563938857,0.36530626607471545,0.17744543828589587
CGTACAGCAATGCCAG,edge_gfp_minus,edge,GFP-,Tumor_proliferating,Tumor,transitional,-0.2994258534607629,-0.4349044275339545,-0.013995103578902,0.3374392390251159,0.662560760974884,True,E28S,-0.2994258534607629,-0.4349044275339545,Saddle / ICS,1.0690663883159186,0.3635499340372566,0.41112690121685735,0.22532316474588604
CGTATCCCAAGGTACT,edge_gfp_minus,edge,GFP-,Tumor_proliferating,Tumor,normoxic_stable,-0.6244325371092182,0.2016579325578877,-0.0877704635792524,0.6113211810588837,0.3886788189411163,True,E28S,-0.6244325371092182,0.2016579325578877,Normoxic,0.9610486018676282,0.5614335767358989,0.29749873619391004,0.14106768707019104
ACTACAACAATCTCGC,edge_gfp_minus,edge,GFP-,Tumor_proliferating,Tumor,reverted_stable,-0.8977211795795184,-0.8184484917954153,3.4915590804180074,0.5439519286155701,0.4560480713844299,True,E28S,-0.8977211795795184,-0.8184484917954153,Normoxic,1.0750561893083157,0.41991224848254105,0.3359415923026728,0.2441461592147861
TCTGACCCAAATCCTT,edge_gfp_minus,edge,GFP-,Tumor,Tumor,entering_hypoxia,-0.7523604008706135,0.8094240419195214,-0.3258477204633099,0.0389053225517272,0.9610946774482728,True,E28S,-0.7523604008706135,0.8094240419195214,Normoxic,0.897639319408984,0.6320350233593196,0.23663048422795827,0.13133449241272216
CCTATCACAAACCGGC,edge_gfp_minus,edge,GFP-,Tumor_proliferating,Tumor,entering_hypoxia,-0.0123248388496827,1.3634568674200986,0.216341731964938,0.5701107680797577,0.4298892319202423,True,E28S,-0.0123248388496827,1.3634568674200986,Normoxic,1.0885624533969647,0.391886890026065,0.33179515992084946,0.27631795005308557
CACAAGTCAGGGCTTA,edge_gfp_minus,edge,GFP-,Tumor_proliferating,Tumor,entering_hypoxia,-0.833822157561624,1.408344425192215,0.3629229560081427,0.6295321583747864,0.3704678416252136,True,E28S,-0.833822157561624,1.408344425192215,Normoxic,0.9185687301375095,0.6262674062525159,0.20300380506968035,0.17072878867780383
GGGCATCCATGGCTGA,edge_gfp_minus,edge,GFP-,Tumor_proliferating,Tumor,reverted_stable,-0.7799004035345073,-0.4916979295433311,1.8791233829828229,0.5605944395065308,0.4394055604934692,True,E28S,-0.7799004035345073,-0.4916979295433311,Normoxic,1.0339846978312766,0.47965545738968024,0.33006716141948556,0.19027738119083418
CATACTTCATAACTTC,edge_gfp_minus,edge,GFP-,Tumor_proliferating,Tumor,entering_deep_hypoxia,0.4862100897564696,1.100305698547035,0.7294194541048541,0.2028020024299621,0.7971979975700378,True,E28S,0.4862100897564696,1.100305698547035,Saddle / ICS,1.0725332484021435,0.2320317369474318,0.40798756146207366,0.35998070159049445
TGCCTCGCATTCGTGC,edge_gfp_minus,edge,GFP-,Tumor_proliferating,Tumor,normoxic_stable,-0.7262790458664026,-0.4521088333560659,0.4838460471624932,0.5327673256397247,0.4672326743602752,True,E28S,-0.7262790458664026,-0.4521088333560659,Normoxic,1.0340678851350436,0.4758957629297425,0.3360772694100857,0.18802696766017182
GCGTAGCCACCTGGAA,edge_gfp_minus,edge,GFP-,Tumor_proliferating,Tumor,exiting_hypoxia,-0.153337732307064,-0.6720644408533295,0.6306721055802532,0.531491219997406,0.468508780002594,True,E28S,-0.153337732307064,-0.6720644408533295,Saddle / ICS,1.072058193323437,0.2719414055600942,0.4441377774390225,0.2839208170008834
TGTATTCCAATGAGCT,edge_gfp_minus,edge,GFP-,Tumor_proliferating,Tumor,exiting_hypoxia,1.072022079824876,-1.9745162502918785,0.0290892217722822,0.4360278844833374,0.5639721155166626,True,E28S,1.072022079824876,-1.9745162502918785,Hypoxic,0.4272643667832184,0.0031814302607420424,0.1407246589237025,0.8560939108155554
GGACATTCATCCAAGG,edge_gfp_minus,edge,GFP-,Tumor_proliferating,Tumor,entering_hypoxia,-0.836316112004274,1.3824507369225991,-0.1095678434137849,0.1184673905372619,0.881532609462738,True,E28S,-0.836316112004274,1.3824507369225991,Normoxic,0.9145719498756119,0.6292598462326888,0.20338730778499592,0.16735284598231526
GTTCCCGCATGCTCGT,edge_gfp_minus,edge,GFP-,Tumor_proliferating,Tumor,exiting_hypoxia,-0.1266477871843738,-0.6843752228503698,0.4881444951565684,0.4814869165420532,0.5185130834579468,True,E28S,-0.1266477871843738,-0.6843752228503698,Saddle / ICS,1.0698129282811202,0.26214278167139615,0.4476262826520528,0.29023093567655106
TGCTGTCCATAATCAG,edge_gfp_minus,edge,GFP-,Tumor_proliferating,Tumor,transitional,-0.4741191844480572,0.0883264508183737,0.3106750438263079,0.5225304961204529,0.4774695038795471,True,E28S,-0.4741191844480572,0.0883264508183737,Normoxic,1.0029554537433762,0.5060680652104159,0.3355399384304421,0.15839199635914203
TCACAGGCATTCCTTC,edge_gfp_minus,edge,GFP-,Tumor_proliferating,Tumor,exiting_hypoxia,0.6189597028988827,-0.6003837821814941,4.508054572966421,0.5495684742927551,0.4504315257072449,True,E28S,0.6189597028988827,-0.6003837821814941,Saddle / ICS,0.9491484560551408,0.10085938440809059,0.47134922718158595,0.42779138841032344
GTACAACCACAAGGTT,edge_gfp_minus,edge,GFP-,Tumor_proliferating,Tumor,transitional,-0.0351634063247864,0.014430957759875,2.43616946300784,0.5632516145706177,0.4367483854293823,True,E28S,-0.0351634063247864,0.014430957759875,Saddle / ICS,1.0627511133598424,0.35807177547282043,0.42524026039728074,0.2166879641298989
CACACCTCAACTCGTC,edge_gfp_minus,edge,GFP-,Tumor_proliferating,Tumor,exiting_hypoxia,1.252297503727157,-0.9165737208384412,-0.1847921441963834,0.3710169792175293,0.6289830207824707,True,E28S,1.252297503727157,-0.9165737208384412,Hypoxic,0.7007100937305604,0.0170619069127548,0.31212163793259906,0.670816455154646
GTCATCCCACTATACT,edge_gfp_minus,edge,GFP-,Tumor_proliferating,Tumor,reverted_stable,-0.6618242471927289,-0.6045789884376217,3.633906249849139,0.4071791172027588,0.5928208827972412,True,E28S,-0.6618242471927289,-0.6045789884376217,Normoxic,1.0626542187041248,0.4237279985012459,0.3602735756807414,0.21599842581801282
TGGCTCTCATCGTACC,edge_gfp_minus,edge,GFP-,Tumor_proliferating,Tumor,normoxic_stable,-0.664944104126169,-0.3296704397523944,4.791182867399266,0.3497756123542785,0.6502243876457214,True,E28S,-0.664944104126169,-0.3296704397523944,Normoxic,1.023283161260346,0.48692293867114006,0.3362145281720303,0.17686253315682973
ACCAAATTCAGGTAGG,core_gfp_plus,core,GFP+,Tumor_proliferating,Tumor,persistent_hypoxia,0.9353350830106356,0.2003614552801615,0.0808164143927329,0.5056606233119965,0.4943393766880035,True,E28S,0.9353350830106356,0.2003614552801615,Saddle / ICS,0.944133051556336,0.0969675706168237,0.46027252394113477,0.4427599054420414
GCGATGTTCCATCTAC,core_gfp_plus,core,GFP+,Tumor_proliferating,Tumor,persistent_hypoxia,2.096811157407813,0.4274011540809564,0.2302691063007063,0.5094179809093475,0.4905820190906524,True,E28S,2.096811157407813,0.4274011540809564,Hypoxic,0.46477489589327636,0.0038203761236882327,0.16041755554202303,0.8357620683342888
TGCCATTTCCCAGGAT,core_gfp_plus,core,GFP+,Tumor_proliferating,Tumor,persistent_hypoxia,1.6275773791396495,0.0429592018812028,0.730046706948931,0.5660919547080994,0.4339080452919006,True,E28S,1.6275773791396495,0.0429592018812028,Hypoxic,0.6825167702969894,0.01580772918001883,0.2953379763979983,0.6888542944219829
TAACCGATCTAGCCAA,core_gfp_plus,core,GFP+,Tumor_proliferating,Tumor,entering_deep_hypoxia,1.4048159352478016,0.6542063718813255,0.0839783204428757,0.5074962377548218,0.4925037622451782,True,E28S,1.4048159352478016,0.6542063718813255,Hypoxic,0.7835918657780847,0.03648983450237518,0.3424108645612119,0.6210993009364129
TGTCCCATCAAGTAGA,core_gfp_plus,core,GFP+,Tumor_proliferating,Tumor,transitional,-0.0956672129047579,-0.028732302346851,0.0482862275556156,0.5591909885406494,0.4408090114593506,True,E28S,-0.0956672129047579,-0.028732302346851,Saddle / ICS,1.0604758458551338,0.3718364318577627,0.4177386271735059,0.21042494096873135
CATACCTTCTGTCATC,core_gfp_plus,core,GFP+,Tumor_proliferating,Tumor,entering_deep_hypoxia,2.116530654683817,0.6227187330399007,0.1060375573716611,0.4966246485710144,0.5033753514289856,True,E28S,2.116530654683817,0.6227187330399007,Hypoxic,0.44534340527289007,0.003643381556322577,0.14949999600690228,0.8468566224367752
CTAAGGCTCGATCGGT,core_gfp_plus,core,GFP+,Tumor_proliferating,Tumor,persistent_hypoxia,2.960212354261117,0.3162691160854783,0.0252423243511936,0.5335972011089325,0.4664027988910675,True,E28S,2.960212354261117,0.3162691160854783,Hypoxic,0.13228888197299116,8.523294490074707e-05,0.029045245699942674,0.9708695213551567
CTCTTAATCGCTGAGT,core_gfp_plus,core,GFP+,Tumor_proliferating,Tumor,entering_deep_hypoxia,2.713644478045873,0.4851788560752523,0.1616605271746905,0.5278690755367279,0.4721309244632721,True,E28S,2.713644478045873,0.4851788560752523,Hypoxic,0.20106053654423908,0.00029007424910163594,0.04996854401571704,0.9497413817351813
TCGTCATTCTAGTCGA,core_gfp_plus,core,GFP+,Tumor_proliferating,Tumor,persistent_hypoxia,1.3715233079206406,0.2708710585741378,0.1950965033295172,0.5458073318004608,0.4541926681995392,True,E28S,1.3715233079206406,0.2708710585741378,Hypoxic,0.7978271535174978,0.03644441897834219,0.369236807349349,0.5943187736723088
TGGGGTTTCCGCACCT,core_gfp_plus,core,GFP+,Tumor_proliferating,Tumor,normoxic_stable,-0.5938598337478975,0.2353303838496406,0.7482941223870948,0.541831374168396,0.458168625831604,True,E28S,-0.5938598337478975,0.2353303838496406,Normoxic,0.9645022419044518,0.5572470850061719,0.3005719209703337,0.14218099402349438
CAACTGATCTAGCTCT,core_gfp_plus,core,GFP+,Tumor_proliferating,Tumor,persistent_hypoxia,0.3899732712320453,0.3799831390346083,-0.241114747705462,0.5691300630569458,0.4308699369430542,True,E28S,0.3899732712320453,0.3799831390346083,Saddle / ICS,1.0629144462856384,0.2527369279772854,0.4604750015174849,0.28678807050522975
AATGGCCTCTCACTGT,core_gfp_plus,core,GFP+,Tumor_proliferating,Tumor,transitional,-0.3778714420738474,0.317988753623812,-0.0063946829798688,0.5589214265346527,0.4410785734653473,True,E28S,-0.3778714420738474,0.317988753623812,Normoxic,1.0042745777608746,0.504642385671544,0.33598166789705164,0.15937594643140443
GGTTAGCTCACACCGG,core_gfp_plus,core,GFP+,Tumor_proliferating,Tumor,reverted_stable,-0.5722732835148371,-0.5380152429104942,2.272855298588743,0.5452694892883301,0.4547305107116699,True,E28S,-0.5722732835148371,-0.5380152429104942,Normoxic,1.061630561922712,0.4168698063570006,0.37083617834912636,0.2122940152938731
GGTAATTTCCAATGAT,core_gfp_plus,core,GFP+,Tumor_proliferating,Tumor,entering_hypoxia,-0.4165432748293312,0.6407478820472546,0.0913938879766649,0.4981447458267212,0.5018552541732788,True,E28S,-0.4165432748293312,0.6407478820472546,Normoxic,0.9839132920396491,0.539598720758243,0.3056918662855711,0.15470941295618593
CTAATGGTCGTTACTC,core_gfp_plus,core,GFP+,Tumor_proliferating,Tumor,entering_hypoxia,-0.4248522247715425,1.6438532924868674,0.1823930944157146,0.4276108741760254,0.5723891258239746,True,E28S,-0.4248522247715425,1.6438532924868674,Normoxic,1.0448159581559415,0.4924812322159978,0.2528363651521792,0.254682402631823
ATCCGGGTCCTGATGA,core_gfp_plus,core,GFP+,Tumor_proliferating,Tumor,entering_deep_hypoxia,2.861614877710058,0.7755266551348796,0.2586527245423922,0.4975908994674682,0.5024091005325317,True,E28S,2.861614877710058,0.7755266551348796,Hypoxic,0.14558803119520136,0.00014362217428723207,0.03275094716409167,0.967105430661621
GTAGCTATCGCTCTGC,core_gfp_plus,core,GFP+,Tumor_proliferating,Tumor,exiting_hypoxia,1.2660094223873448,-0.475396968746161,-0.0553563717091057,0.4822903871536255,0.5177096128463745,True,E28S,1.2660094223873448,-0.475396968746161,Hypoxic,0.7730829543620803,0.0283212394185755,0.3671506227911357,0.6045281377902888
CACCAAATCATCTGGA,core_gfp_plus,core,GFP+,Tumor_proliferating,Tumor,transitional,-0.4670804526906265,0.0467282464121739,0.105130235109624,0.5693674683570862,0.4306325316429138,True,E28S,-0.4670804526906265,0.0467282464121739,Normoxic,1.0082295250348037,0.4982625527751045,0.3404291269253304,0.16130832029956504
TACATCCTCTGTAACG,core_gfp_plus,core,GFP+,Tumor_proliferating,Tumor,exiting_hypoxia,1.5934837984616774,-1.4343805957830422,-0.1527003296213284,0.4972952008247375,0.5027047991752625,True,E28S,1.5934837984616774,-1.4343805957830422,Hypoxic,0.4366514415286374,0.0024637144345600694,0.14832326396249987,0.8492130216029401
TATCGCTTCCACCTAT,core_gfp_plus,core,GFP+,Tumor_proliferating,Tumor,transitional,-0.5034920412939433,-0.2056003486630873,-0.1941829354792486,0.6086581945419312,0.3913418054580688,True,E28S,-0.5034920412939433,-0.2056003486630873,Normoxic,1.0296170739421826,0.4676128213681604,0.355360419514304,0.17702675911753568
CTTCGATTCTGGTCAA,core_gfp_plus,core,GFP+,Tumor_proliferating,Tumor,transitional,-0.2118877289983163,-0.1428303376719585,0.0265777431609475,0.5896878838539124,0.4103121161460876,True,E28S,-0.2118877289983163,-0.1428303376719585,Saddle / ICS,1.0571103453068296,0.391339739549754,0.4052731905443352,0.20338706990591082
ACCCAAATCAATTGCG,core_gfp_plus,core,GFP+,Tumor_proliferating,Tumor,transitional,-0.4909338219185968,0.0143907443403168,-0.1087847357067307,0.6087487637996674,0.3912512362003326,True,E28S,-0.4909338219185968,0.0143907443403168,Normoxic,1.007209974952553,0.5004026324602354,0.3385492614632803,0.16104810607648426
CTACGGGTCAGGGATG,core_gfp_plus,core,GFP+,Tumor_proliferating,Tumor,transitional,-0.0349569484237111,0.2305972086302531,-0.2044233905297038,0.6040805280208588,0.3959194719791412,True,E28S,-0.0349569484237111,0.2305972086302531,Saddle / ICS,1.0587860702591798,0.38430931728570217,0.4093636783146124,0.20632700439968535
GCATTGATCCCAGTCC,core_gfp_plus,core,GFP+,Tumor_proliferating,Tumor,transitional,-0.0506448254419911,-0.1749143467506479,-0.1086910683466894,0.597106009721756,0.402893990278244,True,E28S,-0.0506448254419911,-0.1749143467506479,Saddle / ICS,1.0660731734206021,0.335027338242913,0.43563227075213995,0.22934039100494702
GGATGCTTCTTGACTC,core_gfp_plus,core,GFP+,Tumor_proliferating,Tumor,entering_hypoxia,-0.3456579580032905,1.309647560261438,0.1392070032106677,0.576325923204422,0.423674076795578,True,E28S,-0.3456579580032905,1.309647560261438,Normoxic,1.0283388687952486,0.5084285981810382,0.2821419764303414,0.20942942538862042
GGCAAAGTCATGTAAC,core_gfp_plus,core,GFP+,Tumor,Tumor,entering_hypoxia,-0.439299407272662,2.072799677607652,-0.3726577807333888,0.079097032546997,0.9209029674530028,True,E28S,-0.439299407272662,2.072799677607652,Normoxic,1.0682215428437198,0.4031178049516658,0.22207228862214168,0.3748099064261926
CTCGCTATCATCGAAT,core_gfp_plus,core,GFP+,Tumor_proliferating,Tumor,transitional,-0.0955163581158106,-0.297088923465664,-0.1912312224902877,0.597255676984787,0.402744323015213,True,E28S,-0.0955163581158106,-0.297088923465664,Saddle / ICS,1.0681013330635125,0.3285320170647772,0.4360859847886186,0.23538199814660432
CGATCCCTCCGCACTC,core_gfp_plus,core,GFP+,Tumor_proliferating,Tumor,entering_deep_hypoxia,1.5806213732135457,1.146466192636059,-0.0964623019554062,0.3532655835151672,0.6467344164848328,True,E28S,1.5806213732135457,1.146466192636059,Hypoxic,0.6505619925061484,0.02033458593568351,0.2452108294804853,0.7344545845838313
CAACCAATCCTGAATG,core_gfp_plus,core,GFP+,Tumor_proliferating,Tumor,exiting_hypoxia,1.4734990927183136,-0.9043084486425708,0.840388392728633,0.571005254983902,0.428994745016098,True,E28S,1.4734990927183136,-0.9043084486425708,Hypoxic,0.6200894693272389,0.009339404518959243,0.257038113191015,0.7336224822900257
ACCCATTTCAGCACGT,core_gfp_plus,core,GFP+,Tumor_proliferating,Tumor,transitional,-0.3671072155881944,-0.1782283222480459,-0.0608831409514183,0.5757943093776703,0.4242056906223297,True,E28S,-0.3671072155881944,-0.1782283222480459,Normoxic,1.0443920072795083,0.43293837849266914,0.3790113023534107,0.18805031915392004
TGGGTTATCGTTGCTT,core_gfp_plus,core,GFP+,Tumor_proliferating,Tumor,exiting_hypoxia,2.9716551411762544,-1.0638240729310695,4.788461290304947,0.5684925317764282,0.4315074682235718,True,E28S,2.9716551411762544,-1.0638240729310695,Hypoxic,0.08326391909227689,1.745830913881347e-05,0.016248468998994153,0.983734072691867
TGCTAAGTCGCGCTCT,core_gfp_plus,core,GFP+,Tumor_proliferating,Tumor,exiting_hypoxia,0.8232058792007739,-1.7082797200231885,-0.3079517994641133,0.505952924489975,0.494047075510025,True,E28S,0.8232058792007739,-1.7082797200231885,Hypoxic,0.6067689560329269,0.011618789457385944,0.23615373779255358,0.7522274727500604
GGGCCTATCAAGTTAC,core_gfp_plus,core,GFP+,Tumor_proliferating,Tumor,transitional,-0.4764193407403362,0.0346004312140448,-0.2071054846275242,0.5931392014026642,0.4068607985973358,True,E28S,-0.4764193407403362,0.0346004312140448,Normoxic,1.007749353997982,0.4992082028751019,0.3396415562139201,0.16115024091097802
TAAGCCATCTCATTGC,core_gfp_plus,core,GFP+,Tumor_proliferating,Tumor,transitional,-0.4604682567858423,0.0351227818836649,-0.1815647441449149,0.6055380702018738,0.3944619297981262,True,E28S,-0.4604682567858423,0.0351227818836649,Normoxic,1.0105298735605441,0.494691545665506,0.3427071981332314,0.16260125620126248
CAATCGATCATGGCTA,core_gfp_plus,core,GFP+,Tumor_proliferating,Tumor,transitional,-0.4652279299056957,-0.0079593360743634,-0.2618136621291585,0.5972900390625,0.4027099609375,True,E28S,-0.4652279299056957,-0.0079593360743634,Normoxic,1.0139667090065916,0.4897055275592171,0.34546925584917004,0.16482521659161292
ACCTCGCTCGCATTAG,core_gfp_plus,core,GFP+,Tumor_proliferating,Tumor,entering_hypoxia,-0.0009601975274873,1.2767219699090049,0.1025404328557778,0.5761090219020844,0.4238909780979156,True,E28S,-0.0009601975274873,1.2767219699090049,Normoxic,1.085591030922194,0.3950440443941621,0.3400675871303924,0.2648883684754455
TCTGCATTCCGTATAG,core_gfp_plus,core,GFP+,Tumor_proliferating,Tumor,transitional,-0.3924426616104232,-0.1450287494503828,-0.2166944849689443,0.6099246144294739,0.3900753855705261,True,E28S,-0.3924426616104232,-0.1450287494503828,Normoxic,1.0382853756498232,0.4462495685001111,0.37136382148918984,0.18238661001069906
GTGATTGTCATGCGAC,core_gfp_plus,core,GFP+,Tumor_proliferating,Tumor,transitional,-0.1859236953410382,0.2613613578420057,0.2066724035370012,0.5473094880580902,0.4526905119419098,True,E28S,-0.1859236953410382,0.2613613578420057,Normoxic,1.0404608406534248,0.4380965603434767,0.3783609553841288,0.18354248427239453
GGTCTCCTCCTTCGGC,core_gfp_plus,core,GFP+,Tumor_proliferating,Tumor,normoxic_stable,-0.6148102874008614,0.357750852374547,-0.3516189465532053,0.6309145987033844,0.3690854012966156,True,E28S,-0.6148102874008614,0.357750852374547,Normoxic,0.9493777542179502,0.5750300586852934,0.28746187696270464,0.13750806435200189
ATCTACCTCCCGGCAA,core_gfp_plus,core,GFP+,Tumor_proliferating,Tumor,entering_hypoxia,-0.6574347786743984,1.2477874154727349,-0.1889758712650842,0.5774775147438049,0.422522485256195,True,E28S,-0.6574347786743984,1.2477874154727349,Normoxic,0.9449879293356218,0.5996210543795644,0.23388490281018534,0.16649404281025024
GCTCATTTCCTGACCC,core_gfp_plus,core,GFP+,Tumor_proliferating,Tumor,transitional,-0.0691484838109291,0.0820008519725312,-0.2469352986438965,0.5830305516719818,0.4169694483280182,True,E28S,-0.0691484838109291,0.0820008519725312,Saddle / ICS,1.0591008261477117,0.37827020045191845,0.41426981500544297,0.20745998454263853
ATCTACCTCCCGTGTC,core_gfp_plus,core,GFP+,Tumor_proliferating,Tumor,entering_hypoxia,-1.1014225645486877,0.5041323550725664,-0.3290007443881929,0.6106432974338531,0.3893567025661468,True,E28S,-1.1014225645486877,0.5041323550725664,Normoxic,0.8261757102440275,0.6868520447090987,0.20047919924721047,0.11266875604369084
GGTCGATTCAGTGCCG,core_gfp_plus,core,GFP+,Tumor_proliferating,Tumor,transitional,-0.5018001427159567,0.4304969539658945,-0.1547174364116763,0.5688201487064362,0.4311798512935638,True,E28S,-0.5018001427159567,0.4304969539658945,Normoxic,0.97099829031893,0.5508220203418118,0.3034918552645936,0.14568612439359466
AGAATAGTCGCTCAGG,core_gfp_plus,core,GFP+,Tumor_proliferating,Tumor,normoxic_stable,-0.5250671299008867,0.1420456692492637,-0.2611664890088182,0.5519517064094543,0.4480482935905456,True,E28S,-0.5250671299008867,0.1420456692492637,Normoxic,0.987907753866256,0.5275107220561942,0.3211786379670374,0.15131063997676844
AGTATGTTCTGTAACG,core_gfp_plus,core,GFP+,Tumor_proliferating,Tumor,exiting_hypoxia,0.0966763301135985,-1.0226182702882096,-0.2486920011469569,0.5132344961166382,0.4867655038833618,True,E28S,0.0966763301135985,-1.0226182702882096,Saddle / ICS,1.0044954102414922,0.14413672390807886,0.45007340610595703,0.4057898699859641
TGACGGTTCAATCCGA,core_gfp_plus,core,GFP+,Tumor_proliferating,Tumor,normoxic_stable,-0.6672989594753651,-0.0982345056321507,-0.2428634906862904,0.6609555184841156,0.3390444815158844,True,E28S,-0.6672989594753651,-0.0982345056321507,Normoxic,0.9890019638999997,0.5303496010116562,0.31486901579690446,0.15478138319143941
CGAATCATCATCACTC,core_gfp_plus,core,GFP+,Tumor_proliferating,Tumor,exiting_hypoxia,-0.3542156037854921,-0.4913643725206527,-0.0885644864633125,0.6143987774848938,0.3856012225151062,True,E28S,-0.3542156037854921,-0.4913643725206527,Saddle / ICS,1.0704887795371996,0.36743425978602917,0.4055640717754479,0.22700166843852296
CTTGCCATCCGTATGA,core_gfp_plus,core,GFP+,Tumor_proliferating,Tumor,transitional,-0.5078612090247835,0.0357679917145741,-0.1287593260683971,0.5807658135890961,0.4192341864109039,True,E28S,-0.5078612090247835,0.0357679917145741,Normoxic,1.0019221852318294,0.5083083491856928,0.3334342527110406,0.1582573981032666
GCGTCCTTCACACTAG,core_gfp_plus,core,GFP+,Tumor_proliferating,Tumor,entering_hypoxia,-0.6391899556625654,0.5498329718408999,-0.2681576873201796,0.5720396935939789,0.4279603064060211,True,E28S,-0.6391899556625654,0.5498329718408999,Normoxic,0.9318608508028741,0.5955708298529825,0.2700948274450977,0.1343343427019197
CGGTTCCTCCTGCGGA,core_gfp_plus,core,GFP+,Tumor,Tumor,entering_hypoxia,-0.8151300508942427,0.8936914908649918,-0.3331009712122049,0.0523785352706909,0.9476214647293092,True,E28S,-0.8151300508942427,0.8936914908649918,Normoxic,0.8826710242810843,0.6463079999254837,0.22301074069337465,0.1306812593811416
CTATCGTTCGATCGTA,core_gfp_plus,core,GFP+,Tumor_proliferating,Tumor,transitional,-0.2846884033145075,-0.013496661102375,-0.0710014355047495,0.5808524191379547,0.4191475808620453,True,E28S,-0.2846884033145075,-0.013496661102375,Normoxic,1.0415061442917022,0.4345546829382691,0.3811394734236213,0.1843058436381095
GTAGGCTTCCCTGGTC,core_gfp_plus,core,GFP+,Tumor,Tumor,entering_hypoxia,-1.078735838927371,2.003541092313957,-0.2423266841575841,0.0450533032417297,0.9549466967582704,True,E28S,-1.078735838927371,2.003541092313957,Normoxic,0.9696329538189374,0.5649302164366848,0.15778205210858365,0.27728773145473157
ACGCATATCGCTGACG,core_gfp_plus,core,GFP+,Tumor_proliferating,Tumor,persistent_hypoxia,0.5842357033910366,0.252915241593279,0.2925939779858556,0.56224325299263,0.43775674700737,True,E28S,0.5842357033910366,0.252915241593279,Saddle / ICS,1.0310529658599046,0.1844420334652493,0.4784546302813898,0.3371033362533609
AAGTCGCTCAGTTAGT,core_gfp_plus,core,GFP+,Tumor_proliferating,Tumor,exiting_hypoxia,1.3351682955108206,-1.5450317657899262,-0.3333441778904473,0.541942298412323,0.458057701587677,True,E28S,1.3351682955108206,-1.5450317657899262,Hypoxic,0.4968109658462525,0.004314398735413096,0.17899326272587748,0.8166923385387094
CTTAACCTCAGTAGGG,core_gfp_plus,core,GFP+,Tumor_proliferating,Tumor,entering_hypoxia,-1.051180090683242,0.8219181410794154,-0.3167360983168766,0.5717564523220062,0.4282435476779938,True,E28S,-1.051180090683242,0.8219181410794154,Normoxic,0.8254452411246086,0.6896527306892819,0.19246325106548431,0.11788401824523377
ATTGCCTTCCGGGTAT,core_gfp_plus,core,GFP+,Tumor_proliferating,Tumor,entering_hypoxia,-1.1768242809522838,0.5710706527211161,-0.3223520359034686,0.6149556934833527,0.3850443065166473,True,E28S,-1.1768242809522838,0.5710706527211161,Normoxic,0.806570756974772,0.7015313111368257,0.18740635259933627,0.111062336263838
ACAAGTTTCCGTGCAG,core_gfp_plus,core,GFP+,Tumor_proliferating,Tumor,normoxic_stable,-0.691640750432785,-0.1270870574470662,-0.1275815266255228,0.5975483059883118,0.4024516940116882,True,E28S,-0.691640750432785,-0.1270870574470662,Normoxic,0.9887387832823986,0.531664122378245,0.3129477532350906,0.1553881243866644
CGCCACTTCACGCAGT,core_gfp_plus,core,GFP+,Tumor_proliferating,Tumor,normoxic_stable,-0.8489573247734028,-0.3409221988740014,-0.0269451466797535,0.5979858934879303,0.4020141065120697,True,E28S,-0.8489573247734028,-0.3409221988740014,Normoxic,0.9978190966267337,0.5287796769988029,0.30426005777330095,0.16696026522789617
CTCCAGCTCAGGTCCG,core_gfp_plus,core,GFP+,Tumor_proliferating,Tumor,exiting_hypoxia,0.2391793709160791,-0.6374386363051757,2.3856733786981508,0.5385528206825256,0.4614471793174743,True,E28S,0.2391793709160791,-0.6374386363051757,Saddle / ICS,1.0262460050046063,0.17646406268948092,0.4776139948907502,0.3459219424197689
CTATTCATCGACCGCA,core_gfp_plus,core,GFP+,Tumor_proliferating,Tumor,exiting_hypoxia,2.397391836385206,-0.50139801177977,-0.1064531530280841,0.5791657865047455,0.4208342134952545,True,E28S,2.397391836385206,-0.50139801177977,Hypoxic,0.2920269231179152,0.0005938251778556293,0.08343242949804908,0.9159737453240953
AGCATATTCTTGAGGC,core_gfp_plus,core,GFP+,Tumor_proliferating,Tumor,normoxic_stable,-0.9232005192058602,0.4328556204613931,-0.2826073716868413,0.5994620621204376,0.4005379378795624,True,E28S,-0.9232005192058602,0.4328556204613931,Normoxic,0.8707343146866042,0.6509815898298349,0.23010392503164165,0.11891448513852337
ACTCCGCTCGAATCCA,core_gfp_plus,core,GFP+,Tumor_proliferating,Tumor,normoxic_stable,-0.5521659199114948,0.0874447720593658,-0.2034038982081009,0.5825468599796295,0.4174531400203705,True,E28S,-0.5521659199114948,0.0874447720593658,Normoxic,0.9880111427677991,0.5278308013077497,0.320508595674437,0.15166060301781317
TAACTCCTCCGGTATA,core_gfp_plus,core,GFP+,Tumor_proliferating,Tumor,reverted_stable,-0.5435145990533847,-0.5451492605472769,4.043524058785684,0.5382892191410065,0.4617107808589935,True,E28S,-0.5435145990533847,-0.5451492605472769,Normoxic,1.0645762166695358,0.4075889561867818,0.37646421671994706,0.21594682709327115
TGTCTGTTCTAACCAG,core_gfp_plus,core,GFP+,Tumor,Tumor,entering_hypoxia,-0.918958094260936,2.1831005318853265,-0.2411568515760139,0.03880375623703,0.96119624376297,True,E28S,-0.918958094260936,2.1831005318853265,Normoxic,1.01647602652386,0.48394483082510237,0.1655969261086121,0.3504582430662856
AAGGTAATCACGCCGA,core_gfp_plus,core,GFP+,Tumor_proliferating,Tumor,entering_hypoxia,-0.6445768967766297,1.3510438464150902,0.6141863358395463,0.6724274158477783,0.3275725841522217,True,E28S,-0.6445768967766297,1.3510438464150902,Normoxic,0.9591253242938949,0.5885813879289588,0.23219284900055104,0.1792257630704902
AACCAATTCCACCATT,core_gfp_plus,core,GFP+,Tumor_proliferating,Tumor,persistent_hypoxia,0.0438155199867485,-0.4435705848496426,-0.2316994360852023,0.6126555502414703,0.3873444497585296,True,E28S,0.0438155199867485,-0.4435705848496426,Saddle / ICS,1.0628287045895548,0.26084441420221777,0.4621829319092704,0.27697265388851183
ACTCACTTCGATGAGG,core_gfp_plus,core,GFP+,Tumor_proliferating,Tumor,entering_hypoxia,-0.3918877342903228,0.5035728478431254,-0.0299633104672809,0.5793471932411194,0.4206528067588806,True,E28S,-0.3918877342903228,0.5035728478431254,Normoxic,0.9928637916936645,0.524420504823875,0.31960983580782804,0.1559696593682969
GCGCCAATCAGCAGGA,core_gfp_plus,core,GFP+,Tumor_proliferating,Tumor,entering_deep_hypoxia,3.1834134726949013,0.920990360844189,0.343958671278089,0.5001871585845947,0.4998128414154053,True,E28S,3.1834134726949013,0.920990360844189,Hypoxic,0.07322722244135728,2.728782764230869e-05,0.013824039958917603,0.98614867221344
ACTGTGATCCCTGGAG,core_gfp_plus,core,GFP+,Tumor,Tumor,entering_hypoxia,-0.8947895943908706,2.1831005318853265,-0.2411568515760139,0.03880375623703,0.96119624376297,True,E28S,-0.8947895943908706,2.1831005318853265,Normoxic,1.0196567429040864,0.47936775998854103,0.16792963839888284,0.3527026016125762
GTGTGGTTCACGCACG,core_gfp_plus,core,GFP+,Tumor_proliferating,Tumor,entering_hypoxia,-0.2493040650540555,0.6378261132475893,-0.323434275923542,0.5384614169597626,0.4615385830402374,True,E28S,-0.2493040650540555,0.6378261132475893,Normoxic,1.0210992224682363,0.48770579317252105,0.33833155922029134,0.17396264760718771
CGATCAATCGCGCTCT,core_gfp_plus,core,GFP+,Tumor_proliferating,Tumor,normoxic_stable,-0.752599214179371,-0.03508876534732,0.0404874921281919,0.5787426233291626,0.4212573766708374,True,E28S,-0.752599214179371,-0.03508876534732,Normoxic,0.9637448988723847,0.5614618780252595,0.29373509013471977,0.14480303184002075
ACCATAGTCAGGCTAC,core_gfp_plus,core,GFP+,Tumor_proliferating,Tumor,entering_deep_hypoxia,1.8355034713232512,0.8963081959304828,1.7467453549819645,0.4815974235534668,0.5184025764465332,True,E28S,1.8355034713232512,0.8963081959304828,Hypoxic,0.5584537707230179,0.009722938761406355,0.20404594457594036,0.7862311166626532
AGCTAATTCACAGGCT,core_gfp_plus,core,GFP+,Tumor,Tumor,entering_hypoxia,-1.069309404052322,2.14962206734056,-0.2328213604565466,0.0403498411178588,0.9596501588821412,True,E28S,-1.069309404052322,2.14962206734056,Normoxic,0.9926100637746385,0.520346271121353,0.1529745152540797,0.32667921362456737
CCCGCATTCACACTAG,core_gfp_plus,core,GFP+,Tumor_proliferating,Tumor,transitional,-0.2166070268780193,-0.0481211279706084,-0.3142795786911024,0.6216087341308594,0.3783912658691406,True,E28S,-0.2166070268780193,-0.0481211279706084,Normoxic,1.0514105437800685,0.407883323202075,0.3969664857231705,0.19515019107475456
GGCTATATCGTTACAG,core_gfp_plus,core,GFP+,Tumor_proliferating,Tumor,exiting_hypoxia,2.5846225073607885,-2.324502874146324,-0.3784015299605071,0.4785308241844177,0.5214691758155823,True,E28S,2.5846225073607885,-2.324502874146324,Hypoxic,0.043188635497594795,4.2459554868758975e-06,0.007288496512207963,0.992707257532305
TAGGGCTTCCAACTAG,core_gfp_plus,core,GFP+,Tumor_proliferating,Tumor,exiting_hypoxia,4.088573390230492,-0.6079507435906562,0.0385347810515252,0.4594138264656067,0.5405861735343933,True,E28S,4.088573390230492,-0.6079507435906562,Hypoxic,0.007313574702073206,6.610752080557303e-08,0.0009144222210699161,0.9990855116714092
GGTCTCCTCAGCCCAG,core_gfp_plus,core,GFP+,Tumor_proliferating,Tumor,normoxic_stable,-0.5559171012501357,0.3558497960402101,-0.3252528936794027,0.5824668407440186,0.4175331592559814,True,E28S,-0.5559171012501357,0.3558497960402101,Normoxic,0.9631766685376546,0.5592938016696603,0.2985944018207177,0.14211179650962208
GTTAGCATCGCTTCAT,core_gfp_plus,core,GFP+,Tumor_proliferating,Tumor,exiting_hypoxia,0.7365781626310176,-0.9871863100545406,-0.268471931767529,0.5717586874961853,0.4282413125038147,True,E28S,0.7365781626310176,-0.9871863100545406,Hypoxic,0.8513956390019528,0.05151546553245799,0.40902448053188734,0.5394600539356548
TGCCTATTCCGTGATA,core_gfp_plus,core,GFP+,Tumor_proliferating,Tumor,entering_hypoxia,-0.0124541123624791,1.029032189433244,1.2433571971117832,0.6138441562652588,0.3861558437347412,True,E28S,-0.0124541123624791,1.029032189433244,Normoxic,1.072334693333039,0.41134503089898095,0.3560358408145918,0.23261912828642725
CACCATTTCACCATAG,core_gfp_plus,core,GFP+,Tumor_proliferating,Tumor,normoxic_stable,-1.0070488554313055,0.185496591437627,-0.0537507753116251,0.5894971191883087,0.4105028808116913,True,E28S,-1.0070488554313055,0.185496591437627,Normoxic,0.8796437197113037,0.6442374962757376,0.23381978706902587,0.12194271665523652
GCATAGCTCTGGTACA,core_gfp_plus,core,GFP+,Tumor_proliferating,Tumor,exiting_hypoxia,0.7348215771381452,-0.520208998649608,-0.2497096584196727,0.6062678098678589,0.3937321901321411,True,E28S,0.7348215771381452,-0.520208998649608,Saddle / ICS,0.9298839318387109,0.08804402473329966,0.46609930312530995,0.4458566721413903
CCTAGTTTCTAGTGCA,core_gfp_plus,core,GFP+,Tumor_proliferating,Tumor,normoxic_stable,-1.0071423522582104,0.2433071014639857,-0.2495259931407781,0.6255805194377899,0.3744194805622101,True,E28S,-1.0071423522582104,0.2433071014639857,Normoxic,0.872054352207503,0.6503471365196685,0.2297308351740882,0.11992202830624336
CCTACCATCGATGTCA,core_gfp_plus,core,GFP+,Tumor_proliferating,Tumor,normoxic_stable,-0.5792144673677899,0.3791359858091683,-0.3017026530120162,0.6322830021381378,0.3677169978618622,True,E28S,-0.5792144673677899,0.3791359858091683,Normoxic,0.9561429935693116,0.5676118031835045,0.29252815345362376,0.13986004336287178
ACAACATTCATGTGTG,core_gfp_plus,core,GFP+,Tumor_proliferating,Tumor,persistent_hypoxia,0.7614324488586346,0.0563372748588432,-0.3135647770975419,0.5649682283401489,0.4350317716598511,True,E28S,0.7614324488586346,0.0563372748588432,Saddle / ICS,0.9804735628170376,0.12617347434982867,0.4800415358775406,0.3937849897726306
TACTGGATCTATGCTC,core_gfp_plus,core,GFP+,Tumor_proliferating,Tumor,persistent_hypoxia,0.8516688647659288,-0.0631279304810818,0.0413697521151666,0.6030745804309845,0.3969254195690155,True,E28S,0.8516688647659288,-0.0631279304810818,Saddle / ICS,0.947619483657909,0.09985163140137304,0.472042119764272,0.428106248834355
TGCCTGCTCGATGTCA,core_gfp_plus,core,GFP+,Tumor_proliferating,Tumor,persistent_hypoxia,0.3939508328286571,0.1244018291651897,-0.266915624198795,0.634427398443222,0.3655726015567779,True,E28S,0.3939508328286571,0.1244018291651897,Saddle / ICS,1.051858786210938,0.23108342878088797,0.4753557413000062,0.2935608299191057
CTTCTGGTCCCGGCAA,core_gfp_plus,core,GFP+,Tumor_proliferating,Tumor,entering_hypoxia,-0.6230041378929903,0.788122505240942,0.7566003080907431,0.6546610891819,0.3453389108181,True,E28S,-0.6230041378929903,0.788122505240942,Normoxic,0.9310795438837403,0.6009037033410743,0.2593439883117157,0.13975230834720992
CGGTATATCAGCCACG,core_gfp_plus,core,GFP+,Tumor_proliferating,Tumor,exiting_hypoxia,3.234988696146688,-1.7292994798276409,0.0595899747525309,0.513676106929779,0.4863238930702209,True,E28S,3.234988696146688,-1.7292994798276409,Hypoxic,0.025407727730099215,9.92015293156684e-07,0.003876235623965437,0.9961227723607415
CTGTGCCTCACATGCA,core_gfp_plus,core,GFP+,Tumor_proliferating,Tumor,normoxic_stable,-0.5807645246038134,0.4427550342686126,-0.3076338522377962,0.6084282696247101,0.3915717303752899,True,E28S,-0.5807645246038134,0.4427550342686126,Normoxic,0.9516872859862195,0.5732538249657785,0.2877615685192778,0.13898460651494368
GCAATATTCATCACCT,core_gfp_plus,core,GFP+,Tumor_proliferating,Tumor,persistent_hypoxia,0.6880086476438029,0.0867058905228831,0.8869875421302333,0.5596121847629547,0.4403878152370453,True,E28S,0.6880086476438029,0.0867058905228831,Saddle / ICS,0.9998019993848202,0.14557256395481613,0.4833347999192149,0.371092636125969
ATTGGATTCTAGTAAC,core_gfp_plus,core,GFP+,Tumor_proliferating,Tumor,transitional,-0.1713131218369661,-0.3637546690265915,-0.1475930928431137,0.6210305988788605,0.3789694011211395,True,E28S,-0.1713131218369661,-0.3637546690265915,Saddle / ICS,1.069182818602195,0.33949624098429265,0.4279586503073438,0.23254510870836362
CACTCCATCCACCGTC,core_gfp_plus,core,GFP+,Tumor_proliferating,Tumor,normoxic_stable,-0.7528399868662717,-0.1693729631177984,0.2064196922020119,0.5551493465900421,0.4448506534099579,True,E28S,-0.7528399868662717,-0.1693729631177984,Normoxic,0.9842812774129568,0.5393506307726056,0.3056059939988852,0.15504337522850914
GCAAGCTTCTAAGTGT,core_gfp_plus,core,GFP+,Tumor_proliferating,Tumor,normoxic_stable,-0.8568694769150198,0.1957922133867314,-0.2577495824721308,0.6118628680706024,0.3881371319293976,True,E28S,-0.8568694769150198,0.1957922133867314,Normoxic,0.9103288526842507,0.6156520617229874,0.25690139869491835,0.1274465395820944
CCCAAGGTCTATGCCT,core_gfp_plus,core,GFP+,Tumor_proliferating,Tumor,entering_hypoxia,-0.1479516801475819,1.411783049519816,0.576348089837215,0.6270479559898376,0.3729520440101623,True,E28S,-0.1479516801475819,1.411783049519816,Normoxic,1.0742862448829968,0.43440347873524987,0.3081286746757592,0.2574678465889909
GCGGCTATCCATCCAT,core_gfp_plus,core,GFP+,Tumor_proliferating,Tumor,transitional,-0.4756249199213929,0.3788420257860873,-0.2620468733248034,0.5949671268463135,0.4050328731536865,True,E28S,-0.4756249199213929,0.3788420257860873,Normoxic,0.979901900112387,0.5390793810379861,0.31225591797938906,0.14866470098262488
TCATTGCTCCTTCACG,core_gfp_plus,core,GFP+,Tumor_proliferating,Tumor,normoxic_stable,-1.0431531727303414,0.3226390168274878,-0.2897535249844252,0.6663213670253754,0.3336786329746246,True,E28S,-1.0431531727303414,0.3226390168274878,Normoxic,0.8551275188546178,0.6641620774122967,0.2191681596769988,0.11666976291070442
AGTGGCTTCAAGTGCC,core_gfp_plus,core,GFP+,Tumor_proliferating,Tumor,entering_hypoxia,-0.7647426532557514,0.7440939615201626,-0.3185835590776823,0.6134804487228394,0.3865195512771606,True,E28S,-0.7647426532557514,0.7440939615201626,Normoxic,0.8946784598722449,0.633457085657967,0.23781261339912002,0.128730300942913
CATCGCCTCCAGCGCA,core_gfp_plus,core,GFP+,Tumor_proliferating,Tumor,entering_hypoxia,-0.6313105845289966,0.6047395396599683,-0.3189992130712079,0.6144481003284454,0.3855518996715545,True,E28S,-0.6313105845289966,0.6047395396599683,Normoxic,0.9317134843081345,0.5965815412210266,0.26813459280925417,0.13528386596971928
CAAAGGGTCAGCGACT,core_gfp_plus,core,GFP+,Tumor_proliferating,Tumor,entering_hypoxia,-0.6890037416567095,1.3750168233571305,1.848642085785397,0.6052047908306122,0.3947952091693878,True,E28S,-0.6890037416567095,1.3750168233571305,Normoxic,0.9505948818885438,0.5972323490696904,0.22467712327119257,0.17809052765911712
CTACGCCTCAGCAGAG,core_gfp_plus,core,GFP+,Tumor_proliferating,Tumor,entering_hypoxia,-0.7831679580502368,0.6281288452567446,-0.2978225070843659,0.6329432129859924,0.3670567870140075,True,E28S,-0.7831679580502368,0.6281288452567446,Normoxic,0.89271195107934,0.6334622201195241,0.2409092159724685,0.12562856390800736
TAACCCTTCACTGTCT,core_gfp_plus,core,GFP+,Tumor_proliferating,Tumor,transitional,-0.3645888016694914,0.0303612164393774,-0.2466523661419871,0.5773508250713348,0.4226491749286651,True,E28S,-0.3645888016694914,0.0303612164393774,Normoxic,1.0268994797938764,0.46559525214931236,0.361897210326971,0.17250753752371664
CCTATGTTCACATGAT,core_gfp_plus,core,GFP+,Tumor_proliferating,Tumor,transitional,-0.468509038132672,0.1319512192815417,-0.0738448154090949,0.581354409456253,0.4186455905437469,True,E28S,-0.468509038132672,0.1319512192815417,Normoxic,1.0000059734953848,0.5102200153269488,0.33299784776161145,0.1567821369114397
ATAAGGATCAGGACGA,core_gfp_plus,core,GFP+,Tumor_proliferating,Tumor,normoxic_stable,-1.038200231823869,0.4336745989724299,-0.2907047662817991,0.623275876045227,0.3767241239547729,True,E28S,-1.038200231823869,0.4336745989724299,Normoxic,0.8451603925650334,0.6720139078206409,0.21308800083836657,0.11489809134099263
GGATGGATCACCTCAT,core_gfp_plus,core,GFP+,Tumor_proliferating,Tumor,entering_hypoxia,-0.1996309245266027,0.589695605045075,-0.328888359496207,0.6211651265621185,0.3788348734378814,True,E28S,-0.1996309245266027,0.589695605045075,Normoxic,1.0309822451071446,0.46904601246439487,0.35134064262092873,0.17961334491467637
CATGGGTTCACTGTCT,core_gfp_plus,core,GFP+,Tumor_proliferating,Tumor,persistent_hypoxia,0.2889160947064721,0.2938897474509837,0.1304576646652863,0.5653916299343109,0.4346083700656891,True,E28S,0.2889160947064721,0.2938897474509837,Saddle / ICS,1.066527549356334,0.2799467209122091,0.4552325696242654,0.2648207094635254
ATGAAAGTCCTTCAAC,core_gfp_plus,core,GFP+,Tumor_proliferating,Tumor,normoxic_stable,-0.903929050620906,0.4223686311632514,-0.2642529751125578,0.6191489994525909,0.380851000547409,True,E28S,-0.903929050620906,0.4223686311632514,Normoxic,0.876026001997438,0.6464315119822495,0.2337332710767513,0.11983521694099929
CAGCATATCAATGGAA,core_gfp_plus,core,GFP+,Tumor_proliferating,Tumor,persistent_hypoxia,0.7373375810482954,-0.2451789764565751,-0.1245808553039567,0.5784505009651184,0.4215494990348816,True,E28S,0.7373375810482954,-0.2451789764565751,Saddle / ICS,0.9603620791329968,0.1097636483749894,0.47991910298042223,0.4103172486445884
GTTGGGTTCCGTATAG,core_gfp_plus,core,GFP+,Tumor_proliferating,Tumor,entering_hypoxia,-0.3890881400191852,1.4759854265129848,0.4810872536128436,0.6207858026027679,0.379214197397232,True,E28S,-0.3890881400191852,1.4759854265129848,Normoxic,1.0345661242037687,0.5051672241817795,0.26679649436902036,0.2280362814492001
CGCTACCTCAGGGAAT,core_gfp_plus,core,GFP+,Tumor_proliferating,Tumor,entering_hypoxia,-1.0187932754634057,1.1335014762675126,0.405745208644476,0.562940239906311,0.4370597600936889,True,E28S,-1.0187932754634057,1.1335014762675126,Normoxic,0.8450658900747035,0.6795816656518215,0.18613992423647296,0.13427841011170547
ACGCGATTCACGTTAG,core_gfp_plus,core,GFP+,Tumor_proliferating,Tumor,normoxic_stable,-0.8498588388201741,0.2565849756505528,-0.0718366492498871,0.5727874934673309,0.427212506532669,True,E28S,-0.8498588388201741,0.2565849756505528,Normoxic,0.9046889757720278,0.6206758859985597,0.2535832601908058,0.1257408538106345
TCTCTGGTCCCCAAGG,core_gfp_plus,core,GFP+,Tumor_proliferating,Tumor,entering_deep_hypoxia,0.7696005019554173,1.6205738433413446,0.2051262501519561,0.6268446445465088,0.3731553554534912,True,E28S,0.7696005019554173,1.6205738433413446,Hypoxic,0.9426648660427832,0.11750756177246974,0.32505161752614936,0.5574408207013809
TGACTGATCCCAGACG,core_gfp_plus,core,GFP+,Tumor_proliferating,Tumor,exiting_hypoxia,2.3293444388771527,-0.9824470791482142,3.026644077817529,0.4803580045700073,0.5196419954299927,True,E28S,2.3293444388771527,-0.9824470791482142,Hypoxic,0.2578230188910685,0.00038760578762259216,0.07030179679138186,0.9293105974209956
ACTCTGTTCTGTCTAC,core_gfp_plus,core,GFP+,Tumor_proliferating,Tumor,transitional,-0.4277201888034437,0.1270885465563684,-0.2302357267194026,0.5490425527095795,0.4509574472904205,True,E28S,-0.4277201888034437,0.1270885465563684,Normoxic,1.0081179721356388,0.4977185388012887,0.34139696532359826,0.160884495875113
GTATTCCTCTGTGAAT,core_gfp_plus,core,GFP+,Tumor_proliferating,Tumor,persistent_hypoxia,0.2079445952234996,0.2507914859639982,0.2585345805602008,0.53395015001297,0.46604984998703,True,E28S,0.2079445952234996,0.2507914859639982,Saddle / ICS,1.0678760249634727,0.3034788693662191,0.447541097490977,0.2489800331428038
CAGTAGCTCCCCTGAC,core_gfp_plus,core,GFP+,Tumor_proliferating,Tumor,entering_deep_hypoxia,0.2789124045911493,1.262321624028363,0.7604969211433411,0.6199605166912079,0.3800394833087921,True,E28S,0.2789124045911493,1.262321624028363,Saddle / ICS,1.093663426994617,0.29548870510736475,0.3764268013904066,0.32808449350222857
GGCTATATCTATGCTC,core_gfp_plus,core,GFP+,Tumor_proliferating,Tumor,persistent_hypoxia,0.235312323554809,0.0965714418386905,3.1408691289754875,0.6172687709331512,0.3827312290668487,True,E28S,0.235312323554809,0.0965714418386905,Saddle / ICS,1.0635322872725848,0.2788326090774611,0.46074248972314785,0.26042490119939116
CAGGCCATCGAACCAC,core_gfp_plus,core,GFP+,Tumor_proliferating,Tumor,entering_hypoxia,-0.4202441623416253,1.2485815905401214,-0.2921568239519687,0.6192032098770142,0.3807967901229858,True,E28S,-0.4202441623416253,1.2485815905401214,Normoxic,1.0055448371099727,0.5355132240752679,0.2725632450469658,0.19192353087776634
ATCCAAGTCCAGCGCA,core_gfp_plus,core,GFP+,Tumor_proliferating,Tumor,persistent_hypoxia,0.2056394900456654,0.408608330468488,0.4301202277270485,0.6196860373020172,0.3803139626979828,True,E28S,0.2056394900456654,0.408608330468488,Saddle / ICS,1.071211526682852,0.31725248277110696,0.4364166241012859,0.2463308931276071
CACCTCATCAATCCAG,core_gfp_plus,core,GFP+,Tumor_proliferating,Tumor,normoxic_stable,-1.1768242809522838,-0.1741244100527334,-0.2976283271977112,0.5308755934238434,0.4691244065761566,True,E28S,-1.1768242809522838,-0.1741244100527334,Normoxic,0.9111206069262663,0.6231410189770895,0.23688872939885328,0.1399702516240572
CCCTGGTTCTAGCGCG,core_gfp_plus,core,GFP+,Tumor_proliferating,Tumor,persistent_hypoxia,1.1214842048981497,0.0124022946252184,-0.1806265419950251,0.5088936388492584,0.4911063611507416,True,E28S,1.1214842048981497,0.0124022946252184,Hypoxic,0.8732929496859532,0.05920158890952258,0.4293665524501627,0.5114318586403147
CGACTGGTCCTGCATT,core_gfp_plus,core,GFP+,Tumor_proliferating,Tumor,entering_hypoxia,-0.7931031855936477,0.8973819702514937,-0.1398113734563823,0.5680496692657471,0.4319503307342529,True,E28S,-0.7931031855936477,0.8973819702514937,Normoxic,0.8883628613351546,0.6416371130848555,0.2262411704506834,0.1321217164644612
GGGCTTGTCAGGATGG,core_gfp_plus,core,GFP+,Tumor_proliferating,Tumor,persistent_hypoxia,0.082522725134397,-0.3733479184431194,0.1266945280945785,0.5770438313484192,0.4229561686515808,True,E28S,0.082522725134397,-0.3733479184431194,Saddle / ICS,1.06168666888745,0.2615193420906693,0.4644492223561827,0.27403143555314796
GTCCAAATCACGCAAC,core_gfp_plus,core,GFP+,Tumor_proliferating,Tumor,exiting_hypoxia,0.237205884143225,-1.716499249178506,-0.1436565553993598,0.4251682162284851,0.5748317837715149,True,E28S,0.237205884143225,-1.716499249178506,Hypoxic,0.7648347530081604,0.03758711731938296,0.3097451342404785,0.6526677484401384
AACTGCATCGATGATT,core_gfp_plus,core,GFP+,Tumor_proliferating,Tumor,transitional,-0.4300191588242819,0.318321269134118,-0.3872983895767458,0.6176907122135162,0.3823092877864837,True,E28S,-0.4300191588242819,0.318321269134118,Normoxic,0.9935198536597879,0.5202157402955816,0.32568322351877677,0.1541010361856417
CTTGGCCTCCGCCATC,core_gfp_plus,core,GFP+,Tumor_proliferating,Tumor,normoxic_stable,-1.1768242809522838,0.4140332362412794,-0.2940750962042467,0.5817937850952148,0.4182062149047851,True,E28S,-1.1768242809522838,0.4140332362412794,Normoxic,0.818810541175857,0.6924533451965765,0.1955401131040066,0.1120065416994169
GGGTCCATCGCGTAAC,core_gfp_plus,core,GFP+,Tumor_proliferating,Tumor,entering_hypoxia,-0.969806545928102,0.7027893016894761,-0.3037421527153577,0.5645713210105896,0.4354286789894104,True,E28S,-0.969806545928102,0.7027893016894761,Normoxic,0.8452963483748019,0.6734326032620571,0.2086712101862443,0.11789618655169871
AAGCGGATCTGGGCAT,core_gfp_plus,core,GFP+,Tumor_proliferating,Tumor,entering_hypoxia,-0.1582773738719772,0.5533943202583818,0.7637914877495874,0.6580965518951416,0.3419034481048584,True,E28S,-0.1582773738719772,0.5533943202583818,Normoxic,1.0385509183123256,0.4532098589158411,0.36196443666742656,0.18482570441673232
TAGTCCTTCGACATGC,core_gfp_plus,core,GFP+,Tumor_proliferating,Tumor,entering_deep_hypoxia,0.3057053942329402,0.9668999399033092,0.0037812953670571,0.6124441027641296,0.3875558972358703,True,E28S,0.3057053942329402,0.9668999399033092,Saddle / ICS,1.0869044910343568,0.29800825160648353,0.40660133720069036,0.29539041119282616
GCTCAGGTCACACATG,core_gfp_plus,core,GFP+,Tumor_proliferating,Tumor,entering_deep_hypoxia,0.3013256443190381,1.4393116542335724,-0.0029808751914272,0.5706226527690887,0.4293773472309112,True,E28S,0.3013256443190381,1.4393116542335724,Hypoxic,1.09011700587818,0.27309606161415,0.35925766938032033,0.36764626900552977
TCTGTGTTCACCATCT,core_gfp_plus,core,GFP+,Tumor_proliferating,Tumor,entering_hypoxia,-0.8652739910650747,1.4451857521912916,0.640536496888637,0.6108233332633972,0.3891766667366028,True,E28S,-0.8652739910650747,1.4451857521912916,Normoxic,0.9159989835001805,0.628870269879003,0.19776545570405313,0.17336427441694402
GCCTGCTTCGATTACG,core_gfp_plus,core,GFP+,Tumor_proliferating,Tumor,normoxic_stable,-0.7867592794511042,0.153249037158939,3.394188724551062,0.5597503185272217,0.4402496814727783,True,E28S,-0.7867592794511042,0.153249037158939,Normoxic,0.9309498807134059,0.5952382281734812,0.2720830255255826,0.13267874630093632
TCTCGGCTCTGGCTAA,core_gfp_plus,core,GFP+,Tumor_proliferating,Tumor,entering_hypoxia,-1.1768242809522838,0.6552208537556461,0.5978769963669152,0.7277929782867432,0.2722070217132568,True,E28S,-1.1768242809522838,0.6552208537556461,Normoxic,0.8023836865713347,0.7048740082344134,0.18353875876055809,0.11158723300502851
TCCTATATCCTGTGCC,core_gfp_plus,core,GFP+,Tumor_proliferating,Tumor,entering_deep_hypoxia,0.5156248940118213,0.6658906592514571,1.0257664644927922,0.6205422580242157,0.3794577419757843,True,E28S,0.5156248940118213,0.6658906592514571,Saddle / ICS,1.0602090686581738,0.22451381431248094,0.4495020347057629,0.3259841509817562
TGACTGATCTATCGCT,core_gfp_plus,core,GFP+,Tumor_proliferating,Tumor,exiting_hypoxia,-0.0867732072556212,-1.487110639189627,-0.2118127625578499,0.5069815218448639,0.4930184781551361,True,E28S,-0.0867732072556212,-1.487110639189627,Hypoxic,0.9300017278233447,0.09509444134591621,0.3807860295558343,0.5241195290982495
TCAATGGTCCGGATAC,core_gfp_plus,core,GFP+,Tumor_proliferating,Tumor,entering_hypoxia,-0.0979828542809237,1.1224228308702893,0.5223020692992358,0.6920008361339569,0.3079991638660431,True,E28S,-0.0979828542809237,1.1224228308702893,Normoxic,1.0643042877584832,0.43824612849589345,0.33520395684404186,0.2265499146600647
ATGGACCTCCGGTAAC,core_gfp_plus,core,GFP+,Tumor_proliferating,Tumor,transitional,-0.0309894199274095,0.1753176302954688,4.648674576019703,0.5445421636104584,0.4554578363895416,True,E28S,-0.0309894199274095,0.1753176302954688,Saddle / ICS,1.059990990610712,0.3768533340419489,0.41420176938404435,0.20894489657400678
CGATGGTTCATAGAGA,core_gfp_plus,core,GFP+,Tumor_proliferating,Tumor,entering_deep_hypoxia,0.6461206044561211,0.889676480547632,0.8060038011002363,0.6437437832355499,0.3562562167644501,True,E28S,0.6461206044561211,0.889676480547632,Saddle / ICS,1.0426541666355706,0.18562861239782932,0.4330737454442922,0.3812976421578784
CACCAAATCGATCCGG,core_gfp_plus,core,GFP+,Tumor_proliferating,Tumor,persistent_hypoxia,1.321056881488413,-0.3057266255055213,1.729518869691334,0.5592986643314362,0.4407013356685638,True,E28S,1.321056881488413,-0.3057266255055213,Hypoxic,0.774744543468546,0.028849002111786017,0.3672537456169925,0.6038972522712216
TAATCCCTCAAGTATC,core_gfp_plus,core,GFP+,Tumor_proliferating,Tumor,entering_hypoxia,-0.6950043819223897,0.9726162583269652,0.2046193116141417,0.4974051713943481,0.5025948286056519,True,E28S,-0.6950043819223897,0.9726162583269652,Normoxic,0.9161940416229262,0.6191203566113599,0.23858505904882557,0.14229458433981454
TGGACGTTCTAGTCTC,core_gfp_plus,core,GFP+,Tumor_proliferating,Tumor,entering_hypoxia,-0.6639029104194129,1.1580555846805127,0.503260707003391,0.655229926109314,0.344770073890686,True,E28S,-0.6639029104194129,1.1580555846805127,Normoxic,0.9354556475069136,0.6062272963573077,0.23617413755517028,0.15759856608752223
TAGTTCCTCCTTCGCA,core_gfp_plus,core,GFP+,Tumor_proliferating,Tumor,exiting_hypoxia,0.3414605758371528,-0.7230791275065699,1.3739411334762903,0.5712688267230988,0.4287311732769012,True,E28S,0.3414605758371528,-0.7230791275065699,Saddle / ICS,0.9971159204878567,0.14076224145045269,0.4750210346645231,0.3842167238850243
ACAGTTTAGGGGACTA,core_gfp_minus,core,GFP-,Tumor_proliferating,Tumor,exiting_hypoxia,-0.362010892648938,-0.8222211519658814,0.3015390072539973,0.5112273395061493,0.4887726604938507,True,E28S,-0.362010892648938,-0.8222211519658814,Saddle / ICS,1.0823739335504432,0.2924507292281398,0.41979569857798493,0.2877535721938752
GCGCTCAAGGGTGAAT,core_gfp_minus,core,GFP-,Tumor_proliferating,Tumor,exiting_hypoxia,-0.4133529767560569,-0.5275454611474197,2.9637082578531704,0.5589899122714996,0.4410100877285003,True,E28S,-0.4133529767560569,-0.5275454611474197,Saddle / ICS,1.0705782825249697,0.3761343463681885,0.397883798043141,0.22598185558867048
GCGGGATAGATAGAGC,core_gfp_minus,core,GFP-,Tumor_proliferating,Tumor,exiting_hypoxia,0.8868954877917616,-0.8787620146870093,4.3732352408160775,0.5526804327964783,0.4473195672035217,True,E28S,0.8868954877917616,-0.8787620146870093,Hypoxic,0.8290098904689961,0.043415628008781106,0.4005421074337888,0.55604226455743
ACGAGTGAGGGCTCAT,core_gfp_minus,core,GFP-,Tumor_proliferating,Tumor,exiting_hypoxia,0.0509228349527253,-1.0519517616270364,0.0999432755857831,0.5245344340801239,0.4754655659198761,True,E28S,0.0509228349527253,-1.0519517616270364,Saddle / ICS,1.008721680414345,0.14791209106070002,0.4463782634194491,0.40570964551985084
CCAGTTAAGGGGTAGC,core_gfp_minus,core,GFP-,Tumor_proliferating,Tumor,exiting_hypoxia,0.4994061902120676,-0.4696190089367274,1.2981960824625418,0.5394406318664551,0.4605593681335449,True,E28S,0.4994061902120676,-0.4696190089367274,Saddle / ICS,0.9925543390302487,0.1386036509755144,0.48529953567322304,0.37609681335126255
GTAAGGTAGTTGCACA,core_gfp_minus,core,GFP-,Tumor_proliferating,Tumor,persistent_hypoxia,5.461010489822568,-0.4252405175819365,0.0987141327728246,0.4753019213676452,0.5246980786323547,True,E28S,5.461010489822568,-0.4252405175819365,Hypoxic,7.220557644434479e-05,5.013782218207983e-12,5.5079489897366976e-06,0.9999944920459964
CTAGGTCAGCATCAAT,core_gfp_minus,core,GFP-,Tumor,Tumor,entering_hypoxia,-1.0635815088650886,2.010308606053838,-0.2930753660137036,0.0445796251296997,0.9554203748703004,True,E28S,-1.0635815088650886,2.010308606053838,Normoxic,0.973291271876161,0.5607537944996176,0.1590623953503913,0.2801838101499911
ACTACCAAGCATTGAT,core_gfp_minus,core,GFP-,Tumor_proliferating,Tumor,entering_hypoxia,-0.6617082508335984,0.4659777072146056,0.035011244936652,0.5627504289150238,0.4372495710849762,True,E28S,-0.6617082508335984,0.4659777072146056,Normoxic,0.9307212411898933,0.5956848694699538,0.27146652236082625,0.13284860816921992
AAGGGTTAGCGGTCTG,core_gfp_minus,core,GFP-,Tumor,Tumor,entering_hypoxia,-1.0569176076282398,2.1816341255344125,-0.2895769265487086,0.0500165820121765,0.9499834179878236,True,E28S,-1.0569176076282398,2.1816341255344125,Normoxic,0.9977088573241362,0.5079938492671462,0.1526321507577879,0.3393739999750659
GGAGATTAGCTATCAG,core_gfp_minus,core,GFP-,Tumor_proliferating,Tumor,reverted_stable,-0.6298204716730474,-0.5702606007476111,0.1282346384878866,0.5310702621936798,0.4689297378063202,True,E28S,-0.6298204716730474,-0.5702606007476111,Normoxic,1.0608823973273738,0.4240793137285312,0.3632018053038871,0.21271888096758154
TCAACTGAGGTAACTT,core_gfp_minus,core,GFP-,Tumor_proliferating,Tumor,exiting_hypoxia,-0.2283193067920453,-0.5631479523361336,4.365610649221041,0.5404040813446045,0.4595959186553955,True,E28S,-0.2283193067920453,-0.5631479523361336,Saddle / ICS,1.0750281714937784,0.3160249875606948,0.429993475643208,0.25398153679609725
CCGTCGAAGTCGATTG,core_gfp_minus,core,GFP-,Tumor_proliferating,Tumor,exiting_hypoxia,0.0361763504303135,-1.1970636950940194,-0.1060122519449883,0.5264109969139099,0.4735890030860901,True,E28S,0.0361763504303135,-1.1970636950940194,Hypoxic,0.9834614733604956,0.12527085035145846,0.4292261634026812,0.44550298624586027
ACTTAACAGTATGTAC,core_gfp_minus,core,GFP-,Tumor_proliferating,Tumor,normoxic_stable,-0.6683735284090099,0.3061540787024143,0.4799207475318333,0.5493541955947876,0.4506458044052124,True,E28S,-0.6683735284090099,0.3061540787024143,Normoxic,0.9411877184009374,0.5837513108537062,0.28143562257268834,0.13481306657360548
TGGTCTAAGGGTGATG,core_gfp_minus,core,GFP-,Tumor_proliferating,Tumor,reverted_stable,-0.638902258933507,-1.3572640683439612,0.818034934757595,0.3326306343078613,0.6673693656921387,True,E28S,-0.638902258933507,-1.3572640683439612,Hypoxic,1.0586204491654243,0.20781614789563446,0.3714954443094454,0.42068840779492006
ACCTCTTAGCGCAACT,core_gfp_minus,core,GFP-,Tumor_proliferating,Tumor,exiting_hypoxia,2.3287541019502664,-2.146603466497969,-0.1148868622296185,0.5186454355716705,0.4813545644283294,True,E28S,2.3287541019502664,-2.146603466497969,Hypoxic,0.08622158803303737,2.335844689926044e-05,0.016957531619476985,0.9830191099336237
CACTACAAGATAGCAA,core_gfp_minus,core,GFP-,Tumor,Tumor,entering_hypoxia,-1.0127565311631932,2.1831005318853265,-0.2411568515760139,0.03880375623703,0.96119624376297,True,E28S,-1.0127565311631932,2.1831005318853265,Normoxic,1.0038561408553355,0.5004471101769207,0.15667511803884385,0.3428777717842355
CCAAGTCAGATAGGAC,core_gfp_minus,core,GFP-,Tumor_proliferating,Tumor,entering_hypoxia,-0.8120023250504445,1.1922362541991254,-0.294974971374593,0.5664553046226501,0.4335446953773498,True,E28S,-0.8120023250504445,1.1922362541991254,Normoxic,0.8999540657144367,0.6380102334571418,0.2125015797393868,0.14948818680347137
TCAGAGGAGTGACGGA,core_gfp_minus,core,GFP-,Tumor_proliferating,Tumor,exiting_hypoxia,0.1117593296061283,-0.9326052180776888,0.5736776626068663,0.5137664675712585,0.4862335324287414,True,E28S,0.1117593296061283,-0.9326052180776888,Saddle / ICS,1.0154082925097625,0.15658027876779834,0.4581985188812676,0.3852212023509341
ATAAGTGAGTGAGCAG,core_gfp_minus,core,GFP-,Tumor_proliferating,Tumor,exiting_hypoxia,0.9523396444691165,-1.019536558109213,-0.2259269182602899,0.50690558552742,0.4930944144725799,True,E28S,0.9523396444691165,-1.019536558109213,Hypoxic,0.778917588831679,0.030849380903678773,0.36358966975143925,0.6055609493448819
TATGGCCAGTGGCGTT,core_gfp_minus,core,GFP-,Tumor_proliferating,Tumor,exiting_hypoxia,0.6272219077026404,-0.9457693130097472,0.1634855688920287,0.5183290839195251,0.4816709160804748,True,E28S,0.6272219077026404,-0.9457693130097472,Hypoxic,0.890702739777903,0.06742978918172947,0.4311832657582037,0.5013869450600668
CGCTGCAAGATTCAAC,core_gfp_minus,core,GFP-,Tumor_proliferating,Tumor,exiting_hypoxia,1.3493962446883436,-2.29323625075176,-0.3289171116730944,0.5213960111141205,0.4786039888858795,True,E28S,1.3493962446883436,-2.29323625075176,Hypoxic,0.24296228459267416,0.0005536635736112053,0.06417116006352472,0.9352751763628641
ATGCCACAGCTACCGG,core_gfp_minus,core,GFP-,Tumor_proliferating,Tumor,normoxic_stable,-0.7051651785088999,-0.0271614083116664,-0.0776645494534754,0.452672004699707,0.547327995300293,True,E28S,-0.7051651785088999,-0.0271614083116664,Normoxic,0.9718944128324233,0.5511626512920413,0.30163491551117194,0.14720243319678664
ATTCAGTAGCAGGTCT,core_gfp_minus,core,GFP-,Tumor_proliferating,Tumor,entering_hypoxia,-0.9179592726405956,1.193839275133323,0.1061021117825689,0.556610107421875,0.443389892578125,True,E28S,-0.9179592726405956,1.193839275133323,Normoxic,0.8738094047318894,0.6589469754132703,0.19761708071477305,0.14343594387195657
ACAAGTAAGGTTACAT,core_gfp_minus,core,GFP-,Tumor_proliferating,Tumor,exiting_hypoxia,0.984475986672524,-1.9005415006353328,-0.1668112661008397,0.5414033830165863,0.4585966169834137,True,E28S,0.984475986672524,-1.9005415006353328,Hypoxic,0.4820678184088468,0.004883842164906966,0.16762697405807256,0.8274891837770204
CCGTGTGAGGTAGATA,core_gfp_minus,core,GFP-,Tumor_proliferating,Tumor,transitional,-0.5002560117583068,0.3520258041138037,1.874316165698376,0.5681319236755371,0.4318680763244629,True,E28S,-0.5002560117583068,0.3520258041138037,Normoxic,0.9760722515329983,0.5436142977378426,0.3094882592972702,0.14689744296488713
CTTAGCAAGAAGCACG,core_gfp_minus,core,GFP-,Tumor_proliferating,Tumor,normoxic_stable,-0.6920192497454207,-0.3651063388313639,3.662728494672763,0.5730153918266296,0.4269846081733703,True,E28S,-0.6920192497454207,-0.3651063388313639,Normoxic,1.0249015905036016,0.4864152817790602,0.3344656093644842,0.17911910885645563
AGGGTCAAGTCAAGTT,core_gfp_minus,core,GFP-,Tumor_proliferating,Tumor,transitional,0.0174634603258123,-0.245044756301168,1.7929537431778346,0.5558810830116272,0.4441189169883728,True,E28S,0.0174634603258123,-0.245044756301168,Saddle / ICS,1.0664927976488219,0.30230651641050643,0.45026936433598036,0.24742411925351318
ACGCGAAAGGCTACCG,core_gfp_minus,core,GFP-,Tumor_proliferating,Tumor,exiting_hypoxia,0.1930467310983581,-2.5876419225564704,-0.3138418806371971,0.5038296580314636,0.4961703419685364,True,E28S,0.1930467310983581,-2.5876419225564704,Hypoxic,0.3475610011596152,0.0036871464024254537,0.09933004197301186,0.8969828116245626
GTAAGGTAGTCATGGC,core_gfp_minus,core,GFP-,Tumor_proliferating,Tumor,normoxic_stable,-0.5367456280595371,-0.0763253122217972,-0.2112815356866504,0.5661873519420624,0.4338126480579376,True,E28S,-0.5367456280595371,-0.0763253122217972,Normoxic,1.00925682357602,0.4992079137028653,0.337594384163082,0.16319770213405266
CGTTATGAGGATATGA,core_gfp_minus,core,GFP-,Tumor_proliferating,Tumor,exiting_hypoxia,0.2913300273571934,-0.97736064100775,0.1753657296683607,0.5189929902553558,0.4810070097446441,True,E28S,0.2913300273571934,-0.97736064100775,Saddle / ICS,0.9700084830031037,0.11499611627259589,0.45332114751026714,0.43168273621713693
CAAGGCAAGCATTCGA,core_gfp_minus,core,GFP-,Tumor_proliferating,Tumor,exiting_hypoxia,-0.4859997799822064,-1.5461504836453348,-0.3107386756331061,0.4519311785697937,0.5480688214302063,True,E28S,-0.4859997799822064,-1.5461504836453348,Hypoxic,0.9848937785335874,0.1365241086792006,0.3592591699185427,0.5042167214022568
TCAGATTAGTAGCCGT,core_gfp_minus,core,GFP-,Tumor_proliferating,Tumor,exiting_hypoxia,0.0362095787612438,-0.5083805918523737,5.1658245077964375,0.5585571825504303,0.4414428174495697,True,E28S,0.0362095787612438,-0.5083805918523737,Saddle / ICS,1.06155365026427,0.25151388215967396,0.46299534874643355,0.28549076909389254
CAGGACAAGGGCTCAT,core_gfp_minus,core,GFP-,Tumor_proliferating,Tumor,exiting_hypoxia,1.888422237207694,-0.8757440539458947,3.418883663978422,0.5556113421916962,0.4443886578083038,True,E28S,1.888422237207694,-0.8757440539458947,Hypoxic,0.4531259333890171,0.0025364810460165987,0.1577190722653173,0.8397444466886662
TCCAGTAAGGTAGCGA,core_gfp_minus,core,GFP-,Tumor_proliferating,Tumor,transitional,-0.1789353311141359,0.1216738893403005,0.1975972103099574,0.5659968554973602,0.4340031445026397,True,E28S,-0.1789353311141359,0.1216738893403005,Normoxic,1.0470230004463017,0.41950562626688237,0.3906740048021524,0.1898203689309651
AGGTGTGAGGGGCATA,core_gfp_minus,core,GFP-,Tumor_proliferating,Tumor,exiting_hypoxia,0.9132747913970484,-1.255461659642071,-0.1619910034447684,0.5021815299987793,0.4978184700012207,True,E28S,0.9132747913970484,-1.255461659642071,Hypoxic,0.7312598570397713,0.02317234441225335,0.3246805415677121,0.6521471140200347
TGGTATTAGCTAGGGA,core_gfp_minus,core,GFP-,Tumor_proliferating,Tumor,exiting_hypoxia,1.610273075503567,-0.9622157993105968,3.4408428105155293,0.5486654043197632,0.4513345956802368,True,E28S,1.610273075503567,-0.9622157993105968,Hypoxic,0.552296481293708,0.005619793288010964,0.21378597341519778,0.7805942332967911
CGTATTGAGAACGATA,core_gfp_minus,core,GFP-,Tumor_proliferating,Tumor,exiting_hypoxia,0.6423886928396308,-2.593913324877053,-0.1167230780080079,0.5136289000511169,0.486371099948883,True,E28S,0.6423886928396308,-2.593913324877053,Hypoxic,0.27842120773220436,0.001408028287202568,0.07559647447712382,0.9229954972356736
ACTGTCAAGGGCTCAT,core_gfp_minus,core,GFP-,Tumor_proliferating,Tumor,exiting_hypoxia,0.9198198425258632,-1.0191994394908606,3.786079378259499,0.561910092830658,0.438089907169342,True,E28S,0.9198198425258632,-1.0191994394908606,Hypoxic,0.7892349430914813,0.033240411921360555,0.3702930085371081,0.5964665795415314
ATGCTCAAGCTGGCAT,core_gfp_minus,core,GFP-,Tumor_proliferating,Tumor,exiting_hypoxia,0.3363562516141122,-0.604549519112703,4.450778054944039,0.5593432784080505,0.4406567215919494,True,E28S,0.3363562516141122,-0.604549519112703,Saddle / ICS,1.011692367953812,0.15840297404551468,0.4810972041966331,0.36049982175785217
TCGATTGAGGTTGCCG,core_gfp_minus,core,GFP-,Tumor_proliferating,Tumor,exiting_hypoxia,-0.0649024251509723,-1.3774086191289518,-0.3099606816645413,0.5353270769119263,0.4646729230880737,True,E28S,-0.0649024251509723,-1.3774086191289518,Hypoxic,0.9595690360762309,0.11031522919026199,0.401206069423099,0.48847870138663896
CGAATTTAGTAAGTGA,core_gfp_minus,core,GFP-,Tumor_proliferating,Tumor,exiting_hypoxia,0.0632766821085629,-0.5909539298593947,3.231558720022979,0.5478180348873138,0.4521819651126861,True,E28S,0.0632766821085629,-0.5909539298593947,Saddle / ICS,1.0552525430842425,0.22919296537155273,0.46682009032646976,0.3039869443019776
ATGCAGGAGGATGTCC,core_gfp_minus,core,GFP-,Tumor_proliferating,Tumor,exiting_hypoxia,0.0590078942463604,-0.4704085666849075,2.852853489306831,0.5533441603183746,0.4466558396816253,True,E28S,0.0590078942463604,-0.4704085666849075,Saddle / ICS,1.060794392929325,0.25178967810725533,0.46461865361838484,0.28359166827435994
GGTGGTAAGCTATGTG,core_gfp_minus,core,GFP-,Tumor_proliferating,Tumor,normoxic_stable,-0.987356386505175,-0.3292365505455463,-0.0195476506453831,0.5358916223049164,0.4641083776950836,True,E28S,-0.987356386505175,-0.3292365505455463,Normoxic,0.9739691983275497,0.5603963846272706,0.2797778532172451,0.15982576215548425
GTAATAGAGCTGGTCG,core_gfp_minus,core,GFP-,Tumor_proliferating,Tumor,exiting_hypoxia,0.2751284692211534,-0.7153712477122866,1.5233092808838091,0.5404455363750458,0.4595544636249542,True,E28S,0.2751284692211534,-0.7153712477122866,Saddle / ICS,1.0114695539421472,0.1562620148367916,0.4752951907646131,0.3684427943985953
CTACAATAGCGATCTA,core_gfp_minus,core,GFP-,Tumor_proliferating,Tumor,exiting_hypoxia,0.1651531576104784,-0.7007451539813375,0.1455464612185509,0.5150721669197083,0.4849278330802917,True,E28S,0.1651531576104784,-0.7007451539813375,Saddle / ICS,1.0328275680816916,0.18409432324788136,0.47251493754697044,0.3433907392051483
GGTACGAAGCCTGTAA,core_gfp_minus,core,GFP-,Tumor_proliferating,Tumor,exiting_hypoxia,0.9608733745856074,-0.5366620279254292,0.0048167946631343,0.5066118538379669,0.4933881461620331,True,E28S,0.9608733745856074,-0.5366620279254292,Hypoxic,0.8637507293541649,0.054791895052486196,0.43021239388257093,0.5149957110649429
AGCGATGAGCTAACTG,core_gfp_minus,core,GFP-,Tumor_proliferating,Tumor,entering_hypoxia,-0.4146789690538076,0.751268171717485,-0.0687652498427157,0.5396295785903931,0.4603704214096069,True,E28S,-0.4146789690538076,0.751268171717485,Normoxic,0.9838507696016878,0.5430732211676111,0.29925188847856354,0.1576748903538253
GTTAGTTAGATAGCCC,core_gfp_minus,core,GFP-,Tumor_proliferating,Tumor,normoxic_stable,-0.9731700678533718,-0.0424648554466749,2.624810616506062,0.5469536483287811,0.4530463516712188,True,E28S,-0.9731700678533718,-0.0424648554466749,Normoxic,0.921827462563465,0.6082065383689736,0.25685388274126614,0.13493957888976024
CCGGTTGAGAAGCGTG,core_gfp_minus,core,GFP-,Tumor_proliferating,Tumor,transitional,-0.2798011338299574,-0.126323858828625,-0.3244123203822679,0.5697137415409088,0.4302862584590912,True,E28S,-0.2798011338299574,-0.126323858828625,Normoxic,1.0498904458447007,0.4152466158681003,0.39130193451555734,0.19345144961634242
TCAGAGGAGTAGGCAG,core_gfp_minus,core,GFP-,Tumor_proliferating,Tumor,exiting_hypoxia,0.6315226530188535,-2.299681922347118,-0.3408060368175629,0.5328370034694672,0.4671629965305328,True,E28S,0.6315226530188535,-2.299681922347118,Hypoxic,0.4031477765428075,0.003772585246918567,0.12606671327330177,0.8701607014797795
GTATGAAAGCAAGCTC,core_gfp_minus,core,GFP-,Tumor_proliferating,Tumor,exiting_hypoxia,-0.0165137855380598,-1.806314775333039,-0.2832372306426537,0.514500766992569,0.485499233007431,True,E28S,-0.0165137855380598,-1.806314775333039,Hypoxic,0.7841477755984485,0.04657826465530174,0.30267616073908477,0.6507455746056134
CCATTGAAGCTTACAG,core_gfp_minus,core,GFP-,Tumor_proliferating,Tumor,transitional,-0.0294841932877458,-0.315494762022644,3.066132131753942,0.4890352487564087,0.5109647512435913,True,E28S,-0.0294841932877458,-0.315494762022644,Saddle / ICS,1.0677655263099104,0.3050177205458551,0.4471983183476299,0.24778396110651504
TCCCTCAAGCATAGCC,core_gfp_minus,core,GFP-,Tumor_proliferating,Tumor,exiting_hypoxia,0.3913555339062063,-1.6036300382939128,-0.0735643048271179,0.5391857028007507,0.4608142971992492,True,E28S,0.3913555339062063,-1.6036300382939128,Hypoxic,0.7702948557968512,0.03599584959231628,0.3237926280676172,0.6402115223400665
GGGATTGAGATAGTGA,core_gfp_minus,core,GFP-,Tumor_proliferating,Tumor,persistent_hypoxia,1.0994601496287602,-0.3626946816231676,3.7108951197264983,0.546933650970459,0.453066349029541,True,E28S,1.0994601496287602,-0.3626946816231676,Hypoxic,0.8435444321035446,0.047323599188421564,0.4172101166172798,0.5354662841942986
ATCACATAGTGAGGAT,core_gfp_minus,core,GFP-,Tumor_proliferating,Tumor,exiting_hypoxia,0.02909770692071,-0.6631277932016164,0.495414517970593,0.5108713507652283,0.4891286492347717,True,E28S,0.02909770692071,-0.6631277932016164,Saddle / ICS,1.0552333575111605,0.2249979185206272,0.46379132520455363,0.31121075627481926
TGACATTAGGTCACGT,core_gfp_minus,core,GFP-,Tumor_proliferating,Tumor,exiting_hypoxia,2.351767472942699,-2.4244032134238247,-0.3551592254597225,0.4989349246025085,0.5010650753974915,True,E28S,2.351767472942699,-2.4244032134238247,Hypoxic,0.05568064611264251,8.56450639232212e-06,0.009906671457260593,0.9900847640363472
AGGTAGTAGTGGCTTA,core_gfp_minus,core,GFP-,Tumor_proliferating,Tumor,normoxic_stable,-0.7933525518155893,0.3399778058628093,-0.2812110148075348,0.5299880802631378,0.4700119197368622,True,E28S,-0.7933525518155893,0.3399778058628093,Normoxic,0.9090099641775877,0.6163874960360791,0.2571245675293094,0.12648793643461145
GTTCCGGAGTGGCGAA,core_gfp_minus,core,GFP-,Tumor_proliferating,Tumor,entering_hypoxia,-0.7564081461202073,1.074742176499898,0.1321212791903702,0.526108980178833,0.473891019821167,True,E28S,-0.7564081461202073,1.074742176499898,Normoxic,0.9053810579492567,0.6309419653644217,0.22485225593482472,0.1442057787007534
AAATGCAAGCCCGTCT,core_gfp_minus,core,GFP-,Tumor_proliferating,Tumor,entering_deep_hypoxia,0.6901265891240224,0.4890706647031351,1.1200688646429744,0.5505953431129456,0.4494046568870544,True,E28S,0.6901265891240224,0.4890706647031351,Saddle / ICS,1.0223735738733217,0.16655411538576537,0.4654348529675389,0.3680110316466957
AGGAACTAGGTATCGC,core_gfp_minus,core,GFP-,Tumor_proliferating,Tumor,exiting_hypoxia,0.0555253272079248,-1.3818732794398336,0.1565538917359719,0.5088870227336884,0.4911129772663116,True,E28S,0.0555253272079248,-1.3818732794398336,Hypoxic,0.9312563695835876,0.09285542145809111,0.3988291998819247,0.5083153786599842
ATCCGTAAGCTATGAT,core_gfp_minus,core,GFP-,Tumor_proliferating,Tumor,reverted_stable,-0.6631040371068759,-0.6961613432949684,0.1605935077036967,0.5264486074447632,0.4735513925552368,True,E28S,-0.6631040371068759,-0.6961613432949684,Normoxic,1.0735445272101667,0.4006992845521597,0.3667493738226649,0.2325513416251754
TCAACATAGGCACTTA,core_gfp_minus,core,GFP-,Tumor_proliferating,Tumor,reverted_stable,-0.7247169013977569,-0.7226065121042072,4.48426279215487,0.5323433578014374,0.4676566421985626,True,E28S,-0.7247169013977569,-0.7226065121042072,Normoxic,1.0730451584176257,0.4084803127296774,0.3581621152479127,0.23335757202240998
CACGCCAAGTATGGTT,core_gfp_minus,core,GFP-,Tumor_proliferating,Tumor,exiting_hypoxia,0.6393956083657962,-1.810151930804066,-0.30356413898427,0.5045310854911804,0.4954689145088196,True,E28S,0.6393956083657962,-1.810151930804066,Hypoxic,0.6189019885766975,0.013935023218518243,0.23849833376460092,0.7475666430168809
ACTACATAGTGAGTCC,core_gfp_minus,core,GFP-,Tumor_proliferating,Tumor,transitional,-0.3070026080085206,0.3405918505981636,2.416249675700886,0.5883032083511353,0.4116967916488647,True,E28S,-0.3070026080085206,0.3405918505981636,Normoxic,1.0169414209133103,0.4850068180852809,0.34830308478696037,0.1666900971277587
CTCCATTAGTGGCTAC,core_gfp_minus,core,GFP-,Tumor_proliferating,Tumor,exiting_hypoxia,-0.0306353150630715,-1.2583146391040614,0.1716547936953637,0.5385859608650208,0.4614140391349792,True,E28S,-0.0306353150630715,-1.2583146391040614,Hypoxic,0.9835822356944058,0.12576796764728895,0.42024785210631543,0.4539841802463957
GTCGGTTAGTGAGCAG,core_gfp_minus,core,GFP-,Tumor_proliferating,Tumor,exiting_hypoxia,-0.2745116935274462,-2.1230460915282943,-0.1147053511565473,0.5308680236339569,0.4691319763660431,True,E28S,-0.2745116935274462,-2.1230460915282943,Hypoxic,0.6636024895481327,0.03129866936592829,0.22444388002984822,0.7442574506042234
CCGGTATAGTTACACG,core_gfp_minus,core,GFP-,Tumor_proliferating,Tumor,exiting_hypoxia,0.296547915548381,-0.4579442759997001,4.911874241416849,0.5633534789085388,0.4366465210914612,True,E28S,0.296547915548381,-0.4579442759997001,Saddle / ICS,1.0318536362364594,0.1889022512834945,0.4832607933660398,0.3278369553504658
ATATGTCAGGTGCGAA,core_gfp_minus,core,GFP-,Tumor_proliferating,Tumor,reverted_stable,-0.7034245945248961,-0.5216277472217599,0.9959489356608796,0.5082418322563171,0.4917581677436828,True,E28S,-0.7034245945248961,-0.5216277472217599,Normoxic,1.0473468683955098,0.45418739492611876,0.3461950500074037,0.1996175550664776
ACCCATAAGCAATCCA,core_gfp_minus,core,GFP-,Tumor,Tumor,entering_hypoxia,-0.453769487245623,0.5870722308478735,-0.3658721523029289,0.0461865663528442,0.9538134336471558,True,E28S,-0.453769487245623,0.5870722308478735,Normoxic,0.9760882103087882,0.5477400755305153,0.30202927483945313,0.1502306496300315
ACAGGTGAGAACCATT,core_gfp_minus,core,GFP-,Tumor_proliferating,Tumor,exiting_hypoxia,1.4375572498516245,-1.0824196676141336,2.3367250136398563,0.5465186536312103,0.4534813463687897,True,E28S,1.4375572498516245,-1.0824196676141336,Hypoxic,0.5927703725262996,0.007825413002681966,0.2383405854719804,0.7538340015253376
TAGTGTTAGCGCTTGG,core_gfp_minus,core,GFP-,Tumor_proliferating,Tumor,transitional,-0.2268005419389981,-0.1520770023881594,0.0258925258245086,0.5524196624755859,0.447580337524414,True,E28S,-0.2268005419389981,-0.1520770023881594,Saddle / ICS,1.0564357451796216,0.3944748353311028,0.40324572540036885,0.20227943926852823
ATCAGTTAGCCATTGA,core_gfp_minus,core,GFP-,Tumor_proliferating,Tumor,entering_hypoxia,-0.7960063483837073,1.615594770601447,0.7944168807110975,0.6420837044715881,0.3579162955284118,True,E28S,-0.7960063483837073,1.615594770601447,Normoxic,0.9582764639702469,0.5925983884224505,0.2021587821373119,0.2052428294402376
TCATAACAGCCTCTGC,core_gfp_minus,core,GFP-,Tumor_proliferating,Tumor,normoxic_stable,-0.8192913662638696,-0.3725558916475745,3.1205206898461944,0.5279361605644226,0.4720638394355774,True,E28S,-0.8192913662638696,-0.3725558916475745,Normoxic,1.0080062060440669,0.5154169519528569,0.3123556600947405,0.17222738795240264
GTAACGGAGGATCAGG,core_gfp_minus,core,GFP-,Tumor_proliferating,Tumor,normoxic_stable,-0.8130907603224435,0.434721691186757,0.7169242081017079,0.6699880361557007,0.3300119638442993,True,E28S,-0.8130907603224435,0.434721691186757,Normoxic,0.8963040970216443,0.6285103301134114,0.24751256828463264,0.12397710160195595
GCATTTGAGGCTACAC,core_gfp_minus,core,GFP-,Tumor_proliferating,Tumor,transitional,-0.3983621736926812,-0.1010316426462865,-0.2992564725917678,0.5502588152885437,0.4497411847114563,True,E28S,-0.3983621736926812,-0.1010316426462865,Normoxic,1.0333956631553292,0.45540858337370177,0.36646784829975987,0.1781235683265383
ATCCGTAAGTATGATC,core_gfp_minus,core,GFP-,Tumor_proliferating,Tumor,reverted_stable,-0.7825433994687592,-0.5104380633186415,3.631540347948047,0.5608101487159729,0.4391898512840271,True,E28S,-0.7825433994687592,-0.5104380633186415,Normoxic,1.0367989819191017,0.47586747027210574,0.33125303686547936,0.1928794928624149
TCCTGTTAGCGCCTAG,core_gfp_minus,core,GFP-,Tumor_proliferating,Tumor,entering_hypoxia,-0.7458472874377784,0.5467147643569452,0.5636279157184888,0.7078233361244202,0.2921766638755798,True,E28S,-0.7458472874377784,0.5467147643569452,Normoxic,0.9055010842454652,0.6209510527105869,0.2517767165174032,0.12727223077200997
CGTATTGAGAATCCAT,core_gfp_minus,core,GFP-,Tumor_proliferating,Tumor,exiting_hypoxia,0.2668358311585444,-1.328154315240492,2.1104242780683657,0.563758134841919,0.436241865158081,True,E28S,0.2668358311585444,-1.328154315240492,Hypoxic,0.8953890736440306,0.07324406543889017,0.39911926590715174,0.5276366686539581
TCTCATCAGGTCCATA,core_gfp_minus,core,GFP-,Tumor_proliferating,Tumor,exiting_hypoxia,3.6851003498352943,-2.5856567312728997,-0.3403406761629245,0.484935462474823,0.515064537525177,True,E28S,3.6851003498352943,-2.5856567312728997,Hypoxic,0.0023435801207429617,5.477205187821926e-09,0.00025241154768439796,0.9997475829751103
AGGACTGAGCTAACGC,core_gfp_minus,core,GFP-,Tumor_proliferating,Tumor,entering_hypoxia,-0.72570461367985,0.6338894057240443,1.1540557968974976,0.5547299683094025,0.4452700316905975,True,E28S,-0.72570461367985,0.6338894057240443,Normoxic,0.9069262171248557,0.620759581213242,0.25010445572112205,0.12913596306563593
AGCCCATAGCAGTCTA,core_gfp_minus,core,GFP-,Tumor_proliferating,Tumor,exiting_hypoxia,1.458851296466897,-2.1657372236841623,-0.3565666117475172,0.4639427661895752,0.5360572338104248,True,E28S,1.458851296466897,-2.1657372236841623,Hypoxic,0.2554248475029106,0.0005802658122167367,0.06881465476171228,0.9306050794260711
AGTGGATAGCTACTGA,core_gfp_minus,core,GFP-,Tumor_proliferating,Tumor,exiting_hypoxia,1.6399798280838032,-1.790995533409195,0.7014544225268569,0.519760012626648,0.480239987373352,True,E28S,1.6399798280838032,-1.790995533409195,Hypoxic,0.3158078688739232,0.0009100232872196861,0.09264487192702471,0.9064451047857556
CACTACAAGTCTAGGC,core_gfp_minus,core,GFP-,Tumor_proliferating,Tumor,exiting_hypoxia,2.1016330597087447,-2.1244242287902058,-0.0373500476734355,0.38397878408432,0.6160212159156799,True,E28S,2.1016330597087447,-2.1244242287902058,Hypoxic,0.12513617930184437,6.41217667758245e-05,0.027083944907982497,0.9728519333252418
