barcode,sample,cell_type,hypoxia_dynamics,hypoxia_score,v_hypoxia,prolif_score,hypoxia_latent_time,velocity_pseudotime,dynamical_latent_time,cohort,h,v,attractor,membership_entropy,pi_norm,pi_saddle,pi_hyp
GTTGATTAGTCAGCCG_E14S,E14S,Hypoxic Tumor,persistent_hypoxia,1.9506673773752223,-0.0947984406240634,1.359182397630505,0.962552011013031,0.962552011013031,0.1009371650910166,MC38,1.9506673773752223,-0.0947984406240634,Hypoxic,0.560689799629885,0.004718110945737461,0.22398911459278067,0.7712927744614818
AGCGCACCATGCTGTC_E14S,E14S,Hypoxic Tumor,exiting_hypoxia,0.6806414522702752,-0.7305033863372233,1.529092589887585,0.9466166496276855,0.9466166496276855,0.070401928454766,MC38,0.6806414522702752,-0.7305033863372233,Hypoxic,0.9377895979240104,0.11175899557312588,0.3330606064119953,0.5551803980148788
TAGGCTGCATCACTGC_E14S,E14S,Tumor,entering_deep_hypoxia,2.8615989838374647,0.4190538429113425,-0.1102625585567483,0.9444071054458618,0.9444071054458618,0.2837171278634006,MC38,2.8615989838374647,0.4190538429113425,Hypoxic,0.353538823413202,0.00010669348703279309,0.1128676384369953,0.8870256680759719
CACCACCTCTCATGCT_E14S,E14S,Tumor,reverted_stable,-0.8540999931134194,-0.4833601467602609,1.132998557178548,0.9343845248222352,0.9343845248222352,0.1989319293548563,MC38,-0.8540999931134194,-0.4833601467602609,Normoxic,1.0686480601323691,0.4443090451633574,0.3088138446002272,0.24687711023641537
TCACGCCTCTAAGTCG_E14S,E14S,Hypoxic Tumor,transitional,0.2659577212834882,0.2281185999100183,1.466787350956393,0.9564425945281982,0.9564425945281982,0.1393320657006906,MC38,0.2659577212834882,0.2281185999100183,Saddle / ICS,1.0561051968051733,0.2020682935646145,0.40865373920947917,0.3892779672259064
AGCGAATAGGTGACGA_E14S,E14S,Hypoxic Tumor,persistent_hypoxia,0.4577354433204049,-0.351418058293978,1.7069727901998613,0.9496695399284364,0.9496695399284364,0.1065937265463449,MC38,0.4577354433204049,-0.351418058293978,Hypoxic,1.0301242451675816,0.1746419055471813,0.36666572136730563,0.4586923730855131
ACTAATGCAACATGAC_E14S,E14S,Tumor Proliferating,persistent_hypoxia,1.4233292402361082,0.3213216776565901,1.2214040681801042,0.9399210214614868,0.9399210214614868,0.2223584003356264,MC38,1.4233292402361082,0.3213216776565901,Hypoxic,0.7256950920310659,0.020508078889474982,0.3297416570276101,0.6497502640829148
GTAGTGAGTGATAGAT_E14S,E14S,Hypoxic Tumor,exiting_hypoxia,1.1822262154514305,-0.4113255963731352,1.716589311838406,0.9442293047904968,0.9442293047904968,0.08191540823172,MC38,1.1822262154514305,-0.4113255963731352,Hypoxic,0.7854615465855317,0.04355836842327029,0.3153636720080334,0.6410779595686964
ATCACAACAATCGGTG_E14S,E14S,Tumor Proliferating,exiting_hypoxia,0.2774730207238444,-0.4900310953765854,1.3189256210922735,0.928970217704773,0.928970217704773,0.0530316763961823,MC38,0.2774730207238444,-0.4900310953765854,Hypoxic,1.0625448984795698,0.21700267120200034,0.3557132902817474,0.42728403851625224
AGCAAATGTTCCTGTC_E14S,E14S,Tumor,entering_hypoxia,-1.394369707576004,0.4630380536460908,-0.3274613074481132,0.9423985481262208,0.9423985481262208,0.3657891992535397,MC38,-1.394369707576004,0.4630380536460908,Saddle / ICS,1.068234222953767,0.3871441842807357,0.39165284684230645,0.22120296887695784
CAAGGAACAAGTTACA_E14S,E14S,Tumor,persistent_hypoxia,0.5312701581744776,-0.1140143123205578,0.1669964033922466,0.9415363669395448,0.9415363669395448,0.2151302502762903,MC38,0.5312701581744776,-0.1140143123205578,Hypoxic,1.0142328519045702,0.1557939265178667,0.3833920538207946,0.46081401966133884
TGGGATTCAATGCGTG_E14S,E14S,Tumor,normoxic_stable,-0.7698489843062616,0.2174700354985426,0.6659993556000589,0.9386056661605836,0.9386056661605836,0.2000818691333225,MC38,-0.7698489843062616,0.2174700354985426,Normoxic,1.0740534608223884,0.405557175106117,0.3595863553519843,0.2348564695418987
CCCGACAAGTTGCGCG_E14S,E14S,Tumor,normoxic_stable,-0.6264804543676233,-0.0575478009114772,1.6267134706144488,0.9335294365882874,0.9335294365882874,0.1917786866473354,MC38,-0.6264804543676233,-0.0575478009114772,Normoxic,1.077233246091144,0.41378293769486174,0.3392920861088577,0.24692497619628062
AACAGCTCATTAATCC_E14S,E14S,Tumor,normoxic_stable,-1.2040448451250718,-0.2476463094366794,3.165685790666996,0.939323663711548,0.939323663711548,0.1478252694518152,MC38,-1.2040448451250718,-0.2476463094366794,Normoxic,1.053154477237996,0.463701500616906,0.3173774184515419,0.21892108093155202
GCGCTTGAGTAGTTAC_E14S,E14S,Tumor,normoxic_stable,-0.9614394011117232,-0.3852749983263696,3.2258878404515365,0.9353771209716796,0.9353771209716796,0.20471145391158,MC38,-0.9614394011117232,-0.3852749983263696,Normoxic,1.0611806910213897,0.45548633747991657,0.31062953621810063,0.23388412630198271
GGGAATTAGGATGCCT_E14S,E14S,Tumor,normoxic_stable,-0.4620245372687857,-0.2686275195541709,-0.1710926798818672,0.939077079296112,0.939077079296112,0.1611902611412656,MC38,-0.4620245372687857,-0.2686275195541709,Normoxic,1.0872860345759319,0.394791393513504,0.3329873403737694,0.2722212661127265
CACCGAACACATTCAT_E14S,E14S,Hypoxic Tumor,persistent_hypoxia,0.6944260473528141,0.1069324166766852,1.6057395329659945,0.9531894326210022,0.9531894326210022,0.1344218327770505,MC38,0.6944260473528141,0.1069324166766852,Hypoxic,0.9634817093036308,0.11381514372893953,0.3951706204283573,0.49101423584270315
CCTATAGAGTAACGAA_E14S,E14S,Tumor,normoxic_stable,-0.6572194183348327,0.0317690678088569,1.2887572515489487,0.936566174030304,0.936566174030304,0.1986579378699896,MC38,-0.6572194183348327,0.0317690678088569,Normoxic,1.0763413133940443,0.4115862578514499,0.3453812185410557,0.2430325236074943
GGAAGTTAGGTCAATT_E14S,E14S,Tumor,normoxic_stable,-0.9016396314758518,0.3729365429707988,1.1371983238576726,0.9333032965660096,0.9333032965660096,0.1160535118837705,MC38,-0.9016396314758518,0.3729365429707988,Normoxic,1.0729147665064898,0.39483259245278973,0.3748268211939427,0.23034058635326754
AGTTAGAAGCCACATA_E14S,E14S,Hypoxic Tumor,exiting_hypoxia,0.8430350650685994,-0.7347926706488885,1.516187999527631,0.9525604248046876,0.9525604248046876,0.1680996122921609,MC38,0.8430350650685994,-0.7347926706488885,Hypoxic,0.8792907178049146,0.08239618205731407,0.32214756504923286,0.595456252893453
CCCTTTAGTCTGGTCA_E14S,E14S,Tumor,reverted_stable,-0.5036458157351426,-0.6669383604901195,0.8059703965886318,0.9405115842819214,0.9405115842819214,0.2415684844889932,MC38,-0.5036458157351426,-0.6669383604901195,Normoxic,1.0922171858014318,0.38630438333792927,0.3152564888376,0.2984391278244707
AAACTTGCATTCAGCC_E14S,E14S,Hypoxic Tumor,exiting_hypoxia,0.4233472066999948,-0.9772598074629432,1.9848085259511823,0.944120705127716,0.944120705127716,0.1440072557524312,MC38,0.4233472066999948,-0.9772598074629432,Hypoxic,0.9848647867611144,0.14764894314512877,0.3243845800081802,0.527966476846691
CGATTCCCACAAGCTG_E14S,E14S,Hypoxic Tumor,exiting_hypoxia,2.4975556518054707,-2.008264854049557,0.7999991007244754,0.9357283115386964,0.9357283115386964,0.5943871027572238,MC38,2.4975556518054707,-2.008264854049557,Hypoxic,0.21589403389885606,9.361667361597425e-05,0.055689108579639796,0.9442172747467443
GGCTGTTAGATAGCAA_E14S,E14S,Hypoxic Tumor,persistent_hypoxia,0.5229377083220847,0.0528320829809256,1.9819174584374968,0.9403153657913208,0.9403153657913208,0.0580924947827025,MC38,0.5229377083220847,0.0528320829809256,Hypoxic,1.0125754746590419,0.15242641555936948,0.3960800565851022,0.4514935278555283
GGAGAGGAGGTAGTCC_E14S,E14S,Tumor,reverted_stable,-1.1182103090952589,-0.5006160731933363,1.4653098611865878,0.9377277493476868,0.9377277493476868,0.2168446405875284,MC38,-1.1182103090952589,-0.5006160731933363,Normoxic,1.0601623117421366,0.4588532972943045,0.3061418173723445,0.23500488533335098
TCCATTATCGTACTAG_E14S,E14S,Hypoxic Tumor,persistent_hypoxia,1.3610839758848274,-0.3179559106657535,1.7686237350209828,0.9482057094573976,0.9482057094573976,0.1075523440762141,MC38,1.3610839758848274,-0.3179559106657535,Hypoxic,0.7281877597108644,0.0280776806646874,0.29940058995147373,0.6725217293838388
TCTATGAGTTTGGAGA_E14S,E14S,Hypoxic Tumor,exiting_hypoxia,1.414504149668984,-1.116783457917171,2.4166565016397987,0.941084325313568,0.941084325313568,0.2285739588615431,MC38,1.414504149668984,-1.116783457917171,Hypoxic,0.6098247386587707,0.015982804969265827,0.22402291935593782,0.7599942756747964
ACTGCTGGTGATTAGG_E14S,E14S,Tumor,persistent_hypoxia,1.2674552447511944,-0.1644588712075074,-0.269296768131319,0.9452677965164183,0.9452677965164183,0.2911193865593598,MC38,1.2674552447511944,-0.1644588712075074,Hypoxic,0.7693491469476734,0.035825444878050616,0.32312725260936187,0.6410473025125875
TGCCATTTCGATCGCG_E14S,E14S,Hypoxic Tumor,exiting_hypoxia,1.3176810841123685,-0.8254671727357384,1.542243573021482,0.9619221091270448,0.9619221091270448,0.1159170979806709,MC38,1.3176810841123685,-0.8254671727357384,Hypoxic,0.6896776119780396,0.02620124356208875,0.2633507691958196,0.7104479872420916
AAACGTAAGCGAGTCT_E14S,E14S,Tumor,normoxic_stable,-0.6459461492758489,0.2899047949256824,1.448285634109819,0.9361679553985596,0.9361679553985596,0.2150052285983663,MC38,-0.6459461492758489,0.2899047949256824,Normoxic,1.0807829326315121,0.38126676230778433,0.37200607951785625,0.24672715817435936
CGTATTAGTTGGTTCG_E14S,E14S,Tumor,exiting_hypoxia,1.9843972678752555,-1.212652332303144,0.218288471934598,0.9390292167663574,0.9390292167663574,0.1599945294372327,MC38,1.9843972678752555,-1.212652332303144,Hypoxic,0.43111956152810105,0.002391567583645068,0.14541461276304826,0.8521938196533067
CGTGCAACAATCTACT_E14S,E14S,Tumor Proliferating,exiting_hypoxia,0.631201682390564,-1.1380930581631945,0.8090646390804028,0.9331921339035034,0.9331921339035034,0.0553182934730383,MC38,0.631201682390564,-1.1380930581631945,Hypoxic,0.8880422880465482,0.09377534940832839,0.3021193219626592,0.6041053286290123
CAGGATTCATGGTGTG_E14S,E14S,Tumor Proliferating,persistent_hypoxia,0.4009877704970843,0.1960032440646425,1.9602500574292747,0.9328773617744446,0.9328773617744446,0.039146948752996,MC38,0.4009877704970843,0.1960032440646425,Hypoxic,1.0334383651298031,0.17263015734400738,0.4078268588133378,0.419542983842655
ATCAGCCAGGGCTCCA_E14S,E14S,Tumor Proliferating,transitional,0.0373327117899305,-0.2603223275723046,2.3863335892311275,0.9348115921020508,0.9348115921020508,0.0514565391648807,MC38,0.0373327117899305,-0.2603223275723046,Saddle / ICS,1.0928110837138902,0.28335577910627413,0.3612360800922305,0.35540814080149524
GCACCAACACATAGCG_E14S,E14S,Hypoxic Tumor,persistent_hypoxia,0.9169397369815278,-0.0607730626114364,1.6760451920960506,0.94207102060318,0.94207102060318,0.0554937835436908,MC38,0.9169397369815278,-0.0607730626114364,Hypoxic,0.8950526672711044,0.0783422879938688,0.36882205032799936,0.5528356616781319
AAGCAACAGTTACGAT_E14S,E14S,Hypoxic Tumor,exiting_hypoxia,0.4156530432638829,-1.71856616127342,1.3313214449876245,0.9140363335609436,0.9140363335609436,0.4416966378246402,MC38,0.4156530432638829,-1.71856616127342,Hypoxic,0.8033538927739501,0.06922173086826194,0.26043239557005243,0.6703458735616856
GCAATTTAGAACGGAT_E14S,E14S,Hypoxic Tumor,exiting_hypoxia,0.5738166660307573,-0.6496263524814242,1.2291523681178813,0.9384707808494568,0.9384707808494568,0.1806993653988846,MC38,0.5738166660307573,-0.6496263524814242,Hypoxic,0.9809580421810944,0.13797706730639175,0.3436636044067904,0.5183593282868179
AGAAGGTTCCTTCGTG_E14S,E14S,Hypoxic Tumor,exiting_hypoxia,0.9483657604273904,-1.6478013063473649,0.4811190964174012,0.9364188313484192,0.9364188313484192,0.4441727705037044,MC38,0.9483657604273904,-1.6478013063473649,Hypoxic,0.647488784716385,0.02713635967810787,0.22227756981351068,0.7505860705083814
ACACATTAGGCGATAG_E14S,E14S,Tumor Proliferating,transitional,0.1985449724491383,-0.342158704435078,1.2120027131348368,0.9328325390815736,0.9328325390815736,0.0326517443192967,MC38,0.1985449724491383,-0.342158704435078,Hypoxic,1.0777121837419281,0.24123307610789593,0.3628348339928086,0.3959320898992954
GCACACTAGGCGAGAC_E14S,E14S,Tumor,normoxic_stable,-1.5358504091808842,-0.2241371546767621,-0.1913619599527646,0.9434088468551636,0.9434088468551636,0.3740198964726404,MC38,-1.5358504091808842,-0.2241371546767621,Normoxic,1.0575580288215405,0.4513910282272619,0.3293531180532529,0.21925585371948536
CACGCCAAGGTACGTC_E14S,E14S,Tumor,reverted_stable,-1.5399934941595583,-0.4159011415773374,0.9207159445617784,0.9838632345199584,0.9838632345199584,0.3821091786754414,MC38,-1.5399934941595583,-0.4159011415773374,Normoxic,1.0611130111670175,0.45111779630031423,0.3203138918968253,0.22856831180286055
ATGCAGCTCCGGATAC_E14S,E14S,Tumor,normoxic_stable,-1.196350266161072,-0.2078186449581117,-0.053005104381586,0.9457594752311708,0.9457594752311708,0.4166764566670749,MC38,-1.196350266161072,-0.2078186449581117,Normoxic,1.0530360898923738,0.4627634975751546,0.3195595759054775,0.21767692651936787
AGTATGAAGTAAGGGT_E14S,E14S,Tumor,entering_deep_hypoxia,0.9118552055887528,1.284421287830151,0.8802435362337752,0.9380466341972352,0.9380466341972352,0.0600029279449282,MC38,0.9118552055887528,1.284421287830151,Hypoxic,0.7879712102337789,0.02558395984723578,0.43107446076157563,0.5433415793911887
CTACTTGCATCCTAAT_E14S,E14S,Tumor,reverted_stable,-1.2774828906563649,-0.491401835339456,-0.0267630201482441,0.9434306621551514,0.9434306621551514,0.4025869590624404,MC38,-1.2774828906563649,-0.491401835339456,Normoxic,1.0585285339553847,0.46030625632918604,0.30848452190860826,0.2312092217622057
TCAATCCTCAATCGCA_E14S,E14S,Hypoxic Tumor,persistent_hypoxia,0.612753550472858,-0.0738987612660346,1.681438046297764,0.9437442421913148,0.9437442421913148,0.2089707734805077,MC38,0.612753550472858,-0.0738987612660346,Hypoxic,0.9918978440845366,0.13644296820068447,0.384771207938637,0.4787858238606785
CCCGTTATCCGTATAG_E14S,E14S,Tumor,persistent_hypoxia,0.3546927334636627,0.187738728108796,1.4482822057986655,0.9289512634277344,0.9289512634277344,0.1077917098448722,MC38,0.3546927334636627,0.187738728108796,Hypoxic,1.0430525840079037,0.18405402756631378,0.4067754129748444,0.40917055945884173
TCGTACTTCCAATTCC_E14S,E14S,Tumor,exiting_hypoxia,0.0943614364942673,-0.9780489475807128,0.5977046107643024,0.9359758496284484,0.9359758496284484,0.1718945408090296,MC38,0.0943614364942673,-0.9780489475807128,Hypoxic,1.0589414043435317,0.22258655075938918,0.3262385987950791,0.45117485044553163
ATAGGCGAGTTACGAT_E14S,E14S,Tumor,persistent_hypoxia,0.7630812271136286,-0.2409945995749134,0.9534384595449172,0.933306872844696,0.933306872844696,0.1745429045596739,MC38,0.7630812271136286,-0.2409945995749134,Hypoxic,0.9448568816287661,0.10712202456340536,0.3662152285887366,0.5266627468478581
GGCGGTAGTTCGGCTA_E14S,E14S,Tumor,exiting_hypoxia,0.8144535422273345,-0.4990762898615181,0.0378806671596619,0.9367265701293944,0.9367265701293944,0.151894221100166,MC38,0.8144535422273345,-0.4990762898615181,Hypoxic,0.9140246381552284,0.09463523666848472,0.3433697251077528,0.5619950382237624
AACAGGTAGATAGATG_E14S,E14S,Tumor,transitional,-0.1138565867057173,0.0130218085355514,0.0118298529392685,0.9375169277191162,0.9375169277191162,0.1478264166971534,MC38,-0.1138565867057173,0.0130218085355514,Saddle / ICS,1.0951039249669803,0.3107857470490175,0.37305386470569046,0.3161603882452921
GGTAATTTCGCTCACC_E14S,E14S,Tumor,reverted_stable,-0.5356282348351705,-0.5672093261091486,0.3264102346084003,0.9374683499336244,0.9374683499336244,0.2099997208231422,MC38,-0.5356282348351705,-0.5672093261091486,Normoxic,1.0882463501677504,0.39922239050810115,0.3166071129328083,0.28417049655909055
CGTTACCCAAGTGCAT_E14S,E14S,Tumor,exiting_hypoxia,0.8530913329995707,-1.0547110643487687,-0.0891909939406026,0.9401193261146544,0.9401193261146544,0.1312756379885703,MC38,0.8530913329995707,-1.0547110643487687,Hypoxic,0.8237407717096182,0.06585774854723264,0.29289624140155307,0.6412460100512143
TCGAGGTTCGCGCACA_E14S,E14S,Tumor Proliferating,persistent_hypoxia,1.5712151835148285,-0.1600029262925355,1.5244483314355703,0.928224802017212,0.928224802017212,0.0,MC38,1.5712151835148285,-0.1600029262925355,Hypoxic,0.6683002457046268,0.015708597023961143,0.2797019890032827,0.7045894139727562
CCATATAGTGGCTTGC_E14S,E14S,Tumor Proliferating,exiting_hypoxia,-0.0598914843122307,-0.9166881524250734,1.4547443013499075,0.9309815764427184,0.9309815764427184,0.0106904616321392,MC38,-0.0598914843122307,-0.9166881524250734,Hypoxic,1.0835540479908286,0.26649974842607427,0.3256490084901672,0.40785124308375864
CGTACAGCAATATCCT_E14S,E14S,Tumor Proliferating,exiting_hypoxia,0.4426230091756036,-0.5177022358864564,1.397411163520178,0.9463898539543152,0.9463898539543152,0.0913777239031314,MC38,0.4426230091756036,-0.5177022358864564,Hypoxic,1.0268743981590291,0.17426138407800246,0.35526533812814237,0.4704732777938551
AAGTTTGCAAGTTACA_E14S,E14S,Tumor,normoxic_stable,-1.7005623181439842,0.1961081044547907,1.4451598791629827,0.9400975108146667,0.9400975108146667,0.28174267951056,MC38,-1.7005623181439842,0.1961081044547907,Normoxic,1.0673121912935861,0.4046936099802021,0.3747366153569781,0.2205697746628197
TATCATGGTTGACCAT_E14S,E14S,Tumor Proliferating,persistent_hypoxia,0.6737478954380669,-0.349644779167949,1.4996842928275602,0.9287271499633788,0.9287271499633788,0.0256695350472405,MC38,0.6737478954380669,-0.349644779167949,Hypoxic,0.9701165920271619,0.12487426610520341,0.36232994476629793,0.5127957891284987
TCCCCTGGTATAGCTC_E14S,E14S,Tumor,normoxic_stable,-0.9785843054171184,0.0069493337625204,0.7498953199777986,0.946312427520752,0.946312427520752,0.414410788849951,MC38,-0.9785843054171184,0.0069493337625204,Normoxic,1.0603245476727463,0.44431644089955363,0.33484605486625457,0.22083750423419182
GGGGTATGTCAACTCG_E14S,E14S,Hypoxic Tumor,exiting_hypoxia,1.3890752915549769,-2.028125382990252,0.2476716869501445,0.9383605122566224,0.9383605122566224,0.5613635545387436,MC38,1.3890752915549769,-2.028125382990252,Hypoxic,0.4302975427794565,0.004465164154817613,0.13856335264582573,0.8569714831993567
AGTGGTTCACTAGTAA_E14S,E14S,Hypoxic Tumor,exiting_hypoxia,0.1664862334562938,-1.691584190009386,1.217251431230671,0.9144302010536194,0.9144302010536194,0.5444087594756754,MC38,0.1664862334562938,-1.691584190009386,Hypoxic,0.8883271447333222,0.10392221511955115,0.27771954073272753,0.6183582441477214
GTACCCAGTTCACTCC_E14S,E14S,Hypoxic Tumor,exiting_hypoxia,-0.3280350391412973,-1.299430096171747,0.5919449161181989,0.8465227484703064,0.8465227484703064,0.9362221967767976,MC38,-0.3280350391412973,-1.299430096171747,Hypoxic,1.0748639203121875,0.2581550501584519,0.30877462106995984,0.43307032877158824
AGGAATGCATCACTTG_E14S,E14S,Tumor,persistent_hypoxia,0.7979546503613362,-0.1118146109618048,2.24135475619565,0.9309809803962708,0.9309809803962708,0.1514075960212673,MC38,0.7979546503613362,-0.1118146109618048,Hypoxic,0.9351377263488455,0.09952213157452314,0.3737496741865112,0.5267281942389657
CGGGTCATCACAGCAC_E14S,E14S,Hypoxic Tumor,exiting_hypoxia,0.7677768345690898,-0.6376423795343514,2.6347332784438606,0.9366059303283693,0.9366059303283693,0.0362330584270977,MC38,0.7677768345690898,-0.6376423795343514,Hypoxic,0.9179100404601241,0.09913164603823989,0.3354208166466882,0.5654475373150719
GTAAGTAAGTCGATAT_E14S,E14S,Hypoxic Tumor,persistent_hypoxia,0.6579384698085804,-0.3260302057303526,1.2432470468644108,0.9392231702804564,0.9392231702804564,0.1436828333254657,MC38,0.6579384698085804,-0.3260302057303526,Hypoxic,0.9759168290344526,0.12846691961469883,0.364687592771362,0.5068454876139392
ACGTTCAAGTTACCTC_E14S,E14S,Tumor,normoxic_stable,-1.32338744838203,-0.1713974792130864,0.9228589862392432,0.9418095946311952,0.9418095946311952,0.2685280680033097,MC38,-1.32338744838203,-0.1713974792130864,Normoxic,1.05291556579149,0.46041741249185847,0.32433852539250013,0.2152440621156414
CCACCTCAGAAGGATC_E14S,E14S,Tumor,persistent_hypoxia,0.9934211900908216,-0.1331191332848881,0.1408831157275773,0.9320557117462158,0.9320557117462158,0.1203452108749512,MC38,0.9934211900908216,-0.1331191332848881,Hypoxic,0.8675933030569494,0.0675211803696617,0.3567972464631742,0.5756815731671641
TCATGGATCACCTCGC_E14S,E14S,Tumor,reverted_stable,-0.5665591701451634,-0.4094322514873785,1.7699320984169888,0.9418790340423584,0.9418790340423584,0.3577950888020197,MC38,-0.5665591701451634,-0.4094322514873785,Normoxic,1.0830097471261817,0.41121269131282495,0.32097528099378125,0.2678120276933938
TAGGCCACATAGGGCC_E14S,E14S,Tumor,transitional,-0.3157885345140559,0.0231508746241121,2.137446736383714,0.932314932346344,0.932314932346344,0.0710343002067152,MC38,-0.3157885345140559,0.0231508746241121,Saddle / ICS,1.0928431521809256,0.3544327023188143,0.36200492590920075,0.28356237177198484
ACGTCTAAGCGAGTCT_E14S,E14S,Tumor,entering_hypoxia,-0.1234928258319698,0.4743004323400034,0.2385372314920767,0.9415963292121888,0.9415963292121888,0.2310615007038149,MC38,-0.1234928258319698,0.4743004323400034,Saddle / ICS,1.0800666739751017,0.26224193620421526,0.41850708371973705,0.31925098007604763
TGCTACCCAATGCCTC_E14S,E14S,Tumor,exiting_hypoxia,4.0443903285731215,-1.9725520762176587,0.0379710123411898,0.9487439393997192,0.9487439393997192,0.0933642685036067,MC38,4.0443903285731215,-1.9725520762176587,Hypoxic,0.04922972241415008,3.987948345931458e-08,0.00855043426151106,0.9914495258590055
ACGGAACGTTTGAGGA_E14S,E14S,Tumor,normoxic_stable,-0.6837624376014,0.0418355904553251,0.92567776583445,0.9419310688972472,0.9419310688972472,0.333145818157892,MC38,-0.6837624376014,0.0418355904553251,Normoxic,1.075005940776082,0.4141862875245431,0.3452248925286356,0.24058881994682133
GTACGTTGTCAATCTA_E14S,E14S,Tumor,persistent_hypoxia,0.9759014872548488,-0.2263503948544746,0.772294029077866,0.9487571120262146,0.9487571120262146,0.4146973023774317,MC38,0.9759014872548488,-0.2263503948544746,Hypoxic,0.8713607031708198,0.07049180721184384,0.35158803237796626,0.5779201604101899
CTTCACTAGCGGAGTA_E14S,E14S,Tumor,persistent_hypoxia,0.6042310201201808,0.0340269024152729,0.2325695160810775,0.9444406032562256,0.9444406032562256,0.313902078634751,MC38,0.6042310201201808,0.0340269024152729,Hypoxic,0.991905532367545,0.1351234449922211,0.3930501287827279,0.471826426225051
TGGCTGACAAGCTACG_E14S,E14S,Hypoxic Tumor,exiting_hypoxia,0.4995762297941699,-2.562963050639008,0.8106717899725984,0.8969294428825378,0.8969294428825378,0.7189619358596753,MC38,0.4995762297941699,-2.562963050639008,Hypoxic,0.48856492155415027,0.010941558269785509,0.15431720550293435,0.8347412362272802
ATTGAGGGTAACGAGC_E14S,E14S,Hypoxic Tumor,exiting_hypoxia,3.1168484840196364,-0.4282103253232059,0.3022128009030234,0.9437064528465272,0.9437064528465272,0.0525235195345007,MC38,3.1168484840196364,-0.4282103253232059,Hypoxic,0.2509903818851797,3.717309852208054e-05,0.06882030485086878,0.9311425220506092
GGTTAGCTCGCTTCCA_E14S,E14S,Tumor,entering_hypoxia,-0.0733520286370778,0.752841441265577,1.454350286605513,0.929853081703186,0.929853081703186,0.1446667696074434,MC38,-0.0733520286370778,0.752841441265577,Saddle / ICS,1.0518971884847212,0.20741202610709955,0.45247160141246945,0.3401163724804309
CGATGTTGTTGGTTAC_E14S,E14S,Hypoxic Tumor,persistent_hypoxia,1.0953386529684146,0.1625765553139469,1.5644978226600463,0.9469133615493774,0.9469133615493774,0.0843591238039398,MC38,1.0953386529684146,0.1625765553139469,Hypoxic,0.8319586007738375,0.0500769798596605,0.3660027899328671,0.5839202302074724
AACGTAAAGCATTCGA_E14S,E14S,Hypoxic Tumor,reverted_stable,-0.6362109586002517,-1.6470239997087264,0.8878203810021399,0.8925074934959412,0.8925074934959412,0.9471384985149962,MC38,-0.6362109586002517,-1.6470239997087264,Hypoxic,1.0482879443064983,0.22302630002714957,0.2986139181112411,0.4783597818616093
TGGGCAAAGAATCATC_E14S,E14S,Tumor,normoxic_stable,-1.660126859694585,0.1475774258759704,0.6764824016574404,0.9460366368293762,0.9460366368293762,0.3800459627234112,MC38,-1.660126859694585,0.1475774258759704,Normoxic,1.065198594661324,0.4147353062275347,0.36681412745757463,0.21845056631489065
TAGTGGGAGGGCTGAA_E14S,E14S,Hypoxic Tumor,reverted_stable,-0.7911595645835788,-1.0727915662265524,0.7160878789073079,0.8693670034408569,0.8693670034408569,0.937801765297716,MC38,-0.7911595645835788,-1.0727915662265524,Normoxic,1.095164411661048,0.37037002161382965,0.30339778795347816,0.3262321904326922
ATCAAGGGTCAAGTAG_E14S,E14S,Tumor,exiting_hypoxia,0.0174656601466669,-1.598714754865723,0.1573967762991426,0.9440777897834778,0.9440777897834778,0.0998261866242133,MC38,0.0174656601466669,-1.598714754865723,Hypoxic,0.9563869184911277,0.14061270201444084,0.2913127581157597,0.5680745398697995
CCCATATTCAGGCAAG_E14S,E14S,Hypoxic Tumor,persistent_hypoxia,1.5110606318477404,-0.1455907918629093,1.4987226938908538,0.950597047805786,0.950597047805786,0.1136027555790773,MC38,1.5110606318477404,-0.1455907918629093,Hypoxic,0.6882596581165198,0.018655664544793903,0.28978082114163023,0.6915635143135759
GCCTCATCAACCTGGA_E14S,E14S,Hypoxic Tumor,persistent_hypoxia,1.3071054393603576,-0.1574290974802366,1.5928427321647676,0.9520989060401917,0.9520989060401917,0.095107827652116,MC38,1.3071054393603576,-0.1574290974802366,Hypoxic,0.7558631868850947,0.032381234952350776,0.31832262392201777,0.6492961411256316
CTGGGTTAGCCTTGGG_E14S,E14S,Hypoxic Tumor,reverted_posthypoxic,-0.6389858309629745,-0.207658009150022,0.7543262257597683,0.8742687106132507,0.8742687106132507,0.9489049842717716,MC38,-0.6389858309629745,-0.207658009150022,Normoxic,1.07620984259165,0.4219777181972042,0.32833437529605203,0.24968790650674386
TGGAGGATCGCGCTCT_E14S,E14S,Hypoxic Tumor,exiting_hypoxia,2.2389250965035057,-1.1708615466947434,1.728242600847494,0.9496612548828124,0.9496612548828124,0.0752283494630288,MC38,2.2389250965035057,-1.1708615466947434,Hypoxic,0.37490547554781584,0.0009852941526802357,0.12015117461888475,0.878863531228435
CCAACCCTCCTGATTC_E14S,E14S,Tumor,entering_hypoxia,-1.6693032784556183,1.1654346535693962,0.6183412222583115,0.9475530982017516,0.9475530982017516,0.2652454119897722,MC38,-1.6693032784556183,1.1654346535693962,Saddle / ICS,1.024455099834635,0.21126412142790027,0.5156056077816252,0.27313027079047436
CCGGCTAAGCTAAGGG_E14S,E14S,Hypoxic Tumor,reverted_stable,-0.652937254774257,-0.826604699511486,0.3937900442941657,0.9389427304267884,0.9389427304267884,0.2560203373591426,MC38,-0.652937254774257,-0.826604699511486,Normoxic,1.0909979244169845,0.3921307060596444,0.3072701145879829,0.3005991793523728
ATGCGAAGTAGCGGTG_E14S,E14S,Hypoxic Tumor,persistent_hypoxia,1.0798305219087987,-0.2792847658216192,1.4267055608107984,0.9600807428359984,0.9600807428359984,0.1211881809330304,MC38,1.0798305219087987,-0.2792847658216192,Hypoxic,0.8314380958898314,0.05613060106520566,0.33723201825718424,0.6066373806776101
GTAGCGAAGTTACGTG_E14S,E14S,Hypoxic Tumor,reverted_stable,-0.6749687162129985,-1.7229180707615803,0.8172111440846008,0.882460355758667,0.882460355758667,0.931826481893392,MC38,-0.6749687162129985,-1.7229180707615803,Hypoxic,1.0349450350568976,0.20810624979035552,0.2962200937519278,0.49567365645771655
GCTCCCACATCGTTGC_E14S,E14S,Hypoxic Tumor,exiting_hypoxia,2.8957835507978538,-0.8199507170177234,0.8066048205386062,0.9416868090629578,0.9416868090629578,0.1022908041077292,MC38,2.8957835507978538,-0.8199507170177234,Hypoxic,0.26706347430395944,8.590444167118023e-05,0.07491863529352451,0.9249954602648043
GCTCTCATCCACGGCA_E14S,E14S,Hypoxic Tumor,persistent_hypoxia,2.5074336315872285,-0.1274715575754981,2.7856491471396936,0.9414979815483092,0.9414979815483092,0.0638344173939746,MC38,2.5074336315872285,-0.1274715575754981,Hypoxic,0.4127151226097101,0.000588259250031373,0.1415910392331001,0.8578207015168685
TGCGGTTAGTTGCTTC_E14S,E14S,Hypoxic Tumor,reverted_stable,-0.6853490145700221,-1.7257525533550833,1.11500623203218,0.8999218344688416,0.8999218344688416,0.9255927403498276,MC38,-0.6853490145700221,-1.7257525533550833,Hypoxic,1.035198701552587,0.20839209821534344,0.296231501941677,0.4953763998429796
CTCCAAGGTTTCCTAT_E14S,E14S,Tumor,normoxic_stable,-0.7969057294687374,-0.2355238604019793,0.5879450719175717,0.9480160474777222,0.9480160474777222,0.364297936937556,MC38,-0.7969057294687374,-0.2355238604019793,Normoxic,1.0669609740903057,0.4416928260129266,0.3212100783329536,0.23709709565411977
GCTGCCTTCTGTCTAC_E14S,E14S,Tumor,entering_deep_hypoxia,0.5381795762271677,1.0393500832454174,1.868074377784342,0.9313908219337464,0.9313908219337464,0.1035830889603173,MC38,0.5381795762271677,1.0393500832454174,Saddle / ICS,0.9021409534421325,0.07206375857842677,0.464319592007061,0.4636166494145122
TGTAAGCCAACTGTCC_E14S,E14S,Hypoxic Tumor,reverted_stable,-0.6184191370974902,-1.0161638177766563,0.7825783439536682,0.8874954581260681,0.8874954581260681,0.9192327062117764,MC38,-0.6184191370974902,-1.0161638177766563,Normoxic,1.096546741612704,0.35919322128347864,0.30678204110780316,0.3340247376087183
AATGACAAGTAGTGAA_E14S,E14S,Hypoxic Tumor,exiting_hypoxia,0.4586261216299801,-1.2408277664590148,0.8652444821169485,0.9182263612747192,0.9182263612747192,0.503049579374616,MC38,0.4586261216299801,-1.2408277664590148,Hypoxic,0.9239851677422449,0.1140723843679354,0.3029275469041619,0.5830000687279027
TCATATGGTAAGTCAG_E14S,E14S,Tumor,normoxic_stable,-1.4484906119604732,-0.2473450004093886,0.9230739538989152,0.9469269514083862,0.9469269514083862,0.3378603827054162,MC38,-1.4484906119604732,-0.2473450004093886,Normoxic,1.055187715017528,0.4575518620091155,0.32403210928915466,0.21841602870172974
CCATCAGGTTGTCCAG_E14S,E14S,Hypoxic Tumor,reverted_posthypoxic,-1.6604488264591997,0.0021570095274744,0.9454006848989792,0.9611924886703492,0.9611924886703492,0.3215972429751004,MC38,-1.6604488264591997,0.0021570095274744,Normoxic,1.0629898516478975,0.42857288945622224,0.353012015285477,0.21841509525830094
GCGCTAGTCCTGGTAA_E14S,E14S,Tumor,normoxic_stable,-1.738647759893735,0.3330462976462595,0.9294287744109596,0.93439382314682,0.93439382314682,0.1310724655602031,MC38,-1.738647759893735,0.3330462976462595,Saddle / ICS,1.0702434485771004,0.38151602842388055,0.3935144625965927,0.22496950897952678
ATTCCTTGTTCGATGT_E14S,E14S,Hypoxic Tumor,persistent_hypoxia,2.3327514054295917,-0.3871700520152765,1.7166319108976198,0.94968980550766,0.94968980550766,0.0512773795896305,MC38,2.3327514054295917,-0.3871700520152765,Hypoxic,0.4368340949088044,0.0011525402010634175,0.15311588130512135,0.8457315784938152
TAACGCGCACTCGCAT_E14S,E14S,Hypoxic Tumor,reverted_stable,-1.0771244357710874,-0.5114834996507647,0.0569192310024316,0.9574450850486756,0.9574450850486756,0.3134552151718676,MC38,-1.0771244357710874,-0.5114834996507647,Normoxic,1.0614532973778386,0.4570682846861443,0.30572338634489366,0.23720832896896213
GGCCTAGTCCGTCCTA_E14S,E14S,Hypoxic Tumor,reverted_stable,-1.582815878223803,-1.40573780172094,0.6887350346428525,0.9400442838668824,0.9400442838668824,0.1760981815379809,MC38,-1.582815878223803,-1.40573780172094,Hypoxic,1.0946404516689945,0.3075547127212589,0.317078460275018,0.37536682700372315
CTCAAAGTCCCGCATC_E14S,E14S,Hypoxic Tumor,exiting_hypoxia,0.1255651029616978,-0.6271633239623208,0.7720533416509231,0.8812147974967957,0.8812147974967957,0.9553543976918808,MC38,0.1255651029616978,-0.6271633239623208,Hypoxic,1.079188308944901,0.24911492869279378,0.3439409045251582,0.4069441667820481
AGTACCATCAGCCATA_E14S,E14S,Tumor,entering_hypoxia,-1.0415865173526977,0.6618065985180069,0.4999169973280871,0.9460805058479308,0.9460805058479308,0.2922515818070771,MC38,-1.0415865173526977,0.6618065985180069,Saddle / ICS,1.0738862822046131,0.3475023529872458,0.4146894300423545,0.23780821697039972
ACGAAGGTCAGCACCG_E14S,E14S,Hypoxic Tumor,transitional,-0.2643478142336807,0.0410424640537575,-0.2948274650474993,0.9227427840232848,0.9227427840232848,0.5559330225344257,MC38,-0.2643478142336807,0.0410424640537575,Saddle / ICS,1.0940799241190708,0.34240618170159115,0.3665652465605623,0.2910285717378465
TGGCTTGGTTAGGCTT_E14S,E14S,Tumor,reverted_stable,-0.9307377914496964,-0.5394828701105181,0.0642808695209669,0.9436947703361512,0.9436947703361512,0.3860186997205694,MC38,-0.9307377914496964,-0.5394828701105181,Normoxic,1.0672654081483093,0.4477260764167695,0.30589792784307895,0.2463759957401516
ACATATCAGTCAGTGC_E14S,E14S,Tumor,entering_hypoxia,-0.5637738447781399,0.5247548381444979,2.574628687418852,0.9310810565948486,0.9310810565948486,0.1562781190237838,MC38,-0.5637738447781399,0.5247548381444979,Saddle / ICS,1.0835384510834478,0.3320113373176412,0.4046717417473119,0.2633169209350468
GGACAGGCAAGCCAGC_E14S,E14S,Hypoxic Tumor,exiting_hypoxia,0.8761118880502332,-0.8647176066964332,0.743638050433112,0.942389726638794,0.942389726638794,0.5446644024010776,MC38,0.8761118880502332,-0.8647176066964332,Hypoxic,0.8484167583990606,0.0718719436935074,0.30822035000764725,0.6199077062988453
GTCCCGAAGCCATGCG_E14S,E14S,Hypoxic Tumor,entering_hypoxia,-0.5205487735271791,0.5462416101765617,1.0201228351796032,0.8978973627090454,0.8978973627090454,0.922731593597474,MC38,-0.5205487735271791,0.5462416101765617,Saddle / ICS,1.0836719344817047,0.32185626794167144,0.4092782203605931,0.2688655116977354
AACACATTCATCACCT_E14S,E14S,Hypoxic Tumor,persistent_hypoxia,2.8035666283987664,-0.1708796322021738,0.1334074371780309,0.9421190619468688,0.9421190619468688,0.1754784927483073,MC38,2.8035666283987664,-0.1708796322021738,Hypoxic,0.3375611144840957,0.0001661466704069525,0.10501646847544213,0.894817384854151
AGCGTAAGTAGCTTCG_E14S,E14S,Tumor,normoxic_stable,-1.309867065499861,0.3238462497159035,0.8388638527660147,0.9409283995628356,0.9409283995628356,0.3158837579695272,MC38,-1.309867065499861,0.3238462497159035,Normoxic,1.0642273462644853,0.4131407910703676,0.3705957176378858,0.21626349129174663
CTGAATGTCCAGATTG_E14S,E14S,Hypoxic Tumor,entering_hypoxia,-1.4769116794067016,1.6091762531689011,1.1902265861447965,0.943466067314148,0.943466067314148,0.2303790262012293,MC38,-1.4769116794067016,1.6091762531689011,Saddle / ICS,0.9404733453650935,0.1209211956057191,0.5671939098157266,0.31188489457855434
CATGAACCATTAACCT_E14S,E14S,Tumor,persistent_hypoxia,0.4344836082429031,-0.2913803034578633,0.333667341904189,0.9332831501960754,0.9332831501960754,0.087113323446298,MC38,0.4344836082429031,-0.2913803034578633,Hypoxic,1.036817868415206,0.1808572411029554,0.37088554649921535,0.4482572123978293
CAACCAGCAATCTCTG_E14S,E14S,Hypoxic Tumor,persistent_hypoxia,0.5228411965695133,-0.3789655318817468,-0.445648976779866,0.9165842533111572,0.9165842533111572,0.7953575898956274,MC38,0.5228411965695133,-0.3789655318817468,Hypoxic,1.0128498226192746,0.15851277256033192,0.3642065679205292,0.47728065951913895
AACGCGCCATCGATCC_E14S,E14S,Hypoxic Tumor,reverted_posthypoxic,-0.6459934883222532,-0.2509846389076244,-0.3935950247130381,0.9250763058662416,0.9250763058662416,0.490287872565987,MC38,-0.6459934883222532,-0.2509846389076244,Normoxic,1.0760183634825955,0.4237950477242137,0.3254835934076756,0.2507213588681107
TAACCTAGTTCGTGGC_E14S,E14S,Hypoxic Tumor,reverted_posthypoxic,-1.4918981692088975,-0.0397558727327642,1.7041354273962612,0.9598583579063416,0.9598583579063416,0.1214487776617173,MC38,-1.4918981692088975,-0.0397558727327642,Normoxic,1.0568935888603577,0.44590966264036447,0.34005482520790487,0.2140355121517306
TCATCTATCCGGGTTG_E14S,E14S,Hypoxic Tumor,exiting_hypoxia,1.9319367271569812,-1.1506977055412244,0.1714762883908415,0.9426547288894652,0.9426547288894652,0.1945052863406405,MC38,1.9319367271569812,-1.1506977055412244,Hypoxic,0.45353799689840735,0.0030703516068786474,0.15614963580788072,0.8407800125852406
CCAAGTCAGCCAGGAA_E14S,E14S,Hypoxic Tumor,reverted_posthypoxic,-0.684739381152462,0.2501594446100484,-0.357196614884486,0.925446629524231,0.925446629524231,0.5041676594387617,MC38,-0.684739381152462,0.2501594446100484,Normoxic,1.0785073339012352,0.39161277401650385,0.3660311535436461,0.24235607243985002
ACAGGTAGTCCCGTAA_E14S,E14S,Hypoxic Tumor,transitional,0.251851937121556,0.2634730679733068,0.2738227615765618,0.9325738549232484,0.9325738549232484,0.4257703127589218,MC38,0.251851937121556,0.2634730679733068,Saddle / ICS,1.05615759967072,0.2023874178071948,0.41142979456101075,0.38618278763179453
CAAACTTAGTTGGTCA_E14S,E14S,Hypoxic Tumor,reverted_posthypoxic,-0.6778298697013017,-0.3058930086068193,0.6232425727473573,0.9468790888786316,0.9468790888786316,0.3636543208658888,MC38,-0.6778298697013017,-0.3058930086068193,Normoxic,1.0745942794051804,0.4284931397032962,0.3212853404303436,0.2502215198663601
CGATAAGGTCAGCCTA_E14S,E14S,Tumor,entering_deep_hypoxia,0.5028797883274952,2.441011254024421,2.312487146108952,0.9277797937393188,0.9277797937393188,0.1431735557134457,MC38,0.5028797883274952,2.441011254024421,Hypoxic,0.7155150686544427,0.004882873728842597,0.44720168221283174,0.5479154440583256
AATCCCAAGTGTCCGG_E14S,E14S,Hypoxic Tumor,reverted_stable,-1.3052987328386825,-0.9915277166901684,0.2785347587804406,0.9422928094863892,0.9422928094863892,0.2158230926023533,MC38,-1.3052987328386825,-0.9915277166901684,Normoxic,1.086523539894279,0.4070845585876796,0.3047856061972671,0.2881298352150533
TCAAACTAGTGAGTAA_E14S,E14S,Hypoxic Tumor,reverted_stable,-0.6804610570949857,-0.7092587386201815,2.603292308954676,0.9398418068885804,0.9398418068885804,0.2954742133560064,MC38,-0.6804610570949857,-0.7092587386201815,Normoxic,1.085585474638413,0.4090704398385848,0.30802523602918785,0.2829043241322273
CATTTCGCACTTACTG_E14S,E14S,Hypoxic Tumor,transitional,-0.3892208363571117,0.3765399197934307,0.1888896183454183,0.9563979506492616,0.9563979506492616,0.2999456688504034,MC38,-0.3892208363571117,0.3765399197934307,Saddle / ICS,1.0883900204161803,0.32870716730901706,0.3939351852986916,0.27735764739229135
GCATCACAGTCGAAGG_E14S,E14S,Tumor,entering_deep_hypoxia,3.128819977168966,0.4538455391340814,1.3396946486533603,0.9451758861541748,0.9451758861541748,0.1636835486730397,MC38,3.128819977168966,0.4538455391340814,Hypoxic,0.2915679519081567,2.9939616552702006e-05,0.08517447926589664,0.9147955811175507
TGGCCTGAGTTGGTGC_E14S,E14S,Hypoxic Tumor,reverted_posthypoxic,-1.734388297244336,-0.0589237455548789,1.0034477624027514,0.95749431848526,0.95749431848526,0.2858259031250129,MC38,-1.734388297244336,-0.0589237455548789,Normoxic,1.065597326868656,0.4245820255266952,0.3530720317349083,0.22234594273839647
CGCTCATCAAGCATTA_E14S,E14S,Tumor,entering_hypoxia,-1.982451839846103,0.9301154313278877,1.6133405217371826,0.9352113008499146,0.9352113008499146,0.107674769822684,MC38,-1.982451839846103,0.9301154313278877,Saddle / ICS,1.0395741432537773,0.2336678026227986,0.49852773411330864,0.26780446326389284
AAAGCCTCAGTAAGGA_E14S,E14S,Hypoxic Tumor,entering_hypoxia,-0.1401342018295323,0.5431814817548397,1.7667332585249549,0.944625973701477,0.944625973701477,0.2562157903590803,MC38,-0.1401342018295323,0.5431814817548397,Saddle / ICS,1.076549647335424,0.2550745550671694,0.4256985322682097,0.31922691266462094
ACATGAGGTGCGTGTC_E14S,E14S,Hypoxic Tumor,entering_hypoxia,0.0793946023048264,0.554831716511312,-0.4013527078771344,0.9182444214820862,0.9182444214820862,0.7377912560692527,MC38,0.0793946023048264,0.554831716511312,Saddle / ICS,1.0563808347782588,0.20788172542107722,0.43487500593808925,0.35724326864083344
CACCTCATCCATAGAT_E14S,E14S,Tumor,entering_hypoxia,-0.0250326820549783,0.921144976027676,0.3626222493835747,0.9481891989707948,0.9481891989707948,0.2410019857997126,MC38,-0.0250326820549783,0.921144976027676,Saddle / ICS,1.0234824916928538,0.17017943567111538,0.4719843087927489,0.3578362555361357
AAACCCGCAATTCGCC_E14S,E14S,Hypoxic Tumor,entering_hypoxia,-0.1986197647676129,1.5960290410497542,0.2199335835337652,0.9493435621261596,0.9493435621261596,0.2714106904423317,MC38,-0.1986197647676129,1.5960290410497542,Saddle / ICS,0.9064747451540143,0.08097856323251373,0.5326630194625942,0.38635841730489207
CTGCACCTCCAGGGTT_E14S,E14S,Hypoxic Tumor,persistent_hypoxia,1.3950177571514646,0.1481622583859685,1.5843891224513922,0.9641541242599488,0.9641541242599488,0.1580299959552312,MC38,1.3950177571514646,0.1481622583859685,Hypoxic,0.734295108874595,0.024007968347041622,0.3250572830134974,0.650934748639461
AACGCTCAGTTGGCCG_E14S,E14S,Hypoxic Tumor,entering_deep_hypoxia,1.40061012970116,1.08367648752547,0.6689258878450983,0.9455530643463136,0.9455530643463136,0.3884190256166817,MC38,1.40061012970116,1.08367648752547,Hypoxic,0.7042543026123489,0.010559756409166728,0.3547773617055739,0.6346628818852594
GCGTAGCCATCGGTAG_E14S,E14S,Tumor,reverted_stable,-0.6634809153154422,-1.071592291187479,0.6862990215365558,0.946208953857422,0.946208953857422,0.11123940921417,MC38,-0.6634809153154422,-1.071592291187479,Normoxic,1.0966479909670213,0.3556210356573855,0.30556208992500833,0.3388168744176061
TATGTTGGTCATCACG_E14S,E14S,Hypoxic Tumor,entering_deep_hypoxia,1.692486751095725,1.142050339797791,0.3046914077764166,0.9466965794563292,0.9466965794563292,0.2216095471163448,MC38,1.692486751095725,1.142050339797791,Hypoxic,0.6399670973901104,0.0042096155488015536,0.3040633968793598,0.6917269875718387
TCTCGCATCCTGACCC_E14S,E14S,Tumor,exiting_hypoxia,0.9387803859809524,-1.3616482228730158,0.6221915309726201,0.946720540523529,0.946720540523529,0.0988906773350491,MC38,0.9387803859809524,-1.3616482228730158,Hypoxic,0.724419976896786,0.04056621037008296,0.25416641277396174,0.7052673768559554
GCGTCCTTCGCTAGAC_E14S,E14S,Hypoxic Tumor,persistent_hypoxia,0.5137105341638006,0.0869456191662869,1.096843178284373,0.9461205005645752,0.9461205005645752,0.2072870527442062,MC38,0.5137105341638006,0.0869456191662869,Hypoxic,1.0135263198870252,0.15299377265517727,0.3988083135343673,0.4481979138104555
CAGTATTAGTCAAGTT_E14S,E14S,Tumor,persistent_hypoxia,0.7370820512551183,0.3531554099977915,0.6810730926527581,0.9404046535491944,0.9404046535491944,0.1697808758962838,MC38,0.7370820512551183,0.3531554099977915,Hypoxic,0.9365109867411213,0.09452212234517114,0.4102372336906121,0.4952406439642168
GGTTAAGGTATGTGCT_E14S,E14S,Tumor,entering_hypoxia,-1.7343268321558318,0.4576394824875116,0.5034042510582976,0.9453763961791992,0.9453763961791992,0.2474564837253756,MC38,-1.7343268321558318,0.4576394824875116,Saddle / ICS,1.0709298131080334,0.3615978133270584,0.4095207100520329,0.22888147662090866
CAGTTTGAGGATTAAG_E14S,E14S,Hypoxic Tumor,reverted_posthypoxic,-0.4589985392927087,0.1921267212578017,-0.4472135432366536,0.9244001507759094,0.9244001507759094,0.5633790067528806,MC38,-0.4589985392927087,0.1921267212578017,Saddle / ICS,1.0875702271297305,0.3653616010839505,0.36994567458769495,0.2646927243283546
TCTCATATCCAGATGC_E14S,E14S,Tumor,entering_deep_hypoxia,1.2503236525869443,0.870760814708413,0.177378619152434,0.9458580017089844,0.9458580017089844,0.3027437375462946,MC38,1.2503236525869443,0.870760814708413,Hypoxic,0.7515009896728642,0.020275299642180226,0.3760178690541771,0.6037068313036428
TCCACATTCTGTCACT_E14S,E14S,Hypoxic Tumor,reverted_posthypoxic,-0.4351956449811199,-0.3775740646284563,2.0711087293345964,0.9460614919662476,0.9460614919662476,0.2056617797752346,MC38,-0.4351956449811199,-0.3775740646284563,Normoxic,1.0899246502099267,0.38939956800381437,0.3286662876570761,0.28193414433910946
ACGAGTGAGGCGCATT_E14S,E14S,Hypoxic Tumor,reverted_posthypoxic,-0.8778956830355257,-0.2034363874169232,1.1452549113426485,0.9413959980010986,0.9413959980010986,0.3911391944733408,MC38,-0.8778956830355257,-0.2034363874169232,Normoxic,1.0626242459881277,0.4484569850147949,0.32114836747027137,0.23039464751493374
ACTTTAGGTCAAGGGT_E14S,E14S,Hypoxic Tumor,entering_deep_hypoxia,1.100977905196528,1.009204287538421,0.1949181615959185,0.9413127303123474,0.9413127303123474,0.1829738670577934,MC38,1.100977905196528,1.009204287538421,Hypoxic,0.7762666052792094,0.0246545339179917,0.4011563924482873,0.574189073633721
AGTCGATCACATGCTC_E14S,E14S,Hypoxic Tumor,reverted_stable,-1.0955484880382949,-0.417623108122351,-0.1149729709057531,0.924414038658142,0.924414038658142,0.5142470664801777,MC38,-1.0955484880382949,-0.417623108122351,Normoxic,1.057863584398299,0.4611512460483556,0.30876021982963786,0.23008853412200655
ATGTTAGCAGGGACTC_E14S,E14S,Hypoxic Tumor,persistent_hypoxia,0.3301100883630362,-0.2963085499267813,-0.13851870468719,0.925715982913971,0.925715982913971,0.5093873459023741,MC38,0.3301100883630362,-0.2963085499267813,Hypoxic,1.0579894920151296,0.20731068625801333,0.3694048051264915,0.42328450861549527
AACGCTCAGGTCACGT_E14S,E14S,Hypoxic Tumor,persistent_hypoxia,0.3318971632558742,-0.148509630594087,-0.3224819045006666,0.927014172077179,0.927014172077179,0.477268644657042,MC38,0.3318971632558742,-0.148509630594087,Hypoxic,1.0579021510710636,0.2055245998772173,0.37994938858091376,0.4145260115418689
AGGTTCGCATCCCAAC_E14S,E14S,Hypoxic Tumor,transitional,-0.2119991896619284,-0.1572187616139259,-0.0875427185861697,0.9378366470336914,0.9378366470336914,0.4037248199096528,MC38,-0.2119991896619284,-0.1572187616139259,Saddle / ICS,1.09654239442218,0.34175986895223487,0.35418539259349185,0.3040547384542733
GTGCCCAAGGAGTCGA_E14S,E14S,Hypoxic Tumor,entering_hypoxia,-0.0371990514301259,1.2903926190503685,-0.1413134144776417,0.9486963152885436,0.9486963152885436,0.2615875339904468,MC38,-0.0371990514301259,1.2903926190503685,Saddle / ICS,0.9560757072254883,0.11102745377500885,0.5068227924423856,0.3821497537826055
TAGCTGATCGACCAGT_E14S,E14S,Hypoxic Tumor,entering_hypoxia,-0.7209801961261649,1.4240647373683009,0.1004201999567862,0.9420152902603148,0.9420152902603148,0.3493080151509528,MC38,-0.7209801961261649,1.4240647373683009,Saddle / ICS,0.9850712121937072,0.14925664340331818,0.530070265440903,0.3206730911557788
ACGGGCAGTAAGCGCG_E14S,E14S,Hypoxic Tumor,entering_hypoxia,-0.9542993123460228,0.9626345485428096,0.5238050637480999,0.9382418990135192,0.9382418990135192,0.3823427222811063,MC38,-0.9542993123460228,0.9626345485428096,Saddle / ICS,1.0624148726775888,0.2730188805306721,0.4632413625433845,0.2637397569259434
TAGCTAGTCCCAGTCC_E14S,E14S,Hypoxic Tumor,entering_hypoxia,-1.1817353853634631,1.728906910157077,0.9775339911865684,0.9467065930366516,0.9467065930366516,0.2118652249695656,MC38,-1.1817353853634631,1.728906910157077,Saddle / ICS,0.9178843218847008,0.10141234462326681,0.5705684807915339,0.3280191745851994
ACGCTTGGTTCCGTGA_E14S,E14S,Hypoxic Tumor,exiting_hypoxia,0.1523792954738043,-0.8346618095715629,1.0917783881239589,0.9406426548957824,0.9406426548957824,0.4462326172559668,MC38,0.1523792954738043,-0.8346618095715629,Hypoxic,1.062914919775625,0.22492513574599257,0.3340810165936255,0.44099384766038185
GTAGGCGGTGATTCCG_E14S,E14S,Hypoxic Tumor,reverted_posthypoxic,-0.5289385370013787,0.3820988230267467,-0.5660195371680009,0.9272704720497132,0.9272704720497132,0.5309268689292528,MC38,-0.5289385370013787,0.3820988230267467,Saddle / ICS,1.0854516624340422,0.35100999038677044,0.38788588854278117,0.2611041210704485
TGTATCAGTAACGACA_E14S,E14S,Hypoxic Tumor,exiting_hypoxia,0.5245322781665944,-1.59076848912381,0.5732616782269131,0.9286578297615052,0.9286578297615052,0.5072738954918738,MC38,0.5245322781665944,-1.59076848912381,Hypoxic,0.8080563229349527,0.06895577311236038,0.2661342926503058,0.6649099342373338
ACGAATGGTGATGCAA_E14S,E14S,Hypoxic Tumor,entering_hypoxia,-1.1109571872135764,0.4666982147524072,-0.4165103446485278,0.9200035333633424,0.9200035333633424,0.6061119278880415,MC38,-1.1109571872135764,0.4666982147524072,Normoxic,1.070369156910618,0.3888018888640888,0.3861599244702136,0.22503818666569758
GTGCATATCAGTAATC_E14S,E14S,Tumor,entering_hypoxia,-0.8810924216749121,0.8972378218272783,0.6905967665885807,0.9379060864448548,0.9379060864448548,0.0792222130125594,MC38,-0.8810924216749121,0.8972378218272783,Saddle / ICS,1.067482488532284,0.2847597896945729,0.45286815607494874,0.2623720542304785
CATATCTCACTCAAGG_E14S,E14S,Hypoxic Tumor,entering_hypoxia,-0.8840775168393021,0.4655825723630107,-0.2467158738878826,0.9198381900787354,0.9198381900787354,0.5863568397619293,MC38,-0.8840775168393021,0.4655825723630107,Saddle / ICS,1.075452479567643,0.3776806488396322,0.38730345932680693,0.23501589183356092
TGAGGAACAATGCCAG_E14S,E14S,Tumor,entering_hypoxia,-1.6679672203279758,0.9325542425260608,0.4953006882098351,0.9469154477119446,0.9469154477119446,0.2220253285134687,MC38,-1.6679672203279758,0.9325542425260608,Saddle / ICS,1.0536623087918204,0.2674454795693161,0.4782855954689268,0.25426892496175724
AACATCACAAATCACA_E14S,E14S,Tumor,persistent_hypoxia,1.5081253072667995,0.2675780280460219,0.4572965035430621,0.9478529691696168,0.9478529691696168,0.4209035428625317,MC38,1.5081253072667995,0.2675780280460219,Hypoxic,0.7006891437728329,0.016695335970017832,0.31386679327315836,0.6694378707568238
CTCATAGAGTGACCCG_E14S,E14S,Hypoxic Tumor,reverted_posthypoxic,-1.162869271783019,0.044571916957703,-0.0736313100722219,0.9267474412918092,0.9267474412918092,0.5218303800315297,MC38,-1.162869271783019,0.044571916957703,Normoxic,1.0565017714212357,0.44771712328138463,0.3380142112612032,0.21426866545741213
TGTAGGTCATCACGAG_E14S,E14S,Hypoxic Tumor,reverted_posthypoxic,-1.343711562911868,-0.2605525979745944,0.4064739480117012,0.9340961575508118,0.9340961575508118,0.4005262672986977,MC38,-1.343711562911868,-0.2605525979745944,Normoxic,1.0534525868082483,0.46216309085068175,0.3196516137209323,0.21818529542838602
CACGGTTAGCCTACCC_E14S,E14S,Hypoxic Tumor,transitional,-0.3817139489257226,-0.2523789994202413,0.0441577754290679,0.9212523102760316,0.9212523102760316,0.5898602714729662,MC38,-0.3817139489257226,-0.2523789994202413,Normoxic,1.0913638789963656,0.3795897188061238,0.33822652318940877,0.28218375800446754
ATTCGGGCATTGCCGT_E14S,E14S,Hypoxic Tumor,entering_deep_hypoxia,1.3896524305646254,0.4359070625564674,-0.4568624516345973,0.9298689961433412,0.9298689961433412,0.5091407218121918,MC38,1.3896524305646254,0.4359070625564674,Hypoxic,0.7338922371659671,0.020914644664817048,0.340133302539595,0.638952052795588
ATGGACTCATGCGTAG_E14S,E14S,Hypoxic Tumor,reverted_stable,-0.5765248288527369,-0.7183997763897054,1.059393585238985,0.9284833669662476,0.9284833669662476,0.5897474724748267,MC38,-0.5765248288527369,-0.7183997763897054,Normoxic,1.090522355649156,0.39330424393019264,0.311334328828283,0.2953614272415245
ACCATCAAGGTCAATT_E14S,E14S,Hypoxic Tumor,exiting_hypoxia,-0.2454996617508889,-0.4253226409064535,0.525050164388845,0.9370551109313964,0.9370551109313964,0.4482950352401049,MC38,-0.2454996617508889,-0.4253226409064535,Normoxic,1.097627417024087,0.3495836747741302,0.33654609433622945,0.3138702308896403
TCGCAAATCCTGATCT_E14S,E14S,Hypoxic Tumor,exiting_hypoxia,0.0045481853568378,-0.7589552774132812,-0.1965434488829336,0.926828682422638,0.926828682422638,0.4731376808114851,MC38,0.0045481853568378,-0.7589552774132812,Hypoxic,1.0861136628330317,0.26877530054510756,0.3338111136292397,0.39741358582565267
CATTAACAGAACGAAC_E14S,E14S,Hypoxic Tumor,persistent_hypoxia,0.7687086844492156,-0.2524488345407941,2.4721509831379898,0.9493942856788636,0.9493942856788636,0.2039501518870857,MC38,0.7687086844492156,-0.2524488345407941,Hypoxic,0.9426955276491165,0.10603910014945998,0.36504680500839265,0.5289140948421475
CACATTGAGGATGTGG_E14S,E14S,Tumor,normoxic_stable,-1.437403193149973,-0.3344692537280944,1.1057211478297382,0.9245175719261168,0.9245175719261168,0.0502188658931285,MC38,-1.437403193149973,-0.3344692537280944,Normoxic,1.056131603627789,0.45878102570115786,0.31916066978399427,0.22205830451484784
TGCTGGGTCCAGAGGA_E14S,E14S,Hypoxic Tumor,exiting_hypoxia,-0.0938339598963275,-1.7543894315499513,0.300841199254764,0.957264482975006,0.957264482975006,0.3359773101757636,MC38,-0.0938339598963275,-1.7543894315499513,Hypoxic,0.934606309602467,0.12972144372571098,0.2827971978055904,0.5874813584686986
CGCATAGCACAAGGAA_E14S,E14S,Hypoxic Tumor,persistent_hypoxia,0.8683156369093409,-0.1549914866695215,0.0613337822602779,0.9501817226409912,0.9501817226409912,0.3376804689500401,MC38,0.8683156369093409,-0.1549914866695215,Hypoxic,0.9110202402500633,0.08742042445024585,0.3658118713182801,0.546767704231474
TAGGGTGAGCTGGGTT_E14S,E14S,Hypoxic Tumor,reverted_posthypoxic,-1.0574438627510496,0.0571495365696526,0.9646530795302882,0.9584132432937622,0.9584132432937622,0.3490403557414869,MC38,-1.0574438627510496,0.0571495365696526,Normoxic,1.0589814907278616,0.44383348116940763,0.3387638411434008,0.21740267768719151
GCCAAATCATGACCAG_E14S,E14S,Hypoxic Tumor,exiting_hypoxia,0.253596137669012,-0.600085239967232,1.3661630025099083,0.9411495923995972,0.9411495923995972,0.1060159628384306,MC38,0.253596137669012,-0.600085239967232,Hypoxic,1.0617794460963021,0.21796112481367605,0.34863227271626246,0.4334066024700614
ACGCCCAAGTCAGTCA_E14S,E14S,Hypoxic Tumor,exiting_hypoxia,0.3128894741140179,-0.8605750370231323,1.5492832087834587,0.9508783221244812,0.9508783221244812,0.0907573992795627,MC38,0.3128894741140179,-0.8605750370231323,Hypoxic,1.0290115682982361,0.18358637699595834,0.33371114639765936,0.4827024766063823
CACAAGCTCCATGTCT_E14S,E14S,Hypoxic Tumor,reverted_posthypoxic,-0.7033819388230912,-0.0503746948262564,1.259890430580538,0.9446593523025512,0.9446593523025512,0.4093825980397244,MC38,-0.7033819388230912,-0.0503746948262564,Normoxic,1.0727887498798885,0.4234843117047168,0.3367991662856692,0.2397165220096141
GCGAGTAAGCCTAGAC_E14S,E14S,Hypoxic Tumor,entering_hypoxia,-0.3415546576808833,0.4579736584420321,-0.1761270970613169,0.9276037812232972,0.9276037812232972,0.5310401736213611,MC38,-0.3415546576808833,0.4579736584420321,Saddle / ICS,1.0867015184062954,0.3075091562807246,0.4060732372230466,0.2864176064962288
TGTATGACAAGTATCA_E14S,E14S,Hypoxic Tumor,transitional,-0.4032537767012656,0.3338484775182667,-0.5742246024828344,0.9175950884819032,0.9175950884819032,0.5629898092042344,MC38,-0.4032537767012656,0.3338484775182667,Saddle / ICS,1.088731647508081,0.33740295480716737,0.38826289719300605,0.2743341479998266
CTTGGATGTTTGGTTA_E14S,E14S,Tumor,entering_hypoxia,-0.7644416461980036,0.4338108189423908,-0.1738509020160689,0.93906831741333,0.93906831741333,0.2213397639416731,MC38,-0.7644416461980036,0.4338108189423908,Saddle / ICS,1.0784998774924046,0.37263490415188744,0.3857362089860263,0.24162888686208625
CATTGGATCACGTACA_E14S,E14S,Hypoxic Tumor,entering_hypoxia,-1.800128980918434,1.242230935974328,-0.0867781668105826,0.9458297491073608,0.9458297491073608,0.3040078100781703,MC38,-1.800128980918434,1.242230935974328,Saddle / ICS,1.003429215910609,0.18310435494294802,0.5334362406510639,0.28345940440598805
ATCGCATGTTGGTAGA_E14S,E14S,Hypoxic Tumor,entering_hypoxia,0.0721996924492834,0.4109902820674238,0.530439808707082,0.9496795535087584,0.9496795535087584,0.3400622490576516,MC38,0.0721996924492834,0.4109902820674238,Saddle / ICS,1.0691331428926403,0.2283524957647477,0.4198805225599684,0.3517669816752839
CTTCATATCATGTGGC_E14S,E14S,Hypoxic Tumor,entering_hypoxia,-0.7818703795593357,0.8139715899021409,0.6987444943093009,0.9370457530021667,0.9370457530021667,0.3786944121796652,MC38,-0.7818703795593357,0.8139715899021409,Saddle / ICS,1.07267220268873,0.2967950853959556,0.44079804519009697,0.2624068694139473
TCAAATGCACATTGAA_E14S,E14S,Hypoxic Tumor,entering_hypoxia,-1.8657466645255132,2.185070703782289,0.9779662107833094,0.9464302659034728,0.9464302659034728,0.3170517074798955,MC38,-1.8657466645255132,2.185070703782289,Saddle / ICS,0.7869901483443069,0.03276130696707214,0.5987275212608344,0.3685111717720935
TGCCTCTGTGATGCAA_E14S,E14S,Tumor,entering_hypoxia,-2.2336590720268936,0.9485977035113116,0.9073535859968274,0.944018006324768,0.944018006324768,0.2073312391353445,MC38,-2.2336590720268936,0.9485977035113116,Saddle / ICS,1.0163792111189922,0.19397800069250687,0.5196622311130686,0.28635976819442455
CATCTCACACATACGG_E14S,E14S,Hypoxic Tumor,exiting_hypoxia,-0.0126480271122642,-1.0578260261648067,0.2566119720000881,0.960645079612732,0.960645079612732,0.2394977624214185,MC38,-0.0126480271122642,-1.0578260261648067,Hypoxic,1.0664868628708508,0.23632403857151726,0.3212374994694713,0.44243846195901154
TGCCAGGTCCGCTACC_E14S,E14S,Hypoxic Tumor,entering_hypoxia,-0.7929916721524338,1.2948324754486118,0.5207413793992753,0.9433284997940063,0.9433284997940063,0.3650297155982985,MC38,-0.7929916721524338,1.2948324754486118,Saddle / ICS,1.0144005044318156,0.1826324351949458,0.5141309168397835,0.3032366479652708
GTGTTCCCATCGTTCA_E14S,E14S,Hypoxic Tumor,entering_hypoxia,-1.7290649389741808,1.399469636128454,0.7684333797047124,0.9389911890029908,0.9389911890029908,0.3792132319860507,MC38,-1.7290649389741808,1.399469636128454,Saddle / ICS,0.9760425911132664,0.15346923948984154,0.5514038030890217,0.2951269574211369
GGTCGGTCATTAACTC_E14S,E14S,Hypoxic Tumor,reverted_posthypoxic,-0.8778316777627768,0.0111645604712642,-0.4039293705348591,0.9322199821472168,0.9322199821472168,0.4237713945812554,MC38,-0.8778316777627768,0.0111645604712642,Normoxic,1.064528952659215,0.4369576420831264,0.3367857016859938,0.22625665623087982
CATCCCTGTTGAGCCC_E14S,E14S,Hypoxic Tumor,transitional,-0.0882014603140755,-0.1041866750902343,0.2448642985818699,0.9238857626914978,0.9238857626914978,0.6285699049171399,MC38,-0.0882014603140755,-0.1041866750902343,Saddle / ICS,1.0962214495949745,0.3109743760995148,0.36528148974662844,0.3237441341538566
CGCATAATCCGTATAG_E14S,E14S,Hypoxic Tumor,entering_hypoxia,-0.2148686638738107,1.259628628651076,-0.3664637285051703,0.9145777225494384,0.9145777225494384,0.9264384490786912,MC38,-0.2148686638738107,1.259628628651076,Saddle / ICS,0.983933254615868,0.13666635811911182,0.5073819600994592,0.35595168178142883
TGACGTTGTTGAGCTT_E14S,E14S,Hypoxic Tumor,reverted_stable,-1.0521508875750878,-0.6048481813771339,-0.3580449646087299,0.930698037147522,0.930698037147522,0.4437431806679521,MC38,-1.0521508875750878,-0.6048481813771339,Normoxic,1.0661343181412777,0.45043902473139374,0.3035554767825197,0.24600549848608666
GCCCTAAGTTAGTGCT_E14S,E14S,Hypoxic Tumor,persistent_hypoxia,0.3868930696202861,0.3450586400504143,0.2836899279505173,0.9441895484924316,0.9441895484924316,0.3497557979187591,MC38,0.3868930696202861,0.3450586400504143,Saddle / ICS,1.0259650424634124,0.1642811354598097,0.42013673704982485,0.4155821274903653
TCCTTCCTCCCCAGAG_E14S,E14S,Tumor,exiting_hypoxia,0.6468832880836757,-0.5159296023236767,0.219346539134221,0.9533824324607848,0.9533824324607848,0.4013544015240132,MC38,0.6468832880836757,-0.5159296023236767,Hypoxic,0.9693133555584021,0.1272910088680489,0.3509933410508621,0.5217156500810889
CTACCCTGTTGAATGG_E14S,E14S,Hypoxic Tumor,exiting_hypoxia,0.6012253938117974,-0.7137464924174656,-0.3915007157645035,0.9289371371269226,0.9289371371269226,0.4747657462145585,MC38,0.6012253938117974,-0.7137464924174656,Hypoxic,0.9659007059483229,0.12880464497161231,0.337956123542134,0.5332392314862536
CAAGCGAAGCAGGGAC_E14S,E14S,Hypoxic Tumor,entering_deep_hypoxia,1.5105224838402762,0.6447005979155959,0.2376300796552096,0.8699643015861511,0.8699643015861511,0.6927602591515779,MC38,1.5105224838402762,0.6447005979155959,Hypoxic,0.6961002393845513,0.012745520910326883,0.3282668990559603,0.6589875800337128
AGCGATGAGCGCTGCA_E14S,E14S,Hypoxic Tumor,reverted_posthypoxic,-1.132419022183567,-0.1429674742550407,-0.3309617190537022,0.9291966557502748,0.9291966557502748,0.4717857031328417,MC38,-1.132419022183567,-0.1429674742550407,Normoxic,1.0540476182161789,0.4595926519372389,0.3230745632118488,0.21733278485091218
CACCAATGTCTGTGAT_E14S,E14S,Hypoxic Tumor,entering_hypoxia,-0.8008793286274943,1.0647187697842495,-0.3383985785113733,0.9157429337501526,0.9157429337501526,0.9050429430431716,MC38,-0.8008793286274943,1.0647187697842495,Saddle / ICS,1.0509551906066124,0.238446318401014,0.4800739863560919,0.2814796952428942
GTTGCAATCGTGCGAT_E14S,E14S,Hypoxic Tumor,reverted_posthypoxic,-0.4315244548202384,-0.2934975396528367,-0.177727238878319,0.9155641794204712,0.9155641794204712,0.677317626195833,MC38,-0.4315244548202384,-0.2934975396528367,Normoxic,1.0891756393443548,0.389369105413242,0.333179409951487,0.27745148463527103
AAATGCAAGGGTATGG_E14S,E14S,Hypoxic Tumor,entering_hypoxia,-0.6790579185340784,2.3546918185902066,-0.1308382662679313,0.9478174448013306,0.9478174448013306,0.2500185978242553,MC38,-0.6790579185340784,2.3546918185902066,Saddle / ICS,0.7750806946320463,0.02293691481357377,0.5631003102211185,0.4139627749653076
CACCCAAGTCTTGCTC_E14S,E14S,Hypoxic Tumor,transitional,-0.3847867471597501,0.0136410089766004,1.674716087813226,0.9657421112060548,0.9657421112060548,0.1596564707301898,MC38,-0.3847867471597501,0.0136410089766004,Normoxic,1.0903384874810542,0.3687354643108792,0.3572366668457807,0.27402786884334007
CGCCTGAAGCAACCAC_E14S,E14S,Hypoxic Tumor,entering_hypoxia,-1.1410703236121422,0.5688598897304716,1.341538223156471,0.9505448937416076,0.9505448937416076,0.2432674510202848,MC38,-1.1410703236121422,0.5688598897304716,Saddle / ICS,1.0719358443559583,0.36973713424004684,0.40108638929378737,0.22917647646616585
TAGCGGTTCCTGAGTA_E14S,E14S,Hypoxic Tumor,transitional,0.007687916619742,-0.3360913093166484,1.580548454749802,0.9352479577064514,0.9352479577064514,0.583889510207219,MC38,0.007687916619742,-0.3360913093166484,Saddle / ICS,1.0944356416220797,0.2907477251710207,0.3550026604764669,0.35424961435251245
TGACGGTTCCCCATGC_E14S,E14S,Hypoxic Tumor,transitional,0.2802506937699466,-0.1405833267483979,1.8529715974608805,0.944941222667694,0.944941222667694,0.36414057697725,MC38,0.2802506937699466,-0.1405833267483979,Hypoxic,1.0664196468331861,0.21859346761902823,0.37931359659503494,0.40209293578593686
GTCTCGCTCGCTTGGG_E14S,E14S,Hypoxic Tumor,entering_hypoxia,-0.8122855818593563,0.5577454094384351,-0.4644991384001994,0.9175103306770324,0.9175103306770324,0.8116878239355326,MC38,-0.8122855818593563,0.5577454094384351,Saddle / ICS,1.0782056946343825,0.3544246525497587,0.40155368413902137,0.2440216633112199
GTTGATTAGCCTGTGG_E14S,E14S,Hypoxic Tumor,reverted_posthypoxic,-0.7877669871423042,-0.2483602102660091,-0.4547934768072822,0.9314739108085632,0.9314739108085632,0.4243115943899572,MC38,-0.7877669871423042,-0.2483602102660091,Normoxic,1.0675504873951793,0.44096934060480336,0.3207379507238955,0.23829270867130123
GTCCGATAGTCAGTTG_E14S,E14S,Hypoxic Tumor,reverted_stable,-1.1208289302648324,-0.4905335981387003,-0.1593683306126654,0.9330359101295472,0.9330359101295472,0.4970495017526889,MC38,-1.1208289302648324,-0.4905335981387003,Normoxic,1.0597342890898067,0.4593699782388467,0.30644593696143546,0.23418408479971778
ACCCGTTCAGGATAGA_E14S,E14S,Hypoxic Tumor,persistent_hypoxia,1.1342353925877742,0.2055170239588512,0.3386406973304258,0.9261077642440796,0.9261077642440796,0.5425299379958494,MC38,1.1342353925877742,0.2055170239588512,Hypoxic,0.8181757237611398,0.044979945882246984,0.3639776752336195,0.5910423788841336
GTGGTTATCCGCAACG_E14S,E14S,Tumor Proliferating,entering_hypoxia,-0.2235927875177972,1.3126331512864182,1.2040543074112182,0.9316596388816832,0.9316596388816832,0.1698571579712002,MC38,-0.2235927875177972,1.3126331512864182,Saddle / ICS,0.9736483209523623,0.12816719649574507,0.5125654161881233,0.35926738731613145
GTCTCACCAAGTGTAC_E14S,E14S,Hypoxic Tumor,transitional,0.1589456450612452,-0.0055809273433156,1.4696827977652394,0.9392102360725404,0.9392102360725404,0.4780719762302529,MC38,0.1589456450612452,-0.0055809273433156,Saddle / ICS,1.07977110397365,0.24460817152535505,0.38547732966379894,0.3699144988108459
TCAAATGCAATAGACC_E14S,E14S,Hypoxic Tumor,entering_hypoxia,-1.0960878864416057,0.6987935872903983,-0.1434259244929474,0.9319357872009276,0.9319357872009276,0.4635484557215539,MC38,-1.0960878864416057,0.6987935872903983,Saddle / ICS,1.0728724435466344,0.3411034644377004,0.42069255493060376,0.23820398063169573
GCATCAATCAGGTCAC_E14S,E14S,Hypoxic Tumor,reverted_posthypoxic,-1.5984971814837732,0.2446002805885742,0.2202243499978864,0.937658965587616,0.937658965587616,0.3769158770606752,MC38,-1.5984971814837732,0.2446002805885742,Normoxic,1.065476911720142,0.4086647421186665,0.37357798295154404,0.21775727492978947
CACCATCCATTCAACT_E14S,E14S,Hypoxic Tumor,exiting_hypoxia,0.1987698950263651,-0.8209926561020545,0.0787648925006984,0.92730051279068,0.92730051279068,0.6263856632155949,MC38,0.1987698950263651,-0.8209926561020545,Hypoxic,1.0562206641116103,0.21487998625618596,0.3354636476328657,0.4496563661109484
GGTGCATTCGAGGTCT_E14S,E14S,Hypoxic Tumor,reverted_posthypoxic,-1.0939460701808308,-0.3669004704414503,-0.5929554725285744,0.9224727749824524,0.9224727749824524,0.4798138933583065,MC38,-1.0939460701808308,-0.3669004704414503,Normoxic,1.0566254261625243,0.4620521627145328,0.3107534388052181,0.2271943984802491
GGCTATTGTGCGGACA_E14S,E14S,Hypoxic Tumor,reverted_posthypoxic,-1.037015608291541,0.1645459145796414,-0.0723789251590064,0.9275383949279784,0.9275383949279784,0.434501591903945,MC38,-1.037015608291541,0.1645459145796414,Normoxic,1.0625525846849746,0.43181497062255636,0.3493037059263002,0.21888132345114344
CTTGACCCAGGATGGG_E14S,E14S,Hypoxic Tumor,exiting_hypoxia,0.3335717368321829,-0.6337535899867779,0.0735628366717702,0.92402982711792,0.92402982711792,0.5499693996652418,MC38,0.3335717368321829,-0.6337535899867779,Hypoxic,1.0445073640329923,0.19575440177671194,0.3476076125443133,0.45663798567897473
TGCCGATAGGCTAGAG_E14S,E14S,Hypoxic Tumor,entering_hypoxia,-1.0378189113791705,0.5782699116099734,-0.1922908543455674,0.9261139631271362,0.9261139631271362,0.4882747450222818,MC38,-1.0378189113791705,0.5782699116099734,Saddle / ICS,1.073665066804629,0.3649076797825334,0.4020062153434831,0.2330861048739835
TCTCACTAGCGCTGTG_E14S,E14S,Hypoxic Tumor,reverted_posthypoxic,-1.0758975515600515,-0.2894964148269126,-0.1038044481004572,0.9251952171325684,0.9251952171325684,0.5415978348731593,MC38,-1.0758975515600515,-0.2894964148269126,Normoxic,1.055743587205002,0.4616634463543828,0.3143137141433758,0.2240228395022414
GGACGGACAGGAGCCT_E14S,E14S,Hypoxic Tumor,reverted_stable,-1.1270580770651,-0.9932906584922356,1.89577600486758,0.9382914900779724,0.9382914900779724,0.3960904066325776,MC38,-1.1270580770651,-0.9932906584922356,Normoxic,1.086977199655343,0.4061225130340474,0.30191727182717826,0.29196021513877435
CCTAGCCTCACCAGCG_E14S,E14S,Hypoxic Tumor,reverted_stable,-0.6041300149153146,-0.5377612062598607,0.9845369399860472,0.8887869119644165,0.8887869119644165,0.9130314270829524,MC38,-0.6041300149153146,-0.5377612062598607,Normoxic,1.0838059934989475,0.4117118120283686,0.31471529330612075,0.2735728946655105
ACGGCCATCCGTATAG_E14S,E14S,Hypoxic Tumor,entering_hypoxia,-0.2769638807235295,0.4131587262510835,0.3220112452871049,0.9299211502075196,0.9299211502075196,0.5696198887256934,MC38,-0.2769638807235295,0.4131587262510835,Saddle / ICS,1.0876650305617508,0.30230758209415676,0.40396440025536207,0.29372801765048123
ACGCGCATCCAGCTAA_E14S,E14S,Hypoxic Tumor,entering_hypoxia,-0.1734437941306196,0.9269116339133024,-0.3374218223401334,0.9155004620552064,0.9155004620552064,0.9012812261410116,MC38,-0.1734437941306196,0.9269116339133024,Saddle / ICS,1.038788091374335,0.19325425389772508,0.4707667098679484,0.3359790362343267
AAACTCCGTTAGCGAA_E14S,E14S,Hypoxic Tumor,reverted_posthypoxic,-0.7181115815614268,0.3680988893900885,-0.5949966366874743,0.920406937599182,0.920406937599182,0.6044830155233387,MC38,-0.7181115815614268,0.3680988893900885,Saddle / ICS,1.0791316932681154,0.3784570701155505,0.37875483602758353,0.24278809385686598
AACCTTAGTTTGAGCT_E14S,E14S,Hypoxic Tumor,reverted_posthypoxic,-0.878585076840571,-0.2977261780766171,-0.0089163803470302,0.9562734961509703,0.9562734961509703,0.4513941767330815,MC38,-0.878585076840571,-0.2977261780766171,Normoxic,1.0632668749270233,0.44999276749869044,0.3159068158199026,0.2341004166814071
TGTCCGCTCAAGTTCG_E14S,E14S,Hypoxic Tumor,exiting_hypoxia,-0.1763572926962587,-0.7001163196777831,1.842393025142151,0.9512609839439392,0.9512609839439392,0.1141744297692218,MC38,-0.1763572926962587,-0.7001163196777831,Hypoxic,1.0975768388828469,0.317325521420105,0.3288886416906613,0.3537858368892337
AAGCACCTCCGTCATT_E14S,E14S,Hypoxic Tumor,reverted_posthypoxic,-1.2819027273742425,-0.1556616706759814,0.1372887817108596,0.9500356316566468,0.9500356316566468,0.3178324798692987,MC38,-1.2819027273742425,-0.1556616706759814,Normoxic,1.0527593899180965,0.46062399247284497,0.32433598265840724,0.21504002486874776
CCACTATTCAGCATAT_E14S,E14S,Hypoxic Tumor,entering_hypoxia,-1.1904779714070957,0.873042845468717,0.0400767243942316,0.9341907501220704,0.9341907501220704,0.41721398538584,MC38,-1.1904779714070957,0.873042845468717,Saddle / ICS,1.0666059533896088,0.3016828023977317,0.450286752566764,0.24803044503550437
AAGTGTCCATAGGTAC_E14S,E14S,Hypoxic Tumor,exiting_hypoxia,2.0663328917543087,-1.0175007681832755,1.5593890751426438,0.9572194814682008,0.9572194814682008,0.0742779884427888,MC38,2.0663328917543087,-1.0175007681832755,Hypoxic,0.4371403787988335,0.0021796368795622975,0.14956773408993512,0.8482526290305025
TCATAGGTCAAGTCCA_E14S,E14S,Hypoxic Tumor,exiting_hypoxia,0.2808880805111673,-1.3472635013308931,0.6894495921225173,0.9158064126968384,0.9158064126968384,0.520990095558679,MC38,0.2808880805111673,-1.3472635013308931,Hypoxic,0.9532638561772873,0.13363839091261148,0.301774673637512,0.5645869354498765
CTATGCAAGCTGAGTC_E14S,E14S,Hypoxic Tumor,exiting_hypoxia,0.6663827208066576,-1.5733128232048823,0.7181414227826597,0.9284235835075378,0.9284235835075378,0.7098706189490966,MC38,0.6663827208066576,-1.5733128232048823,Hypoxic,0.7646041413319264,0.0545121125560674,0.25684422506497995,0.6886436623789527
GGGACACAGCCGATGT_E14S,E14S,Hypoxic Tumor,entering_deep_hypoxia,1.0057646099266109,0.9497727917474672,-0.5256302958027189,0.9194914698600768,0.9194914698600768,0.7244900666379472,MC38,1.0057646099266109,0.9497727917474672,Hypoxic,0.8045744967237989,0.032860502842878954,0.4129688679165141,0.5541706292406069
GCGATGTTCACACCAA_E14S,E14S,Hypoxic Tumor,exiting_hypoxia,0.2740212851998169,-1.230528069760964,-0.057273563940781,0.9276317358016968,0.9276317358016968,0.562313251308082,MC38,0.2740212851998169,-1.230528069760964,Hypoxic,0.9810356150446677,0.15029903573394385,0.31050204147027943,0.5391989227957767
GCCGGTTGTAGTTAGG_E14S,E14S,Hypoxic Tumor,reverted_posthypoxic,-0.9128706380447384,-0.3834871469260506,-0.097713265432733,0.9477709531784058,0.9477709531784058,0.0686924903850186,MC38,-0.9128706380447384,-0.3834871469260506,Normoxic,1.0631706203566023,0.45214424644915013,0.3113699747548369,0.23648577879601287
AATTACGCAAGTGGCC_E14S,E14S,Hypoxic Tumor,exiting_hypoxia,0.5596857392547844,-0.511116638073929,0.3613634431317775,0.9264893531799316,0.9264893531799316,0.6559870574197184,MC38,0.5596857392547844,-0.511116638073929,Hypoxic,0.996046494486799,0.14673860536442734,0.35407602337398725,0.4991853712615855
GCATTCCCACTTACTG_E14S,E14S,Hypoxic Tumor,entering_hypoxia,-0.6369261748585426,0.5537642915319231,-0.5654613397939879,0.9145666360855104,0.9145666360855104,0.8942353431692491,MC38,-0.6369261748585426,0.5537642915319231,Saddle / ICS,1.0819045517942716,0.336341755361459,0.40592903386607737,0.2577292107724636
GCTTGCCTCCAGGTGT_E14S,E14S,Hypoxic Tumor,reverted_posthypoxic,-1.0039727493141566,0.1200560193287166,-0.5585649472247709,0.9151477813720704,0.9151477813720704,0.7306765963668092,MC38,-1.0039727493141566,0.1200560193287166,Normoxic,1.0622159822222064,0.43521660136985774,0.3449890596588547,0.21979433897128753
ACGTCCCTCTGTGCAA_E14S,E14S,Hypoxic Tumor,transitional,-0.3587384424351711,-0.3047575757556453,-0.565584769562171,0.919172704219818,0.919172704219818,0.6140361216438195,MC38,-0.3587384424351711,-0.3047575757556453,Normoxic,1.0928497247994409,0.37533321582986506,0.33648558162798997,0.28818120254214497
GGATTGCTCCTTAGAG_E14S,E14S,Hypoxic Tumor,reverted_posthypoxic,-1.3057533673650312,-0.2855560318228969,-0.2519859207888359,0.9345503449440002,0.9345503449440002,0.4059011555380525,MC38,-1.3057533673650312,-0.2855560318228969,Normoxic,1.0534072656040077,0.4633921396025867,0.31732082500644004,0.2192870353909733
ACAGGATAGGTAAGTA_E14S,E14S,Hypoxic Tumor,transitional,-0.2938960411039247,-0.2201628131063742,-0.260960623465384,0.9254801869392396,0.9254801869392396,0.565634671232941,MC38,-0.2938960411039247,-0.2201628131063742,Normoxic,1.0947997840684143,0.3612213805677811,0.3451839840950282,0.29359463533719077
ACGAATCCAAGGTTCG_E14S,E14S,Hypoxic Tumor,reverted_stable,-1.0271260140605596,-0.4143862713070929,0.0835861897330721,0.927012860774994,0.927012860774994,0.5147150368699897,MC38,-1.0271260140605596,-0.4143862713070929,Normoxic,1.059604311876972,0.4585318307005045,0.30896527744353125,0.23250289185596423
ACGGGTAAGTAGTGAA_E14S,E14S,Hypoxic Tumor,entering_hypoxia,-0.3006974752762988,1.240353762032367,-0.3932957614851533,0.9169216752052308,0.9169216752052308,0.8392265044464635,MC38,-0.3006974752762988,1.240353762032367,Saddle / ICS,0.9964131025588603,0.15010321587605527,0.5060626801380533,0.34383410398589137
ATGTCAACATAGAGCT_E14S,E14S,Hypoxic Tumor,reverted_stable,-1.0501617212657663,-0.798512139884073,0.776202044736516,0.932908535003662,0.932908535003662,0.5503667197461155,MC38,-1.0501617212657663,-0.798512139884073,Normoxic,1.0766930994223574,0.4316404831788996,0.3013287481594404,0.26703076866166
ACAACAGGTGATGGTA_E14S,E14S,Hypoxic Tumor,reverted_stable,-0.8542954462495151,-0.4940362425048578,-0.4024626927181954,0.922400951385498,0.922400951385498,0.559051013717543,MC38,-0.8542954462495151,-0.4940362425048578,Normoxic,1.0689867169967704,0.4438590582121739,0.30847475257855445,0.2476661892092717
TGTCCACCACCTTGCG_E14S,E14S,Hypoxic Tumor,transitional,0.2522807619019339,-0.1545792986908455,0.6981604378957409,0.9458568096160888,0.9458568096160888,0.1353169262372224,MC38,0.2522807619019339,-0.1545792986908455,Hypoxic,1.0707389619340073,0.22614154131162945,0.37748024884761744,0.39637820984075317
ATCTACCTCACAGCTA_E14S,E14S,Hypoxic Tumor,exiting_hypoxia,0.7238826033068453,-2.484044707631344,1.2387755372261329,0.9274235367774964,0.9274235367774964,0.5031083877706656,MC38,0.7238826033068453,-2.484044707631344,Hypoxic,0.46541345461987643,0.008493364918087387,0.14719614650279866,0.844310488579114
CACATCAAGTTGCGTA_E14S,E14S,Hypoxic Tumor,reverted_stable,-1.5276360493045047,-0.531292659385127,0.7372633953995014,0.931280791759491,0.931280791759491,0.5914607646164702,MC38,-1.5276360493045047,-0.531292659385127,Normoxic,1.064744301466043,0.44765566161387926,0.31601751390284855,0.23632682448327214
GCTAGTCAGAACCTTG_E14S,E14S,Hypoxic Tumor,exiting_hypoxia,0.2874624928645077,-0.4795832595757686,-0.1543536386642241,0.9162269234657288,0.9162269234657288,0.8409482755486924,MC38,0.2874624928645077,-0.4795832595757686,Hypoxic,1.0611942522370703,0.21480140616479898,0.35655961791960694,0.42863897591559413
GTCAATGTCACGCGAT_E14S,E14S,Hypoxic Tumor,exiting_hypoxia,0.3736910624268562,-1.5066065753777238,1.2223377320970454,0.9213858842849731,0.9213858842849731,0.6674629511136227,MC38,0.3736910624268562,-1.5066065753777238,Hypoxic,0.8828814328358334,0.09813023791024961,0.28411812290984867,0.6177516391799017
CGCGAAGGTTAGGTTC_E14S,E14S,Hypoxic Tumor,transitional,-0.0905922540233895,0.0587007748394912,-0.0660047499048793,0.9242548942565918,0.9242548942565918,0.5408061914805202,MC38,-0.0905922540233895,0.0587007748394912,Saddle / ICS,1.0939127474011943,0.3021035929424132,0.3782791288380243,0.31961727821956254
CCAGACTAGTGCAAGG_E14S,E14S,Hypoxic Tumor,exiting_hypoxia,0.319559022022062,-0.4532451912443703,0.134240252751226,0.934135675430298,0.934135675430298,0.5422811935438737,MC38,0.319559022022062,-0.4532451912443703,Hypoxic,1.0563185461806448,0.2073914336013747,0.35879339780660213,0.4338151685920233
ATGCAGGAGGTCGAGA_E14S,E14S,Hypoxic Tumor,transitional,-0.3955557674084169,0.0200609463932588,-0.2831486563315482,0.928276002407074,0.928276002407074,0.4484977879303748,MC38,-0.3955557674084169,0.0200609463932588,Normoxic,1.0898821006819364,0.37029886915289645,0.35717945543409013,0.2725216754130135
AACATAGAGTAACGGG_E14S,E14S,Hypoxic Tumor,entering_hypoxia,0.0663960665379297,0.6494146372167007,-0.4891027879400104,0.918785810470581,0.918785810470581,0.6945178652435177,MC38,0.0663960665379297,0.6494146372167007,Saddle / ICS,1.0482034570520264,0.19698556116232951,0.44443630782428417,0.35857813101338626
ACAATAGAGCTTAGTG_E14S,E14S,Hypoxic Tumor,entering_hypoxia,-0.9722811717796982,1.7705594531057636,-0.2953746192315137,0.9177653193473816,0.9177653193473816,0.715285999814197,MC38,-0.9722811717796982,1.7705594531057636,Saddle / ICS,0.9070230829670223,0.09170178342501815,0.5683327751136383,0.33996544146134344
AAGGGGTCATGCAGTG_E14S,E14S,Hypoxic Tumor,persistent_hypoxia,0.9489829654746764,0.0727593736900951,-0.169738551120282,0.9172065258026124,0.9172065258026124,0.8398646590502465,MC38,0.9489829654746764,0.0727593736900951,Hypoxic,0.8829618468209544,0.07101678919349172,0.3753308209016515,0.5536523899048568
GCTGCGATCATAGGTT_E14S,E14S,Hypoxic Tumor,entering_hypoxia,-0.9508958409580098,0.4650941940676316,1.8007525854510926,0.9469579458236694,0.9469579458236694,0.3052265546826311,MC38,-0.9508958409580098,0.4650941940676316,Saddle / ICS,1.0736865982266528,0.38231169984950825,0.3863243720239002,0.23136392812659154
ACTAAGCCACTATGCC_E14S,E14S,Hypoxic Tumor,reverted_stable,-0.9988975024917588,-0.6092978514450293,0.2342961452902743,0.9554248452186584,0.9554248452186584,0.3189603906877653,MC38,-0.9988975024917588,-0.6092978514450293,Normoxic,1.067853875208181,0.44751555828363915,0.30366587185575716,0.2488185698606036
GCTTTGAAGTGAGATA_E14S,E14S,Hypoxic Tumor,exiting_hypoxia,1.3124187728613743,-0.9333233517846948,-0.4712405690857638,0.915306568145752,0.915306568145752,0.7941258860602584,MC38,1.3124187728613743,-0.9333233517846948,Hypoxic,0.6752223656469832,0.024668198531243548,0.2541729409241916,0.7211588605445649
ACGCTATGTTAGCGAA_E14S,E14S,Hypoxic Tumor,reverted_stable,-0.558619888459888,-1.520874205331309,1.076916330213098,0.9128292798995972,0.9128292798995972,0.7491910814478207,MC38,-0.558619888459888,-1.520874205331309,Hypoxic,1.0646157581031468,0.2445591953887333,0.30197140939487066,0.45346939521639607
CGCGTTAGTTAGCAGA_E14S,E14S,Hypoxic Tumor,entering_hypoxia,-0.0590419038710117,0.6133721940610537,0.7480932513107169,0.9414498209953308,0.9414498209953308,0.4042266615726035,MC38,-0.0590419038710117,0.6133721940610537,Saddle / ICS,1.0650917094612808,0.2276686378618919,0.4369256430853857,0.3354057190527224
AGTCGTTGTGAGTGTA_E14S,E14S,Hypoxic Tumor,reverted_stable,-0.8072065145947714,-0.9059419119389232,-0.399496851176582,0.9121256470680236,0.9121256470680236,0.8022135596941289,MC38,-0.8072065145947714,-0.9059419119389232,Normoxic,1.0889717086149768,0.3996454627876937,0.3031780716310519,0.2971764655812544
CCAATTAGTAAGCCAA_E14S,E14S,Hypoxic Tumor,entering_hypoxia,-0.9616198291660232,0.4491854161395864,-0.3425176473934894,0.925524890422821,0.925524890422821,0.5506300820763413,MC38,-0.9616198291660232,0.4491854161395864,Normoxic,1.0730722074478203,0.38580458812472845,0.38405061496756693,0.2301447969077046
AGACGGGCATGAAGCT_E14S,E14S,Hypoxic Tumor,reverted_posthypoxic,-0.8770752187731963,0.2763951537625572,-0.2946873512122034,0.9146323800086976,0.9146323800086976,0.8991414532973103,MC38,-0.8770752187731963,0.2763951537625572,Normoxic,1.0711666701292875,0.4075715536077848,0.36353796794155885,0.2288904784506564
GGCATAAGTGAAGTAT_E14S,E14S,Hypoxic Tumor,reverted_posthypoxic,-1.4045363470842378,0.3336606203443885,0.2310457854034096,0.935859203338623,0.935859203338623,0.5195010131483268,MC38,-1.4045363470842378,0.3336606203443885,Normoxic,1.064840350995497,0.4085480045104047,0.3748832365373847,0.21656875895221067
TCGAATGTCAATCGGC_E14S,E14S,Hypoxic Tumor,reverted_posthypoxic,-1.331074554197684,-0.0237757531390298,-0.3489650919022069,0.966956615447998,0.966956615447998,0.3982516863834974,MC38,-1.331074554197684,-0.0237757531390298,Normoxic,1.0544312242324474,0.45213771468452857,0.33532342284078964,0.2125388624746817
CGCACTTCACTCATCA_E14S,E14S,Hypoxic Tumor,entering_hypoxia,0.1801006489017086,0.989860224089432,-0.4592929461721424,0.9161527752876282,0.9161527752876282,0.8716845824641895,MC38,0.1801006489017086,0.989860224089432,Saddle / ICS,0.9815790402796217,0.1266971313108955,0.47739825038096545,0.395904618308139
CCAACTGGTTCAAGCT_E14S,E14S,Hypoxic Tumor,exiting_hypoxia,0.4673361656134202,-1.4892258341477105,-0.0348440697360475,0.9483384490013124,0.9483384490013124,0.1801105435466614,MC38,0.4673361656134202,-1.4892258341477105,Hypoxic,0.8573414747326571,0.08641487832817361,0.2802114071173789,0.6333737145544476
TCAGAGGAGTGATACT_E14S,E14S,Hypoxic Tumor,entering_hypoxia,0.0786833024286475,2.2723693312154,0.485330042066435,0.9452085494995116,0.9452085494995116,0.3477558160229427,MC38,0.0786833024286475,2.2723693312154,Saddle / ICS,0.7578525873530779,0.014353672927895867,0.5086589999313694,0.47698732714073466
CAAGCTGCATTAGCGG_E14S,E14S,Hypoxic Tumor,reverted_stable,-0.7173754427750768,-0.537348259467301,1.2589565666299838,0.9362090229988098,0.9362090229988098,0.5078290094953711,MC38,-0.7173754427750768,-0.537348259467301,Normoxic,1.0775184540954472,0.4271069623559197,0.3107421214135988,0.26215091623048153
GGACTTGCAAGGGTAA_E14S,E14S,Hypoxic Tumor,reverted_posthypoxic,-1.1363697850986711,0.1391662222956723,0.0923130679219502,0.9361666440963744,0.9361666440963744,0.4069596212800099,MC38,-1.1363697850986711,0.1391662222956723,Normoxic,1.0595484658453542,0.4378157321747706,0.34683877450510553,0.21534549332012382
AGCTTATAGGTTGGCT_E14S,E14S,Hypoxic Tumor,reverted_stable,-1.595561455352947,-0.5860834690381718,0.0575382366316412,0.9292879104614258,0.9292879104614258,0.5361956405691115,MC38,-1.595561455352947,-0.5860834690381718,Normoxic,1.0695244422277153,0.4389157150374539,0.31814544870337946,0.24293883625916665
CTCAATTCAAGGTTCG_E14S,E14S,Hypoxic Tumor,reverted_posthypoxic,-0.6925616637812714,-0.2094073016531532,-0.3690091010212777,0.9262271523475648,0.9262271523475648,0.55370639230413,MC38,-0.6925616637812714,-0.2094073016531532,Normoxic,1.0729286115298806,0.429151663170787,0.32613881564840297,0.24470952118081005
CGAGTAAGTCAGGGCA_E14S,E14S,Hypoxic Tumor,entering_hypoxia,-1.0682078407530513,0.6520734940511722,0.0725803950171744,0.9433743953704834,0.9433743953704834,0.2846115118185212,MC38,-1.0682078407530513,0.6520734940511722,Saddle / ICS,1.073517453313074,0.35054293223374244,0.4132406426016272,0.23621642516463026
CAGCCAACACTAGTCC_E14S,E14S,Hypoxic Tumor,entering_hypoxia,-0.7948528069492545,1.3865003854327982,-0.4286708169262815,0.9168177247047424,0.9168177247047424,0.756844853283052,MC38,-0.7948528069492545,1.3865003854327982,Saddle / ICS,0.9958968924362712,0.16176653528004434,0.526285437214972,0.3119480275049836
GTACATTAGGATATGA_E14S,E14S,Hypoxic Tumor,entering_hypoxia,-0.3538752882899366,0.5323202025210666,0.5237294850469633,0.9321731328964232,0.9321731328964232,0.4222250397595084,MC38,-0.3538752882899366,0.5323202025210666,Saddle / ICS,1.0841355645207416,0.2973293755479464,0.4147335325134086,0.28793709193864503
CTCGAACAGCGAACCT_E14S,E14S,Hypoxic Tumor,entering_deep_hypoxia,1.8195753888847792,0.7072271369178904,0.5695516416102547,0.9391152858734132,0.9391152858734132,0.4550075831299873,MC38,1.8195753888847792,0.7072271369178904,Hypoxic,0.6184570859060089,0.00473602673878467,0.27681674025129754,0.7184472330099179
GGGATATAGTCAGGGA_E14S,E14S,Hypoxic Tumor,reverted_posthypoxic,-0.7881717424380035,-0.2687468032957565,0.3470057634035438,0.9432015419006348,0.9432015419006348,0.367544321716853,MC38,-0.7881717424380035,-0.2687468032957565,Normoxic,1.0676917071220404,0.4412818157347792,0.31960349090047413,0.23911469336474664
CTAAAGGGTTCGGCTA_E14S,E14S,Hypoxic Tumor,reverted_stable,-0.9997343343594732,-0.503356134888656,-0.0694269374496977,0.9157173037528992,0.9157173037528992,0.8639559285486038,MC38,-0.9997343343594732,-0.503356134888656,Normoxic,1.0633550182692626,0.4539484573120701,0.3061914118203938,0.2398601308675361
AGGGATTAGATTCCGA_E14S,E14S,Hypoxic Tumor,entering_deep_hypoxia,1.3216055023052298,0.5406947499533675,-0.4282266438622373,0.9187365174293518,0.9187365174293518,0.6557151726962004,MC38,1.3216055023052298,0.5406947499533675,Hypoxic,0.7501786739294578,0.023156599148888138,0.3548475494033423,0.6219958514477696
ATGGTAAAGGGGATCA_E14S,E14S,Hypoxic Tumor,transitional,-0.320310200979034,-0.0988086511293231,0.3050852917453434,0.933106005191803,0.933106005191803,0.5924713730585053,MC38,-0.320310200979034,-0.0988086511293231,Normoxic,1.093188415743494,0.36275502625526224,0.35200056481972014,0.2852444089250175
CCGGCTAAGGCTGTAC_E14S,E14S,Hypoxic Tumor,reverted_posthypoxic,-1.06502341800446,0.2689746383327092,-0.2791359098664526,0.91519296169281,0.91519296169281,0.7505764677478379,MC38,-1.06502341800446,0.2689746383327092,Normoxic,1.0652149912553825,0.41947794158958734,0.3607596722010881,0.2197623862093246
GTGGATAGTAGCTAAG_E14S,E14S,Hypoxic Tumor,entering_hypoxia,-0.3270701166722539,1.224695083064933,-0.1164998214697291,0.9201555252075196,0.9201555252075196,0.6262030595268251,MC38,-0.3270701166722539,1.224695083064933,Saddle / ICS,1.0019087896985646,0.15615849922007352,0.5044361920829636,0.3394053086969629
CGACACTAGCTACCAA_E14S,E14S,Hypoxic Tumor,entering_hypoxia,-1.5075057740868552,0.5651022953283635,-0.1195134324010379,0.9459803104400636,0.9459803104400636,0.3293770251779013,MC38,-1.5075057740868552,0.5651022953283635,Saddle / ICS,1.0698900852114968,0.3616887377414634,0.41121827488831947,0.2270929873702172
CATCCAGGTCTTACGG_E14S,E14S,Tumor,entering_deep_hypoxia,1.1446901454096647,1.986533033662378,0.5366279191675171,0.9360488653182985,0.9360488653182985,0.0764457582956474,MC38,1.1446901454096647,1.986533033662378,Hypoxic,0.6877458509918816,0.00397691215295094,0.3792517406727375,0.6167713471743116
CATCGTTTCATGCACA_E14S,E14S,Hypoxic Tumor,reverted_posthypoxic,-1.0046765086934326,-0.1649004624449282,0.2029735447881229,0.9314515590667723,0.9314515590667723,0.4721610367725758,MC38,-1.0046765086934326,-0.1649004624449282,Normoxic,1.057346353509142,0.4557779614775279,0.3217618437283543,0.22246019479411794
GTGAGTGAGCTGGACT_E14S,E14S,Hypoxic Tumor,entering_hypoxia,-0.7800623116130632,1.8214166477789435,-0.6206430833725606,0.9189909100532532,0.9189909100532532,0.7727898314075297,MC38,-0.7800623116130632,1.8214166477789435,Saddle / ICS,0.8899197167622108,0.078690040677737,0.5658637577693943,0.3554462015528686
ACTAAGGGTGATGGCG_E14S,E14S,Hypoxic Tumor,reverted_posthypoxic,-1.3381976222040712,0.3473643680730504,0.2218627404115521,0.9315215349197388,0.9315215349197388,0.539522386666485,MC38,-1.3381976222040712,0.3473643680730504,Normoxic,1.064985650919773,0.40877323283642364,0.37435673639396966,0.2168700307696068
GTGATTGTCATGTGAT_E14S,E14S,Hypoxic Tumor,reverted_posthypoxic,-0.9307838476967032,-0.1462970408282748,-0.4766465554536059,0.9180025458335876,0.9180025458335876,0.6924645598494421,MC38,-0.9307838476967032,-0.1462970408282748,Normoxic,1.0602840292636513,0.4505280613027746,0.32384368145402137,0.22562825724320404
GCGTTCTCACCTTGCG_E14S,E14S,Hypoxic Tumor,exiting_hypoxia,0.8092436815240579,-1.1630688501983992,-0.410611323957919,0.9170931577682496,0.9170931577682496,0.752762899746397,MC38,0.8092436815240579,-1.1630688501983992,Hypoxic,0.8178853082978499,0.06556444667012495,0.2864141323464743,0.6480214209834007
CGTGGCTGTCATTGGT_E14S,E14S,Hypoxic Tumor,reverted_posthypoxic,-1.031806967486651,0.0563925194575142,0.4145108041785376,0.9277747273445128,0.9277747273445128,0.5316360161949975,MC38,-1.031806967486651,0.0563925194575142,Normoxic,1.0596833951693485,0.44283315110361976,0.3387834370009004,0.21838341189547986
AACTCTTCACAGGGCT_E14S,E14S,Hypoxic Tumor,transitional,-0.0377051961658521,-0.2177367057201895,-0.3102056139985776,0.9249475598335266,0.9249475598335266,0.562213672492249,MC38,-0.0377051961658521,-0.2177367057201895,Saddle / ICS,1.0959926541189078,0.3018238275151087,0.36010762831625903,0.33806854416863213
GTGATTGTCCTCACAT_E14S,E14S,Hypoxic Tumor,reverted_stable,-0.4716682139630148,-1.4025593260399425,0.4260145522036915,0.932542622089386,0.932542622089386,0.5681368197440408,MC38,-0.4716682139630148,-1.4025593260399425,Hypoxic,1.0743983440582945,0.2597736534983239,0.3050212504880148,0.4352050960136613
GCAACGTTCACGTAGC_E14S,E14S,Hypoxic Tumor,entering_hypoxia,-0.5748269018466882,2.022858552146846,0.1092882223920443,0.944047510623932,0.944047510623932,0.370247648746483,MC38,-0.5748269018466882,2.022858552146846,Saddle / ICS,0.8345627817965708,0.04720138173756234,0.5636166639683421,0.3891819542940955
TGAAAGGCACCTAATT_E14S,E14S,Hypoxic Tumor,entering_hypoxia,-1.220101536533173,0.7221187738408826,-0.2131767513602068,0.918072521686554,0.918072521686554,0.7294878944978365,MC38,-1.220101536533173,0.7221187738408826,Saddle / ICS,1.071123421544352,0.3373922679656088,0.42600655491643813,0.23660117711795306
GCGCCAATCAGGGACA_E14S,E14S,Hypoxic Tumor,entering_hypoxia,-1.63693073076862,0.6507759361633828,1.092983557184016,0.937714457511902,0.937714457511902,0.6203305980314866,MC38,-1.63693073076862,0.6507759361633828,Saddle / ICS,1.0691370889008296,0.3340801403203769,0.4312858138460479,0.23463404583357508
TGCGGGTCAGCACCAA_E14S,E14S,Hypoxic Tumor,entering_hypoxia,-0.940037671551826,0.8609921041728579,0.4927829484684167,0.9384213089942932,0.9384213089942932,0.4146285792720601,MC38,-0.940037671551826,0.8609921041728579,Saddle / ICS,1.0694862446320563,0.2970287518468895,0.44667150447616577,0.2562997436769447
GGAGAACCAGGCAGTC_E14S,E14S,Hypoxic Tumor,reverted_stable,-0.8763624728091384,-0.5382830513298665,-0.3558587680231682,0.901627004146576,0.901627004146576,0.7250574588809199,MC38,-0.8763624728091384,-0.5382830513298665,Normoxic,1.0695298736948782,0.44354454693562684,0.30677771808588106,0.24967773497849205
ATCTGTGAGCCCTGAG_E14S,E14S,Hypoxic Tumor,exiting_hypoxia,0.4409061877225637,-0.9003874019297579,0.166293480231505,0.9257822632789612,0.9257822632789612,0.5811160527509116,MC38,0.4409061877225637,-0.9003874019297579,Hypoxic,0.991062856493829,0.15072121288671447,0.32934075203614144,0.5199380350771441
CCGGTACGTTAACGCT_E14S,E14S,Hypoxic Tumor,exiting_hypoxia,-0.1002582650239144,-1.3919308163417246,1.8389801946946316,0.9007401466369628,0.9007401466369628,0.6530577186903808,MC38,-0.1002582650239144,-1.3919308163417246,Hypoxic,1.031098260253715,0.19824029167550797,0.30616199899766866,0.49559770932682334
CATAAGGGTTGGCGAG_E14S,E14S,Hypoxic Tumor,entering_hypoxia,-1.4247284304868122,0.835131412201356,-0.234918573552236,0.9341423511505128,0.9341423511505128,0.4169286668163472,MC38,-1.4247284304868122,0.835131412201356,Saddle / ICS,1.065469644375537,0.3064617815654344,0.45047571624165544,0.24306250219291003
TACGCAATCCATCTCG_E14S,E14S,Hypoxic Tumor,reverted_posthypoxic,-0.7472805108904284,0.2272868436131587,-0.5873465140247883,0.9149686098098756,0.9149686098098756,0.8218434205152079,MC38,-0.7472805108904284,0.2272868436131587,Normoxic,1.0752770238704166,0.4018854632959042,0.361355322091779,0.2367592146123168
CAGCAAAGTTGCAGCC_E14S,E14S,Hypoxic Tumor,reverted_stable,-0.6765210470758695,-0.4643863508922785,-0.2739314864764583,0.9166811108589172,0.9166811108589172,0.8315099026206079,MC38,-0.6765210470758695,-0.4643863508922785,Normoxic,1.0777048391608506,0.425360881046357,0.3144628561497792,0.26017626280386374
CACAAGTCACTTCACA_E14S,E14S,Hypoxic Tumor,entering_hypoxia,-1.0395657245423378,0.521653854989333,-0.5217868140084904,0.9284366965293884,0.9284366965293884,0.4777848497200857,MC38,-1.0395657245423378,0.521653854989333,Saddle / ICS,1.0728358726435556,0.37618705426568655,0.3937423391306037,0.23007060660370973
GGTTGGTTCATGCCGG_E14S,E14S,Hypoxic Tumor,transitional,-0.1200103717416927,0.1483485307436296,-0.483570595092361,0.9205933809280396,0.9205933809280396,0.6386500045553244,MC38,-0.1200103717416927,0.1483485307436296,Saddle / ICS,1.0926850155144074,0.3013778033541177,0.3846938938045152,0.3139283028413671
GCATCAATCATGTCAG_E14S,E14S,Hypoxic Tumor,exiting_hypoxia,1.3619385706167069,-0.96197888066202,2.042418029208212,0.9180850982666016,0.9180850982666016,0.6089845204061382,MC38,1.3619385706167069,-0.96197888066202,Hypoxic,0.6534271301987346,0.021139802154471966,0.2452045899937722,0.7336556078517558
ACTGCCCTCCGCAACG_E14S,E14S,Hypoxic Tumor,entering_hypoxia,-1.0003745776960828,0.6123769724219056,-0.4305112914957787,0.9211481809616088,0.9211481809616088,0.6292579885225329,MC38,-1.0003745776960828,0.6123769724219056,Saddle / ICS,1.0745577962881763,0.3562537330968343,0.40718704018564683,0.23655922671751897
TCAGCCAGTATTGCAC_E14S,E14S,Hypoxic Tumor,transitional,-0.1804471761272713,0.2152804782103752,-0.4266251721335669,0.9085584878921508,0.9085584878921508,0.7482571504080908,MC38,-0.1804471761272713,0.2152804782103752,Saddle / ICS,1.0920967599649916,0.3080685065082977,0.38775514684442536,0.30417634664727694
AACTGACCAAATCACA_E14S,E14S,Hypoxic Tumor,reverted_stable,-0.9987998108687168,-0.9106786637067058,0.1924133475423752,0.918315887451172,0.918315887451172,0.6244328316155984,MC38,-0.9987998108687168,-0.9106786637067058,Normoxic,1.0842360900859103,0.413996156836594,0.3012258005577346,0.2847780426056714
CCCAGCAAGTTACCTC_E14S,E14S,Hypoxic Tumor,persistent_hypoxia,0.8344572580702754,-0.1842177474870321,-0.310443030611112,0.915797472000122,0.915797472000122,0.7606718087902952,MC38,0.8344572580702754,-0.1842177474870321,Hypoxic,0.9221237996653577,0.09355884196106444,0.3660560742818487,0.5403850837570868
CTTCGATTCAGGTGAG_E14S,E14S,Hypoxic Tumor,reverted_posthypoxic,-1.5408052590215175,0.2765082146068987,-0.3036085498899235,0.9300572872161864,0.9300572872161864,0.5034648413007309,MC38,-1.5408052590215175,0.2765082146068987,Normoxic,1.0650152068178498,0.4089671454431952,0.37407713557703065,0.21695571897977423
TCACGGACACATGACG_E14S,E14S,Hypoxic Tumor,entering_hypoxia,-0.999044237842128,0.7166938287914457,-0.4924696824106843,0.9176111817359924,0.9176111817359924,0.7635788754318,MC38,-0.999044237842128,0.7166938287914457,Saddle / ICS,1.0739412576336944,0.3335952859959697,0.423304743992091,0.24309997001193936
AGCGTAAGTTCCCGAA_E14S,E14S,Hypoxic Tumor,exiting_hypoxia,-0.1150037677120044,-0.5150062854863999,0.2211051655421373,0.9325509071350098,0.9325509071350098,0.5432057618038313,MC38,-0.1150037677120044,-0.5150062854863999,Hypoxic,1.097896714875353,0.3158691608557923,0.3392547047991666,0.34487613434504116
GTACAAGGTCAGGCTC_E14S,E14S,Hypoxic Tumor,exiting_hypoxia,1.0060482388429692,-1.2901403717482252,-0.1437884298642256,0.9294670820236206,0.9294670820236206,0.5525389735599235,MC38,1.0060482388429692,-1.2901403717482252,Hypoxic,0.7168792246704115,0.0377894846762182,0.25464657471189905,0.7075639406118828
ACGTAACCAAACCATA_E14S,E14S,Hypoxic Tumor,transitional,0.1775559789889174,0.3399932321709582,-0.4784260168882707,0.9199662208557128,0.9199662208557128,0.5900063869376374,MC38,0.1775559789889174,0.3399932321709582,Saddle / ICS,1.0617313931785404,0.21238506285674677,0.4164387079010497,0.37117622924220356
CACCCTTGTTCCCTTA_E14S,E14S,Hypoxic Tumor,entering_hypoxia,-0.8407964166720231,0.9089298173222686,-0.4891274529462127,0.916473388671875,0.916473388671875,0.7768977662104719,MC38,-0.8407964166720231,0.9089298173222686,Saddle / ICS,1.0666507686159812,0.2791666758067961,0.455080020734951,0.26575330345825293
TACTATGGTTTCACTT_E14S,E14S,Hypoxic Tumor,exiting_hypoxia,0.3433764083452665,-1.1615859072560843,-0.4007959280943048,0.9188463687896729,0.9188463687896729,0.6357699017241957,MC38,0.3433764083452665,-1.1615859072560843,Hypoxic,0.9756187141974295,0.14486068233360838,0.3134914942288238,0.5416478234375678
CTACTGTTCAGCTGCG_E14S,E14S,Hypoxic Tumor,entering_deep_hypoxia,1.803271751921389,0.7617769876638174,-0.4845640136270318,0.9153750538825988,0.9153750538825988,0.8636394946522982,MC38,1.803271751921389,0.7617769876638174,Hypoxic,0.6221525338708191,0.004727966722714562,0.2807748286144646,0.7144972046628207
ATGCTTGAGGTTGGGA_E14S,E14S,Hypoxic Tumor,transitional,-0.112548323200379,-0.0459277746361502,-0.075190071089284,0.9159857630729676,0.9159857630729676,0.8452399043111896,MC38,-0.112548323200379,-0.0459277746361502,Saddle / ICS,1.0958889683418913,0.3140195979513839,0.3683419475757829,0.31763845447283323
TGCGGCTGTAAGTTCC_E14S,E14S,Hypoxic Tumor,reverted_posthypoxic,-0.753497845007985,0.3743881459646211,-0.4276576579428295,0.9165045619010924,0.9165045619010924,0.869961872899506,MC38,-0.753497845007985,0.3743881459646211,Normoxic,1.0779658262849143,0.3813459429418234,0.3784370131229223,0.24021704393525434
TCTACTGCACTTCAAT_E14S,E14S,Hypoxic Tumor,entering_hypoxia,-0.6982174176765196,0.4920398690228402,-0.1600662107092328,0.9150192737579346,0.9150192737579346,0.9109843704050564,MC38,-0.6982174176765196,0.4920398690228402,Saddle / ICS,1.0808599799256073,0.35515812400764335,0.3954631377830485,0.24937873820930814
TGCCGATAGGTGCTCG_E14S,E14S,Hypoxic Tumor,reverted_posthypoxic,-0.7502655615793564,0.282024892670196,-0.4585676553258556,0.9147827625274658,0.9147827625274658,0.9021180850312436,MC38,-0.7502655615793564,0.282024892670196,Normoxic,1.0763154627676947,0.39486079612809927,0.3674198036852909,0.23771940018660973
AGGCACGGTCATTACA_E14S,E14S,Hypoxic Tumor,reverted_posthypoxic,-1.020326910402395,0.2916807421950979,-0.2466601877937004,0.9271546602249146,0.9271546602249146,0.5430115957469804,MC38,-1.020326910402395,0.2916807421950979,Normoxic,1.0670613936437787,0.41439617046631494,0.3635543341459607,0.22204949538772434
CGGGTCATCAGGAACG_E14S,E14S,Hypoxic Tumor,entering_hypoxia,-0.7824934877711586,0.6654429510161842,-0.3470812048512912,0.9194836616516112,0.9194836616516112,0.6274460607702325,MC38,-0.7824934877711586,0.6654429510161842,Saddle / ICS,1.0778872761806007,0.3297428960463918,0.4179785296897708,0.2522785742638375
CAAAGCTCAGTTAGTA_E14S,E14S,Hypoxic Tumor,reverted_posthypoxic,-1.2033255752461,0.0258583495749641,-0.4433913655882214,0.917382538318634,0.917382538318634,0.6079901531372875,MC38,-1.2033255752461,0.0258583495749641,Normoxic,1.0555806105796983,0.44968983776093374,0.3368286156285617,0.21348154661050456
CATCACTTCCCATGAA_E14S,E14S,Hypoxic Tumor,reverted_stable,-1.0350987819565496,-1.0040935492315033,-0.1318255115881901,0.9110767245292664,0.9110767245292664,0.7746730597293133,MC38,-1.0350987819565496,-1.0040935492315033,Normoxic,1.0886033337186243,0.40097754039391414,0.30151686199788186,0.297505597608204
CGCTAAATCACGCCGA_E14S,E14S,Hypoxic Tumor,reverted_posthypoxic,-1.077453247309306,0.316224105557969,-0.6093314590877208,0.9248242974281312,0.9248242974281312,0.5487176301301027,MC38,-1.077453247309306,0.316224105557969,Normoxic,1.0665037498255725,0.4130106849201174,0.3664016679545467,0.22058764712533585
CCTGCAAGTTCGATTA_E14S,E14S,Hypoxic Tumor,entering_hypoxia,-0.7837032203379503,0.9947288252242348,-0.4121369732513381,0.9165040254592896,0.9165040254592896,0.8463358769843408,MC38,-0.7837032203379503,0.9947288252242348,Saddle / ICS,1.0586691165424709,0.25414440440362607,0.46924658214358456,0.27660901345278943
CAGGGATGTCAATGTC_E14S,E14S,Hypoxic Tumor,reverted_stable,-0.9541400222080908,-1.035438524389882,-0.3915689416638471,0.9006586074829102,0.9006586074829102,0.6287189122075347,MC38,-0.9541400222080908,-1.035438524389882,Normoxic,1.0913086791275197,0.39094664679986346,0.301790434475168,0.30726291872496847
AACTTGGTCTAGATAC_E14S,E14S,Hypoxic Tumor,entering_hypoxia,-0.1926291589310408,0.6830183079633826,0.0544167764823589,0.9097272753715516,0.9097272753715516,0.662144008738864,MC38,-0.1926291589310408,0.6830183079633826,Saddle / ICS,1.0686668397790937,0.2415992470834444,0.4404381775963154,0.3179625753202402
CCAATTTCATGGAACT_E14S,E14S,Hypoxic Tumor,entering_hypoxia,-1.0657492982078147,0.7633402682511135,-0.0626569235628314,0.935640037059784,0.935640037059784,0.4885897476943115,MC38,-1.0657492982078147,0.7633402682511135,Saddle / ICS,1.0721377438227644,0.32555873836096216,0.43084481487769716,0.24359644676134073
CGGACATTCGAACGTC_E14S,E14S,Hypoxic Tumor,entering_hypoxia,-0.8011768008490864,1.1072518087087837,-0.3790144300228646,0.915544867515564,0.915544867515564,0.8908738870296081,MC38,-0.8011768008490864,1.1072518087087837,Saddle / ICS,1.045430220124951,0.22810390813591397,0.4866512413171665,0.2852448505469195
GCTTTGAAGCCAGACT_E14S,E14S,Hypoxic Tumor,reverted_stable,-1.212674388522266,-0.7255470215020793,-0.6114685901922436,0.9298685193061828,0.9298685193061828,0.5620542627622519,MC38,-1.212674388522266,-0.7255470215020793,Normoxic,1.0702247737485502,0.44359831972989644,0.3030069213775404,0.2533947588925632
AACGTAGGTGCAAGGT_E14S,E14S,Hypoxic Tumor,transitional,0.1687254344594229,0.2172149812165953,0.3592237602696331,0.9208744168281556,0.9208744168281556,0.62547953970827,MC38,0.1687254344594229,0.2172149812165953,Saddle / ICS,1.0702582822885718,0.22638473484841465,0.4048501882976293,0.36876507685395615
ACGCCTAGTAGTGATG_E14S,E14S,Hypoxic Tumor,entering_deep_hypoxia,1.468847217245944,0.5669304965097556,-0.2965355173288547,0.9723135232925416,0.9723135232925416,0.3068643797537165,MC38,1.468847217245944,0.5669304965097556,Hypoxic,0.7089181586697179,0.015300788929477012,0.3326320368136902,0.6520671742568328
ATGGCAAGTGAGTGTA_E14S,E14S,Hypoxic Tumor,reverted_stable,-0.7297409338765728,-0.6142744791390926,-0.2441730231808228,0.9150852560997008,0.9150852560997008,0.915411826184578,MC38,-0.7297409338765728,-0.6142744791390926,Normoxic,1.0795694809735399,0.4235360405510707,0.3084017299685764,0.2680622294803529
AAAGCTAAGGGGATAT_E14S,E14S,Hypoxic Tumor,entering_hypoxia,-0.828350118738957,0.610278524749611,-0.6118633919782287,0.9174356460571288,0.9174356460571288,0.7756171916983856,MC38,-0.828350118738957,0.610278524749611,Saddle / ICS,1.0777831172324752,0.3453011532871848,0.4088548746489995,0.24584397206381578
CATATAGCAGCATGGC_E14S,E14S,Hypoxic Tumor,reverted_posthypoxic,-0.5835483417142238,0.3033897363678784,2.0560827344471737,0.9395081996917723,0.9395081996917723,0.5170250473317718,MC38,-0.5835483417142238,0.3033897363678784,Saddle / ICS,1.0833968966318461,0.37079174014098976,0.37613626881465184,0.25307199104435835
TATAGGCCACCAACCT_E14S,E14S,Hypoxic Tumor,entering_deep_hypoxia,1.4400195138273368,1.0818986080686253,-0.4719703623593979,0.9301500916481018,0.9301500916481018,0.4829845797359412,MC38,1.4400195138273368,1.0818986080686253,Hypoxic,0.6958925484231371,0.009509622768529683,0.3480793478516959,0.6424110293797743
GGCAATTCAACCTTCA_E14S,E14S,Hypoxic Tumor,entering_deep_hypoxia,0.5687946887399417,0.8783496025716975,-0.4482162526014093,0.9143489599227904,0.9143489599227904,0.9177117952314426,MC38,0.5687946887399417,0.8783496025716975,Hypoxic,0.92049018620723,0.08235472233957143,0.453747596247828,0.46389768141260057
ACAGTCGCACTCGGAA_E14S,E14S,Hypoxic Tumor,transitional,0.2321416957915354,-0.094359221415985,-0.258529470865094,0.9187979102134703,0.9187979102134703,0.6519517925445955,MC38,0.2321416957915354,-0.094359221415985,Hypoxic,1.0727851935950656,0.22965963486638094,0.38130409724509784,0.3890362678885212
GGGTAATAGCTACGGT_E14S,E14S,Hypoxic Tumor,reverted_posthypoxic,-1.1569939158465283,-0.0179399583385967,0.9904624147586448,0.9388737678527832,0.9388737678527832,0.4562084966343535,MC38,-1.1569939158465283,-0.0179399583385967,Normoxic,1.0552198639122317,0.4527175410772643,0.33258455061143455,0.21469790831130112
GCAGCCATCCCAGTAA_E14S,E14S,Hypoxic Tumor,reverted_stable,-1.2265016927556136,-1.278141388070278,-0.4344608779067391,0.9170085191726683,0.9170085191726683,0.7376060333056753,MC38,-1.2265016927556136,-1.278141388070278,Normoxic,1.0968491532103481,0.3507693514587218,0.305854760787229,0.34337588775404915
AACGATCCACTAACTT_E14S,E14S,Hypoxic Tumor,reverted_posthypoxic,-0.8089171374391344,0.1949526806154865,-0.6296149199976894,0.920741856098175,0.920741856098175,0.6670937040824046,MC38,-0.8089171374391344,0.1949526806154865,Normoxic,1.0717899621892355,0.4122784089442984,0.35605851672173744,0.2316630743339641
ATGTGTTAGGCTCAGT_E14S,E14S,Hypoxic Tumor,exiting_hypoxia,1.6699321667313156,-1.2238387880488235,-0.436895070092799,0.903293251991272,0.903293251991272,0.7702066532063965,MC38,1.6699321667313156,-1.2238387880488235,Hypoxic,0.513575039096813,0.00671204578030918,0.18216080734684714,0.8111271468728437
TAGGTGAGTGGCCATC_E14S,E14S,Hypoxic Tumor,reverted_posthypoxic,-0.818787274290848,-0.0319064819991115,-0.1224674426862578,0.9167516231536864,0.9167516231536864,0.8222732785658129,MC38,-0.818787274290848,-0.0319064819991115,Normoxic,1.0666909613954907,0.4349076933837898,0.3346142019646943,0.23047810465151589
CGTACTAAGGCACTGT_E14S,E14S,Hypoxic Tumor,exiting_hypoxia,0.6595798405464044,-1.920386260074072,1.285485839377693,0.9233791828155518,0.9233791828155518,0.78955920518406,MC38,0.6595798405464044,-1.920386260074072,Hypoxic,0.658716316155106,0.032132747582399236,0.21825997283197315,0.7496072795856277
GGGTACGGTAGCGATA_E14S,E14S,Hypoxic Tumor,entering_hypoxia,-0.7655862450860388,0.6888583325191608,-0.4500968854832193,0.9153785109519958,0.9153785109519958,0.9108601753916212,MC38,-0.7655862450860388,0.6888583325191608,Saddle / ICS,1.0775906057109872,0.3231644363463758,0.4218602244790546,0.2549753391745695
TGTCTTGCAGGGCTGT_E14S,E14S,Hypoxic Tumor,transitional,-0.3009690310108115,0.1266151719059498,0.8436967749146077,0.9320276379585266,0.9320276379585266,0.5823544994806843,MC38,-0.3009690310108115,0.1266151719059498,Saddle / ICS,1.0926490849903494,0.34259617056239,0.3721920397011193,0.28521178973649064
CACGTAATCCCTCAAT_E14S,E14S,Hypoxic Tumor,reverted_stable,-0.7086399245177223,-1.0724421596202005,-0.6837817547761895,0.9132531881332396,0.9132531881332396,0.8793387204349846,MC38,-0.7086399245177223,-1.0724421596202005,Normoxic,1.0962141364591262,0.3611653316742548,0.30470322852881493,0.3341314397969304
AGACATGGTGGACCTC_E14S,E14S,Hypoxic Tumor,entering_hypoxia,-0.7546097417241648,0.684542301316842,-0.2472826277403523,0.9156216979026794,0.9156216979026794,0.9204304174854568,MC38,-0.7546097417241648,0.684542301316842,Saddle / ICS,1.0778256119312446,0.323032410846242,0.4214540593556675,0.25551352979809044
GCCTCCACAGTTAGTA_E14S,E14S,Hypoxic Tumor,exiting_hypoxia,0.8260178282122809,-0.4146819794497982,1.809698610967006,0.954132914543152,0.954132914543152,0.1507146196453829,MC38,0.8260178282122809,-0.4146819794497982,Hypoxic,0.9158535643790557,0.09409935801209983,0.3491717894422016,0.5567288525456986
TGTCACCCATGGATGT_E14S,E14S,Hypoxic Tumor,exiting_hypoxia,0.2690049245244901,-1.1209340715025038,-0.5603365082065613,0.9141637086868286,0.9141637086868286,0.7273226019659994,MC38,0.2690049245244901,-1.1209340715025038,Hypoxic,1.0029401375321552,0.1652286766134263,0.3179493606442773,0.5168219627422963
AAAGGTTGTTCCGCAA_E14S,E14S,Hypoxic Tumor,reverted_posthypoxic,-1.1273712046493214,0.178058962266436,-0.3913974341797828,0.9076994061470032,0.9076994061470032,0.7528771597617148,MC38,-1.1273712046493214,0.178058962266436,Normoxic,1.0609291182428255,0.4331316785939145,0.3508125047580738,0.21605581664801182
CACATCCCAGGCATTG_E14S,E14S,Hypoxic Tumor,exiting_hypoxia,-0.1507644027247051,-1.3739307632815632,0.0179111247592385,0.920745611190796,0.920745611190796,0.606683278085694,MC38,-0.1507644027247051,-1.3739307632815632,Hypoxic,1.0427083831291022,0.21103684518920715,0.30716880648979417,0.48179434832099866
TCGTTGGGTTATGCGT_E14S,E14S,Hypoxic Tumor,exiting_hypoxia,1.562444159860784,-1.6703360103964129,1.195153295414075,0.9143091440200806,0.9143091440200806,0.6291531887552411,MC38,1.562444159860784,-1.6703360103964129,Hypoxic,0.46176095811361495,0.005102367045462582,0.1545967079128675,0.8403009250416699
ATATGGCCACAGGGTC_E14S,E14S,Hypoxic Tumor,reverted_posthypoxic,-0.8951637907243378,0.3171645886978282,-0.4702550627772456,0.9162861108779908,0.9162861108779908,0.8723243490580982,MC38,-0.8951637907243378,0.3171645886978282,Normoxic,1.0716472697922694,0.4030448611483133,0.3680302352841415,0.2289249035675451
ACAAGGTAGGTACCCG_E14S,E14S,Hypoxic Tumor,entering_hypoxia,-0.0762460062870752,0.4205470244729376,-0.1214220885668335,0.9371553659439088,0.9371553659439088,0.4094306956263043,MC38,-0.0762460062870752,0.4205470244729376,Saddle / ICS,1.0805483539722693,0.2598998148333146,0.41470633801084933,0.325393847155836
CCAGACCGTTAATTCG_E14S,E14S,Hypoxic Tumor,exiting_hypoxia,0.2032159557473737,-1.829927144762561,0.7208453672671116,0.8921389579772949,0.8921389579772949,0.8013906604119289,MC38,0.2032159557473737,-1.829927144762561,Hypoxic,0.8301305660161444,0.08075364463888512,0.262170168913697,0.6570761864474179
AGCACTTGTGGCTCTA_E14S,E14S,Hypoxic Tumor,entering_deep_hypoxia,0.42167753940251,0.5893704700396202,-0.5821509557453297,0.91861492395401,0.91861492395401,0.7246979938163529,MC38,0.42167753940251,0.5893704700396202,Saddle / ICS,0.9940682695032563,0.13399529622657258,0.43996882216346633,0.4260358816099612
AAAGCAATCGAACCCG_E14S,E14S,Hypoxic Tumor,entering_hypoxia,0.2900837851032574,1.3973193761177574,-0.495877654857287,0.9169782400131226,0.9169782400131226,0.6843760007381926,MC38,0.2900837851032574,1.3973193761177574,Saddle / ICS,0.8843595617863811,0.06377433963878534,0.4972234716499019,0.43900218871131275
TGATGCCAGGGGTCAA_E14S,E14S,Hypoxic Tumor,reverted_stable,-0.6792958584436729,-1.2045252665989032,-0.7721117589712397,0.8976379036903381,0.8976379036903381,0.7620940977381325,MC38,-0.6792958584436729,-1.2045252665989032,Hypoxic,1.0960570723829126,0.3317544721412885,0.3049543486794494,0.363291179179262
AATCAGCCATCCATGC_E14S,E14S,Hypoxic Tumor,exiting_hypoxia,0.5070688965142618,-0.899025342437531,0.5653922621891935,0.922326922416687,0.922326922416687,0.6726819747105095,MC38,0.5070688965142618,-0.899025342437531,Hypoxic,0.9717471973607741,0.13654357987260005,0.3275383300263564,0.5359180901010435
TGCCCAAGTATGTAGG_E14S,E14S,Hypoxic Tumor,transitional,-0.0493365358987864,0.0121322743278816,-0.2918659458612329,0.9286192655563354,0.9286192655563354,0.5822919041362108,MC38,-0.0493365358987864,0.0121322743278816,Saddle / ICS,1.093632211512715,0.2954935261013084,0.37665645226018807,0.3278500216385035
CATCTTGCAGCAGTCA_E14S,E14S,Hypoxic Tumor,reverted_posthypoxic,-0.8616352495359363,0.2530530845555747,-0.059845511694367,0.9239925742149352,0.9239925742149352,0.6104221148634424,MC38,-0.8616352495359363,0.2530530845555747,Normoxic,1.071112457103514,0.409537048807683,0.36117633486127276,0.22928661633104422
GTTGCTGGTGACGAAC_E14S,E14S,Hypoxic Tumor,reverted_posthypoxic,-1.170127179224414,-0.3467213924021203,-0.2012614345508245,0.9246858954429626,0.9246858954429626,0.5922740401014446,MC38,-1.170127179224414,-0.3467213924021203,Normoxic,1.0548480711099226,0.463932469381346,0.3120731243367733,0.22399440628188066
CACCCGTTCATGCGCG_E14S,E14S,Hypoxic Tumor,entering_hypoxia,-1.039945153603875,0.9892030375846792,0.992091021056468,0.9512850642204284,0.9512850642204284,0.390024954133546,MC38,-1.039945153603875,0.9892030375846792,Saddle / ICS,1.0598499793339393,0.26995958441307866,0.4679019415427831,0.2621384740441384
TCTGGGCGTTGGCTGC_E14S,E14S,Hypoxic Tumor,entering_hypoxia,-0.3926829804099781,1.0803468759290478,0.0262445875990539,0.930418848991394,0.930418848991394,0.5265322122012874,MC38,-0.3926829804099781,1.0803468759290478,Saddle / ICS,1.0329747714723103,0.19363125457336483,0.48664722839554125,0.3197215170310939
ATTACGTAGGCATGTC_E14S,E14S,Hypoxic Tumor,transitional,0.0588989484594538,0.001164197321548,-0.2737409366777911,0.9251450300216676,0.9251450300216676,0.5622560765706115,MC38,0.0588989484594538,0.001164197321548,Saddle / ICS,1.0883859342895672,0.2695099155114141,0.3814813063492646,0.3490087781393212
AAGTAACGTGATTAGG_E14S,E14S,Hypoxic Tumor,exiting_hypoxia,-0.2500259816199212,-0.6698093156755451,-0.6782398401501963,0.9211694002151488,0.9211694002151488,0.6453430139768047,MC38,-0.2500259816199212,-0.6698093156755451,Hypoxic,1.0985083169509005,0.33646657458853985,0.32655361952131845,0.33697980589014176
ACGGGTAAGCGAACGA_E14S,E14S,Hypoxic Tumor,entering_hypoxia,0.1097966913325537,0.7019851411685091,-0.2374221752961608,0.9166663289070128,0.9166663289070128,0.7788852350870115,MC38,0.1097966913325537,0.7019851411685091,Saddle / ICS,1.0362436560381354,0.1807036468437302,0.4506366525373422,0.3686597006189275
GGTTCCTCACATGAGT_E14S,E14S,Hypoxic Tumor,reverted_stable,-0.5787938169788681,-2.3448642100626564,1.3679929969907707,0.8934787511825562,0.8934787511825562,0.6938485686955718,MC38,-0.5787938169788681,-2.3448642100626564,Hypoxic,0.7907253218474685,0.07125698239069067,0.24303270183085554,0.6857103157784539
AGGGTATAGCGGGAAC_E14S,E14S,Hypoxic Tumor,entering_hypoxia,-0.76009999607162,0.4817051003003448,-0.5259252383883634,0.9149371981620787,0.9149371981620787,0.7794441132196335,MC38,-0.76009999607162,0.4817051003003448,Saddle / ICS,1.0791353597249893,0.3637473653493991,0.39223858750628654,0.24401404714431443
CCGGTACGTCAGTTCG_E14S,E14S,Hypoxic Tumor,exiting_hypoxia,-0.0539625761072923,-2.2001541217803573,1.7379982361860324,0.9170877933502196,0.9170877933502196,0.7844159787746678,MC38,-0.0539625761072923,-2.2001541217803573,Hypoxic,0.7530982672477502,0.058726205569168514,0.2356270653933627,0.7056467290374687
AGCAAGGTCTAGGCGT_E14S,E14S,Hypoxic Tumor,reverted_posthypoxic,-0.5674649408850915,-0.1952756848889381,-0.1865076241734514,0.9364274144172668,0.9364274144172668,0.4687554326319792,MC38,-0.5674649408850915,-0.1952756848889381,Normoxic,1.0805824578171126,0.4111162319152467,0.3322294214530464,0.2566543466317069
TCGATAGTCACATGGC_E14S,E14S,Hypoxic Tumor,reverted_posthypoxic,-0.8948911434349146,0.1314574954302509,-0.6317849350222732,0.9016473293304444,0.9016473293304444,0.6369384822081697,MC38,-0.8948911434349146,0.1314574954302509,Normoxic,1.0664973223150491,0.42701904263625295,0.3475626373745617,0.22541831998918527
TCTGAGGCAGGCATAT_E14S,E14S,Hypoxic Tumor,persistent_hypoxia,2.059240397451237,0.1160120961529574,1.8375343808759053,0.9095832705497742,0.9095832705497742,0.5531538498512569,MC38,2.059240397451237,0.1160120961529574,Hypoxic,0.5432148253306388,0.0030959612688085583,0.21692987837484784,0.7799741603563436
GGGACCTCAGCTCTGT_E14S,E14S,Hypoxic Tumor,entering_hypoxia,-0.9451692961052368,1.1139243507996306,-0.4706616004100353,0.9172124266624452,0.9172124266624452,0.819189535739334,MC38,-0.9451692961052368,1.1139243507996306,Saddle / ICS,1.0461675273700446,0.23488678729615498,0.48771636637443627,0.2773968463294087
CCTTTAGCATGGCTTC_E14S,E14S,Hypoxic Tumor,entering_deep_hypoxia,2.3543889769280035,1.2109133667768086,0.0811235271688353,0.9480042457580566,0.9480042457580566,0.3562036188880249,MC38,2.3543889769280035,1.2109133667768086,Hypoxic,0.4898449434184762,0.00038437619207634373,0.19020429569022798,0.8094113281176958
ACGGTTGCAACTACCC_E14S,E14S,Hypoxic Tumor,persistent_hypoxia,0.4908366973086866,0.0296584692439554,-0.0260982033074372,0.9334018230438232,0.9334018230438232,0.5094703152732176,MC38,0.4908366973086866,0.0296584692439554,Hypoxic,1.021180013902332,0.1607859493758929,0.39461259562845113,0.4446014549956558
GCCACCTTCGCGCTCT_E14S,E14S,Hypoxic Tumor,exiting_hypoxia,1.938153626685738,-1.5646472690896984,2.174322084325389,0.9296287298202516,0.9296287298202516,0.6468886744325154,MC38,1.938153626685738,-1.5646472690896984,Hypoxic,0.38850967678546644,0.001766150632686183,0.1244941127619464,0.8737397366053674
CCGTTGAGTAATGGTG_E14S,E14S,Hypoxic Tumor,entering_hypoxia,-0.065539156380667,0.6819821103745163,-0.334749447412716,0.9178458452224731,0.9178458452224731,0.8150552626880194,MC38,-0.065539156380667,0.6819821103745163,Saddle / ICS,1.0589788928938142,0.21783890987640095,0.44454834882613586,0.3376127412974632
CTCGTTACAGGGACTC_E14S,E14S,Hypoxic Tumor,exiting_hypoxia,-0.1548772609086667,-0.4497858152008639,0.0908838357843061,0.9319851398468018,0.9319851398468018,0.5625478326264708,MC38,-0.1548772609086667,-0.4497858152008639,Saddle / ICS,1.0984947508046907,0.3280931710127701,0.3402749128919081,0.3316319160953218
TACATAGCAAGTGCGC_E14S,E14S,Hypoxic Tumor,entering_hypoxia,-0.7925444338954183,0.8801279409187273,-0.4294335598505205,0.9171718955039978,0.9171718955039978,0.7965362868783828,MC38,-0.7925444338954183,0.8801279409187273,Saddle / ICS,1.0686293966206357,0.28228125360476847,0.45104808604032404,0.26667066035490744
GCAGTAAGTCAATCTA_E14S,E14S,Hypoxic Tumor,reverted_posthypoxic,-0.7125269477421222,0.3252362414207908,-0.7421026916922511,0.91645610332489,0.91645610332489,0.8521092459693806,MC38,-0.7125269477421222,0.3252362414207908,Normoxic,1.0786574139530147,0.38438461227126375,0.3737211921427702,0.24189419558596612
CCATAACGTTATCCGG_E14S,E14S,Hypoxic Tumor,entering_deep_hypoxia,4.808337405172021,1.451661264758377,0.4547064264395514,0.930194854736328,0.930194854736328,0.1355299443265495,MC38,4.808337405172021,1.451661264758377,Hypoxic,0.04936392170356103,5.011509865177796e-10,0.00857882669865688,0.9914211728001922
AGTACGGAGCCCGTCT_E14S,E14S,Hypoxic Tumor,transitional,0.1288171881367426,-0.2366550049676637,-0.5593545294997279,0.91792494058609,0.91792494058609,0.7343288847597325,MC38,0.1288171881367426,-0.2366550049676637,Hypoxic,1.0858075686528292,0.25957104946401954,0.3670857911448134,0.37334315939116713
TCTATGAGTGGCTCAC_E14S,E14S,Hypoxic Tumor,entering_hypoxia,-0.999331483248912,1.2347750818442298,-0.4382390472599554,0.9173080325126648,0.9173080325126648,0.8170521285105837,MC38,-0.999331483248912,1.2347750818442298,Saddle / ICS,1.0284361108172009,0.20699082564553992,0.506955753971988,0.28605342038247217
TCTATGGAGTAGCCAC_E14S,E14S,Hypoxic Tumor,reverted_posthypoxic,-1.0912241922371892,0.3949440438441386,-0.007929542052248,0.9240148067474364,0.9240148067474364,0.5777952947530411,MC38,-1.0912241922371892,0.3949440438441386,Normoxic,1.0687232744361592,0.4008679312555612,0.37639386919604617,0.22273819954839272
CGTATTGAGATTCAGT_E14S,E14S,Hypoxic Tumor,reverted_stable,-0.9584138548792674,-0.6421473844856106,-0.6175289728462053,0.9209027886390686,0.9209027886390686,0.6349106551315875,MC38,-0.9584138548792674,-0.6421473844856106,Normoxic,1.0707561295390509,0.44252171403441026,0.3033929158368,0.2540853701287898
AGTGCAAGTTTCCTAT_E14S,E14S,Hypoxic Tumor,entering_hypoxia,-1.268506128597952,2.51430225993836,-0.3153225274775165,0.9050805568695068,0.9050805568695068,0.6015434772563709,MC38,-1.268506128597952,2.51430225993836,Saddle / ICS,0.752883861171091,0.017370442078699835,0.5793057258815255,0.40332383203977457
CGTCACCTCTAACCGA_E14S,E14S,Hypoxic Tumor,entering_hypoxia,-1.053550517657406,0.7964384799438908,-0.3431860251007698,0.9264015555381776,0.9264015555381776,0.520497116061865,MC38,-1.053550517657406,0.7964384799438908,Saddle / ICS,1.0713122337442524,0.31743693476039353,0.43615868959950627,0.2464043756401003
ATCGCGCGTGCAAGCG_E14S,E14S,Hypoxic Tumor,persistent_hypoxia,0.593904407457991,-0.0612497799011272,0.9310968510693644,0.9493655562400818,0.9493655562400818,0.5536356890611217,MC38,0.593904407457991,-0.0612497799011272,Hypoxic,0.9969647595497273,0.14029968182342398,0.3861950698880634,0.47350524828851265
TCCTAGAAGCAACCAC_E14S,E14S,Hypoxic Tumor,persistent_hypoxia,1.1351612827559896,0.2236286541761439,-0.4058791747823019,0.9207664132118224,0.9207664132118224,0.6083623990041309,MC38,1.1351612827559896,0.2236286541761439,Hypoxic,0.817447368128562,0.04451923376553543,0.3649308757737961,0.5905498904606684
CCACCTATCTAAGCGC_E14S,E14S,Hypoxic Tumor,reverted_stable,-0.9375730701779356,-0.533107097324284,-0.2902687231896411,0.9202271699905396,0.9202271699905396,0.6166915895310099,MC38,-0.9375730701779356,-0.533107097324284,Normoxic,1.0667456969616274,0.4485632080784942,0.30597729363871623,0.24545949828278946
TGATCATAGAAGGTGT_E14S,E14S,Hypoxic Tumor,transitional,-0.2559606818007411,-0.3003598354327728,0.5115218893735969,0.9341447949409484,0.9341447949409484,0.556093900905396,MC38,-0.2559606818007411,-0.3003598354327728,Normoxic,1.0965147394726609,0.35377028591641463,0.34252716538627237,0.30370254869731306
TCAGTTAGTAGCCTCA_E14S,E14S,Hypoxic Tumor,exiting_hypoxia,-0.029476588892898,-1.3380391145577764,-0.3178398286163605,0.9052472114562988,0.9052472114562988,0.6827778139959857,MC38,-0.029476588892898,-1.3380391145577764,Hypoxic,1.028708382095978,0.19447301213758503,0.3084641772437734,0.4970628106186415
AGGACCCCAGTTAATG_E14S,E14S,Hypoxic Tumor,entering_hypoxia,-1.063778918333648,0.9140306570653408,-0.5184446815492679,0.9173716902732848,0.9173716902732848,0.824425962562243,MC38,-1.063778918333648,0.9140306570653408,Saddle / ICS,1.0654673490203337,0.28939589099696145,0.4555899813530406,0.255014127649998
GCGTAATCAATATACG_E14S,E14S,Hypoxic Tumor,entering_hypoxia,-1.0485746741279742,0.74619703693556,-0.2119810585062335,0.9264028668403624,0.9264028668403624,0.3985497812209659,MC38,-1.0485746741279742,0.74619703693556,Saddle / ICS,1.0727432810503883,0.32893026296260147,0.4280202392107591,0.24304949782663937
CCTTGAGGTTTAGTCA_E14S,E14S,Hypoxic Tumor,reverted_posthypoxic,-0.6509856359206957,-0.0457460932583348,-0.5112383087300786,0.9178327322006226,0.9178327322006226,0.6916840908301156,MC38,-0.6509856359206957,-0.0457460932583348,Normoxic,1.0758791118417252,0.4164254998207823,0.33919239227771075,0.24438210790150688
CGCTGTGAGGCATGGA_E14S,E14S,Hypoxic Tumor,exiting_hypoxia,-0.238851849636495,-1.368041790554803,-0.3868190960393793,0.9180034399032592,0.9180034399032592,0.6453396279411545,MC38,-0.238851849636495,-1.368041790554803,Hypoxic,1.0560423946172657,0.22834263793276166,0.3072991937248357,0.4643581683424026
GCCCGTAAGTCTCTGT_E14S,E14S,Hypoxic Tumor,exiting_hypoxia,-0.1126216861103355,-0.891533492268638,-0.3952529300648772,0.9280361533164978,0.9280361533164978,0.5047391853555615,MC38,-0.1126216861103355,-0.891533492268638,Hypoxic,1.089226507158295,0.28184820936887084,0.3249466397052667,0.39320515092586245
GCGATGAAGTCGATCA_E14S,E14S,Hypoxic Tumor,reverted_posthypoxic,-1.1342903056454556,0.1069093059279598,-0.4054339101131206,0.9198201894760132,0.9198201894760132,0.5846195140338142,MC38,-1.1342903056454556,0.1069093059279598,Normoxic,1.0586256205177453,0.44123794892996954,0.3436206372504829,0.2151414138195474
GTTAGCCAGTAACGGG_E14S,E14S,Hypoxic Tumor,entering_hypoxia,-0.2246199533959296,0.5863030205011995,-0.025517105864885,0.9255796670913696,0.9255796670913696,0.593617119209908,MC38,-0.2246199533959296,0.5863030205011995,Saddle / ICS,1.0778406341129272,0.26443389010911394,0.4272533616778331,0.308312748213053
CCCAAATGTTAATGGG_E15S,E15S,Tumor Proliferating,transitional,0.0157979675596956,-0.2374903277936763,2.608935665037297,0.9365885853767396,0.9365885853767396,0.0550335197704302,MC38,0.0157979675596956,-0.2374903277936763,Saddle / ICS,1.0939086171535748,0.2886500137204037,0.36164218932128217,0.34970779695831405
ACATGCCAGGGTCTCG_E15S,E15S,Tumor Proliferating,exiting_hypoxia,0.613412341347855,-0.5383228989292274,0.8644996680858953,0.9320974946022034,0.9320974946022034,0.0605261197767014,MC38,0.613412341347855,-0.5383228989292274,Hypoxic,0.9781468302316114,0.1338200198326046,0.350549043426405,0.5156309367409904
GCCCTTGCAAGCCGGT_E15S,E15S,Tumor Proliferating,persistent_hypoxia,0.575954357510112,-0.3924366996917413,1.7560347462847818,0.942127764225006,0.942127764225006,0.0443146073569003,MC38,0.575954357510112,-0.3924366996917413,Hypoxic,0.9976886344831342,0.14590706839592674,0.3622597704414723,0.49183316116260106
CGACCTAGTCTTGACG_E15S,E15S,Tumor,exiting_hypoxia,3.1845419162240307,-2.009128565034591,0.4071699834392267,0.949627161026001,0.949627161026001,0.0838823722017739,MC38,3.1845419162240307,-2.009128565034591,Hypoxic,0.12066676854540669,4.0438659978690505e-06,0.026017238340020676,0.9739787177939815
AAACCATTCGAACGCT_E15S,E15S,Tumor Proliferating,exiting_hypoxia,0.2939085719075693,-0.988508730457628,1.9941367972058452,0.9353933930397034,0.9353933930397034,0.0405836157688591,MC38,0.2939085719075693,-0.988508730457628,Hypoxic,1.0174260500339516,0.17512979037141316,0.3259797241602228,0.498890485468364
TACCATAGTTATCATG_E15S,E15S,Tumor Proliferating,exiting_hypoxia,-0.209772304549595,-0.8313816362062072,1.8224094858644015,0.9294370412826538,0.9294370412826538,0.0342365048646545,MC38,-0.209772304549595,-0.8313816362062072,Hypoxic,1.09618952870827,0.3110684561629405,0.32335726338322346,0.36557428045383605
AACACCATCCAGGTCG_E15S,E15S,Tumor Proliferating,transitional,0.0491119184560603,-0.1788961091814256,2.144610227241293,0.9353485107421876,0.9353485107421876,0.0499351707830484,MC38,0.0491119184560603,-0.1788961091814256,Saddle / ICS,1.091684705936744,0.27920720329390764,0.3673398149017789,0.3534529818043134
TGGAATGGTCAAGGAC_E15S,E15S,Tumor Proliferating,entering_hypoxia,-0.1172690389602389,0.9236951842902288,1.6161438417681484,0.9409066438674928,0.9409066438674928,0.0204538417676034,MC38,-0.1172690389602389,0.9236951842902288,Saddle / ICS,1.033685599428916,0.1848341466535582,0.4712607228876678,0.34390513045877397
GCTGACTAGGGTAGAT_E15S,E15S,Tumor,transitional,0.2703898205216066,0.1295310633499755,0.2016315506291608,0.941010594367981,0.941010594367981,0.0592121554133496,MC38,0.2703898205216066,0.1295310633499755,Saddle / ICS,1.0605109828741635,0.20846126009158267,0.4003349346773609,0.39120380523105647
ACCCAGTAGCGGGTAA_E15S,E15S,Tumor Proliferating,exiting_hypoxia,0.0955655854844849,-0.5223593416346919,2.9689938669066174,0.9377347230911256,0.9377347230911256,0.0856757869972058,MC38,0.0955655854844849,-0.5223593416346919,Hypoxic,1.0858485828173237,0.26280326631879064,0.34841326020084296,0.3887834734803664
ATGGTTACAGGACACC_E15S,E15S,Tumor Proliferating,transitional,0.2827448192262499,-0.275391889207573,2.8142388685689426,0.9353058338165284,0.9353058338165284,0.0434517932811612,MC38,0.2827448192262499,-0.275391889207573,Hypoxic,1.0662681162110876,0.21960329912668217,0.36979789595293827,0.41059880492037953
CTACGAATCCCTGTCA_E15S,E15S,Tumor Proliferating,exiting_hypoxia,0.4359763216550349,-0.5026973774209748,2.126784799149156,0.9326879978179932,0.9326879978179932,0.0482489726940612,MC38,0.4359763216550349,-0.5026973774209748,Hypoxic,1.029296527411459,0.1764320200382978,0.3563058761064283,0.4672621038552739
AGCGATTCAAGTCGAT_E15S,E15S,Tumor Proliferating,persistent_hypoxia,1.0111648154414894,-0.2351328859641534,2.091832459395301,0.9421344995498656,0.9421344995498656,0.04069576198985,MC38,1.0111648154414894,-0.2351328859641534,Hypoxic,0.8583366789551643,0.06538059240155983,0.34759147003259083,0.5870279375658493
CTGGGCATCAGGCTAC_E15S,E15S,Tumor Proliferating,entering_hypoxia,-0.1150843254809873,0.553476923761626,1.3204975127330625,0.9362669587135316,0.9362669587135316,0.0251267141430198,MC38,-0.1150843254809873,0.553476923761626,Saddle / ICS,1.0742841480155652,0.2484077097290409,0.42794121333010965,0.32365107694084955
CAAAGCTCAAGCTCAG_E15S,E15S,Tumor Proliferating,exiting_hypoxia,-0.3380587529401656,-0.8463831421758449,3.4354780252993984,0.9378774762153624,0.9378774762153624,0.0831809907285463,MC38,-0.3380587529401656,-0.8463831421758449,Hypoxic,1.0980115960114585,0.33619471460677947,0.3180026649115948,0.34580262048162574
CGTCAAATCCGGGCTA_E15S,E15S,Tumor,exiting_hypoxia,1.1178474199825843,-2.030890967638177,1.1947058082519884,0.9584556818008424,0.9584556818008424,0.1390137980829174,MC38,1.1178474199825843,-2.030890967638177,Hypoxic,0.49635636722349674,0.009257803289328155,0.16351646356541244,0.8272257331452594
CTGCTGCTCCATCCAT_E15S,E15S,Tumor Proliferating,transitional,0.1253593366013246,-0.2045685761742366,2.7682602221532195,0.9372535943984984,0.9372535943984984,0.0512696456762035,MC38,0.1253593366013246,-0.2045685761742366,Hypoxic,1.0860075653071843,0.2600668668994677,0.36914017836276247,0.37079295473776985
GTCAAACCAGCACTTC_E15S,E15S,Tumor Proliferating,exiting_hypoxia,0.7398216228082766,-0.9684926789576696,1.7996177784475071,0.9406452775001526,0.9406452775001526,0.0336613383253481,MC38,0.7398216228082766,-0.9684926789576696,Hypoxic,0.8817466810093735,0.08772580647979664,0.3097250027782632,0.60254919074194
ATGCCCAGTTGTCTGG_E15S,E15S,Tumor Proliferating,exiting_hypoxia,1.3816750575522256,-0.8127335082955448,1.448213396332091,0.9419603943824768,0.9419603943824768,0.0429291379713766,MC38,1.3816750575522256,-0.8127335082955448,Hypoxic,0.6690153484963905,0.02225461193717567,0.2561575617498228,0.7215878263130016
GCGCTAGTCAGCCACG_E15S,E15S,Tumor Proliferating,persistent_hypoxia,0.4914790653016532,-0.3707988810979644,1.4347794094607156,0.9477158784866332,0.9477158784866332,0.0578116419345012,MC38,0.4914790653016532,-0.3707988810979644,Hypoxic,1.0212571092010794,0.1661492824617273,0.36512827938514836,0.46872243815312425
CAAACTTAGCGCTCAG_E15S,E15S,Tumor Proliferating,exiting_hypoxia,0.7031486359579975,-0.9893167373691572,1.4745550313026847,0.9378249645233154,0.9378249645233154,0.0155788654600653,MC38,0.7031486359579975,-0.9893167373691572,Hypoxic,0.8913236992210523,0.09253255559517913,0.31043138735204256,0.5970360570527783
GTACTAACATAAGGTC_E15S,E15S,Tumor Proliferating,persistent_hypoxia,1.1181033089179206,-0.141419561120801,1.1091809539822242,0.9588223099708556,0.9588223099708556,0.0715732758754499,MC38,1.1181033089179206,-0.141419561120801,Hypoxic,0.82299073600449,0.051239153206005854,0.3431373388895948,0.6056235079043993
TGGACAAGTGCACCAC_E15S,E15S,Tumor,exiting_hypoxia,1.1430681431001846,-1.317334165336438,1.496443291951461,0.9430640935897828,0.9430640935897828,0.1373495294002244,MC38,1.1430681431001846,-1.317334165336438,Hypoxic,0.6622635899035187,0.026441969194863586,0.23680788866866795,0.7367501421364684
AAAGTCAAGTACGGAG_E15S,E15S,Tumor Proliferating,exiting_hypoxia,0.8354569139690607,-0.7281504579091299,1.829002923876179,0.9463130235671996,0.9463130235671996,0.0276476583401352,MC38,0.8354569139690607,-0.7281504579091299,Hypoxic,0.8829377165154761,0.08389653083704024,0.3232888149969617,0.5928146541659981
CTACGTCCATCCGTCG_E15S,E15S,Tumor Proliferating,exiting_hypoxia,-0.3366844255835509,-0.8089847834614701,3.0714131491160126,0.9354608654975892,0.9354608654975892,0.0490057212565872,MC38,-0.3366844255835509,-0.8089847834614701,Hypoxic,1.0981399454471863,0.3404834033056935,0.31889828827801964,0.34061830841628693
ATATGGCCAACTGTGG_E15S,E15S,Tumor Proliferating,transitional,0.0875969017066351,0.3177991243830373,1.517227977916153,0.9403332471847534,0.9403332471847534,0.0208104985644839,MC38,0.0875969017066351,0.3177991243830373,Saddle / ICS,1.0736262418587192,0.2356892773284679,0.4112255437459852,0.3530851789255468
GTGGGATGTTCCCGAA_E15S,E15S,Tumor Proliferating,transitional,-0.2202907767305501,0.2821916675631336,2.0728196109658468,0.9371593594551086,0.9371593594551086,0.0259272555591759,MC38,-0.2202907767305501,0.2821916675631336,Saddle / ICS,1.0908806644192168,0.308780972318511,0.3924125958467283,0.2988064318347608
GGACACCCAAACTACA_E15S,E15S,Tumor Proliferating,entering_hypoxia,-0.1079259261675756,0.8842525539593306,1.1669128483921205,0.938684344291687,0.938684344291687,0.048601812366709,MC38,-0.1079259261675756,0.8842525539593306,Saddle / ICS,1.0384280354309203,0.1904214149287571,0.466882304398441,0.3426962806728019
GTCCTATTCCAGCTAA_E15S,E15S,Tumor Proliferating,exiting_hypoxia,-0.0232055106270432,-0.8817836571851476,1.7490249772521391,0.9365556836128236,0.9365556836128236,0.0194173454766243,MC38,-0.0232055106270432,-0.8817836571851476,Hypoxic,1.0822091042986057,0.26221468155371797,0.3279864875360655,0.40979883091021646
ATGGACCTCGAATCTG_E15S,E15S,Tumor Proliferating,transitional,0.0592934953658937,-0.1149741152567139,1.7435597616945788,0.9407292008399964,0.9407292008399964,0.0213323653239656,MC38,0.0592934953658937,-0.1149741152567139,Saddle / ICS,1.0903731796109606,0.2747863836141853,0.37246737608364117,0.3527462403021737
CCTTGGGAGTTAGGAA_E15S,E15S,Tumor,exiting_hypoxia,1.5285305577466266,-1.3025931524498562,1.6835647109276748,0.9529221057891846,0.9529221057891846,0.1244351694429349,MC38,1.5285305577466266,-1.3025931524498562,Hypoxic,0.5410513424313645,0.009432446194033918,0.19241146407722623,0.7981560897287399
ACCCATAAGGCACATC_E15S,E15S,Tumor,persistent_hypoxia,0.8760450223699132,-0.0579003186201187,1.3172375912069123,0.9377808570861816,0.9377808570861816,0.0718570371039935,MC38,0.8760450223699132,-0.0579003186201187,Hypoxic,0.9090190849613278,0.08496745019072126,0.37228707495178703,0.5427454748574916
ACCCTAGGTTAAGGGC_E15S,E15S,Tumor Proliferating,entering_hypoxia,-0.389005936007568,0.724345435777266,1.7557527889152635,0.9438585042953492,0.9438585042953492,0.0471407877258205,MC38,-0.389005936007568,0.724345435777266,Saddle / ICS,1.074090127481376,0.2674307256456485,0.43860848404275216,0.2939607903115994
TGGAATGGTTTACTCT_E15S,E15S,Tumor Proliferating,exiting_hypoxia,-0.2111311798599781,-0.6474459058085118,3.028830869736125,0.935939073562622,0.935939073562622,0.0593314271993144,MC38,-0.2111311798599781,-0.6474459058085118,Hypoxic,1.0984747488360476,0.3296978820081007,0.32914190045049485,0.3411602175414044
TGTCCTTAGGTGCTAC_E15S,E15S,Tumor,exiting_hypoxia,0.9236200886146588,-0.6121779640005592,0.6362263349483769,0.9387779235839844,0.9387779235839844,0.1278812053127668,MC38,0.9236200886146588,-0.6121779640005592,Hypoxic,0.8637005254883718,0.07364578932514684,0.32579491583058573,0.6005592948442674
GTTAGCCAGGCATCCG_E15S,E15S,Tumor Proliferating,persistent_hypoxia,0.8591254129648984,-0.0106527233204825,1.9933095184982437,0.9440654516220092,0.9440654516220092,0.0416558981353273,MC38,0.8591254129648984,-0.0106527233204825,Hypoxic,0.9144096891501996,0.08698110718724948,0.376929324460403,0.5360895683523476
TGCATATAGTCAGGCT_E15S,E15S,Tumor Proliferating,exiting_hypoxia,0.8265977577394887,-1.38686483493612,2.395859474381293,0.936297595500946,0.936297595500946,0.0294834623826806,MC38,0.8265977577394887,-1.38686483493612,Hypoxic,0.7587141074121859,0.05011570769096485,0.2624249768439555,0.6874593154650797
TATGCCCCATCAATCT_E15S,E15S,Tumor Proliferating,exiting_hypoxia,0.2918180498324993,-0.7200745821843004,2.824511151937696,0.9362699389457704,0.9362699389457704,0.0842618201765486,MC38,0.2918180498324993,-0.7200745821843004,Hypoxic,1.0468578337121797,0.20042447491116466,0.34209052552762154,0.4574849995612138
AGGAGCCAGAACGGGC_E15S,E15S,Tumor Proliferating,entering_hypoxia,-0.0864185025782926,0.5167537355449465,1.8232032006993868,0.9339771270751952,0.9339771270751952,0.0276450608975011,MC38,-0.0864185025782926,0.5167537355449465,Saddle / ICS,1.075044745921942,0.24820181393820553,0.42492761333660456,0.32687057272519
CGGCTTGAGTTGCAGC_E15S,E15S,Tumor Proliferating,transitional,0.0641317216500328,-0.2966011507768511,2.9973953839599923,0.9356083869934082,0.9356083869934082,0.058856001717226,MC38,0.0641317216500328,-0.2966011507768511,Hypoxic,1.0911153392089066,0.2765465285894727,0.3602067988296684,0.3632466725808589
CGTAGGGGTTTGGCAT_E15S,E15S,Tumor,transitional,-0.1984056929323903,-0.3963776077353952,1.1631973487709888,0.9461116194725036,0.9461116194725036,0.1785674671929445,MC38,-0.1984056929323903,-0.3963776077353952,Saddle / ICS,1.0981896017335955,0.3397431309319265,0.34057359201060494,0.31968327705746846
GGTCTAATCCATTCCG_E15S,E15S,Tumor Proliferating,persistent_hypoxia,1.08156144589548,-0.275342139277513,1.3166094366666707,0.9418506622314452,0.9418506622314452,0.0546289981427674,MC38,1.08156144589548,-0.275342139277513,Hypoxic,0.8310014216956112,0.05591977115863251,0.3373437028708701,0.6067365259704973
GCCACTTCACAAGCGC_E15S,E15S,Tumor Proliferating,exiting_hypoxia,0.2290864475748188,-0.8624995040144182,1.5936037264932548,0.9316701292991638,0.9316701292991638,0.0042757604778878,MC38,0.2290864475748188,-0.8624995040144182,Hypoxic,1.0466974971083982,0.20346092912287514,0.3334874948625159,0.463051576014609
GCTGCCTTCACAGACC_E15S,E15S,Tumor Proliferating,transitional,-0.170858859946703,-0.1109833859385635,2.09677037877726,0.9407171607017516,0.9407171607017516,0.0266917949375051,MC38,-0.170858859946703,-0.1109833859385635,Saddle / ICS,1.0966823834716983,0.33071798669129565,0.3599403618687785,0.309341651439926
GCCTCATCAAAGGAAT_E15S,E15S,Tumor Proliferating,persistent_hypoxia,0.3526474924918333,0.3040111872756622,2.4269560067053626,0.941774845123291,0.941774845123291,0.0776027816411281,MC38,0.3526474924918333,0.3040111872756622,Saddle / ICS,1.0359223684904164,0.1754598837512368,0.41653350567200154,0.4080066105767616
TAACCGATCCCATGCC_E15S,E15S,Tumor,transitional,0.1431343387550797,0.180671344088275,0.7642891807783531,0.9396221041679382,0.9396221041679382,0.1710671530081342,MC38,0.1431343387550797,0.180671344088275,Saddle / ICS,1.074978270171097,0.2357623494619637,0.400626432538531,0.36361121799950546
ACGACGAAGCCACTCC_E15S,E15S,Tumor Proliferating,exiting_hypoxia,-0.0613926836425148,-0.8613737788552385,1.9284101810068552,0.9373305439949036,0.9373305439949036,0.0121149047693162,MC38,-0.0613926836425148,-0.8613737788552385,Hypoxic,1.0868371694613754,0.27364782016412703,0.3276274165653787,0.3987247632704942
CACGGTTAGCTATGGC_E15S,E15S,Tumor,transitional,-0.33944225494923,0.1997084474072167,1.1908137586647016,0.9341182708740234,0.9341182708740234,0.1283255533311374,MC38,-0.33944225494923,0.1997084474072167,Saddle / ICS,1.0912420526361684,0.342600422919154,0.3771845262883385,0.2802150507925077
AACTGCATCGACTAAT_E15S,E15S,Tumor Proliferating,exiting_hypoxia,0.3573565696586478,-1.0905757781235088,2.3263277966627816,0.9330819845199584,0.9330819845199584,0.0258194400310902,MC38,0.3573565696586478,-1.0905757781235088,Hypoxic,0.9848029277278523,0.15006443623095136,0.3181323765240908,0.5318031872449578
GCTCTATTCGATGGGA_E15S,E15S,Tumor Proliferating,persistent_hypoxia,0.7445567600543763,0.2119882088460686,1.4479329829609644,0.9346045255661012,0.9346045255661012,0.0056106948839771,MC38,0.7445567600543763,0.2119882088460686,Hypoxic,0.9435093885572718,0.10008766914126055,0.4000895299396977,0.4998228009190417
ACTCCGCTCCCGTTGC_E15S,E15S,Tumor,exiting_hypoxia,1.0085462883057494,-1.0395581433199408,0.5921174176411546,0.9277324676513672,0.9277324676513672,0.0542684559173971,MC38,1.0085462883057494,-1.0395581433199408,Hypoxic,0.7680753127049162,0.04774044325852021,0.279382408492557,0.6728771482489228
ATGGTGAGTTAAGTGG_E15S,E15S,Tumor Proliferating,exiting_hypoxia,-0.2402358586658262,-0.5761285983565932,1.455555851648494,0.9377389550209044,0.9377389550209044,0.0341212683905081,MC38,-0.2402358586658262,-0.5761285983565932,Normoxic,1.0984657719018958,0.3413319770993224,0.3303494725279584,0.3283185503727191
GCGACTTAGTGAAGGT_E15S,E15S,Tumor Proliferating,entering_deep_hypoxia,0.5561277582056421,1.4199934033830317,1.6965356667076,0.942974090576172,0.942974090576172,0.0293023359418866,MC38,0.5561277582056421,1.4199934033830317,Hypoxic,0.8350741217076549,0.04071020671972751,0.4747680849879553,0.48452170829231717
CAAGATGGTCATTACA_E15S,E15S,Tumor Proliferating,exiting_hypoxia,0.4756918443642594,-0.6760524120534289,1.8071375940557812,0.9323492050170898,0.9323492050170898,0.0373497981547482,MC38,0.4756918443642594,-0.6760524120534289,Hypoxic,1.0068300467454996,0.1588503824635309,0.34413894502713127,0.49701067250933795
CCATTAAGTTAAGCGA_E15S,E15S,Tumor Proliferating,exiting_hypoxia,0.2497368061379897,-0.6972150323706112,1.1705890131961143,0.9324198365211488,0.9324198365211488,0.0668261816007625,MC38,0.2497368061379897,-0.6972150323706112,Hypoxic,1.056628169051417,0.21262491359136174,0.3429682358212686,0.44440685058736956
ACAACTTAGCATAGCC_E15S,E15S,Tumor Proliferating,entering_deep_hypoxia,0.4097466663280013,0.5214088367223201,1.630234176839923,0.9433932900428772,0.9433932900428772,0.0273951581605721,MC38,0.4097466663280013,0.5214088367223201,Saddle / ICS,1.00442026587369,0.14310129314371586,0.43466551471441683,0.4222331921418674
ATGCTGATCACATTCC_E15S,E15S,Tumor Proliferating,exiting_hypoxia,1.286718995647325,-0.6664987007474632,1.377069020319577,0.9280593395233154,0.9280593395233154,0.0056061231833379,MC38,1.286718995647325,-0.6664987007474632,Hypoxic,0.7218279174162197,0.03096017071555424,0.2813063669332406,0.6877334623512051
CCACGATAGTTACGAT_E15S,E15S,Tumor Proliferating,entering_hypoxia,0.1881024389427542,0.7764531539990752,1.7879956043835623,0.9456258416175842,0.9456258416175842,0.0570243632193974,MC38,0.1881024389427542,0.7764531539990752,Saddle / ICS,1.0142529447513384,0.15533791410339848,0.45837409150697606,0.3862879943896256
GCCGTTGAGGATCATT_E15S,E15S,Tumor Proliferating,exiting_hypoxia,0.1457843418106507,-0.514493563499609,1.144035994329092,0.9412222504615784,0.9412222504615784,0.0624114586279964,MC38,0.1457843418106507,-0.514493563499609,Hypoxic,1.0806980555829027,0.2501783193485167,0.3506604020315492,0.39916127861993417
AAAGCAATCCACCGTC_E15S,E15S,Tumor Proliferating,entering_deep_hypoxia,1.5035361918575856,1.417074058314155,1.5658237176994134,0.9386636018753052,0.9386636018753052,0.022191867010746,MC38,1.5035361918575856,1.417074058314155,Hypoxic,0.6664508511364449,0.004788018635219017,0.3355825207006372,0.6596294606641437
TGCTACTTCCTGCGAG_E15S,E15S,Tumor Proliferating,entering_deep_hypoxia,0.7323880652479291,0.7710325768915374,1.6571300939050917,0.9347077012062072,0.9347077012062072,0.0211732696032874,MC38,0.7323880652479291,0.7710325768915374,Hypoxic,0.8947443038235634,0.06913786003955695,0.4358345948203953,0.4950275451400478
GCCACTTCAAACTGGT_E15S,E15S,Tumor Proliferating,persistent_hypoxia,0.6302183121352408,-0.1790622198091744,1.618457625043151,0.9363961219787598,0.9363961219787598,0.0150922035598614,MC38,0.6302183121352408,-0.1790622198091744,Hypoxic,0.9872292480109441,0.13434238786993632,0.37647639309562997,0.48918121903443373
GCGAGTTTCGTGAGAG_E15S,E15S,Tumor Proliferating,normoxic_stable,-0.4384582047628328,-0.3895443699209853,1.5822455898261154,0.9405176043510436,0.9405176043510436,0.0661673630947864,MC38,-0.4384582047628328,-0.3895443699209853,Normoxic,1.0899152474501652,0.3897717658077373,0.32793596469237746,0.28229226949988506
CGTGATTGTAGCGCCT_E15S,E15S,Tumor Proliferating,exiting_hypoxia,0.4562072156164908,-0.4089443767590403,1.4675466467108822,0.9480425715446472,0.9480425715446472,0.0566208596404423,MC38,0.4562072156164908,-0.4089443767590403,Hypoxic,1.028630475753219,0.1740715767278858,0.3626583892635508,0.46327003400856337
GCTTGGGTCACTGGCG_E15S,E15S,Tumor Proliferating,exiting_hypoxia,0.4745982283336949,-1.343730728486332,1.7548906273387248,0.93326598405838,0.93326598405838,0.0567380567192657,MC38,0.4745982283336949,-1.343730728486332,Hypoxic,0.8941348274900037,0.10054732210021888,0.29324605652536934,0.6062066213744118
GTAAATGAGCGAACTC_E15S,E15S,Tumor Proliferating,exiting_hypoxia,0.750304611194909,-0.5313743027025598,2.22157958677352,0.9404819011688232,0.9404819011688232,0.0341058182982094,MC38,0.750304611194909,-0.5313743027025598,Hypoxic,0.9338842653282743,0.1058154378917941,0.34484123486777474,0.5493433272404312
AGCAGCAAGCGGAGAC_E15S,E15S,Tumor Proliferating,persistent_hypoxia,0.3174788284199996,-0.1963333543824871,1.675605035949715,0.937118411064148,0.937118411064148,0.0217086275250521,MC38,0.3174788284199996,-0.1963333543824871,Hypoxic,1.0606836530208368,0.21005666944241644,0.37617275823970314,0.4137705723178803
AACACGAGTTCTGGCA_E15S,E15S,Tumor,exiting_hypoxia,0.208497907362393,-0.9925790039736544,-0.2603080484594879,0.9403456449508668,0.9403456449508668,0.125566579119643,MC38,0.208497907362393,-0.9925790039736544,Hypoxic,1.036115592571837,0.19422175860742039,0.3261812449400783,0.47959699645250126
AGCGGGACAGGAACGG_E15S,E15S,Tumor Proliferating,persistent_hypoxia,0.5387411259520165,0.0008462487629743,1.434262983108456,0.9472529292106628,0.9472529292106628,0.1000693361479226,MC38,0.5387411259520165,0.0008462487629743,Hypoxic,1.0102477418168616,0.15084659069771217,0.39191334731803684,0.45724006198425093
AGCCACTAGTTACACG_E15S,E15S,Tumor Proliferating,exiting_hypoxia,1.609843891126994,-1.089971249700428,0.1631506847153026,0.9376800656318665,0.9376800656318665,0.0457190737624115,MC38,1.609843891126994,-1.089971249700428,Hypoxic,0.5529375349252683,0.009273917822733135,0.20144333262465589,0.7892827495526109
CTTGTCCGTGAACCGG_E15S,E15S,Tumor Proliferating,exiting_hypoxia,-0.3002087750875021,-0.4552774887708826,1.1402142632029306,0.9290044903755188,0.9290044903755188,0.0550942676873682,MC38,-0.3002087750875021,-0.4552774887708826,Normoxic,1.0964976057926452,0.36043795070942436,0.33220465962889667,0.30735738966167897
TGGTTCCCAACCAGGC_E15S,E15S,Tumor Proliferating,exiting_hypoxia,0.1240430408275462,-0.8048791078663982,1.5168281903748078,0.9321795105934144,0.9321795105934144,0.0151362287172099,MC38,0.1240430408275462,-0.8048791078663982,Hypoxic,1.0695088086746032,0.234853230936505,0.33502497552389693,0.4301217935395981
TGGAACCTCGATTGCA_E15S,E15S,Tumor Proliferating,transitional,0.2238564432994322,-0.1553221868339295,1.8660093396376567,0.9344028234481812,0.9344028234481812,0.0609507842410193,MC38,0.2238564432994322,-0.1553221868339295,Hypoxic,1.0746621282914184,0.23352436429877096,0.3765068670808751,0.3899687686203539
TGCAAAGGTAAGTAGT_E15S,E15S,Tumor,exiting_hypoxia,1.139280907563815,-1.0723171160275426,0.7481822452104472,0.942704141139984,0.942704141139984,0.160588372719573,MC38,1.139280907563815,-1.0723171160275426,Hypoxic,0.713406433520976,0.03418853342099981,0.26185316589376534,0.7039583006852349
CACCGCTTCCCAATGA_E15S,E15S,Tumor Proliferating,exiting_hypoxia,0.1243423403552633,-0.6571537792807992,2.767121211210729,0.9328491687774658,0.9328491687774658,0.0468815293139177,MC38,0.1243423403552633,-0.6571537792807992,Hypoxic,1.0780328606658116,0.24734866298210423,0.34236512822168846,0.41028620879620725
GTAGTCATCTGGCCTC_E15S,E15S,Tumor,transitional,0.1528947177909066,-0.080744816835732,1.4247486003610497,0.9365954399108888,0.9365954399108888,0.0996438273673969,MC38,0.1528947177909066,-0.080744816835732,Saddle / ICS,1.081975445977957,0.24957101528877298,0.3793533322014066,0.37107565250982055
CATCCAGGTTGAGTAG_E15S,E15S,Tumor Proliferating,transitional,-0.1796920272577289,-0.1311813075673945,1.4827720625451402,0.9562154412269592,0.9562154412269592,0.1440912225045841,MC38,-0.1796920272577289,-0.1311813075673945,Saddle / ICS,1.0967778254602478,0.33353568233011005,0.3579447146102356,0.3085196030596543
GCTGATGCACTAATTC_E15S,E15S,Tumor Proliferating,persistent_hypoxia,0.4782169399908543,0.3601052599470785,1.5315895394637045,0.9349841475486756,0.9349841475486756,0.0109516710570027,MC38,0.4782169399908543,0.3601052599470785,Hypoxic,1.0047129826607701,0.1434098181344755,0.4206795275711841,0.43591065429434034
CAGCCAACATTCATGT_E15S,E15S,Tumor Proliferating,exiting_hypoxia,-0.287734170428955,-0.5637226043665885,1.2995229138909643,0.9319797158241272,0.9319797158241272,0.0438315298890637,MC38,-0.287734170428955,-0.5637226043665885,Normoxic,1.0977316691015284,0.35243940703359783,0.32843062946847257,0.31912996349792955
CGCATCAGTTGTAGGA_E15S,E15S,Tumor Proliferating,exiting_hypoxia,-0.1704820663739719,-0.7394287311737305,3.2882729386813097,0.9365050792694092,0.9365050792694092,0.0896214962733627,MC38,-0.1704820663739719,-0.7394287311737305,Hypoxic,1.096851757266879,0.3122645108023431,0.32780356088041046,0.3599319283172466
ATGCCTAAGTCGAGCT_E15S,E15S,Tumor Proliferating,persistent_hypoxia,1.0098085476639076,-0.0364637633739412,1.381314578828411,0.9419164061546326,0.9419164061546326,0.0752210835114742,MC38,1.0098085476639076,-0.0364637633739412,Hypoxic,0.8629176437961075,0.06422152511119633,0.3620647538349883,0.5737137210538154
ATAACCACATGGTAAC_E15S,E15S,Tumor Proliferating,exiting_hypoxia,0.913598176072002,-0.7425246467959216,1.600068883317098,0.9349982142448424,0.9349982142448424,0.0148162771911566,MC38,0.913598176072002,-0.7425246467959216,Hypoxic,0.851926163673034,0.07115202996733183,0.3156469564910956,0.6132010135415725
CCTGATCCAAGCACCA_E15S,E15S,Tumor Proliferating,transitional,-0.0439706768771306,0.3387801765730387,1.8057363562857571,0.9361305832862854,0.9361305832862854,0.0634848562778155,MC38,-0.0439706768771306,0.3387801765730387,Saddle / ICS,1.082965710461722,0.2634061915329141,0.4075513003956734,0.32904250807141244
AGTATGTTCCATAGCA_E15S,E15S,Tumor Proliferating,exiting_hypoxia,0.4268518680238196,-0.556742539009512,1.5673579746562607,0.9403369426727296,0.9403369426727296,0.1255213390486239,MC38,0.4268518680238196,-0.556742539009512,Hypoxic,1.0284093595050194,0.17655476724118344,0.3527074074426095,0.47073782531620706
TGGTAGCTCGCGCTAG_E15S,E15S,Tumor Proliferating,entering_hypoxia,-0.4218705983281183,1.0135760231605773,1.42577202399574,0.935130536556244,0.935130536556244,0.0329647847745658,MC38,-0.4218705983281183,1.0135760231605773,Saddle / ICS,1.0448598934162914,0.21161315156340418,0.47739598701428343,0.3109908614223123
AATCCCAAGTAAGGAC_E15S,E15S,Tumor Proliferating,persistent_hypoxia,0.7263043811644533,-0.346577753886492,1.4438569582235292,0.933805286884308,0.933805286884308,0.0076256397938173,MC38,0.7263043811644533,-0.346577753886492,Hypoxic,0.9533837812501295,0.11401248486966747,0.3602163502992182,0.5257711648311143
ATGTTAGCATGCGTCT_E15S,E15S,Tumor Proliferating,exiting_hypoxia,0.5165384111114247,-0.5024688369481003,2.681261621246642,0.9378847479820251,0.9378847479820251,0.0649383023476837,MC38,0.5165384111114247,-0.5024688369481003,Hypoxic,1.0086636772244606,0.15703526495983416,0.3555515923169556,0.4874131427232103
CTGGCCAAGATTGCAT_E15S,E15S,Tumor,entering_hypoxia,-0.4586075231025893,1.034855307562469,1.288629559151565,0.9342142939567566,0.9342142939567566,0.0504445211302456,MC38,-0.4586075231025893,1.034855307562469,Saddle / ICS,1.043855172530822,0.2115984386553511,0.4796945499654776,0.30870701137917117
GTAATCCGTTAGGTCT_E15S,E15S,Tumor Proliferating,transitional,0.1563622357503118,0.0193460134939275,1.900077426529197,0.9433552026748656,0.9433552026748656,0.0599846399201256,MC38,0.1563622357503118,0.0193460134939275,Saddle / ICS,1.0793947984593244,0.24390680748374097,0.38738312123561125,0.3687100712806478
ATGCATTAGGAGGCAC_E15S,E15S,Tumor Proliferating,exiting_hypoxia,-0.0691353100834925,-0.5089228250555003,2.827307876366132,0.9376614093780518,0.9376614093780518,0.1734634879445725,MC38,-0.0691353100834925,-0.5089228250555003,Hypoxic,1.096690010226319,0.3050278888693091,0.34182070177287777,0.35315140935781314
CGTAATGTCATCAGTG_E15S,E15S,Tumor Proliferating,exiting_hypoxia,0.0054035565032112,-0.8908836691331143,1.7613669268479657,0.941171169281006,0.941171169281006,0.0607466866557502,MC38,0.0054035565032112,-0.8908836691331143,Hypoxic,1.0785941579490648,0.2543397821413442,0.3283848132677352,0.4172754045909206
CCACATAAGCTTAGAT_E15S,E15S,Tumor Proliferating,exiting_hypoxia,0.3043485690418911,-0.5868716865269201,1.4749509031987285,0.9380332827568054,0.9380332827568054,0.0269113656480605,MC38,0.3043485690418911,-0.5868716865269201,Hypoxic,1.0532405426319102,0.20574008241801828,0.3502114327672662,0.44404848481471554
CGTTTAAGTAATGTGG_E15S,E15S,Tumor Proliferating,persistent_hypoxia,0.3203251283747173,0.1025345766101347,1.6171399432591111,0.9428642392158508,0.9428642392158508,0.0264835100401948,MC38,0.3203251283747173,0.1025345766101347,Hypoxic,1.0534882972722046,0.19796464591270377,0.39921630253140705,0.40281905155588915
TCAACATAGGCTCTCC_E15S,E15S,Tumor Proliferating,exiting_hypoxia,0.0024743415800234,-0.5567282230210613,1.835220715574928,0.9516084790229796,0.9516084790229796,0.1563932302016314,MC38,0.0024743415800234,-0.5567282230210613,Hypoxic,1.0925443938271429,0.28474639688482667,0.3428341470436729,0.37241945607150045
CTAGTCAAGCAGGTGA_E15S,E15S,Tumor,exiting_hypoxia,1.0511474526926623,-0.5955966719429099,-0.0246331013649829,0.9423156976699828,0.9423156976699828,0.2491153815828916,MC38,1.0511474526926623,-0.5955966719429099,Hypoxic,0.8174961338154796,0.056245871942480416,0.3149788318772432,0.6287752961802764
TACCTGTTCCAGAGGA_E15S,E15S,Tumor Proliferating,entering_hypoxia,0.0279466077449569,0.8927885029402491,1.5373984115848944,0.941250503063202,0.941250503063202,0.0217866179180767,MC38,0.0279466077449569,0.8927885029402491,Saddle / ICS,1.020999489428211,0.16602816357976774,0.46936860651067275,0.36460322990955957
CATATTGGTGAGCCCT_E15S,E15S,Tumor Proliferating,persistent_hypoxia,1.2737680257516892,-0.3013732651418068,0.3533810273653537,0.9343374371528624,0.9343374371528624,0.0375410420896251,MC38,1.2737680257516892,-0.3013732651418068,Hypoxic,0.7600041577550434,0.03524046000177073,0.31236638325159904,0.6523931567466302
AACGCTTGTATGGGTA_E15S,E15S,Tumor Proliferating,exiting_hypoxia,1.15202769696698,-0.4284795002622344,1.507447528267578,0.945232093334198,0.945232093334198,0.0831292286797745,MC38,1.15202769696698,-0.4284795002622344,Hypoxic,0.7952483354288615,0.04666744938243928,0.3175689918657116,0.6357635587518492
ACTCCCGCATCCTCGG_E15S,E15S,Tumor,entering_deep_hypoxia,1.533764353872832,0.8584088298420517,1.0634108963471882,0.9353538751602172,0.9353538751602172,0.0511034931119978,MC38,1.533764353872832,0.8584088298420517,Hypoxic,0.6841686032649359,0.009628826733133223,0.3293960567426223,0.6609751165242445
CTGATTTCATTAACTC_E15S,E15S,Tumor Proliferating,transitional,-0.1021956491881763,-0.3377882163015612,2.707772949137175,0.9382143020629884,0.9382143020629884,0.0525730536789464,MC38,-0.1021956491881763,-0.3377882163015612,Saddle / ICS,1.0978880514249023,0.31801813842076665,0.3490883267951516,0.33289353478408173
GTATTCCTCGAGTCTA_E15S,E15S,Tumor Proliferating,transitional,-0.0627936454472385,0.2487483313155141,2.217849980854875,0.9368661642074584,0.9368661642074584,0.028711652393479,MC38,-0.0627936454472385,0.2487483313155141,Saddle / ICS,1.0878274742252585,0.2781037568192315,0.3974926376564332,0.3244036055243353
TAAACGAAGGGCTCTG_E15S,E15S,Tumor Proliferating,exiting_hypoxia,0.1736499571178724,-0.6155021935943559,1.1244682034503155,0.9280702471733092,0.9280702471733092,0.0338988481768261,MC38,0.1736499571178724,-0.6155021935943559,Hypoxic,1.0734582077250432,0.23754642312548638,0.3459471475022668,0.4165064293722468
ACATGCATCCGTTGCC_E15S,E15S,Tumor Proliferating,persistent_hypoxia,1.0529142772722817,-0.0597666987722584,2.162813372960552,0.940115213394165,0.940115213394165,0.0538141142979171,MC38,1.0529142772722817,-0.0597666987722584,Hypoxic,0.8476671215749394,0.05871098334340508,0.35603747555546683,0.5852515411011281
GTCTACTTCTCACTTA_E15S,E15S,Tumor Proliferating,exiting_hypoxia,-0.1919197448144515,-0.8601771788861956,1.6912059420967902,0.9322630763053894,0.9322630763053894,0.0068873075733808,MC38,-0.1919197448144515,-0.8601771788861956,Hypoxic,1.0948011506635968,0.3036333966777927,0.3231949073448622,0.3731716959773451
AACTGACCATAGATCA_E15S,E15S,Tumor Proliferating,exiting_hypoxia,0.2125705152532319,-1.112856634512048,3.2721176692889613,0.9394826292991638,0.9394826292991638,0.0696169921275051,MC38,0.2125705152532319,-1.112856634512048,Hypoxic,1.0178912005952352,0.1784377602594565,0.3192030603770399,0.5023591793635036
AGTATTCAGTTGGACC_E15S,E15S,Tumor Proliferating,transitional,-0.1886991266641456,-0.1055659535275403,1.5566691608262266,0.9409360289573668,0.9409360289573668,0.0487119232771611,MC38,-0.1886991266641456,-0.1055659535275403,Saddle / ICS,1.0964853426395482,0.33456790361824507,0.35928251009400536,0.3061495862877495
CGATGTCAGGGGTAAT_E15S,E15S,Tumor,exiting_hypoxia,0.5767124608210595,-1.0060379892016442,1.3983086868277963,0.9425455331802368,0.9425455331802368,0.1422716601672758,MC38,0.5767124608210595,-1.0060379892016442,Hypoxic,0.9322922053610945,0.114043086939664,0.3163760927933754,0.5695808202669606
CTAAACCGTGAACTAG_E15S,E15S,Tumor Proliferating,exiting_hypoxia,-0.1523998506017161,-0.5617946172546665,1.4918438271241834,0.938331663608551,0.938331663608551,0.0378230139929722,MC38,-0.1523998506017161,-0.5617946172546665,Hypoxic,1.0982933337515342,0.32219026041769383,0.3353171779862087,0.34249256159609753
GGCTGACCATGAGCCA_E15S,E15S,Tumor Proliferating,persistent_hypoxia,2.169148774213322,0.0666227270208954,1.7808930533717997,0.9532288908958436,0.9532288908958436,0.0784302020279474,MC38,2.169148774213322,0.0666227270208954,Hypoxic,0.5117282652880548,0.0021169558371728443,0.19759080984642624,0.8002922343164008
CGGATTCAGTTAGCGC_E15S,E15S,Tumor Proliferating,persistent_hypoxia,0.5049181343319848,-0.1317702884446673,1.5072733327247938,0.9445512294769288,0.9445512294769288,0.0567677638299695,MC38,0.5049181343319848,-0.1317702884446673,Hypoxic,1.0209854222540105,0.16235745259481693,0.38233479693760486,0.45530775046757815
TGCAAATTCAAGTCCA_E15S,E15S,Tumor Proliferating,persistent_hypoxia,1.4608200469648178,0.0084743903558807,1.314282604628051,0.9635623693466188,0.9635623693466188,0.0828256319508937,MC38,1.4608200469648178,0.0084743903558807,Hypoxic,0.7107088565342308,0.020964009494031453,0.30706278123593506,0.6719732092700336
GGTCATATCAGGGCTT_E15S,E15S,Tumor Proliferating,exiting_hypoxia,0.7106803953384723,-0.9215858870258254,2.017775532567156,0.9363556504249572,0.9363556504249572,0.0180289860713574,MC38,0.7106803953384723,-0.9215858870258254,Hypoxic,0.9002225642271973,0.09552793212974521,0.31572947705576254,0.5887425908144922
CGAGTCACAACCAGTG_E15S,E15S,Tumor Proliferating,exiting_hypoxia,0.3260014655137856,-0.5964827047318833,1.1772233694344103,0.9301890730857848,0.9301890730857848,0.0277805929847279,MC38,0.3260014655137856,-0.5964827047318833,Hypoxic,1.0484127194255901,0.199747703765151,0.3498563058569142,0.4503959903779348
AACGATGGTAGCCAGG_E15S,E15S,Tumor Proliferating,transitional,-0.1020444936122466,-0.057106509944087,1.8080527576023608,0.9323774576187134,0.9323774576187134,0.0374108740271635,MC38,-0.1020444936122466,-0.057106509944087,Saddle / ICS,1.0958935159229397,0.3121178052341895,0.3680745803531349,0.3198076144126756
GTATTCCTCCAGGGAA_E15S,E15S,Tumor Proliferating,persistent_hypoxia,0.3526896348981833,-0.098185417303295,1.484240738780942,0.940419375896454,0.940419375896454,0.0294505171208608,MC38,0.3526896348981833,-0.098185417303295,Hypoxic,1.053536387630805,0.1989813736958289,0.38407587170968377,0.4169427545944873
GGGATTGAGGCACACT_E15S,E15S,Tumor,transitional,-0.3275400215308032,-0.3314753613425442,1.3506117517725342,0.9444026947021484,0.9444026947021484,0.1462235831212447,MC38,-0.3275400215308032,-0.3314753613425442,Normoxic,1.0943905515391799,0.3688806393919622,0.3367594340807523,0.2943599265272855
GGGTACGGTAGGCGAT_E15S,E15S,Tumor Proliferating,exiting_hypoxia,-0.1035022442283253,-0.663210243115518,1.520772254385125,0.9367203116416932,0.9367203116416932,0.0152901366865613,MC38,-0.1035022442283253,-0.663210243115518,Hypoxic,1.0959441028819834,0.30346002860618027,0.3334814854354232,0.36305848595839646
CTTGTGTTCCGTGCGA_E15S,E15S,Tumor Proliferating,persistent_hypoxia,0.8627254906742013,-0.2856493919055046,2.788007896094393,0.937351942062378,0.937351942062378,0.0533508769392809,MC38,0.8627254906742013,-0.2856493919055046,Hypoxic,0.9094473557630622,0.08871285226670267,0.3564723486546876,0.5548147990786096
GCTCAATGTGGGTACG_E15S,E15S,Tumor Proliferating,entering_deep_hypoxia,0.809898416236919,0.6680213015418857,2.2530470453527687,0.9377223253250122,0.9377223253250122,0.0168302261421045,MC38,0.809898416236919,0.6680213015418857,Hypoxic,0.8860932202804118,0.06577210268806916,0.4237739835805288,0.510453913731402
TAGGGTGAGAATCACT_E15S,E15S,Tumor Proliferating,persistent_hypoxia,0.8433340723289947,-0.3292318226373104,2.129789315408186,0.9439290165901184,0.9439290165901184,0.1785648566917401,MC38,0.8433340723289947,-0.3292318226373104,Hypoxic,0.9143900970877767,0.09190846653459385,0.3545463702632704,0.5535451632021358
TATCGCTTCACGGAAG_E15S,E15S,Tumor Proliferating,transitional,-0.0317786591384031,-0.1726710272737195,1.4727498426260726,0.9406552910804749,0.9406552910804749,0.0309901658903614,MC38,-0.0317786591384031,-0.1726710272737195,Saddle / ICS,1.0954792915109766,0.2994331139916664,0.3635144677765316,0.33705241823180193
CGGACTTAGCTTACAG_E15S,E15S,Tumor Proliferating,exiting_hypoxia,0.763819763762745,-0.8502358262436438,1.5386527349765735,0.9430883526802064,0.9430883526802064,0.0826630650253623,MC38,0.763819763762745,-0.8502358262436438,Hypoxic,0.8922635691132494,0.09038795504163313,0.3182089336224817,0.5914031113358852
ACCTACTTCCGCACTC_E15S,E15S,Tumor,entering_deep_hypoxia,0.8809683797712579,1.0763225710879551,0.1286732413279086,0.9333101511001588,0.9333101511001588,0.0959981311978197,MC38,0.8809683797712579,1.0763225710879551,Hypoxic,0.8196053732306968,0.036597856404723385,0.4319331087202442,0.5314690348750324
AACGATGGTGGCCATC_E15S,E15S,Tumor Proliferating,entering_hypoxia,0.263497115076814,0.5588781672195783,2.025039379604522,0.946711242198944,0.946711242198944,0.0810423849468935,MC38,0.263497115076814,0.5588781672195783,Saddle / ICS,1.0288573556832274,0.16878714800529684,0.43842391465812447,0.3927889373365786
AAGTCCATCCTGACGG_E15S,E15S,Tumor,persistent_hypoxia,0.9445501190487964,-0.3246799090654853,0.8047365390924577,0.9293156862258912,0.9293156862258912,0.0505696191456052,MC38,0.9445501190487964,-0.3246799090654853,Hypoxic,0.8784828518755063,0.07505714274391556,0.3469449521661158,0.5779979050899686
CTGAAAGGTTTGATTG_E15S,E15S,Tumor Proliferating,exiting_hypoxia,-0.0737884015387232,-0.8166095642465594,1.482825430965632,0.9366801977157592,0.9366801977157592,0.0278454816668511,MC38,-0.0737884015387232,-0.8166095642465594,Hypoxic,1.0898760206718023,0.28168273294729174,0.32885932820407465,0.3894579388486336
CCTAGCTCAACTGGCA_E15S,E15S,Tumor Proliferating,persistent_hypoxia,0.5017406217994632,-0.011979617624899,2.516178881902852,0.9380902647972108,0.9380902647972108,0.1112584916457507,MC38,0.5017406217994632,-0.011979617624899,Hypoxic,1.0197911586712203,0.15983794724417444,0.39135514153324485,0.44880691122258076
TGCCACCTCTGGCTGG_E15S,E15S,Tumor Proliferating,exiting_hypoxia,0.3863654178218573,-0.7175817604771547,1.4725972058585746,0.937735915184021,0.937735915184021,0.026972334738153,MC38,0.3863654178218573,-0.7175817604771547,Hypoxic,1.0260487577000406,0.17745170388576265,0.34234966811934714,0.4801986279948903
CGCTCCACAGGCAACC_E15S,E15S,Tumor Proliferating,transitional,-0.2191566448248178,-0.3495186214245546,1.196007197743656,0.9291176199913024,0.9291176199913024,0.0334999325329445,MC38,-0.2191566448248178,-0.3495186214245546,Normoxic,1.0976488250927214,0.3452782466570549,0.3418815106334429,0.31284024270950217
CAAATGAAGGGTGAAT_E15S,E15S,Tumor Proliferating,exiting_hypoxia,1.2824823546282125,-0.575178930486385,1.772204659296421,0.9348400831222534,0.9348400831222534,0.0102120714866694,MC38,1.2824823546282125,-0.575178930486385,Hypoxic,0.7337242075568702,0.032485858186452436,0.28957641520283517,0.6779377266107125
GGCATCACATCATCTG_E15S,E15S,Tumor Proliferating,exiting_hypoxia,0.4997312712547519,-0.5120573407884127,2.590139837159827,0.9408971667289734,0.9408971667289734,0.0881747659452876,MC38,0.4997312712547519,-0.5120573407884127,Hypoxic,1.012617411474134,0.16069031928159855,0.3551302076218657,0.48417947309653575
CTCAACGGTTTACTCT_E15S,E15S,Tumor Proliferating,entering_deep_hypoxia,2.213305095561036,1.0301015224836745,1.8284865881699977,0.9404956102371216,0.9404956102371216,0.0283341766841239,MC38,2.213305095561036,1.0301015224836745,Hypoxic,0.52467965556162,0.0008441274983338058,0.21312232193771757,0.7860335505639485
GCAAAGGTCCGCTGAG_E15S,E15S,Tumor Proliferating,exiting_hypoxia,0.3404325432048912,-0.778355845309525,1.893959426218665,0.9333429336547852,0.9333429336547852,0.0281185705769024,MC38,0.3404325432048912,-0.778355845309525,Hypoxic,1.031227276331769,0.1840501626923517,0.3386838329324603,0.47726600437518796
ACTCCCGCAGCACTAG_E15S,E15S,Tumor Proliferating,exiting_hypoxia,-0.0615949224633867,-0.5146373412407879,1.1750965092765198,0.9336070418357848,0.9336070418357848,0.1558625410156646,MC38,-0.0615949224633867,-0.5146373412407879,Hypoxic,1.096368147385698,0.30290095188619964,0.34191313812522545,0.35518590998857485
GGATAATGTTGCAGTT_E15S,E15S,Tumor Proliferating,persistent_hypoxia,2.101269343085328,-0.0012975559615617,1.4756528420729915,0.9494020938873292,0.9494020938873292,0.0892431336607269,MC38,2.101269343085328,-0.0012975559615617,Hypoxic,0.5257089453305528,0.002750477219084999,0.2050896825335056,0.7921598402474094
CTCCTTGAGTGATCTG_E15S,E15S,Tumor Proliferating,persistent_hypoxia,1.186632844227817,-0.1609523018583541,0.7134113964909254,0.9449384808540344,0.9449384808540344,0.0606407107424948,MC38,1.186632844227817,-0.1609523018583541,Hypoxic,0.7979711327665786,0.043679659142039216,0.3336465912792023,0.6226737495787584
TCATTAGGTCAACTGT_E15S,E15S,Tumor Proliferating,entering_hypoxia,-0.0706330708251997,0.8374916842577421,2.042293471268381,0.9383047819137572,0.9383047819137572,0.0701517235312912,MC38,-0.0706330708251997,0.8374916842577421,Saddle / ICS,1.0409490327329722,0.19232270076027547,0.46219950833732876,0.34547779090239583
AGGATCAGTTTCGAGT_E15S,E15S,Tumor Proliferating,persistent_hypoxia,0.787871148198882,-0.0995449596529813,1.339672846383673,0.9508599042892456,0.9508599042892456,0.132586146629036,MC38,0.787871148198882,-0.0995449596529813,Hypoxic,0.9384722381736297,0.10122884538291206,0.37525957792758985,0.5235115766894981
ATGCCAATCCATCGCC_E15S,E15S,Tumor Proliferating,exiting_hypoxia,0.3094205024423686,-0.8185416685558565,1.5256273376290714,0.9369789958000184,0.9369789958000184,0.0287469468289564,MC38,0.3094205024423686,-0.8185416685558565,Hypoxic,1.0342738948936256,0.18817636872856316,0.33627135240880257,0.4755522788626342
CACCTCGCATCCTCAA_E15S,E15S,Tumor Proliferating,transitional,-0.0713404924410907,-0.041421184868674,1.3290528328622628,0.931623101234436,0.931623101234436,0.029630520569002,MC38,-0.0713404924410907,-0.041421184868674,Saddle / ICS,1.0951114439335536,0.3039463570536816,0.3710730385994532,0.32498060434686515
TGGACTATCCAGAGGA_E15S,E15S,Tumor Proliferating,entering_hypoxia,0.2617884034065904,1.068958729461815,1.474270453132117,0.9457330107688904,0.9457330107688904,0.0222993535448798,MC38,0.2617884034065904,1.068958729461815,Saddle / ICS,0.9528546997865265,0.10433612040813348,0.48113890718661156,0.414524972405255
ACCTCCATCAATGGTT_E15S,E15S,Tumor Proliferating,entering_deep_hypoxia,0.3103587872864842,1.1056563832969266,1.322157716007959,0.9390074014663696,0.9390074014663696,0.0555504149135828,MC38,0.3103587872864842,1.1056563832969266,Saddle / ICS,0.9370469412742359,0.09344203793932432,0.4815233491453741,0.4250346129153016
CTTATAGGTCCATTAA_E15S,E15S,Tumor,persistent_hypoxia,2.152568362637634,-0.0807991799108995,1.8505474137533908,0.944570541381836,0.944570541381836,0.0976403109815828,MC38,2.152568362637634,-0.0807991799108995,Hypoxic,0.5071616929725469,0.0023135215817159487,0.1935350351299455,0.8041514432883385
TAAACCACACAGGGTC_E15S,E15S,Tumor Proliferating,transitional,-0.1786121477912893,-0.3636084563239865,1.7010449254827649,0.9473930597305298,0.9473930597305298,0.1164764781990605,MC38,-0.1786121477912893,-0.3636084563239865,Saddle / ICS,1.0982134949012763,0.33581313043372696,0.3433993122217436,0.3207875573445295
CGTAAACCATCACTAT_E15S,E15S,Tumor,exiting_hypoxia,2.809889061845245,-1.0395731436608489,-0.2582743799223868,0.9465128779411316,0.9465128779411316,0.07625277229491,MC38,2.809889061845245,-1.0395731436608489,Hypoxic,0.2647193826177342,0.00010512421968889901,0.07391866744219665,0.9259762083381144
GTTGTGATCACTCCTG_E15S,E15S,Tumor Proliferating,reverted_stable,-0.4393425929713519,-0.7926942968676866,1.5877708256242908,0.930825412273407,0.930825412273407,0.0192482363032415,MC38,-0.4393425929713519,-0.7926942968676866,Normoxic,1.096732066019535,0.3620834026530851,0.31514783518586204,0.3227687621610529
AGGAATGCATAAGCCG_E15S,E15S,Tumor Proliferating,exiting_hypoxia,0.7044855124341406,-0.619921730681529,1.585059237437724,0.9364700317382812,0.9364700317382812,0.0163022279556181,MC38,0.7044855124341406,-0.619921730681529,Hypoxic,0.9416486546781426,0.11189000401334727,0.3404624630441037,0.5476475329425491
CCTACCGCATGGTGCA_E15S,E15S,Tumor Proliferating,entering_hypoxia,-0.1033441428559566,1.270766135879442,1.588895734105982,0.9455645084381104,0.9455645084381104,0.0327022345312629,MC38,-0.1033441428559566,1.270766135879442,Saddle / ICS,0.9687498901975108,0.12179199008795202,0.5067338611287395,0.3714741487833084
TGCGATGCAAATTCGA_E15S,E15S,Tumor Proliferating,exiting_hypoxia,0.4735962952912547,-0.4810886632012409,1.6135698693815268,0.9436317086219788,0.9436317086219788,0.115033111622869,MC38,0.4735962952912547,-0.4810886632012409,Hypoxic,1.021130376872294,0.16796699188358447,0.3575683776455424,0.4744646304708732
ACTAAGGGTGCGGTTC_E15S,E15S,Tumor Proliferating,exiting_hypoxia,0.384393896834408,-0.7809410435157869,3.0276764910937968,0.9391456842422484,0.9391456842422484,0.0561576497929358,MC38,0.384393896834408,-0.7809410435157869,Hypoxic,1.0204424368383254,0.17334652571739756,0.33827663575253675,0.48837683853006575
GGAACCTTCGACCCGA_E15S,E15S,Tumor Proliferating,transitional,0.0669630346447795,-0.3098289620218015,2.6109986141208106,0.9397314190864564,0.9397314190864564,0.108480657127018,MC38,0.0669630346447795,-0.3098289620218015,Hypoxic,1.0908935210841701,0.27577226599131005,0.35950412583203356,0.3647236081766564
CGACCATAGCGGATAG_E15S,E15S,Tumor,persistent_hypoxia,1.102641162944573,0.4015027527698041,0.2913987281452846,0.9394919872283936,0.9394919872283936,0.0587571553904833,MC38,1.102641162944573,0.4015027527698041,Hypoxic,0.8211549135822589,0.043535793934787945,0.37876883485623225,0.5776953712089798
GGACGTAAGAACGATA_E15S,E15S,Tumor Proliferating,transitional,0.0440694456016209,-0.367855378664408,1.0291321848477426,0.930635154247284,0.930635154247284,0.0310750317832058,MC38,0.0440694456016209,-0.367855378664408,Hypoxic,1.092219660597223,0.2810417494622761,0.35488383835122156,0.3640744121865023
GTCAACATCAATGTGT_E15S,E15S,Tumor,transitional,0.1552917901647294,-0.1329417516215253,0.6733349434432316,0.932031273841858,0.932031273841858,0.0307817337394257,MC38,0.1552917901647294,-0.1329417516215253,Saddle / ICS,1.0824817314270097,0.2507145794846599,0.3755453699525124,0.37374005056282755
TCCCATTAGTCATACG_E15S,E15S,Tumor Proliferating,entering_deep_hypoxia,0.4399911368598045,0.4517298136402311,1.61868204439297,0.936142921447754,0.936142921447754,0.0562626418186992,MC38,0.4399911368598045,0.4517298136402311,Saddle / ICS,1.0050266971519923,0.14357316382014926,0.42858055404508677,0.427846282134764
GTTGGTTGTGAGGTTA_E15S,E15S,Tumor,exiting_hypoxia,2.4335833264790665,-1.5072093727025184,1.2628276456382903,0.9485009908676147,0.9485009908676147,0.0837954947046207,MC38,2.4335833264790665,-1.5072093727025184,Hypoxic,0.28938849303786823,0.00029612350850301484,0.08328173661118181,0.9164221398803152
TAAGGCTCAACTAGCG_E15S,E15S,Tumor Proliferating,transitional,-0.0431192589639668,0.24853373002164,1.6713359615775465,0.9331524968147278,0.9331524968147278,0.0379522407394725,MC38,-0.0431192589639668,0.24853373002164,Saddle / ICS,1.0868773276848416,0.27360867920456305,0.3984834076672264,0.3279079131282105
CCAGCTAGTTCCGTGA_E15S,E15S,Tumor Proliferating,exiting_hypoxia,-0.0345905071295171,-1.08167178882406,1.5146724416784334,0.9457962512969972,0.9457962512969972,0.1081602868825703,MC38,-0.0345905071295171,-1.08167178882406,Hypoxic,1.0669183914925393,0.23768135926632086,0.31994688542728084,0.44237175530639833
CTATAGGTCACTCGGG_E15S,E15S,Tumor Proliferating,persistent_hypoxia,1.150702150297103,-0.0121951955756202,2.373466912522061,0.9424800276756288,0.9424800276756288,0.0404365705587351,MC38,1.150702150297103,-0.0121951955756202,Hypoxic,0.8140048310169388,0.04652885940529926,0.348257626340622,0.6052135142540788
GCTCAATGTTCCTCGT_E15S,E15S,Tumor,entering_deep_hypoxia,1.2742180259348956,0.4850805157175661,0.6714149874284624,0.937451422214508,0.937451422214508,0.0735720710029592,MC38,1.2742180259348956,0.4850805157175661,Hypoxic,0.7658583385330704,0.027244103113937292,0.35959595189730154,0.6131599449887611
GGCTTCTCACCTTGGT_E15S,E15S,Tumor,persistent_hypoxia,1.392305673975286,0.3085743691124435,0.2566140894979017,0.9382020831108092,0.9382020831108092,0.0385891514985778,MC38,1.392305673975286,0.3085743691124435,Hypoxic,0.7350646170168796,0.022448334961997655,0.33388137106274046,0.6436702939752619
AGTTTCCTCCGTGATA_E15S,E15S,Tumor Proliferating,exiting_hypoxia,0.1920095676174398,-0.4820160314327719,0.994426462448665,0.9312039017677308,0.9312039017677308,0.0408436319787896,MC38,0.1920095676174398,-0.4820160314327719,Hypoxic,1.0758304928271079,0.23949985913124303,0.35402029958823517,0.4064798412805218
TCGTTAAGTTTACGAC_E15S,E15S,Tumor Proliferating,exiting_hypoxia,0.5981659089896422,-1.1891806590008929,1.8613240755455709,0.9324021339416504,0.9324021339416504,0.0222787459198138,MC38,0.5981659089896422,-1.1891806590008929,Hypoxic,0.8886324887440072,0.09500987539641935,0.2996798642524001,0.6053102603511806
GCGGATGGTGCGGTAG_E15S,E15S,Tumor,entering_hypoxia,-0.6374547593709463,0.9145197578097212,2.1480744432296754,0.9397324919700624,0.9397324919700624,0.084247431980173,MC38,-0.6374547593709463,0.9145197578097212,Saddle / ICS,1.0643288766934937,0.2594746760685408,0.45899108928528964,0.2815342346461696
TGAGCTTGTGCACGTC_E15S,E15S,Tumor Proliferating,exiting_hypoxia,0.4744584915149558,-0.4074429171648356,1.517649521663457,0.952476680278778,0.952476680278778,0.1564716255677063,MC38,0.4744584915149558,-0.4074429171648356,Hypoxic,1.024217990599697,0.16963894950082697,0.36267578539463136,0.4676852651045416
AGCTATGTCAGCTACA_E15S,E15S,Tumor Proliferating,persistent_hypoxia,0.5803889956617478,0.1822100898087764,1.6105270318833556,0.9391316175460817,0.9391316175460817,0.015274999288033,MC38,0.5803889956617478,0.1822100898087764,Hypoxic,0.991882034944175,0.1336211237991749,0.40482304596260016,0.461555830238225
AGTTATCAGTTGGGCT_E15S,E15S,Tumor Proliferating,persistent_hypoxia,0.8085618549011923,-0.1074872023998819,0.5520158128874398,0.9355602264404296,0.9355602264404296,0.0587139897514054,MC38,0.8085618549011923,-0.1074872023998819,Hypoxic,0.9316421790750253,0.09751116199928095,0.3734034840317594,0.5290853539689596
CTATGCTTCACTAGAT_E15S,E15S,Tumor Proliferating,exiting_hypoxia,1.3566319414739068,-0.8222814178442402,0.6309117713941601,0.9334466457366944,0.9334466457366944,0.0400507344420986,MC38,1.3566319414739068,-0.8222814178442402,Hypoxic,0.6763969890995841,0.023670070515271542,0.2585940080646546,0.7177359214200739
CTATTCGCAAACTATG_E15S,E15S,Tumor Proliferating,persistent_hypoxia,1.883635984025279,-0.2113028744940508,1.3941771914770935,0.9487378001213074,0.9487378001213074,0.0700037031850918,MC38,1.883635984025279,-0.2113028744940508,Hypoxic,0.571590403456588,0.005939805370438816,0.22792924875047452,0.7661309458790867
TCGTGGACAAGTGCGC_E15S,E15S,Tumor Proliferating,exiting_hypoxia,0.9770273619733764,-0.5907741537726716,1.6609032171509257,0.9324142932891846,0.9324142932891846,0.0176382185566775,MC38,0.9770273619733764,-0.5907741537726716,Hypoxic,0.845931345231488,0.06629886053246625,0.3227410059399104,0.6109601335276234
AAGGTTGGTGGCGTAG_E15S,E15S,Tumor Proliferating,transitional,-0.0216926383940715,-0.3829039400994709,2.2676478717500244,0.9319943189620972,0.9319943189620972,0.0394154443263887,MC38,-0.0216926383940715,-0.3829039400994709,Hypoxic,1.0956610188729,0.2974676710394552,0.3507860056059066,0.35174632335463824
AATTGTCAGCAATCCA_E15S,E15S,Tumor Proliferating,entering_deep_hypoxia,1.2668216549437026,0.9860449061506714,1.6052596168834994,0.9438508152961732,0.9438508152961732,0.0237398216978111,MC38,1.2668216549437026,0.9860449061506714,Hypoxic,0.7398520753967441,0.016982694651150335,0.3756368912219775,0.6073804141268722
GTGTGGCCAATTAGCA_E15S,E15S,Tumor Proliferating,exiting_hypoxia,1.3309436973825213,-0.4515494150341404,1.092422044711476,0.931082546710968,0.931082546710968,0.0033576195225303,MC38,1.3309436973825213,-0.4515494150341404,Hypoxic,0.7283319016699232,0.029728427507789975,0.29325583764650803,0.6770157348457021
TCTATTGTCAGTAGGG_E15S,E15S,Tumor Proliferating,exiting_hypoxia,-0.0237049141534556,-0.5222292952731844,1.663069923021865,0.9292027354240416,0.9292027354240416,0.0047734659162189,MC38,-0.0237049141534556,-0.5222292952731844,Hypoxic,1.094607535381916,0.2931318797321938,0.3433411688200376,0.3635269514477686
CACTACAAGGAACCCT_E15S,E15S,Tumor Proliferating,transitional,0.175649721294428,-0.3866805017316808,2.849093305887559,0.9365732073783876,0.9365732073783876,0.0645593227393329,MC38,0.175649721294428,-0.3866805017316808,Hypoxic,1.079941226198679,0.24652694582295684,0.3592296347584255,0.3942434194186177
CGAAACCTCTAATGCG_E15S,E15S,Tumor Proliferating,exiting_hypoxia,1.994362968516836,-0.739413670571017,1.6655110205501014,0.9411078095436096,0.9411078095436096,0.0190855220246007,MC38,1.994362968516836,-0.739413670571017,Hypoxic,0.49049548157891865,0.0034690736112704236,0.1778153464548366,0.818715579933893
CTAAGGTCATTAGTAG_E15S,E15S,Tumor Proliferating,entering_deep_hypoxia,2.346840632012379,0.6481577525842734,1.6395924242784616,0.9491305351257324,0.9491305351257324,0.050747022690584,MC38,2.346840632012379,0.6481577525842734,Hypoxic,0.48856527745788303,0.0007739332284788543,0.18738427182876188,0.8118417949427592
TGGTTCCCATGATTGA_E15S,E15S,Tumor Proliferating,persistent_hypoxia,1.7411138373775046,0.1407601415087249,0.472200568313444,0.934277892112732,0.934277892112732,0.0538318383122123,MC38,1.7411138373775046,0.1407601415087249,Hypoxic,0.6309146806416259,0.0088327157367002,0.26988199418416764,0.7212852900791321
CGTTGAATCCCGCGTT_E15S,E15S,Tumor Proliferating,transitional,0.1976033837135591,-0.2858314033379212,1.4469132369026698,0.9384182691574096,0.9384182691574096,0.0163708558951262,MC38,0.1976033837135591,-0.2858314033379212,Hypoxic,1.0782826512831034,0.24182509837098845,0.3664898843725024,0.39168501725650917
TCACGAATCCGCAACG_E15S,E15S,Tumor,persistent_hypoxia,0.7610498065739385,-0.2915656853953989,0.4590257372331838,0.937487244606018,0.937487244606018,0.1082180659242315,MC38,0.7610498065739385,-0.2915656853953989,Hypoxic,0.9440357717098431,0.10746338240723764,0.36254046821301866,0.5299961493797437
ACAAGGTAGCTACGCG_E15S,E15S,Tumor Proliferating,transitional,0.1358102950309415,-0.3525773859900128,2.453256116668032,0.9338502287864684,0.9338502287864684,0.0574979022940527,MC38,0.1358102950309415,-0.3525773859900128,Hypoxic,1.0847403344914786,0.25750917253227473,0.3598388672939182,0.38265196017380704
TACACCTTCTGGCTAA_E15S,E15S,Tumor,entering_deep_hypoxia,0.7688166098760673,0.9861896522367242,1.4036634361586209,0.9394682049751282,0.9394682049751282,0.0514443348255135,MC38,0.7688166098760673,0.9861896522367242,Hypoxic,0.8573197998345286,0.0511377404192585,0.441894518828985,0.5069677407517565
TCAAAGCCATGGTTGG_E15S,E15S,Tumor,entering_deep_hypoxia,1.4346126293687913,0.4365788722463458,0.1181616623167678,0.9401522278785706,0.9401522278785706,0.0566354394303263,MC38,1.4346126293687913,0.4365788722463458,Hypoxic,0.7210152617022478,0.018521479257491962,0.33313827250982686,0.6483402482326812
ATGCCCAGTCTAGCTG_E15S,E15S,Tumor,exiting_hypoxia,1.1770391261847053,-0.6110572897504071,0.1551593175995932,0.9321709871292114,0.9321709871292114,0.1225414899311673,MC38,1.1770391261847053,-0.6110572897504071,Hypoxic,0.7685581677089404,0.04168291072703281,0.2996064843917389,0.6587106048812282
AGGTATGGTTCATCCC_E15S,E15S,Tumor,persistent_hypoxia,0.5214445374480575,0.0689233551284954,1.4969793437258585,0.9483550786972046,0.9483550786972046,0.1645095441923161,MC38,0.5214445374480575,0.0689233551284954,Hypoxic,1.0123447301592676,0.15206617982444118,0.3973302219301419,0.45060359824541685
GCTAAACCATAGGTCG_E15S,E15S,Tumor Proliferating,exiting_hypoxia,0.3389817739656214,-0.4092830176284802,0.91993708935162,0.9282240867614746,0.9282240867614746,0.042551276317522,MC38,0.3389817739656214,-0.4092830176284802,Hypoxic,1.0540392845853042,0.20355838825962996,0.3619512618869707,0.43449034985339924
CGACTGGTCCTGAGCG_E15S,E15S,Tumor Proliferating,persistent_hypoxia,0.6403890929443519,0.112775794767304,1.320890777613399,0.9386094212532043,0.9386094212532043,0.0695713096056541,MC38,0.6403890929443519,0.112775794767304,Hypoxic,0.9789008938824248,0.12443177646782778,0.3977849231909403,0.47778330034123195
CATCTCACAGTACCTC_E15S,E15S,Tumor,persistent_hypoxia,0.5706408384828823,-0.0639186318833315,1.9312327493789812,0.9274259209632874,0.9274259209632874,0.081985333159811,MC38,0.5706408384828823,-0.0639186318833315,Hypoxic,1.0033178189818335,0.14557909286816412,0.38650216925191583,0.46791873787992
AAATTCGCATAGGGCC_E15S,E15S,Tumor,exiting_hypoxia,0.4736347576708045,-1.0661984814041952,1.2621687042913428,0.9306291937828064,0.9306291937828064,0.0889602733113617,MC38,0.4736347576708045,-1.0661984814041952,Hypoxic,0.9548343987201215,0.12881400679216465,0.3161923709503906,0.5549936222574448
TGTGCGCGTAGCGGCA_E15S,E15S,Tumor Proliferating,transitional,0.2121231810562909,-0.1508510864212171,1.5414195683221457,0.9459702968597412,0.9459702968597412,0.1179186036163922,MC38,0.2121231810562909,-0.1508510864212171,Hypoxic,1.076137188001461,0.2364629410666209,0.3764250511440541,0.387112007789325
CAAGGCAAGGATGCCT_E15S,E15S,Tumor Proliferating,entering_deep_hypoxia,0.3343453417477339,0.8842058739180266,0.8964845710741385,0.937201738357544,0.937201738357544,0.0413772286055027,MC38,0.3343453417477339,0.8842058739180266,Saddle / ICS,0.9708809820737381,0.11637486499302563,0.4652196359815028,0.41840549902547175
GTCTCCATCTGGATAT_E15S,E15S,Tumor Proliferating,persistent_hypoxia,1.0487745724287207,-0.1780781694619623,0.5082033435242262,0.9340338110923768,0.9340338110923768,0.0466277332155198,MC38,1.0487745724287207,-0.1780781694619623,Hypoxic,0.8467334783919209,0.06009916485514407,0.34802702017425274,0.5918738149706032
CACACCCTCTATCAGG_E15S,E15S,Tumor Proliferating,persistent_hypoxia,0.6484440565770544,-0.380502453124138,1.0383790998471405,0.9273076057434082,0.9273076057434082,0.0506181741935281,MC38,0.6484440565770544,-0.380502453124138,Hypoxic,0.9766741281464583,0.1299271288213471,0.36099650766666735,0.5090763635119856
GTAAGGTAGTATGATC_E15S,E15S,Tumor Proliferating,exiting_hypoxia,0.3400977903803112,-0.8376521001020744,1.4740075427632582,0.9355452060699464,0.9355452060699464,0.0174811570189112,MC38,0.3400977903803112,-0.8376521001020744,Hypoxic,1.025178853162804,0.17919945390267733,0.33499377348624815,0.4858067726110745
CTCCTTGAGGTTAGTT_E15S,E15S,Tumor Proliferating,persistent_hypoxia,0.4122938675299446,0.3980713541353122,1.2455349995517613,0.9354477524757384,0.9354477524757384,0.0054854289302202,MC38,0.4122938675299446,0.3980713541353122,Saddle / ICS,1.0161271979938424,0.15414372180085073,0.4244748839482134,0.4213813942509358
CGAATCTGTCAGGGCA_E15S,E15S,Tumor,transitional,-0.2642346883545921,0.077605125210663,0.4679952787575513,0.9411441087722778,0.9411441087722778,0.1826425746537213,MC38,-0.2642346883545921,0.077605125210663,Saddle / ICS,1.0937887816640575,0.339430730506698,0.3698047094541897,0.29076456003911233
GGACAGGCATAAGCTA_E15S,E15S,Tumor Proliferating,exiting_hypoxia,1.1519254847309064,-0.7931376547457374,0.6090192435743775,0.9303832650184632,0.9303832650184632,0.0554095948768205,MC38,1.1519254847309064,-0.7931376547457374,Hypoxic,0.7548327932688972,0.04058150200229968,0.28661477484828196,0.6728037231494184
TCATGCAAGCATTACG_E15S,E15S,Tumor Proliferating,exiting_hypoxia,1.406023853215035,-0.7091975216304737,1.6734138224075263,0.9368784427642822,0.9368784427642822,0.0229551846730992,MC38,1.406023853215035,-0.7091975216304737,Hypoxic,0.6743201808750969,0.022087167648092168,0.26192609937123346,0.7159867329806744
TGCCTTTAGTGCCCAG_E15S,E15S,Tumor Proliferating,exiting_hypoxia,-0.24719439287731,-0.4249846743458367,2.347010966181148,0.9394515752792358,0.9394515752792358,0.0924564599175586,MC38,-0.24719439287731,-0.4249846743458367,Normoxic,1.0975909211734984,0.3499683647972883,0.336469665767304,0.31356196943540765
AAGCCGCCAATCAATG_E15S,E15S,Tumor Proliferating,entering_deep_hypoxia,0.5035230102493324,0.4791471826826802,1.3991937445569853,0.9378079771995544,0.9378079771995544,0.0246485587224926,MC38,0.5035230102493324,0.4791471826826802,Hypoxic,0.9875653325147142,0.12854295250828837,0.4294606055669694,0.44199644192474236
TGCATTTCATGATCCC_E15S,E15S,Tumor,exiting_hypoxia,0.4581635692006652,-1.8054969284807527,0.2219390683818149,0.947248876094818,0.947248876094818,0.1842204865854114,MC38,0.4581635692006652,-1.8054969284807527,Hypoxic,0.7604999427973342,0.056465129097919925,0.24789143373325156,0.6956434371688285
CCAGTTAAGAAGGATC_E15S,E15S,Tumor Proliferating,persistent_hypoxia,0.3283313265694123,-0.3094166798407629,3.123426296788792,0.9295187592506408,0.9295187592506408,0.166263264022267,MC38,0.3283313265694123,-0.3094166798407629,Hypoxic,1.0581450664865026,0.20770901256454571,0.368473000838427,0.42381798659702735
GCTGGATTCGTTAGGC_E15S,E15S,Tumor Proliferating,exiting_hypoxia,0.423993623230732,-1.2814348917625995,1.7641999946629354,0.932048797607422,0.932048797607422,0.0188891059054997,MC38,0.423993623230732,-1.2814348917625995,Hypoxic,0.9257229304307071,0.11584212266863837,0.30120045623000513,0.5829574211013565
ACGGGTAAGCTTACAG_E15S,E15S,Tumor Proliferating,exiting_hypoxia,0.489499007566952,-0.4165768876791746,1.1067019708117034,0.9284738302230836,0.9284738302230836,0.0346036655674177,MC38,0.489499007566952,-0.4165768876791746,Hypoxic,1.0200697004175545,0.16580342735418802,0.3619219912132435,0.47227458143256845
ACAGTTACACAAGCCA_E15S,E15S,Tumor,entering_hypoxia,0.198179757745261,0.8888169160963014,0.8103037057343053,0.9418622851371764,0.9418622851371764,0.0437440897555531,MC38,0.198179757745261,0.8888169160963014,Saddle / ICS,0.995485700111096,0.13794101986209484,0.46846951484077143,0.39358946529713373
TAACAGCCATGGTTCC_E15S,E15S,Tumor Proliferating,exiting_hypoxia,0.0714084587313174,-0.6081422225770537,1.6930138837432274,0.9291061162948608,0.9291061162948608,0.0362945256384373,MC38,0.0714084587313174,-0.6081422225770537,Hypoxic,1.085739185222936,0.26418296073805086,0.34307757245146075,0.39273946681048844
ACAACAGGTGCGGTAG_E15S,E15S,Tumor Proliferating,transitional,-0.1205424278815887,-0.0322239034400536,2.332179626747916,0.937224507331848,0.937224507331848,0.0677269715261136,MC38,-0.1205424278815887,-0.0322239034400536,Saddle / ICS,1.095802219097048,0.31514238988034005,0.36896502346278526,0.31589258665687475
CAAGGGGCAGGCATTG_E15S,E15S,Tumor,persistent_hypoxia,0.5203543549231608,-0.061559760394424,0.4521665571602902,0.9308597445487976,0.9308597445487976,0.0606738751937753,MC38,0.5203543549231608,-0.061559760394424,Hypoxic,1.0162964909293266,0.15706330676519054,0.38743833633759034,0.45549835689721924
TGCAATTAGTAAGGGT_E15S,E15S,Tumor Proliferating,entering_hypoxia,-0.0927550665144173,1.43063341338879,1.8483079490381285,0.9440173506736756,0.9440173506736756,0.025141891205222,MC38,-0.0927550665144173,1.43063341338879,Saddle / ICS,0.9325007772134037,0.09568754988710584,0.5186825653136129,0.3856298847992813
GCTTTGGGTAACGATG_E15S,E15S,Tumor Proliferating,exiting_hypoxia,0.3567190660104983,-0.6386753652382533,1.5398518494720308,0.9280827045440674,0.9280827045440674,0.0140056591569116,MC38,0.3567190660104983,-0.6386753652382533,Hypoxic,1.0391872006910576,0.1896998442264987,0.3474079691949273,0.46289218657857417
TCACAATAGGAGGTGC_E15S,E15S,Tumor Proliferating,persistent_hypoxia,0.3426583011819445,-0.1748880992710618,1.6349512644154562,0.9364380836486816,0.9364380836486816,0.0898251463432338,MC38,0.3426583011819445,-0.1748880992710618,Hypoxic,1.0561418703283834,0.20327943037308288,0.37822723648609236,0.41849333314082476
ATATGTCAGATACTGT_E15S,E15S,Tumor Proliferating,transitional,-0.0658990543607425,-0.3871090504442065,0.9638738434669696,0.9296255707740784,0.9296255707740784,0.0450199642719133,MC38,-0.0658990543607425,-0.3871090504442065,Saddle / ICS,1.0971759316735272,0.3083854081324962,0.3482652820029959,0.343349309864508
ACCACAATCGATGCAC_E15S,E15S,Tumor Proliferating,persistent_hypoxia,0.6370108283421172,-0.21638851925751,1.1883818716533017,0.9367921948432922,0.9367921948432922,0.0562285847234539,MC38,0.6370108283421172,-0.21638851925751,Hypoxic,0.9848653832686654,0.1331418281413679,0.37350746872559354,0.49335070313303847
CTTAGTAGTATGTGTC_E15S,E15S,Tumor Proliferating,exiting_hypoxia,-0.2858899788770706,-1.401258518170645,1.2049497644677234,0.9356033802032472,0.9356033802032472,0.1738886984576413,MC38,-0.2858899788770706,-1.401258518170645,Hypoxic,1.0565780331097074,0.22988562901406276,0.3059634636259014,0.4641509073600357
GCTTGTCCAAGGTACT_E15S,E15S,Tumor Proliferating,persistent_hypoxia,0.7481015814496726,0.2669577075665887,1.4782922238403997,0.9377007484436036,0.9377007484436036,0.0188327403067636,MC38,0.7481015814496726,0.2669577075665887,Hypoxic,0.9392286497119183,0.09696769910342119,0.40369472455901273,0.49933757633756615
GTTGCAATCGCGTTAA_E15S,E15S,Tumor Proliferating,exiting_hypoxia,0.2297334816791143,-0.4279160163626503,1.5658428101427206,0.9295232892036438,0.9295232892036438,0.0098602070942793,MC38,0.2297334816791143,-0.4279160163626503,Hypoxic,1.071977432176649,0.2314156546775652,0.35839968500558333,0.4101846603168515
TCAGGTTGTAGTGCCC_E15S,E15S,Tumor Proliferating,transitional,-0.0715480734003141,-0.0209792611115496,1.369369484987464,0.9335833191871644,0.9335833191871644,0.0513521782428759,MC38,-0.0715480734003141,-0.0209792611115496,Saddle / ICS,1.0948174238684398,0.30285707741926726,0.3726955393827821,0.3244473831979507
TCTCGATTCATCGAGC_E15S,E15S,Tumor Proliferating,exiting_hypoxia,0.6874996828783692,-1.0679070850670145,1.994005605780469,0.93351548910141,0.93351548910141,0.0191811013130379,MC38,0.6874996828783692,-1.0679070850670145,Hypoxic,0.8822335492466458,0.08978128842364765,0.30461600383247334,0.605602707743879
GTGGCAAAGGAATGCG_E15S,E15S,Tumor Proliferating,persistent_hypoxia,0.7155680605461869,-0.1155154990049767,1.425837979128692,0.9491614699363708,0.9491614699363708,0.106442034420624,MC38,0.7155680605461869,-0.1155154990049767,Hypoxic,0.9616153306686805,0.115538045056585,0.37791679249727694,0.5065451624461381
GTACGAAGTTTGGGCC_E15S,E15S,Tumor,persistent_hypoxia,1.0084914081270788,-0.351328341626275,1.2594755112873812,0.9266438484191896,0.9266438484191896,0.0333480192441726,MC38,1.0084914081270788,-0.351328341626275,Hypoxic,0.853667641216187,0.06538102299328273,0.3390034671441373,0.5956155098625799
CAACTAACATGCTCCG_E15S,E15S,Tumor Proliferating,entering_deep_hypoxia,0.5183378018950582,1.1137381799173085,1.8089435370675404,0.9412402510643004,0.9412402510643004,0.0311205039611008,MC38,0.5183378018950582,1.1137381799173085,Saddle / ICS,0.8939942870645232,0.06777538012787444,0.46922132491805185,0.46300329495407383
GGTTCAGCAACCAGCA_E15S,E15S,Tumor Proliferating,exiting_hypoxia,0.276491216004784,-1.2069360311216188,1.7122980592239512,0.939823567867279,0.939823567867279,0.0348886505701177,MC38,0.276491216004784,-1.2069360311216188,Hypoxic,0.985112284599676,0.15284383555150668,0.31207287281193113,0.5350832916365622
GGTATAGGTGATCAGA_E15S,E15S,Tumor Proliferating,exiting_hypoxia,1.5888748086957531,-1.354872967305423,-0.0438429904860332,0.9418025016784668,0.9418025016784668,0.0491755897568081,MC38,1.5888748086957531,-1.354872967305423,Hypoxic,0.5140628835898686,0.007385343460517069,0.1803544722831508,0.8122601842563322
GGGAACATCGTTCATC_E15S,E15S,Tumor Proliferating,persistent_hypoxia,0.4635852474686043,0.281923600887194,0.9603850238784724,0.9386633038520812,0.9386633038520812,0.052662215025083,MC38,0.4635852474686043,0.281923600887194,Hypoxic,1.0142236321998204,0.15245846068270816,0.41462643792111936,0.43291510139617245
ACTCCTTAGCCTATCT_E15S,E15S,Tumor Proliferating,transitional,0.1586138631975278,-0.4035636417095479,2.1813771155926505,0.9449757933616638,0.9449757933616638,0.1061941066078934,MC38,0.1586138631975278,-0.4035636417095479,Hypoxic,1.0816622142719348,0.25061498472870675,0.357581654963599,0.39180336030769425
GTAATGAAGCTAGTTG_E15S,E15S,Tumor Proliferating,persistent_hypoxia,0.3839781630885922,-0.0718321900108341,1.813947914448964,0.9415356516838074,0.9415356516838074,0.0566512213473677,MC38,0.3839781630885922,-0.0718321900108341,Hypoxic,1.0470976467344606,0.19033589459052253,0.38652232724771873,0.42314177816175874
GCGAATTCAAACCGGC_E15S,E15S,Tumor Proliferating,entering_hypoxia,-0.1517254145299098,1.1840913912989304,0.8234515213423323,0.938892126083374,0.938892126083374,0.0579645160529691,MC38,-0.1517254145299098,1.1840913912989304,Saddle / ICS,0.9922513180565632,0.142573036407353,0.49931124044589015,0.3581157231467569
AGTATGGGTTCCAGGC_E15S,E15S,Tumor Proliferating,exiting_hypoxia,-0.1887173514377516,-1.0548451253933158,1.5030212190013228,0.9361122250556946,0.9361122250556946,0.0152026390360474,MC38,-0.1887173514377516,-1.0548451253933158,Hypoxic,1.0852970487647724,0.2753204068670233,0.3177884048752248,0.40689118825775183
ATGCAGCTCCAGCAGT_E15S,E15S,Tumor,entering_deep_hypoxia,2.2710808657057355,0.7145691215179244,0.2592154037839217,0.9418317079544068,0.9418317079544068,0.0817456109119686,MC38,2.2710808657057355,0.7145691215179244,Hypoxic,0.5086052339196037,0.0009720284830339235,0.20051042366836894,0.7985175478485972
CTCGCGAAGCTACAGC_E15S,E15S,Tumor,transitional,-0.2805452177438671,0.1566901350556135,-0.0078645591915268,0.9338828921318054,0.9338828921318054,0.0675868607709593,MC38,-0.2805452177438671,0.1566901350556135,Saddle / ICS,1.0927640479647542,0.33545149833194504,0.3762535833726645,0.28829491829539045
TCCAAGGCAGGTAGTT_E15S,E15S,Tumor,exiting_hypoxia,2.067976537094333,-0.4789533200653884,0.4446119777053675,0.940688133239746,0.940688133239746,0.11957107524581,MC38,2.067976537094333,-0.4789533200653884,Hypoxic,0.4979112056759766,0.0030138224371203167,0.18441561198013934,0.8125705655827403
AGGAGCCAGTCAACCA_E15S,E15S,Tumor Proliferating,persistent_hypoxia,2.319073233774015,0.3481923128107148,1.5209429238028247,0.9524247646331788,0.9524247646331788,0.1204212399934606,MC38,2.319073233774015,0.3481923128107148,Hypoxic,0.4864555188690408,0.001072029452380637,0.1845829820859282,0.8143449884616912
ACGGGCTCAGCTCGAA_E15S,E15S,Tumor Proliferating,exiting_hypoxia,0.3900601113583221,-0.618278225007222,0.6147061669495685,0.9297142624855042,0.9297142624855042,0.0400679047306288,MC38,0.3900601113583221,-0.618278225007222,Hypoxic,1.0330700272380433,0.18260568879739095,0.3487450451466413,0.4686492660559678
TCACACAAGAATCGTT_E15S,E15S,Tumor Proliferating,persistent_hypoxia,1.0632344549704815,0.4046819439731584,0.4147492224477598,0.9328254461288452,0.9328254461288452,0.0324718843323682,MC38,1.0632344549704815,0.4046819439731584,Hypoxic,0.8331907411343958,0.047494853449091996,0.3836842328938994,0.5688209136570085
ATATCACAGTAGCTGC_E15S,E15S,Tumor Proliferating,exiting_hypoxia,0.3830684492812749,-0.8502252284778563,0.9315876722658564,0.9271034598350524,0.9271034598350524,0.0337545256252181,MC38,0.3830684492812749,-0.8502252284778563,Hypoxic,1.0131145832071273,0.16806383143007536,0.33378951859650285,0.49814664997342173
AAGGCCCCATAGATCA_E15S,E15S,Tumor,persistent_hypoxia,1.3326590422502227,0.010500997644096,2.708627576687107,0.9400705099105836,0.9400705099105836,0.0816032407621353,MC38,1.3326590422502227,0.010500997644096,Hypoxic,0.7524839652863957,0.029529912113101804,0.3259069049093388,0.6445631829775594
CGTAGTTGTGATCAAG_E15S,E15S,Tumor Proliferating,exiting_hypoxia,0.2752129531046658,-1.130029161377027,1.7518026768744304,0.9387460350990297,0.9387460350990297,0.0754730858572047,MC38,0.2752129531046658,-1.130029161377027,Hypoxic,0.9997859472045565,0.16278551923054319,0.317250240909146,0.5199642398603108
ATGGCTGCAATGCCGA_E15S,E15S,Tumor Proliferating,entering_deep_hypoxia,2.186221470700046,1.8042234479977024,0.9750991792131808,0.9429558515548706,0.9429558515548706,0.0879217399559249,MC38,2.186221470700046,1.8042234479977024,Hypoxic,0.5130733358537939,0.00024788828384109774,0.20764901137471903,0.7921031003414399
GTGAATCCAATCCGTC_E15S,E15S,Tumor Proliferating,entering_deep_hypoxia,1.603095392920237,0.8100403760435247,1.1906157638327002,0.946614146232605,0.946614146232605,0.0825832991146517,MC38,1.603095392920237,0.8100403760435247,Hypoxic,0.6691413077733801,0.008303517724280476,0.31658227331701005,0.6751142089587095
GTCATAACACCTCGTG_E15S,E15S,Tumor Proliferating,exiting_hypoxia,0.0233378494302621,-0.5514555159161579,2.8384324556816694,0.9366490840911864,0.9366490840911864,0.0510372359373679,MC38,0.0233378494302621,-0.5514555159161579,Hypoxic,1.0912409582635683,0.2797765017992436,0.3439894945972015,0.37623400360355497
ATAAGTGAGGGTATCC_E15S,E15S,Tumor Proliferating,exiting_hypoxia,0.964126977197508,-0.5330523986531999,0.7504330312281056,0.9433609247207642,0.9433609247207642,0.0522653283978734,MC38,0.964126977197508,-0.5330523986531999,Hypoxic,0.8564111752387351,0.06939204234643108,0.3287008590085421,0.6019070986450268
TGGGCAGGTGAGGACT_E15S,E15S,Tumor Proliferating,exiting_hypoxia,1.2006856060146631,-1.0045155072419722,1.0315494468182629,0.9343757033348083,0.9343757033348083,0.0434455853336951,MC38,1.2006856060146631,-1.0045155072419722,Hypoxic,0.7033040969641287,0.03110838856965367,0.2612143729650925,0.7076772384652538
CCTGCAAGTGAGGTGT_E15S,E15S,Tumor,exiting_hypoxia,0.0621565206357837,-0.4740910471128229,1.4313397826726657,0.9350491166114808,0.9350491166114808,0.1446368274712832,MC38,0.0621565206357837,-0.4740910471128229,Hypoxic,1.0897635536477908,0.273471478261355,0.3496706127961549,0.37685790894249016
AGCAAGGTCCGCGTAG_E15S,E15S,Tumor Proliferating,exiting_hypoxia,0.9932840277659692,-1.3858247037059523,1.8360851792586927,0.9372336864471436,0.9372336864471436,0.0386066673625645,MC38,0.9932840277659692,-1.3858247037059523,Hypoxic,0.6991217925085993,0.03486363683463412,0.24600932989023067,0.7191270332751352
GCTAAATTCCCCTGTA_E15S,E15S,Tumor Proliferating,persistent_hypoxia,0.6793813760219382,0.3172480876632703,0.9190720018598776,0.9304302930831908,0.9304302930831908,0.0431051990609059,MC38,0.6793813760219382,0.3172480876632703,Hypoxic,0.9558585656060221,0.10667554156768697,0.4109737323469057,0.48235072608540736
AATCAGCCATAGGCCA_E15S,E15S,Tumor,entering_deep_hypoxia,0.4131592914014605,1.3846377868821171,1.0167027525009718,0.9405067563056946,0.9405067563056946,0.0567126802221799,MC38,0.4131592914014605,1.3846377868821171,Saddle / ICS,0.8660547441725195,0.0543022681830204,0.48737340488458913,0.4583243269323905
AGCTTAGTCTATGAAC_E15S,E15S,Tumor Proliferating,entering_hypoxia,-0.2894921278721759,0.6623891126801561,1.4842944758995016,0.9452095627784728,0.9452095627784728,0.0473800582962882,MC38,-0.2894921278721759,0.6623891126801561,Saddle / ICS,1.0752186583032561,0.2627278578792397,0.43416426312135176,0.3031078789994086
TGCACTAAGGGTCTAC_E15S,E15S,Tumor,transitional,-0.1328958458012389,0.2433830690040714,0.5835580927563825,0.9327183961868286,0.9327183961868286,0.0477457453065061,MC38,-0.1328958458012389,0.2433830690040714,Saddle / ICS,1.0904955489743848,0.2945063345525477,0.3932147784468922,0.31227888700056006
GTATGGCTCCAACTGA_E15S,E15S,Tumor Proliferating,persistent_hypoxia,0.5897741466611068,0.2618345342442822,1.689614088999562,0.9362871646881104,0.9362871646881104,0.012943074825089,MC38,0.5897741466611068,0.2618345342442822,Hypoxic,0.9844598105902118,0.12718786198180243,0.4105464478043497,0.4622656902138479
GGTGACTTCGTACCAA_E15S,E15S,Tumor Proliferating,exiting_hypoxia,0.1494391090895014,-0.4982466233332455,2.744036004327636,0.9356467127799988,0.9356467127799988,0.0968625233139582,MC38,0.1494391090895014,-0.4982466233332455,Hypoxic,1.0807150783073292,0.24993144933199837,0.3517010455137798,0.39836750515422187
CGCCTGAAGCTACTCT_E15S,E15S,Tumor Proliferating,reverted_stable,-0.4730587901119944,-0.5230060006790969,1.036362358290566,0.9310342073440552,0.9310342073440552,0.0585912527435658,MC38,-0.4730587901119944,-0.5230060006790969,Normoxic,1.0904084787003288,0.3911180660442102,0.32082258772016675,0.288059346235623
CGACCTAGTTTACCGG_E15S,E15S,Tumor Proliferating,persistent_hypoxia,0.705087679692356,-0.1392998250998978,0.6773424754230195,0.936404287815094,0.936404287815094,0.0313336835523256,MC38,0.705087679692356,-0.1392998250998978,Hypoxic,0.9648515380706303,0.1180018715144404,0.3766342105617458,0.5053639179238139
AGCACGCCAATCATAG_E15S,E15S,Tumor Proliferating,exiting_hypoxia,0.0610851397947716,-0.8465485684511362,1.976968440085757,0.9484743475914,0.9484743475914,0.1812594617137794,MC38,0.0610851397947716,-0.8465485684511362,Hypoxic,1.0750603258441453,0.24599415176014805,0.3316545594808936,0.4223512887589583
TAGCCTGGTAGTCATC_E15S,E15S,Tumor Proliferating,entering_hypoxia,0.268700545899011,0.983316445545567,1.1080559013915112,0.9376166462898254,0.9376166462898254,0.0435136766047411,MC38,0.268700545899011,0.983316445545567,Saddle / ICS,0.9669213576293254,0.11420519276059711,0.47468066626558336,0.4111141409738195
CAGGCCATCTGGCTCC_E15S,E15S,Tumor Proliferating,normoxic_stable,-0.4496012547519484,-0.3710324198373698,1.6351265948224392,0.9394460916519164,0.9394460916519164,0.0529976094771829,MC38,-0.4496012547519484,-0.3710324198373698,Normoxic,1.0890786091341846,0.3921577576374207,0.3282463542485555,0.2795958881140238
GGTCACTAGTTAGGAA_E15S,E15S,Tumor Proliferating,exiting_hypoxia,0.0230691998495105,-0.9859611259206698,2.3741332710209155,0.9301986694335938,0.9301986694335938,0.17218457386272,MC38,0.0230691998495105,-0.9859611259206698,Hypoxic,1.0687394896341254,0.23818566153903456,0.32481738307302854,0.43699695538793687
AGTATTGCAGGCAGCT_E15S,E15S,Tumor Proliferating,exiting_hypoxia,-0.1523131768213423,-0.7242524084771165,1.6130397410764257,0.9327773451805116,0.9327773451805116,0.0164509292226745,MC38,-0.1523131768213423,-0.7242524084771165,Hypoxic,1.0965713563448638,0.30956096013483475,0.32909469538080893,0.3613443444843564
CTTGGCGAGCGCTACG_E15S,E15S,Tumor Proliferating,persistent_hypoxia,1.1890590340512568,0.218891943968227,0.5875645219281427,0.9329823851585388,0.9329823851585388,0.0360349672215705,MC38,1.1890590340512568,0.218891943968227,Hypoxic,0.7999943117147283,0.03928403326652842,0.35786211258480644,0.6028538541486651
TACCACGGTTAAGGAT_E15S,E15S,Tumor Proliferating,exiting_hypoxia,1.4039891948617107,-0.6722934080792048,0.6325752814443776,0.9352099895477296,0.9352099895477296,0.0388950184771478,MC38,1.4039891948617107,-0.6722934080792048,Hypoxic,0.6795628627800064,0.02261914568896373,0.26533847388336457,0.7120423804276718
TCAATCTCAGGTAGTT_E15S,E15S,Tumor,entering_hypoxia,-0.3506118402697107,0.7365134759847851,0.7673031778686159,0.942876398563385,0.942876398563385,0.064597494345119,MC38,-0.3506118402697107,0.7365134759847851,Saddle / ICS,1.0718780539572113,0.25889799900046045,0.44162120807833516,0.29948079292120433
CGCCATGAGGTAGTAA_E15S,E15S,Tumor Proliferating,transitional,-0.1147793635915919,-0.3386651613332057,2.662772953075211,0.9389902353286744,0.9389902353286744,0.0965460655909637,MC38,-0.1147793635915919,-0.3386651613332057,Saddle / ICS,1.0980388668212102,0.32104717898894264,0.3483436199326601,0.33060920107839714
CTGACCTCACCATAGG_E15S,E15S,Tumor Proliferating,persistent_hypoxia,2.070310832988886,-0.2861289221054479,0.4393428402751878,0.9466792345046996,0.9466792345046996,0.0526393080527378,MC38,2.070310832988886,-0.2861289221054479,Hypoxic,0.5141841922310885,0.0031130839852146984,0.19527663636744735,0.8016102796473379
TCAAAGGGTCATTCCC_E15S,E15S,Tumor Proliferating,exiting_hypoxia,-0.0484037113706787,-0.693204922301694,0.5889749980775638,0.93323016166687,0.93323016166687,0.0545938154888045,MC38,-0.0484037113706787,-0.693204922301694,Hypoxic,1.0924976309518415,0.28768210283916984,0.33459243019366747,0.3777254669671627
GGGGTAATCCTGGGAT_E15S,E15S,Tumor Proliferating,entering_deep_hypoxia,1.1155070703422876,0.549070022258995,0.8731186525886191,0.9319944977760316,0.9319944977760316,0.0261250294869309,MC38,1.1155070703422876,0.549070022258995,Hypoxic,0.8089469018202897,0.03806575436938412,0.3842974503910785,0.5776367952395374
AGCACTTGTAATCCAC_E15S,E15S,Tumor Proliferating,exiting_hypoxia,0.0282587390788286,-0.6454954209558854,1.331922445762714,0.9513947367668152,0.9513947367668152,0.1438912817536356,MC38,0.0282587390788286,-0.6454954209558854,Hypoxic,1.0884030800052797,0.2725089606261189,0.33967767572074037,0.3878133636531407
TCTGGGCGTAAGGGTC_E15S,E15S,Tumor Proliferating,transitional,-0.1469643595260029,-0.197253632500907,1.4347496452812882,0.9483799934387208,0.9483799934387208,0.1185879319998238,MC38,-0.1469643595260029,-0.197253632500907,Saddle / ICS,1.0974457400253934,0.32788217627157146,0.35527601301488,0.31684181071354867
ACCCTATTCTGTCAAG_E15S,E15S,Tumor Proliferating,transitional,0.1386582138924767,-0.1706827451084467,0.7641909085486241,0.929007887840271,0.929007887840271,0.0635104014312403,MC38,0.1386582138924767,-0.1706827451084467,Saddle / ICS,1.084525292097748,0.25597991124490815,0.37210640798559524,0.3719136807694967
ATTCCGCCAAGGGTCC_E15S,E15S,Tumor,exiting_hypoxia,-0.3213369144781813,-0.4361667801588926,1.3560861868073992,0.9255365133285522,0.9255365133285522,0.0400209105768452,MC38,-0.3213369144781813,-0.4361667801588926,Normoxic,1.0956341603612334,0.3655273965439857,0.33193233847141346,0.3025402649846008
ACAGCAAGTGGACCGA_E15S,E15S,Tumor Proliferating,transitional,0.1321800477096632,0.3509050319239705,1.4153097118989482,0.9509738087654114,0.9509738087654114,0.109746587383239,MC38,0.1321800477096632,0.3509050319239705,Saddle / ICS,1.0666705733095245,0.2217084130903768,0.4160518078917538,0.3622397790178694
AGGAGTTAGCTAGATT_E15S,E15S,Tumor Proliferating,exiting_hypoxia,-0.2849689047660275,-0.5748386784794797,1.8508184224622497,0.9529195427894592,0.9529195427894592,0.1475434344376543,MC38,-0.2849689047660275,-0.5748386784794797,Normoxic,1.0978615290640499,0.3511467883843981,0.32815733265169555,0.3206958789639065
CCCGATTCATCCCTGG_E15S,E15S,Tumor Proliferating,exiting_hypoxia,-0.1047403114766026,-0.5838593152396915,1.5933269148042342,0.9344326257705688,0.9344326257705688,0.0214602553295549,MC38,-0.1047403114766026,-0.5838593152396915,Hypoxic,1.0971068189699547,0.30950590943406436,0.3366927271339675,0.3538013634319682
GTGCATTGTCTCCAGA_E15S,E15S,Tumor,persistent_hypoxia,2.472759692223203,-0.364124588297769,0.5020835121781523,0.9356348514556884,0.9356348514556884,0.082011750149213,MC38,2.472759692223203,-0.364124588297769,Hypoxic,0.4035249313231646,0.0006643067678498044,0.1362501619189531,0.863085531313197
CACCGTTCATTAATCC_E15S,E15S,Tumor,exiting_hypoxia,0.0539850389169684,-0.4674946970703401,0.5924390297571965,0.935187578201294,0.935187578201294,0.1034309097073375,MC38,0.0539850389169684,-0.4674946970703401,Hypoxic,1.0904990336021243,0.2758175767387198,0.349678006350348,0.37450441691093217
TCTACGGGTGCGTGCT_E15S,E15S,Tumor Proliferating,entering_hypoxia,-0.1380644307343111,0.6327241528455545,1.3112336075989757,0.9331012964248656,0.9331012964248656,0.0420536970180707,MC38,-0.1380644307343111,0.6327241528455545,Saddle / ICS,1.06949671151327,0.24003508994864833,0.4363451578836131,0.32361975216773864
GCCCATTCAGGACTAT_E15S,E15S,Tumor Proliferating,transitional,0.0957286401525945,-0.2387631637952747,1.532289250752082,0.93081796169281,0.93081796169281,0.0394776758867522,MC38,0.0957286401525945,-0.2387631637952747,Hypoxic,1.088696369167216,0.2681726881203283,0.36546888807988603,0.3663584237997856
AATCTCCTCACCTGAA_E15S,E15S,Tumor,entering_deep_hypoxia,0.6308587791198876,0.8892231831794252,0.6619518380323972,0.930988073348999,0.930988073348999,0.0717417798582909,MC38,0.6308587791198876,0.8892231831794252,Hypoxic,0.9041094426558824,0.0733339462162096,0.4499743990552071,0.47669165472858344
GGTACGGGTTTGGGCC_E15S,E15S,Tumor Proliferating,entering_hypoxia,-0.2767825555356245,1.3833845754491652,1.571242010893425,0.9357762932777404,0.9357762932777404,0.0458619139090615,MC38,-0.2767825555356245,1.3833845754491652,Saddle / ICS,0.963559997865685,0.12115816539744921,0.5199265788820286,0.358915255720522
ACTGGTCAGCCTCTGC_E15S,E15S,Tumor Proliferating,exiting_hypoxia,0.8688959806937094,-0.5400841478594265,0.5655965212491866,0.9351823329925536,0.9351823329925536,0.0368709409801737,MC38,0.8688959806937094,-0.5400841478594265,Hypoxic,0.8909761832113563,0.08421770022776158,0.33617398521452413,0.5796083145577142
CCAGCCTTCATACTGG_E15S,E15S,Tumor,transitional,0.1928356370587104,-0.0807920897977884,0.2075966988952273,0.9316807389259338,0.9316807389259338,0.0770113632418307,MC38,0.1928356370587104,-0.0807920897977884,Saddle / ICS,1.077547786537242,0.23929984599642434,0.38093861723557987,0.37976153676799584
AGTAATGAGCCGATGT_E15S,E15S,Tumor Proliferating,exiting_hypoxia,1.3175263806652977,-0.6420875632147303,-0.003619459346786,0.9041363000869752,0.9041363000869752,0.1999564549201626,MC38,1.3175263806652977,-0.6420875632147303,Hypoxic,0.7136346458397611,0.02889366640571614,0.27940775489225184,0.691698578702032
ATGCGGTTCAGGTCAC_E15S,E15S,Tumor Proliferating,transitional,0.0756124115565767,-0.3756720995338614,0.7334159991929956,0.9324764609336852,0.9324764609336852,0.0404451320236553,MC38,0.0756124115565767,-0.3756720995338614,Hypoxic,1.0899111578019158,0.2727835952314413,0.35586996908519564,0.371346435683363
CCTGGTGAGTTGGCTA_E15S,E15S,Tumor Proliferating,exiting_hypoxia,0.2098226331423143,-0.496314391573693,0.9546425405738298,0.931067168712616,0.931067168712616,0.0408664928745078,MC38,0.2098226331423143,-0.496314391573693,Hypoxic,1.0729458070420115,0.23430847546485195,0.3536982917062006,0.4119932328289475
AAATGCAAGGAATGCG_E15S,E15S,Tumor Proliferating,persistent_hypoxia,1.1432079637869377,-0.229301143250639,0.5238971864167188,0.930112898349762,0.930112898349762,0.0349248411016013,MC38,1.1432079637869377,-0.229301143250639,Hypoxic,0.810774986020079,0.04855130529511255,0.33387469641436757,0.6175739982905198
CGAACATCAATCAGCG_E15S,E15S,Tumor Proliferating,persistent_hypoxia,0.8067467935061996,-0.0874812111581129,2.2365457603966976,0.9397159814834596,0.9397159814834596,0.0728059811688827,MC38,0.8067467935061996,-0.0874812111581129,Hypoxic,0.9322646285528622,0.09755789860395815,0.3749795198398711,0.5274625815561708
CTCGGATAGGTTGGTC_E15S,E15S,Tumor Proliferating,entering_deep_hypoxia,2.232979586243961,1.3747932701122856,1.6112591178305025,0.9521827697753906,0.9521827697753906,0.055627379255795,MC38,2.232979586243961,1.3747932701122856,Hypoxic,0.516046878709195,0.00047062004201649265,0.20858875052616732,0.7909406294318162
CCCGAACGTATGGATG_E15S,E15S,Tumor,normoxic_stable,-0.5425898823289951,-0.0878553954101422,1.2704213311766952,0.952248990535736,0.952248990535736,0.2004421809001339,MC38,-0.5425898823289951,-0.0878553954101422,Normoxic,1.0820476941070167,0.4028961167002614,0.340810620577758,0.25629326272198066
TCTACTATCGTCTCCA_E15S,E15S,Tumor Proliferating,entering_deep_hypoxia,0.3590987649981308,1.427922060209791,0.9478514034056104,0.9365625381469728,0.9365625381469728,0.042106165837141,MC38,0.3590987649981308,1.427922060209791,Saddle / ICS,0.8671341341752254,0.05500762086671331,0.49298275657122476,0.45200962256206206
CGGATCACATCCGCTG_E15S,E15S,Tumor Proliferating,exiting_hypoxia,1.2239524433008662,-0.9393388126557828,0.4694929019184957,0.9328814148902892,0.9328814148902892,0.0375193377256561,MC38,1.2239524433008662,-0.9393388126557828,Hypoxic,0.7058651561231365,0.030861500266544835,0.26458773688232123,0.7045507628511339
AGTGATTTCCCGCAAG_E15S,E15S,Tumor Proliferating,persistent_hypoxia,1.6585006463541196,-0.2627586458711923,0.2999122932104797,0.9385889768600464,0.9385889768600464,0.0419582152138224,MC38,1.6585006463541196,-0.2627586458711923,Hypoxic,0.6344540051079958,0.012117201150504435,0.2595666714812451,0.7283161273682505
GTAGTCATCAGCCCAG_E15S,E15S,Tumor Proliferating,transitional,-0.1549257544109922,0.1639525512145165,1.6576028138646546,0.9457117915153505,0.9457117915153505,0.055614995501957,MC38,-0.1549257544109922,0.1639525512145165,Saddle / ICS,1.0929253522361768,0.30776319932770785,0.38418853092024435,0.30804826975204774
GCATGGTTCATGCACA_E15S,E15S,Tumor,exiting_hypoxia,0.7337031055429509,-0.8248770586594573,1.3912436966521131,0.9277597665786744,0.9277597665786744,0.0312442056852187,MC38,0.7337031055429509,-0.8248770586594573,Hypoxic,0.9068429581407265,0.0969748358606706,0.3223486251005605,0.5806765390387689
TGACTCCCAGCTACTC_E15S,E15S,Tumor,exiting_hypoxia,0.6049930296474209,-0.865484304486653,-0.036558844181462,0.9413138031959534,0.9413138031959534,0.1132731444353075,MC38,0.6049930296474209,-0.865484304486653,Hypoxic,0.9453860251866033,0.11887358372032461,0.3261824453110429,0.5549439709686325
CCTAGCGAGGTCGTAC_E15S,E15S,Tumor,persistent_hypoxia,1.2198384528987145,0.3114481922749439,0.3068707616972485,0.9424111247062684,0.9424111247062684,0.051431417374114,MC38,1.2198384528987145,0.3114481922749439,Hypoxic,0.788045007709517,0.034813248562161184,0.35888928969174144,0.6062974617460973
CATTTCGCATCATCAT_E15S,E15S,Tumor Proliferating,persistent_hypoxia,0.3855987904709327,-0.3867135141184409,1.2966208487296826,0.9316993355751038,0.9316993355751038,0.0216996745602151,MC38,0.3855987904709327,-0.3867135141184409,Hypoxic,1.0453151611225315,0.19213088724293537,0.36399719940610525,0.44387191335095944
CTATATGGTTGCGTCA_E15S,E15S,Tumor Proliferating,entering_deep_hypoxia,0.9301081334329498,0.6565343624249165,0.5329668317828354,0.9367552399635316,0.9367552399635316,0.0380880847242341,MC38,0.9301081334329498,0.6565343624249165,Hypoxic,0.8537431195710639,0.05225763198122642,0.41127970963176025,0.5364626583870133
CGTTAATAGCCTTCCA_E15S,E15S,Tumor,entering_deep_hypoxia,1.3696106132287402,0.4817358691470144,0.2608543865895073,0.9392442107200624,0.9392442107200624,0.049951522065727,MC38,1.3696106132287402,0.4817358691470144,Hypoxic,0.7385109240396937,0.021359590089907596,0.3451486620664712,0.6334917478436213
GCGGCTATCATGTGCA_E15S,E15S,Tumor,persistent_hypoxia,2.5369381193820364,-0.0583004362284279,-0.0133955962711898,0.9410069584846495,0.9410069584846495,0.0950784811506114,MC38,2.5369381193820364,-0.0583004362284279,Hypoxic,0.4099240595651977,0.0005181528300241766,0.14033131439136814,0.8591505327786078
GGGCAATGTGAGGCTG_E15S,E15S,Tumor Proliferating,transitional,-0.010584007329645,0.0769302830359077,1.69433681570263,0.9447200298309326,0.9447200298309326,0.1671322389834778,MC38,-0.010584007329645,0.0769302830359077,Saddle / ICS,1.0906663929351106,0.28161895143456145,0.3842752722115706,0.334105776353868
TCTGCCATCTCACTCG_E15S,E15S,Tumor,entering_deep_hypoxia,0.4920762055619331,0.7411195933189587,0.5990292535725031,0.9379454255104064,0.9379454255104064,0.1004372966441889,MC38,0.4920762055619331,0.7411195933189587,Saddle / ICS,0.9584103592120585,0.10647336953452058,0.4491776054675646,0.44434902499791484
AACATCCGTCCCGTAA_E15S,E15S,Tumor Proliferating,exiting_hypoxia,0.6677982121094577,-0.6153146824063608,1.581862614189869,0.9286893606185912,0.9286893606185912,0.0103390248219839,MC38,0.6677982121094577,-0.6153146824063608,Hypoxic,0.9543583156118736,0.1194668162587624,0.34261126501263794,0.5379219187285996
TGCAATTAGGGGATTG_E15S,E15S,Tumor Proliferating,transitional,-0.1089494539529153,-0.1564071819392639,1.025583947640016,0.9318541884422302,0.9318541884422302,0.0443532074322337,MC38,-0.1089494539529153,-0.1564071819392639,Saddle / ICS,1.096984319172925,0.3178079615644318,0.36029559726295096,0.32189644117261734
CCTATAGAGAAGGATC_E15S,E15S,Tumor Proliferating,transitional,-0.1923249442294076,-0.2161118247534234,1.6102314193948997,0.9397012591362,0.9397012591362,0.0237909374373728,MC38,-0.1923249442294076,-0.2161118247534234,Saddle / ICS,1.0972410412546247,0.3387719369444449,0.3513776066141295,0.30985045644142567
TGCTCCATCGCATGGT_E15S,E15S,Tumor,transitional,-0.1695354709720972,-0.1688089617588732,1.1806543250578714,0.929840624332428,0.929840624332428,0.0797031932445599,MC38,-0.1695354709720972,-0.1688089617588732,Saddle / ICS,1.09714559543872,0.33242928100459507,0.35588940657582696,0.3116813124195779
ACGCGCATCGACTGCG_E15S,E15S,Tumor Proliferating,exiting_hypoxia,1.135799729283934,-0.6078016851924031,0.933678531297687,0.9299270510673524,0.9299270510673524,0.0288626879555095,MC38,1.135799729283934,-0.6078016851924031,Hypoxic,0.7843199975937277,0.04606383228950588,0.30468806104813445,0.6492481066623597
CTCACGAGTTCGCTAG_E15S,E15S,Tumor Proliferating,transitional,-0.3183274759873397,-0.1997551291373809,2.506779971349495,0.9368481636047364,0.9368481636047364,0.05952181803294,MC38,-0.3183274759873397,-0.1997551291373809,Normoxic,1.0937784905058263,0.36590530403396926,0.3450857987021147,0.28900889726391604
GTTAACTAGTTAGATC_E15S,E15S,Tumor,entering_deep_hypoxia,0.3948041462382796,1.3451294642566254,1.0821125889578658,0.9435538053512572,0.9435538053512572,0.0945977331876498,MC38,0.3948041462382796,1.3451294642566254,Saddle / ICS,0.8765531937040587,0.0593543761897435,0.48767074310224195,0.4529748807080145
GTGAAGGTCGACTAAT_E15S,E15S,Tumor Proliferating,persistent_hypoxia,0.5571435574264112,-0.1282287824869657,1.4943298407053445,0.9355916976928712,0.9355916976928712,0.0498623899493732,MC38,0.5571435574264112,-0.1282287824869657,Hypoxic,1.0075979658534606,0.15007053016314417,0.3819585523329453,0.4679709175039105
CAGTTTGAGGATCTCA_E15S,E15S,Tumor Proliferating,persistent_hypoxia,0.3208264862800032,-0.0210163435945037,1.9997630070455032,0.9327582716941832,0.9327582716941832,0.043057860786834,MC38,0.3208264862800032,-0.0210163435945037,Hypoxic,1.0576354727695287,0.2042611118222912,0.389364186719518,0.40637470145819077
CTCCTTGAGTCGAATT_E15S,E15S,Tumor Proliferating,exiting_hypoxia,0.0369180708697525,-0.4308802287700159,1.505919371952997,0.9318865537643432,0.9318865537643432,0.0627716896872395,MC38,0.0369180708697525,-0.4308802287700159,Hypoxic,1.092174699482583,0.2814125405728097,0.3509315960595383,0.367655863367652
ACCTGATGTAGGCCAG_E15S,E15S,Tumor Proliferating,persistent_hypoxia,0.5099100754372106,0.0848171957480956,0.2497033313697013,0.9352013468742372,0.9352013468742372,0.0401489076235771,MC38,0.5099100754372106,0.0848171957480956,Hypoxic,1.0145430788279508,0.1539564176759738,0.398687576569584,0.4473560057544423
GTCCATTTCGTACCAA_E15S,E15S,Tumor,exiting_hypoxia,-0.320085753653887,-1.038070208691407,0.3337144803314679,0.9373407959938048,0.9373407959938048,0.1243072685841806,MC38,-0.320085753653887,-1.038070208691407,Hypoxic,1.0936332102604325,0.30480060092261774,0.3146954490715587,0.3805039500058236
GCGCTCAAGTCAATCG_E15S,E15S,Tumor Proliferating,persistent_hypoxia,0.5752610435107717,-0.1638306827528076,1.813897186250437,0.9535948038101196,0.9535948038101196,0.1552034923084939,MC38,0.5752610435107717,-0.1638306827528076,Hypoxic,1.002799909832842,0.14647119223949126,0.378986990486808,0.4745418172737008
TGGGTCACAGGCAGGA_E15S,E15S,Tumor,exiting_hypoxia,1.978493620462014,-1.1118706530164033,0.0749654238780481,0.9471847414970398,0.9471847414970398,0.0999826831589617,MC38,1.978493620462014,-1.1118706530164033,Hypoxic,0.4469675743490856,0.002718763622299253,0.15344865342324912,0.8438325829544517
GTACGGGGTGGCTGTC_E15S,E15S,Tumor Proliferating,transitional,0.1061354763824384,-0.0051236763484488,1.557598883174967,0.9363222122192384,0.9363222122192384,0.0068218670436712,MC38,0.1061354763824384,-0.0051236763484488,Saddle / ICS,1.0848589696871815,0.25797601200105796,0.3832248406547565,0.35879914734418544
AAAGCTAAGCAGGTGA_E15S,E15S,Tumor Proliferating,persistent_hypoxia,1.038054283308419,-0.1141459739755173,1.4906753960189782,0.9370784759521484,0.9370784759521484,0.0590964381410809,MC38,1.038054283308419,-0.1141459739755173,Hypoxic,0.8521211312735122,0.06116857323174229,0.3537460279540265,0.5850853988142313
CACGAGGGTTATGTCA_E15S,E15S,Tumor Proliferating,exiting_hypoxia,-0.1777435343937834,-1.554896959531073,1.365116708723901,0.9348358511924744,0.9348358511924744,0.2953213665751265,MC38,-0.1777435343937834,-1.554896959531073,Hypoxic,1.009290381756863,0.1802531743629569,0.2984192565630596,0.5213275690739835
AATCGCATCCAGCTCC_E15S,E15S,Tumor Proliferating,persistent_hypoxia,0.7324023939710627,0.3669109678136961,1.823697572767603,0.9479787945747375,0.9479787945747375,0.0806007126349163,MC38,0.7324023939710627,0.3669109678136961,Hypoxic,0.9368152642523271,0.09456989487914806,0.41145104411455474,0.4939790610062972
TCGCATAAGGCGAAGC_E15S,E15S,Tumor Proliferating,persistent_hypoxia,0.5782401903997995,0.1442979874275754,1.3641370867922404,0.9367289543151855,0.9367289543151855,0.0102158454453157,MC38,0.5782401903997995,0.1442979874275754,Hypoxic,0.9944508920944477,0.13601603273049126,0.40201288412642067,0.46197108314308805
ATAGCGAGTCCATAGT_E15S,E15S,Tumor,exiting_hypoxia,1.4814177770784234,-0.9402415151069418,0.1976837241567721,0.9428931474685668,0.9428931474685668,0.1109881112859819,MC38,1.4814177770784234,-0.9402415151069418,Hypoxic,0.6166938947550338,0.015415127469533867,0.23157869426946168,0.7530061782610044
AAGGCCCCACTATCGC_E15S,E15S,Tumor Proliferating,exiting_hypoxia,1.3429889740526064,-0.6636769770327713,1.5963521926418394,0.9426743388175964,0.9426743388175964,0.0440795268357163,MC38,1.3429889740526064,-0.6636769770327713,Hypoxic,0.7020021754706531,0.026761653653242515,0.2742286619304423,0.6990096844163152
CCTCACGCACAGCGAC_E15S,E15S,Tumor Proliferating,persistent_hypoxia,0.8716574290912686,-0.237525199291768,2.0658663703301245,0.9491649270057678,0.9491649270057678,0.1360884437424499,MC38,0.8716574290912686,-0.237525199291768,Hypoxic,0.9079893883374387,0.08721658273744572,0.3594380921898139,0.5533453250727404
CAATTAGCAGGGCCAT_E15S,E15S,Tumor Proliferating,exiting_hypoxia,0.94247528537527,-0.6601597323394143,2.6066415117206256,0.9438347220420836,0.9438347220420836,0.0348582681755899,MC38,0.94247528537527,-0.6601597323394143,Hypoxic,0.8512918702432222,0.06950962862538004,0.3201045321545306,0.6103858392200894
TCTGCCTGTCAATTCA_E15S,E15S,Tumor,exiting_hypoxia,0.2961979958731325,-0.6180602504375711,1.1328162405955946,0.934124231338501,0.934124231338501,0.1558262385275457,MC38,0.2961979958731325,-0.6180602504375711,Hypoxic,1.0530196181351983,0.2060796494681179,0.3482184636793111,0.4457018868525709
CAGCACTAGGCGTACT_E15S,E15S,Tumor Proliferating,exiting_hypoxia,-0.0304527261673702,-1.0020942585504355,1.4285523593042415,0.9281165599822998,0.9281165599822998,0.01413752146593,MC38,-0.0304527261673702,-1.0020942585504355,Hypoxic,1.0740875617739507,0.24830529685277627,0.32314969125366294,0.42854501189356076
CTGAATGTCCGCGTGA_E15S,E15S,Tumor,exiting_hypoxia,-0.1696122102049846,-0.6931258338770133,0.3429391306092527,0.9333302974700928,0.9333302974700928,0.1082331327619385,MC38,-0.1696122102049846,-0.6931258338770133,Hypoxic,1.097514694595159,0.31640715734707947,0.32943293327403095,0.3541599093788895
GCGGGATAGGTGAGAT_E15S,E15S,Tumor Proliferating,exiting_hypoxia,0.9921901143851728,-0.5015055873137377,0.0554008422985292,0.9387117028236388,0.9387117028236388,0.0420485070138347,MC38,0.9921901143851728,-0.5015055873137377,Hypoxic,0.8487546806660136,0.06590916339936227,0.328646245402973,0.6054445911976647
GGCATGGGTGCGTGAG_E15S,E15S,Tumor Proliferating,exiting_hypoxia,0.6896857763676704,-0.5458974504604707,0.96694694164225,0.931222140789032,0.931222140789032,0.0432161103002412,MC38,0.6896857763676704,-0.5458974504604707,Hypoxic,0.9531765535812864,0.11743119149451206,0.34688934169200447,0.5356794668134833
CGTGAGAAGGATGTGG_E15S,E15S,Tumor,exiting_hypoxia,2.0063104499995887,-1.6871413433787958,1.1172647378225011,0.9541483521461488,0.9541483521461488,0.1098873976273864,MC38,2.0063104499995887,-1.6871413433787958,Hypoxic,0.35370904912016676,0.0011425558428463894,0.10925704660219804,0.8896003975549555
TCTATGCTCCGTAGAC_E15S,E15S,Tumor,transitional,-0.1118003259851285,-0.3145356251393854,0.210311467628102,0.9392051100730896,0.9392051100730896,0.2375427766036421,MC38,-0.1118003259851285,-0.3145356251393854,Saddle / ICS,1.097935642025474,0.32050846170657843,0.3499099894560814,0.3295815488373401
AAGCTAGGTTTCACGG_E15S,E15S,Tumor Proliferating,exiting_hypoxia,-0.1042791720962526,-0.5322954632754642,1.3402961037763474,0.9363763332366944,0.9363763332366944,0.1710346196056415,MC38,-0.1042791720962526,-0.5322954632754642,Hypoxic,1.0975492371914168,0.3124076614191796,0.33899671661165776,0.3485956219691626
CTGCATGGTTAAGGGC_E15S,E15S,Tumor Proliferating,exiting_hypoxia,1.1948545018921497,-0.7763789214555843,1.5668808266766818,0.9330508708953856,0.9330508708953856,0.0210190445764099,MC38,1.1948545018921497,-0.7763789214555843,Hypoxic,0.7412233729912077,0.036900776088899495,0.2830520498767233,0.6800471740343772
ACCCAGGTCGCGCATG_E15S,E15S,Tumor Proliferating,exiting_hypoxia,-0.1369684486091673,-1.0211753529873615,1.7145596648808434,0.929418683052063,0.929418683052063,0.0121697837888501,MC38,-0.1369684486091673,-1.0211753529873615,Hypoxic,1.0834522856448485,0.26938137639428594,0.3200709874770593,0.41054763612865475
CTAGAACCAATGCGTG_E15S,E15S,Tumor,entering_deep_hypoxia,2.5914533451188166,0.8971007421511429,-0.0497238431252049,0.9374866485595704,0.9374866485595704,0.0772167018203563,MC38,2.5914533451188166,0.8971007421511429,Hypoxic,0.43160407148930496,0.00022454381790728225,0.15396795744726133,0.8458074987348314
TAGTTTCCAATCCAGG_E15S,E15S,Tumor Proliferating,exiting_hypoxia,0.8039071648707841,-0.5826872466741211,1.0760662631436355,0.938402771949768,0.938402771949768,0.0853910587677245,MC38,0.8039071648707841,-0.5826872466741211,Hypoxic,0.910539617278608,0.09436263715371893,0.33745551557685116,0.5681818472694299
TGAGCGAAGGATGTGG_E15S,E15S,Tumor Proliferating,transitional,0.2245289681970992,-0.0950795474005726,0.4120220202502001,0.9340029358863832,0.9340029358863832,0.0559297425721679,MC38,0.2245289681970992,-0.0950795474005726,Hypoxic,1.0738129629960578,0.23164472929578303,0.380993662923448,0.38736160778076895
ATGAAACGTTGCCCAA_E15S,E15S,Tumor Proliferating,entering_hypoxia,-0.0053960539682293,0.7019708632766021,0.8136449918012307,0.9377096891403198,0.9377096891403198,0.0420719250207915,MC38,-0.0053960539682293,0.7019708632766021,Saddle / ICS,1.050701553686445,0.2030039305670446,0.44842887285105765,0.3485671965818979
GTCTACCCACTTCAAT_E15S,E15S,Tumor Proliferating,exiting_hypoxia,0.2411164907638001,-0.5323689494302305,0.7458203058956501,0.931373417377472,0.931373417377472,0.0237835618252667,MC38,0.2411164907638001,-0.5323689494302305,Hypoxic,1.0669394103841725,0.22464731183695177,0.35236155132432484,0.42299113683872347
CAGCTTGGTGCAACCC_E15S,E15S,Tumor,persistent_hypoxia,1.507926865379656,0.0110621403379048,0.0597671412213731,0.9400309324264526,0.9400309324264526,0.0474384256352093,MC38,1.507926865379656,0.0110621403379048,Hypoxic,0.695897809200552,0.018368617600834445,0.3000466010545231,0.6815847813446424
GTTAACTAGGAGCCAA_E15S,E15S,Tumor,exiting_hypoxia,0.99964384601509,-0.7661129557836402,-0.0278763893303891,0.9449942111968994,0.9449942111968994,0.2158067229569331,MC38,0.99964384601509,-0.7661129557836402,Hypoxic,0.8161587883109218,0.058496979097507076,0.30551462945275937,0.6359883914497335
TCTGGCTCACTTGCGT_E15S,E15S,Tumor,persistent_hypoxia,0.6329859210196527,-0.2129008707299416,1.08155362800946,0.9293605089187622,0.9293605089187622,0.0616402033694336,MC38,0.6329859210196527,-0.2129008707299416,Hypoxic,0.986096806089838,0.13400397375314463,0.3738910221375282,0.49210500410932706
CTAGAACCATCGGTGA_E15S,E15S,Tumor Proliferating,entering_deep_hypoxia,0.4546829703725181,1.1463488199224363,0.8820564393742722,0.9342702627182008,0.9342702627182008,0.0438513072784465,MC38,0.4546829703725181,1.1463488199224363,Saddle / ICS,0.9014317568578649,0.07182917844078757,0.4753242728249213,0.4528465487342911
GTCGGTTAGTTAGAGA_E15S,E15S,Tumor Proliferating,persistent_hypoxia,1.5318380123304245,-0.0512757826766278,1.524513587071063,0.9544357657432556,0.9544357657432556,0.130234358391635,MC38,1.5318380123304245,-0.0512757826766278,Hypoxic,0.6860572887424197,0.01738252072748902,0.2926057219525674,0.6900117573199435
GCAGGCTCATCAATCT_E15S,E15S,Tumor Proliferating,exiting_hypoxia,0.3201226481156232,-0.5823862812083879,0.4014411964870615,0.9332594275474548,0.9332594275474548,0.0563721570816371,MC38,0.3201226481156232,-0.5823862812083879,Hypoxic,1.0504034171499403,0.20197210465434126,0.35067045794197155,0.44735743740368705
TGGATGCTCACCATGA_E15S,E15S,Tumor Proliferating,persistent_hypoxia,0.5937232576304787,-0.3523328477394502,1.3465134144396695,0.9311346411705016,0.9311346411705016,0.0386986507758493,MC38,0.5937232576304787,-0.3523328477394502,Hypoxic,0.9941562430732819,0.14241725070225758,0.364745009563456,0.4928377397342863
CGTTTAAGTAATGAAC_E15S,E15S,Tumor,exiting_hypoxia,1.4399374451633729,-2.098843215698775,-0.0665130418186484,0.9419633746147156,0.9419633746147156,0.0858571093602825,MC38,1.4399374451633729,-2.098843215698775,Hypoxic,0.4035311931825704,0.003332553189327831,0.12752296800544252,0.8691444788052297
TCGTTAGAGTGACCAC_E15S,E15S,Tumor Proliferating,exiting_hypoxia,0.8038778873095038,-0.4892022932935221,1.424705879756143,0.9409762620925904,0.9409762620925904,0.0328559471626093,MC38,0.8038778873095038,-0.4892022932935221,Hypoxic,0.9185256928002501,0.09677531328378951,0.34484619710185915,0.5583784896143513
CGTCGTAGTGCAATTC_E15S,E15S,Tumor Proliferating,transitional,0.1444962383968799,-0.218524524580558,0.7350950531344995,0.9342442154884338,0.9342442154884338,0.0403982698876587,MC38,0.1444962383968799,-0.218524524580558,Hypoxic,1.084237293634109,0.2552938122477354,0.36899375631561615,0.3757124314366485
CTCATGGGTGAGGAGA_E15S,E15S,Tumor,exiting_hypoxia,-0.3626881684366462,-0.8749886191214183,0.1359626227409474,0.9402657747268676,0.9402657747268676,0.1482911432686616,MC38,-0.3626881684366462,-0.8749886191214183,Hypoxic,1.0979102750816976,0.33734877191210755,0.3164755254207347,0.34617570266715775
TCTCTCCTCCTTAGAG_E15S,E15S,Tumor Proliferating,entering_deep_hypoxia,1.4949679813932366,0.8996978181670601,1.7979683360367795,0.935987651348114,0.935987651348114,0.0202443554185165,MC38,1.4949679813932366,0.8996978181670601,Hypoxic,0.6917561894376492,0.010253831399206282,0.3367084430744814,0.6530377255263122
CAGTTTGAGTACCAAT_E15S,E15S,Tumor Proliferating,exiting_hypoxia,0.3787563245080314,-0.923466319953932,1.5768931734213578,0.9456579685211182,0.9456579685211182,0.14692524141296,MC38,0.3787563245080314,-0.923466319953932,Hypoxic,1.004945211388476,0.16251307995177924,0.32903043614837835,0.5084564838998424
AGTATGGGTGCGCCAT_E15S,E15S,Tumor,exiting_hypoxia,2.473580109468616,-2.2494625253671323,0.1246439816835947,0.9471034407615662,0.9471034407615662,0.1040354364969909,MC38,2.473580109468616,-2.2494625253671323,Hypoxic,0.19104297259413475,6.092406162515852e-05,0.047268866781732984,0.9526702091566418
CTTCTGGTCATATCCC_E15S,E15S,Tumor,persistent_hypoxia,1.1290408365263405,0.0048742725193945,0.7329158289121237,0.9417514204978944,0.9417514204978944,0.2724722092693996,MC38,1.1290408365263405,0.0048742725193945,Hypoxic,0.8216401602972516,0.04874594583182603,0.3519636753230513,0.5992903788451226
AGAGAGGGTTGGAGTA_E15S,E15S,Tumor Proliferating,exiting_hypoxia,0.8948449374019677,-0.5755759685086359,0.6415152714376929,0.933068871498108,0.933068871498108,0.064388525839377,MC38,0.8948449374019677,-0.5755759685086359,Hypoxic,0.8781240793962285,0.07909587976817382,0.3312354857341504,0.5896686344976757
GCTCTATTCCCATATC_E15S,E15S,Tumor,exiting_hypoxia,1.8079671255629928,-1.3446085254952262,-0.2290639178654817,0.938175082206726,0.938175082206726,0.1340991180229813,MC38,1.8079671255629928,-1.3446085254952262,Hypoxic,0.4561627698603644,0.003730799280154253,0.15554707335989992,0.8407221273599458
CCGCTTGCACCAGGGT_E15S,E15S,Tumor Proliferating,exiting_hypoxia,0.7133926157532191,-0.8714328068725681,0.4556731172650292,0.9323270320892334,0.9323270320892334,0.0520786199951112,MC38,0.7133926157532191,-0.8714328068725681,Hypoxic,0.9071925583243416,0.09802865607315535,0.31976875949702854,0.5822025844298161
GTGTGGCCATCCAACC_E15S,E15S,Tumor,exiting_hypoxia,0.4168717471667266,-1.5927969707619742,0.3588404659036252,0.9365100264549256,0.9365100264549256,0.2171336623899618,MC38,0.4168717471667266,-1.5927969707619742,Hypoxic,0.8432151987471828,0.0822988069267707,0.273288233513426,0.6444129595598033
CACCAACAGATAGCTT_E15S,E15S,Tumor Proliferating,persistent_hypoxia,0.497222219833397,-0.3306999816963517,0.4841542430083583,0.9308778047561646,0.9308778047561646,0.0603774598005057,MC38,0.497222219833397,-0.3306999816963517,Hypoxic,1.0209924327547844,0.1652363176224516,0.3679277453144822,0.4668359370630663
TAGCTCCCATGGTGCA_E15S,E15S,Tumor Proliferating,exiting_hypoxia,0.8034619070425554,-0.4274653259389376,1.686179302504563,0.946940302848816,0.946940302848816,0.1223189242278275,MC38,0.8034619070425554,-0.4274653259389376,Hypoxic,0.9229617853987864,0.09802177636921428,0.3496730621171686,0.5523051615136172
ATAGCCATCACTTGCT_E15S,E15S,Tumor,entering_deep_hypoxia,2.336573875697696,0.7196512586287073,0.2715798272287322,0.9447508454322816,0.9447508454322816,0.0678988433080977,MC38,2.336573875697696,0.7196512586287073,Hypoxic,0.4924993702862801,0.0007535005729114912,0.19018210480864953,0.8090643946184389
CGCCATAGTTCGGTTG_E15S,E15S,Tumor Proliferating,exiting_hypoxia,0.1286206663188308,-0.7232465350443553,1.538584176543102,0.9361881017684937,0.9361881017684937,0.0207348685259692,MC38,0.1286206663188308,-0.7232465350443553,Hypoxic,1.0740962823785503,0.24111743729251234,0.33915401948444074,0.4197285432230468
ATCCTCACAATGCCGA_E15S,E15S,Tumor,exiting_hypoxia,1.6840212459097152,-0.9038065154679096,-0.0385400232875396,0.9416943788528442,0.9416943788528442,0.1085445604097093,MC38,1.6840212459097152,-0.9038065154679096,Hypoxic,0.5583255191850152,0.00865153683929301,0.20750976663491927,0.7838386965257877
GGTGAATAGATACTCG_E15S,E15S,Tumor Proliferating,transitional,-0.1015351047092485,-0.4047417697035567,0.7114076587960213,0.930304765701294,0.930304765701294,0.042722904794819,MC38,-0.1015351047092485,-0.4047417697035567,Saddle / ICS,1.0979425698553154,0.3166966551576231,0.3454210072943577,0.33788233754801933
TGTAGCGCACTATGGG_E15S,E15S,Tumor Proliferating,entering_hypoxia,0.0281749625571234,0.4315614272227189,1.4067959536548127,0.9421167969703674,0.9421167969703674,0.0346215731788359,MC38,0.0281749625571234,0.4315614272227189,Saddle / ICS,1.0719722894775052,0.2355653368997212,0.4203338527092417,0.3441008103910371
CGTGGCTGTATAGCAG_E15S,E15S,Tumor Proliferating,normoxic_stable,-0.5914342172647125,-0.348881557860506,2.7394804852100987,0.9365190267562866,0.9365190267562866,0.0481883650936138,MC38,-0.5914342172647125,-0.348881557860506,Normoxic,1.080494797853955,0.41611080645781123,0.32263348553655535,0.26125570800563347
CCCGTAAGTCTTGACG_E15S,E15S,Tumor Proliferating,entering_hypoxia,0.1084962542378024,1.4973708568737816,0.9280278896474438,0.938974916934967,0.938974916934967,0.0620359682434967,MC38,0.1084962542378024,1.4973708568737816,Saddle / ICS,0.8913659903038242,0.06888942635513245,0.512724932236208,0.4183856414086596
GCCTAATGTGATGAAT_E15S,E15S,Tumor,entering_deep_hypoxia,1.1085801518306584,1.59753970753957,0.2285785800516055,0.9386364817619324,0.9386364817619324,0.0876632918072299,MC38,1.1085801518306584,1.59753970753957,Hypoxic,0.7222584077553187,0.009692891625301943,0.3990901914151366,0.5912169169595615
TCCCAAGGTCAAGTGA_E15S,E15S,Tumor Proliferating,exiting_hypoxia,1.6944054225270264,-1.1042560710223894,0.3426413722937176,0.9352130889892578,0.9352130889892578,0.0359019865968046,MC38,1.6944054225270264,-1.1042560710223894,Hypoxic,0.5257116155940581,0.007041553855712188,0.18935164743822402,0.8036067987060638
CAGGAACGTTTACGAC_E15S,E15S,Tumor Proliferating,persistent_hypoxia,1.3532180914191505,0.2382873293492013,1.4963839083602826,0.9340600967407228,0.9340600967407228,0.013022277753582,MC38,1.3532180914191505,0.2382873293492013,Hypoxic,0.7475250931881559,0.025798186006153977,0.33614998295883797,0.6380518310350081
GGATAGTAGGATGTGG_E15S,E15S,Tumor,normoxic_stable,-0.699253050411892,-0.2922218256305293,-0.0780661031593932,0.938327133655548,0.938327133655548,0.1491373198495245,MC38,-0.699253050411892,-0.2922218256305293,Normoxic,1.0731306158862401,0.4312069603471747,0.32121043137381117,0.24758260827901407
CGGCTCAAGGATGGCA_E15S,E15S,Tumor,persistent_hypoxia,1.345652779750132,-0.2684262395826252,-0.1502285777598447,0.9386715292930604,0.9386715292930604,0.1596620429542015,MC38,1.345652779750132,-0.2684262395826252,Hypoxic,0.736758586006355,0.029345179557784037,0.30516568342936934,0.6654891370128466
CCTTGGTCATGGAACT_E15S,E15S,Tumor Proliferating,transitional,-0.1521135252016323,-0.2043333487189496,1.3463984659969217,0.9314571619033812,0.9314571619033812,0.0324824798549891,MC38,-0.1521135252016323,-0.2043333487189496,Saddle / ICS,1.0974835665692073,0.32923881526737186,0.3545032469105868,0.3162579378220414
GTAAACGGTGAGGCAT_E15S,E15S,Tumor,persistent_hypoxia,1.7846947936511397,-0.0107348594686575,0.2505108436687772,0.9416687488555908,0.9416687488555908,0.0690157737340231,MC38,1.7846947936511397,-0.0107348594686575,Hypoxic,0.6121198173895904,0.008038427422821027,0.2549583859442181,0.7370031866329609
TGCACACAGTGGCTTA_E15S,E15S,Tumor,exiting_hypoxia,0.3550654886644427,-0.6744490919987248,0.2236782662512463,0.943125069141388,0.943125069141388,0.1257588431262637,MC38,0.3550654886644427,-0.6744490919987248,Hypoxic,1.0369216205686511,0.18792223017729873,0.3451546863257039,0.4669230834969974
GTCCTGCTCAGCCCGA_E15S,E15S,Tumor,reverted_stable,-0.8506057034673365,-0.5286393365931235,2.3456230234866564,0.9292726516723632,0.9292726516723632,0.154819083448631,MC38,-0.8506057034673365,-0.5286393365931235,Normoxic,1.0703621820575986,0.4418137316363587,0.30753544160323226,0.2506508267604092
GGCTTCCTCACATTGG_E15S,E15S,Tumor Proliferating,entering_deep_hypoxia,2.366796390599994,0.7745053469871375,2.2572730902111044,0.9384688138961792,0.9384688138961792,0.0402191288000078,MC38,2.366796390599994,0.7745053469871375,Hypoxic,0.4858869627647479,0.0006346299618791142,0.18623061466102406,0.8131347553770969
GCTAGGGGTTATCCGG_E15S,E15S,Tumor,exiting_hypoxia,1.1900785488791954,-0.9468262159190316,0.3089206130035262,0.933671772480011,0.933671772480011,0.1063757282443636,MC38,1.1900785488791954,-0.9468262159190316,Hypoxic,0.7169711949467306,0.03340538742126553,0.26795401459470763,0.6986405979840269
AGAGTAATCCATTGAG_E15S,E15S,Tumor Proliferating,entering_hypoxia,0.1817766228197071,0.5127715079900168,1.8211764235093408,0.9349164962768556,0.9349164962768556,0.0400596214676406,MC38,0.1817766228197071,0.5127715079900168,Saddle / ICS,1.0468089610752405,0.191594034900857,0.4330566657999223,0.37534929929922084
GTACGTTGTTAACCCG_E15S,E15S,Tumor Proliferating,persistent_hypoxia,0.4129937689805728,0.004306204566609,1.7772205193562047,0.9335469007492064,0.9335469007492064,0.04731185470104,MC38,0.4129937689805728,0.004306204566609,Hypoxic,1.0393675752716702,0.18038095993143272,0.39263804544536696,0.4269809946232004
TACAGGGAGATAGAGC_E15S,E15S,Tumor,exiting_hypoxia,1.1820529238026924,-0.7450768146061482,0.0260819431568297,0.9410299062728882,0.9410299062728882,0.0679470740175155,MC38,1.1820529238026924,-0.7450768146061482,Hypoxic,0.7502449337898827,0.03873337513631959,0.2873724817974876,0.6738941430661929
CACTTCACAAATGGAG_E15S,E15S,Tumor,entering_deep_hypoxia,0.9586326565220972,0.8914366671750171,0.5797408982497053,0.9392088055610656,0.9392088055610656,0.0516063029164126,MC38,0.9586326565220972,0.8914366671750171,Hypoxic,0.8223056890127065,0.038917071826773654,0.4172761605005171,0.5438067676727093
TCTGGTAAGGGTACGA_E15S,E15S,Tumor Proliferating,persistent_hypoxia,2.696444972262485,0.2854477306649907,0.1931213979080369,0.94458270072937,0.94458270072937,0.0466452613257103,MC38,2.696444972262485,0.2854477306649907,Hypoxic,0.38879223947167035,0.00023816727808555346,0.13011243454693613,0.8696493981749783
CATTTGAGTTGTGACT_E15S,E15S,Tumor Proliferating,entering_hypoxia,0.2434354311874108,1.1761099008000655,1.6379558562788517,0.9394100904464722,0.9394100904464722,0.0576690116215537,MC38,0.2434354311874108,1.1761099008000655,Saddle / ICS,0.9359005012375361,0.09338106851398459,0.48898907462056385,0.41762985686545145
CCATTAGAGGGCCATT_E15S,E15S,Tumor Proliferating,reverted_stable,-0.4638267566918036,-0.4313128358034402,1.5020194023570146,0.943201780319214,0.943201780319214,0.0511940906058338,MC38,-0.4638267566918036,-0.4313128358034402,Normoxic,1.0892097688501106,0.39331319598034403,0.3248111361490981,0.28187566787055784
TCTAGCTTCCAGGTGT_E15S,E15S,Tumor Proliferating,exiting_hypoxia,0.7550710744149969,-0.6150981264134637,0.5331131027646563,0.9307512640953064,0.9307512640953064,0.0529258684082795,MC38,0.7550710744149969,-0.6150981264134637,Hypoxic,0.9246789639850326,0.10229744042261184,0.3379980281349484,0.5597045314424398
CCTTTAATCAAGTGAA_E15S,E15S,Tumor Proliferating,transitional,-0.2739005532214562,0.0164843909227069,1.6082594279269355,0.933173894882202,0.933173894882202,0.0468459672708689,MC38,-0.2739005532214562,0.0164843909227069,Saddle / ICS,1.0940379176718698,0.3462474257773945,0.3638954825952127,0.28985709162739276
CACACCCTCTAATCGG_E15S,E15S,Tumor,exiting_hypoxia,1.6922199948989276,-0.8492758085815142,-0.0256988904110443,0.9450109004974364,0.9450109004974364,0.1211022996855079,MC38,1.6922199948989276,-0.8492758085815142,Hypoxic,0.5632873960280861,0.008772665477431926,0.21085916990605857,0.7803681646165095
TCGTCCATCCTGAAGC_E15S,E15S,Tumor,exiting_hypoxia,1.066706875396528,-0.542565371593347,0.4706689279795215,0.9302371740341188,0.9302371740341188,0.0795329645851358,MC38,1.066706875396528,-0.542565371593347,Hypoxic,0.8170378452839435,0.05526607042932612,0.31777157794172745,0.6269623516289463
ATCGAGGAGGATGGGC_E15S,E15S,Tumor,exiting_hypoxia,2.35763978756338,-0.9971908219360912,0.0242315938722412,0.938620388507843,0.938620388507843,0.1127791115485223,MC38,2.35763978756338,-0.9971908219360912,Hypoxic,0.36829241719395167,0.0007392653466612679,0.1176994163816956,0.8815613182716431
AGCGTAAGTAGGTCCC_E15S,E15S,Tumor,exiting_hypoxia,-0.3206619065790063,-0.9094557341773288,0.1771382369215505,0.9413059949874878,0.9413059949874878,0.1091833484637397,MC38,-0.3206619065790063,-0.9094557341773288,Hypoxic,1.0971823819699607,0.3243597499321888,0.31729441949057396,0.3583458305772373
CCACCTTGTGAAGTGC_E15S,E15S,Tumor Proliferating,exiting_hypoxia,1.3486121058318308,-0.7745962941304005,0.3439430673536277,0.9340589046478271,0.9340589046478271,0.0279407950090607,MC38,1.3486121058318308,-0.7745962941304005,Hypoxic,0.6858373411934028,0.02489096090161444,0.26387278730475483,0.7112362517936308
GGCTGTTAGGTACGCT_E15S,E15S,Tumor Proliferating,exiting_hypoxia,1.5824193656618464,-0.6440706559380894,1.253416089425217,0.9330011010169984,0.9330011010169984,0.0399873283273654,MC38,1.5824193656618464,-0.6440706559380894,Hypoxic,0.6232012886396178,0.013790249012991015,0.24281095708729397,0.743398793899715
TGCAGGTTCCTGATAG_E15S,E15S,Tumor Proliferating,exiting_hypoxia,0.2550063986574791,-0.8060456711350745,1.6695229404136445,0.9523743391036988,0.9523743391036988,0.1795205944439918,MC38,0.2550063986574791,-0.8060456711350745,Hypoxic,1.0469605857899815,0.20247523975841314,0.33683529603833495,0.4606894642032518
GCATTACGTTGACGGG_E15S,E15S,Tumor,entering_hypoxia,-0.3261913832010484,0.6314996246466716,1.3875241121278432,0.9312554001808168,0.9312554001808168,0.1126237090987353,MC38,-0.3261913832010484,0.6314996246466716,Saddle / ICS,1.0785331794521884,0.2748035886027835,0.4286862090633711,0.2965102023338454
TGTCACTTCCTTAGCT_E15S,E15S,Tumor Proliferating,normoxic_stable,-0.5437117415486663,0.0467110932985141,2.260658847269449,0.9383551478385924,0.9383551478385924,0.0505262100444783,MC38,-0.5437117415486663,0.0467110932985141,Normoxic,1.082743160076679,0.39384767202753124,0.3517401072138031,0.2544122207586658
GGCTGCATCGTTACCT_E15S,E15S,Tumor,normoxic_stable,-1.0819676261521516,-0.2364991748653933,1.980529834215247,0.9327946901321412,0.9327946901321412,0.1419589583758692,MC38,-1.0819676261521516,-0.2364991748653933,Normoxic,1.0551225694534305,0.4611618316240858,0.3171444153749629,0.22169375300095134
CAAATGAAGGCGTAAG_E15S,E15S,Tumor Proliferating,exiting_hypoxia,0.631965435355915,-0.5138250107178831,0.941648061369868,0.9352466464042664,0.9352466464042664,0.1095986601212432,MC38,0.631965435355915,-0.5138250107178831,Hypoxic,0.974152431284246,0.1305606673512518,0.35171084843247863,0.5177284842162696
GGGATCAAGCTACAGC_E15S,E15S,Tumor,exiting_hypoxia,0.6203674140976669,-0.7919085743562171,0.573377913452927,0.928030014038086,0.928030014038086,0.0400978767077769,MC38,0.6203674140976669,-0.7919085743562171,Hypoxic,0.950368177037018,0.12043334292599052,0.3312003987002029,0.5483662583738065
ACTTCGTTCCTGAATG_E15S,E15S,Tumor,persistent_hypoxia,1.862749346393338,-0.1510607933482249,0.7704483675223447,0.9412853717803956,0.9412853717803956,0.0822995896387757,MC38,1.862749346393338,-0.1510607933482249,Hypoxic,0.5816725974104835,0.006357246715583957,0.234694042843377,0.758948710441039
GGTTAAGGTTCACCAG_E15S,E15S,Tumor Proliferating,entering_deep_hypoxia,2.421310477764947,0.8111499718187747,1.6786039327518094,0.94266676902771,0.94266676902771,0.0421843091814654,MC38,2.421310477764947,0.8111499718187747,Hypoxic,0.4728968610892663,0.0004931465156541317,0.17826049596533,0.8212463575190159
CGCTGTTCAACTATGA_E15S,E15S,Tumor,entering_deep_hypoxia,0.8221710565517314,0.4931166200361221,0.3129236696729933,0.940413773059845,0.940413773059845,0.057241823277255,MC38,0.8221710565517314,0.4931166200361221,Hypoxic,0.8999378123751267,0.07381398341031839,0.4129500680490103,0.5132359485406712
TGTGCATGTCTAGTGT_E15S,E15S,Tumor Proliferating,transitional,0.1032498728265746,-0.3828353967980811,0.6762351842334942,0.9335365295410156,0.9335365295410156,0.0527141029191314,MC38,0.1032498728265746,-0.3828353967980811,Hypoxic,1.0875374017947863,0.26548763681854587,0.35664422107029825,0.3778681421111558
CGATCTAAGTGAGCGA_E15S,E15S,Tumor Proliferating,exiting_hypoxia,0.2388784270617711,-0.5378115130921229,0.6640271797691035,0.932440996170044,0.932440996170044,0.0855862004644338,MC38,0.2388784270617711,-0.5378115130921229,Hypoxic,1.0670777836427687,0.224974629414179,0.35198759000388957,0.4230377805819314
TATAGTCAGTGGCTGT_E15S,E15S,Tumor,persistent_hypoxia,0.6694050825960334,-0.358721198965411,0.0600661058374995,0.9443737864494324,0.9443737864494324,0.1073208644613951,MC38,0.6694050825960334,-0.358721198965411,Hypoxic,0.9711049345453643,0.12569998462558943,0.3618264709979954,0.5124735443764152
TGCGAGGGTCAGGACG_E15S,E15S,Tumor,entering_deep_hypoxia,1.2652303635761069,0.4885325862293235,0.9465929200423728,0.9408307075500488,0.9408307075500488,0.1218209617891392,MC38,1.2652303635761069,0.4885325862293235,Hypoxic,0.7683397299415218,0.027795513557517585,0.3610504417786423,0.6111540446638402
TCCAGGCGTTGTCTAA_E15S,E15S,Tumor Proliferating,exiting_hypoxia,1.4359794695990578,-0.5415594510594046,0.7902207271036671,0.9342292547225952,0.9342292547225952,0.0645555142053352,MC38,1.4359794695990578,-0.5415594510594046,Hypoxic,0.6830796772845438,0.021845679740645076,0.2717168716482536,0.7064374486111012
ACGGCAGGTTAAGGAT_E15S,E15S,Tumor Proliferating,exiting_hypoxia,0.0868098232675489,-0.507393035486086,0.8179166254904718,0.9331094622612,0.9331094622612,0.0512094074668943,MC38,0.0868098232675489,-0.507393035486086,Hypoxic,1.0870209004914464,0.26574748170901547,0.34887892792514125,0.3853735903658432
GCGGTGAGTTGCGGAG_E15S,E15S,Tumor Proliferating,exiting_hypoxia,0.4527837995252191,-0.5746968872998877,0.8902906830207635,0.9300064444541932,0.9300064444541932,0.0465034843047752,MC38,0.4527837995252191,-0.5746968872998877,Hypoxic,1.0208344746857938,0.1694600698190784,0.3513404808079925,0.4791994493729292
GCAATCTGTCTTGCTC_E15S,E15S,Tumor,entering_deep_hypoxia,0.8694573016876105,1.0219143702180764,0.2604140066951808,0.936433970928192,0.936433970928192,0.0554335272422768,MC38,0.8694573016876105,1.0219143702180764,Hypoxic,0.8289468363882073,0.04015692327726707,0.43192451161799666,0.5279185651047362
GCTTATAGTTGACGCC_E15S,E15S,Tumor Proliferating,entering_hypoxia,-0.0432727120151913,0.5863057461357337,1.5594010883826306,0.9352225065231324,0.9352225065231324,0.0488017434950271,MC38,-0.0432727120151913,0.5863057461357337,Saddle / ICS,1.0661498309407187,0.22872100516605987,0.4344176198818451,0.33686137495209517
ACGGGTTTCGTGCGAT_E15S,E15S,Tumor Proliferating,exiting_hypoxia,-0.2310980318985469,-0.6537430081930492,1.5118215050619497,0.9277417063713074,0.9277417063713074,0.0126035831749881,MC38,-0.2310980318985469,-0.6537430081930492,Hypoxic,1.0985310004435078,0.3336455203301228,0.3279801982718988,0.33837428139797837
AGCCCATAGGCGATGA_E15S,E15S,Tumor Proliferating,reverted_stable,-0.7574165703417086,-0.635643796756332,2.9230899477871524,0.9399076700210572,0.9399076700210572,0.1042597756463964,MC38,-0.7574165703417086,-0.635643796756332,Normoxic,1.0790229771690187,0.42509314399025033,0.3071802160008807,0.26772664000886903
CAACCCAGTATTAGCC_E15S,E15S,Tumor Proliferating,exiting_hypoxia,0.9815791942381475,-0.7449845600159716,1.303907376706955,0.9305384159088136,0.9305384159088136,0.017191090912767,MC38,0.9815791942381475,-0.7449845600159716,Hypoxic,0.8258894372209006,0.06151474166073571,0.3091461431892455,0.6293391151500188
TCCAACCCATTACCAT_E15S,E15S,Tumor Proliferating,exiting_hypoxia,0.2755594372853978,-0.579777283052292,1.3279719308898383,0.9361726641654968,0.9361726641654968,0.0325071529782751,MC38,0.2755594372853978,-0.579777283052292,Hypoxic,1.058966437610486,0.21345381028190266,0.35021957019493105,0.4363266195231663
AGACAGACAATATACG_E15S,E15S,Tumor,persistent_hypoxia,0.6781015755415614,-0.3464998249820681,0.3497704208881621,0.9334369897842408,0.9334369897842408,0.0664334116847146,MC38,0.6781015755415614,-0.3464998249820681,Hypoxic,0.968874669086233,0.12398330321570554,0.3623889394723475,0.5136277573119469
CACCGCAAGCCCGTGA_E15S,E15S,Tumor Proliferating,entering_deep_hypoxia,0.6015583040815224,0.6987708117912572,1.7321353611825046,0.9450640678405762,0.9450640678405762,0.0557508034010603,MC38,0.6015583040815224,0.6987708117912572,Hypoxic,0.9376143896207872,0.09291011530591087,0.44091118471820034,0.46617869997588884
GTACGTTGTTCGTAAC_E15S,E15S,Tumor Proliferating,exiting_hypoxia,-0.1877949888090372,-0.7855830851979867,0.7645995965984731,0.9297943711280824,0.9297943711280824,0.0367293549872713,MC38,-0.1877949888090372,-0.7855830851979867,Hypoxic,1.0965003199238281,0.31139704493682,0.32559563914163836,0.36300731592154156
GTAATCACAGTTGGTG_E15S,E15S,Tumor Proliferating,exiting_hypoxia,0.0967877000199014,-1.387456104376671,2.22991108583438,0.9405931830406188,0.9405931830406188,0.0705053674651366,MC38,0.0967877000199014,-1.387456104376671,Hypoxic,0.9918194807815031,0.1619855583878467,0.3039642123879061,0.5340502292242472
GCCTTCATCGACCCGA_E15S,E15S,Tumor,transitional,0.1120497292872793,0.1210576328752298,1.4945454754125669,0.9329960942268372,0.9329960942268372,0.1180735752307837,MC38,0.1120497292872793,0.1210576328752298,Saddle / ICS,1.0805790388271728,0.24820502459131086,0.3940824512081678,0.3577125242005212
GTTACCTTCTGGCTAA_E15S,E15S,Tumor,persistent_hypoxia,0.6473240780340627,-0.1114267424312855,0.3241142234099915,0.9387101531028748,0.9387101531028748,0.054295985504352,MC38,0.6473240780340627,-0.1114267424312855,Hypoxic,0.9822855088921845,0.12969622181595977,0.3809378065000061,0.4893659716840343
ACTATCTCAGTTGCTC_E15S,E15S,Tumor Proliferating,exiting_hypoxia,0.340914509808739,-0.7388882291872878,1.8040883410610729,0.9554980397224426,0.9554980397224426,0.1858622515183036,MC38,0.340914509808739,-0.7388882291872878,Hypoxic,1.0347720937142817,0.18695471397167343,0.34112949572227047,0.471915790306056
CATCCCGCAATGAAGG_E15S,E15S,Tumor Proliferating,transitional,-0.1124102955101084,0.1927778341344951,2.019234281798977,0.9377779960632324,0.9377779960632324,0.0586774323151172,MC38,-0.1124102955101084,0.1927778341344951,Saddle / ICS,1.0913987315471305,0.29531226118007586,0.38934822750419995,0.3153395113157242
ACACTCCCATAGAGCT_E15S,E15S,Tumor Proliferating,persistent_hypoxia,0.4193089160756465,0.0451372849045382,2.129688295482946,0.9343305826187134,0.9343305826187134,0.0444818243772946,MC38,0.4193089160756465,0.0451372849045382,Hypoxic,1.0367092472582664,0.17703432825401125,0.3958551901539795,0.4271104815920091
AGGACCCCATAGGGTT_E15S,E15S,Tumor Proliferating,entering_hypoxia,-0.7242062015256482,0.7555290845411178,1.6841267887124685,0.9459830522537231,0.9459830522537231,0.0434135726779235,MC38,-0.7242062015256482,0.7555290845411178,Saddle / ICS,1.075645783764514,0.3045726975389617,0.4328860853803854,0.26254121708065276
GGCTGAGGTAATGGTG_E15S,E15S,Tumor Proliferating,persistent_hypoxia,0.6800466425242044,0.2075220485160749,0.3451885637320919,0.937608242034912,0.937608242034912,0.0388292542510949,MC38,0.6800466425242044,0.2075220485160749,Hypoxic,0.9628315232008362,0.11228121054469074,0.40310869849462916,0.48461009096068025
TCTGGGACATTGGCCT_E15S,E15S,Tumor Proliferating,entering_hypoxia,0.2029416590536736,1.1168275754892147,1.5470011328220363,0.9403407573699952,0.9403407573699952,0.0446496675009333,MC38,0.2029416590536736,1.1168275754892147,Saddle / ICS,0.954371948767528,0.1061086570734123,0.48662715197584666,0.40726419095074107
GTAAGCTCATTAGTCT_E15S,E15S,Tumor,entering_deep_hypoxia,0.9020409400831492,0.8980423390954064,0.4831220444392455,0.9406777620315552,0.9406777620315552,0.04885728427766,MC38,0.9020409400831492,0.8980423390954064,Hypoxic,0.8357887031312654,0.04349555184539352,0.42426196327499816,0.5322424848796083
GCCGTAGTCGCTAATG_E15S,E15S,Tumor,transitional,-0.1383388011302053,-0.333175461856814,2.1527729718012063,0.9343719482421876,0.9343719482421876,0.0991637327052937,MC38,-0.1383388011302053,-0.333175461856814,Saddle / ICS,1.0981730278487476,0.32673053113070527,0.34734542254870165,0.32592404632059313
ATCACATAGTCGCGTG_E15S,E15S,Tumor,exiting_hypoxia,1.2401972862449284,-0.5737923575999608,0.1726947525774926,0.9432270526885986,0.9432270526885986,0.1806686245834723,MC38,1.2401972862449284,-0.5737923575999608,Hypoxic,0.749274186816635,0.03617471589878757,0.29505221755160804,0.6687730665496043
CTATGCTTCAGGAACG_E15S,E15S,Tumor Proliferating,exiting_hypoxia,1.493065661683227,-0.871334393110275,0.5425312470944618,0.932375967502594,0.932375967502594,0.0801233969740802,MC38,1.493065661683227,-0.871334393110275,Hypoxic,0.6230381614592181,0.015684956386664776,0.2361217942217196,0.7481932493916156
ACTATGGTCTATCTCA_E15S,E15S,Tumor,exiting_hypoxia,0.8284123260922165,-1.750504387585286,0.0849022524093483,0.9458606243133544,0.9458606243133544,0.1607318121057018,MC38,0.8284123260922165,-1.750504387585286,Hypoxic,0.6577697905745822,0.030197952818473168,0.22251631010601833,0.7472857370755086
TCCCTAACATCCTATG_E15S,E15S,Tumor,entering_hypoxia,-0.2547317078783545,0.8491222376470846,1.416522908856596,0.932350754737854,0.932350754737854,0.0556881101072396,MC38,-0.2547317078783545,0.8491222376470846,Saddle / ICS,1.0556115254956056,0.2212372795130659,0.4593879913334749,0.3193747291534593
CCTGTCGCAGGATCTG_E15S,E15S,Tumor,normoxic_stable,-0.6930630775985667,-0.2935395268926236,1.7082571235818444,0.9328190684318542,0.9328190684318542,0.1362693519946066,MC38,-0.6930630775985667,-0.2935395268926236,Normoxic,1.07352072298599,0.4304290699880125,0.3213639743954109,0.24820695561657655
TCCTCAACAATGTAGC_E15S,E15S,Tumor,exiting_hypoxia,0.2466473041911573,-0.5065937616876972,0.7088811255985731,0.933332622051239,0.933332622051239,0.1014650283501205,MC38,0.2466473041911573,-0.5065937616876972,Hypoxic,1.0670386010825947,0.22433202023222162,0.35403132002244236,0.42163665974533604
ACTGAAGGTTGCAGTT_E15S,E15S,Tumor Proliferating,persistent_hypoxia,0.9933272579150474,-0.3262414850056176,0.2175581809908969,0.93694269657135,0.93694269657135,0.0655419940720978,MC38,0.9933272579150474,-0.3262414850056176,Hypoxic,0.8606428527158567,0.0677117728061568,0.3423947531361551,0.5898934740576881
TCCATCCGTAATGTCC_E15S,E15S,Tumor,exiting_hypoxia,1.450060309380437,-0.6345234418244823,-0.1361355131116065,0.9401580095291138,0.9401580095291138,0.2000209233858774,MC38,1.450060309380437,-0.6345234418244823,Hypoxic,0.6681667342126942,0.020264300028432103,0.26219151960650416,0.7175441803650636
CCACTAGGTTAGCAGA_E15S,E15S,Tumor Proliferating,transitional,-0.1493338571133769,-0.2678460070571103,1.7868393069656692,0.9305267930030824,0.9305267930030824,0.0411139435876357,MC38,-0.1493338571133769,-0.2678460070571103,Saddle / ICS,1.0978786575410773,0.32942024708390083,0.3505974963613305,0.3199822565547687
CGCAGCTGTAAGTAAC_E15S,E15S,Tumor Proliferating,exiting_hypoxia,0.3694648413731298,-0.7294879638326226,1.6689632148353108,0.9379530549049376,0.9379530549049376,0.1009381599533181,MC38,0.3694648413731298,-0.7294879638326226,Hypoxic,1.0290182943132327,0.18070490047531834,0.34166455413993263,0.4776305453847491
ACCATCAAGCTACAGC_E15S,E15S,Tumor Proliferating,exiting_hypoxia,0.3602333111610233,-0.6064815803847348,1.2576939255674613,0.929956555366516,0.929956555366516,0.0397689027526442,MC38,0.3602333111610233,-0.6064815803847348,Hypoxic,1.0405838263401772,0.1906267596812956,0.34945549940441173,0.45991774091429266
AGTTGCATCCCGCAAG_E15S,E15S,Tumor,exiting_hypoxia,0.8154011592941078,-0.7721855393049869,0.5706909433905699,0.9369380474090576,0.9369380474090576,0.1293213536446634,MC38,0.8154011592941078,-0.7721855393049869,Hypoxic,0.8845485803595459,0.08541137360012309,0.3210958587049126,0.5934927676949643
ACAGCAAGTGATTCCG_E15S,E15S,Tumor Proliferating,persistent_hypoxia,0.3786935099069372,-0.1172718535683096,1.0213467156501843,0.930387318134308,0.930387318134308,0.0303126098669537,MC38,0.3786935099069372,-0.1172718535683096,Hypoxic,1.0488365289558768,0.19295022657289046,0.38303957516382164,0.4240101982632879
ACGAAATGTCATGCTG_E15S,E15S,Tumor Proliferating,transitional,-0.3531244217720223,-0.2294216737881997,2.333234759675786,0.9414843320846558,0.9414843320846558,0.1179267301583297,MC38,-0.3531244217720223,-0.2294216737881997,Normoxic,1.0925221060996093,0.3735984769707886,0.3412170633487522,0.2851844596804593
CACACCCTCTAGTCTC_E15S,E15S,Tumor,normoxic_stable,-0.4625567052327003,0.4042946517394453,0.5698903269292549,0.936612904071808,0.936612904071808,0.08298091895793,MC38,-0.4625567052327003,0.4042946517394453,Saddle / ICS,1.0868520944678495,0.33702676547275406,0.39365739931016586,0.26931583521708014
ATCATGGTCCTGCCGT_E15S,E15S,Tumor,exiting_hypoxia,0.6421320837592412,-1.3402309569459003,0.1025221367236211,0.9472758173942566,0.9472758173942566,0.1810343690567805,MC38,0.6421320837592412,-1.3402309569459003,Hypoxic,0.837196364860423,0.07569059193778262,0.2826344654632942,0.6416749425989231
CATAGCCAGAATCGAA_E15S,E15S,Tumor Proliferating,exiting_hypoxia,0.0278661706950852,-1.3497397309542694,1.9090353830921416,0.9410127401351928,0.9410127401351928,0.0547228164592452,MC38,0.0278661706950852,-1.3497397309542694,Hypoxic,1.0151717475635915,0.18132379368794324,0.30733845632838036,0.5113377499836764
TGCGATTGTGAGCAGT_E15S,E15S,Tumor,exiting_hypoxia,0.0939890243899083,-1.8283818630604929,0.0118048539883912,0.942668914794922,0.942668914794922,0.1203566406947738,MC38,0.0939890243899083,-1.8283818630604929,Hypoxic,0.8615383980092064,0.0937090612719524,0.26824775553307717,0.6380431831949703
GTTGCTGGTTTGGGTT_E15S,E15S,Tumor,exiting_hypoxia,0.3935840597839311,-0.6947376847868442,0.0834119154372485,0.9334049224853516,0.9334049224853516,0.0962416687721992,MC38,0.3935840597839311,-0.6947376847868442,Hypoxic,1.0263019283181083,0.1772223085254386,0.3437866080436805,0.47899108343088104
CTCTAATCACAATGAC_E15S,E15S,Tumor Proliferating,persistent_hypoxia,0.8290850593891913,0.0570648167831516,0.2977404986436004,0.93246591091156,0.93246591091156,0.0527895075854549,MC38,0.8290850593891913,0.0570648167831516,Hypoxic,0.9231121468787469,0.09055396624268955,0.38386902461147837,0.5255770091458322
GGTCATTGTTATGTGC_E15S,E15S,Tumor Proliferating,exiting_hypoxia,1.4491465241622543,-0.9270017055287252,1.5984696489418762,0.9430229663848876,0.9430229663848876,0.0641689445419913,MC38,1.4491465241622543,-0.9270017055287252,Hypoxic,0.6293647164532714,0.01706607976681146,0.2370347718702206,0.7458991483629679
AAACGTAAGGTGAAGT_E15S,E15S,Tumor,transitional,-0.1867965680573685,0.2924140951196309,0.7010853506685665,0.9349930882453918,0.9349930882453918,0.0809269742062717,MC38,-0.1867965680573685,0.2924140951196309,Saddle / ICS,1.0901870460794623,0.3004520543132595,0.3953268794124174,0.3042210662743232
GTGCGGTCATTGACGG_E15S,E15S,Tumor,persistent_hypoxia,0.8587078010838581,0.1696136324949734,-0.0270133557371323,0.9343414902687072,0.9343414902687072,0.0844448513007533,MC38,0.8587078010838581,0.1696136324949734,Hypoxic,0.9098638770834518,0.08227041093344419,0.38946169360493105,0.5282678954616247
CGAGTGAAGCAATCGC_E15S,E15S,Tumor Proliferating,transitional,-0.3989042423461943,-0.2718595721362072,2.301239409011662,0.9336671233177184,0.9336671233177184,0.0440140887881346,MC38,-0.3989042423461943,-0.2718595721362072,Normoxic,1.0906723085673817,0.38310541150270905,0.33614409356449887,0.2807504949327922
TGCCAGGTCCATCGGG_E15S,E15S,Tumor Proliferating,transitional,-0.1837043442122606,-0.1175846123386374,0.876695770697803,0.9357969760894777,0.9357969760894777,0.0731026404345333,MC38,-0.1837043442122606,-0.1175846123386374,Saddle / ICS,1.0966326833433881,0.3339289887610818,0.35869403638506514,0.307376974853853
CTAATTGGTGCAAGGT_E15S,E15S,Tumor Proliferating,exiting_hypoxia,2.163753748183677,-0.4457166305533225,2.8271348828021803,0.9382757544517516,0.9382757544517516,0.0637556413424885,MC38,2.163753748183677,-0.4457166305533225,Hypoxic,0.4754464550682771,0.0021517315104883747,0.17292323294256576,0.824925035546946
CCCAATCCAAGCGCAC_E15S,E15S,Tumor Proliferating,entering_deep_hypoxia,0.3478758294548724,1.0417327616108032,1.586307301674292,0.9323165416717528,0.9323165416717528,0.0284944833886511,MC38,0.3478758294548724,1.0417327616108032,Saddle / ICS,0.9414165095005897,0.0959029375844009,0.475739980080734,0.4283570823348651
CGTTATGAGTGCGGTT_E15S,E15S,Tumor Proliferating,transitional,-0.0243602969373348,0.0344632983231323,0.6889037306767646,0.9357144832611084,0.9357144832611084,0.0517774530500136,MC38,-0.0243602969373348,0.0344632983231323,Saddle / ICS,1.0922636680098354,0.2879813561658686,0.3798994418043821,0.33211920202974915
TATGGCGCACATAGTA_E15S,E15S,Tumor,exiting_hypoxia,0.1478876067409513,-0.5527863902703924,1.9887146792922248,0.9375502467155457,0.9375502467155457,0.2389228105028783,MC38,0.1478876067409513,-0.5527863902703924,Hypoxic,1.0792699608379763,0.24778120058595482,0.3486076546191745,0.40361114479487076
CCGTGTGAGGCGAATG_E15S,E15S,Tumor Proliferating,exiting_hypoxia,0.9882951923187192,-0.7765157199099609,0.2414171198570854,0.9328722953796388,0.9328722953796388,0.0379560481855597,MC38,0.9882951923187192,-0.7765157199099609,Hypoxic,0.8190216980187273,0.05963953679505854,0.30571800536046495,0.6346424578444765
CCCTCAGCAGGCTTAG_E15S,E15S,Tumor,reverted_stable,-0.4837159240762355,-1.1046643357497308,1.3343716334899465,0.9416449666023254,0.9416449666023254,0.2214296110630096,MC38,-0.4837159240762355,-1.1046643357497308,Hypoxic,1.0958404159106758,0.3228573280510999,0.30935896095837123,0.36778371099052876
AGTCTTGAGGCACAGA_E15S,E15S,Tumor Proliferating,persistent_hypoxia,0.3409649729386679,0.1617033257343079,2.424183910799674,0.9391222596168518,0.9391222596168518,0.0786049042141534,MC38,0.3409649729386679,0.1617033257343079,Hypoxic,1.047009286521271,0.18913065138951993,0.4044363271834682,0.4064330214270118
ACAAGCCTCACCAAGC_E15S,E15S,Tumor,exiting_hypoxia,1.3579355452215536,-0.5771592982678743,0.142325013822719,0.9398722648620604,0.9398722648620604,0.1531387476061345,MC38,1.3579355452215536,-0.5771592982678743,Hypoxic,0.7065202886505284,0.026657417834794004,0.27949504012606596,0.69384754203914
CAAAGTAAGTAGCGAG_E15S,E15S,Tumor Proliferating,persistent_hypoxia,0.4890568325236051,-0.1551029890188943,2.498201503135911,0.9484249353408812,0.9484249353408812,0.089730806109261,MC38,0.4890568325236051,-0.1551029890188943,Hypoxic,1.0249722722586587,0.1665622894970972,0.3807072090081429,0.45273050149475996
TAAGCGGAGTAGTGAA_E15S,E15S,Tumor Proliferating,exiting_hypoxia,1.760209440529761,-0.4095411127072775,0.4390740304819325,0.9366424679756165,0.9366424679756165,0.0383892094106672,MC38,1.760209440529761,-0.4095411127072775,Hypoxic,0.5916937324760992,0.008659616906671828,0.23417190601327312,0.7571684770800551
CCGCTTGCAGCTACTC_E15S,E15S,Tumor,transitional,-0.0904129226069099,-0.0114081057445648,0.7689243751389829,0.9511069655418396,0.9511069655418396,0.1490028841335915,MC38,-0.0904129226069099,-0.0114081057445648,Saddle / ICS,1.0950847011943403,0.30679985774819607,0.3723930020303445,0.3208071402214595
GTGTCCCTCAATCTGG_E15S,E15S,Tumor Proliferating,persistent_hypoxia,1.114016207109375,0.1176233195088141,0.872345839066526,0.9304978847503662,0.9304978847503662,0.0465953945209315,MC38,1.114016207109375,0.1176233195088141,Hypoxic,0.826419998692771,0.0488028018111411,0.3610249693986055,0.5901722287902534
ACTGCCTCATTAGTGA_E15S,E15S,Tumor,persistent_hypoxia,0.9934399714430664,0.3347559250671073,0.2459300639338531,0.9335658550262452,0.9335658550262452,0.1015108641325136,MC38,0.9934399714430664,0.3347559250671073,Hypoxic,0.8588299876825036,0.0576964338133834,0.3875684497214361,0.5547351164651805
CCATGCCTCAATGTGT_E15S,E15S,Tumor Proliferating,exiting_hypoxia,0.6248821843245779,-0.821954869510429,1.4816405684995129,0.9406573176383972,0.9406573176383972,0.0620622290564442,MC38,0.6248821843245779,-0.821954869510429,Hypoxic,0.9448910323573629,0.11771030097972561,0.3286551223621733,0.553634576658101
GGCAATGAGGCGTATC_E15S,E15S,Tumor,exiting_hypoxia,1.318123480262298,-1.984733807630312,0.4461618678097229,0.9402615427970886,0.9402615427970886,0.1982223826395673,MC38,1.318123480262298,-1.984733807630312,Hypoxic,0.4569848365903145,0.005944796710729573,0.14933500477526834,0.8447201985140022
CAATGGTCATGCGTTC_E15S,E15S,Tumor Proliferating,exiting_hypoxia,0.8633779990725068,-0.8251261477153286,0.4765203122982487,0.9370774030685424,0.9370774030685424,0.0674133463780846,MC38,0.8633779990725068,-0.8251261477153286,Hypoxic,0.8592223128062324,0.07549241456890793,0.31277398747712254,0.6117335979539695
CATGATTAGGTGGATG_E15S,E15S,Tumor,exiting_hypoxia,0.8393155694730605,-0.6295506861245859,0.1472176030973679,0.9387178421020508,0.9387178421020508,0.1182056577390403,MC38,0.8393155694730605,-0.6295506861245859,Hypoxic,0.8930210064164299,0.08673557561961888,0.33115898156600515,0.5821054428143759
CCCAAATGTTTAGGTC_E15S,E15S,Tumor Proliferating,transitional,-0.2214117769384405,0.2101718072032511,2.1432157111155403,0.9374128580093384,0.9374128580093384,0.058387327585464,MC38,-0.2214117769384405,0.2101718072032511,Saddle / ICS,1.0924429102825648,0.3174330371658362,0.3849245782214289,0.29764238461273484
GTAGGAACAAATGGCT_E15S,E15S,Tumor Proliferating,persistent_hypoxia,1.1720882194114617,-0.1685464793435727,1.6890244432696606,0.9461870789527892,0.9461870789527892,0.0829120441448026,MC38,1.1720882194114617,-0.1685464793435727,Hypoxic,0.8028693600287578,0.04524916953723729,0.334871402361336,0.6198794281014266
ACAATCACAAGGGATA_E15S,E15S,Tumor Proliferating,entering_hypoxia,-0.1830331866173687,1.451645336247132,1.2277411374793346,0.9359799027442932,0.9359799027442932,0.0419480250241971,MC38,-0.1830331866173687,1.451645336247132,Saddle / ICS,0.9382438075697194,0.10095282892420974,0.5231080134185789,0.3759391576572113
ATGAAACGTGGCAGCA_E15S,E15S,Tumor,entering_hypoxia,-0.4522540229105294,0.9559811447701788,1.673235657529894,0.9424021244049072,0.9424021244049072,0.0837909794518342,MC38,-0.4522540229105294,0.9559811447701788,Saddle / ICS,1.0540223406515286,0.22803598130574987,0.46890526008026806,0.30305875861398207
AAGGTTAAGGCGTATC_E15S,E15S,Tumor,exiting_hypoxia,0.4540280120116189,-0.5346044989439223,0.6460773743183595,0.9326696395874025,0.9326696395874025,0.1029658714550555,MC38,0.4540280120116189,-0.5346044989439223,Hypoxic,1.0230763523717779,0.17083964389206482,0.35405135801837384,0.4751089980895612
GCGCTAGTCGAGTCCG_E15S,E15S,Tumor Proliferating,persistent_hypoxia,0.4215684601551009,0.1616045185386183,1.1790226712585352,0.9338918924331664,0.9338918924331664,0.119385373086788,MC38,0.4215684601551009,0.1616045185386183,Hypoxic,1.0310504789415065,0.17009608897442843,0.4051065782454685,0.4247973327801032
TACTGTGAGCATCTCT_E15S,E15S,Tumor,transitional,-0.2832480271508517,0.0013753681948297,0.4767492762628189,0.929142951965332,0.929142951965332,0.0619234392093376,MC38,-0.2832480271508517,0.0013753681948297,Saddle / ICS,1.0938942999281454,0.3492719213200214,0.3620743412047752,0.28865373747520334
TACATCCTCCACCTTG_E15S,E15S,Tumor,persistent_hypoxia,2.7097205367871764,-0.1109145337088376,0.0231879899923639,0.942373275756836,0.942373275756836,0.1028422662618273,MC38,2.7097205367871764,-0.1109145337088376,Hypoxic,0.3639322762789415,0.00025064699349821673,0.11736146728816826,0.8823878857183336
AGTACCGCACTAAGCG_E15S,E15S,Tumor Proliferating,exiting_hypoxia,-0.2885727362043243,-0.7334242358732429,2.832238236947118,0.9296032190322876,0.9296032190322876,0.1963471524910033,MC38,-0.2885727362043243,-0.7334242358732429,Normoxic,1.0983642701049412,0.3388268582032481,0.32286650028046787,0.33830664151628415
CTGTCAAAGTGTCCTT_E15S,E15S,Tumor Proliferating,transitional,0.1258512250453839,0.2192841582753836,0.527660707769389,0.9341299533843994,0.9341299533843994,0.0482747473568144,MC38,0.1258512250453839,0.2192841582753836,Saddle / ICS,1.075015434491187,0.2365450913037029,0.40344184265711586,0.3600130660391813
ACTCACTTCACTCTCG_E15S,E15S,Tumor,exiting_hypoxia,0.6001463225280392,-0.4481986356127206,0.4919760480463965,0.9350677132606506,0.9350677132606506,0.1201000551694348,MC38,0.6001463225280392,-0.4481986356127206,Hypoxic,0.987936812890785,0.13931596867286997,0.35757456131299015,0.5031094700141399
ACCGCTAGTTTACCGG_E15S,E15S,Tumor,normoxic_stable,-0.4544147374304778,0.0143264627704318,0.3248838695255753,0.941128432750702,0.941128432750702,0.1273299035888027,MC38,-0.4544147374304778,0.0143264627704318,Normoxic,1.0871641435731918,0.38148774223976767,0.35347255687809737,0.265039700882135
AGGTAATGTTAGACCT_E15S,E15S,Tumor Proliferating,exiting_hypoxia,0.0049048518769163,-0.4413120564031781,2.0883149601167057,0.935498833656311,0.935498833656311,0.0714690732470794,MC38,0.0049048518769163,-0.4413120564031781,Hypoxic,1.094010934191396,0.28923736004686623,0.3488620356681072,0.3619006042850266
AATCGCGCAAAGGACA_E15S,E15S,Tumor Proliferating,transitional,-0.1781959667493985,-0.3177949437640661,2.562819586219902,0.9455579519271852,0.9455579519271852,0.0588781392340492,MC38,-0.1781959667493985,-0.3177949437640661,Saddle / ICS,1.0979975489087195,0.33618685860454045,0.34597443024735236,0.31783871114810724
TCGCAGACAAGCGGAG_E15S,E15S,Tumor,reverted_stable,-0.6531808633991673,-0.8603131322899669,0.1816727900922071,0.93743497133255,0.93743497133255,0.1152014414953093,MC38,-0.6531808633991673,-0.8603131322899669,Normoxic,1.0921071294765978,0.38775451762953905,0.3069341872304178,0.3053112951400432
GGGTTGGGTGGCGTTC_E15S,E15S,Tumor Proliferating,entering_deep_hypoxia,1.4535699214585476,0.5713371195612855,0.4536149211263269,0.9403217434883118,0.9403217434883118,0.0459635400495971,MC38,1.4535699214585476,0.5713371195612855,Hypoxic,0.7129149651942458,0.015901867663608647,0.3352638163953324,0.648834315941059
TCATAACAGGTTCATG_E15S,E15S,Tumor Proliferating,exiting_hypoxia,0.7840907847567576,-0.4597202716763451,1.9912857573265157,0.9473543763160706,0.9473543763160706,0.1040443695448927,MC38,0.7840907847567576,-0.4597202716763451,Hypoxic,0.9275761204800335,0.10105844991045439,0.34839522272909684,0.5505463273604488
TAACGAAAGTGACCGT_E15S,E15S,Tumor,exiting_hypoxia,0.3461514624220198,-0.9721751823015258,-0.2377081529872211,0.939614713191986,0.939614713191986,0.1097618197065444,MC38,0.3461514624220198,-0.9721751823015258,Hypoxic,1.0066801044096383,0.16508460188286359,0.32634901607668115,0.5085663820404552
GCACCTAGTCTTGCAG_E15S,E15S,Tumor Proliferating,entering_deep_hypoxia,1.3265434374922955,0.4838609026654825,1.2048131033139406,0.9403914213180542,0.9403914213180542,0.0549941843089789,MC38,1.3265434374922955,0.4838609026654825,Hypoxic,0.7507656209848688,0.023864166207529437,0.35179517700643453,0.624340656786036
ATGGTTACAAGCCTAG_E15S,E15S,Tumor,normoxic_stable,-0.5377677815766548,0.1630820064022103,0.0052471279020628,0.9418025016784668,0.9418025016784668,0.1439994817256529,MC38,-0.5377677815766548,0.1630820064022103,Normoxic,1.0840629540220408,0.38158282041938124,0.36305475531048825,0.2553624242701305
AGGTGCAAGCGCTTCC_E15S,E15S,Tumor Proliferating,exiting_hypoxia,2.139874511741541,-0.741114519162872,2.0516474952140182,0.9460193514823914,0.9460193514823914,0.0390193437189358,MC38,2.139874511741541,-0.741114519162872,Hypoxic,0.45164421482873285,0.0020584771697411105,0.15852161905191572,0.8394199037783431
CGGACAGGTTGTGGTT_E15S,E15S,Tumor,exiting_hypoxia,0.2893733988801413,-1.3565889132112063,-0.0051082226259297,0.937195122241974,0.937195122241974,0.1096008049335514,MC38,0.2893733988801413,-1.3565889132112063,Hypoxic,0.948583890695023,0.1308653495483059,0.30075187685306376,0.5683827735986303
AGTGTGAGTTAGCGTT_E15S,E15S,Tumor Proliferating,exiting_hypoxia,0.1657265646090835,-0.4629992093283568,1.5266623877658958,0.9288598299026488,0.9288598299026488,0.0613272277247261,MC38,0.1657265646090835,-0.4629992093283568,Hypoxic,1.0796614113958465,0.24703624173502545,0.3542894552709772,0.39867430299399736
GTACAACCAGGATCTG_E15S,E15S,Tumor Proliferating,exiting_hypoxia,0.2324022940429353,-1.105134999844963,2.035992861313363,0.9395841956138612,0.9395841956138612,0.0648139817460175,MC38,0.2324022940429353,-1.105134999844963,Hypoxic,1.0145125869274703,0.17510096465797714,0.31945917885365216,0.5054398564883708
TAGCTAGTCCGCGCAA_E15S,E15S,Tumor Proliferating,exiting_hypoxia,2.028785756217594,-1.2442943829238138,2.2274486242427978,0.9435909390449524,0.9435909390449524,0.0486078112045947,MC38,2.028785756217594,-1.2442943829238138,Hypoxic,0.41548304036876005,0.0019710579834586487,0.13811623954718438,0.859912702469357
GCAAGGATCTGGTGTA_E15S,E15S,Tumor Proliferating,exiting_hypoxia,0.0791512503668684,-0.9031532525608236,1.646286646946065,0.941636562347412,0.941636562347412,0.071817296164672,MC38,0.0791512503668684,-0.9031532525608236,Hypoxic,1.0683005275656139,0.23526932071930845,0.32948860320193035,0.4352420760787613
TGGTTAGTCCTGATTC_E15S,E15S,Tumor,persistent_hypoxia,0.977731034943183,0.21007894999502,0.1974347255394865,0.9335809350013732,0.9335809350013732,0.0936469735381903,MC38,0.977731034943183,0.21007894999502,Hypoxic,0.8695337242378804,0.06351781711103785,0.38159729726892605,0.5548848856200361
CTACTTGCAAGCATTA_E15S,E15S,Hypoxic Tumor,exiting_hypoxia,0.6145233765107995,-2.319246599322088,1.2632201285702942,0.9277423024177552,0.9277423024177552,0.6867965553330647,MC38,0.6145233765107995,-2.319246599322088,Hypoxic,0.5409674003379314,0.01572940772018293,0.17459311822798504,0.8096774740518321
TGGAACCTCCGTCCGT_E15S,E15S,Tumor Proliferating,persistent_hypoxia,0.7990805403285931,-0.3513471834841149,2.6691973417465484,0.93782639503479,0.93782639503479,0.0646465391098107,MC38,0.7990805403285931,-0.3513471834841149,Hypoxic,0.9287128351100857,0.09980413228330369,0.3557888503521952,0.5444070173645011
GCCAATATCCGTGCGA_E15S,E15S,Tumor,exiting_hypoxia,0.1138490107883487,-0.4268333444538161,0.6629216792010707,0.9313130378723145,0.9313130378723145,0.0985042115966747,MC38,0.1138490107883487,-0.4268333444538161,Hypoxic,1.0859878618458414,0.2616816995682021,0.35447852681882497,0.383839773612973
TCGGCAACAATCAGCG_E15S,E15S,Tumor Proliferating,persistent_hypoxia,1.2938899751628492,-0.4030904383065132,0.7874825995385366,0.93011736869812,0.93011736869812,0.0488260377272,MC38,1.2938899751628492,-0.4030904383065132,Hypoxic,0.7455897016453357,0.03305064895150466,0.3019676210529466,0.6649817299955487
AATGAACGTTGAGGCG_E15S,E15S,Tumor Proliferating,entering_hypoxia,0.2252195145519749,0.4944349377695596,1.647773218982558,0.9414870738983154,0.9414870738983154,0.0668966894831673,MC38,0.2252195145519749,0.4944349377695596,Saddle / ICS,1.041931605403594,0.18445968192193327,0.4320524054175939,0.38348791266047283
TGGGATTCAAAGGGAC_E15S,E15S,Tumor Proliferating,exiting_hypoxia,1.048067102525185,-0.4137424078563296,1.6335902393324733,0.9451954364776612,0.9451954364776612,0.0468642396649106,MC38,1.048067102525185,-0.4137424078563296,Hypoxic,0.8349309423595013,0.059420335534332146,0.33015329435673374,0.6104263701089341
GGGAATTAGGTACGTC_E15S,E15S,Tumor,persistent_hypoxia,2.062257007928011,0.3539190974683962,0.4213551641918377,0.9341421723365784,0.9341421723365784,0.0652873467758344,MC38,2.062257007928011,0.3539190974683962,Hypoxic,0.5521605710023016,0.0027491401312459314,0.2256033332441925,0.7716475266245615
CTTGCTTAGTAAGCGG_E15S,E15S,Tumor,entering_deep_hypoxia,1.860815578719501,1.5522951467722483,0.2180323879263115,0.9398533701896667,0.9398533701896667,0.0588873041283955,MC38,1.860815578719501,1.5522951467722483,Hypoxic,0.5921328142174411,0.0012664346095291588,0.26955545710712936,0.7291781082833414
GTGTGAGAGGTATATC_E15S,E15S,Tumor,entering_hypoxia,-0.0802505031846576,1.694343828522307,0.7090685789549596,0.9346015453338624,0.9346015453338624,0.0509545663243144,MC38,-0.0802505031846576,1.694343828522307,Saddle / ICS,0.8717567313117329,0.060565167746055956,0.5306616852573991,0.4087731469965449
ACCAAACCAACATAGC_E15S,E15S,Tumor,reverted_stable,-0.5222847931310795,-0.426591792972278,0.438587299042785,0.9348511099815368,0.9348511099815368,0.137059797955689,MC38,-0.5222847931310795,-0.426591792972278,Normoxic,1.0859066453939228,0.40357699949262804,0.3222366308068612,0.2741863697005108
CGAGGATGTCAATGGA_E15S,E15S,Tumor,exiting_hypoxia,1.7536536659364594,-1.098039920329851,-0.2520653229292054,0.9450746178627014,0.9450746178627014,0.0661847911708406,MC38,1.7536536659364594,-1.098039920329851,Hypoxic,0.5097128646331524,0.005866591731941403,0.182326433155133,0.8118069751129257
CCACCTATCGTTAGAT_E15S,E15S,Tumor,exiting_hypoxia,0.9326021953528786,-1.2557637643827977,0.6242299218816634,0.9584589004516602,0.9584589004516602,0.0908242754949526,MC38,0.9326021953528786,-1.2557637643827977,Hypoxic,0.7514985629336437,0.046217208719947486,0.265716520476843,0.6880662708032095
GGGAATTAGCCTACCC_E15S,E15S,Tumor Proliferating,persistent_hypoxia,0.9119160734353382,0.1103097542377013,0.7092384246555649,0.9337926506996156,0.9337926506996156,0.0380482043728977,MC38,0.9119160734353382,0.1103097542377013,Hypoxic,0.8944940541848996,0.07567693848606352,0.3811338833302495,0.543189178183687
GGTTAGGAGCATGACC_E15S,E15S,Tumor Proliferating,persistent_hypoxia,2.100309130567712,-0.2109396800558767,2.187139048574018,0.9397668242454528,0.9397668242454528,0.0404359724265891,MC38,2.100309130567712,-0.2109396800558767,Hypoxic,0.5119354435823684,0.0028107170604966983,0.19488403971754717,0.8023052432219561
TGAGCAAGTATGGTAG_E15S,E15S,Tumor Proliferating,exiting_hypoxia,-0.0344031434445979,-0.6198577478827499,1.5517125867843686,0.9297582507133484,0.9297582507133484,0.0119385595856247,MC38,-0.0344031434445979,-0.6198577478827499,Hypoxic,1.0934884889188345,0.2899500766231409,0.33830639345388297,0.37174352992297616
GGACTCACAGGTTCCT_E15S,E15S,Tumor,entering_deep_hypoxia,1.765696223249724,0.6571015382259153,0.174628909993174,0.9351564049720764,0.9351564049720764,0.0703384101073461,MC38,1.765696223249724,0.6571015382259153,Hypoxic,0.6317549143881606,0.005889029002199121,0.2850151208672254,0.7090958501305755
CAATTGGTCATGCCTT_E15S,E15S,Tumor,exiting_hypoxia,0.118536571997368,-0.7579107228280603,0.6107211552023654,0.9322977662086488,0.9322977662086488,0.0843052944826163,MC38,0.118536571997368,-0.7579107228280603,Hypoxic,1.073395830370063,0.24063286403163145,0.3371904907695072,0.4221766451988614
TCTGTTGCACTTCAGC_E15S,E15S,Tumor Proliferating,exiting_hypoxia,-0.265570527917107,-0.4594623192864205,1.184479100226083,0.9276202321052552,0.9276202321052552,0.0404389485855106,MC38,-0.265570527917107,-0.4594623192864205,Normoxic,1.0974362853150823,0.3528437017581409,0.3338720045517531,0.3132842936901059
AAGTCAAAGGCTTCCC_E15S,E15S,Tumor Proliferating,exiting_hypoxia,0.5240046314510756,-0.7407899767852516,0.9559534143914646,0.9289968013763428,0.9289968013763428,0.0355622923487723,MC38,0.5240046314510756,-0.7407899767852516,Hypoxic,0.9866518292840996,0.14400388700116265,0.3385200923950191,0.5174760206038183
GGAAACTAGAAGGGTT_E15S,E15S,Tumor,exiting_hypoxia,3.128854937423565,-0.9664215181079522,-0.1100416314434121,0.945058822631836,0.945058822631836,0.1244645782960869,MC38,3.128854937423565,-0.9664215181079522,Hypoxic,0.2099459436362091,2.528086293747955e-05,0.053834472074457566,0.946140247062605
GTAGCGCCAGCTACTC_E15S,E15S,Tumor Proliferating,transitional,0.239195986943464,-0.2031667632850115,2.168764242187927,0.9369900822639464,0.9369900822639464,0.058634587218114,MC38,0.239195986943464,-0.2031667632850115,Hypoxic,1.0728885353622284,0.230419444994335,0.3735786086408867,0.3960019463647782
CGTGCTGAGGTAGAGT_E15S,E15S,Tumor,exiting_hypoxia,1.33978759979935,-0.8983922402213609,0.0722248331237692,0.9363861680030824,0.9363861680030824,0.0891180454723864,MC38,1.33978759979935,-0.8983922402213609,Hypoxic,0.6710650868303306,0.023529828024572007,0.2538980451566852,0.7225721268187428
AGAGGCGCAAGCTGGC_E15S,E15S,Tumor,entering_deep_hypoxia,2.328464652001336,1.3056714498487243,-0.1466482132279035,0.9479807019233704,0.9479807019233704,0.0682767163614815,MC38,2.328464652001336,1.3056714498487243,Hypoxic,0.4948401183793424,0.0003670100119584872,0.19377392110974834,0.8058590688782931
TGCAGTCAGCATCACA_E15S,E15S,Tumor,persistent_hypoxia,2.512242892909049,-0.3555877790276277,0.1245853445254788,0.9395867586135864,0.9395867586135864,0.101186583391005,MC38,2.512242892909049,-0.3555877790276277,Hypoxic,0.39444152286866124,0.0005664481201730097,0.1317609032965388,0.8676726485832882
TGGCTAATCCATAGGC_E15S,E15S,Tumor,exiting_hypoxia,-0.0512372201825214,-0.6533734647927046,0.581767925604011,0.9299100637435912,0.9299100637435912,0.0748615875756319,MC38,-0.0512372201825214,-0.6533734647927046,Hypoxic,1.0936854297605225,0.2916139303224299,0.33613729305580603,0.37224877662176414
CGTAGTCAGCTATCAG_E15S,E15S,Tumor,exiting_hypoxia,0.6744819235460623,-0.4876256699113004,1.0505738989024185,0.9387412667274476,0.9387412667274476,0.0698918335520196,MC38,0.6744819235460623,-0.4876256699113004,Hypoxic,0.9624570602117917,0.12223629702227375,0.3519849124410116,0.5257787905367146
TAGGTAGGTTAGTGGA_E15S,E15S,Tumor Proliferating,exiting_hypoxia,-0.1996086093169463,-0.4140231489060195,1.0254115825490355,0.93022882938385,0.93022882938385,0.0316692832296949,MC38,-0.1996086093169463,-0.4140231489060195,Saddle / ICS,1.098256967722236,0.33957813070995796,0.33961486816308556,0.3208070011269564
ACTTCTATCCCGCACT_E15S,E15S,Tumor,entering_hypoxia,-0.1200449126562205,1.9400994215829777,1.2198470294466557,0.9433861970901488,0.9433861970901488,0.0858145192879141,MC38,-0.1200449126562205,1.9400994215829777,Saddle / ICS,0.8240583085815759,0.03886667979448061,0.5362822365247285,0.4248510836807907
CCTAGGTAGGTGCTCG_E15S,E15S,Tumor Proliferating,exiting_hypoxia,0.3191584429722457,-0.8863640863662497,2.1625616653011166,0.9386751055717468,0.9386751055717468,0.0551431735879673,MC38,0.3191584429722457,-0.8863640863662497,Hypoxic,1.0245834568155816,0.17970204917540597,0.3320950335101618,0.4882029173144322
GCAACATCAGGTTAGT_E15S,E15S,Tumor,entering_deep_hypoxia,2.873713606647922,1.442383587154631,-0.0487845195251417,0.9442594051361084,0.9442594051361084,0.0594240855402542,MC38,2.873713606647922,1.442383587154631,Hypoxic,0.35953862840350675,2.9884049802027876e-05,0.11615877294978577,0.8838113430004122
CATGTTGAGTCATGTG_E15S,E15S,Tumor Proliferating,persistent_hypoxia,0.5102083888803987,0.242492967504233,1.998292487932875,0.9395184516906738,0.9395184516906738,0.0859119872901239,MC38,0.5102083888803987,0.242492967504233,Hypoxic,1.0059850967352637,0.14504467137799087,0.4109242651861221,0.44403106343588705
TCGTGATGTTAAGGTG_E15S,E15S,Tumor,exiting_hypoxia,0.1552384297761323,-0.696384015146699,0.0994938598935307,0.9364038109779358,0.9364038109779358,0.0888504549103497,MC38,0.1552384297761323,-0.696384015146699,Hypoxic,1.0719490871913195,0.23656528381903286,0.3411856172915908,0.4222490988893763
CGTCCAAGTCTCCAGA_E15S,E15S,Tumor Proliferating,exiting_hypoxia,0.0959137571913185,-0.4445774496949147,2.0038329074567742,0.9313563704490662,0.9313563704490662,0.1804541136049386,MC38,0.0959137571913185,-0.4445774496949147,Hypoxic,1.0873824943298336,0.26580019951028855,0.35272854160416806,0.3814712588855434
CATTCTATCTGTGAAT_E15S,E15S,Tumor Proliferating,exiting_hypoxia,-0.0870676816705848,-0.5302603237467933,0.586816030664199,0.9281564950942992,0.9281564950942992,0.047140806383859,MC38,-0.0870676816705848,-0.5302603237467933,Hypoxic,1.0970887085513936,0.30834734067099323,0.339936040690028,0.35171661863897885
ACCAACATCTGGGATC_E15S,E15S,Tumor,normoxic_stable,-0.9501881156382496,-0.3428788025330679,-0.0800707599951842,0.9399155974388124,0.9399155974388124,0.1461767110699459,MC38,-0.9501881156382496,-0.3428788025330679,Normoxic,1.0607549670657743,0.4552741762709682,0.3125833900489359,0.232142433680096
AACGCGAAGTATGGCC_E15S,E15S,Tumor,entering_hypoxia,-0.274216921160767,0.4591671081732448,0.96191748516459,0.9365177154541016,0.9365177154541016,0.0495778311940387,MC38,-0.274216921160767,0.4591671081732448,Saddle / ICS,1.0859689822718575,0.2947356493906927,0.4095294323668276,0.29573491824247977
TCGAGGTTCCCTGTGC_E15S,E15S,Tumor Proliferating,persistent_hypoxia,1.6800979256254014,0.0813863955756717,1.6048044788398503,0.9523094296455384,0.9523094296455384,0.1239807048841184,MC38,1.6800979256254014,0.0813863955756717,Hypoxic,0.6463252113561123,0.01087445272595834,0.27678342873519335,0.7123421185388483
CCTAGCGAGCATATAC_E15S,E15S,Tumor Proliferating,persistent_hypoxia,0.977562079016628,-0.1603200294541717,1.4301695936597194,0.9422259330749512,0.9422259330749512,0.0198475885008961,MC38,0.977562079016628,-0.1603200294541717,Hypoxic,0.8726532654065422,0.070013984130048,0.35630996587376346,0.5736760499961885
TGCCCGAAGGAATTGA_E15S,E15S,Tumor Proliferating,exiting_hypoxia,-0.0717902054398854,-0.4426811131914825,1.3058029996940217,0.9372040033340454,0.9372040033340454,0.083579625745086,MC38,-0.0717902054398854,-0.4426811131914825,Hypoxic,1.0971861950522823,0.308340312322929,0.3449902384186688,0.3466694492584021
ACTTCGCCACTTCGAC_E15S,E15S,Tumor Proliferating,transitional,0.1755499437722178,0.0730443773966906,1.707441593012044,0.9368218183517456,0.9368218183517456,0.0611407438512133,MC38,0.1755499437722178,0.0730443773966906,Saddle / ICS,1.0756079376402068,0.23580367186821985,0.3925701002881142,0.37162622784366606
TATCGAACAAGCCGTA_E15S,E15S,Tumor,exiting_hypoxia,2.143582209903099,-1.2092070395128396,-0.2424336516527997,0.9449019432067872,0.9449019432067872,0.123130866806918,MC38,2.143582209903099,-1.2092070395128396,Hypoxic,0.392456681436409,0.0013514936489194354,0.12789342003559948,0.8707550863154812
ATCGAAGGTTGTGAAG_E15S,E15S,Tumor,exiting_hypoxia,2.694235543133628,-0.4124698918656981,-0.0956937622785895,0.9533424973487854,0.9533424973487854,0.0849024733373672,MC38,2.694235543133628,-0.4124698918656981,Hypoxic,0.34590440605440054,0.00025934554551661356,0.10857869521151947,0.8911619592429639
GTATGGTCACCTGTAC_E15S,E15S,Tumor Proliferating,entering_hypoxia,-0.1358420859312855,0.5659074976416135,1.0341422891503065,0.9350998997688292,0.9350998997688292,0.0413576587029022,MC38,-0.1358420859312855,0.5659074976416135,Saddle / ICS,1.0746732447033527,0.2505901412809618,0.4285370550052048,0.3208728037138334
GTTATCAGTTGCTTCC_E15S,E15S,Tumor,reverted_stable,-0.6228720279787365,-0.582629597598895,1.3893348619474777,0.9283329844474792,0.9283329844474792,0.1325850163019298,MC38,-0.6228720279787365,-0.582629597598895,Normoxic,1.0840899134687294,0.4116713048194654,0.3127063972611925,0.2756222979193422
TAGCATTAGTTAGTCG_E15S,E15S,Tumor Proliferating,exiting_hypoxia,-0.1086279980207501,-0.4186532698333695,2.2181543302362026,0.9319242238998412,0.9319242238998412,0.0513581243502265,MC38,-0.1086279980207501,-0.4186532698333695,Saddle / ICS,1.0980497211360765,0.3180464842303054,0.3443112690904527,0.337642246679242
ATCCCTTAGTTACACG_E15S,E15S,Tumor Proliferating,transitional,0.1217365636991192,-0.1751353624634942,1.3450304506105035,0.9437497854232788,0.9437497854232788,0.0753894249117706,MC38,0.1217365636991192,-0.1751353624634942,Saddle / ICS,1.0861422620553458,0.2604574417536978,0.3710497576582221,0.36849280058808015
GCGCTTGAGCCTAGCG_E15S,E15S,Tumor,exiting_hypoxia,1.9133152273468883,-1.733317094499976,-0.0481824188308579,0.9445714950561525,0.9445714950561525,0.1645973982564539,MC38,1.9133152273468883,-1.733317094499976,Hypoxic,0.3667012289767936,0.0014665330708905303,0.11451167902418091,0.8840217879049287
GGCCCTAAGATTAAGG_E15S,E15S,Tumor,exiting_hypoxia,0.4500571563535044,-0.6714909604923952,0.548569736752934,0.94936203956604,0.94936203956604,0.1446768467264202,MC38,0.4500571563535044,-0.6714909604923952,Hypoxic,1.0140778114052809,0.16513446924012465,0.3448253934359896,0.49004013732388557
CCCAATCCACCTTGCG_E15S,E15S,Tumor,exiting_hypoxia,2.1898715083311933,-0.7178566346591179,1.830947163849147,0.9350079298019408,0.9350079298019408,0.0454012947712721,MC38,2.1898715083311933,-0.7178566346591179,Hypoxic,0.44128977354259025,0.001734824822652762,0.15355005506397149,0.8447151201133758
AGGAGTTAGATTCCAG_E15S,E15S,Tumor,exiting_hypoxia,2.5312463581527416,-0.6931007220207481,-0.091873806093829,0.9524014592170716,0.9524014592170716,0.1020999457135764,MC38,2.5312463581527416,-0.6931007220207481,Hypoxic,0.3597294930602682,0.0004589417760022159,0.1144889111258316,0.8850521470981662
CAGCAAAGTTGTAGCT_E15S,E15S,Tumor,transitional,-0.079456545026961,-0.3541756066491792,0.2323326073870237,0.940191388130188,0.940191388130188,0.0865624058587851,MC38,-0.079456545026961,-0.3541756066491792,Saddle / ICS,1.0975155004748893,0.31228545095332527,0.34938933114168846,0.33832521790498626
ACTCACAAGGCGTCCA_E15S,E15S,Tumor,reverted_stable,-0.5655597836406053,-1.1562362198506948,0.2047460897226997,0.9405162930488586,0.9405162930488586,0.124511737015286,MC38,-0.5655597836406053,-1.1562362198506948,Hypoxic,1.0958312880371275,0.32596185847512077,0.3071073195268473,0.3669308219980319
AGGGATTAGTCGCAAC_E15S,E15S,Tumor Proliferating,transitional,0.2004081893329448,0.2832588819725357,1.0140852014120527,0.937205731868744,0.937205731868744,0.0499646834048413,MC38,0.2004081893329448,0.2832588819725357,Saddle / ICS,1.062400076654511,0.21272727588605722,0.41185543955065224,0.3754172845632907
CCGCCATTCGACCGAT_E15S,E15S,Tumor,entering_hypoxia,-0.4404596818800397,0.4914572883649058,2.2044114669375534,0.9395551681518556,0.9395551681518556,0.1853336655837318,MC38,-0.4404596818800397,0.4914572883649058,Saddle / ICS,1.0856237300496587,0.3190887484440501,0.40556496200445513,0.27534628955149465
TATCGAACACCTTGGT_E15S,E15S,Tumor,entering_hypoxia,-0.6767545254612605,0.4332014127763899,-0.1007568643395356,0.9615088701248168,0.9615088701248168,0.0983452091750319,MC38,-0.6767545254612605,0.4332014127763899,Saddle / ICS,1.0812172109633236,0.3629422454086047,0.38839529037628606,0.24866246421510918
GCTTATGAGCGCTTAA_E15S,E15S,Tumor Proliferating,exiting_hypoxia,0.812939165453019,-0.7013159687556493,1.2180972505936694,0.9297382831573486,0.9297382831573486,0.1581101868297292,MC38,0.812939165453019,-0.7013159687556493,Hypoxic,0.8945124360678358,0.08872013093133217,0.3271930465056047,0.5840868225630631
ATGTGAGGTCAGGCAG_E15S,E15S,Tumor,reverted_stable,-0.4934580681726366,-0.6971728629600792,1.390744754438669,0.9272956848144532,0.9272956848144532,0.0478281982584466,MC38,-0.4934580681726366,-0.6971728629600792,Normoxic,1.093331750588796,0.3817946893043805,0.31497052213565147,0.3032347885599681
ATAATGCTCCTCGTTG_E15S,E15S,Tumor,exiting_hypoxia,1.82285233076018,-0.5047025467450644,-0.2321708668390129,0.9400970339775084,0.9400970339775084,0.1441374298253024,MC38,1.82285233076018,-0.5047025467450644,Hypoxic,0.5642179647246206,0.006897322553141,0.21828153126102065,0.7748211461858384
GTCCATGGTATGGCTT_E15S,E15S,Tumor,persistent_hypoxia,1.0413546370670246,-0.3544164031264879,0.7319647237294211,0.9409890174865724,0.9409890174865724,0.3113380760581396,MC38,1.0413546370670246,-0.3544164031264879,Hypoxic,0.8413853468581642,0.06082299138066272,0.3354961520034464,0.6036808566158909
GGGACAATCGTGCCTC_E15S,E15S,Tumor Proliferating,exiting_hypoxia,-0.0589673096261209,-0.7524919300240955,1.7011722889705223,0.9428136348724364,0.9428136348724364,0.0371640979365455,MC38,-0.0589673096261209,-0.7524919300240955,Hypoxic,1.09131255580211,0.28481691273391135,0.3318131866224764,0.38336990064361226
CATCGTCCAGGTTCAG_E15S,E15S,Tumor,persistent_hypoxia,1.1950370546028064,0.1481878384833889,-0.1228704127743172,0.9367038607597352,0.9367038607597352,0.1230402846758099,MC38,1.1950370546028064,0.1481878384833889,Hypoxic,0.7990220016014832,0.03988852488195988,0.3529362816687705,0.6071751934492695
TCTAACCTCCTTCGAT_E15S,E15S,Tumor,exiting_hypoxia,0.3641072281021314,-1.03161497655869,0.2467436257544917,0.9341655969619752,0.9341655969619752,0.1238350112790518,MC38,0.3641072281021314,-1.03161497655869,Hypoxic,0.9928671278639178,0.1549914340580752,0.3220409598343588,0.522967606107566
CACCCTGCAAGTAGTC_E15S,E15S,Tumor,transitional,-0.3591147887118272,0.0503018546238724,2.513951266445828,0.9427458643913268,0.9427458643913268,0.0968640218047226,MC38,-0.3591147887118272,0.0503018546238724,Saddle / ICS,1.0912930322851018,0.3609445746766669,0.3618648670317489,0.2771905582915841
TGAGTTGTCGACATCA_E15S,E15S,Tumor,entering_hypoxia,0.1954372050654204,0.8022518272217908,0.2908649442557768,0.9398504495620728,0.9398504495620728,0.0469174158259026,MC38,0.1954372050654204,0.8022518272217908,Saddle / ICS,1.0092916685296427,0.15043675047090235,0.46073444157838567,0.388828807950712
ATCTTCATCATAGATC_E15S,E15S,Tumor,transitional,0.1475081471819544,0.0847252057557316,1.1480340847457888,0.9461694955825806,0.9461694955825806,0.1163679446191887,MC38,0.1475081471819544,0.0847252057557316,Saddle / ICS,1.078318180761516,0.24203800008709814,0.39244969421222836,0.3655123057006734
ATGCTCAAGGTAGCCT_E15S,E15S,Tumor,entering_hypoxia,0.1987596313604596,0.7032059255161447,1.718988484343472,0.9312204718589784,0.9312204718589784,0.1471507427734801,MC38,0.1987596313604596,0.7032059255161447,Saddle / ICS,1.0224904126825725,0.16337637369184774,0.4515222168797283,0.3851014094284241
GGATAACAGCATAGGG_E15S,E15S,Tumor,exiting_hypoxia,0.7661065344493171,-1.1253420258550693,0.1777165929372264,0.9380704760551452,0.9380704760551452,0.0853433073139028,MC38,0.7661065344493171,-1.1253420258550693,Hypoxic,0.8419032348828144,0.07383515833875542,0.29357356807335466,0.6325912735878899
GGAATGGTCGCATGAC_E15S,E15S,Tumor,exiting_hypoxia,1.9645255348719333,-1.53279947773855,-0.2537718236408355,0.9451109766960144,0.9451109766960144,0.1106866527434322,MC38,1.9645255348719333,-1.53279947773855,Hypoxic,0.38742831077477474,0.0016893429587511069,0.12418480789785245,0.8741258491433964
GCTGTATGTTCACGCA_E15S,E15S,Tumor,entering_hypoxia,-0.2697972547203728,0.6526210702194442,0.6262858397557267,0.9340864419937134,0.9340864419937134,0.0890325862639034,MC38,-0.2697972547203728,0.6526210702194442,Saddle / ICS,1.0751332032162821,0.26103626786729833,0.43369168346139725,0.3052720486713045
CAGCGGTCAAGTAGGA_E15S,E15S,Tumor Proliferating,transitional,0.1233658269454555,-0.2661104407386672,2.064232142388108,0.9423491954803468,0.9423491954803468,0.1014901939616229,MC38,0.1233658269454555,-0.2661104407386672,Hypoxic,1.0863428855888,0.2611800768551269,0.3648744936344807,0.37394542951039234
TGACCCAGTCTAGTGT_E15S,E15S,Tumor Proliferating,exiting_hypoxia,0.6091239308909577,-1.1572539752490978,0.9680760001799348,0.9301650524139404,0.9301650524139404,0.0396596652166207,MC38,0.6091239308909577,-1.1572539752490978,Hypoxic,0.8917350474398923,0.09588342837879826,0.3018193024591778,0.602297269162024
GGGATTAGTATTGGGA_E15S,E15S,Tumor,reverted_stable,-0.9062118538338656,-0.551244613450343,0.3497303534556005,0.9388286471366882,0.9388286471366882,0.1685426026051876,MC38,-0.9062118538338656,-0.551244613450343,Normoxic,1.0687341486958184,0.445217720597949,0.30594536284064394,0.248836916561407
CAGCGAGGTTAAGTGG_E15S,E15S,Tumor,transitional,-0.2202696724884603,0.3970145878761806,0.6285898067370369,0.9428293108940125,0.9428293108940125,0.1047405867594472,MC38,-0.2202696724884603,0.3970145878761806,Saddle / ICS,1.0873499646920695,0.29342694255911644,0.40501296141431137,0.30156009602657213
AATCAGCCATAGACCG_E15S,E15S,Tumor Proliferating,persistent_hypoxia,0.7963040922637877,-0.2351833368706172,2.778223487983495,0.9379188418388368,0.9379188418388368,0.0575185518115612,MC38,0.7963040922637877,-0.2351833368706172,Hypoxic,0.9339261353098558,0.10075896409616344,0.3647213622119183,0.5345196736919182
CTAGTCAAGCAAGTAA_E15S,E15S,Tumor Proliferating,exiting_hypoxia,0.5053247442544502,-0.4679008450151817,0.984459215508661,0.934587836265564,0.934587836265564,0.0871124699749367,MC38,0.5053247442544502,-0.4679008450151817,Hypoxic,1.0135837090887392,0.16073918266267095,0.35814630444163104,0.481114512895698
CTTAGCTTCGCTGAGT_E15S,E15S,Tumor Proliferating,transitional,-0.315447013794885,0.027352560435903,1.621556732550567,0.9320628643035888,0.9320628643035888,0.0379650988960343,MC38,-0.315447013794885,0.027352560435903,Saddle / ICS,1.0928354820242805,0.354049355922685,0.36238483200112875,0.28356581207618625
CAGGCACCAATGCCAG_E15S,E15S,Tumor,exiting_hypoxia,-0.2246082970126993,-0.5018542205602528,1.5819510605499407,0.9325830936431884,0.9325830936431884,0.1582494407198235,MC38,-0.2246082970126993,-0.5018542205602528,Normoxic,1.098363170178183,0.3419878593308817,0.33417804836806597,0.3238340923010523
CTTCTATGTCTAGGAA_E15S,E15S,Tumor,persistent_hypoxia,1.198868470792413,0.244568391010856,0.0596106377874335,0.9362189173698424,0.9362189173698424,0.1374168445050684,MC38,1.198868470792413,0.244568391010856,Hypoxic,0.7963121828347892,0.03791075194249948,0.3580416235854655,0.604047624472035
ACTCGTCCAACCTGTC_E15S,E15S,Tumor Proliferating,exiting_hypoxia,1.7089134503917816,-0.7143405688806217,1.7047545819921008,0.9517421722412108,0.9517421722412108,0.13666151267504,MC38,1.7089134503917816,-0.7143405688806217,Hypoxic,0.5753552873581704,0.00905423148302114,0.21928319842244903,0.7716625700945299
ACATTCCTCCCCAGCT_E15S,E15S,Tumor,exiting_hypoxia,0.7559742109368457,-0.4618981070043543,-0.103067231055566,0.9448534846305848,0.9448534846305848,0.3221161229317842,MC38,0.7559742109368457,-0.4618981070043543,Hypoxic,0.9371074865235105,0.10638671227811157,0.34988677429824455,0.5437265134236438
CTCCCTAAGGCTACAC_E15S,E15S,Tumor,entering_hypoxia,-0.1211860462704012,1.2334929859581916,0.8148241962292341,0.9389082789421082,0.9389082789421082,0.078808620412489,MC38,-0.1211860462704012,1.2334929859581916,Saddle / ICS,0.978695780190057,0.13016443832273664,0.5037117726790225,0.3661237889982409
CCTAATTCAGTAAGTC_E15S,E15S,Tumor Proliferating,entering_deep_hypoxia,0.3346862677664415,0.8261695826512983,0.6669441354845954,0.9418688416481018,0.9418688416481018,0.0580650743313681,MC38,0.3346862677664415,0.8261695826512983,Saddle / ICS,0.9799407246529543,0.12326179397927185,0.4607366940387755,0.4160015119819527
AACCATTAGGATCTCA_E15S,E15S,Tumor,exiting_hypoxia,0.0644086868714537,-1.1392014002158253,0.0648224530586536,0.9359097480773926,0.9359097480773926,0.1049202504844099,MC38,0.0644086868714537,-1.1392014002158253,Hypoxic,1.0442731369192766,0.2072352895732902,0.31825564101323,0.47450906941347976
CCCATGAGTGATTGCT_E15S,E15S,Tumor Proliferating,entering_hypoxia,-0.131346724795998,0.6995448158058906,1.8020335350506125,0.9508692622184752,0.9508692622184752,0.1056493158491665,MC38,-0.131346724795998,0.6995448158058906,Saddle / ICS,1.062806753791715,0.22734944132184057,0.44454583248809904,0.3281047261900605
CTGATAGTCATGACTG_E15S,E15S,Tumor,transitional,-0.1727195633315422,-0.3290516869401718,1.1804519994513432,0.9366591572761536,0.9366591572761536,0.1687775754845412,MC38,-0.1727195633315422,-0.3290516869401718,Saddle / ICS,1.098093736897046,0.33484439719516607,0.3456433114542307,0.31951229135060333
CACATAGTCTGGGAAG_E15S,E15S,Tumor Proliferating,normoxic_stable,-0.4332297736480742,-0.3695185864857777,0.7023185399969106,0.9315028190612792,0.9315028190612792,0.0394562162761338,MC38,-0.4332297736480742,-0.3695185864857777,Normoxic,1.0899230585525181,0.3891711779551401,0.3291539877963202,0.2816748342485397
TAATCAGCATTCAGGG_E15S,E15S,Tumor,persistent_hypoxia,0.8129623384394558,0.0833335639510046,0.269385809962009,0.938784122467041,0.938784122467041,0.0495347590219578,MC38,0.8129623384394558,0.0833335639510046,Hypoxic,0.9276135120633894,0.09262043475222735,0.3868164108602915,0.5205631543874811
GCTAGGGGTTGAAGCA_E15S,E15S,Tumor Proliferating,entering_deep_hypoxia,1.5640938233661823,1.0155109286048316,1.4149885227558143,0.9448792934417723,0.9448792934417723,0.043158133460755,MC38,1.5640938233661823,1.0155109286048316,Hypoxic,0.6717973125422272,0.007312913622802955,0.3261873678014856,0.6664997185757116
TGTATCAGTGCAAGTA_E15S,E15S,Tumor,entering_deep_hypoxia,1.4568133313770448,0.6226374016270563,0.4062506352733465,0.9357772469520568,0.9357772469520568,0.0505612772496641,MC38,1.4568133313770448,0.6226374016270563,Hypoxic,0.7106725194998712,0.01509370964338038,0.33644194221578877,0.6484643481408308
CGGTTCTCAAGGTCAT_E15S,E15S,Tumor Proliferating,exiting_hypoxia,0.3571016871394809,-0.7563592182287482,0.784498759950587,0.9304705858230592,0.9304705858230592,0.0308122025276729,MC38,0.3571016871394809,-0.7563592182287482,Hypoxic,1.0294534709863337,0.1817306023543922,0.34000954268856454,0.47825985495704326
AGGATCAGTTGCGGAG_E15S,E15S,Tumor Proliferating,exiting_hypoxia,0.4699963904008899,-0.9457008717252886,0.4015392069389155,0.9374629259109496,0.9374629259109496,0.0897756816359142,MC38,0.4699963904008899,-0.9457008717252886,Hypoxic,0.9760447256714652,0.14053812763459206,0.3253123979498508,0.5341494744155572
TGGTGGTTCCCAGGCA_E15S,E15S,Tumor,transitional,0.0037269002045526,-0.4022694577901998,2.633013674688599,0.9377487897872924,0.9377487897872924,0.2261131861278971,MC38,0.0037269002045526,-0.4022694577901998,Hypoxic,1.09437366578151,0.2906308407191468,0.35095926852603204,0.3584098907548212
GGCATGAAGATAGGTA_E15S,E15S,Tumor Proliferating,persistent_hypoxia,1.6187953225036986,-0.1325103061863511,1.797350072649408,0.9560984373092652,0.9560984373092652,0.1028439295371542,MC38,1.6187953225036986,-0.1325103061863511,Hypoxic,0.6549905021341111,0.01362965125543653,0.27411594320027394,0.7122544055442896
AGGCGTTTCACGGATC_E15S,E15S,Tumor Proliferating,transitional,-0.144226691522619,-0.0486422448050864,1.2702086639287913,0.9406243562698364,0.9406243562698364,0.0414288011778916,MC38,-0.144226691522619,-0.0486422448050864,Saddle / ICS,1.096138302601695,0.3215853215069935,0.36627103900382374,0.3121436394891828
ATGCACGCAATTGGCG_E15S,E15S,Tumor,normoxic_stable,-1.2102995208405356,-0.1346739280402453,1.609893626804325,0.9355977177619934,0.9355977177619934,0.1772686217409615,MC38,-1.2102995208405356,-0.1346739280402453,Normoxic,1.0530799566717375,0.46015470324934904,0.324424385632332,0.21542091111831907
ACCAAATTCGTTACTC_E15S,E15S,Tumor,exiting_hypoxia,0.5868220433944392,-1.3959032579335793,-0.0187514816618456,0.9440436959266664,0.9440436959266664,0.0964941718244845,MC38,0.5868220433944392,-1.3959032579335793,Hypoxic,0.8422533588780523,0.07862173735766119,0.2812358242651665,0.6401424383771723
TGGTTCCCATCCCGTG_E15S,E15S,Tumor Proliferating,persistent_hypoxia,0.7157095738419517,-0.3761298142675644,0.5897514428080587,0.9318786859512328,0.9318786859512328,0.0560052567415771,MC38,0.7157095738419517,-0.3761298142675644,Hypoxic,0.9555074069037922,0.11583652116362925,0.3585082507939071,0.5256552280424637
CTGTCATTCCTTAGCT_E15S,E15S,Tumor,persistent_hypoxia,0.7431224238629569,-0.0962565685168215,0.1647072287868037,0.9325302839279176,0.9325302839279176,0.0829242479330469,MC38,0.7431224238629569,-0.0962565685168215,Hypoxic,0.9529041812621724,0.10975132990713604,0.37798918876022314,0.5122594813326409
ACCCGAACACAACCTC_E15S,E15S,Tumor,exiting_hypoxia,2.531902455085468,-1.1481053119368578,-0.3243702466501558,0.9514224529266356,0.9514224529266356,0.0726337165394791,MC38,2.531902455085468,-1.1481053119368578,Hypoxic,0.3116258743791687,0.0003134173512302948,0.09273237387568817,0.9069542087730816
TCAAAGGGTTGCGCGT_E15S,E15S,Tumor Proliferating,persistent_hypoxia,1.55000955262059,-0.242418356765963,1.0378139081724345,0.9142950177192688,0.9142950177192688,0.2521277736738651,MC38,1.55000955262059,-0.242418356765963,Hypoxic,0.6700278566623253,0.016723426965681347,0.27744000103345245,0.7058365720008664
ATAGGCCTCCTCAGCC_E15S,E15S,Tumor,normoxic_stable,-1.1530409215339588,-0.243490358871909,-0.2473210237425683,0.9430484771728516,0.9430484771728516,0.187179482145078,MC38,-1.1530409215339588,-0.243490358871909,Normoxic,1.0537301098498868,0.46309094045263893,0.31705445269607285,0.21985460685128821
CGACTATGTGATGCCC_E15S,E15S,Tumor,transitional,-0.1628239687253713,-0.3640800859934349,-0.0193429445382619,0.941307246685028,0.941307246685028,0.2548005341014681,MC38,-0.1628239687253713,-0.3640800859934349,Saddle / ICS,1.0982900787499148,0.3321278655786646,0.34425537257766786,0.3236167618436675
AGTACGGAGTGAATCT_E15S,E15S,Tumor Proliferating,exiting_hypoxia,0.6479442591251217,-1.0390966154685477,0.6009977968487835,0.93272465467453,0.93272465467453,0.0544809275176375,MC38,0.6479442591251217,-1.0390966154685477,Hypoxic,0.9018246148492192,0.09854582402268203,0.30967466870153815,0.5917795072757798
GTAAATGAGCCCGTTC_E15S,E15S,Tumor,entering_hypoxia,0.0671040955615592,0.5727605948379119,1.635478444345625,0.9329548478126526,0.9329548478126526,0.136267128820716,MC38,0.0671040955615592,0.5727605948379119,Saddle / ICS,1.0561079301435472,0.2079463295490052,0.43640872035989303,0.3556449500911018
AACCTCAAGGTAACTT_E15S,E15S,Tumor,transitional,-0.3135734277747915,0.3149500016341305,0.7390946676082757,0.9500473141670228,0.9500473141670228,0.1140715029215782,MC38,-0.3135734277747915,0.3149500016341305,Saddle / ICS,1.0901951934305099,0.32334931906721875,0.3908633940028,0.2857872869299811
CACCAGTAGTGCCTGG_E15S,E15S,Tumor,exiting_hypoxia,0.3493258438820157,-0.6671149864565884,0.8808615805933531,0.9409823417663574,0.9409823417663574,0.3054500880877277,MC38,0.3493258438820157,-0.6671149864565884,Hypoxic,1.038753804004025,0.18980350959185127,0.34560297468012124,0.4645935157280275
GCGGTTTAGCGCTACG_E15S,E15S,Tumor Proliferating,transitional,-0.3177413326027247,0.171290920106223,1.8351805800024097,0.9405574798583984,0.9405574798583984,0.1272465581581027,MC38,-0.3177413326027247,0.171290920106223,Saddle / ICS,1.091938362473345,0.3414475660853435,0.3755565755213821,0.2829958583932743
CATCTCACAAGTCGAT_E15S,E15S,Tumor Proliferating,exiting_hypoxia,-0.1130127880745602,-0.4788824854300623,2.0353696910988472,0.9362882375717164,0.9362882375717164,0.0283227044745946,MC38,-0.1130127880745602,-0.4788824854300623,Hypoxic,1.098008156188266,0.3170233718451466,0.3410611292274061,0.3419154989274472
CGGATAAGTTTCGTCC_E15S,E15S,Tumor Proliferating,persistent_hypoxia,1.464485867031343,0.2374584967889031,2.47670642451957,0.9359363913536072,0.9359363913536072,0.0493900712970424,MC38,1.464485867031343,0.2374584967889031,Hypoxic,0.7135042095571345,0.01913560738896469,0.31923859271270877,0.6616257998983266
CCTGTCGCAAATCGAC_E15S,E15S,Tumor,persistent_hypoxia,1.418874572877836,0.0247825537459319,0.0270508786161575,0.9385324120521544,0.9385324120521544,0.0860898004643673,MC38,1.418874572877836,0.0247825537459319,Hypoxic,0.724606485170282,0.023417418183963153,0.3143212151482672,0.6622613666677696
ACCTGCCTCGACCCAG_E15S,E15S,Tumor Proliferating,entering_deep_hypoxia,0.5900157017903993,0.9039012716584776,0.5070975262988096,0.9344252943992616,0.9344252943992616,0.073539565822571,MC38,0.5900157017903993,0.9039012716584776,Hypoxic,0.9116634234291627,0.07735422959295483,0.45371922642377815,0.468926543983267
GCCATAATCCTGCCTA_E15S,E15S,Tumor,exiting_hypoxia,1.4786109332121495,-1.2345156429536366,0.7068046826362887,0.9381572008132936,0.9381572008132936,0.0844744621413027,MC38,1.4786109332121495,-1.2345156429536366,Hypoxic,0.568502416186386,0.011797925928600505,0.20489707742155674,0.7833049966498429
CATATTCCAACTGTGG_E15S,E15S,Tumor Proliferating,entering_deep_hypoxia,1.0098747983121246,0.4803303754390052,0.1348559511969494,0.9367703795433044,0.9367703795433044,0.0497814358802149,MC38,1.0098747983121246,0.4803303754390052,Hypoxic,0.8448783882186146,0.05075909022644878,0.39380053224011885,0.5554403775334325
TAACTGACATCATACT_E15S,E15S,Tumor,transitional,-0.3442507207956442,0.2773620094079452,1.1547826687740157,0.9347174763679504,0.9347174763679504,0.0548566682183027,MC38,-0.3442507207956442,0.2773620094079452,Saddle / ICS,1.0904024572637852,0.334167961770885,0.385083201749474,0.28074883647964105
TGCTAACGTGCGCCAT_E15S,E15S,Tumor,persistent_hypoxia,0.6699392049388214,0.1528430103125343,0.2073066675457471,0.9399492144584656,0.9399492144584656,0.0569695634746608,MC38,0.6699392049388214,0.1528430103125343,Hypoxic,0.9686243381887167,0.11675776308574994,0.3995844153411025,0.4836578215731476
CGTAACATCACGCAAC_E15S,E15S,Tumor,persistent_hypoxia,1.3817037454959522,-0.2375059155140214,0.1952675003894646,0.9360989332199096,0.9360989332199096,0.1461562771128285,MC38,1.3817037454959522,-0.2375059155140214,Hypoxic,0.7261740156453883,0.026701393686854515,0.3023766313756449,0.6709219749375005
CATCAATAGCCAATGC_E15S,E15S,Tumor Proliferating,transitional,0.188625986291403,0.2900904899475405,2.4035080092637044,0.9381399154663086,0.9381399154663086,0.1069356593527692,MC38,0.188625986291403,0.2900904899475405,Saddle / ICS,1.0635612645367165,0.21484895966460985,0.41213252440071646,0.3730185159346736
CTACTTGCAGGGCACT_E15S,E15S,Tumor,exiting_hypoxia,0.2402647729589495,-1.149521888275756,0.0529447382656649,0.9360603094100952,0.9360603094100952,0.0946079746525463,MC38,0.2402647729589495,-1.149521888275756,Hypoxic,1.0051226503285735,0.16774277184420172,0.31658823063735925,0.515668997518439
AGCACGTTCTCATCTA_E15S,E15S,Tumor Proliferating,transitional,-0.3572646349065776,0.0449080157486827,2.7237676202733767,0.9389272332191468,0.9389272332191468,0.068024623924087,MC38,-0.3572646349065776,0.0449080157486827,Saddle / ICS,1.0913713886844942,0.36101907243002546,0.36149581108367274,0.2774851164863018
CCATCTTAGCGAAGGC_E15S,E15S,Tumor,exiting_hypoxia,1.3055529560101882,-0.6453973438285057,0.4172762244384134,0.929861068725586,0.929861068725586,0.0792363517612353,MC38,1.3055529560101882,-0.6453973438285057,Hypoxic,0.7175446094105952,0.029766672484354866,0.28068414566700134,0.6895491818486438
AGAATAGTCTAATGCG_E15S,E15S,Tumor,entering_hypoxia,-0.3551569325958956,1.87279318146222,1.4889940428213684,0.9418779611587524,0.9418779611587524,0.074176985447494,MC38,-0.3551569325958956,1.87279318146222,Saddle / ICS,0.8558656832604188,0.05538200177487622,0.5503694924668601,0.3942485057582637
ACAGCAAGTGAAGCTA_E15S,E15S,Tumor Proliferating,exiting_hypoxia,0.38631571712842,-1.5405016956363176,1.9200704089439624,0.9404020309448242,0.9404020309448242,0.0921580656626388,MC38,0.38631571712842,-1.5405016956363176,Hypoxic,0.8689276476996179,0.09233604606767724,0.2802336602048287,0.6274302937274939
TCCAGTAAGTCATCGA_E15S,E15S,Tumor,exiting_hypoxia,0.9234621270223136,-0.6789881968199001,0.0575890581109031,0.9406437873840332,0.9406437873840332,0.1414171756042592,MC38,0.9234621270223136,-0.6789881968199001,Hypoxic,0.8562163051148479,0.07176467169200418,0.3202065281753951,0.6080288001326007
CTTAGCGGTGCAACGG_E15S,E15S,Tumor,entering_hypoxia,0.0628044849125992,0.4671819227578633,0.1029287823499913,0.942031741142273,0.942031741142273,0.0915678809744738,MC38,0.0628044849125992,0.4671819227578633,Saddle / ICS,1.0658950593952023,0.22328554156400168,0.42528883018420366,0.3514256282517947
CGCATCTCATAAGTGC_E15S,E15S,Tumor,persistent_hypoxia,1.870484442503233,-0.2410269670910887,0.2680007538806915,0.9355125427246094,0.9355125427246094,0.0327639230898789,MC38,1.870484442503233,-0.2410269670910887,Hypoxic,0.5731636144117314,0.006198328202615291,0.2281954782691739,0.7656061935282108
AAGCCGCCACAGCCTT_E15S,E15S,Tumor Proliferating,transitional,0.2880222826317882,0.3371578678156354,0.1716993213476896,0.937316119670868,0.937316119670868,0.05223555445683,MC38,0.2880222826317882,0.3371578678156354,Saddle / ICS,1.0451649631207454,0.18721049847840393,0.4186656674184471,0.39412383410314894
TGGCTGACATGGTGAT_E15S,E15S,Tumor,reverted_stable,-1.3483100918702997,-1.3323077084430144,0.2535579961234383,0.9453644156455994,0.9453644156455994,0.2072064678475758,MC38,-1.3483100918702997,-1.3323077084430144,Hypoxic,1.0970490679604348,0.3368119782341973,0.3090341244454411,0.3541538973203617
TGAACATTCCGCCAAG_E15S,E15S,Tumor,persistent_hypoxia,0.3526929159165524,-0.3915459027568146,-0.2160811052945677,0.943132758140564,0.943132758140564,0.1595891064943023,MC38,0.3526929159165524,-0.3915459027568146,Hypoxic,1.0518760623274401,0.20041647920128322,0.3633177623760062,0.4362657584227106
GGGACCTCATAACGGT_E15S,E15S,Tumor Proliferating,persistent_hypoxia,0.9227382088221976,-0.3081338182141966,1.801167444994687,0.9291998744010924,0.9291998744010924,0.0415017029723194,MC38,0.9227382088221976,-0.3081338182141966,Hypoxic,0.8871607096497343,0.07859306874860461,0.35006884509502595,0.5713380861563694
GCTGACTAGGATCACC_E15S,E15S,Tumor Proliferating,transitional,-0.3542774697271127,0.2849039350591806,1.4104571989229344,0.9384098649024964,0.9384098649024964,0.0647008546129537,MC38,-0.3542774697271127,0.2849039350591806,Saddle / ICS,1.0901495771954273,0.3350902502520598,0.385362584101519,0.2795471656464211
GTTAGGGAGGCTATAT_E15S,E15S,Tumor,exiting_hypoxia,-0.235205282362112,-0.983790527550631,0.1749645353909353,0.9463077783584596,0.9463077783584596,0.2306579658364271,MC38,-0.235205282362112,-0.983790527550631,Hypoxic,1.0922212825143431,0.2960705548355464,0.3184118573279539,0.3855175878364997
AAAGTGATCCTCGTTG_E15S,E15S,Tumor,reverted_stable,-0.8848380929859379,-0.5094357825481977,2.104781873443008,0.9388564825057985,0.9388564825057985,0.32798089844784,MC38,-0.8848380929859379,-0.5094357825481977,Normoxic,1.0680945684037002,0.4457683983717267,0.3074308759762194,0.24680072565205396
ATAGCGAGTGCGAGCA_E15S,E15S,Tumor Proliferating,persistent_hypoxia,2.333382977321836,0.0644413438656729,0.6952716215446835,0.9394245743751526,0.9394245743751526,0.0361361724477182,MC38,2.333382977321836,0.0644413438656729,Hypoxic,0.4690849229151991,0.0011414079118497887,0.1728824226404912,0.8259761694476591
CATGGTTGTGGCTTGC_E15S,E15S,Tumor,transitional,-0.0691617666297538,0.0747209106963754,0.094652444639104,0.9579646587371826,0.9579646587371826,0.1043075114848908,MC38,-0.0691617666297538,0.0747209106963754,Saddle / ICS,1.0930244852427795,0.295828091730968,0.3808845352807081,0.32328737298832394
CCTGTGGAGCATGTCA_E15S,E15S,Tumor Proliferating,exiting_hypoxia,1.186297819467555,-0.5383053121793356,3.254085587401927,0.938508152961731,0.938508152961731,0.0478742502368997,MC38,1.186297819467555,-0.5383053121793356,Hypoxic,0.7727711338417496,0.041805457792496545,0.30460292386578375,0.6535916183417197
GCCGTTAGTAACTCGT_E15S,E15S,Tumor,exiting_hypoxia,-0.0733554189380108,-1.2740353128078297,-0.0404746507218586,0.9386684894561768,0.9386684894561768,0.1515946522749473,MC38,-0.0733554189380108,-1.2740353128078297,Hypoxic,1.0473355299146736,0.2143716302569869,0.3116016988341836,0.47402667090882966
ACAGATGGTTAATCTG_E15S,E15S,Tumor,entering_hypoxia,-0.2705766782970826,2.00185360441932,1.1541179098147711,0.9420447945594788,0.9420447945594788,0.0685733861158552,MC38,-0.2705766782970826,2.00185360441932,Saddle / ICS,0.8227285432965006,0.039387875573656785,0.546352856616284,0.41425926781005923
AACAGGCGTCAGCTAT_E15S,E15S,Tumor,persistent_hypoxia,1.583018290023517,-0.0598418750282353,0.428626554926685,0.9416540265083312,0.9416540265083312,0.051326588843264,MC38,1.583018290023517,-0.0598418750282353,Hypoxic,0.6697190350620863,0.015013361944953835,0.2841659367784693,0.7008207012765769
ACTACAACAAACTAGC_E15S,E15S,Tumor Proliferating,persistent_hypoxia,1.1073834620107843,0.2434200448167032,0.3478621566827596,0.927124559879303,0.927124559879303,0.2461538839235105,MC38,1.1073834620107843,0.2434200448167032,Hypoxic,0.8259658748922329,0.047027096720998716,0.36944840687807323,0.5835244964009281
CCCAGGATCAGGACGA_E15S,E15S,Tumor Proliferating,entering_hypoxia,0.2509843021842141,0.9216749578267476,0.3357408377672133,0.932171106338501,0.932171106338501,0.0816463049053258,MC38,0.2509843021842141,0.9216749578267476,Saddle / ICS,0.9807059492748097,0.12491224619107001,0.4703232369675597,0.4047645168413703
CACCCTTGTAACGGGT_E15S,E15S,Tumor,exiting_hypoxia,1.4869329834307958,-0.4211455415649573,-0.2163659469439578,0.9447603821754456,0.9447603821754456,0.0637468200774965,MC38,1.4869329834307958,-0.4211455415649573,Hypoxic,0.6771752248024622,0.019590721220033212,0.2738765088100393,0.7065327699699275
TACCCTTAGCTGGTGT_E15S,E15S,Tumor,transitional,-0.2643921035341184,-0.3519152209596655,2.0352900915505328,0.9348587989807128,0.9348587989807128,0.2694038207219956,MC38,-0.2643921035341184,-0.3519152209596655,Normoxic,1.096659792988252,0.35527764810031565,0.33920315360798625,0.30551919829169816
GTCTACTTCCTTGGTT_E15S,E15S,Tumor,exiting_hypoxia,0.2611836946934029,-0.5954287686996148,-0.1150938993977104,0.942432701587677,0.942432701587677,0.230408470863886,MC38,0.2611836946934029,-0.5954287686996148,Hypoxic,1.0607062977937223,0.21628234586408532,0.34904279516929615,0.4346748589666185
CCGTCGAAGGTTAATC_E15S,E15S,Tumor Proliferating,transitional,0.208023760815495,0.0817834239006207,2.023866187137154,0.9499415755271912,0.9499415755271912,0.1087502513831118,MC38,0.208023760815495,0.0817834239006207,Saddle / ICS,1.0713194550231917,0.22710814892959533,0.394473263326237,0.3784185877441676
CTATCAAGTGATTACC_E15S,E15S,Tumor Proliferating,entering_deep_hypoxia,1.1367897683171044,2.7069899152034105,1.2832795840107991,0.9446943402290344,0.9446943402290344,0.0238340853498514,MC38,1.1367897683171044,2.7069899152034105,Hypoxic,0.639040338047508,0.0005997483803226066,0.33007477480939174,0.6693254768102856
AGACATGGTCATCAGT_E15S,E15S,Tumor Proliferating,exiting_hypoxia,-0.0478214411634411,-0.8122395138769627,1.5052650199108033,0.9377176761627196,0.9377176761627196,0.0355680648696942,MC38,-0.0478214411634411,-0.8122395138769627,Hypoxic,1.088124428410154,0.2759964660352027,0.3299091964760523,0.3940943374887449
TCGCGCAAGCTACGCG_E15S,E15S,Tumor Proliferating,exiting_hypoxia,0.0466419139488988,-0.6623321718115095,0.8782684115473817,0.9282405972480774,0.9282405972480774,0.0308465888453376,MC38,0.0466419139488988,-0.6623321718115095,Hypoxic,1.0862063301080045,0.26663495793070413,0.3395690430704637,0.3937959989988321
GGTGGCAGTAACGGGT_E15S,E15S,Tumor Proliferating,exiting_hypoxia,0.0242469202494714,-0.6272067554074453,0.9604085640695652,0.9301782846450806,0.9301782846450806,0.0463523709644078,MC38,0.0242469202494714,-0.6272067554074453,Hypoxic,1.0892908972105457,0.27482590291975373,0.34037618397448066,0.38479791310576567
TACACCGGTTAATCGC_E15S,E15S,Tumor Proliferating,exiting_hypoxia,-0.1879705194796059,-0.598688791071357,0.8898899381545728,0.940315842628479,0.940315842628479,0.1242492957434157,MC38,-0.1879705194796059,-0.598688791071357,Hypoxic,1.098504341879958,0.3280627110073439,0.3320685058453981,0.33986878314725794
TCTATGCTCCGCGAAT_E15S,E15S,Tumor,exiting_hypoxia,0.228660926685905,-0.41628341684258,0.0793820504279366,0.9433327317237854,0.9433327317237854,0.1778642716079541,MC38,0.228660926685905,-0.41628341684258,Hypoxic,1.0724015567367076,0.23199922085002994,0.3590923991772696,0.4089083799727004
TCCATAAGTTTCCGAG_E15S,E15S,Tumor Proliferating,entering_hypoxia,0.1143056416275782,0.6569145243709814,1.2792430722961867,0.934276521205902,0.934276521205902,0.0459293179938409,MC38,0.1143056416275782,0.6569145243709814,Saddle / ICS,1.0410461347413447,0.18632707815883576,0.44613560085200227,0.3675373209891619
GTTAATGCAAGCTCAG_E15S,E15S,Tumor,persistent_hypoxia,0.7174422819300236,-0.2826492309068578,0.3977806669649857,0.9218444228172302,0.9218444228172302,0.1043761386412011,MC38,0.7174422819300236,-0.2826492309068578,Hypoxic,0.9585901837547204,0.11620100798224937,0.3654308338869695,0.5183681581307811
AGTAACGGTAGCGATA_E15S,E15S,Tumor,transitional,-0.152159708521388,0.1204132679354188,1.0865234988659629,0.9305843710899352,0.9305843710899352,0.0550200332845038,MC38,-0.152159708521388,0.1204132679354188,Saddle / ICS,1.0937559669277102,0.3112270644437926,0.3802618611980209,0.3085110743581865
ATCGTAGTCGCGTAAC_E15S,E15S,Tumor,exiting_hypoxia,0.4871075899304427,-1.1585198665971157,-0.0856113679035055,0.9403676390647888,0.9403676390647888,0.1205594564172852,MC38,0.4871075899304427,-1.1585198665971157,Hypoxic,0.9325940107110484,0.11727573953275751,0.3083338073424993,0.5743904531247432
GTTCAATAGGTAGTGG_E15S,E15S,Tumor,persistent_hypoxia,1.5265386161684753,0.3713957081743749,0.8412421340502881,0.9347537755966188,0.9347537755966188,0.0717313828338151,MC38,1.5265386161684753,0.3713957081743749,Hypoxic,0.6955386675661444,0.014958148004287472,0.31566335868810963,0.6693784933076029
GGTAATTTCCCGTTGC_E15S,E15S,Tumor,persistent_hypoxia,0.3032007285280385,-0.371808758131134,0.6775398761299998,0.933236598968506,0.933236598968506,0.0362987929039964,MC38,0.3032007285280385,-0.371808758131134,Hypoxic,1.0615194730292947,0.21351613311825918,0.36379065538164146,0.4226932115000993
ACCTAAGTCGTTACAG_E15S,E15S,Tumor,exiting_hypoxia,1.005214705148445,-1.179232504393633,-0.1652623898796385,0.9451545476913452,0.9451545476913452,0.080258534650119,MC38,1.005214705148445,-1.179232504393633,Hypoxic,0.7414534423812458,0.04245546673530687,0.2660106947400764,0.6915338385246167
ACGTTCAAGTTAGTAC_E15S,E15S,Tumor Proliferating,exiting_hypoxia,-0.2025913269502099,-1.0066491090194465,1.2357484630473008,0.9323033690452576,0.9323033690452576,0.2114891019068052,MC38,-0.2025913269502099,-1.0066491090194465,Hypoxic,1.0892506449207553,0.2857385884283984,0.31876503293598896,0.39549637863561277
ACGCTGACACCAGCAA_E15S,E15S,Tumor,normoxic_stable,-0.8294956744847893,-0.0408760461865331,1.3591249959902036,0.9372710585594176,0.9372710585594176,0.2790924238671183,MC38,-0.8294956744847893,-0.0408760461865331,Normoxic,1.0660258803358658,0.43652960462062196,0.33362136710879686,0.22984902827058112
CCCATTGTCTAGTAAC_E15S,E15S,Tumor,entering_hypoxia,0.1411032841849053,0.6957494926649148,1.7985320852398192,0.9420576691627502,0.9420576691627502,0.1237404615419268,MC38,0.1411032841849053,0.6957494926649148,Saddle / ICS,1.0324880576127953,0.1755286150895489,0.45039368805339447,0.3740776968570567
GGAGATTAGGATCTAT_E15S,E15S,Tumor Proliferating,persistent_hypoxia,2.1000372304660506,-0.3777120849428884,1.2441378192612706,0.9505538940429688,0.9505538940429688,0.1281387955730809,MC38,2.1000372304660506,-0.3777120849428884,Hypoxic,0.4984960331370799,0.00275914632396392,0.1857825204062018,0.8114583332698343
CGTACTAAGAAGGTCG_E15S,E15S,Tumor Proliferating,exiting_hypoxia,1.5411642524035267,-1.1784178035730468,0.4669319137082239,0.94096577167511,0.94096577167511,0.0659671415016761,MC38,1.5411642524035267,-1.1784178035730468,Hypoxic,0.5591568553409081,0.010433390900183494,0.20227856335156452,0.7872880457482521
TGCTACCCAACTACTT_E15S,E15S,Tumor,persistent_hypoxia,0.4198616876150212,-0.2285878512733437,0.3068736836745879,0.9368473887443542,0.9368473887443542,0.1354425863791619,MC38,0.4198616876150212,-0.2285878512733437,Hypoxic,1.040729922332534,0.18439081392371817,0.3752981156404463,0.44031107043583556
CACCACCTCAGTACCA_E15S,E15S,Tumor,entering_hypoxia,-0.1101149957006494,0.4791643690725311,0.1881465864249728,0.9424907565116882,0.9424907565116882,0.1326527296258617,MC38,-0.1101149957006494,0.4791643690725311,Saddle / ICS,1.0790314658028983,0.2587381337386956,0.41966048346594975,0.3216013827953548
CACCATCCATGCTCAC_E15S,E15S,Tumor,entering_hypoxia,-0.2124244907149872,0.4141044466267021,0.3342157442974315,0.9408981204032898,0.9408981204032898,0.050259804425386,MC38,-0.2124244907149872,0.4141044466267021,Saddle / ICS,1.0865074118500724,0.2893677260280897,0.40735819142452767,0.3032740825473827
CAAGTGAGTTTCGTCC_E15S,E15S,Tumor Proliferating,exiting_hypoxia,1.0153517557671647,-1.052382099339315,2.277057603472015,0.935276448726654,0.935276448726654,0.3085875358386895,MC38,1.0153517557671647,-1.052382099339315,Hypoxic,0.7630979510002012,0.04651762042149077,0.27743472427537574,0.6760476553031335
TGATGAAAGTTAGCAT_E15S,E15S,Tumor,exiting_hypoxia,0.4510171960521823,-0.4393221838803728,-0.1955529261736711,0.9397435784339904,0.9397435784339904,0.1446602431727884,MC38,0.4510171960521823,-0.4393221838803728,Hypoxic,1.0286753357679195,0.17464730137658638,0.36057826351525496,0.4647744351081587
GCCTGGATCATCTGGA_E15S,E15S,Tumor,exiting_hypoxia,-0.1141061499596274,-0.7653072124994701,2.3215907441805803,0.9389995336532592,0.9389995336532592,0.1694247809103886,MC38,-0.1141061499596274,-0.7653072124994701,Hypoxic,1.094082615396967,0.2966232268006301,0.32921567775561694,0.374161095443753
AATCATCAGTAGCATT_E15S,E15S,Tumor Proliferating,transitional,-0.0876462998070269,-0.2624495069651785,2.910072540884748,0.9339535236358644,0.9339535236358644,0.1170328725966813,MC38,-0.0876462998070269,-0.2624495069651785,Saddle / ICS,1.0974134099887247,0.3146089941014109,0.35443631402376524,0.3309546918748238
ACCGATGCACTAACGG_E15S,E15S,Tumor,entering_hypoxia,-0.2166595407832874,1.9460467630633076,1.3590471842670413,0.9389737844467164,0.9389737844467164,0.1074565482071698,MC38,-0.2166595407832874,1.9460467630633076,Saddle / ICS,0.8302593514102852,0.0422342813787145,0.5429397834367286,0.414825935184557
TCCACTTAGTAATGAG_E15S,E15S,Tumor,persistent_hypoxia,0.5690850868216186,-0.1404883236657609,-0.3169206427806982,0.9439607262611388,0.9439607262611388,0.2101687626135015,MC38,0.5690850868216186,-0.1404883236657609,Hypoxic,1.004455856404748,0.14754117530261898,0.38083511668246617,0.4716237080149147
CACGTTGGTTCATCGG_E15S,E15S,Tumor,reverted_stable,-0.978863095403209,-0.457328851885846,2.285128701514203,0.9353463649749756,0.9353463649749756,0.1963863838686347,MC38,-0.978863095403209,-0.457328851885846,Normoxic,1.0625007169148457,0.45465219985095817,0.30778716565768355,0.23756063449135847
AACGATTTCACGCAAC_E15S,E15S,Tumor Proliferating,entering_hypoxia,-0.2875457418744023,1.7017998166829724,1.6469681066284123,0.9424759149551392,0.9424759149551392,0.0258151592539798,MC38,-0.2875457418744023,1.7017998166829724,Saddle / ICS,0.8901008007048494,0.0726696186149529,0.5416116378688851,0.385718743516162
ATTCGATAGCCACATA_E15S,E15S,Tumor Proliferating,entering_hypoxia,-0.4770874562463627,1.0813366469917918,1.372017286387079,0.9439724683761596,0.9439724683761596,0.0649957019098932,MC38,-0.4770874562463627,1.0813366469917918,Saddle / ICS,1.037953764354284,0.20359157924584417,0.48577363153262115,0.3106347892215347
GTGACGTTCGTTCGGG_E15S,E15S,Tumor,exiting_hypoxia,0.2302720236120993,-0.4435923991402649,0.0791838271923799,0.9397666454315186,0.9397666454315186,0.1241521666960677,MC38,0.2302720236120993,-0.4435923991402649,Hypoxic,1.0715070829567184,0.23082717792105661,0.35744679530145024,0.41172602677749315
TCAGTTGAGAAGGGAA_E15S,E15S,Tumor,transitional,0.0190154215985612,-0.214809454925835,0.0788313696344676,0.9409195184707642,0.9409195184707642,0.0987439170381731,MC38,0.0190154215985612,-0.214809454925835,Saddle / ICS,1.0936321707674845,0.2875381135595263,0.3633275392662977,0.3491343471741759
CGCTACCTCGAACCCG_E15S,E15S,Tumor,persistent_hypoxia,1.1836035823881916,0.317593452919002,0.345475788091076,0.9357886910438538,0.9357886910438538,0.1033002509634737,MC38,1.1836035823881916,0.317593452919002,Hypoxic,0.7992570587624651,0.03786910449132914,0.36404495195460346,0.5980859435540674
TGCTACAAGCCCGTAG_E15S,E15S,Tumor Proliferating,transitional,-0.2920568625719731,-0.2335749783748452,1.7465426805044288,0.9356376528739928,0.9356376528739928,0.0556570536556797,MC38,-0.2920568625719731,-0.2335749783748452,Normoxic,1.0949508186545458,0.3610586633764173,0.3444456934677991,0.2944956431557837
CCTGTAAAGTTACGGC_E15S,E15S,Tumor Proliferating,transitional,-0.241612257308243,0.2291588073332731,0.687207900887435,0.933837592601776,0.933837592601776,0.036279176845471,MC38,-0.241612257308243,0.2291588073332731,Saddle / ICS,1.0920842258404169,0.3195493073766591,0.3857042242378778,0.2947464683854632
GTCCCTTGTGAACCTT_E15S,E15S,Tumor,entering_hypoxia,0.0243038462993951,0.7227865265951913,0.5312383687513057,0.9380982518196106,0.9380982518196106,0.0674378881733925,MC38,0.0243038462993951,0.7227865265951913,Saddle / ICS,1.0448344875409148,0.19400469601574205,0.4513561183765648,0.35463918560769314
CGTACCCTCTGGCCTC_E15S,E15S,Tumor,exiting_hypoxia,0.4398360903163125,-0.4265267684061954,0.0714117199570912,0.9189023375511168,0.9189023375511168,0.0633597363125234,MC38,0.4398360903163125,-0.4265267684061954,Hypoxic,1.0318637929227874,0.17771633255399688,0.36148241400197134,0.4608012534440319
GTTATCCTCACATAGT_E15S,E15S,Tumor Proliferating,entering_deep_hypoxia,2.6573776400195683,2.123723813172428,1.2848646400224777,0.947802186012268,0.947802186012268,0.0431581821089191,MC38,2.6573776400195683,2.123723813172428,Hypoxic,0.386638733233476,1.826279942352736e-05,0.13001949060210724,0.8699622465984691
CTCGAATGTCTGTGTG_E15S,E15S,Tumor Proliferating,exiting_hypoxia,1.392279547818171,-1.488917239675939,0.7208437777942794,0.921759068965912,0.921759068965912,0.1247225725295528,MC38,1.392279547818171,-1.488917239675939,Hypoxic,0.5454400320590124,0.01101023185110858,0.1906678008172881,0.7983219673316033
ACGATTGTCCCTCAGC_E15S,E15S,Tumor,transitional,-0.4224241221381646,0.3890637588609988,0.8770707500353643,0.9342256784439088,0.9342256784439088,0.1372758486755823,MC38,-0.4224241221381646,0.3890637588609988,Saddle / ICS,1.087734829240489,0.332636726859181,0.39376062502078085,0.2736026481200382
ATCACGATCCGGGCTA_E15S,E15S,Tumor,exiting_hypoxia,1.7027890826971102,-0.7273437102615354,0.1319025589362743,0.9417717456817628,0.9417717456817628,0.126175316383113,MC38,1.7027890826971102,-0.7273437102615354,Hypoxic,0.5756461283840362,0.009162973404347559,0.2191307195150832,0.7717063070805692
GCGACATTCGCATTAG_E15S,E15S,Tumor,persistent_hypoxia,0.7982298797690109,-0.3342100573128524,-0.2676886816958344,0.9438580274581908,0.9438580274581908,0.2131999557071474,MC38,0.7982298797690109,-0.3342100573128524,Hypoxic,0.9297985603239036,0.10010738840159607,0.3571449443395102,0.5427476672588938
CCTTGAAAGCAAGCGA_E15S,E15S,Tumor,transitional,-0.3196892663465762,0.1013841787439386,1.7238030893827927,0.9339016675949096,0.9339016675949096,0.1498549115097623,MC38,-0.3196892663465762,0.1013841787439386,Saddle / ICS,1.092356224229623,0.34873831941335914,0.36874832944565894,0.2825133511409818
AGCCCCTTCAATCCTC_E15S,E15S,Tumor,entering_hypoxia,-0.0049724162974497,0.6244472749076159,2.066106676350417,0.9314665198326112,0.9314665198326112,0.2076613899376838,MC38,-0.0049724162974497,0.6244472749076159,Saddle / ICS,1.0589308788275673,0.21508800161037298,0.43989765545401227,0.3450143429356148
TGCGTAATCCGTATGA_E15S,E15S,Tumor,exiting_hypoxia,0.1539910633441114,-0.4749444734163924,-0.0392731018471689,0.941576898097992,0.941576898097992,0.1954251923485599,MC38,0.1539910633441114,-0.4749444734163924,Hypoxic,1.0807712443529656,0.24966464930495266,0.3531916845879553,0.3971436661070921
TGACATTAGTTAGACT_E15S,E15S,Tumor,entering_hypoxia,-0.0391695914159556,0.9931112013027076,1.2813935991347896,0.932083547115326,0.932083547115326,0.0409240494409709,MC38,-0.0391695914159556,0.9931112013027076,Saddle / ICS,1.0136039257129865,0.16017431018741118,0.47947708402787487,0.36034860578471406
CCTAACCCACTTCGTA_E15S,E15S,Tumor Proliferating,entering_deep_hypoxia,1.064618226373773,0.5685183743036449,1.512508525015392,0.9379013776779176,0.9379013776779176,0.0473480349569634,MC38,1.064618226373773,0.5685183743036449,Hypoxic,0.8224833527962483,0.04208783548425,0.3916215494303969,0.566290615085353
TGTCTCACACCATAGG_E15S,E15S,Tumor Proliferating,persistent_hypoxia,0.5225202489283425,0.085872428448178,2.3504917215283525,0.9372246861457824,0.9372246861457824,0.0566572864156798,MC38,0.5225202489283425,0.085872428448178,Hypoxic,1.0113999925563095,0.151052658223997,0.39861592867796264,0.4503314130980404
ATGATGTTCAGTGCTA_E15S,E15S,Tumor,normoxic_stable,-0.5184311722493798,0.3146900488293304,0.2888639827604168,0.9396289587020874,0.9396289587020874,0.2253789472336345,MC38,-0.5184311722493798,0.3146900488293304,Saddle / ICS,1.0857657646174552,0.35940175393758833,0.38037857944259884,0.2602196666198127
CCCGATGAGCCACGCA_E15S,E15S,Tumor,persistent_hypoxia,1.658732518539968,0.274940188575589,0.1137947065662159,0.9357564449310304,0.9357564449310304,0.1010877381899536,MC38,1.658732518539968,0.274940188575589,Hypoxic,0.6575487798401018,0.010723315384137962,0.2897660778163843,0.6995106067994777
CTTGGGACAAGGTGCC_E15S,E15S,Tumor Proliferating,entering_hypoxia,0.2698930702741855,0.5379193440164822,0.7670478282121833,0.9372565150260924,0.9372565150260924,0.057042349855655,MC38,0.2698930702741855,0.5379193440164822,Saddle / ICS,1.030007421803667,0.16991515436000787,0.436551700913302,0.39353314472669015
GTAGTAAAGTGGGTCT_E15S,E15S,Tumor,entering_hypoxia,-0.6665415260021501,0.6196561697619677,1.0398201097186954,0.9343709945678712,0.9343709945678712,0.0728006901794662,MC38,-0.6665415260021501,0.6196561697619677,Saddle / ICS,1.0803773673892663,0.32705127027114644,0.4142595310727607,0.2586891986560929
ATAGGCTCATTGCGTC_E15S,E15S,Tumor,exiting_hypoxia,0.3424885141996134,-1.1343178874011612,-0.0761380147304054,0.9399601817131042,0.9399601817131042,0.0859024962398918,MC38,0.3424885141996134,-1.1343178874011612,Hypoxic,0.9810369223405329,0.1482094552509816,0.31545246427863205,0.5363380804703863
TCTGCCTGTCAGGAGT_E15S,E15S,Tumor,exiting_hypoxia,1.00097098363578,-0.6295931215182592,0.825651807169523,0.92607980966568,0.92607980966568,0.0407200167890031,MC38,1.00097098363578,-0.6295931215182592,Hypoxic,0.8327245787371821,0.06206851499811869,0.3171819736050032,0.6207495113968781
CGTTATGAGCGACTGT_E15S,E15S,Tumor,exiting_hypoxia,-0.4231948081926798,-1.109955266855802,0.482772863447184,0.940423309803009,0.940423309803009,0.1126877791950707,MC38,-0.4231948081926798,-1.109955266855802,Hypoxic,1.094275670533872,0.3115713986999852,0.3107481818417146,0.3776804194583003
CGACTGACAGCATGTG_E15S,E15S,Tumor Proliferating,exiting_hypoxia,0.4803480694334707,-1.171620726305234,1.5689850265798084,0.9392082691192628,0.9392082691192628,0.0548079217158418,MC38,0.4803480694334707,-1.171620726305234,Hypoxic,0.9320482132570976,0.117226699664482,0.30758411034254174,0.5751891899929762
CGAACTATCCGGTGTG_E15S,E15S,Tumor Proliferating,exiting_hypoxia,0.5906979045486006,-0.4626394948362818,0.4595794772693489,0.9313783645629884,0.9313783645629884,0.0564740133725383,MC38,0.5906979045486006,-0.4626394948362818,Hypoxic,0.98993122066841,0.14108846843820502,0.3567881427361636,0.5021233888256313
GTGCGGTCATAGGCGC_E15S,E15S,Tumor,entering_deep_hypoxia,2.243911227842665,0.582159524735555,0.1238455494295354,0.9441486597061156,0.9441486597061156,0.06346699567264,MC38,2.243911227842665,0.582159524735555,Hypoxic,0.5127234705920036,0.0012114221086111014,0.20235582646656927,0.7964327514248196
CCGAATGCAAGGTCAT_E15S,E15S,Tumor,transitional,-0.4157179188250556,-0.0984730323547938,1.7710670713418937,0.9340664744377136,0.9340664744377136,0.1379179183711225,MC38,-0.4157179188250556,-0.0984730323547938,Normoxic,1.0890024536294374,0.3814369791428463,0.34660852419166793,0.27195449666548577
GCTTTGGGTTGGAGCG_E15S,E15S,Tumor,entering_hypoxia,-0.7188686555831109,0.4937259901835727,0.7719743150639765,0.932642698287964,0.932642698287964,0.090960939732415,MC38,-0.7188686555831109,0.4937259901835727,Saddle / ICS,1.080323243925355,0.3571806319522041,0.39505197270480785,0.24776739534298808
CACCCATCATCACTTG_E15S,E15S,Tumor,entering_deep_hypoxia,2.573930267230641,2.673437022993468,-0.1222372927992466,0.9363604187965392,0.9363604187965392,0.1127493382102354,MC38,2.573930267230641,2.673437022993468,Hypoxic,0.36764540705108106,5.618657215274467e-06,0.12032527702390439,0.8796691043188803
CGCTAATGTTTAGCCG_E15S,E15S,Tumor Proliferating,exiting_hypoxia,0.4266732774414644,-1.055716885139033,0.8827316177035217,0.9085689783096312,0.9085689783096312,0.2313071907190414,MC38,0.4266732774414644,-1.055716885139033,Hypoxic,0.9709927969869523,0.13932981281256207,0.318644036911311,0.542026150276127
GTGGCGAGTCAGCATT_E15S,E15S,Tumor,exiting_hypoxia,1.529763193905628,-0.8460051371868167,-0.025275329399419,0.9452953338623048,0.9452953338623048,0.1466180252670404,MC38,1.529763193905628,-0.8460051371868167,Hypoxic,0.6146210559306222,0.014353877868535331,0.2333584723070717,0.752287649824393
GCATAGTCATCGCTGT_E15S,E15S,Tumor,entering_hypoxia,-0.7212112289965088,1.4939882273565162,1.8784328840705555,0.9404981732368468,0.9404981732368468,0.0915831135485686,MC38,-0.7212112289965088,1.4939882273565162,Saddle / ICS,0.9690596809331276,0.13462665634238716,0.537934756484571,0.32743858717304186
GGAGATTAGTCATGTG_E15S,E15S,Tumor,persistent_hypoxia,0.6859502899374459,-0.0091673875688923,-0.0437376238376892,0.9433797001838684,0.9433797001838684,0.123359061679431,MC38,0.6859502899374459,-0.0091673875688923,Hypoxic,0.9695274540040875,0.11930942323007224,0.3870445165307226,0.49364606023920504
TAGGAGTAGCGCTACG_E15S,E15S,Tumor,entering_deep_hypoxia,1.7122784130186917,1.6605526652895697,0.3765505327269244,0.9360190629959106,0.9360190629959106,0.0462250160145267,MC38,1.7122784130186917,1.6605526652895697,Hypoxic,0.616676825308568,0.0016536962657329314,0.2932174504187866,0.7051288533154805
GGTGACTTCACTCGTT_E15S,E15S,Tumor,entering_hypoxia,-0.2200625337424018,1.0960118553721423,1.7399026592601583,0.9359610676765442,0.9359610676765442,0.0777240123894719,MC38,-0.2200625337424018,1.0960118553721423,Saddle / ICS,1.0160756244048261,0.16787674306615102,0.4900058680618617,0.3421173888719871
TATCGGGCACTTACAT_E15S,E15S,Tumor,exiting_hypoxia,1.3208654966951394,-0.9748481965042932,-0.2254879669285218,0.9409166574478148,0.9409166574478148,0.1551765043194682,MC38,1.3208654966951394,-0.9748481965042932,Hypoxic,0.66556523341211,0.023364144923532327,0.24923902498273368,0.727396830093734
CATATAGCATAGGTCG_E15S,E15S,Tumor Proliferating,transitional,0.1156415116875528,-0.1783190199670966,2.349270697200066,0.9392967224121094,0.9392967224121094,0.07638090907,MC38,0.1156415116875528,-0.1783190199670966,Saddle / ICS,1.0867087650350624,0.2621011860593826,0.3705513572819867,0.3673474566586307
TGGCCTGAGGTTGATT_E15S,E15S,Tumor,reverted_stable,-0.7805053787071056,-0.5917749915350227,-0.1072009397993589,0.9375323057174684,0.9375323057174684,0.1337490389103037,MC38,-0.7805053787071056,-0.5917749915350227,Normoxic,1.0761546200732435,0.4309470554922876,0.3075362049175345,0.26151673959017785
AGGCGCAGTAATCAGG_E15S,E15S,Tumor,exiting_hypoxia,0.5931231845311608,-1.2659041278282204,-0.0466263139170601,0.9393829703330994,0.9393829703330994,0.1024452908198947,MC38,0.5931231845311608,-1.2659041278282204,Hypoxic,0.8728100641895464,0.0891766160618938,0.29308287213934336,0.6177405117987628
ACCATCCCATAGACAC_E15S,E15S,Tumor,transitional,-0.0350778768666357,-0.1519476587198438,0.149938518575536,0.9384852051734924,0.9384852051734924,0.246699469023234,MC38,-0.0350778768666357,-0.1519476587198438,Saddle / ICS,1.0954062225753163,0.2996843656320005,0.3647971075404199,0.33551852682757966
AACGTAAAGGTCATTG_E15S,E15S,Tumor,persistent_hypoxia,0.6527208779992785,-0.2307790993553861,1.242327418540636,0.9375333189964294,0.9375333189964294,0.1704089423600908,MC38,0.6527208779992785,-0.2307790993553861,Hypoxic,0.9799636526389607,0.12978999631683044,0.37192291397924804,0.4982870897039216
CAAGTAAAGGGGTTAG_E15S,E15S,Tumor,exiting_hypoxia,0.9165930672745828,-1.086616720193781,-0.1332223297257344,0.9365525841712952,0.9365525841712952,0.0789539779871844,MC38,0.9165930672745828,-1.086616720193781,Hypoxic,0.7935731400422517,0.056161713399902904,0.28403067193864845,0.6598076146614485
GCATCAGCATTAACGA_E15S,E15S,Tumor,transitional,-0.2333062055486471,-0.0338097337178862,-0.0521795210265827,0.9409618377685548,0.9409618377685548,0.0626784058243498,MC38,-0.2333062055486471,-0.0338097337178862,Saddle / ICS,1.0952608002130062,0.3408360418978568,0.36215906342770177,0.2970048946744414
CAATTTCCAATCCCGT_E15S,E15S,Tumor Proliferating,transitional,-0.3809127133117134,0.1757705520667265,1.381732847713746,0.9442039728164672,0.9442039728164672,0.0389059974999295,MC38,-0.3809127133117134,0.1757705520667265,Saddle / ICS,1.090270351958746,0.35315855130418533,0.37246508781022025,0.2743763608855945
AAAGCTGGTCTAATCA_E15S,E15S,Tumor,persistent_hypoxia,0.2979261979615381,-0.24898192023029,-0.0990890498580578,0.9420522451400756,0.9420522451400756,0.1633703115970581,MC38,0.2979261979615381,-0.24898192023029,Hypoxic,1.0639419901862197,0.21559375547555262,0.3719989702583767,0.41240727426607066
ACTATCCTCCCGTGAG_E15S,E15S,Tumor Proliferating,normoxic_stable,-0.7019174253953312,-0.3379589206798133,2.6306631325162253,0.9369965195655824,0.9369965195655824,0.052510351583313,MC38,-0.7019174253953312,-0.3379589206798133,Normoxic,1.0735767715140971,0.43148639469757843,0.31883298625119405,0.24968061905122746
TAGGGTTCAAGCTCCT_E15S,E15S,Tumor,entering_hypoxia,-0.6212621560338387,1.061159509451864,1.7000815465564012,0.9322139024734496,0.9322139024734496,0.0464431089439807,MC38,-0.6212621560338387,1.061159509451864,Saddle / ICS,1.047162130456662,0.22377115103195827,0.48114601655185296,0.29508283241618866
AGCTTACGTCAGTAGA_E15S,E15S,Tumor,persistent_hypoxia,0.9713514035110988,0.0700845142292845,0.4563866038421866,0.9316390752792358,0.9316390752792358,0.080382252675677,MC38,0.9713514035110988,0.0700845142292845,Hypoxic,0.8754473866287313,0.06783571065556956,0.37307724183840907,0.5590870475060213
CTATTGAGTCTTGCGA_E15S,E15S,Tumor,transitional,-0.2343361835467063,-0.2832196068175259,0.7308755241964252,0.9327700734138488,0.9327700734138488,0.1246522257598621,MC38,-0.2343361835467063,-0.2832196068175259,Normoxic,1.0969267205013704,0.3489719343165542,0.3447673562179749,0.30626070946547096
GTATTAGCATCGGTGA_E15S,E15S,Tumor,exiting_hypoxia,1.6617906767226276,-1.2030372807132017,-0.1235893854103373,0.9469416737556458,0.9469416737556458,0.0642005941035016,MC38,1.6617906767226276,-1.2030372807132017,Hypoxic,0.5193325641115983,0.007043723755053292,0.18497499426028988,0.8079812819846568
CCCATGCTCGCTAATG_E15S,E15S,Tumor,transitional,0.1871943745397138,-0.0399396227529014,-0.133593105257007,0.941137433052063,0.941137433052063,0.1492128120896052,MC38,0.1871943745397138,-0.0399396227529014,Saddle / ICS,1.0774111028087896,0.23906919866406903,0.3838758957635269,0.377054905572404
ACCCTATTCCCATAGA_E15S,E15S,Tumor,exiting_hypoxia,0.7961627924502405,-0.803053945403863,0.0336345166295678,0.940643548965454,0.940643548965454,0.2015213442006502,MC38,0.7961627924502405,-0.803053945403863,Hypoxic,0.8873393670263707,0.08724010218119721,0.3199037561720995,0.5928561416467033
ATCACCTTCACATGAT_E15S,E15S,Tumor,persistent_hypoxia,1.0357785425364263,-0.238276565647482,-0.1701700173765989,0.9406471252441406,0.9406471252441406,0.1754552254564143,MC38,1.0357785425364263,-0.238276565647482,Hypoxic,0.8493062395308066,0.061966626713759916,0.34491098842438517,0.5931223848618549
CCCTATGTCAGGGCAA_E15S,E15S,Tumor,exiting_hypoxia,0.4182073275008341,-0.7970741082644386,0.0530640638414205,0.935077965259552,0.935077965259552,0.0889698763625555,MC38,0.4182073275008341,-0.7970741082644386,Hypoxic,1.0100658206028739,0.16419408729042692,0.3368247675144143,0.49898114519515874
TACAGTTAGGGTGATG_E15S,E15S,Tumor,persistent_hypoxia,0.9955407279573096,-0.1586228062679464,0.5136006485720755,0.931797444820404,0.931797444820404,0.1043418117886493,MC38,0.9955407279573096,-0.1586228062679464,Hypoxic,0.866298581552851,0.06738015281355068,0.35474401253964016,0.577875834646809
CACGTTGGTTAGAGTG_E15S,E15S,Tumor,transitional,0.1588615152772986,0.2680519982285811,0.8524532354938579,0.9318685531616212,0.9318685531616212,0.0912483326029185,MC38,0.1588615152772986,0.2680519982285811,Saddle / ICS,1.068672527205111,0.2240383421186941,0.40914393043997116,0.36681772744133473
GCAGGCTCACTTGCAC_E15S,E15S,Tumor,transitional,-0.1105195140056727,0.0044239630611186,0.5840972148992604,0.9418206810951232,0.9418206810951232,0.1498676924762737,MC38,-0.1105195140056727,0.0044239630611186,Saddle / ICS,1.0951850759836659,0.3105643953480695,0.37253256522406336,0.3169030394278672
TATCACCTCGCATGAC_E15S,E15S,Tumor,exiting_hypoxia,2.6809941510124937,-1.01110800745555,-0.2462761024311065,0.938094973564148,0.938094973564148,0.1022608149265949,MC38,2.6809941510124937,-1.01110800745555,Hypoxic,0.2942823989605986,0.00019094883201954563,0.08569946601970166,0.9141095851482788
AAGCCTATCCAGAGCT_E15S,E15S,Tumor,exiting_hypoxia,1.857154567085784,-0.8496150021971696,-0.3420703569714981,0.941328763961792,0.941328763961792,0.1024268990178392,MC38,1.857154567085784,-0.8496150021971696,Hypoxic,0.5150998870221042,0.00515319503252704,0.1883975560647185,0.8064492489027545
CAAAGGGTCATCAAGT_E15S,E15S,Tumor,persistent_hypoxia,0.5313559170310613,-0.0939970763644232,0.315945486877965,0.9323166012763976,0.9323166012763976,0.130946684921602,MC38,0.5313559170310613,-0.0939970763644232,Hypoxic,1.014002183150423,0.15533271859912742,0.38488290805045955,0.459784373350413
TCAGTATAGCAGGGAC_E15S,E15S,Tumor Proliferating,entering_hypoxia,-0.7473236978347717,0.8329446442728504,1.2752060993800218,0.9401541352272034,0.9401541352272034,0.0468304603973124,MC38,-0.7473236978347717,0.8329446442728504,Saddle / ICS,1.0716096872945013,0.2893177233648328,0.4443548349048521,0.2663274417303151
AGCATCTGTTAACGTC_E15S,E15S,Tumor,entering_hypoxia,-1.170140715013596,0.6244551830574195,1.1987140269254242,0.9376171231269836,0.9376171231269836,0.0937326118436958,MC38,-1.170140715013596,0.6244551830574195,Saddle / ICS,1.072087209939502,0.35861470271131196,0.409828092661597,0.23155720462709115
TATGTTGGTTATGCAC_E15S,E15S,Tumor Proliferating,persistent_hypoxia,0.9231122906624732,0.30945182255978,0.0847412816572249,0.9404090642929076,0.9404090642929076,0.0482590436956653,MC38,0.9231122906624732,0.30945182255978,Hypoxic,0.8824919878874892,0.0677691951325006,0.3930169418242338,0.5392138630432656
ATGGTTTAGAATCAAG_E15S,E15S,Tumor,transitional,-0.1824832945464777,0.0157992266626074,1.0136176704225963,0.9355048537254332,0.9355048537254332,0.2154212179009504,MC38,-0.1824832945464777,0.0157992266626074,Saddle / ICS,1.0953736031814747,0.3263631073023734,0.3692571097123218,0.3043797829853048
TACATAGCAAGTGTGT_E15S,E15S,Tumor,persistent_hypoxia,1.2352185149593686,-0.0423382393268341,0.4220711154107224,0.9409433007240297,0.9409433007240297,0.0840360934414079,MC38,1.2352185149593686,-0.0423382393268341,Hypoxic,0.784337434445153,0.03820987732707161,0.3356879281149844,0.6261021945579439
AGCGTTATCTATGGCA_E15S,E15S,Tumor Proliferating,entering_hypoxia,-0.6511690196871281,1.3771438947384829,1.2625688787232647,0.9346954822540284,0.9346954822540284,0.0324460232987863,MC38,-0.6511690196871281,1.3771438947384829,Saddle / ICS,0.9922677248732221,0.15472197937535279,0.5237946352702955,0.3214833853543518
GTCCGCAAGTATCTGG_E15S,E15S,Tumor,reverted_stable,-0.5822864839059514,-1.2115581503894672,-0.0717916140055985,0.9475556015968324,0.9475556015968324,0.2200947666118733,MC38,-0.5822864839059514,-1.2115581503894672,Hypoxic,1.0944492372744696,0.3173291789082074,0.30639956311113825,0.3762712579806544
CATAGGGAGGATTGGG_E15S,E15S,Tumor,exiting_hypoxia,0.461069057100232,-0.7514887815332042,0.0131735251310746,0.936375856399536,0.936375856399536,0.1340010834999783,MC38,0.461069057100232,-0.7514887815332042,Hypoxic,1.0034554576798103,0.15755003602388992,0.33921010559423487,0.5032398583818752
ATACACTAGCTTCCCA_E15S,E15S,Tumor Proliferating,entering_hypoxia,-0.0609581990419137,0.7825720241283293,0.7114952955399875,0.9293124675750732,0.9293124675750732,0.0616535087619594,MC38,-0.0609581990419137,0.7825720241283293,Saddle / ICS,1.047046977797589,0.20007133741558272,0.4561630042071553,0.34376565837726214
GCACTAGCATTAAGTG_E15S,E15S,Tumor,persistent_hypoxia,0.5747565265769554,0.2611929579714686,2.7731258372153422,0.9389567375183104,0.9389567375183104,0.0556201040161575,MC38,0.5747565265769554,0.2611929579714686,Hypoxic,0.9884548285668224,0.13028673062503562,0.4109415830490457,0.4587716863259186
CTATTCGCACATACTT_E15S,E15S,Tumor Proliferating,entering_deep_hypoxia,2.3397622427844045,2.127239107322749,0.3536167692895639,0.9402554035186768,0.9402554035186768,0.043537296791975,MC38,2.3397622427844045,2.127239107322749,Hypoxic,0.46152863701660773,6.599522559919297e-05,0.17314614828061292,0.8267878564937879
ACACTGATCCCTCGTA_E15S,E15S,Tumor,persistent_hypoxia,0.4081026245210014,-0.3437013470856656,0.5486614263496749,0.934852659702301,0.934852659702301,0.0391443106589978,MC38,0.4081026245210014,-0.3437013470856656,Hypoxic,1.0416214340312395,0.18708406137070496,0.36710527654296526,0.44581066208632975
TGTCATGAGTCTAGCA_E15S,E15S,Tumor Proliferating,transitional,-0.1576949288316673,-0.2014402930358704,0.7870259959500358,0.9293593168258668,0.9293593168258668,0.0706823621492494,MC38,-0.1576949288316673,-0.2014402930358704,Saddle / ICS,1.0974443291950051,0.33048447758795,0.35437003791081806,0.315145484501232
GCCGATTAGATAGGGT_E15S,E15S,Tumor,reverted_stable,-1.0822944242226682,-0.5137869488074241,1.5969589269138005,0.929279923439026,0.929279923439026,0.1088403601283195,MC38,-1.0822944242226682,-0.5137869488074241,Normoxic,1.0614222601707355,0.4571379716404277,0.3056655278319238,0.23719650052764843
TCGCGGATCGTACAGC_E15S,E15S,Tumor Proliferating,transitional,-0.2237261529089212,0.3401724348491088,1.2815703960822875,0.9375935792922974,0.9375935792922974,0.0254261584889342,MC38,-0.2237261529089212,0.3401724348491088,Saddle / ICS,1.0893269295357135,0.302021764698348,0.39848074853752247,0.29949748676412963
CTAAGCATCCTCTAGT_E15S,E15S,Tumor,normoxic_stable,-0.5418724778779731,-0.1608220005963361,1.2995533664857477,0.9339120984077454,0.9339120984077454,0.1505134517050775,MC38,-0.5418724778779731,-0.1608220005963361,Normoxic,1.0820497325388945,0.40599394354986207,0.3356805994810694,0.25832545696906856
AGCATAGGTAGCGGTG_E15S,E15S,Tumor,entering_deep_hypoxia,1.303902458907559,0.4242522354348206,0.1122091316759747,0.9336589574813844,0.9336589574813844,0.0982600431225032,MC38,1.303902458907559,0.4242522354348206,Hypoxic,0.7592163295322966,0.02636074337216139,0.35255642103626117,0.6210828355915775
CGTTCCATCCACCTTG_E15S,E15S,Tumor,entering_deep_hypoxia,1.5965599347179835,0.4520959408196042,-0.1201473361584388,0.9410856366157532,0.9410856366157532,0.0613412025567985,MC38,1.5965599347179835,0.4520959408196042,Hypoxic,0.6759478716515064,0.011595720039357627,0.30742624176246497,0.6809780381981774
TCCATTGCAGCACGAC_E15S,E15S,Tumor,exiting_hypoxia,0.8350848195465735,-1.0010752812919774,0.031945787307721,0.9398947358131408,0.9398947358131408,0.165530848938827,MC38,0.8350848195465735,-1.0010752812919774,Hypoxic,0.8406406890409872,0.07121107999323735,0.2994185305625093,0.6293703894442535
TAGTGCATCGAACGCT_E15S,E15S,Tumor,normoxic_stable,-1.2803884624239457,-0.3759231419034269,1.4046345485715073,0.9380268454551696,0.9380268454551696,0.3015979305633883,MC38,-1.2803884624239457,-0.3759231419034269,Normoxic,1.0549438269082712,0.4635680895292646,0.3125825982225886,0.2238493122481468
AGGCATGAGGTGCATC_E15S,E15S,Tumor,exiting_hypoxia,0.6713780750859114,-1.6181668140504053,-0.1019721220940773,0.9483033418655396,0.9483033418655396,0.1326244348142564,MC38,0.6713780750859114,-1.6181668140504053,Hypoxic,0.7496134513066148,0.050751317305537086,0.25156598459343527,0.6976826981010277
GGATAACAGGAGCTAG_E15S,E15S,Tumor,exiting_hypoxia,-0.0779519477713791,-0.6113357346175097,1.4318349682271996,0.93550843000412,0.93550843000412,0.1580685581603753,MC38,-0.0779519477713791,-0.6113357346175097,Hypoxic,1.0957921924776235,0.3012048113103905,0.33675713063399554,0.36203805805561395
TCGCAATGTCATTACA_E15S,E15S,Tumor,entering_deep_hypoxia,0.794358913457126,0.5510220032667914,1.14881411730448,0.9298091530799866,0.9298091530799866,0.1297674628173992,MC38,0.794358913457126,0.5510220032667914,Hypoxic,0.9025779625775989,0.07458137609304628,0.4186336109271761,0.5067850129797775
CGTTCACCAACATGAC_E15S,E15S,Tumor Proliferating,exiting_hypoxia,0.9768871905658368,-1.1359393912824962,1.602481646225124,0.9341146945953368,0.9341146945953368,0.0242252120611408,MC38,0.9768871905658368,-1.1359393912824962,Hypoxic,0.760981424559408,0.047135896946388894,0.2732512528177122,0.6796128502358989
ACGTGGTTCCAGATTG_E15S,E15S,Tumor Proliferating,exiting_hypoxia,0.0212312933157723,-0.7298403000631833,0.8107420693756364,0.9334766864776612,0.9334766864776612,0.0579483154937923,MC38,0.0212312933157723,-0.7298403000631833,Hypoxic,1.0858734946411048,0.26737446329258036,0.3356258747596345,0.39699966194778513
TACATCAGTTGCAGGG_E15S,E15S,Tumor,transitional,-0.3555403517417393,-0.1559311940252185,1.2449155941801064,0.9334932565689088,0.9334932565689088,0.1269239689780487,MC38,-0.3555403517417393,-0.1559311940252185,Normoxic,1.0920094527259674,0.3721986832277693,0.3458855194697287,0.2819157973025021
GTCTGCCTCCTGACCC_E15S,E15S,Tumor,exiting_hypoxia,0.3264361610551496,-0.507180448460376,1.3761995899464954,0.9327588677406312,0.9327588677406312,0.1481214569865427,MC38,0.3264361610551496,-0.507180448460376,Hypoxic,1.0529039497212094,0.2037641386864757,0.35545205641310795,0.4407838049004163
CATAACTAGGGGTCAA_E15S,E15S,Tumor,reverted_stable,-0.8458168957751326,-0.4391564237408259,-0.0876106691280908,0.9396339654922484,0.9396339654922484,0.2023956505467815,MC38,-0.8458168957751326,-0.4391564237408259,Normoxic,1.067735824062327,0.4451898419587122,0.31049312607023233,0.24431703197105556
TGATGAGGTGATCCTG_E15S,E15S,Tumor,transitional,0.2430882735211112,-0.2461968066014105,0.1043668060363737,0.9422659277915956,0.9422659277915956,0.1108873907520034,MC38,0.2430882735211112,-0.2461968066014105,Hypoxic,1.072376869015275,0.229835465151552,0.37069089387251425,0.3994736409759337
CTCCGTTGTGGAGAGA_E15S,E15S,Tumor,persistent_hypoxia,0.5025429591342031,0.3686938874432695,0.6360789464771245,0.9405961036682128,0.9405961036682128,0.0810111186680636,MC38,0.5025429591342031,0.3686938874432695,Hypoxic,0.9982275497198727,0.13770268204069866,0.42092244828329145,0.44137486967600986
TCATAACAGGTGCTGT_E15S,E15S,Tumor Proliferating,transitional,-0.3415553654760929,-0.1797891503491073,2.3777446657560946,0.9353672862052916,0.9353672862052916,0.0578507191738419,MC38,-0.3415553654760929,-0.1797891503491073,Normoxic,1.092727618733619,0.37013868857011883,0.345068046169435,0.2847932652604462
CTGGGTTAGTCAAGTT_E15S,E15S,Tumor Proliferating,persistent_hypoxia,0.5741189822655264,-0.2052341338749648,1.8721656521635217,0.9465481638908386,0.9465481638908386,0.1206996860573483,MC38,0.5741189822655264,-0.2052341338749648,Hypoxic,1.002911701373025,0.14716243227362769,0.37595716105791227,0.47688040666846004
ATGACGGAGCAACCTA_E15S,E15S,Tumor,transitional,0.2121991426039565,0.1237441741216616,1.8755981329910616,0.930153787136078,0.930153787136078,0.113918676284878,MC38,0.2121991426039565,0.1237441741216616,Saddle / ICS,1.0691294609137885,0.22321715437505366,0.39814830739545665,0.3786345382294896
GTAGCATCATTACTGT_E15S,E15S,Tumor,exiting_hypoxia,0.2914642157639878,-0.8750011868248463,0.2152911469179764,0.9363546967506408,0.9363546967506408,0.1012737001791924,MC38,0.2914642157639878,-0.8750011868248463,Hypoxic,1.0322645359519482,0.18730905278551055,0.33290243611931436,0.47978851109517495
GGCGATTTCGTTCAAG_E15S,E15S,Tumor,normoxic_stable,-0.8975555921205479,0.1723096154502581,1.197247446227386,0.9355584979057312,0.9355584979057312,0.1093781538259983,MC38,-0.8975555921205479,0.1723096154502581,Normoxic,1.067483268531753,0.422614184601935,0.35167583115206213,0.22570998424600278
AGAGACTAGTAAGTTC_E15S,E15S,Tumor,transitional,0.1963119789497792,0.3503590017827075,-0.0275832594439205,0.9438353776931764,0.9438353776931764,0.172948443701964,MC38,0.1963119789497792,0.3503590017827075,Saddle / ICS,1.0584396848939963,0.20696327953728796,0.4179305583369278,0.37510616212578424
AACCGATCACTATATC_E15S,E15S,Tumor,entering_hypoxia,-0.3292578087367327,0.6760452509850143,1.435659143648376,0.9351873397827148,0.9351873397827148,0.1481889559434801,MC38,-0.3292578087367327,0.6760452509850143,Saddle / ICS,1.0756846909173527,0.26702480312488375,0.43438538258636084,0.2985898142887555
CCGCTAGAGCGGAGTA_E15S,E15S,Tumor,transitional,-0.0233942238245526,-0.1575351901204068,0.22927448866526,0.9347030520439148,0.9347030520439148,0.0817915773810759,MC38,-0.0233942238245526,-0.1575351901204068,Saddle / ICS,1.0950547143107863,0.2969464737409675,0.3650409059657031,0.3380126202933294
ATCCACTTCTATCAGG_E15S,E15S,Tumor,transitional,0.0387022713770168,-0.1981659034185098,1.873349618125168,0.9380850791931152,0.9380850791931152,0.2215861120001105,MC38,0.0387022713770168,-0.1981659034185098,Saddle / ICS,1.0924515958062282,0.28225322009671505,0.3654734018232786,0.35227337808000647
GCACGAAAGGCGTTAC_E15S,E15S,Tumor,entering_deep_hypoxia,1.2617651557992713,1.2399630023205146,0.1465519929956509,0.9326308965682985,0.9326308965682985,0.0831673034978526,MC38,1.2617651557992713,1.2399630023205146,Hypoxic,0.7230818389532658,0.01215172355262165,0.3783147331730215,0.6095335432743568
ACCATTAGTTGGCCTA_E15S,E15S,Tumor,persistent_hypoxia,3.039500653993211,0.3158950203406809,1.0642365036460084,0.940707802772522,0.940707802772522,0.0392178108071104,MC38,3.039500653993211,0.3158950203406809,Hypoxic,0.3073793805648525,4.978272314196212e-05,0.09186915040063715,0.9080810668762209
TAATAGCTCCTTCACG_E15S,E15S,Tumor,exiting_hypoxia,0.8371593634942327,-1.018928305244123,-0.1552606144896311,0.9405646920204164,0.9405646920204164,0.1139373802012924,MC38,0.8371593634942327,-1.018928305244123,Hypoxic,0.8365500081833958,0.06996401579795758,0.29760222623693267,0.6324337579651097
GCCATCAGTAGTGCCC_E15S,E15S,Tumor,exiting_hypoxia,0.0609889609728018,-0.4525990690148991,1.9908927719932887,0.9296088814735411,0.9296088814735411,0.1378391519149332,MC38,0.0609889609728018,-0.4525990690148991,Hypoxic,1.0901830650234505,0.27454820515281003,0.3508012229045624,0.3746505719426277
TCGCATCCATAGGTTA_E15S,E15S,Tumor,exiting_hypoxia,-0.3251806541829489,-1.7974407410496973,-0.0303912593543582,0.9486092329025269,0.9486092329025269,0.1315812311809073,MC38,-0.3251806541829489,-1.7974407410496973,Hypoxic,0.9677142812279191,0.15152246385856075,0.2861952063090613,0.5622823298323779
GGGTAATAGCCTGCCT_E15S,E15S,Tumor,entering_deep_hypoxia,0.6098499686645208,1.1521981854043928,-0.1977305232433431,0.9345930218696594,0.9345930218696594,0.1203404905383739,MC38,0.6098499686645208,1.1521981854043928,Hypoxic,0.8683873095838324,0.055262715384340896,0.4630629761444839,0.48167430847117526
ACCTAAGTCTGGTACA_E15S,E15S,Tumor,transitional,-0.2200644906627306,-0.0713170471618583,0.6023579431416372,0.9335705041885376,0.9335705041885376,0.1089587997088763,MC38,-0.2200644906627306,-0.0713170471618583,Saddle / ICS,1.0957813561135015,0.3399986482605306,0.3600021299741979,0.29999922176527155
ACCCCTTGTGGGTATA_E15S,E15S,Tumor Proliferating,entering_deep_hypoxia,0.4723164033184988,0.7584354019773843,2.225146445361049,0.938611388206482,0.938611388206482,0.0474342445735276,MC38,0.4723164033184988,0.7584354019773843,Saddle / ICS,0.9605135321721128,0.10798135058625685,0.45120893853040744,0.44080971088333565
CGCTGCTTCGACCCAG_E15S,E15S,Tumor,persistent_hypoxia,0.5037821878274025,-0.2953857837577268,-0.0936148014702796,0.9394964575767516,0.9394964575767516,0.1551593248184428,MC38,0.5037821878274025,-0.2953857837577268,Hypoxic,1.0201600464896268,0.16388283080456348,0.3703996161507185,0.4657175530447182
CCCAGTGAGATAGTGA_E15S,E15S,Tumor,exiting_hypoxia,0.7027095182849816,-0.5709509428208371,0.4442772143569866,0.9398207068443298,0.9398207068443298,0.1408455395815315,MC38,0.7027095182849816,-0.5709509428208371,Hypoxic,0.9467442905909602,0.11398558238018,0.3443371527994705,0.5416772648203495
GGCATCACAACCAACG_E15S,E15S,Tumor,entering_hypoxia,-0.3324235619570977,1.633508499686316,0.2568930791123482,0.9374479651451112,0.9374479651451112,0.1213450685931152,MC38,-0.3324235619570977,1.633508499686316,Saddle / ICS,0.9102135100588122,0.08508837356734375,0.5400080333335111,0.37490359309914517
CCTTCGATCTGTCAAG_E15S,E15S,Tumor,entering_hypoxia,0.06728764706402,1.6906301081778947,1.0813753084106508,0.9397586584091188,0.9397586584091188,0.085548032468771,MC38,0.06728764706402,1.6906301081778947,Saddle / ICS,0.8560647207914648,0.051653777387201866,0.521015431131909,0.42733079148088915
AACACTTAGGTTGCGT_E15S,E15S,Tumor Proliferating,entering_hypoxia,-0.6280807450272756,0.6701871717845215,1.477269765329072,0.9470589756965636,0.9470589756965636,0.0737868979455909,MC38,-0.6280807450272756,0.6701871717845215,Saddle / ICS,1.0793700697169322,0.31214451418890515,0.42273835442063323,0.2651171313904616
GCACCGATCCATAGGC_E15S,E15S,Tumor,exiting_hypoxia,-0.0206880037849953,-0.5189125506112242,0.0513079345901862,0.94156676530838,0.94156676530838,0.2924560377001214,MC38,-0.0206880037849953,-0.5189125506112242,Hypoxic,1.0944967927799631,0.2925408336537065,0.34364421648833426,0.3638149498579592
AAACGAATCCATCCTG_E15S,E15S,Tumor Proliferating,entering_hypoxia,-0.5079245712046004,0.8440403221889196,1.7808869309141908,0.940935492515564,0.940935492515564,0.0233899199328229,MC38,-0.5079245712046004,0.8440403221889196,Saddle / ICS,1.067802619671602,0.2597451321593829,0.45162601828940513,0.2886288495512121
TGAGGATAGGATCACC_E15S,E15S,Tumor,reverted_stable,-0.5484284354560325,-0.6387538039436981,2.0312681669863912,0.952653169631958,0.952653169631958,0.0778775110974965,MC38,-0.5484284354560325,-0.6387538039436981,Normoxic,1.089495214311454,0.3961124395018054,0.31412581815168805,0.2897617423465064
CCGCATTCAAAGGTGA_E15S,E15S,Tumor Proliferating,transitional,0.0454159440262894,0.3875316059205476,0.7232086957482062,0.9353111386299132,0.9353111386299132,0.0566104852446624,MC38,0.0454159440262894,0.3875316059205476,Saddle / ICS,1.0733583479146447,0.23727092638077327,0.41648491412680955,0.34624415949241716
TAGCCAGCACAGCCTT_E15S,E15S,Tumor Proliferating,exiting_hypoxia,-0.1440017854648496,-0.9293425441918478,1.988123728689452,0.9295201897621156,0.9295201897621156,0.2186176813754093,MC38,-0.1440017854648496,-0.9293425441918478,Hypoxic,1.0895121095962645,0.28401530965973654,0.3227430425550289,0.3932416477852345
GTTATCAGTTAGCTGT_E15S,E15S,Tumor,entering_deep_hypoxia,1.4761633545036634,2.2015727841209887,0.111585057995278,0.9393593072891236,0.9393593072891236,0.0877419595305068,MC38,1.4761633545036634,2.2015727841209887,Hypoxic,0.627538906031811,0.0009922814560609481,0.31119709539911594,0.6878106231448231
GTTGCCTCACCTCGAT_E15S,E15S,Tumor,transitional,0.0948412504857533,0.3328203740596036,0.8743327252447137,0.9298555254936218,0.9298555254936218,0.0891481354006594,MC38,0.0948412504857533,0.3328203740596036,Saddle / ICS,1.0719804202705636,0.23235035027514347,0.4129652630864392,0.3546843866384173
CTCCCTAAGCCTGGTG_E15S,E15S,Tumor,normoxic_stable,-1.1917117918841142,0.1206217848649349,0.9349908021812274,0.9414857625961304,0.9414857625961304,0.17138677467403,MC38,-1.1917117918841142,0.1206217848649349,Normoxic,1.0582131540591564,0.44055701322549046,0.3455262362520718,0.2139167505224378
ATCCTGAAGTAATGTC_E15S,E15S,Tumor,normoxic_stable,-0.4966994957562554,-0.1926971099399611,1.5289811627756502,0.9308815002441406,0.9308815002441406,0.1160609182542056,MC38,-0.4966994957562554,-0.1926971099399611,Normoxic,1.0848204672538115,0.3994989314906739,0.3358176929805185,0.26468337552880766
GCACTGGTCCCTCAGC_E15S,E15S,Tumor Proliferating,persistent_hypoxia,1.9918903361452327,-0.134364994162903,2.403465104256982,0.9518223404884338,0.9518223404884338,0.0423558445399493,MC38,1.9918903361452327,-0.134364994162903,Hypoxic,0.5467722761270994,0.0041109043798831625,0.2154463684107258,0.780442727209391
CAAGCTATCTGGGAAG_E15S,E15S,Tumor,exiting_hypoxia,1.2997213690112297,-1.1898001309663986,-0.2202350167216989,0.9434046149253844,0.9434046149253844,0.1385997779990355,MC38,1.2997213690112297,-1.1898001309663986,Hypoxic,0.6346620525520406,0.020324594918998948,0.23124003366706486,0.7484353714139362
CACCCTTGTTATCGCG_E15S,E15S,Tumor,persistent_hypoxia,0.3399757776685486,-0.1258772532410221,0.5271380375421616,0.9318832159042358,0.9318832159042358,0.0967851165603843,MC38,0.3399757776685486,-0.1258772532410221,Hypoxic,1.0562302666522518,0.20294483386852843,0.3817787917851214,0.41527637434635023
ACAAGCGAGGTCAAGG_E15S,E15S,Tumor Proliferating,transitional,0.2867777016344169,-0.3627730586902155,1.869627444649397,0.9416185021400452,0.9416185021400452,0.0845430753044932,MC38,0.2867777016344169,-0.3627730586902155,Hypoxic,1.0644912920846075,0.21791913530256282,0.3640277938184104,0.4180530708790268
GTGAATGGTTGCGGTC_E15S,E15S,Tumor,exiting_hypoxia,0.623642063580683,-1.6883370567373674,-0.1995505124818172,0.9444026947021484,0.9444026947021484,0.1088948717101719,MC38,0.623642063580683,-1.6883370567373674,Hypoxic,0.7444276521883337,0.05022595653090107,0.24787380569851483,0.7019002377705841
ACCAATGTCGTCTCTG_E15S,E15S,Tumor,transitional,-0.2091363740620734,-0.2260019202281142,0.8628153999445888,0.9440444111824036,0.9440444111824036,0.3801454223952966,MC38,-0.2091363740620734,-0.2260019202281142,Saddle / ICS,1.0970527912357078,0.3427625602068077,0.34975483571386135,0.30748260407933103
GCCGCTAAGGGGTAGC_E15S,E15S,Tumor Proliferating,persistent_hypoxia,1.0689863571902398,-0.1392344403483113,0.4304935447793743,0.9335541725158693,0.9335541725158693,0.0434603780910325,MC38,1.0689863571902398,-0.1392344403483113,Hypoxic,0.8405698564549494,0.057276525626222416,0.34871338355735393,0.5940100908164238
CAGGTCCGTTATGGTC_E15S,E15S,Tumor,exiting_hypoxia,-0.2498562492788718,-1.3250879091558656,-0.0459339374291108,0.9375891089439392,0.9375891089439392,0.1411465196276265,MC38,-0.2498562492788718,-1.3250879091558656,Hypoxic,1.063726458147914,0.2388933629468358,0.3087397108359246,0.4523669262172397
ATCCGGGTCCTCAATC_E15S,E15S,Tumor,reverted_stable,-1.2895646143322068,-0.4939313377841861,-0.1335251334541539,0.942011296749115,0.942011296749115,0.1824844885421287,MC38,-1.2895646143322068,-0.4939313377841861,Normoxic,1.0586670346170366,0.46002425728538165,0.30867703667406254,0.23129870604055588
TAGTACCGTTAGGCTT_E15S,E15S,Tumor,exiting_hypoxia,0.4498624707368101,-0.9851371891125668,-0.0810169786735747,0.9426451325416564,0.9426451325416564,0.1730708208594658,MC38,0.4498624707368101,-0.9851371891125668,Hypoxic,0.9759025963413337,0.14127488217741513,0.3230659153168014,0.5356592025057834
CTGTGCCTCGTTAGAT_E15S,E15S,Tumor Proliferating,exiting_hypoxia,-0.2718720909353538,-0.6337448489079964,2.4025117020586606,0.9387869238853456,0.9387869238853456,0.0785213281664819,MC38,-0.2718720909353538,-0.6337448489079964,Normoxic,1.0983461103734498,0.3441478684816961,0.3267221100469782,0.32913002147132575
TCTGTGTTCCTCTCCT_E15S,E15S,Tumor Proliferating,entering_deep_hypoxia,0.7433314280369652,0.4755170281458276,1.6315493440910969,0.941302478313446,0.941302478313446,0.0656637562936976,MC38,0.7433314280369652,0.4755170281458276,Hypoxic,0.9243687132632274,0.08657495704872219,0.4178531354722482,0.4955719074790296
AGAAGTTGTTGGCCTA_E15S,E15S,Tumor Proliferating,exiting_hypoxia,1.2339103416756816,-0.448179829773431,1.5455087612124585,0.9376158118247986,0.9376158118247986,0.0120860678144997,MC38,1.2339103416756816,-0.448179829773431,Hypoxic,0.7635513793330215,0.038100220188424606,0.3061017453480542,0.6557980344635213
CAAGCGCCATTACCGC_E15S,E15S,Tumor,normoxic_stable,-0.6338365966680608,-0.261140785404762,1.8564477440696217,0.9380764365196228,0.9380764365196228,0.2839016760388888,MC38,-0.6338365966680608,-0.261140785404762,Normoxic,1.076851552021041,0.4222319776591702,0.32540315540643666,0.25236486693439303
CACTGGACATAAGCGT_E15S,E15S,Tumor Proliferating,transitional,-0.3210004283813102,-0.083133176434777,1.2824703264738702,0.9350768327713012,0.9350768327713012,0.0409955303950895,MC38,-0.3210004283813102,-0.083133176434777,Normoxic,1.0930964813638961,0.36213297897310914,0.353135401596003,0.28473161943088793
CAAGCTGCAACTCGTC_E15S,E15S,Tumor,persistent_hypoxia,1.489435015353518,0.2762442720549786,-0.1797166676582645,0.9374662041664124,0.9374662041664124,0.1856685330686003,MC38,1.489435015353518,0.2762442720549786,Hypoxic,0.7062301517639702,0.017516891698083865,0.3172459583139096,0.6652371499880064
AAGTACCCATTAGAGC_E15S,E15S,Tumor Proliferating,entering_hypoxia,0.1977624355900874,0.6600971691991864,1.420047219645167,0.9346261620521544,0.9346261620521544,0.0485711451182738,MC38,0.1977624355900874,0.6600971691991864,Saddle / ICS,1.0281223287023038,0.16933885503524776,0.44743715490354474,0.3832239900612075
AGCCTGGTCTAGATAC_E15S,E15S,Tumor Proliferating,transitional,-0.3364131888016374,0.041256626891047,0.9950418876833512,0.9312440156936646,0.9312440156936646,0.0558179292459397,MC38,-0.3364131888016374,0.041256626891047,Saddle / ICS,1.0921081711063478,0.35719749376412524,0.36237295129340524,0.28042955494246946
CCCTTTAGTTTGAGAG_E15S,E15S,Tumor,reverted_stable,-0.679894462582017,-0.8082251286831801,1.5318987539974167,0.9337327480316162,0.9337327480316162,0.1264031145299052,MC38,-0.679894462582017,-0.8082251286831801,Normoxic,1.0893493993190542,0.39803233192139936,0.3067000698625021,0.2952675982160985
CAAGGTGAGGAATCAA_E15S,E15S,Tumor Proliferating,persistent_hypoxia,1.727259949525147,0.3984827441645642,0.091217877236954,0.9376052618026732,0.9376052618026732,0.0437854400610729,MC38,1.727259949525147,0.3984827441645642,Hypoxic,0.6405666346234897,0.00810484769367046,0.2834496973945437,0.7084454549117858
TATGCAACAATCGTCC_E15S,E15S,Tumor,exiting_hypoxia,-0.402758600249836,-0.7844719226157949,0.251817240264504,0.9405856132507324,0.9405856132507324,0.2763330155068995,MC38,-0.402758600249836,-0.7844719226157949,Normoxic,1.0973642544788413,0.3562304365493484,0.316771122092387,0.3269984413582646
GGCTAATCACTAGCTC_E15S,E15S,Tumor,normoxic_stable,-0.903471024260496,-0.2467935023751108,1.3302428408378244,0.9341904520988464,0.9341904520988464,0.1550525514779903,MC38,-0.903471024260496,-0.2467935023751108,Normoxic,1.0616013026857594,0.4514576791887169,0.3181380774813066,0.23040424332997658
GGCGATGGTAAGCGGT_E15S,E15S,Tumor,transitional,-0.4057193470048643,0.1668939714987947,0.2053919435213697,0.9436797499656676,0.9436797499656676,0.1361180534683951,MC38,-0.4057193470048643,0.1668939714987947,Saddle / ICS,1.0894840918499447,0.35871316068056375,0.37022033548928596,0.2710665038301503
TGGATTTAGCAACCAC_E15S,E15S,Tumor,normoxic_stable,-0.6643131122046508,-0.3919295799748646,1.081687966410919,0.9404723048210144,0.9404723048210144,0.2656027062327608,MC38,-0.6643131122046508,-0.3919295799748646,Normoxic,1.076789287738388,0.4258619484255296,0.3177554637893283,0.2563825877851422
AACGGTAGTATGGCTT_E15S,E15S,Tumor,normoxic_stable,-0.9853740260235252,0.2580747572565535,2.3032192849954938,0.9342907071113586,0.9342907071113586,0.0882568866778681,MC38,-0.9853740260235252,0.2580747572565535,Normoxic,1.066977630484007,0.4173915896889158,0.35987153502573366,0.22273687528535052
AGCTTACGTGGCTGCT_E15S,E15S,Tumor,transitional,-0.0406686228851488,-0.003683808475409,0.6970387061269492,0.940862476825714,0.940862476825714,0.2159900360615103,MC38,-0.0406686228851488,-0.003683808475409,Saddle / ICS,1.0936212856244198,0.2943767190320129,0.37583614997380643,0.32978713099418067
ATACGCGCAGTTGCAG_E15S,E15S,Tumor,persistent_hypoxia,0.6782872644076541,-0.1000460926711847,0.5120565557904709,0.9385548830032348,0.9385548830032348,0.1853459735685965,MC38,0.6782872644076541,-0.1000460926711847,Hypoxic,0.9730133901834019,0.12294042636203892,0.3806528004461427,0.49640677319181836
AGCCATTGTGAAGGTC_E15S,E15S,Tumor,transitional,0.1402038810604106,-0.1726791716220939,0.0949280677227915,0.9358948469161988,0.9358948469161988,0.1961872799342978,MC38,0.1402038810604106,-0.1726791716220939,Hypoxic,1.0843914692579093,0.2556229346253531,0.3720300570784226,0.3723470082962242
CTCAGTTTCCTTCCAG_E15S,E15S,Tumor,persistent_hypoxia,1.6192204011794475,-0.2663276021202767,0.0405415673658249,0.9381070733070374,0.9381070733070374,0.1528872523370057,MC38,1.6192204011794475,-0.2663276021202767,Hypoxic,0.6464219550503012,0.013633598988033518,0.2653316438381077,0.7210347571738587
GCAGTGAAGTCAGGAG_E15S,E15S,Tumor,exiting_hypoxia,1.1377747956010695,-0.4342639963349408,-0.089217350926217,0.9418264031410216,0.9418264031410216,0.1544395179012817,MC38,1.1377747956010695,-0.4342639963349408,Hypoxic,0.8000630173673573,0.04820891909481337,0.3187531196174289,0.6330379612877577
TAACACTAGTTAGACT_E15S,E15S,Tumor,entering_hypoxia,0.007561203487008,1.815124489979444,0.7509718975706194,0.937046468257904,0.937046468257904,0.02149924656665,MC38,0.007561203487008,1.815124489979444,Saddle / ICS,0.8372959100405685,0.04364437756044645,0.5268234201397499,0.4295322022998037
GTGGACAAGTTGGGCT_E15S,E15S,Tumor,exiting_hypoxia,0.0432490105660238,-0.9328261711097324,-0.2342268699260326,0.9422826170921326,0.9422826170921326,0.124380378673521,MC38,0.0432490105660238,-0.9328261711097324,Hypoxic,1.0707449222814225,0.24026660551297388,0.3274743961704169,0.4322589983166093
CCCATTTAGTTGGACC_E15S,E15S,Tumor,entering_deep_hypoxia,2.69168281935003,2.330362904481367,-0.1569522593053993,0.9354203939437866,0.9354203939437866,0.1075888003978502,MC38,2.69168281935003,2.330362904481367,Hypoxic,0.3659776817238297,9.211449337397838e-06,0.11946757862301369,0.880523209927649
GGGTTGGGTCTCCACT_E15S,E15S,Tumor,transitional,-0.0678268496153941,0.1513376482469279,0.1177118701970074,0.942129909992218,0.942129909992218,0.1275132522701454,MC38,-0.0678268496153941,0.1513376482469279,Saddle / ICS,1.0911348372116296,0.2890486241556508,0.3878730898957726,0.3230782859485765
GCGACAGGTTTCGTCC_E15S,E15S,Tumor,entering_hypoxia,-0.046982517042921,1.3031568216799765,1.1965554875595543,0.9412142038345336,0.9412142038345336,0.0698588236984541,MC38,-0.046982517042921,1.3031568216799765,Saddle / ICS,0.9546539733767881,0.11016768078606126,0.5080763298317423,0.3817559893821964
AATATCGCAGGATTAC_E15S,E15S,Tumor,persistent_hypoxia,1.785326370626294,-0.1779183884017799,-0.2306840398862593,0.93807715177536,0.93807715177536,0.1145695386897922,MC38,1.785326370626294,-0.1779183884017799,Hypoxic,0.6022073685501922,0.008177445499673922,0.2452635422666526,0.7465590122336736
AACAGGTAGGTTCGCG_E15S,E15S,Tumor,entering_hypoxia,-0.6141753596728154,0.6625746539305107,1.7865068423627382,0.9317116141319276,0.9317116141319276,0.1221944503573127,MC38,-0.6141753596728154,0.6625746539305107,Saddle / ICS,1.0797032912645639,0.3119918877781514,0.422073696917228,0.2659344153046206
CTTAATGGTCCATAGT_E15S,E15S,Tumor,exiting_hypoxia,0.0413405684909859,-0.5969869561253529,-0.2924939131605958,0.9443873763084412,0.9443873763084412,0.2658138135476853,MC38,0.0413405684909859,-0.5969869561253529,Hypoxic,1.0887607584276084,0.27252938923159525,0.3424878037236126,0.38498280704479226
AACTGACCATCGCTAC_E15S,E15S,Tumor,transitional,-0.2997733069438268,0.1078938127410316,-0.3345868196855824,0.9432145953178406,0.9432145953178406,0.2080016032656191,MC38,-0.2997733069438268,0.1078938127410316,Saddle / ICS,1.0928127182401173,0.34411570631117133,0.37050352262920283,0.28538077105962584
CGAGCGAGTAGCCATT_E15S,E15S,Tumor,exiting_hypoxia,1.7278559359648695,-1.2106618204510693,0.2685087101837615,0.9407366514205932,0.9407366514205932,0.1384944167007924,MC38,1.7278559359648695,-1.2106618204510693,Hypoxic,0.49940071928565277,0.005670131429779253,0.1761596210292054,0.8181702475410153
GGTACGCCACAGGCGT_E15S,E15S,Tumor Proliferating,persistent_hypoxia,0.6364221104636151,0.0456870845256323,1.184702984488171,0.9343148469924928,0.9343148469924928,0.0496578830768725,MC38,0.6364221104636151,0.0456870845256323,Hypoxic,0.9825364314121798,0.12785079342448477,0.39294858631372565,0.47920062026178945
ACCCGATAGCGAACTC_E15S,E15S,Tumor,entering_hypoxia,-0.2547129697308441,0.4277958595603507,1.1602656367415582,0.936209201812744,0.936209201812744,0.1183145255892944,MC38,-0.2547129697308441,0.4277958595603507,Saddle / ICS,1.0868449580109871,0.29577110380294497,0.4068009829128813,0.29742791328417373
CTAAACCGTCTTGGGC_E15S,E15S,Tumor,exiting_hypoxia,-0.1595069353977831,-0.6564141411192234,-0.2327277846179985,0.9411264061927797,0.9411264061927797,0.174682414334571,MC38,-0.1595069353977831,-0.6564141411192234,Hypoxic,1.0977170744150282,0.31718839598592313,0.331221951518302,0.3515896524957748
TAGGCTGCAATGCCGA_E15S,E15S,Tumor,exiting_hypoxia,0.1602791337779105,-0.4936704325657939,0.3241162428375106,0.9419593811035156,0.9419593811035156,0.2617536214899885,MC38,0.1602791337779105,-0.4936704325657939,Hypoxic,1.0795480555735129,0.2473021224870286,0.3523286724657175,0.4003692050472539
CGCGATTAGGTCAACC_E15S,E15S,Tumor,entering_deep_hypoxia,2.5642159978123757,1.1735212143357314,0.7045355804293111,0.9460944533348083,0.9460944533348083,0.0498156989878391,MC38,2.5642159978123757,1.1735212143357314,Hypoxic,0.43893050897717456,0.00017529714580892853,0.1585570311914649,0.8412676716627262
CTCGACTCACAGCGTA_E15S,E15S,Tumor,entering_hypoxia,0.0999125154835733,1.2848278998601612,2.0056137361780424,0.9400445222854614,0.9400445222854614,0.1264230529215302,MC38,0.0999125154835733,1.2848278998601612,Saddle / ICS,0.9376165996910115,0.0962351187553626,0.5019398523255247,0.40182502891911265
AAGTCATTCCCCTGTA_E15S,E15S,Tumor,entering_deep_hypoxia,0.3773882821695633,1.0182297473210626,1.5013545173185534,0.932414174079895,0.932414174079895,0.0429428354590157,MC38,0.3773882821695633,1.0182297473210626,Saddle / ICS,0.9396658975400117,0.09455724137662369,0.4728574293260798,0.4325853292972964
ACCATTTCATGATTGA_E15S,E15S,Tumor,transitional,-0.1538396127995013,-0.1719370149326486,1.2072165588220336,0.9348242282867432,0.9348242282867432,0.1301773571970567,MC38,-0.1538396127995013,-0.1719370149326486,Saddle / ICS,1.0972484792435973,0.3288692875542708,0.3565957493973283,0.3145349630484009
AGTTGAAAGCATAGGG_E15S,E15S,Tumor,exiting_hypoxia,-0.097193389775763,-1.4999735756376815,0.0966815122412931,0.9440106749534608,0.9440106749534608,0.1160082905639406,MC38,-0.097193389775763,-1.4999735756376815,Hypoxic,1.007344716094453,0.17741694239766406,0.3003839681756572,0.5221990894266787
GGGATATAGGATATGA_E15S,E15S,Tumor,reverted_stable,-0.7521430055280977,-0.9693008077781384,-0.2547375838688201,0.944269835948944,0.944269835948944,0.1911420040029555,MC38,-0.7521430055280977,-0.9693008077781384,Normoxic,1.0929159702232483,0.38400029735851476,0.30403515037686235,0.3119645522646229
TCGCTTGTCTCATCCG_E15S,E15S,Tumor Proliferating,persistent_hypoxia,1.891832725265064,0.0011905002143016,0.2537802485663885,0.9215567708015442,0.9215567708015442,0.0621229339032457,MC38,1.891832725265064,0.0011905002143016,Hypoxic,0.5825662437320356,0.00566111168281897,0.23835491667333628,0.7559839716438448
TCATTCATCCGGATGT_E15S,E15S,Tumor,persistent_hypoxia,3.768610558658128,0.0896924617000494,-0.1189103920961231,0.9493442177772522,0.9493442177772522,0.1509745509701587,MC38,3.768610558658128,0.0896924617000494,Hypoxic,0.15508275239297425,1.2541400967568796e-06,0.03601457474715739,0.9639841711127458
CCTTTCAGTTGGTGAA_E15S,E15S,Tumor Proliferating,persistent_hypoxia,0.7282380725946406,-0.2679628318399675,1.3892097353105242,0.9310691952705384,0.9310691952705384,0.0025913256169001,MC38,0.7282380725946406,-0.2679628318399675,Hypoxic,0.95553407713595,0.11403730505652114,0.36601024058904064,0.5199524543544383
TCCTTCTCATGACGTG_E15S,E15S,Tumor,normoxic_stable,-0.9552910293748388,-0.0687225506282806,1.7116127380773825,0.9357782006263732,0.9357782006263732,0.2024616200346094,MC38,-0.9552910293748388,-0.0687225506282806,Normoxic,1.059956204300358,0.4481940845993978,0.32903559311157077,0.22277032228903149
TCCCTTAGTAGCCTTG_E15S,E15S,Tumor,exiting_hypoxia,1.04567527825588,-1.3643451104480468,-0.17856816945589,0.9482532739639282,0.9482532739639282,0.2535642819332918,MC38,1.04567527825588,-1.3643451104480468,Hypoxic,0.6856922015034908,0.03166800536086228,0.24269538155289366,0.7256366130862442
GCAGGATGTGAGTGCG_E15S,E15S,Tumor Proliferating,entering_hypoxia,-0.6686934496293493,1.350024261960192,1.3179283915106097,0.9396804571151732,0.9396804571151732,0.0513846140962725,MC38,-0.6686934496293493,1.350024261960192,Saddle / ICS,0.998838922159826,0.16186114848518635,0.5206262375976124,0.3175126139172013
CGCCAAGTCCTTAGTC_E15S,E15S,Tumor,persistent_hypoxia,0.3975924273174362,0.2970696312902667,0.7788144996408816,0.9332217574119568,0.9332217574119568,0.0888604962682595,MC38,0.3975924273174362,0.2970696312902667,Hypoxic,1.0274732425763573,0.1658956492336822,0.4161393627337156,0.41796498803260224
GTCGCCAAGTTGGTAT_E15S,E15S,Tumor,persistent_hypoxia,1.8977950091274247,0.2777408940808002,-0.0846012230705535,0.9391463994979858,0.9391463994979858,0.0729030096369219,MC38,1.8977950091274247,0.2777408940808002,Hypoxic,0.59256303896245,0.005026379199404917,0.25005449228482884,0.7449191285157661
GTCTACCCATGCTCAC_E15S,E15S,Tumor Proliferating,transitional,-0.4045684440377702,0.2127994477298308,1.0915569947924644,0.931155800819397,0.931155800819397,0.0706224914299152,MC38,-0.4045684440377702,0.2127994477298308,Saddle / ICS,1.0894435785062304,0.35333130024723614,0.37495760080866486,0.27171109894409895
ACACGGTTCTAGTGCA_E15S,E15S,Tumor,persistent_hypoxia,0.3639127712163844,-0.1630213348429408,0.5024984598188997,0.957923173904419,0.957923173904419,0.2185308874122689,MC38,0.3639127712163844,-0.1630213348429408,Hypoxic,1.0521097325831195,0.19766689310102378,0.3794498124292453,0.42288329446973094
CCACCATCACTTCGTA_E15S,E15S,Tumor,entering_hypoxia,-0.9990021742208826,0.6557221247190453,1.0965629005942454,0.9388108253479004,0.9388108253479004,0.1392704221093456,MC38,-0.9990021742208826,0.6557221247190453,Saddle / ICS,1.0745676956044605,0.3470024185073144,0.41379531344345055,0.23920226804923495
GTATCCGGTATTAGGG_E15S,E15S,Tumor,normoxic_stable,-0.6959634571736392,0.1295321425211583,0.4110161223826151,0.9421799182891846,0.9421799182891846,0.1229189133257243,MC38,-0.6959634571736392,0.1295321425211583,Normoxic,1.0757818878859797,0.4073488343498201,0.3529617990666786,0.23968936658350123
AGGCTCACATAGAGAG_E15S,E15S,Tumor Proliferating,persistent_hypoxia,0.7852666651433189,-0.017294089624307,0.8418422983787952,0.9353014230728148,0.9353014230728148,0.1422775239263587,MC38,0.7852666651433189,-0.017294089624307,Hypoxic,0.9387418804576224,0.10019806726846398,0.3813975307202357,0.5184044020113004
CGTGAGGGTCAAGCCC_E15S,E15S,Tumor,entering_hypoxia,-0.7477960196169999,0.4555826113049965,1.010861470850288,0.9422128200531006,0.9422128200531006,0.0953404730932871,MC38,-0.7477960196169999,0.4555826113049965,Saddle / ICS,1.0792580347058955,0.36712467464181375,0.38907938999373265,0.24379593536445363
CAAGCGCCAGGATCTG_E15S,E15S,Tumor Proliferating,transitional,-0.1222160344342806,0.3301274831583369,0.7046072875728769,0.9350327849388124,0.9350327849388124,0.0455696031938531,MC38,-0.1222160344342806,0.3301274831583369,Saddle / ICS,1.0871470214696313,0.2818105955775349,0.40274521453116663,0.3154441898912984
AAGTAACGTAGCTCAT_E15S,E15S,Tumor,entering_deep_hypoxia,0.8038931309564272,1.7039753606770454,0.2573797525488617,0.9377635717391968,0.9377635717391968,0.2249860930449806,MC38,0.8038931309564272,1.7039753606770454,Hypoxic,0.7571254878661603,0.015434638454122155,0.44262221435586696,0.5419431471900109
ACACGATCACTTGCAC_E15S,E15S,Tumor,normoxic_stable,-0.7461148674844955,0.3403956168699487,1.4785667640352602,0.934894561767578,0.934894561767578,0.1582846148081472,MC38,-0.7461148674844955,0.3403956168699487,Normoxic,1.0776342200805684,0.3858632427642599,0.3744672223343752,0.2396695349013649
GTAAACTTCTGGCCTC_E15S,E15S,Tumor,exiting_hypoxia,0.93247475155184,-1.516475033963723,0.0221018569399085,0.9431289434432985,0.9431289434432985,0.1010337690109657,MC38,0.93247475155184,-1.516475033963723,Hypoxic,0.6877117146430776,0.03389081931471649,0.23829263828135513,0.7278165424039285
ACTCTGTTCTATCCTA_E15S,E15S,Tumor,exiting_hypoxia,-0.3164711108661384,-0.502198611929795,1.4289713137648783,0.9310462474822998,0.9310462474822998,0.175832922970032,MC38,-0.3164711108661384,-0.502198611929795,Normoxic,1.0964714442337753,0.3618772001131024,0.32935579293300943,0.30876700695388815
ACACCAGCAGCCTATC_E15S,E15S,Tumor,entering_deep_hypoxia,1.6883653498108742,0.4149349041777544,2.5182330244582274,0.9316756129264832,0.9316756129264832,0.091125228885741,MC38,1.6883653498108742,0.4149349041777544,Hypoxic,0.6511256694286701,0.009036993813746532,0.2906331969995387,0.7003298091867148
TGTCTGTTCCGCACGA_E15S,E15S,Tumor,reverted_stable,-0.4418198177520894,-0.6108752977125946,0.2723611667206183,0.9434537291526794,0.9434537291526794,0.1421578412822504,MC38,-0.4418198177520894,-0.6108752977125946,Normoxic,1.0935547177241216,0.3798872110003357,0.31943284458960086,0.30067994441006346
CCCTAGCTCACTCCAT_E15S,E15S,Tumor,reverted_stable,-1.162266127335367,-0.6244311950063921,-0.3150798140283567,0.9436087608337402,0.9436087608337402,0.1719618072114348,MC38,-1.162266127335367,-0.6244311950063921,Normoxic,1.065054797870673,0.452167056162503,0.30366983659557834,0.2441631072419186
TATGGGTCAATGTATG_E15S,E15S,Tumor,exiting_hypoxia,1.5534049008831483,-1.6987120283960766,0.4499189613205365,0.9435217380523682,0.9435217380523682,0.1529023605489749,MC38,1.5534049008831483,-1.6987120283960766,Hypoxic,0.4585084010844994,0.005008448217694897,0.1529652789070549,0.8420262728752502
TGGACTATCAGGTAGG_E15S,E15S,Tumor,exiting_hypoxia,2.177705700617594,-1.0394021857674152,-0.1870959135454952,0.9451169967651368,0.9451169967651368,0.0855203843880089,MC38,2.177705700617594,-1.0394021857674152,Hypoxic,0.40641905276653767,0.0014196591547172162,0.13506203046844392,0.8635183103768389
ACGCAATCAATGTCAA_E15S,E15S,Tumor Proliferating,exiting_hypoxia,-0.0797666635284953,-0.4867931080457081,0.5785299495405422,0.9321028590202332,0.9321028590202332,0.0347086445801145,MC38,-0.0797666635284953,-0.4867931080457081,Hypoxic,1.097189134766422,0.30862758262444695,0.34236717824398605,0.34900523913156706
TCCCCTAAGGATAGGT_E15S,E15S,Tumor Proliferating,entering_hypoxia,-0.6442476059669694,0.6430724264464523,1.0067753864258169,0.9403916597366332,0.9403916597366332,0.0548847207337394,MC38,-0.6442476059669694,0.6430724264464523,Saddle / ICS,1.0800745908555107,0.3196665789736699,0.4183143712420538,0.26201904978427626
AGCCGAAAGGAGGCAC_E15S,E15S,Tumor,persistent_hypoxia,0.4266681004976859,-0.3906981507602602,-0.0414687160415867,0.9533315896987916,0.9533315896987916,0.2138706698170689,MC38,0.4266681004976859,-0.3906981507602602,Hypoxic,1.0361927946358565,0.18173840268043406,0.36393799647392083,0.4543236008456451
AGAGGCATCTATCACC_E15S,E15S,Tumor Proliferating,exiting_hypoxia,0.6460722640558406,-0.6825577459897371,0.68135706944812,0.9300548434257508,0.9300548434257508,0.0288954192283046,MC38,0.6460722640558406,-0.6825577459897371,Hypoxic,0.9547775527616251,0.1210195040574487,0.3384540567946944,0.5405264391478569
GTAGACTCAGGAAGCG_E15S,E15S,Tumor,normoxic_stable,-1.3477043856360351,0.1943175565118435,0.5393706627100929,0.9325518608093262,0.9325518608093262,0.0294191030742615,MC38,-1.3477043856360351,0.1943175565118435,Normoxic,1.0601222062468607,0.4301424331028266,0.35660903118316184,0.21324853571401148
GGGCAATGTTTCAGCG_E15S,E15S,Tumor,reverted_stable,-0.4826645419443999,-0.4417120188546549,-0.1088241927154092,0.9442152380943298,0.9442152380943298,0.2990064263822799,MC38,-0.4826645419443999,-0.4417120188546549,Normoxic,1.0883789150738457,0.39632226846317364,0.3234655125542888,0.28021221898253756
AAGTACCCAATGACGT_E15S,E15S,Tumor,entering_hypoxia,-0.1553962234725454,1.0117178386139798,1.776137994548417,0.9409528970718384,0.9409528970718384,0.0910100853359238,MC38,-0.1553962234725454,1.0117178386139798,Saddle / ICS,1.0239120504173582,0.17458603639598164,0.48085697532499283,0.3445569882790255
GGCACCTGTAACGCGG_E15S,E15S,Tumor Proliferating,exiting_hypoxia,0.9063923277942588,-0.8199664155643774,1.7135784778901162,0.931536078453064,0.931536078453064,0.0094635044740218,MC38,0.9063923277942588,-0.8199664155643774,Hypoxic,0.8438055820496134,0.0693280259819845,0.3095366146756306,0.621135359342385
CCGCCATTCCATCCCA_E15S,E15S,Tumor,exiting_hypoxia,0.9000735692916695,-1.228681757136374,-0.0765902952393405,0.9454227089881896,0.9454227089881896,0.0823161195819892,MC38,0.9000735692916695,-1.228681757136374,Hypoxic,0.7696303938514981,0.050985289023270076,0.2716471063813029,0.6773676045954271
GGTATGAGTTAGACGA_E15S,E15S,Tumor,entering_hypoxia,-0.947535019631977,0.6851396107912278,0.4507419144330161,0.9418150782585144,0.9418150782585144,0.0819121200556262,MC38,-0.947535019631977,0.6851396107912278,Saddle / ICS,1.075126330292308,0.3379096274154569,0.41860855866171925,0.24348181392282392
TGGCCATAGTTGCTGA_E15S,E15S,Tumor Proliferating,normoxic_stable,-0.6634872969088772,-0.1508663402773068,2.205111248700923,0.9291526675224304,0.9291526675224304,0.0509226580099363,MC38,-0.6634872969088772,-0.1508663402773068,Normoxic,1.0746254195280232,0.42350938240591685,0.3310058462804502,0.24548477131363297
TCCCAGCTCCAGCCCT_E15S,E15S,Tumor,transitional,-0.2923686965556133,0.2087393646929068,0.810259677356026,0.9307610988616944,0.9307610988616944,0.1042744866821027,MC38,-0.2923686965556133,0.2087393646929068,Saddle / ICS,1.092002713017739,0.33227594214989226,0.3807508422146538,0.28697321563545397
GCTTGTAAGGAGGTCA_E15S,E15S,Tumor,persistent_hypoxia,0.7928128345734866,0.0619315075494551,0.4373705889964184,0.93820983171463,0.93820983171463,0.0983163904843915,MC38,0.7928128345734866,0.0619315075494551,Hypoxic,0.934672922618927,0.09680759419160184,0.3866119118890282,0.5165804939193699
TCATTAGGTCTAGTCG_E15S,E15S,Tumor Proliferating,entering_deep_hypoxia,0.4559016793582717,2.150243919950156,1.820515130922924,0.945895791053772,0.945895791053772,0.0977787582622835,MC38,0.4559016793582717,2.150243919950156,Hypoxic,0.7455081798696717,0.01111287967577471,0.4723101670128196,0.5165769533114057
AGGCCCATCACACACA_E15S,E15S,Tumor,entering_hypoxia,-0.6680188026167806,2.7614002577917085,1.441540811026856,0.9472090005874634,0.9472090005874634,0.1512577008028351,MC38,-0.6680188026167806,2.7614002577917085,Saddle / ICS,0.7287838683551624,0.007416053566534911,0.5347331317475589,0.45785081468590616
TGTGCAATCCATGCCC_E15S,E15S,Tumor,normoxic_stable,-0.9705905527274225,0.1991271121599284,1.5680284109855582,0.9328630566596984,0.9328630566596984,0.157800268906411,MC38,-0.9705905527274225,0.1991271121599284,Normoxic,1.0656168704648807,0.4242767735940616,0.3534560456528924,0.22226718075304597
ACCCCGAAGTGATCCA_E15S,E15S,Tumor,entering_deep_hypoxia,2.789887719721248,1.2825908625032727,0.1521251467749148,0.9453906416893004,0.9453906416893004,0.0929493105408137,MC38,2.789887719721248,1.2825908625032727,Hypoxic,0.3823232666618338,5.6652536345136034e-05,0.12755919924333176,0.8723841482203231
TACTCCACAAAGGACA_E15S,E15S,Tumor,normoxic_stable,-0.5463977290651896,0.1263528058582737,0.4863049020622066,0.9419600367546082,0.9419600367546082,0.2224403944992144,MC38,-0.5463977290651896,0.1263528058582737,Normoxic,1.0833151070061235,0.38683615689812606,0.3590089170921327,0.2541549260097412
AGGTTCATCATGAACT_E15S,E15S,Tumor,persistent_hypoxia,0.6166058065932375,0.0116633883022427,0.6524386105619382,0.93330317735672,0.93330317735672,0.1052061262533706,MC38,0.6166058065932375,0.0116633883022427,Hypoxic,0.9891228605779729,0.13322053360145386,0.3910336881594468,0.4757457782390994
GTGCCCAAGGCGTCCA_E15S,E15S,Tumor Proliferating,exiting_hypoxia,-0.0165367353213108,-0.999646608261464,1.7905637481423446,0.9373895525932312,0.9373895525932312,0.0538799736804987,MC38,-0.0165367353213108,-0.999646608261464,Hypoxic,1.0726177678718072,0.24546311639135893,0.32352144197228605,0.431015441636355
GTAGGTTCAACTGGAT_E15S,E15S,Tumor,transitional,0.0025182198001195,-0.3391632092240353,1.5893983376287342,0.9610430598258972,0.9610430598258972,0.2459815665205559,MC38,0.0025182198001195,-0.3391632092240353,Saddle / ICS,1.0946851570068477,0.2920266257108835,0.35455801006924975,0.3534153642198668
CCACTTACACATTGAA_E15S,E15S,Tumor,transitional,-0.1814798722114232,0.184242199623228,1.3243196834302258,0.9373747706413268,0.9373747706413268,0.0953628474184375,MC38,-0.1814798722114232,0.184242199623228,Saddle / ICS,1.0927770385245292,0.31159022272085657,0.3846329057960801,0.3037768714830634
CCGACTTCAACTGCCT_E15S,E15S,Tumor,entering_hypoxia,-1.0988181943913902,0.7540805860692733,1.7807716497363992,0.9344890713691713,0.9344890713691713,0.1781841139828781,MC38,-1.0988181943913902,0.7540805860692733,Saddle / ICS,1.071960595102473,0.3286290891452284,0.4295537188359565,0.24181719201881516
TGCCTAGGTAGGTATG_E15S,E15S,Tumor,exiting_hypoxia,-0.4020998449552083,-1.227204090565359,0.3739369143521504,0.9424055814743042,0.9424055814743042,0.1102212760413141,MC38,-0.4020998449552083,-1.227204090565359,Hypoxic,1.08691512550708,0.28562241546972467,0.3093030385047017,0.40507454602557363
TCTACGTTCTAGGCGT_E15S,E15S,Tumor,exiting_hypoxia,0.4986199082441164,-0.4818868806863731,1.015096003270998,0.9414296746253968,0.9414296746253968,0.3268092402002923,MC38,0.4986199082441164,-0.4818868806863731,Hypoxic,1.014618934710504,0.1619292501318843,0.35725232812040014,0.48081842174771566
CGGTTAGCAATCTCTG_E15S,E15S,Tumor,persistent_hypoxia,1.1759169518246175,-0.2930456197497597,-0.0727248667860133,0.9407971501350404,0.9407971501350404,0.151932581217948,MC38,1.1759169518246175,-0.2930456197497597,Hypoxic,0.7956974390415719,0.04485579270634167,0.32525616777271293,0.6298880395209454
TCTGCGGAGTAGACTT_E15S,E15S,Tumor,exiting_hypoxia,-0.2026661626333229,-1.2234540067236714,0.6141779776495352,0.9419751763343812,0.9419751763343812,0.2026043822616159,MC38,-0.2026661626333229,-1.2234540067236714,Hypoxic,1.0713239674506205,0.24927383712240486,0.3125056297566364,0.43822053312095866
TATGGCTGTAGTTGCT_E15S,E15S,Tumor,exiting_hypoxia,0.0126487312551955,-0.4300894906754048,0.1689960807171402,0.9436501860618592,0.9436501860618592,0.1093547151988502,MC38,0.0126487312551955,-0.4300894906754048,Hypoxic,1.0936781924404069,0.28762103810113526,0.34984234806920805,0.36253661382965674
AACGACTCACAAGCCA_E15S,E15S,Tumor Proliferating,entering_deep_hypoxia,0.3634739839325155,1.378591261396648,1.3477936114106226,0.9375115036964417,0.9375115036964417,0.0191919903432258,MC38,0.3634739839325155,1.378591261396648,Saddle / ICS,0.875712064520737,0.0590803945501022,0.4911857425780502,0.4497338628718476
TAGGACTCAAGCTCAG_E15S,E15S,Tumor,persistent_hypoxia,0.996691224291608,-0.1928447846112262,-0.1463954066431859,0.9404087662696838,0.9404087662696838,0.2343241590574123,MC38,0.996691224291608,-0.1928447846112262,Hypoxic,0.8649773056271833,0.06736717333037072,0.35212555003447177,0.5805072766351574
GCCTGTTCATAAGGCT_E15S,E15S,Hypoxic Tumor,exiting_hypoxia,0.5185185018850403,-2.572528059301836,0.6287364957161057,0.9194918274879456,0.9194918274879456,0.7952591560058662,MC38,0.5185185018850403,-2.572528059301836,Hypoxic,0.4816388480840402,0.010299708405114238,0.15188852561479155,0.8378117659800942
GGTAAATGTATGGTGA_E15S,E15S,Tumor Proliferating,transitional,-0.1368891196336636,-0.0309102085490257,1.1684358234944412,0.9304084777832032,0.9304084777832032,0.031793755597516,MC38,-0.1368891196336636,-0.0309102085490257,Saddle / ICS,1.0959070926281458,0.31888763468728476,0.3681124371397903,0.31299992817292493
AACACACCAAACCGTG_E15S,E15S,Tumor Proliferating,exiting_hypoxia,3.956161447150671,-1.352736673833972,2.1134217129413844,0.9408612251281738,0.9408612251281738,0.0389802408997127,MC38,3.956161447150671,-1.352736673833972,Hypoxic,0.07759072523152147,1.933635396781456e-07,0.014929552125315658,0.9850702545111447
TGCTATAGTCTAGTGT_E15S,E15S,Tumor,persistent_hypoxia,0.5357526595476056,0.230231484787039,0.4352163428432679,0.950597643852234,0.950597643852234,0.1959773473352157,MC38,0.5357526595476056,0.230231484787039,Hypoxic,1.0004872171766475,0.14033695973140817,0.40951663338781435,0.45014640688077734
AAGGTAATCTGTGAAT_E15S,E15S,Tumor,exiting_hypoxia,0.5864799584722642,-0.5358515664433752,-0.0450796524391179,0.9373763203620912,0.9373763203620912,0.1388340520830682,MC38,0.5864799584722642,-0.5358515664433752,Hypoxic,0.9865048606453177,0.13985848578227866,0.3515782896049921,0.5085632246127293
GGTGACTTCCGTGCGA_E15S,E15S,Tumor,entering_hypoxia,-0.4483978783640422,0.429792535433193,1.1418360610418057,0.9363098740577698,0.9363098740577698,0.1442811025690838,MC38,-0.4483978783640422,0.429792535433193,Saddle / ICS,1.0867520005363156,0.33063801171843593,0.39745439232230767,0.27190759595925656
AGTTATCAGGGTGACA_E15S,E15S,Tumor,normoxic_stable,-0.7454295133221283,0.1999802918749606,0.718874161347266,0.9417021870613098,0.9417021870613098,0.0933039985321264,MC38,-0.7454295133221283,0.1999802918749606,Normoxic,1.074773279262386,0.4051001930711165,0.35846548112159493,0.23643432580728865
ACAGCCCGTGCAGCGA_E15S,E15S,Tumor,reverted_stable,-0.9082172015869951,-0.4630162170107846,0.3849595379899148,0.942706286907196,0.942706286907196,0.2343295647738649,MC38,-0.9082172015869951,-0.4630162170107846,Normoxic,1.0655128808908227,0.4496279538441475,0.3084873905060239,0.2418846556498287
TACCCAGGTCAGGAGT_E15S,E15S,Tumor,reverted_stable,-0.4599446384755002,-0.7270009078641968,0.1753622519646328,0.9438396692276,0.9438396692276,0.19585092998159,MC38,-0.4599446384755002,-0.7270009078641968,Normoxic,1.0951263061280678,0.37297175638777147,0.3156776212794691,0.3113506223327595
AACACCATCAGTTACG_E15S,E15S,Tumor,entering_hypoxia,-0.4073316307905306,0.5781971489432048,0.3020412569592719,0.9420942068099976,0.9420942068099976,0.0619122584657759,MC38,-0.4073316307905306,0.5781971489432048,Saddle / ICS,1.0827577799743668,0.2982921184599465,0.41828160719698493,0.2834262743430686
CACTACCCATCCTACA_E15S,E15S,Tumor,normoxic_stable,-0.4761950929521411,-0.0888336370734397,-0.04609270089552,0.943413496017456,0.943413496017456,0.2593548901207279,MC38,-0.4761950929521411,-0.0888336370734397,Normoxic,1.085822594638795,0.391862948636276,0.34407891614313046,0.2640581352205934
ACCTTAAGTTAGGCCC_E15S,E15S,Tumor,normoxic_stable,-0.5696767805839893,-0.2055794561855018,1.6144223205325392,0.9390980005264282,0.9390980005264282,0.2067133649807896,MC38,-0.5696767805839893,-0.2055794561855018,Normoxic,1.0804865420163956,0.4117271482856137,0.3314806680109333,0.256792183703453
TGGCCTGAGCGCTACG_E15S,E15S,Tumor,exiting_hypoxia,-0.407303395225789,-0.6231511234321521,0.0107482638923719,0.935771942138672,0.935771942138672,0.1066574886965245,MC38,-0.407303395225789,-0.6231511234321521,Normoxic,1.0950709084411434,0.37250069684990383,0.3206473590733475,0.3068519440767487
GGACGAATCTATCCGT_E15S,E15S,Tumor,normoxic_stable,-0.8700338534612568,0.2482058988733034,1.1435372413933875,0.9364941716194152,0.9364941716194152,0.1682180444471826,MC38,-0.8700338534612568,0.2482058988733034,Normoxic,1.0706565380535877,0.4108834371234742,0.3604526400030831,0.22866392287344262
ACTTCGTTCCTGACTT_E15S,E15S,Tumor,exiting_hypoxia,-0.1332557082009446,-0.8900422695620526,1.0924658322941807,0.942595601081848,0.942595601081848,0.3653872174625519,MC38,-0.1332557082009446,-0.8900422695620526,Hypoxic,1.0906698588246813,0.2867370339437197,0.3243254047448253,0.388937561311455
CAACCAGCAAACTGCG_E15S,E15S,Tumor,transitional,-0.3390279215451037,0.2121120821821711,1.420227700190999,0.9358837008476256,0.9358837008476256,0.1380220327625939,MC38,-0.3390279215451037,0.2121120821821711,Saddle / ICS,1.0911526559030562,0.34110808006694027,0.37847612282495835,0.2804157971081014
ATCAACTAGGATGCTC_E15S,E15S,Tumor,entering_hypoxia,-0.5878693819115101,0.7953294829770412,0.7228259317277815,0.9338003396987916,0.9338003396987916,0.0979594761853572,MC38,-0.5878693819115101,0.7953294829770412,Saddle / ICS,1.0730320052802849,0.28055383043306265,0.44229894932873437,0.2771472202382029
GTTAGCTGTCCCGATA_E15S,E15S,Tumor,transitional,0.2282159967053678,0.3832281677039083,0.3466637509406539,0.936067759990692,0.936067759990692,0.1587487814349585,MC38,0.2282159967053678,0.3832281677039083,Saddle / ICS,1.0512694409890875,0.19621258527535188,0.42174002950397316,0.38204738522067494
CTCGTTGTCGCGAACT_E15S,E15S,Tumor,reverted_stable,-0.6380201289026183,-1.2827075795340102,1.0561473526778422,0.9409870505332948,0.9409870505332948,0.1204908299014534,MC38,-0.6380201289026183,-1.2827075795340102,Hypoxic,1.0927186285753674,0.30984411489449093,0.305121830640181,0.3850340544653282
ATGGGATAGGTAACTT_E15S,E15S,Tumor,reverted_stable,-0.5877539541095801,-0.4213311326871509,-0.0938636196208907,0.9326732158660888,0.9326732158660888,0.1394218894571726,MC38,-0.5877539541095801,-0.4213311326871509,Normoxic,1.0819771975442813,0.4141725994159629,0.31956728139258556,0.2662601191914516
CGTGAAAGTTTGGTTA_E15S,E15S,Tumor,persistent_hypoxia,0.3918872548302524,-0.0221944688178549,1.2013358566398329,0.9323559999465942,0.9323559999465942,0.0244178716611395,MC38,0.3918872548302524,-0.0221944688178549,Hypoxic,1.0444218358949673,0.18661670243329262,0.39040634352870485,0.42297695403800245
TGGTTCCCAACTTCGC_E15S,E15S,Tumor,entering_deep_hypoxia,1.3437754984545087,1.0468568921953527,1.4742738358461656,0.9320988655090332,0.9320988655090332,0.0784957850842157,MC38,1.3437754984545087,1.0468568921953527,Hypoxic,0.7186978842895004,0.012895617461761608,0.3639586781231079,0.6231457044151305
AGTACCGCATCATACT_E15S,E15S,Tumor,entering_hypoxia,-0.8187211125935554,0.5014840202104964,0.7800261730620333,0.944764256477356,0.944764256477356,0.1304886513794232,MC38,-0.8187211125935554,0.5014840202104964,Saddle / ICS,1.077715787832284,0.3657299865155765,0.3935004895424506,0.24076952394197287
TGGCTTGGTTCACTGG_E15S,E15S,Tumor,reverted_stable,-0.5177007123441656,-0.7675727342957364,-0.0966713950665512,0.9428833723068236,0.9428833723068236,0.2734030032188316,MC38,-0.5177007123441656,-0.7675727342957364,Normoxic,1.0940781337545875,0.37863143567704377,0.31260757884118,0.30876098548177633
GTATTCCTCCTGAGCG_E15S,E15S,Tumor,entering_deep_hypoxia,0.2927705795317344,0.6689418054689099,-0.0761680425453927,0.93759948015213,0.93759948015213,0.1809208969208212,MC38,0.2927705795317344,0.6689418054689099,Saddle / ICS,1.0103760102094235,0.14976458999124215,0.4482817003274894,0.4019537096812685
CATTTAGGTTATCGCG_E15S,E15S,Tumor Proliferating,exiting_hypoxia,0.3092305388490127,-0.7100007339188146,0.3945820734042899,0.9318217039108276,0.9318217039108276,0.0435236249408889,MC38,0.3092305388490127,-0.7100007339188146,Hypoxic,1.0440665386043269,0.19684126861800397,0.3428057382331056,0.4603529931488904
TGCCGTAGTAATGGAT_E15S,E15S,Tumor,exiting_hypoxia,-0.2213797088596006,-0.6505469492254821,0.7739095720592993,0.9323660135269164,0.9323660135269164,0.1172229406902938,MC38,-0.2213797088596006,-0.6505469492254821,Hypoxic,1.098513445627906,0.33174395360773823,0.32854912044518864,0.33970692594707314
GCCATAGCAAATGGAG_E15S,E15S,Tumor,exiting_hypoxia,2.07394561172438,-2.307663158196654,-0.396919517291452,0.944453239440918,0.944453239440918,0.097830817658661,MC38,2.07394561172438,-2.307663158196654,Hypoxic,0.24532940754212812,0.000254896529806649,0.06593045460210117,0.9338146488680923
CACAACATCGATAGCC_E15S,E15S,Tumor,exiting_hypoxia,-0.0636537119316732,-0.5147738127575532,2.068003953610888,0.9359395503997804,0.9359395503997804,0.2712689592954078,MC38,-0.0636537119316732,-0.5147738127575532,Hypoxic,1.0964430567102907,0.3034008835415766,0.3418067824521024,0.35479233400632104
TGGTGTTGTGGCGACA_E15S,E15S,Tumor Proliferating,exiting_hypoxia,0.0861112611636912,-0.8979019584841265,0.5443018305775301,0.9335299730300904,0.9335299730300904,0.0849847154560724,MC38,0.0861112611636912,-0.8979019584841265,Hypoxic,1.067746474455888,0.23420588572284118,0.3298597334314069,0.4359343808457519
CACACAGCAGGTAGCC_E15S,E15S,Tumor,transitional,0.2276432772859161,0.2767789702061577,2.919924196512277,0.934514045715332,0.934514045715332,0.2028502709666955,MC38,0.2276432772859161,0.2767789702061577,Saddle / ICS,1.0589538605663809,0.20690328836761718,0.41201806808967634,0.3810786435427065
TGGAACCTCGTGAATT_E15S,E15S,Tumor,exiting_hypoxia,0.3177552192725966,-0.5922407848139791,-0.108258999311159,0.9416043758392334,0.9416043758392334,0.1195178621796897,MC38,0.3177552192725966,-0.5922407848139791,Hypoxic,1.0503157111895471,0.2020569625318076,0.35003697233932135,0.447906065128871
AGTGCTCAGCTAGCAC_E15S,E15S,Tumor,entering_hypoxia,-0.8288397757855507,0.8491908218156758,1.0468563323052649,0.940910577774048,0.940910577774048,0.2449102813309176,MC38,-0.8288397757855507,0.8491908218156758,Saddle / ICS,1.0706154188747026,0.29246644847273673,0.4456769417585758,0.2618566097686874
AACACACCAATTGCCC_E15S,E15S,Tumor,normoxic_stable,-0.8706999001901996,0.2831245119996526,1.235348452116965,0.935394525527954,0.935394525527954,0.1039637063732544,MC38,-0.8706999001901996,0.2831245119996526,Normoxic,1.071585548907697,0.4061079700267503,0.36444824640927065,0.22944378356397901
CTAATGGTCCTCTAAC_E15S,E15S,Tumor Proliferating,transitional,-0.1916207909246105,-0.3054109377137447,1.4005084164781505,0.9328689575195312,0.9328689575195312,0.0040519751842053,MC38,-0.1916207909246105,-0.3054109377137447,Saddle / ICS,1.0977959619138766,0.33932714348618,0.3459232533440397,0.31474960316978023
CCCTTGATCGTTGCGG_E15S,E15S,Tumor,exiting_hypoxia,-0.1754689271107082,-1.183097849674558,1.9702048071069336,0.9320825338363647,0.9320825338363647,0.0942939990759999,MC38,-0.1754689271107082,-1.183097849674558,Hypoxic,1.072879511472929,0.2510728603567025,0.3141776601947037,0.4347494794485938
CGCCATGAGGCTTACA_E15S,E15S,Tumor,normoxic_stable,-0.8124089771226239,0.1374304121593496,1.402951371585505,0.9383943676948548,0.9383943676948548,0.1603449053033296,MC38,-0.8124089771226239,0.1374304121593496,Normoxic,1.070251991009323,0.41924491965467464,0.3500341677674061,0.2307209125779193
CACCTCATCATGAACT_E15S,E15S,Tumor,persistent_hypoxia,0.4828897099319351,0.2308398623463605,-0.0301586432463615,0.9414080381393432,0.9414080381393432,0.2686617596054414,MC38,0.4828897099319351,0.2308398623463605,Hypoxic,1.0132583652112874,0.1517591484760273,0.4103712341591491,0.4378696173648236
ATCCACTTCCCTGGTC_E15S,E15S,Tumor,entering_hypoxia,-1.058768777869366,1.1003740453857809,0.2666519835073506,0.9430189728736876,0.9430189728736876,0.181549209939762,MC38,-1.058768777869366,1.1003740453857809,Saddle / ICS,1.0480136866635448,0.24251629363325114,0.48634699818040583,0.27113670818634295
CCTAACTTCTATCGGA_E15S,E15S,Tumor,entering_deep_hypoxia,1.1473780491832373,0.6335477668720328,1.3564300996550596,0.935804843902588,0.935804843902588,0.0440576738335853,MC38,1.1473780491832373,0.6335477668720328,Hypoxic,0.7943741751949176,0.03295319424669741,0.38361277610360417,0.5834340296496984
AGGCATGAGGCGAGGT_E15S,E15S,Tumor,reverted_stable,-1.2342620992155775,-0.6164098638348109,1.7460079991574609,0.9320385456085204,0.9320385456085204,0.1705288434510346,MC38,-1.2342620992155775,-0.6164098638348109,Normoxic,1.0641251710225175,0.4532669527699413,0.3047640807565115,0.2419689664735472
ACCTCACCAGTTAGGT_E15S,E15S,Tumor,normoxic_stable,-0.5452060865748904,0.1027165132347928,0.3680112744139657,0.9340460896492004,0.9340460896492004,0.1071559408662206,MC38,-0.5452060865748904,0.1027165132347928,Normoxic,1.0831532868757083,0.3890062519963409,0.35680098791011866,0.2541927600935403
TCCTGCATCAGGCATC_E15S,E15S,Tumor,entering_deep_hypoxia,1.4458176146155806,0.8269867632105457,0.3071011449591254,0.941814124584198,0.941814124584198,0.0788228407210076,MC38,1.4458176146155806,0.8269867632105457,Hypoxic,0.7062929377482754,0.012747176423038518,0.34365312952586397,0.6435996940510974
GTCTATGAGTTGCACA_E15S,E15S,Tumor,normoxic_stable,-0.5474839723348797,-0.2138018332080511,-0.2323700355613281,0.9435073137283324,0.9435073137283324,0.3837874668169885,MC38,-0.5474839723348797,-0.2138018332080511,Normoxic,1.0818818376451727,0.4084267457488923,0.3320062631258588,0.25956699112524884
AACGAACAGTCAGGTC_E15S,E15S,Tumor,exiting_hypoxia,-0.1971348231247861,-0.5187172067738485,-0.0289884353282369,0.9392913579940796,0.9392913579940796,0.1322109646486745,MC38,-0.1971348231247861,-0.5187172067738485,Normoxic,1.098589854232048,0.33493871672433767,0.33488294823058745,0.3301783350450749
CTAAGGTCAACGTGAT_E15S,E15S,Tumor,persistent_hypoxia,0.6633203158527394,0.2683902283480137,1.887433092956799,0.9303236603736876,0.9303236603736876,0.1825681680437331,MC38,0.6633203158527394,0.2683902283480137,Hypoxic,0.9638492571010194,0.1123716635573179,0.4082486120664382,0.479379724376244
AGTCGAAGTTGCTGAT_E15S,E15S,Tumor,transitional,-0.3800354005138373,-0.2200249050035798,0.2704634487950206,0.94578754901886,0.94578754901886,0.1510261475869758,MC38,-0.3800354005138373,-0.2200249050035798,Normoxic,1.091226220626675,0.3787556717631752,0.3402967086069907,0.28094761962983417
ATCACGATCCATCATC_E15S,E15S,Tumor,reverted_stable,-0.514113151300601,-0.7130749379744299,0.6854263137067594,0.9306170344352722,0.9306170344352722,0.0597584120449937,MC38,-0.514113151300601,-0.7130749379744299,Normoxic,1.0929128559610477,0.38376986392461,0.313798986556074,0.3024311495193161
GCGTATTGTCTTGCCT_E15S,E15S,Tumor,normoxic_stable,-1.135170388629252,-0.2459546275658984,1.306655568067221,0.9354059100151062,0.9354059100151062,0.1333491289416244,MC38,-1.135170388629252,-0.2459546275658984,Normoxic,1.0540428670202902,0.4627993141860871,0.31679111659782083,0.22040956921609198
CCTCGATCAACTGTAA_E15S,E15S,Tumor,reverted_stable,-1.1348836210160027,-0.7237416862125364,1.4384038640881494,0.9413726925849916,0.9413726925849916,0.318555259263335,MC38,-1.1348836210160027,-0.7237416862125364,Normoxic,1.0708383369607832,0.44276193188206103,0.30215216261501787,0.2550859055029211
AACACCGCACAATCCC_E15S,E15S,Tumor,transitional,-0.4079515069069926,0.1917455203150909,1.3140753528143414,0.936536967754364,0.936536967754364,0.1481000959156415,MC38,-0.4079515069069926,0.1917455203150909,Saddle / ICS,1.0893802267132418,0.3563739413046584,0.37260665123746534,0.27101940745787634
ACGATTTAGGTGCGAA_E15S,E15S,Tumor Proliferating,exiting_hypoxia,0.6388388664061978,-0.7080251815404465,0.5723087455179927,0.934136688709259,0.934136688709259,0.0549914560434444,MC38,0.6388388664061978,-0.7080251815404465,Hypoxic,0.9543754760214718,0.12126376552819063,0.3368270197554459,0.5419092147163636
AATTGTCAGGTGCTCG_E15S,E15S,Tumor,persistent_hypoxia,1.578916422361583,0.1108393128188057,0.0440868774562664,0.9402197003364564,0.9402197003364564,0.3200733191497203,MC38,1.578916422361583,0.1108393128188057,Hypoxic,0.6771254290514898,0.01456048768037508,0.29459500385302356,0.6908445084666013
AGGCCCATCGATCAGC_E15S,E15S,Tumor,entering_hypoxia,0.1200392224984416,0.5319790774106465,0.578252004231074,0.9350942969322203,0.9350942969322203,0.1712796225773513,MC38,0.1200392224984416,0.5319790774106465,Saddle / ICS,1.0535004547973512,0.20235648696470404,0.43359541765458903,0.364048095380707
CAAGCAAGTAAGTTCC_E15S,E15S,Tumor,persistent_hypoxia,1.6830857261686094,0.2856084980793221,0.0701106238157564,0.9363940954208374,0.9363940954208374,0.0999190516271547,MC38,1.6830857261686094,0.2856084980793221,Hypoxic,0.6509373813746908,0.009906856553579167,0.2862113122992772,0.7038818311471435
GGTATGTCAAGGTCTG_E15S,E15S,Tumor,reverted_stable,-1.1813293205830897,-1.0930532039783567,1.1035036334099182,0.944877564907074,0.944877564907074,0.3794713519387014,MC38,-1.1813293205830897,-1.0930532039783567,Normoxic,1.0917352255593462,0.3892577741770113,0.30330728093597686,0.3074349448870119
CATGGGTTCGACCATA_E15S,E15S,Tumor,transitional,-0.1962003402973091,0.0731745165752319,0.3506522889013275,0.9371882677078248,0.9371882677078248,0.2375768921526237,MC38,-0.1962003402973091,0.0731745165752319,Saddle / ICS,1.0946187359490078,0.32510533918458745,0.37341309841295817,0.3014815624024544
CTGTGAATCATGTGCA_E15S,E15S,Tumor,reverted_stable,-0.538825880773982,-0.5520639274160366,0.0126437765742262,0.9423226118087769,0.9423226118087769,0.3390676331627103,MC38,-0.538825880773982,-0.5520639274160366,Normoxic,1.0877052732131876,0.4006846027051929,0.31693561989269353,0.2823797774021137
CCATCACCAAATCACA_E15S,E15S,Tumor,exiting_hypoxia,0.0501256895957614,-0.4733858523827208,1.2025017866564178,0.934481143951416,0.934481143951416,0.151149816176241,MC38,0.0501256895957614,-0.4733858523827208,Hypoxic,1.0906986965226173,0.2765846898014614,0.3491902019545862,0.3742251082439525
CGAACTTGTCTTACCC_E15S,E15S,Tumor,transitional,0.1272925476965218,-0.2534126286093991,0.8231967748289669,0.9334008693695068,0.9334008693695068,0.1285876549798429,MC38,0.1272925476965218,-0.2534126286093991,Hypoxic,1.085975421599812,0.26009695669909544,0.3658898767945823,0.37401316650632227
GCTTGATGTTAGCTGT_E15S,E15S,Tumor Proliferating,entering_hypoxia,-0.4993401894622631,2.1636640273089878,1.5696002828226947,0.9482588171958924,0.9482588171958924,0.0549081400654,MC38,-0.4993401894622631,2.1636640273089878,Saddle / ICS,0.8030051721446798,0.032779756693134564,0.5586688558560324,0.40855138745083297
CTTGGCTCATGCTCAC_E15S,E15S,Tumor,persistent_hypoxia,0.4168680773057465,0.1052759401682516,0.5722044082081599,0.9354647994041444,0.9354647994041444,0.121651800978089,MC38,0.4168680773057465,0.1052759401682516,Hypoxic,1.0348060117432663,0.1745237941324745,0.4005876727244368,0.4248885331430887
ACAGCAAGTTGCTCTC_E15S,E15S,Tumor,entering_hypoxia,-1.164278866910283,2.579138116869868,1.4323766075511777,0.9435875415802002,0.9435875415802002,0.1247739253395034,MC38,-1.164278866910283,2.579138116869868,Saddle / ICS,0.7461153261123189,0.014538527985976017,0.5722781682214703,0.41318330379255375
AGTGAGACATAACCAA_E15S,E15S,Tumor Proliferating,entering_hypoxia,-0.6968609237094453,0.9856872364039956,1.0465337172947209,0.9386692643165588,0.9386692643165588,0.0553116859726017,MC38,-0.6968609237094453,0.9856872364039956,Saddle / ICS,1.0583151085267297,0.24881910715564162,0.4688449023829902,0.2823359904613681
CTGACCCTCCATCGTT_E15S,E15S,Tumor,persistent_hypoxia,0.325520866212713,-0.2334016391010993,1.651380636046344,0.9392725229263306,0.9392725229263306,0.1981312461959101,MC38,0.325520866212713,-0.2334016391010993,Hypoxic,1.0592720932117867,0.20837448947408813,0.37370090298635195,0.41792460753956
ACATTCCTCATACTGG_E15S,E15S,Tumor,reverted_stable,-0.5305949823793703,-1.085653085437995,-0.019722434271081,0.953290581703186,0.953290581703186,0.2164650088216204,MC38,-0.5305949823793703,-1.085653085437995,Hypoxic,1.0967878458392741,0.33387842562133446,0.3084259906247756,0.35769558375389005
CGTTACAAGGATGCTC_E15S,E15S,Tumor,reverted_stable,-0.5121367964657946,-1.477287856889484,-0.0363983376284124,0.9408053755760192,0.9408053755760192,0.1254731309805875,MC38,-0.5121367964657946,-1.477287856889484,Hypoxic,1.0674991187058849,0.24859161484463962,0.3030980375794692,0.4483103475758912
CTTATCGCATCGAAGT_E15S,E15S,Tumor,entering_hypoxia,-0.0138543134661134,0.9194170172426738,0.8201248927307832,0.9318823218345642,0.9318823218345642,0.0942707007334745,MC38,-0.0138543134661134,0.9194170172426738,Saddle / ICS,1.0223439065155389,0.16862393526945904,0.4718814599646916,0.3594946047658493
AGCACTTGTTTCAGCG_E15S,E15S,Tumor,normoxic_stable,-0.7476436365183187,-0.2130439544213611,0.9481080105004412,0.941064953804016,0.941064953804016,0.3053131010709626,MC38,-0.7476436365183187,-0.2130439544213611,Normoxic,1.0696593646792696,0.4358754215535605,0.3240132798874868,0.24011129855895266
TCAGTAGTCATGCCTT_E15S,E15S,Tumor,transitional,0.1056879414105548,0.2095386883631346,0.3648033915925083,0.9443895220756532,0.9443895220756532,0.3285092130031844,MC38,0.1056879414105548,0.2095386883631346,Saddle / ICS,1.077531849789271,0.24230155765715233,0.4017328911168041,0.3559655512260436
CAATGGCTCGCGACAT_E15S,E15S,Tumor,entering_hypoxia,-0.0958377065328249,1.1349161441369564,1.4340067936495322,0.9372665286064148,0.9372665286064148,0.0831837415548573,MC38,-0.0958377065328249,1.1349161441369564,Saddle / ICS,0.9951745427541803,0.14389739731194015,0.4940168598619813,0.3620857428260786
ATGTGGGAGCTTACTC_E15S,E15S,Tumor,normoxic_stable,-1.5387891100847555,0.3796410899679918,1.6282518326391602,0.9385020136833192,0.9385020136833192,0.1947674220642196,MC38,-1.5387891100847555,0.3796410899679918,Normoxic,1.0674376695544607,0.3933369787565856,0.38683402895414976,0.21982899228926456
AACCAATTCATCGTCT_E15S,E15S,Tumor,transitional,-0.1494482073383983,0.0141245039877442,0.6084070522996147,0.9309438467025756,0.9309438467025756,0.1247970785919676,MC38,-0.1494482073383983,0.0141245039877442,Saddle / ICS,1.0953999419351934,0.31896734597273885,0.37106637479788274,0.3099662792293784
GCGATGTTCTATGCGA_E15S,E15S,Tumor,persistent_hypoxia,0.5300792425403005,-0.2497220917434774,2.2048286256744603,0.9330499172210692,0.9330499172210692,0.1559741818646923,MC38,0.5300792425403005,-0.2497220917434774,Hypoxic,1.0141944866962955,0.15764596043305065,0.3734213935490699,0.4689326460178794
TCCAACTTCCGTATAG_E15S,E15S,Tumor,entering_deep_hypoxia,0.9829934021061864,0.5180193387445612,0.1827460063158237,0.940327286720276,0.940327286720276,0.1017760694478792,MC38,0.9829934021061864,0.5180193387445612,Hypoxic,0.8502285398359428,0.052324985054245765,0.3987328649138364,0.5489421500319179
CCCAATCCATGGTGCA_E15S,E15S,Tumor,persistent_hypoxia,0.6885016769157287,0.147565555685624,-0.009453041458756,0.94236022233963,0.94236022233963,0.2192150991196219,MC38,0.6885016769157287,0.147565555685624,Hypoxic,0.9634708435406407,0.11334452176394141,0.39838896968734117,0.48826650854871745
AATCAGCCACTATCGC_E15S,E15S,Tumor,reverted_stable,-0.8430853882586012,-0.6615055114468654,0.0838277256738723,0.9527507424354552,0.9527507424354552,0.2722134005969223,MC38,-0.8430853882586012,-0.6615055114468654,Normoxic,1.0761799730046921,0.43176165475328243,0.30474004158991064,0.26349830365680693
CGTAAAGGTTGTGCCA_E15S,E15S,Tumor Proliferating,entering_hypoxia,0.0339733530712342,0.9692929609719376,1.245403282404226,0.939182460308075,0.939182460308075,0.0765786064422352,MC38,0.0339733530712342,0.9692929609719376,Saddle / ICS,1.0078556377441092,0.15263636285435278,0.47707675150979545,0.3702868856358519
CGCAAATCAAATGGAG_E15S,E15S,Tumor,normoxic_stable,-0.5826391285735362,-0.1882011816633999,2.234585096904709,0.933970272541046,0.933970272541046,0.0947550353465905,MC38,-0.5826391285735362,-0.1882011816633999,Normoxic,1.0796279790759986,0.4132485869717019,0.3319862901410063,0.25476512288729186
TGACCTAAGATTGCCA_E15S,E15S,Tumor,normoxic_stable,-0.8737846928209687,-0.0568953248711844,2.5085366144100343,0.937899112701416,0.937899112701416,0.283946562711825,MC38,-0.8737846928209687,-0.0568953248711844,Normoxic,1.0636509406451564,0.4414798115184329,0.33133570052984623,0.22718448795172086
AAAGTAGTCATCAGGC_E15S,E15S,Tumor,transitional,-0.1005463923155734,-0.1835078828133391,1.4422450988383513,0.9345031976699828,0.9345031976699828,0.0748984815065282,MC38,-0.1005463923155734,-0.1835078828133391,Saddle / ICS,1.0971092418667348,0.3165243305673559,0.358895269722386,0.324580399710258
GGGCAGACATAGGGTT_E15S,E15S,Tumor,entering_hypoxia,-0.1997440154964129,1.2051792675827404,2.9674545086205177,0.9432477951049804,0.9432477951049804,0.1209741403761445,MC38,-0.1997440154964129,1.2051792675827404,Saddle / ICS,0.9933955331615271,0.14476748521003874,0.5017883810548756,0.3534441337350857
AGTGGCTTCGACATTG_E15S,E15S,Tumor,persistent_hypoxia,0.4025626771044739,-0.1321217657713342,0.5303089657964987,0.9392927289009094,0.9392927289009094,0.0721235948503279,MC38,0.4025626771044739,-0.1321217657713342,Hypoxic,1.044191971423157,0.18732725726810917,0.3822044324467165,0.4304683102851744
CCGGTCAAGGGTGATG_E15S,E15S,Tumor,reverted_stable,-0.7364992827628025,-0.5889856720477209,0.7218192115066718,0.941103219985962,0.941103219985962,0.2046506188443598,MC38,-0.7364992827628025,-0.5889856720477209,Normoxic,1.0782843301639613,0.4261686705818408,0.3087966083487415,0.2650347210694177
TGAACCATCGCTCAGG_E15S,E15S,Tumor,entering_hypoxia,-0.2272494303904176,1.0425020097914564,-0.0037315024460165,0.9371785521507264,0.9371785521507264,0.1797865124579886,MC38,-0.2272494303904176,1.0425020097914564,Saddle / ICS,1.0259290949300748,0.17920117156659796,0.4837629574575892,0.33703587097581283
GTCTAAGTCGCGTTGG_E15S,E15S,Tumor,transitional,-0.2745398663855458,-0.2954099660583263,0.288555622872139,0.9397384524345398,0.9397384524345398,0.2286282507855004,MC38,-0.2745398663855458,-0.2954099660583263,Normoxic,1.0959506656407343,0.35780897686514307,0.3417487879668161,0.30044223516804086
GTTCTCACAGGTAGCC_E15S,E15S,Tumor,persistent_hypoxia,0.5066568987072553,-0.0894111460424136,-0.2105194862609905,0.9450474381446838,0.9450474381446838,0.2010150262773315,MC38,0.5066568987072553,-0.0894111460424136,Hypoxic,1.0201277243884483,0.1610146460265817,0.3854776361629345,0.4535077178104839
TCACGTCCATAAGGTC_E15S,E15S,Tumor,exiting_hypoxia,-0.016010989614111,-1.4256469750992635,-0.2212272379767203,0.9403585195541382,0.9403585195541382,0.1202463727793933,MC38,-0.016010989614111,-1.4256469750992635,Hypoxic,1.0080996994775906,0.17652691776684343,0.30352930208697776,0.5199437801461788
CACGTTGGTTAGGTGA_E15S,E15S,Tumor Proliferating,entering_hypoxia,-0.190907938219444,1.1567808297263438,0.9885415706581454,0.9410330653190612,0.9410330653190612,0.064256162892645,MC38,-0.190907938219444,1.1567808297263438,Saddle / ICS,1.0018905696734464,0.1525603420776958,0.49670499676922164,0.3507346611530825
CTCTCGATCGCATCCC_E15S,E15S,Tumor,persistent_hypoxia,0.710691171107555,-0.3635045455767726,-0.193026932478165,0.9448293447494508,0.9448293447494508,0.3668749388488019,MC38,0.710691171107555,-0.3635045455767726,Hypoxic,0.9577297715069923,0.11701449980823075,0.35969449109160706,0.5232910091001621
GGTTACATCATATAGC_E15S,E15S,Tumor,entering_hypoxia,-1.980049077154597,0.4239727453370923,1.5412298319986382,0.9407075643539428,0.9407075643539428,0.3022693717835252,MC38,-1.980049077154597,0.4239727453370923,Saddle / ICS,1.0729390126938518,0.3331495248763018,0.42534728813657435,0.24150318698712378
ATCGCATGTTATGGTC_E15S,E15S,Tumor Proliferating,entering_hypoxia,-0.3577695788048295,0.9151930927466756,1.6068818163470109,0.9341240525245668,0.9341240525245668,0.0378511645806293,MC38,-0.3577695788048295,0.9151930927466756,Saddle / ICS,1.0541483697052023,0.22370921548770878,0.46544585614544204,0.3108449283668492
GCTCCGTTCAAGTCTG_E15S,E15S,Tumor,transitional,-0.3660475830673518,0.2171779389081782,1.2386632327314815,0.9357932209968568,0.9357932209968568,0.1164676162848553,MC38,-0.3660475830673518,0.2171779389081782,Saddle / ICS,1.0904923690290467,0.345683002383195,0.3775053667553756,0.27681163086142935
ACAAGGCGTAGCTGCC_E15S,E15S,Tumor,persistent_hypoxia,0.6816469357253117,-0.3791420768064774,-0.0712714229226997,0.957356870174408,0.957356870174408,0.1977778155042386,MC38,0.6816469357253117,-0.3791420768064774,Hypoxic,0.9663424603210862,0.1228543149539226,0.359809095064655,0.5173365899814224
GGAGTCAAGTCGCTAA_E15S,E15S,Tumor,normoxic_stable,-0.92960812996326,-0.0893582063926509,0.4728563861147736,0.9430454969406128,0.9430454969406128,0.3068779675809036,MC38,-0.92960812996326,-0.0893582063926509,Normoxic,1.060766529688677,0.4476779752071175,0.3278604809762112,0.22446154381667127
ATATGGGGTTGTCTGG_E15S,E15S,Tumor,reverted_stable,-0.9290876120289384,-0.5277374320913885,0.6205098865063582,0.9381147623062134,0.9381147623062134,0.1260237075552692,MC38,-0.9290876120289384,-0.5277374320913885,Normoxic,1.0668775784904907,0.44825136561172085,0.3062310081422168,0.24551762624606224
AGAAGTTGTTTGGAGA_E15S,E15S,Tumor Proliferating,persistent_hypoxia,0.4559416005329757,-0.0385117642957585,1.8370728234807907,0.9360700249671936,0.9360700249671936,0.039516800081222,MC38,0.4559416005329757,-0.0385117642957585,Hypoxic,1.0311588036288781,0.17161516912101477,0.38950902547176164,0.43887580540722343
CTGAACATCCAACTCT_E15S,E15S,Tumor,normoxic_stable,-0.5701747202323375,0.3646639505476921,2.1288256552355165,0.9360469579696656,0.9360469579696656,0.10546715583213,MC38,-0.5701747202323375,0.3646639505476921,Saddle / ICS,1.0842195905607737,0.3598327816438079,0.38395795854107123,0.256209259815121
TCCACTTAGTGGGTCT_E15S,E15S,Tumor,normoxic_stable,-1.0068336600935102,-0.1705734301933456,1.4136922781009702,0.9370346069335938,0.9370346069335938,0.1888838336305468,MC38,-1.0068336600935102,-0.1705734301933456,Normoxic,1.057256994480517,0.4560983895037947,0.32138028950222225,0.2225213209939831
ATCCTCCGTGATGAAT_E15S,E15S,Tumor,exiting_hypoxia,-0.337294298533242,-1.3094643836009463,0.3858696127278942,0.937008023262024,0.937008023262024,0.1240693224244194,MC38,-0.337294298533242,-1.3094643836009463,Hypoxic,1.0745317226277857,0.2577529090372106,0.3084111726813599,0.4338359182814293
CCAGAGAAGCGCCTAG_E15S,E15S,Tumor,exiting_hypoxia,-0.3123043039467532,-0.6669692401630979,0.567928804204019,0.9778119325637816,0.9778119325637816,0.30294758635936,MC38,-0.3123043039467532,-0.6669692401630979,Normoxic,1.097988352167358,0.34998710567448166,0.323743278516074,0.3262696158094443
TCCCCAATCCCGCATC_E15S,E15S,Tumor,transitional,-0.1731875493915874,0.035923594255558,0.6637797249635415,0.9353943467140198,0.9353943467140198,0.2039247692688185,MC38,-0.1731875493915874,0.035923594255558,Saddle / ICS,1.0951542667695748,0.32283986917126994,0.37151583338544997,0.30564429744328014
ACGGGCAGTCATGCTG_E15S,E15S,Tumor,transitional,-0.0606655047556697,-0.2287602083489272,1.1909666576663993,0.9351047873497008,0.9351047873497008,0.087273227261687,MC38,-0.0606655047556697,-0.2287602083489272,Saddle / ICS,1.0966973555526025,0.30766301560355636,0.35811098983612627,0.33422599456031743
TCTGACAAGCTGGTGT_E15S,E15S,Tumor,reverted_stable,-1.1318765155808257,-1.2240442967367178,-0.2260783919693587,0.9468113780021667,0.9468113780021667,0.1892267075966338,MC38,-1.1318765155808257,-1.2240442967367178,Normoxic,1.0961100271614725,0.36158469606613985,0.30394273192306515,0.33447257201079494
GCTCACCTCCGGTACG_E15S,E15S,Tumor,transitional,0.230021852950451,-0.4017431879798116,0.3619702502509224,0.9337309002876282,0.9337309002876282,0.1588918250075718,MC38,0.230021852950451,-0.4017431879798116,Hypoxic,1.072516485931926,0.23198843972480945,0.3600420703892332,0.4079694898859573
AATGGGTAGCCGCATG_E15S,E15S,Tumor,reverted_stable,-0.4981240270143919,-0.4500646915979068,-0.2292844880195151,0.9420861601829528,0.9420861601829528,0.2625996534994453,MC38,-0.4981240270143919,-0.4500646915979068,Normoxic,1.0876884680306027,0.39872238820953165,0.3223939906085555,0.27888362118191273
GTGGTAAGTTAAGCAG_E15S,E15S,Tumor,transitional,0.213093081600261,0.3379678363528319,0.5597165780691306,0.9400909543037416,0.9400909543037416,0.052506979571667,MC38,0.213093081600261,0.3379678363528319,Saddle / ICS,1.0569408323845144,0.2043658285319189,0.4172152046586113,0.37841896680946974
ACCTGTCCAGCCTACT_E15S,E15S,Tumor,persistent_hypoxia,0.5639739768927439,-0.3346490507123265,1.0030760360276152,0.941766321659088,0.941766321659088,0.3400013506177651,MC38,0.5639739768927439,-0.3346490507123265,Hypoxic,1.0031751424238802,0.14941305777192945,0.3667066413642653,0.48388030086380535
TCCTCGATCACAGACC_E15S,E15S,Tumor,normoxic_stable,-1.834264823104095,0.1526430311647892,0.392590045515704,0.936845362186432,0.936845362186432,0.1263656687736509,MC38,-1.834264823104095,0.1526430311647892,Normoxic,1.071197377099322,0.3928737737211397,0.38037060273353107,0.22675562354532922
CACGCCAAGTAGTGCC_E15S,E15S,Tumor,normoxic_stable,-0.832451005399272,0.1781702436558554,1.382836240182474,0.9377454519271852,0.9377454519271852,0.1602526819136011,MC38,-0.832451005399272,0.1781702436558554,Normoxic,1.0703430213023495,0.41649450976626123,0.35368528104881575,0.22982020918492296
CCGTTGGAGCTAACGC_E15S,E15S,Tumor,normoxic_stable,-0.5577910361254227,-0.1789765178245109,0.3826304456454555,0.938011109828949,0.938011109828949,0.1680431272224445,MC38,-0.5577910361254227,-0.1789765178245109,Normoxic,1.0811241721178353,0.40912835548390897,0.3337258295307425,0.2571458149853485
CTTCGCGCAGTTAGAC_E15S,E15S,Tumor,exiting_hypoxia,-0.3234644884252919,-0.4610092924750279,0.2902172394664256,0.9347211718559264,0.9347211718559264,0.1452672145507057,MC38,-0.3234644884252919,-0.4610092924750279,Normoxic,1.0958210864967133,0.36509763841162685,0.330718075414688,0.30418428617368515
CAAAGGTAGTTGCCGG_E15S,E15S,Tumor,reverted_stable,-1.0368155856194048,-0.4243550506904369,1.1558719472393684,0.9348414540290833,0.9348414540290833,0.1598852222630197,MC38,-1.0368155856194048,-0.4243550506904369,Normoxic,1.0595875351955089,0.4587265805169032,0.30855767906070247,0.23271574042239437
CGTGAGGGTGGCGAAT_E15S,E15S,Tumor,exiting_hypoxia,-0.083756831702944,-1.0244013267463556,1.776677023114651,0.9415119290351868,0.9415119290351868,0.1099029223789321,MC38,-0.083756831702944,-1.0244013267463556,Hypoxic,1.0781441246895698,0.2571441158626669,0.32120110795640233,0.4216547761809307
AAGCAATGTTTGATGC_E15S,E15S,Tumor,exiting_hypoxia,1.534692040849713,-1.483534944746149,-0.2004029632789318,0.9404796361923218,0.9404796361923218,0.1270351832716445,MC38,1.534692040849713,-1.483534944746149,Hypoxic,0.5054620594666257,0.00733870227826891,0.17485389297677165,0.8178074047449594
GCGTTCTCATGAGTTA_E15S,E15S,Tumor,reverted_stable,-1.486653590959973,-0.4490951792380954,0.5345869992738048,0.94426167011261,0.94426167011261,0.4018775439593418,MC38,-1.486653590959973,-0.4490951792380954,Normoxic,1.060423118981872,0.4539169523247013,0.31662475732490897,0.22945829035038973
CGTAAACCATTACGTT_E15S,E15S,Tumor,persistent_hypoxia,1.0069384571491944,-0.3305324552625069,0.0469926371991767,0.9374242424964904,0.9374242424964904,0.1499166067128362,MC38,1.0069384571491944,-0.3305324552625069,Hypoxic,0.8554272793647499,0.0657330958010811,0.3407618956100706,0.5935050085888482
TGCCACCTCAATCTGG_E15S,E15S,Tumor,transitional,-0.056077154324402,0.2489576468871186,1.44420985916391,0.9344912171363832,0.9344912171363832,0.1677515638878484,MC38,-0.056077154324402,0.2489576468871186,Saddle / ICS,1.0875054526875496,0.27654235597579907,0.39786087506111795,0.32559676896308287
TAGGGCTTCCGCAACG_E15S,E15S,Tumor,transitional,-0.2738625711768961,0.1682273782341873,1.3829209789444423,0.936652660369873,0.936652660369873,0.1647780690681754,MC38,-0.2738625711768961,0.1682273782341873,Saddle / ICS,1.0927352218513082,0.33289184705156566,0.3777627938664814,0.28934535908195297
CCTAATGAGTCAGCGT_E15S,E15S,Tumor,transitional,-0.0884518292092118,0.0319408568996073,0.5916470099927124,0.9423986673355104,0.9423986673355104,0.2305593940494776,MC38,-0.0884518292092118,0.0319408568996073,Saddle / ICS,1.094348225716744,0.303524248669219,0.3761078531911596,0.3203678981396214
CCACGTAGTCTGTGGC_E15S,E15S,Tumor,entering_hypoxia,-0.3911734667097523,1.3547290285625648,1.5137965738703798,0.937978446483612,0.937978446483612,0.1305143778075621,MC38,-0.3911734667097523,1.3547290285625648,Saddle / ICS,0.980282411409988,0.13747222696994968,0.5188793698374816,0.3436484031925686
CGCTGCTTCAGTAGCC_E15S,E15S,Tumor,transitional,-0.2151044803977759,-0.132291076508752,0.4409412606571882,0.943847119808197,0.943847119808197,0.1209380856278025,MC38,-0.2151044803977759,-0.132291076508752,Saddle / ICS,1.0963139953881216,0.3415936730274965,0.3557644520740817,0.30264187489842176
ATCAGGCTCCATAGCA_E15S,E15S,Tumor,exiting_hypoxia,1.2595985247721475,-0.7253437165260709,-0.0480967936141633,0.9424496293067932,0.9424496293067932,0.0749773496460571,MC38,1.2595985247721475,-0.7253437165260709,Hypoxic,0.7243025696064325,0.03225109222980738,0.2796323895458554,0.6881165182243372
AGTACCTGTTGGCCTA_E15S,E15S,Tumor Proliferating,entering_hypoxia,-0.1527490338076287,0.958797320242782,1.2170042373461682,0.9380440711975098,0.9380440711975098,0.037020638300874,MC38,-0.1527490338076287,0.958797320242782,Saddle / ICS,1.032036495025526,0.1840266737968614,0.4748205792662011,0.3411527469369375
CCAGCCTTCACATAGT_E15S,E15S,Tumor,entering_hypoxia,-0.7363225118622074,0.5594186879079607,2.096974434484137,0.9334511756896972,0.9334511756896972,0.1029847297106325,MC38,-0.7363225118622074,0.5594186879079607,Saddle / ICS,1.07988580252339,0.346714475737704,0.40364887747179024,0.24963664679050565
CCTGGTTCACCTCAGT_E15S,E15S,Tumor,entering_deep_hypoxia,0.3787156586870205,0.9018326792084688,0.3266107914291166,0.9426797032356262,0.9426797032356262,0.2917690974078424,MC38,0.3787156586870205,0.9018326792084688,Saddle / ICS,0.9590055737711973,0.1074298332804361,0.4649963766873081,0.4275737900322559
ACAGGCAAGTGAGGAT_E15S,E15S,Tumor,transitional,-0.2442884373500284,0.3852105926987564,1.2854790036924653,0.9342411160469056,0.9342411160469056,0.1187860137744154,MC38,-0.2442884373500284,0.3852105926987564,Saddle / ICS,1.0881835781162192,0.299953427163638,0.40243154748190446,0.2976150253544576
ACCCAGACACTTGCGT_E15S,E15S,Tumor,entering_hypoxia,0.2114013748052569,0.4142593471733067,2.3731630537249275,0.944059431552887,0.944059431552887,0.0845300956977468,MC38,0.2114013748052569,0.4142593471733067,Saddle / ICS,1.0512894455423174,0.19664750292090036,0.42427122633316333,0.3790812707459364
TATCATCCAACCGCTT_E15S,E15S,Tumor,transitional,-0.1227456584017678,0.3598247973484896,0.3583436312448775,0.9394550919532776,0.9394550919532776,0.2051303452303296,MC38,-0.1227456584017678,0.3598247973484896,Saddle / ICS,1.0859238549383132,0.27810121672287386,0.4058873388408551,0.316011444436271
ACTAATGCAGGCTTGA_E15S,E15S,Tumor,transitional,0.1406835705206031,-0.0138489512981706,0.2240037856519967,0.9350448846817015,0.9350448846817015,0.1212325649613564,MC38,0.1406835705206031,-0.0138489512981706,Saddle / ICS,1.0818540966259436,0.24967861132281488,0.38405415942319365,0.3662672292539913
TCGTTCCGTCTTGACG_E15S,E15S,Tumor,transitional,-0.2495641166541763,-0.1664434365354458,0.8077078622080834,0.9428139925003052,0.9428139925003052,0.332931347525269,MC38,-0.2495641166541763,-0.1664434365354458,Saddle / ICS,1.095798024125045,0.350371293706632,0.3513269130982727,0.2983017931950953
AGCACGCCATAGATTG_E15S,E15S,Tumor,entering_hypoxia,-0.6168697822783916,0.5297933401668136,0.7321955891338741,0.9381388425827026,0.9381388425827026,0.2032534255870333,MC38,-0.6168697822783916,0.5297933401668136,Saddle / ICS,1.0825484890205195,0.3382711236165321,0.4033487715974801,0.2583801047859879
AAAGGTTGTTGAGCGG_E15S,E15S,Tumor Proliferating,persistent_hypoxia,1.4766679858029537,0.1628351546524497,0.4866739920898714,0.9345518946647644,0.9345518946647644,0.0728730756765289,MC38,1.4766679858029537,0.1628351546524497,Hypoxic,0.7091194632446265,0.019109474017031627,0.31345614802983085,0.6674343779531375
GGGACACAGGTAGGAT_E15S,E15S,Tumor,exiting_hypoxia,-0.4272480984842744,-1.2766749946128702,2.022604573999391,0.936816155910492,0.936816155910492,0.2770061434396573,MC38,-0.4272480984842744,-1.2766749946128702,Hypoxic,1.0844299194958804,0.2798610409134915,0.3080062185020059,0.41213274058450255
GTAGGTAGTTCGCAAT_E15S,E15S,Tumor,exiting_hypoxia,-0.1562637160884088,-1.1583055797728927,0.6357879375197398,0.9447742104530334,0.9447742104530334,0.1994290223576142,MC38,-0.1562637160884088,-1.1583055797728927,Hypoxic,1.0734338239424919,0.2514382396589134,0.3152810525676643,0.43328070777342237
GCCTGCAAGTGAACCC_E15S,E15S,Tumor,persistent_hypoxia,0.7118002722232651,0.3421066697941944,-0.0852842850885788,0.9372231364250184,0.9372231364250184,0.1238893482132582,MC38,0.7118002722232651,0.3421066697941944,Hypoxic,0.9447050414332732,0.09948248970193063,0.4109820038877162,0.48953550641035326
TGAGCGAAGTTGGACC_E15S,E15S,Tumor,transitional,-0.1011733972132326,-0.0871565759634589,1.7592176135003863,0.9312675595283508,0.9312675595283508,0.1179728091724051,MC38,-0.1011733972132326,-0.0871565759634589,Saddle / ICS,1.0962304648839616,0.31335357581749845,0.36581285317710555,0.32083357100539595
TCCAAAGTCTATGGGC_E15S,E15S,Tumor,normoxic_stable,-1.2402387041767071,0.0189063710678821,1.6973055755579234,0.9333704710006714,0.9333704710006714,0.1653663126346272,MC38,-1.2402387041767071,0.0189063710678821,Normoxic,1.055167607235344,0.4502512374993159,0.3368148065909071,0.2129339559097771
CTCACATTCTAGTGTG_E15S,E15S,Tumor,exiting_hypoxia,-0.2526043957011064,-1.8164186423397597,-0.1055412970793727,0.9485960006713868,0.9485960006713868,0.1339331036398783,MC38,-0.2526043957011064,-1.8164186423397597,Hypoxic,0.9478749074538315,0.13872107601852424,0.2828664474877968,0.5784124764936789
ACCTGATGTTCGCAAT_E15S,E15S,Tumor,reverted_stable,-1.7442510321084428,-0.5954492577134707,0.4076148063988295,0.9421613216400146,0.9421613216400146,0.3485516409515135,MC38,-1.7442510321084428,-0.5954492577134707,Normoxic,1.0762958818424762,0.4224875813180346,0.3270278054225395,0.2504846132594259
CATTTCGCATTCGGGA_E15S,E15S,Tumor,normoxic_stable,-0.6274838512881279,0.2292241248964099,1.615855715162775,0.9325414299964904,0.9325414299964904,0.1293670156045337,MC38,-0.6274838512881279,0.2292241248964099,Normoxic,1.0807249475880771,0.38688985453257047,0.3659660671504622,0.24714407831696747
ACAGTGAGTTGGCTGC_E15S,E15S,Tumor,exiting_hypoxia,-0.0081491257302001,-1.6371968882107055,0.3033466069100549,0.9415690302848816,0.9415690302848816,0.1190370014382361,MC38,-0.0081491257302001,-1.6371968882107055,Hypoxic,0.9512613046160214,0.13798995764906952,0.289199076109783,0.5728109662411475
GCCAACTAGCTAGTGC_E15S,E15S,Tumor,entering_hypoxia,-1.3384619042944532,0.7274326827041085,0.501100961846867,0.93926739692688,0.93926739692688,0.2409158924683289,MC38,-1.3384619042944532,0.7274326827041085,Saddle / ICS,1.0698574264280214,0.3345755707623029,0.42980676037044196,0.2356176688672551
CAATGCATCTGGGATC_E15S,E15S,Tumor,normoxic_stable,-0.8954516689534097,-0.0410253285319415,-0.2143042243109143,0.9432708024978638,0.9432708024978638,0.2537410543373853,MC38,-0.8954516689534097,-0.0410253285319415,Normoxic,1.0628681712952672,0.44218970391495016,0.3321426309610339,0.22566766512401595
CCATCGCTCCTCTCAG_E15S,E15S,Tumor,transitional,-0.1669969742534337,-0.2350273100516484,0.8456670465752744,0.9429240822792052,0.9429240822792052,0.3764710749906256,MC38,-0.1669969742534337,-0.2350273100516484,Saddle / ICS,1.0976124400704348,0.3332324810103207,0.35163640348332104,0.3151311155063583
AGTGAGTAGCCTGATA_E15S,E15S,Tumor,reverted_stable,-0.5210624752792652,-0.557345121045543,0.3872920375311587,0.9403511881828308,0.9403511881828308,0.1471001916714478,MC38,-0.5210624752792652,-0.557345121045543,Normoxic,1.0887495357590677,0.3974280957472515,0.31753283032792884,0.28503907392481964
CCGGCAATCGATCCGG_E15S,E15S,Tumor,entering_hypoxia,-0.4512395859096254,2.484760378607427,0.8876320036123487,0.9426658749580384,0.9426658749580384,0.157106973106414,MC38,-0.4512395859096254,2.484760378607427,Saddle / ICS,0.7527231762803943,0.014132815887060026,0.5418168553900267,0.4440503287229133
GCGTTATGTTGTGGCC_E15S,E15S,Tumor,persistent_hypoxia,1.8346951652929948,0.2799412507001045,-0.1754633122914395,0.9403499960899352,0.9403499960899352,0.274645544766556,MC38,1.8346951652929948,0.2799412507001045,Hypoxic,0.609455139610546,0.006173359922763193,0.2606781756859229,0.7331484643913139
GGCCAATTCAAGTAGA_E15S,E15S,Tumor,normoxic_stable,-0.4897377466042316,-0.2074101267155887,1.453006956952939,0.9366274476051332,0.9366274476051332,0.1952569108063804,MC38,-0.4897377466042316,-0.2074101267155887,Normoxic,1.085292043086774,0.3986770459940525,0.33523674933696773,0.2660862046689798
GGGACAATCGTAGTAT_E15S,E15S,Tumor,entering_hypoxia,-0.521377768183123,0.4406848962516262,0.4420327814480935,0.9402298927307128,0.9402298927307128,0.2889071643523866,MC38,-0.521377768183123,0.4406848962516262,Saddle / ICS,1.0853170114605006,0.34044760652105016,0.39548772371634333,0.2640646697626065
TATAGGTTCATGTAAC_E15S,E15S,Tumor Proliferating,entering_hypoxia,-0.4818163415132309,2.3737451621193872,1.4804321858164855,0.9447584748268129,0.9447584748268129,0.077248701482952,MC38,-0.4818163415132309,2.3737451621193872,Saddle / ICS,0.7678991453924842,0.019353912412613753,0.5502672649415122,0.430378822645874
TCTGGGTAGCCGACCA_E15S,E15S,Tumor,normoxic_stable,-0.7182193392522505,0.2069553077083384,1.277134534565466,0.9389790296554564,0.9389790296554564,0.149791155363209,MC38,-0.7182193392522505,0.2069553077083384,Normoxic,1.0761768403420438,0.4011525280487695,0.3601184719791056,0.23872899997212488
TAGGACTCATCATCAT_E15S,E15S,Tumor,entering_deep_hypoxia,0.8346760315971967,1.4824433371626289,1.492573019874314,0.9321208596229552,0.9321208596229552,0.1645266366226011,MC38,0.8346760315971967,1.4824433371626289,Hypoxic,0.7783139195772891,0.021779316731265475,0.44159946254078136,0.5366212207279532
TGATTGGTCACTTCGT_E15S,E15S,Tumor,exiting_hypoxia,0.8677343578695423,-2.144710519193043,-0.081757358961565,0.9479177594184875,0.9479177594184875,0.1716099377877482,MC38,0.8677343578695423,-2.144710519193043,Hypoxic,0.5303673249459703,0.013409319318511631,0.17376655235556926,0.8128241283259191
TGTCCTTAGAACGAAC_E15S,E15S,Tumor,entering_deep_hypoxia,1.624221613512412,1.9721042309558952,0.0525544264197635,0.9360776543617249,0.9360776543617249,0.2040585121146059,MC38,1.624221613512412,1.9721042309558952,Hypoxic,0.6169522732993598,0.0011173565225918393,0.2973889918554894,0.7014936516219188
ATTGGGTCAACCCTGT_E15S,E15S,Tumor,reverted_stable,-1.083565334693552,-0.4902642012007218,2.165165252538617,0.9367444515228271,0.9367444515228271,0.2810586559774031,MC38,-1.083565334693552,-0.4902642012007218,Normoxic,1.0604994164550514,0.4582719711797858,0.30633514940086787,0.23539287941934628
TATCCATCAGGGCCAT_E15S,E15S,Tumor,entering_hypoxia,-0.7305678979099935,0.5309127994835545,1.2983876374182894,0.9377847909927368,0.9377847909927368,0.0935387655131571,MC38,-0.7305678979099935,0.5309127994835545,Saddle / ICS,1.0800829188824483,0.3515594338108302,0.39981427469656605,0.24862629149260376
TGCACGTAGGGTTGCT_E15S,E15S,Tumor,transitional,-0.014010236811571,0.2797209550119468,0.2767226320651167,0.9533557891845704,0.9533557891845704,0.1147895018425558,MC38,-0.014010236811571,0.2797209550119468,Saddle / ICS,1.0838988339779438,0.26348292176316007,0.4030107149400833,0.33350636329675665
GGACATAGTTACACAC_E15S,E15S,Tumor,exiting_hypoxia,-0.1454558585955835,-0.7745723972075464,0.4587831353333053,0.9724386930465698,0.9724386930465698,0.3115597030548907,MC38,-0.1454558585955835,-0.7745723972075464,Hypoxic,1.0952497607589236,0.3029449004416155,0.32765369641994185,0.3694014031384428
GCCTCATCATGCTTCA_E15S,E15S,Tumor,reverted_stable,-0.8247427368880639,-0.4703598259089083,1.4983823127571578,0.941380500793457,0.941380500793457,0.2663647503676601,MC38,-0.8247427368880639,-0.4703598259089083,Normoxic,1.0696972053753209,0.4420992167294654,0.3098834621812632,0.2480173210892715
CGTTTGGGTTACACTA_E15S,E15S,Hypoxic Tumor,reverted_stable,-0.4773307166919416,-1.1485046537610049,0.4297836996051166,0.9441779255867004,0.9441779255867004,0.2126783676817422,MC38,-0.4773307166919416,-1.1485046537610049,Hypoxic,1.0943206570114183,0.31363590101438243,0.3090031475805196,0.37736095140509807
GCAAGCAAGTGCTCGG_E15S,E15S,Tumor,normoxic_stable,-1.1217830585392452,-0.2596380055921527,-0.4084047643849878,0.9444240927696228,0.9444240927696228,0.3054957221177483,MC38,-1.1217830585392452,-0.2596380055921527,Normoxic,1.0543977280476735,0.46271704569685834,0.315973115247721,0.2213098390554206
CTAGTTAGTTAAGCTC_E15S,E15S,Tumor,entering_deep_hypoxia,1.533374723411036,2.444926829251857,1.8252744865067203,0.9294939041137696,0.9294939041137696,0.148003217780504,MC38,1.533374723411036,2.444926829251857,Hypoxic,0.6021786307115524,0.00044177997283587425,0.2859365808347419,0.7136216391924222
GTAAGTTTCACGGAAG_E15S,E15S,Tumor,exiting_hypoxia,2.206274851656054,-1.457654757387917,-0.100503424228342,0.944873571395874,0.944873571395874,0.1196055155459807,MC38,2.206274851656054,-1.457654757387917,Hypoxic,0.3438338070772058,0.0007783834161993967,0.10576616333262193,0.8934554532511787
CACGTTGGTTCCTGAG_E15S,E15S,Tumor,entering_hypoxia,-0.2665346034462809,0.8510013295768538,2.0506778377285744,0.9296097755432128,0.9296097755432128,0.1408092386033202,MC38,-0.2665346034462809,0.8510013295768538,Saddle / ICS,1.0561908575896577,0.2227681911833255,0.45931669014588733,0.31791511867078726
AACCCACAGTCGCGCA_E15S,E15S,Tumor,exiting_hypoxia,0.4388905470767962,-0.5381579630603528,0.7223905900861843,0.9409050941467284,0.9409050941467284,0.2125973712352172,MC38,0.4388905470767962,-0.5381579630603528,Hypoxic,1.0266094913601274,0.17438458575571444,0.3539018391782871,0.4717135750659984
AAACGACAGGCGTCCA_E15S,E15S,Tumor,exiting_hypoxia,1.8318964286680828,-1.733578395229758,-0.0944830476915007,0.9470885992050172,0.9470885992050172,0.1300929947431562,MC38,1.8318964286680828,-1.733578395229758,Hypoxic,0.3849229203207437,0.0019365033820524264,0.12212807881121775,0.8759354178067297
CCACTATTCAGCAATT_E15S,E15S,Tumor,normoxic_stable,-1.0966528137601126,0.2871958466775866,1.8028605186753717,0.9395501017570496,0.9395501017570496,0.2207047817656958,MC38,-1.0966528137601126,0.2871958466775866,Normoxic,1.0651451433077448,0.4178930678323557,0.3629465793834048,0.21916035278423954
GTGAGGATCGTTCGTT_E15S,E15S,Tumor,transitional,0.1235497113785175,0.2432566799107572,1.7880168868516382,0.936961829662323,0.936961829662323,0.2180112499176058,MC38,0.1235497113785175,0.2432566799107572,Saddle / ICS,1.074050088935708,0.2348492477374201,0.4055596304293044,0.3595911218332756
AGACTGCTCCTGCGTC_E15S,E15S,Tumor Proliferating,persistent_hypoxia,1.0781940383888866,0.0113877175561844,0.5888118408355897,0.9426841139793396,0.9426841139793396,0.0926950200905989,MC38,1.0781940383888866,0.0113877175561844,Hypoxic,0.8392583720779192,0.05465680788692336,0.3581830391159581,0.5871601529971184
GGCGTTGTCGCGAATC_E15S,E15S,Tumor,entering_hypoxia,-0.7849322145919765,0.7593981154894777,1.2309588660351392,0.9376578330993652,0.9376578330993652,0.1286119900734215,MC38,-0.7849322145919765,0.7593981154894777,Saddle / ICS,1.0751632111622773,0.3094591925185562,0.4322518508318484,0.25828895664959545
GTCAAATTCGTTCCGC_E15S,E15S,Tumor,entering_hypoxia,-0.416068751435245,1.367371077049187,1.3854504478155794,0.9416046142578124,0.9416046142578124,0.1661778871912481,MC38,-0.416068751435245,1.367371077049187,Saddle / ICS,0.9795206572197368,0.13736108250341575,0.5204672132140667,0.3421717042825175
TATCGGGCACCAGCTT_E15S,E15S,Tumor,normoxic_stable,-0.6996624330617321,0.1938929033440753,0.3883717770807261,0.9336283206939696,0.9336283206939696,0.1151186806286477,MC38,-0.6996624330617321,0.1938929033440753,Normoxic,1.0767922122370996,0.40053749488749796,0.3593858694538519,0.24007663565865014
GCTTACCCATTCCTAG_E15S,E15S,Tumor,entering_deep_hypoxia,0.538193279752378,0.4909992944874373,2.3264143370627592,0.930098295211792,0.930098295211792,0.0882790734510067,MC38,0.538193279752378,0.4909992944874373,Hypoxic,0.9778898534257812,0.12095145721935543,0.4293272744935385,0.44972126828710596
GTGCTATGTTGTAGTC_E15S,E15S,Tumor,normoxic_stable,-1.3606622352502813,-0.2691880374646633,1.83360829311024,0.93615061044693,0.93615061044693,0.159065015040656,MC38,-1.3606622352502813,-0.2691880374646633,Normoxic,1.0537446577902014,0.4617494106367751,0.3196985637511135,0.21855202561211143
AACATTGCAAATGGAG_E15S,E15S,Tumor,normoxic_stable,-0.4831208627261223,-0.2084405467904398,1.0242674176804534,0.9405354857444764,0.9405354857444764,0.2401236750678768,MC38,-0.4831208627261223,-0.2084405467904398,Normoxic,1.0856798068759659,0.397554916942096,0.3355090293788627,0.2669360536790414
TAACACTAGGGTTAGG_E15S,E15S,Tumor,normoxic_stable,-0.4876714369706824,0.0612745194930618,-0.1777484401648948,0.9422962069511414,0.9422962069511414,0.2345613572218191,MC38,-0.4876714369706824,0.0612745194930618,Normoxic,1.0857218228131815,0.3834446304939393,0.355838659322246,0.2607167101838146
TCGGCTGAGCGATGTC_E15S,E15S,Tumor,entering_hypoxia,0.0627959329166175,2.0386797350383388,1.162738639380159,0.937546730041504,0.937546730041504,0.0407131031812729,MC38,0.0627959329166175,2.0386797350383388,Saddle / ICS,0.7919559000643909,0.02547159850686476,0.5197374926662091,0.4547909088269262
CCGTCTATCCACGGAT_E15S,E15S,Tumor Proliferating,exiting_hypoxia,-0.0124292129220631,-0.5084986747621086,2.254154204073662,0.9539414644241332,0.9539414644241332,0.2114991349032645,MC38,-0.0124292129220631,-0.5084986747621086,Hypoxic,1.0941990649503324,0.2909674907174605,0.34454474381334355,0.36448776546919603
ATGGGGATCGCTCCAC_E15S,E15S,Tumor,transitional,0.1159493733770714,-0.1325102383052369,1.328712045890034,0.9338886737823486,0.9338886737823486,0.1562469282336831,MC38,0.1159493733770714,-0.1325102383052369,Saddle / ICS,1.08623537668372,0.26085422843875733,0.37386932957182345,0.3652764419894193
ACGTTATAGATAGTGA_E15S,E15S,Tumor,persistent_hypoxia,0.2921250550516924,-0.3557093236259147,-0.1462402304701299,0.940635859966278,0.940635859966278,0.2353658938309221,MC38,0.2921250550516924,-0.3557093236259147,Hypoxic,1.0637287773707729,0.21663144350612687,0.3646150846094782,0.41875347188439477
CGTGAAAGTTCAAGGA_E15S,E15S,Tumor Proliferating,transitional,-0.3069550901844381,0.1986310120414774,0.960869613177716,0.9344919323921204,0.9344919323921204,0.0602426503780883,MC38,-0.3069550901844381,0.1986310120414774,Saddle / ICS,1.0918935821190185,0.3363312992885631,0.3789014153187719,0.28476728539266494
GCGGCTATCGACCGAT_E15S,E15S,Tumor,transitional,0.1477185237416475,0.2315228848880406,0.387000029998351,0.9315086007118224,0.9315086007118224,0.0692345556993066,MC38,0.1477185237416475,0.2315228848880406,Saddle / ICS,1.071990003535321,0.230154432608375,0.4053933455345468,0.3644522218570782
GCCAAGCCATCCAACC_E15S,E15S,Tumor,entering_hypoxia,-1.2423698691996936,0.792863377336982,2.8603714615217086,0.9382985830307008,0.9382985830307008,0.1782256600444954,MC38,-1.2423698691996936,0.792863377336982,Saddle / ICS,1.0693051236044195,0.3209365693519636,0.4379795317468473,0.24108389890118917
AACCTCAAGCTTCCTG_E15S,E15S,Tumor,persistent_hypoxia,0.8857129966444043,-0.2166403782784391,0.9470400712389972,0.9422032237052916,0.9422032237052916,0.3310805348453555,MC38,0.8857129966444043,-0.2166403782784391,Hypoxic,0.9036780742601123,0.08478744645975553,0.3599354652963596,0.5552770882438849
AACTCAACAGGACTCA_E15S,E15S,Tumor,reverted_stable,-1.5379795817031725,-0.5869609086322196,1.6242623938444911,0.9382887482643129,0.9382887482643129,0.2202688551359361,MC38,-1.5379795817031725,-0.5869609086322196,Normoxic,1.0675157536288356,0.4435847986967206,0.3151879166824403,0.24122728462083914
TGAGCAAGTTCGCTGA_E15S,E15S,Tumor,normoxic_stable,-0.9580887265446671,-0.1852332863592571,1.4798741139096987,0.9378379583358764,0.9378379583358764,0.177014587616865,MC38,-0.9580887265446671,-0.1852332863592571,Normoxic,1.0590520988213392,0.45378851073659576,0.32094403391315146,0.22526745535025267
GTAGTCGCATCCAAGG_E15S,E15S,Tumor,entering_hypoxia,0.0160850096500816,2.4422318451186813,0.3857005218483137,0.9342979788780212,0.9342979788780212,0.0924111756583288,MC38,0.0160850096500816,2.4422318451186813,Saddle / ICS,0.7420449053668317,0.010002052408875172,0.5044470238926393,0.48555092369848546
ACGGAGGCATCCTGCG_E15S,E15S,Tumor,normoxic_stable,-0.5409177955663769,0.0493216416376055,0.9430785595796686,0.9452093839645386,0.9452093839645386,0.3817913108135922,MC38,-0.5409177955663769,0.0493216416376055,Normoxic,1.0829125468176715,0.39318592532131963,0.3521071041526686,0.2547069705260118
CGTTCCGCAACCTCAC_E15S,E15S,Tumor,exiting_hypoxia,0.4944419951665026,-0.965232071977148,0.0775062188093435,0.9460925459861756,0.9460925459861756,0.1618157155833004,MC38,0.4944419951665026,-0.965232071977148,Hypoxic,0.9655960993588582,0.13373778996340366,0.32305894104631183,0.5432032689902845
ATGGCCCGTTGTGGTT_E15S,E15S,Tumor Proliferating,entering_deep_hypoxia,1.4210825381286285,0.540224991170546,1.779538069695357,0.93748939037323,0.93748939037323,0.0728885706532704,MC38,1.4210825381286285,0.540224991170546,Hypoxic,0.722546466350561,0.017812545847752607,0.3393662746518519,0.6428211795003955
GCTATGATCTGGGATC_E15S,E15S,Tumor Proliferating,persistent_hypoxia,1.4133709758917763,-0.2168817046440372,0.4660878887490852,0.9369301199913024,0.9369301199913024,0.0318557160776647,MC38,1.4133709758917763,-0.2168817046440372,Hypoxic,0.716603521453878,0.024524979825307266,0.29933137466742976,0.676143645507263
CAGCGATTCTAGCTCT_E15S,E15S,Tumor,entering_hypoxia,-1.1436127716579243,2.0837602936484383,1.0965738029104874,0.9416038990020752,0.9416038990020752,0.1473222529632457,MC38,-1.1436127716579243,2.0837602936484383,Saddle / ICS,0.8305583922649987,0.049903271950591195,0.5861558174583256,0.36394091059108336
CCCATCTGTCTCAGGC_E15S,E15S,Tumor,reverted_stable,-1.1604161069565035,-0.5079133414557272,0.6698654722815698,0.9479607939720154,0.9479607939720154,0.3611747419112073,MC38,-1.1604161069565035,-0.5079133414557272,Normoxic,1.0597776532824046,0.4593902005762006,0.30623346100940296,0.2343763384143965
CCGTTGAGTGAGGCAT_E15S,E15S,Tumor,entering_hypoxia,0.133188634281221,1.1606369092351811,2.528152011624975,0.94139564037323,0.94139564037323,0.1088978965299526,MC38,0.133188634281221,1.1606369092351811,Saddle / ICS,0.9575442585185951,0.10931797338663796,0.4920901767257302,0.3985918498876318
GTGCTTGGTTCCAGTG_E15S,E15S,Tumor,entering_hypoxia,-0.5483273617917862,0.4172132825185161,1.6674824615230082,0.93400776386261,0.93400776386261,0.1394511421696044,MC38,-0.5483273617917862,0.4172132825185161,Saddle / ICS,1.084838359081501,0.3483368272315566,0.3913656608147256,0.26029751195371775
AATTCAGCAACCAACG_E15S,E15S,Tumor,normoxic_stable,-0.788187416861545,0.3409773580185933,2.371424356537829,0.9302245378494264,0.9302245378494264,0.1551146184197373,MC38,-0.788187416861545,0.3409773580185933,Normoxic,1.0760683586871254,0.3901298326877824,0.3733206756562891,0.2365494916559285
AAGTAAGTCCGTTAAG_E15S,E15S,Tumor,entering_deep_hypoxia,0.3895399288960567,2.116324499508135,1.4284364985544613,0.9437392950057985,0.9437392950057985,0.1700101515815333,MC38,0.3895399288960567,2.116324499508135,Hypoxic,0.7547855125207501,0.013422087051556874,0.4821745108201786,0.5044034021282646
CATTAGGTCGATGCAC_E15S,E15S,Hypoxic Tumor,exiting_hypoxia,2.313486119494657,-2.167730471733241,0.4481178416718944,0.9378344416618348,0.9378344416618348,0.6514515729604113,MC38,2.313486119494657,-2.167730471733241,Hypoxic,0.22572795911678603,0.00014062885161983843,0.05905111450920655,0.9408082566391736
GGCTGAGGTTAGGTCT_E15S,E15S,Tumor,entering_deep_hypoxia,1.1084769382613255,1.2096691516694806,0.5468918004727373,0.934999942779541,0.934999942779541,0.0861411497598522,MC38,1.1084769382613255,1.2096691516694806,Hypoxic,0.7563601968657943,0.018463349296195412,0.4024349457865343,0.5791017049172704
CCAATAGTCTAAGCAT_E15S,E15S,Tumor Proliferating,entering_hypoxia,-0.4716531571130315,1.1772894972426673,0.2087757998766195,0.9388007521629332,0.9388007521629332,0.1256976751458017,MC38,-0.4716531571130315,1.1772894972426673,Saddle / ICS,1.0216814602515183,0.1820335247143368,0.4985002800018241,0.3194661952838391
AATGGCCTCAAGTATC_E15S,E15S,Tumor,transitional,-0.3331343814982869,-0.1696261935752885,1.7279124940655506,0.9296934604644777,0.9296934604644777,0.1623360562691476,MC38,-0.3331343814982869,-0.1696261935752885,Normoxic,1.0930222262954503,0.36812798556320986,0.34623347097788076,0.2856385434589094
GTAATGTTCAGTTGGC_E15S,E15S,Tumor,exiting_hypoxia,-0.1086528153285544,-0.4151997807448583,1.055146096362805,0.9331790208816528,0.9331790208816528,0.12116633156154,MC38,-0.1086528153285544,-0.4151997807448583,Saddle / ICS,1.0980520753255278,0.3181473578423609,0.3444901417163702,0.3373625004412688
ACCATCCCACAGGACC_E15S,E15S,Tumor,entering_hypoxia,-1.0485687576207992,0.8703593477897931,0.2863828861539231,0.9419792294502258,0.9419792294502258,0.2517843571236909,MC38,-1.0485687576207992,0.8703593477897931,Saddle / ICS,1.0681752020696478,0.29959475374090166,0.44826435642745305,0.2521408898316454
TCTCGATTCGATAGTT_E15S,E15S,Tumor,transitional,-0.4153612408684299,0.0252861180162865,0.8365413381400588,0.934237003326416,0.934237003326416,0.1227082645116089,MC38,-0.4153612408684299,0.0252861180162865,Normoxic,1.0890194340035164,0.37359499816174335,0.35652884597658896,0.2698761558616676
GTCGGCTGTAAGGGCT_E15S,E15S,Tumor,transitional,-0.3594765826173117,0.2346698852046493,1.2104329832986618,0.931789755821228,0.931789755821228,0.1420799873075068,MC38,-0.3594765826173117,0.2346698852046493,Saddle / ICS,1.0905264835500335,0.34236482313992683,0.3796924180633002,0.27794275879677294
CATCTTGCAATCCGCT_E15S,E15S,Tumor,normoxic_stable,-1.4987806236950598,-0.2481619981052264,1.443002052812577,0.937946319580078,0.937946319580078,0.2269088844314412,MC38,-1.4987806236950598,-0.2481619981052264,Normoxic,1.0565623203179135,0.45452338142739007,0.32617693920646496,0.2192996793661451
GCGGACTCAATATCTC_E15S,E15S,Tumor,persistent_hypoxia,0.4003986510686967,-0.1729745971577115,1.1244162300333058,0.9419836401939392,0.9419836401939392,0.3265179342919234,MC38,0.4003986510686967,-0.1729745971577115,Hypoxic,1.0449029435204884,0.1886386977093432,0.37917597493940475,0.43218532735125215
GCCCATAGTTCGCTTC_E15S,E15S,Tumor,entering_hypoxia,0.1841062703931163,1.8233899105550364,0.6638083508031819,0.9433704614639282,0.9433704614639282,0.2467230495849628,MC38,0.1841062703931163,1.8233899105550364,Saddle / ICS,0.8173090159405785,0.0344343089847379,0.5122817914470719,0.4532838995681902
AGAGATTGTAATCGGA_E15S,E15S,Tumor,entering_hypoxia,-0.2222584296235313,1.02731288734883,1.2221637323259726,0.9419741034507751,0.9419741034507751,0.1486690013500085,MC38,-0.2222584296235313,1.02731288734883,Saddle / ICS,1.0279528066112538,0.18143514762097313,0.48201998063634743,0.3365448717426794
GCCATGGTCATGCTCT_E15S,E15S,Tumor,reverted_stable,-1.56309263226869,-0.6265511415972822,-0.4437617268365965,0.947167694568634,0.947167694568634,0.3611181126165799,MC38,-1.56309263226869,-0.6265511415972822,Normoxic,1.0702415999694372,0.43880309719609223,0.31564481856240156,0.24555208424150637
CCCGATAGTGAAGTTG_E15S,E15S,Tumor,reverted_stable,-0.6262678718250145,-0.8171214543433692,1.5885824908373762,0.9389466047286988,0.9389466047286988,0.2049057881559467,MC38,-0.6262678718250145,-0.8171214543433692,Normoxic,1.0916386713538353,0.38959321808911496,0.3081706599018036,0.3022361220090814
TGTGCCAGTCTCAGGC_E15S,E15S,Tumor,persistent_hypoxia,0.3553881924509994,0.1985044691766596,-0.0582170733460135,0.943716287612915,0.943716287612915,0.1692406587655407,MC38,0.3553881924509994,0.1985044691766596,Hypoxic,1.0423096327176333,0.18312164649087226,0.4076777001538938,0.40920065335523403
AAGCTAGGTGAGCAGT_E15S,E15S,Tumor Proliferating,entering_hypoxia,-0.3330098222486419,1.288760179383004,1.208346077558479,0.9417886734008788,0.9417886734008788,0.025292917419134,MC38,-0.3330098222486419,1.288760179383004,Saddle / ICS,0.9894034451161032,0.14432458697968537,0.5114409854255975,0.3442344275947172
CAAAGCGAGCATGCCG_E15S,E15S,Tumor,normoxic_stable,-0.8422161471217172,0.3730027526857221,0.6921119033076683,0.9489566683769226,0.9489566683769226,0.4297730443155831,MC38,-0.8422161471217172,0.3730027526857221,Normoxic,1.0748518310216102,0.3900956247493436,0.37597193717192257,0.2339324380787337
TCCCTTAGTTATCTCT_E15S,E15S,Tumor,entering_hypoxia,-0.4646943433415008,0.6658313916875231,0.3633062525234797,0.9389418959617616,0.9389418959617616,0.223534155062426,MC38,-0.4646943433415008,0.6658313916875231,Saddle / ICS,1.0792372330623528,0.2906933527679025,0.4277827870968118,0.28152386013528574
CACAATTAGATTCACG_E15S,E15S,Tumor,normoxic_stable,-0.7265830566251668,-0.1118207451980018,1.1905315570882389,0.933137595653534,0.933137595653534,0.1572841126888921,MC38,-0.7265830566251668,-0.1118207451980018,Normoxic,1.070986701036741,0.4297314784350684,0.3313757184248885,0.23889280314004305
GCACTAATCCAGCAAC_E15S,E15S,Tumor,reverted_stable,-0.6050785189498734,-0.9080744795684024,1.0644702547368736,0.9388546943664552,0.9388546943664552,0.3284874934674663,MC38,-0.6050785189498734,-0.9080744795684024,Normoxic,1.0948338767998622,0.3742627639050896,0.30787819121602683,0.3178590448788835
ACTGCAATCTGGCCGA_E15S,E15S,Tumor,normoxic_stable,-0.9609320428312478,-0.2409602115565942,-0.0737102075851274,0.9396358728408812,0.9396358728408812,0.32247913499182,MC38,-0.9609320428312478,-0.2409602115565942,Normoxic,1.0590920393655734,0.4553802353509806,0.3176058187688844,0.22701394588013507
TACCTCACACTCAACC_E15S,E15S,Tumor,entering_hypoxia,-0.5670145658372763,2.036860855042189,0.8489330933070803,0.9498797059059144,0.9498797059059144,0.1715957047662725,MC38,-0.5670145658372763,2.036860855042189,Saddle / ICS,0.8312090166672909,0.04557351438667958,0.5633096185116822,0.3911168671016383
ACAGTTACAACATCGG_E15S,E15S,Tumor,transitional,-0.0848327592069015,0.1455817190406665,0.5991403365251952,0.9389045238494872,0.9389045238494872,0.2048092874175815,MC38,-0.0848327592069015,0.1455817190406665,Saddle / ICS,1.0918512864265626,0.2935360135147634,0.3864036761852467,0.32006031029998994
TACCAGGCATAGACCG_E15S,E15S,Tumor,entering_hypoxia,-0.6597067225259904,0.696055086514373,1.9708458994579725,0.938188910484314,0.938188910484314,0.26475814151102,MC38,-0.6597067225259904,0.696055086514373,Saddle / ICS,1.078293149770551,0.3104908559390482,0.42558943965273494,0.26391970440821677
TGTGTACGTGCAGCCT_E15S,E15S,Tumor,normoxic_stable,-0.5511256460377133,-0.3029663877907643,0.415674823833664,0.934245765209198,0.934245765209198,0.1650974238284561,MC38,-0.5511256460377133,-0.3029663877907643,Normoxic,1.082368821920289,0.41005621409524873,0.3267400898321858,0.26320369607256555
ATCTTCATCATGCGCG_E15S,E15S,Tumor Proliferating,normoxic_stable,-0.5910520027685257,0.4062227759989245,2.8249229802944464,0.9424229860305786,0.9424229860305786,0.0655495592978183,MC38,-0.5910520027685257,0.4062227759989245,Saddle / ICS,1.0836790841103432,0.35625059968748524,0.3881976535688389,0.255551746743676
TATGCTAGTGGCGTGA_E15S,E15S,Tumor Proliferating,entering_deep_hypoxia,1.2526330727202293,1.0675160272059254,0.2344736901214368,0.939747393131256,0.939747393131256,0.0608890136030933,MC38,1.2526330727202293,1.0675160272059254,Hypoxic,0.7373618258297121,0.015858316745608662,0.3789417483286064,0.605199934925785
GTGGGCAGTAAGCGAC_E15S,E15S,Tumor,normoxic_stable,-0.9251490303075168,-0.3927270140565259,2.0887144110137865,0.9389046430587769,0.9389046430587769,0.2463043579366043,MC38,-0.9251490303075168,-0.3927270140565259,Normoxic,1.0628471936251191,0.45288140302924207,0.3108046740941007,0.23631392287665734
GGAGAAGGTGAAGGAG_E15S,E15S,Tumor,reverted_stable,-0.625080112677913,-0.7351267953462413,0.5444923397667191,0.939303457736969,0.939303457736969,0.2498507891023137,MC38,-0.625080112677913,-0.7351267953462413,Normoxic,1.0889792531568918,0.39882472429787336,0.30935828717428454,0.2918169885278421
GCAGGATGTTGGTTCG_E15S,E15S,Tumor,normoxic_stable,-1.0400423642565635,-0.2575475734326485,-0.1212838509507232,0.9428865313529968,0.9428865313529968,0.159126654817834,MC38,-1.0400423642565635,-0.2575475734326485,Normoxic,1.05642475508337,0.4598940581843329,0.3160560731615442,0.22404986865412302
ATAACCACAATCGTAA_E15S,E15S,Tumor,normoxic_stable,-1.098192912600202,-0.1417353613806434,1.0714693688589565,0.9777719378471376,0.9777719378471376,0.3709565725976746,MC38,-1.098192912600202,-0.1417353613806434,Normoxic,1.0547584048808987,0.45866752296800123,0.3230213860134322,0.2183110910185665
TGCACCCTCACACCGG_E15S,E15S,Tumor,reverted_stable,-0.5583720279808092,-0.6825126147460999,1.8419893296961771,0.9379803538322448,0.9379803538322448,0.2758195638929653,MC38,-0.5583720279808092,-0.6825126147460999,Normoxic,1.0902636342450158,0.393914579458139,0.31273000204131884,0.2933554185005421
ACTCACTTCACACATG_E15S,E15S,Tumor,exiting_hypoxia,1.8656367391335025,-1.5806871157519504,0.1288957173656577,0.950247883796692,0.950247883796692,0.1535107474876896,MC38,1.8656367391335025,-1.5806871157519504,Hypoxic,0.40293158921136185,0.002212111567706354,0.1305903688314213,0.8671975196008724
CAGTATTAGCCCGTCT_E15S,E15S,Tumor,normoxic_stable,-0.92742284973955,-0.1543787446316231,0.4421464006573799,0.938469171524048,0.938469171524048,0.3244743831959159,MC38,-0.92742284973955,-0.1543787446316231,Normoxic,1.0603949602336933,0.45062007882258726,0.3233586443716803,0.22602127680573245
GCGCTAACAATCAATG_E15S,E15S,Tumor,normoxic_stable,-1.6306113750241122,0.3991452860043618,1.179348378746926,0.9363787174224854,0.9363787174224854,0.1115642418937187,MC38,-1.6306113750241122,0.3991452860043618,Saddle / ICS,1.0691038305212082,0.38242889953645665,0.39466825706473546,0.22290284339880787
TAAACGAAGTTGCAGC_E15S,E15S,Tumor,persistent_hypoxia,0.7648670821080797,0.0145116673858732,2.345823714930593,0.9368417859077454,0.9368417859077454,0.0734409265499061,MC38,0.7648670821080797,0.0145116673858732,Hypoxic,0.9446969439947028,0.1032321849054259,0.38488636160398215,0.511881453490592
ACAGCCCGTGGCCATC_E15S,E15S,Tumor Proliferating,normoxic_stable,-0.5328840530826924,0.167388167482726,0.6932103435239455,0.9342631697654724,0.9342631697654724,0.0752682343017898,MC38,-0.5328840530826924,0.167388167482726,Normoxic,1.0843239125786643,0.3803385060786657,0.3637240894227432,0.25593740449859104
GTTGCTGGTAACGCGG_E15S,E15S,Tumor,normoxic_stable,-1.5088430076374222,0.1552719662811896,0.9078447343165016,0.9444775581359864,0.9444775581359864,0.39306950790066,MC38,-1.5088430076374222,0.1552719662811896,Normoxic,1.0612382315679052,0.4268375327087916,0.3589047138680161,0.21425775342319225
ATGCCAGCAATTAGGC_E15S,E15S,Tumor,exiting_hypoxia,-0.3363384166548989,-0.7852452450486286,2.322170695949425,0.9347441792488098,0.9347441792488098,0.1836912072695811,MC38,-0.3363384166548989,-0.7852452450486286,Normoxic,1.0981524097396218,0.3431531724321003,0.3194729563401221,0.3373738712277776
CTTAGCGGTTAATTCG_E15S,E15S,Tumor,entering_hypoxia,-0.4249967912603852,0.4654448824495121,0.8380681988512774,0.9341586828231812,0.9341586828231812,0.072562029897685,MC38,-0.4249967912603852,0.4654448824495121,Saddle / ICS,1.0863389311817362,0.32090328650175776,0.40299008341071463,0.2761066300875276
GTCCTAAAGCAAGGAT_E15S,E15S,Tumor,normoxic_stable,-0.7494574119370951,0.1578810260844197,0.2337569999309793,0.9373475909233092,0.9373475909233092,0.1563349554925266,MC38,-0.7494574119370951,0.1578810260844197,Normoxic,1.0736850381987817,0.41048831253070545,0.3539506298026291,0.23556105766666546
GGGGTTAAGGTCACAC_E15S,E15S,Tumor,reverted_stable,-0.5779374114603213,-0.5335728099078344,1.2729234621735095,0.9402036666870116,0.9402036666870116,0.2165504949891248,MC38,-0.5779374114603213,-0.5335728099078344,Normoxic,1.085138225141995,0.407973584818079,0.3158901999651949,0.27613621521672604
TGCAGTCAGTATCTCC_E15S,E15S,Tumor,reverted_stable,-1.1715985647464189,-1.2501319925050551,0.0213739046057775,0.9395180344581604,0.9395180344581604,0.1485176049947779,MC38,-1.1715985647464189,-1.2501319925050551,Normoxic,1.0965083198034071,0.35660976087082785,0.304698702843746,0.3386915362854262
ATGCATTAGGTGAACG_E15S,E15S,Tumor,transitional,0.0994290722943868,-0.037993238473704,0.4398079161957941,0.9364071488380432,0.9364071488380432,0.2812377034429267,MC38,0.0994290722943868,-0.037993238473704,Saddle / ICS,1.086137023293466,0.261367837387805,0.38029713354751377,0.3583350290646812
AGGTTGGAGGGTACTC_E15S,E15S,Tumor,transitional,-0.0811667561556184,0.1917314523005064,0.0565343899874491,0.9601173400878906,0.9601173400878906,0.1040780490953075,MC38,-0.0811667561556184,0.1917314523005064,Saddle / ICS,1.0904631199601171,0.2882755333143691,0.3909592153094436,0.3207652513761873
CGTTGGGTCTAACTGG_E15S,E15S,Tumor Proliferating,reverted_stable,-0.7798940088404358,-0.6288534736593814,0.9155292840471202,0.928499400615692,0.928499400615692,0.0378422798025513,MC38,-0.7798940088404358,-0.6288534736593814,Normoxic,1.0776589878522165,0.42812254386928766,0.30674165790564567,0.26513579822506667
ATTCGGGCATGCTGCT_E15S,E15S,Hypoxic Tumor,exiting_hypoxia,1.415560058132125,-1.1767540817946696,2.3788682735039948,0.9384527802467346,0.9384527802467346,0.2652124628841971,MC38,1.415560058132125,-1.1767540817946696,Hypoxic,0.5988404245973051,0.015013033426973459,0.2182083136703412,0.7667786529026854
CTCACATTCACAGCAC_E15S,E15S,Tumor,entering_hypoxia,-1.387326129927511,0.7030501258911092,0.3150536002396097,0.938962996006012,0.938962996006012,0.2038929760445572,MC38,-1.387326129927511,0.7030501258911092,Saddle / ICS,1.0698168144645481,0.33852904114095467,0.4275095138768687,0.2339614449821766
AGGCCATTCCGTGCGA_E15S,E15S,Tumor,transitional,-0.2966194731472816,-0.2698239802976632,1.1244911573431815,0.9383930563926696,0.9383930563926696,0.2148221438038765,MC38,-0.2966194731472816,-0.2698239802976632,Normoxic,1.095044504025013,0.36242920557275,0.3419790279060774,0.29559176652117264
TGCCGAACAACTAGAC_E15S,E15S,Tumor,transitional,0.098603099428405,0.2883397695166858,1.1220552716052972,0.935090184211731,0.935090184211731,0.1668061714297403,MC38,0.098603099428405,0.2883397695166858,Saddle / ICS,1.0742112369325296,0.23626135693703396,0.4088230006522017,0.3549156424107643
CAGTACGCATGAAGTC_E15S,E15S,Tumor,exiting_hypoxia,-0.4103928692166167,-0.4298013969927846,1.5770916652286464,0.9375479221343994,0.9375479221343994,0.2196564161766182,MC38,-0.4103928692166167,-0.4298013969927846,Normoxic,1.0918749316569878,0.3834750346857085,0.32754805316191127,0.2889769121523803
TCTCACTAGTATGGAA_E15S,E15S,Tumor,transitional,-0.0920113173411531,-0.317542142026847,-0.2416635687021406,0.938313901424408,0.938313901424408,0.2430136613220786,MC38,-0.0920113173411531,-0.317542142026847,Saddle / ICS,1.0976861309990813,0.3157016959136458,0.3508300384393842,0.3334682656469701
AACGGATAGGATGCCT_E15S,E15S,Hypoxic Tumor,exiting_hypoxia,0.4175958763076053,-0.8302258992825804,2.30835023677385,0.942212164402008,0.942212164402008,0.2390356608711864,MC38,0.4175958763076053,-0.8302258992825804,Hypoxic,1.006439988945306,0.16175593653591727,0.33461428534975335,0.5036297781143293
CCGTGCAAGGCGTACT_E15S,E15S,Tumor,persistent_hypoxia,1.0050587258909782,0.2510754136630458,-0.0942416191535726,0.9439683556556702,0.9439683556556702,0.0589224547464816,MC38,1.0050587258909782,0.2510754136630458,Hypoxic,0.8590160944625698,0.05879884721971837,0.38136324548358197,0.5598379072966996
TGCGACCGTCCATCCT_E15S,E15S,Tumor,normoxic_stable,-1.1645282370136156,-0.2486331546848687,0.6136649723401654,0.9480594396591188,0.9480594396591188,0.4213379424087353,MC38,-1.1645282370136156,-0.2486331546848687,Normoxic,1.0535981260541838,0.4633584632095411,0.3168702013253231,0.2197713354651357
CAGGAACGTCAATGTC_E15S,E15S,Tumor,normoxic_stable,-0.8019811357674346,0.0028273576954043,0.690372441780224,0.935476303100586,0.935476303100586,0.2018571550207378,MC38,-0.8019811357674346,0.0028273576954043,Normoxic,1.068068215567359,0.4307324830765749,0.3379290176656397,0.23133849925778535
GTAATCACATAACCGG_E15S,E15S,Tumor,entering_deep_hypoxia,0.934913196271156,0.4220437192285244,0.3121275151710659,0.93391090631485,0.93391090631485,0.0756085260817576,MC38,0.934913196271156,0.4220437192285244,Hypoxic,0.8717335892767004,0.061881730711169126,0.39856555855310744,0.5395527107357234
CTTATGGAGTCAAGCC_E15S,E15S,Tumor,entering_hypoxia,-0.24041272614171,1.074725425443985,-0.0297077145524463,0.9392903447151184,0.9392903447151184,0.2235664290788191,MC38,-0.24041272614171,1.074725425443985,Saddle / ICS,1.0217317887824842,0.17476788857949907,0.48743427858923555,0.33779783283126535
CCGCAATAGCAGTCTA_E15S,E15S,Tumor,normoxic_stable,-0.6906377188309026,-0.0939236587834355,-0.2620198486374354,0.940475046634674,0.940475046634674,0.248413262268154,MC38,-0.6906377188309026,-0.0939236587834355,Normoxic,1.0731957146477595,0.42442490003499717,0.3339681631860464,0.24160693677895653
CGTGATTGTTTCGAGT_E15S,E15S,Tumor Proliferating,entering_deep_hypoxia,0.6367143269563246,0.7788437619868619,1.2766820971852002,0.9442013502120972,0.9442013502120972,0.0363354659672403,MC38,0.6367143269563246,0.7788437619868619,Hypoxic,0.9181772353873108,0.08129659413049357,0.44354282782995974,0.4751605780395468
TCACGGGTCGATTAAC_E15S,E15S,Tumor,transitional,-0.4179388836180313,0.0183720088589518,1.3143295271792772,0.93733549118042,0.93733549118042,0.265298834734966,MC38,-0.4179388836180313,0.0183720088589518,Normoxic,1.088895882815249,0.37459717021851113,0.35579407842516747,0.2696087513563214
CAGCAAAGTTCCTTCA_E15S,E15S,Tumor,transitional,-0.0641091584528853,0.2254458309104592,0.0120846059502127,0.9401999711990356,0.9401999711990356,0.2317033259214339,MC38,-0.0641091584528853,0.2254458309104592,Saddle / ICS,1.0887158351870354,0.2808974116849909,0.39513301291139563,0.32396957540361354
CGTAAATTCCAGGGTT_E15S,E15S,Tumor,entering_hypoxia,-1.4035139121245364,1.6089904757199756,0.9977428006553823,0.9444610476493835,0.9444610476493835,0.173300691591345,MC38,-1.4035139121245364,1.6089904757199756,Saddle / ICS,0.9433240302164525,0.12264341819058229,0.5651288468095527,0.3122277349998651
GGCTGGTCAAGCTCCT_E15S,E15S,Tumor,transitional,0.2728275383848007,0.0566619631503418,0.0397341479086616,0.93818598985672,0.93818598985672,0.1637469228269151,MC38,0.2728275383848007,0.0566619631503418,Saddle / ICS,1.0630619180344563,0.21243391804229417,0.39438428030405137,0.3931818016536545
CGCCTAGAGTAAGCCC_E15S,E15S,Tumor,entering_hypoxia,0.2274522234083769,2.497423080962039,1.0901358941420454,0.9437643885612488,0.9437643885612488,0.1513352712792133,MC38,0.2274522234083769,2.497423080962039,Hypoxic,0.7270638212299849,0.006493807871509308,0.4772797779972139,0.5162264141312768
TCTATCTGTTGGTGCC_E15S,E15S,Tumor,transitional,-0.2983690183745445,0.3008514585574777,1.2991878786381998,0.9336689114570618,0.9336689114570618,0.0949169692916153,MC38,-0.2983690183745445,0.3008514585574777,Saddle / ICS,1.0905503767568065,0.3222500383061351,0.3901358131875525,0.2876141485063123
AACCCAGCATCCTTAG_E15S,E15S,Tumor,normoxic_stable,-0.6249601178813982,0.1941749549148678,0.4027714937478818,0.9391115307807922,0.9391115307807922,0.2292549176625763,MC38,-0.6249601178813982,0.1941749549148678,Normoxic,1.0803396350182268,0.3908473660065483,0.3623315202482725,0.2468211137451792
GTGCTAATCACGTACA_E15S,E15S,Tumor,normoxic_stable,-0.8240503251052389,-0.3460184051935583,0.0957031724330762,0.936548352241516,0.936548352241516,0.2114003784397681,MC38,-0.8240503251052389,-0.3460184051935583,Normoxic,1.0667586234643247,0.44498842125969135,0.3148046447415338,0.240206933998775
CTCAGTTTCACTGGGT_E15S,E15S,Tumor Proliferating,exiting_hypoxia,-0.0639224631706237,-0.6428026284129679,1.3199010549577883,0.9450670480728148,0.9450670480728148,0.0598932233930323,MC38,-0.0639224631706237,-0.6428026284129679,Hypoxic,1.0945826696142116,0.2955154734243792,0.33604197259368096,0.3684425539819397
GTCTTAAGTTTCGTAA_E15S,E15S,Tumor,normoxic_stable,-1.1751053647046026,-0.4053690632358123,1.7917542019040995,0.9357634782791138,0.9357634782791138,0.1414215496712899,MC38,-1.1751053647046026,-0.4053690632358123,Normoxic,1.0561679352785696,0.4631466461097878,0.3097238396762525,0.2271295142139598
TAAGGGGTCGTGAGGA_E15S,E15S,Tumor,exiting_hypoxia,1.3343881465551437,-2.3110820389995568,0.0744769562624081,0.941355049610138,0.941355049610138,0.143797330776864,MC38,1.3343881465551437,-2.3110820389995568,Hypoxic,0.3805343455645058,0.0028255163483434623,0.11728614087479562,0.879888342776861
CACTGGGTCACGGATC_E15S,E15S,Tumor Proliferating,persistent_hypoxia,0.3674949774143224,0.2396806390898771,1.46085200656059,0.9322845935821532,0.9322845935821532,0.0184592761482235,MC38,0.3674949774143224,0.2396806390898771,Hypoxic,1.0374766482077389,0.17724056075619316,0.41122617634704783,0.41153326289675907
CGTTTCACATGATAGC_E15S,E15S,Tumor,persistent_hypoxia,0.6810808062986031,-0.0742659842405368,0.597501181939578,0.979783296585083,0.979783296585083,0.3169347124740228,MC38,0.6810808062986031,-0.0742659842405368,Hypoxic,0.9719788965749119,0.12186487673050543,0.3824459702490186,0.4956891530204759
AGACTGCTCCGTAGTA_E15S,E15S,Tumor,normoxic_stable,-1.499567863516537,-0.4047169695462852,0.8339608821014742,0.9399270415306092,0.9399270415306092,0.3679308073223078,MC38,-1.499567863516537,-0.4047169695462852,Normoxic,1.0594678440845946,0.4542503019811641,0.31881796412554975,0.22693173389328608
GCGTCAACATTGCACC_E15S,E15S,Tumor,reverted_stable,-1.0391753113124105,-1.276569929886715,0.0907255629005147,0.9456439018249512,0.9456439018249512,0.1899330306492492,MC38,-1.0391753113124105,-1.276569929886715,Hypoxic,1.0965808032747366,0.34669714316733735,0.303570352943066,0.3497325038895966
CATCCCTGTAAGTCAG_E15S,E15S,Tumor,reverted_stable,-0.6783421545922407,-0.5238700760056216,0.3890821407678179,0.9418234825134276,0.9418234825134276,0.3641382401762801,MC38,-0.6783421545922407,-0.5238700760056216,Normoxic,1.0792575236681206,0.4228819957047664,0.31242037957504304,0.2646976247201905
AACGCTATCATGGCGT_E15S,E15S,Tumor,transitional,0.2481890143136991,-0.3244304085669423,-0.3223072381718206,0.9458746314048768,0.9458746314048768,0.3270344618905388,MC38,0.2481890143136991,-0.3244304085669423,Hypoxic,1.0711171637622117,0.2284205581222437,0.36555519170189393,0.4060242501758623
CTTCTGGTCTAGTCGA_E15S,E15S,Tumor,entering_hypoxia,-1.3419853329925209,0.8189722409303168,1.9626604014297837,0.937908172607422,0.937908172607422,0.2702841064380661,MC38,-1.3419853329925209,0.8189722409303168,Saddle / ICS,1.0672381543283616,0.3131596542650549,0.44491530111142963,0.24192504462351547
CAAGGCAAGTACGGCT_E15S,E15S,Tumor,exiting_hypoxia,0.5394068905794573,-0.4792817635290816,-0.2010085247274127,0.9421660900115968,0.9421660900115968,0.3571331491885972,MC38,0.5394068905794573,-0.4792817635290816,Hypoxic,1.0037081510182466,0.15238902177685168,0.35678943510804034,0.49082154311510784
CGATGGGGTTATCTCT_E15S,E15S,Hypoxic Tumor,exiting_hypoxia,1.5718314812626892,-1.8495346752493385,2.517085758114174,0.9414804577827454,0.9414804577827454,0.4991028097686163,MC38,1.5718314812626892,-1.8495346752493385,Hypoxic,0.4241391634415981,0.0036492186688277103,0.13758426755881045,0.8587665137723618
CGTGAGGGTTGGAGTA_E15S,E15S,Tumor,normoxic_stable,-1.143799164507044,0.1439605677255266,0.6008368845178879,0.9393331408500672,0.9393331408500672,0.3513664019736158,MC38,-1.143799164507044,0.1439605677255266,Normoxic,1.0595717416865968,0.43741862264788084,0.3473797653040211,0.21520161204809804
ACCCAACAGCTTAGTG_E15S,E15S,Tumor,exiting_hypoxia,0.0100418948123278,-0.7906825943326878,0.0216867609708628,0.9380497336387634,0.9380497336387634,0.1482686097924485,MC38,0.0100418948123278,-0.7906825943326878,Hypoxic,1.08408158331644,0.2642984933823317,0.33265326171628257,0.4030482449013857
CGAGCCATCACTTCCG_E15S,E15S,Tumor,entering_hypoxia,-1.442309423050896,0.8188379194439439,1.919589940379273,0.941309094429016,0.941309094429016,0.1954334548473552,MC38,-1.442309423050896,0.8188379194439439,Saddle / ICS,1.0659693358685072,0.3095542905120336,0.4484677079182235,0.24197800156974292
ACTCTGTTCCAATGCA_E15S,E15S,Tumor,entering_hypoxia,-0.0790136685420418,2.0128583354956566,1.502414434600162,0.9433905482292176,0.9433905482292176,0.132503081272534,MC38,-0.0790136685420418,2.0128583354956566,Saddle / ICS,0.8072453135972517,0.03180937723361894,0.5324090048432916,0.4357816179230895
CCCTTAACATTGCCAC_E15S,E15S,Tumor,normoxic_stable,-0.670550358621915,-0.2221934177610182,0.4780116439059648,0.9445626735687256,0.9445626735687256,0.2454419346246038,MC38,-0.670550358621915,-0.2221934177610182,Normoxic,1.0743266795081592,0.4265969000064225,0.32619703773266395,0.24720606226091366
CAAGCGGGTGACGACG_E15S,E15S,Tumor,persistent_hypoxia,0.8178205837644115,-0.2174399173673047,0.1181176548556784,0.9335683584213256,0.9335683584213256,0.1017311235708289,MC38,0.8178205837644115,-0.2174399173673047,Hypoxic,0.9270862771883801,0.09672512528920195,0.3646910535693711,0.538583821141427
GCATAGCTCATGACGC_E15S,E15S,Tumor,exiting_hypoxia,0.3345374350803566,-0.4298105782598115,0.1906497286116213,0.93988436460495,0.93988436460495,0.2661606454215819,MC38,0.3345374350803566,-0.4298105782598115,Hypoxic,1.0542647200457875,0.20420164372813038,0.3605396880729104,0.4352586681989592
CAATCCTTCCGTTGGG_E15S,E15S,Tumor,entering_deep_hypoxia,0.6352413149031375,0.6395226154422284,0.8358112032774799,0.9405193328857422,0.9405193328857422,0.172136074325048,MC38,0.6352413149031375,0.6395226154422284,Hypoxic,0.9363853501948567,0.09239631104608563,0.43517446930883846,0.4724292196450759
CATAGCGCATCAATTC_E15S,E15S,Tumor,normoxic_stable,-1.128016030229246,-0.1946871293076257,0.0053603381768298,0.944692850112915,0.944692850112915,0.3417226577019708,MC38,-1.128016030229246,-0.1946871293076257,Normoxic,1.0539898787343012,0.4614037339053719,0.3197327200119548,0.21886354608267328
TACAGCCAGTAAGGAC_E15S,E15S,Tumor,entering_hypoxia,0.0109381897373919,2.507423095355214,0.9058795724576753,0.9474318623542786,0.9474318623542786,0.1153178405620769,MC38,0.0109381897373919,2.507423095355214,Saddle / ICS,0.7359384023571146,0.00843443734600909,0.5001981457206022,0.4913674169333888
TAATGGGGTTAATCCA_E15S,E15S,Tumor,normoxic_stable,-0.6715936843414884,-0.0779242055401155,1.2431671434136515,0.9362086653709412,0.9362086653709412,0.1473245856002454,MC38,-0.6715936843414884,-0.0779242055401155,Normoxic,1.074423418809479,0.421102276564267,0.33588865102217846,0.24300907241355463
ACATCCGGTCTTGGAT_E15S,E15S,Tumor,entering_hypoxia,0.1454876015280905,1.5469883120908516,0.7885610384549894,0.943737804889679,0.943737804889679,0.1643945660222474,MC38,0.1454876015280905,1.5469883120908516,Saddle / ICS,0.8758347308666621,0.06055556504754336,0.5121193652881184,0.4273250696643383
CACCGTAGTGCATCCA_E15S,E15S,Tumor,exiting_hypoxia,1.1294555257341627,-0.6500869092172857,0.0450284848875116,0.9377383589744568,0.9377383589744568,0.1321749834347515,MC38,1.1294555257341627,-0.6500869092172857,Hypoxic,0.781879318778503,0.04597540226654288,0.30179845732710037,0.6522261404063567
GGGACACAGGAGCTTC_E15S,E15S,Tumor,entering_deep_hypoxia,0.4061975193763422,1.353586198747937,1.144710353879104,0.9366053342819214,0.9366053342819214,0.1400012914696076,MC38,0.4061975193763422,1.353586198747937,Saddle / ICS,0.8729792348690428,0.057589177517971823,0.48703749590530576,0.4553733265767225
TCGCGGATCCAGCCCT_E15S,E15S,Tumor,normoxic_stable,-1.596426552647499,-0.3141184257335543,1.7113823985734946,0.9375247359275818,0.9375247359275818,0.2972902414202901,MC38,-1.596426552647499,-0.3141184257335543,Normoxic,1.060901747921001,0.44754814321407554,0.3277396864062373,0.2247121703796871
TCCTTTGGTTCGCAAT_E15S,E15S,Tumor,entering_hypoxia,-1.164348131724097,0.5625813576793174,1.5343700681983792,0.9385303258895874,0.9385303258895874,0.2247610658267265,MC38,-1.164348131724097,0.5625813576793174,Saddle / ICS,1.0715440219668197,0.3713343342671708,0.40041102917620164,0.22825463655662748
AACGTTGTCTATGCTC_E15S,E15S,Tumor,entering_hypoxia,-0.4795159587938275,2.771504446144581,1.1944667939405798,0.9497228860855104,0.9497228860855104,0.1701769586902713,MC38,-0.4795159587938275,2.771504446144581,Saddle / ICS,0.7261451938143455,0.006376750710185655,0.5209516848580762,0.4726715644317382
CAGCGCATCAGGACGA_E15S,E15S,Tumor,persistent_hypoxia,0.4226676673866042,0.2737072625131502,-0.0218898539623648,0.9439075589179992,0.9439075589179992,0.2036312616250881,MC38,0.4226676673866042,0.2737072625131502,Hypoxic,1.023873515413757,0.16210371403695736,0.414198703018404,0.42369758294463866
GCGTGCATCCATTGAG_E15S,E15S,Tumor Proliferating,persistent_hypoxia,2.306854472304615,0.3638928252464321,0.2573674341356603,0.9358500838279724,0.9358500838279724,0.033672457195146,MC38,2.306854472304615,0.3638928252464321,Hypoxic,0.4901641518397931,0.0011132830686281631,0.18690992157278086,0.811976795358591
ACATCCTTCAGCTCGG_E15S,E15S,Tumor,reverted_stable,-0.705801724180001,-0.6053142787357755,0.0507361053359533,0.9420421719551086,0.9420421719551086,0.3832865146846556,MC38,-0.705801724180001,-0.6053142787357755,Normoxic,1.0804673376666516,0.4212673177961446,0.3093223559860799,0.26941032621777555
TACGATTAGTATGATC_E15S,E15S,Tumor,normoxic_stable,-1.613463452740938,-0.1817655325394632,-0.193566514197964,0.9418678283691406,0.9418678283691406,0.2776906071243426,MC38,-1.613463452740938,-0.1817655325394632,Normoxic,1.0602442528285432,0.4436005562439507,0.33623064666783764,0.2201687970882115
GTTCCACCACTTGATT_E15S,E15S,Tumor,persistent_hypoxia,0.9797884748988792,0.1988514289459104,0.150960688718282,0.941749632358551,0.941749632358551,0.2357753394105614,MC38,0.9797884748988792,0.1988514289459104,Hypoxic,0.8692663381116881,0.06355301022013556,0.38068417616822425,0.5557628136116401
ATTGGTTAGTAGACTT_E15S,E15S,Tumor,exiting_hypoxia,0.1219615714150875,-0.7403675235197147,0.7829688919974999,0.9385772347450256,0.9385772347450256,0.3137775632157975,MC38,0.1219615714150875,-0.7403675235197147,Hypoxic,1.0739944414062468,0.24132942483904482,0.3381361833690703,0.4205343917918849
AGGTTGCTCACCCTAT_E15S,E15S,Tumor,entering_hypoxia,-1.5044925793255646,0.6119570342209162,0.2303938541614672,0.9441098570823668,0.9441098570823668,0.3023660053878296,MC38,-1.5044925793255646,0.6119570342209162,Saddle / ICS,1.0699398571768037,0.35233447180257194,0.4181418751219322,0.2295236530754958
CGTGATGCATGCTACC_E15S,E15S,Tumor,entering_hypoxia,-1.0261588481221398,1.7859085166140558,2.4686136710545923,0.9435620903968812,0.9435620903968812,0.1029711144762894,MC38,-1.0261588481221398,1.7859085166140558,Saddle / ICS,0.9035726364765715,0.09006479452310885,0.5708319165932467,0.3391032888836446
AGGCACGGTTAGGTCT_E15S,E15S,Tumor,entering_deep_hypoxia,0.6107802580912934,1.6883223802598817,1.2983717469996574,0.9415015578269958,0.9415015578269958,0.0916625237047822,MC38,0.6107802580912934,1.6883223802598817,Hypoxic,0.7858790475808561,0.023001534714397205,0.4684160748782264,0.5085823904073764
AACACCGCAATCAGTA_E15S,E15S,Tumor Proliferating,exiting_hypoxia,0.4567985994812588,-0.9295425191836064,1.547593654752072,0.9333764910697936,0.9333764910697936,0.0200258893538049,MC38,0.4567985994812588,-0.9295425191836064,Hypoxic,0.9823504973092704,0.14475670722941983,0.32686686997281433,0.5283764227977658
CTATCGCCAAACCACG_E15S,E15S,Tumor,normoxic_stable,-1.347512031804278,0.3736121366864613,0.0709772038365903,0.9434190392494202,0.9434190392494202,0.2967659398434866,MC38,-1.347512031804278,0.3736121366864613,Normoxic,1.0657984957142874,0.404273397792972,0.3780114454958199,0.21771515671120806
ACAAGCCTCAGCTCAA_E15S,E15S,Tumor,reverted_stable,-1.4146394972350824,-0.855959051991481,-0.2167652891766837,0.9426513314247132,0.9426513314247132,0.1692059170146593,MC38,-1.4146394972350824,-0.855959051991481,Normoxic,1.079458617123585,0.4240659597175012,0.30744817593175094,0.2684858643507478
GTTGCATGTAGCTCGC_E15S,E15S,Tumor,entering_hypoxia,-0.3455325163181739,2.125099763357145,1.103993790640098,0.9409084916114808,0.9409084916114808,0.1100747417635893,MC38,-0.3455325163181739,2.125099763357145,Saddle / ICS,0.8033919428816829,0.03191006964883316,0.5497891031163177,0.4183008272348492
AGCACGTTCCCGTAGG_E15S,E15S,Tumor,normoxic_stable,-1.1961858276707298,0.2081958648548086,1.4972831311381571,0.9407222270965576,0.9407222270965576,0.2552117646401643,MC38,-1.1961858276707298,0.2081958648548086,Normoxic,1.0609441697224267,0.4303211326876622,0.35474408529325374,0.21493478201908411
CCTTCGATCGCTAGTA_E15S,E15S,Tumor,entering_hypoxia,-0.1514269435165135,2.90986718616455,-0.0579186982132309,0.9203346371650696,0.9203346371650696,0.2399583224837938,MC38,-0.1514269435165135,2.90986718616455,Hypoxic,0.7111879204902658,0.0030914098211117986,0.4788818113545528,0.5180267788243355
ACCCTCATCGATGATT_E15S,E15S,Tumor,entering_hypoxia,-0.5171713577709052,0.6800348145489282,1.4593309123237084,0.9383826851844788,0.9383826851844788,0.1799534264337019,MC38,-0.5171713577709052,0.6800348145489282,Saddle / ICS,1.0789743248093462,0.2955100468243804,0.42784564371151235,0.2766443094641071
TCGCAATGTTGTAGCT_E15S,E15S,Tumor,entering_hypoxia,-0.4256796903772488,0.6814357318230447,0.5103909450858426,0.9373674392700196,0.9373674392700196,0.0651905493810913,MC38,-0.4256796903772488,0.6814357318230447,Saddle / ICS,1.0778041213185037,0.28165076765860836,0.4314004570617273,0.2869487752796644
ATGATGTTCTAGTGAT_E15S,E15S,Tumor,entering_hypoxia,0.0605925575335047,0.4173794000729092,0.5880915276068546,0.943076491355896,0.943076491355896,0.1319256344710397,MC38,0.0605925575335047,0.4173794000729092,Saddle / ICS,1.0698616329847122,0.23016020541469437,0.4201037553711292,0.34973603921417645
TCCCTGATCATGTCGA_E15S,E15S,Tumor,entering_deep_hypoxia,1.6553052343542285,0.8001624908574158,0.1281516119396982,0.9375008344650269,0.9375008344650269,0.0950325698726858,MC38,1.6553052343542285,0.8001624908574158,Hypoxic,0.6569308781753342,0.007184942728113916,0.3073434479991474,0.6854716092727388
TCTATTGTCATCTACC_E15S,E15S,Tumor,persistent_hypoxia,0.5804065672814257,0.0150548617589575,0.8412990246069543,0.943006157875061,0.943006157875061,0.3591040151058084,MC38,0.5804065672814257,0.0150548617589575,Hypoxic,0.9989456589239879,0.14099850551158022,0.3922160745990416,0.466785419889378
CTACTCACATAACGAC_E15S,E15S,Tumor,exiting_hypoxia,-0.3877152504755453,-0.9321631527168064,1.2086994487342375,0.9413418173789978,0.9413418173789978,0.3512270734525916,MC38,-0.3877152504755453,-0.9321631527168064,Hypoxic,1.0975954910023462,0.3341879829342027,0.31452723335476973,0.35128478371102756
ACAACCTGTGCAACCC_E15S,E15S,Tumor,normoxic_stable,-0.7431610334869915,0.2441087319680964,2.7648516550001614,0.9382094144821168,0.9382094144821168,0.1167984570088751,MC38,-0.7431610334869915,0.2441087319680964,Normoxic,1.0758187461521913,0.3992436970894077,0.3633444353642336,0.23741186754635868
GCGGTTACAATGACGT_E15S,E15S,Tumor,transitional,0.1117670991627251,0.3937685282340296,0.3776269126740726,0.9542428851127625,0.9542428851127625,0.1873819463418849,MC38,0.1117670991627251,0.3937685282340296,Saddle / ICS,1.0660521299233703,0.22149389614413775,0.41954306604074276,0.3589630378151195
CTCTATATCTGGCAAC_E15S,E15S,Tumor,reverted_stable,-1.023667904567462,-0.4868540583596102,0.5296058371865529,0.9406285285949708,0.9406285285949708,0.32822549299424,MC38,-1.023667904567462,-0.4868540583596102,Normoxic,1.0619915742574908,0.45592806082174525,0.3065386131176285,0.2375333260606263
GTAAAGGCATCCCGAT_E15S,E15S,Tumor,entering_hypoxia,-0.0490868824232246,1.1267898105790188,2.484019603395511,0.9385465979576112,0.9385465979576112,0.1267363570375896,MC38,-0.0490868824232246,1.1267898105790188,Saddle / ICS,0.9908130467523701,0.13892619383396895,0.49283870139067687,0.3682351047753541
TCATCATCACAAGCTG_E15S,E15S,Tumor,exiting_hypoxia,-0.3277417647679556,-0.4905925241408041,1.5975546207665814,0.934735894203186,0.934735894203186,0.1924189868462304,MC38,-0.3277417647679556,-0.4905925241408041,Normoxic,1.0959979931708006,0.3647550042499904,0.32924468675609964,0.30600030899391
AAGTGGACAATACAGC_E15S,E15S,Tumor,exiting_hypoxia,-0.1396786561915764,-0.6184339151912774,0.5432380171286035,0.9378445744514464,0.9378445744514464,0.0897535011044985,MC38,-0.1396786561915764,-0.6184339151912774,Hypoxic,1.0976676565172605,0.31546003494097635,0.33360930846463643,0.35093065659438716
GGATGCTTCGTCTATC_E15S,E15S,Tumor,transitional,-0.2542970707904553,0.3966997815897961,0.3796556224402893,0.935839295387268,0.935839295387268,0.1155088397353818,MC38,-0.2542970707904553,0.3966997815897961,Saddle / ICS,1.0879385151945407,0.3002900266485918,0.40322469458052035,0.2964852787708879
GGTTAGCTCGCTCGTC_E15S,E15S,Tumor,normoxic_stable,-0.7805316853075234,-0.0154540847483539,1.6260120815722574,0.9325428605079652,0.9325428605079652,0.1428174685142211,MC38,-0.7805316853075234,-0.0154540847483539,Normoxic,1.0689150498257574,0.42990539126541666,0.3370288108267127,0.2330657979078706
CCCAACCTCTATGACG_E15S,E15S,Tumor,entering_hypoxia,-1.2486580565404215,0.5197931595341748,-0.2013463545482595,0.9459927678108216,0.9459927678108216,0.2572625407925989,MC38,-1.2486580565404215,0.5197931595341748,Saddle / ICS,1.0699264682089686,0.37996250496299,0.3955330799133772,0.22450441512363273
ACCAATTAGCGGTCTG_E15S,E15S,Tumor,normoxic_stable,-1.316993514912089,-0.2679636879732036,0.8433722487300087,0.9548966884613036,0.9548966884613036,0.4078261755232945,MC38,-1.316993514912089,-0.2679636879732036,Normoxic,1.05328143932825,0.46296296306901646,0.31851995805241856,0.21851707887856509
TCTGTGAAGTACCATG_E15S,E15S,Tumor Proliferating,entering_hypoxia,-0.6937802914404658,1.0734794114871309,1.97837398316922,0.9449815154075624,0.9449815154075624,0.1102427738979545,MC38,-0.6937802914404658,1.0734794114871309,Saddle / ICS,1.0476544753467756,0.22770334931404626,0.48220443039609445,0.2900922202898593
GTTCATTCATCCAATT_E15S,E15S,Tumor,entering_hypoxia,-1.45260929833605,0.4193778117628144,1.2206611999615269,0.9399753212928772,0.9399753212928772,0.3103992143066452,MC38,-1.45260929833605,0.4193778117628144,Normoxic,1.067478568627616,0.3921420865768322,0.3879855476509056,0.21987236577226235
TCGAATGTCCATTGAG_E15S,E15S,Tumor,entering_hypoxia,-0.6977435989773128,1.0200656862568085,0.0828163556138614,0.9444150924682616,0.9444150924682616,0.1900747732937015,MC38,-0.6977435989773128,1.0200656862568085,Saddle / ICS,1.0544611275082962,0.24074944800564543,0.4740868905188618,0.2851636614754927
TCGTCAAAGGAGTAGT_E15S,E15S,Tumor,entering_hypoxia,0.1337360026873246,0.4693928411244046,0.3649013623128417,0.939205288887024,0.939205288887024,0.114511613087348,MC38,0.1337360026873246,0.4693928411244046,Saddle / ICS,1.0574029067871702,0.2074215892274952,0.4276915000558625,0.3648869107166423
AATCGCATCCCTCGAC_E15S,E15S,Tumor,normoxic_stable,-0.6874865993082679,-0.3093891041771182,1.3015643953298257,0.942204773426056,0.942204773426056,0.3263346723343927,MC38,-0.6874865993082679,-0.3093891041771182,Normoxic,1.0740490043988997,0.4297485652063997,0.3207517979613017,0.24949963683229867
CCGCCTTAGTCAGTAT_E15S,E15S,Tumor,exiting_hypoxia,1.4477558552501684,-0.863069643033851,0.369009298945784,0.9328318238258362,0.9328318238258362,0.1003841831315865,MC38,1.4477558552501684,-0.863069643033851,Hypoxic,0.6392912588696705,0.017940125596187045,0.24292296549797227,0.7391369089058407
ACCTGGACATGACCAG_E15S,E15S,Tumor,persistent_hypoxia,1.052547860460202,0.2175187769091918,0.5593182907982172,0.9433781504631042,0.9433781504631042,0.3619569058588774,MC38,1.052547860460202,0.2175187769091918,Hypoxic,0.844704690233641,0.053848928218977514,0.37421311615163405,0.5719379556293884
CGGTTATGTTAGGGTA_E15S,E15S,Tumor,transitional,-0.2675919986605808,0.1480614036742222,0.8221277187558116,0.9347272515296936,0.9347272515296936,0.1497227906001361,MC38,-0.2675919986605808,0.1480614036742222,Saddle / ICS,1.0930496106831957,0.3336447022080768,0.37616746989990374,0.2901878278920195
CAATTTCCACTAGGCA_E15S,E15S,Tumor,entering_deep_hypoxia,1.586911143345623,1.8761163027929275,1.2494990846789855,0.933229386806488,0.933229386806488,0.1022225387321483,MC38,1.586911143345623,1.8761163027929275,Hypoxic,0.6285123535629396,0.0015466919659947254,0.3080447785047206,0.6904085295292847
GTGGTAAGTAAGCGAC_E15S,E15S,Tumor,reverted_stable,-1.70535642731126,-0.4088728335280017,0.7311094499763507,0.9417552947998048,0.9417552947998048,0.3785448365045406,MC38,-1.70535642731126,-0.4088728335280017,Normoxic,1.0679111619193018,0.4354527636721474,0.3302510746767086,0.23429616165114397
ACTTCTATCCATAGAT_E15S,E15S,Tumor,reverted_stable,-1.0323492987289995,-0.5966408524893383,0.3119429058398055,0.9404368996620178,0.9404368996620178,0.3537934844824849,MC38,-1.0323492987289995,-0.5966408524893383,Normoxic,1.066272909373282,0.4501389510204593,0.3037587346897845,0.24610231428975626
GCGATGAAGAAGGTTA_E15S,E15S,Tumor,transitional,0.2228054373029325,0.2906656507840949,1.804564211590139,0.9319093823432922,0.9319093823432922,0.0877233654941836,MC38,0.2228054373029325,0.2906656507840949,Saddle / ICS,1.0587657306168095,0.20674385822386349,0.4131444836236439,0.38011165815249254
TGCTCCGCAACGGTAT_E15S,E15S,Tumor,persistent_hypoxia,1.4168790630969037,-0.071527912223794,1.2944807089222834,0.931061863899231,0.931061863899231,0.0429507415030476,MC38,1.4168790630969037,-0.071527912223794,Hypoxic,0.7222464843119998,0.02401281697997355,0.3085915130840465,0.66739566993598
AGCCGTTAGGCGTCTG_E15S,E15S,Tumor,entering_hypoxia,-1.001063400944487,0.9876525830646438,-0.0031289711019909,0.944238305091858,0.944238305091858,0.2052249936701438,MC38,-1.001063400944487,0.9876525830646438,Saddle / ICS,1.060142271643267,0.26891671131192235,0.4674390463488089,0.2636442423392689
GCGTTTGGTTAATCTG_E15S,E15S,Tumor,normoxic_stable,-1.2816688804778809,0.0376209268827634,1.6541733156560954,0.9314255118370056,0.9314255118370056,0.1236549499550978,MC38,-1.2816688804778809,0.0376209268827634,Normoxic,1.0555084817724194,0.4482469316751087,0.3393133517904171,0.21243971653447427
AGGCGGACATCCACTA_E15S,E15S,Tumor,entering_deep_hypoxia,0.7502339282492204,0.4076975846364992,1.3561275957305186,0.9398228526115416,0.9398228526115416,0.3434305439943714,MC38,0.7502339282492204,0.4076975846364992,Hypoxic,0.928331750098947,0.08936360568793104,0.4130137398134614,0.49762265449860765
AATGACAAGAATCGCC_E15S,E15S,Tumor,entering_hypoxia,-0.4786717789444246,0.5249106737880838,0.5296891573918565,0.9429614543914796,0.9429614543914796,0.2894597424612835,MC38,-0.4786717789444246,0.5249106737880838,Saddle / ICS,1.0845384046545616,0.31936212137644915,0.4082012942848491,0.27243658433870177
TACAGCCAGCCCGTAG_E15S,E15S,Tumor,entering_hypoxia,-0.4422292995186734,1.63286106347242,0.5681531781901665,0.9461159706115724,0.9461159706115724,0.1927345293517726,MC38,-0.4422292995186734,1.63286106347242,Saddle / ICS,0.9191516425360884,0.09235102592259163,0.5437230711251875,0.36392590295222094
AAGCAATGTCAACCTG_E15S,E15S,Tumor,entering_hypoxia,-0.9361510270042172,2.2668330078035237,1.4596844387998864,0.9480090737342834,0.9480090737342834,0.1645375205680357,MC38,-0.9361510270042172,2.2668330078035237,Saddle / ICS,0.7930583904836066,0.03154457680014451,0.5780513496553874,0.3904040735444681
GTCGGTTAGGTACGGA_E15S,E15S,Tumor,normoxic_stable,-0.6116143202485479,0.2946738338605664,0.4244353578546658,0.9309061169624328,0.9309061169624328,0.0578110766965325,MC38,-0.6116143202485479,0.2946738338605664,Normoxic,1.0822257960076456,0.3759769891746972,0.37394150910458585,0.2500815017207169
GTATTGGTCGTTCCTG_E15S,E15S,Tumor Proliferating,persistent_hypoxia,0.7728733717951538,-0.3543889583764205,0.3693326190478823,0.9339451193809508,0.9339451193809508,0.0642790251418967,MC38,0.7728733717951538,-0.3543889583764205,Hypoxic,0.9375128164683459,0.10474845157524625,0.35713239336397234,0.5381191550607813
GGAATCTCAAGTGAGA_E15S,E15S,Tumor,transitional,-0.4128947740665898,-0.2592305384679031,0.7844793179563797,0.9456987977027892,0.9456987977027892,0.3934252051313846,MC38,-0.4128947740665898,-0.2592305384679031,Normoxic,1.089862543436541,0.3856592328175998,0.3361217908601509,0.27821897632224923
AAAGTAGTCTAGCTGA_E15S,E15S,Tumor,transitional,-0.1788913088298065,0.1465463214486619,0.7854606824236018,0.9484913349151612,0.9484913349151612,0.3920032886867195,MC38,-0.1788913088298065,0.1465463214486619,Saddle / ICS,1.0934838719220785,0.31477207932062795,0.3811595441049812,0.30406837657439073
TGCCTTTAGTTACGGC_E15S,E15S,Tumor,transitional,-0.3842513261334708,-0.2570210362537901,1.4793350084582346,0.9340722560882568,0.9340722560882568,0.1552999528445788,MC38,-0.3842513261334708,-0.2570210362537901,Normoxic,1.0912761674270142,0.38013701262337735,0.33781108748821803,0.28205189988840457
ACGTCCCTCGTTCCTG_E15S,E15S,Tumor,reverted_stable,-1.696520700755077,-1.0155973761999535,-0.2854438016395948,0.9403240084648132,0.9403240084648132,0.2082488495198894,MC38,-1.696520700755077,-1.0155973761999535,Normoxic,1.093864576625516,0.3782265292428675,0.3206267063782307,0.3011467643789018
AATGAACGTTTGGAGA_E15S,E15S,Tumor,normoxic_stable,-0.4452013227094137,0.269633881011824,0.63471381367068,0.9435596466064452,0.9435596466064452,0.3022132846129973,MC38,-0.4452013227094137,0.269633881011824,Saddle / ICS,1.0880823727769364,0.3534821834940405,0.3789004517974357,0.26761736470852376
CTTATGGAGGAATGGT_E15S,E15S,Tumor,persistent_hypoxia,0.6107311571812296,0.0843707859905637,0.6652558534881777,0.9440306425094604,0.9440306425094604,0.2912873300379501,MC38,0.6107311571812296,0.0843707859905637,Hypoxic,0.9883475069757943,0.13180072780444363,0.39663196948496166,0.4715673027105948
GGCCTAACATCCTATG_E15S,E15S,Tumor,normoxic_stable,-0.8625318926403314,-0.2204729515271612,1.152175572338409,0.938664734363556,0.938664734363556,0.2571936427380333,MC38,-0.8625318926403314,-0.2204729515271612,Normoxic,1.0634293841803568,0.4475832565919167,0.32045542491665896,0.23196131849142426
TGTCCGGAGTTACCCT_E15S,E15S,Tumor,exiting_hypoxia,1.28978673511523,-1.729613704552881,-0.0773175697214808,0.9402754306793212,0.9402754306793212,0.1078566730694943,MC38,1.28978673511523,-1.729613704552881,Hypoxic,0.5227328405794133,0.010159712929319765,0.1777722458954907,0.8120680411751895
GTGTGTTGTAAGCGGT_E15S,E15S,Tumor,normoxic_stable,-1.9040567982154528,0.1513279218529941,-0.0511963320038567,0.9437822103500366,0.9437822103500366,0.3594525518452227,MC38,-1.9040567982154528,0.1513279218529941,Saddle / ICS,1.073533358868901,0.3826625471182547,0.3862788531398022,0.23105859974194315
CTCGGTTCAAAGGAGC_E15S,E15S,Tumor,normoxic_stable,-0.5520143826756897,0.3470624385915959,1.7091551229951334,0.9344295263290404,0.9344295263290404,0.1495146858295294,MC38,-0.5520143826756897,0.3470624385915959,Saddle / ICS,1.0847496875896556,0.3598259327772526,0.38263926820650973,0.2575347990162376
CAGCACTAGGTGGAGC_E15S,E15S,Tumor,exiting_hypoxia,2.3094102763316395,-1.3265189067682075,-0.0629284334968585,0.9432435035705566,0.9432435035705566,0.1060022220115873,MC38,2.3094102763316395,-1.3265189067682075,Hypoxic,0.33868947386960147,0.0006239119030665853,0.10388210734655758,0.8954939807503758
ACATGCATCACTTGAG_E15S,E15S,Tumor,entering_hypoxia,-0.9559526133088502,0.8997947994993107,-0.0252596951279217,0.9401897192001344,0.9401897192001344,0.2150643868224727,MC38,-0.9559526133088502,0.8997947994993107,Saddle / ICS,1.0670758934314066,0.2885100204712508,0.4529537933250069,0.2585361862037423
TGCCGTGAGTATGAAG_E15S,E15S,Tumor,persistent_hypoxia,0.5198699129421702,-0.241509270719412,0.7770104712120569,0.9412398338317872,0.9412398338317872,0.341696758396863,MC38,0.5198699129421702,-0.241509270719412,Hypoxic,1.0169414132171748,0.16004270371674717,0.3741388372844628,0.46581845899879
TGAGTCTGTTTGCAGT_E15S,E15S,Tumor,normoxic_stable,-1.6785058106664912,-0.3229276079744,-0.0664939936672352,0.943353533744812,0.943353533744812,0.3340828144104191,MC38,-1.6785058106664912,-0.3229276079744,Normoxic,1.064654926321857,0.43940514398814073,0.3323039162598877,0.22829093975197162
TGTAACCGTGGGAACT_E15S,E15S,Tumor,entering_hypoxia,-0.1394803057968121,0.4794099463197395,1.468635513606611,0.9348670840263368,0.9348670840263368,0.0064801806801766,MC38,-0.1394803057968121,0.4794099463197395,Saddle / ICS,1.080586081561615,0.26478548510491806,0.41835788938903923,0.3168566255060427
CAATCCGGTCATGATC_E15S,E15S,Tumor,entering_hypoxia,-0.8307620332098179,0.9258934684575568,0.7012505991978665,0.9347394704818726,0.9347394704818726,0.0849484772677182,MC38,-0.8307620332098179,0.9258934684575568,Saddle / ICS,1.0653198394123011,0.274354932769191,0.4578871573704293,0.2677579098603797
AGCCTCAGTGCAACGG_E15S,E15S,Tumor,transitional,-0.2321888599530068,-0.3949629521549632,-0.0983401136075339,0.9446288347244264,0.9446288347244264,0.2531284435345226,MC38,-0.2321888599530068,-0.3949629521549632,Normoxic,1.0976915559943314,0.3474157477943704,0.33877367997135854,0.31381057223427106
GGCTGAAAGCTATGTG_E15S,E15S,Tumor,reverted_stable,-1.0723088951493942,-0.508238468442127,2.561937043840259,0.934947669506073,0.934947669506073,0.2251748530112791,MC38,-1.0723088951493942,-0.508238468442127,Normoxic,1.0614435695394444,0.45704926516119815,0.3058107975137244,0.23713993732507752
GCGACAGGTTTCCTCA_E15S,E15S,Tumor Proliferating,transitional,-0.1697775369338394,-0.1269014324093539,2.209329532033063,0.9347178339958192,0.9347178339958192,0.0428635316580565,MC38,-0.1697775369338394,-0.1269014324093539,Saddle / ICS,1.096820831816127,0.3310980167871974,0.3588407820429243,0.3100612011698783
CTCTAGAAGAATCGAA_E15S,E15S,Tumor,entering_hypoxia,-0.6493484077544767,0.6853641123378077,0.4912110751735591,0.9396454095840454,0.9396454095840454,0.2563188304800625,MC38,-0.6493484077544767,0.6853641123378077,Saddle / ICS,1.0787291072609761,0.3115357520689366,0.4243138112683304,0.264150436662733
TGCTATAGTCTAATCA_E15S,E15S,Tumor,entering_hypoxia,-1.6245950394974014,0.6458059088686784,0.0588608209228862,0.9461649656295776,0.9461649656295776,0.2503494740988249,MC38,-1.6245950394974014,0.6458059088686784,Saddle / ICS,1.0692867332484726,0.3362169891541028,0.42978270826036613,0.2340003025855311
CTCAGTAAGGTAGTCC_E15S,E15S,Tumor,entering_hypoxia,0.149989326466629,2.8398455352365595,1.137831313977974,0.9477475881576538,0.9477475881576538,0.1683890698191113,MC38,0.149989326466629,2.8398455352365595,Hypoxic,0.7058276295946335,0.002656756402588958,0.4546706342787733,0.5426726093186378
TCGCAATGTGAGATCA_E15S,E15S,Tumor,entering_hypoxia,0.0802491030028716,2.4794502565406424,1.8575713435986805,0.9432510733604432,0.9432510733604432,0.1335587969565158,MC38,0.0802491030028716,2.4794502565406424,Hypoxic,0.7356127341472602,0.008345235433278607,0.49508157500329614,0.4965731895634252
GCCATAATCAGCACGT_E15S,E15S,Tumor,transitional,-0.1028768251985689,0.2621316415691372,1.6119976363376434,0.9361881017684937,0.9361881017684937,0.1578552688648392,MC38,-0.1028768251985689,0.2621316415691372,Saddle / ICS,1.0889768305310514,0.28569430653745426,0.39672437148496514,0.3175813219775805
TAAGGATGTGCGGCTT_E15S,E15S,Tumor,transitional,-0.1266357567866841,-0.3949099924179319,-0.3401037656868867,0.9435677528381348,0.9435677528381348,0.2732313586372581,MC38,-0.1266357567866841,-0.3949099924179319,Saddle / ICS,1.0982603623939684,0.32297319814984443,0.34459172289252,0.3324350789576356
ATCTATGGTAAGCTCT_E15S,E15S,Tumor,entering_deep_hypoxia,0.9105990813028976,0.621745743017578,1.7104574003799278,0.93654066324234,0.93654066324234,0.1053897576529848,MC38,0.9105990813028976,0.621745743017578,Hypoxic,0.862543487096285,0.056056555807470966,0.41167436345408853,0.5322690807384405
GCTAGGTTCGTGAACC_E15S,E15S,Tumor,reverted_stable,-1.232270640513871,-0.5025811081549909,0.2220195409558918,0.945265531539917,0.945265531539917,0.2374576080767217,MC38,-1.232270640513871,-0.5025811081549909,Normoxic,1.0589774325181416,0.4601383454991543,0.30730724603869236,0.2325544084621534
TCGTCACCATCATCAT_E15S,E15S,Tumor,normoxic_stable,-0.7099577273742989,-0.1656392794528216,0.8416911127069807,0.9365007877349854,0.9365007877349854,0.1971530046653971,MC38,-0.7099577273742989,-0.1656392794528216,Normoxic,1.0718118551883498,0.43000065150046424,0.32827540220216994,0.24172394629736574
AGCAATTTCCCGGCTT_E15S,E15S,Tumor,normoxic_stable,-1.0366960762407895,0.205014956536331,0.7531660574794939,0.9484792351722716,0.9484792351722716,0.4183387525779513,MC38,-1.0366960762407895,0.205014956536331,Normoxic,1.0638293479524688,0.4268906913893006,0.3536117157466074,0.21949759286409198
CACCAACAGTCATCGA_E15S,E15S,Tumor,normoxic_stable,-0.4615743058131766,-0.1006500503387749,0.4735723154429945,0.9862567186355592,0.9862567186355592,0.296092099976872,MC38,-0.4615743058131766,-0.1006500503387749,Normoxic,1.0866175717647037,0.3898875444886378,0.3439716393333118,0.2661408161780504
TCTATCGCACTCATAT_E15S,E15S,Tumor,entering_hypoxia,-0.00679727500136,0.4548259848555969,2.5370269769112213,0.9318453669548036,0.9318453669548036,0.1282487716034235,MC38,-0.00679727500136,0.4548259848555969,Saddle / ICS,1.0734039369205515,0.24014984967316397,0.4213998054320748,0.3384503448947613
GGAATGGTCCCTGACC_E15S,E15S,Tumor,entering_deep_hypoxia,1.1073220502928351,2.2680841363945325,-0.1722460391129784,0.9348703026771544,0.9348703026771544,0.141948841896832,MC38,1.1073220502928351,2.2680841363945325,Hypoxic,0.673173667058395,0.0022030622595752406,0.369167850863043,0.6286290868773817
CAAGTAAAGCTTACGA_E15S,E15S,Tumor,entering_hypoxia,-1.4525773763908711,1.0559145532547063,0.0835569842884541,0.9446679353713988,0.9446679353713988,0.2372812106337906,MC38,-1.4525773763908711,1.0559145532547063,Saddle / ICS,1.0473641411042933,0.2508774004820746,0.48845297077811395,0.26066962873981137
TACGAACCAACGTGAT_E15S,E15S,Tumor,reverted_stable,-1.0002746883498534,-0.9055560195800242,0.0828774770304565,0.9404840469360352,0.9404840469360352,0.2742273500148659,MC38,-1.0002746883498534,-0.9055560195800242,Normoxic,1.0839209206557152,0.4148344154299966,0.30121657021656567,0.2839490143534378
TGCTACTTCCTGTATC_E15S,E15S,Tumor,normoxic_stable,-1.3401123925019904,-0.3150465967631604,0.9635214680477188,0.9483161568641664,0.9483161568641664,0.416537888698662,MC38,-1.3401123925019904,-0.3150465967631604,Normoxic,1.0541193250311436,0.46270103804568957,0.31678121098145834,0.22051775097285212
CTAGGTTGTTAGCCGC_E15S,E15S,Tumor,transitional,-0.071400097184555,0.3586027668975434,0.5947596758469144,0.931342601776123,0.931342601776123,0.0732956057338297,MC38,-0.071400097184555,0.3586027668975434,Saddle / ICS,1.0835584014426094,0.26703737058869764,0.408300522938818,0.3246621064724843
GGCACCATCAGCTAAT_E15S,E15S,Tumor,normoxic_stable,-0.7612042074279636,-0.1892606887956832,0.7418901201044649,0.9404200315475464,0.9404200315475464,0.191466711482804,MC38,-0.7612042074279636,-0.1892606887956832,Normoxic,1.0688175775166882,0.4367518486499896,0.32504468690064714,0.23820346444936333
CTTACATCATAGGGTT_E15S,E15S,Tumor,transitional,-0.1611471269004998,-0.1713425696256832,1.641790307999844,0.9410027861595154,0.9410027861595154,0.2622257318939541,MC38,-0.1611471269004998,-0.1713425696256832,Saddle / ICS,1.0972148053964437,0.330555570940984,0.3562078366109447,0.3132365924480713
GTCCATAAGTCATGCA_E15S,E15S,Tumor,normoxic_stable,-1.891586477179261,-0.3974483000129031,0.6125510834419376,0.9424921870231628,0.9424921870231628,0.3836677018896229,MC38,-1.891586477179261,-0.3974483000129031,Normoxic,1.0771753106868291,0.4103119918570319,0.3448936028078609,0.24479440533510716
CCTGGCAAGTACGCTA_E15S,E15S,Tumor,entering_hypoxia,-1.2207954299842472,0.8988280754601644,1.7262209771955388,0.9380031824111938,0.9380031824111938,0.168108844188832,MC38,-1.2207954299842472,0.8988280754601644,Saddle / ICS,1.0648237071963491,0.2954150917874253,0.4551729453891982,0.2494119628233765
TAACTGACATGGATGT_E15S,E15S,Tumor,entering_deep_hypoxia,0.6458152721290468,1.719113694192966,1.9782575215765088,0.9354159235954284,0.9354159235954284,0.1247303348634008,MC38,0.6458152721290468,1.719113694192966,Hypoxic,0.7769688743943675,0.020332604173436065,0.4635077518394127,0.5161596439871513
ACATGGCTCCCCTTGA_E15S,E15S,Tumor,normoxic_stable,-0.9034635727145174,-0.0794580028659249,0.4156846218842593,0.9420032501220704,0.9420032501220704,0.368730502381663,MC38,-0.9034635727145174,-0.0794580028659249,Normoxic,1.062014215419867,0.4452071808414979,0.329036066659184,0.2257567524993181
GTGCGATTCGTCTATC_E15S,E15S,Tumor,entering_hypoxia,-0.8586153936211635,0.8587961636356306,-0.1334486800235972,0.9440417885780334,0.9440417885780334,0.2614197772830123,MC38,-0.8586153936211635,0.8587961636356306,Saddle / ICS,1.0699782675915452,0.2924055947741205,0.4468799486872504,0.26071445653862907
CAAAGGGTCGATGCGT_E15S,E15S,Tumor,normoxic_stable,-1.7310575197282576,-0.1166609692564139,-0.0547828224011129,0.9421658515930176,0.9421658515930176,0.2050448944325017,MC38,-1.7310575197282576,-0.1166609692564139,Normoxic,1.0653150568979328,0.4282560400440499,0.3484383227509257,0.22330563720502444
GGCTAATCATCACACC_E15S,E15S,Tumor,entering_hypoxia,-0.0190243648187046,1.9409749965243788,1.2253334354437089,0.945259153842926,0.945259153842926,0.1511929404702228,MC38,-0.0190243648187046,1.9409749965243788,Saddle / ICS,0.8155568364381773,0.03474795704425285,0.528581291083978,0.4366707518717692
TGGAGCGGTTGAGGTA_E15S,E15S,Tumor,entering_deep_hypoxia,1.0800428909691902,0.6758378866491107,0.2987032001206802,0.9315606355667114,0.9315606355667114,0.1101797165074146,MC38,1.0800428909691902,0.6758378866491107,Hypoxic,0.8101125045231028,0.03708257177923153,0.39423398833434076,0.5686834398864277
TGGTTCCCACCATGTC_E15S,E15S,Tumor,transitional,0.0366786480211816,-0.1365957435120911,0.0047637250936256,0.9604016542434692,0.9604016542434692,0.2653021082832448,MC38,0.0366786480211816,-0.1365957435120911,Saddle / ICS,1.092028506803222,0.2812388526954927,0.3697340893526821,0.34902705795182526
GTAAACTTCACGTGCG_E15S,E15S,Tumor,normoxic_stable,-1.2634437586925351,-0.3179048938524499,-0.0315873854882242,0.9409933686256408,0.9409933686256408,0.3000169958173628,MC38,-1.2634437586925351,-0.3179048938524499,Normoxic,1.0537453156862304,0.4641686590001748,0.314785520398735,0.2210458206010902
ACCTCCGCATCCTGAC_E15S,E15S,Tumor,entering_hypoxia,-0.5141508791996641,0.5179733832302517,0.520045536287404,0.9423069953918456,0.9423069953918456,0.3432629961178586,MC38,-0.5141508791996641,0.5179733832302517,Saddle / ICS,1.084347380461817,0.3260278730921545,0.4057830157947393,0.26818911111310617
GTGCCTAGTATAGCCT_E15S,E15S,Tumor,entering_hypoxia,-1.571514465092457,0.8383429937788118,0.1176466890480752,0.943099558353424,0.943099558353424,0.1846843420601162,MC38,-1.571514465092457,0.8383429937788118,Saddle / ICS,1.0629772952856222,0.2973398455451595,0.4576154466892364,0.24504470776560391
AGCAAATGTTGGCTTG_E15S,E15S,Tumor,reverted_stable,-1.47178676302369,-0.413903585328004,-0.2877109086077659,0.9421579241752625,0.9421579241752625,0.3830647071113512,MC38,-1.47178676302369,-0.413903585328004,Normoxic,1.058917891179896,0.45580345668158484,0.31724585801293764,0.22695068530547746
AGCCCCAAGTGGCTAC_E15S,E15S,Tumor,entering_hypoxia,-0.2419614023923311,0.7821054259733043,0.955239392218761,0.9337846040725708,0.9337846040725708,0.0616311320593514,MC38,-0.2419614023923311,0.7821054259733043,Saddle / ICS,1.062208983592492,0.23204634651949962,0.4512096170665648,0.3167440364139356
GTTAGAGGTAGGTTAG_E15S,E15S,Tumor,reverted_stable,-1.1715382801637495,-0.8012944419880288,0.9334511911282553,0.94395911693573,0.94395911693573,0.3869489201137815,MC38,-1.1715382801637495,-0.8012944419880288,Normoxic,1.075064446869,0.43477686842925056,0.3020142936989345,0.26320883787181504
TGAGGCAAGGTTCGGT_E15S,E15S,Tumor,reverted_stable,-0.7105930834929971,-0.4577091045709513,0.1571788001255903,0.9403790235519408,0.9403790235519408,0.2369163276634813,MC38,-0.7105930834929971,-0.4577091045709513,Normoxic,1.0755611904768738,0.4299704473134454,0.31354042269895727,0.2564891299875973
CTACTTGCAACGGCTA_E15S,E15S,Tumor,normoxic_stable,-0.7748399088294986,-0.1212025503529284,1.6679290021836564,0.934605836868286,0.934605836868286,0.1450565238695965,MC38,-0.7748399088294986,-0.1212025503529284,Normoxic,1.068186464172891,0.43561405171281703,0.3291468578549135,0.23523909043226943
ACGGGATGTAAGCTGA_E15S,E15S,Tumor,entering_hypoxia,-1.2064180697561626,2.1381840282108366,1.898908184877825,0.9451087117195128,0.9451087117195128,0.1323007021839087,MC38,-1.2064180697561626,2.1381840282108366,Saddle / ICS,0.8180082230825427,0.04429247778550134,0.5883675709366717,0.367339951277827
CAGTAGTCATGGTCCT_E15S,E15S,Tumor,normoxic_stable,-1.0003418996680495,-0.0324616833637673,0.1115544263489727,0.9415262341499328,0.9415262341499328,0.3574754591270158,MC38,-1.0003418996680495,-0.0324616833637673,Normoxic,1.0588359650216557,0.44845084622240733,0.33138663528098483,0.22016251849660776
TATGTTGGTCTGGCAC_E15S,E15S,Tumor,entering_hypoxia,-1.1067784507045515,0.7257832395103028,0.3513373549980566,0.9360097646713256,0.9360097646713256,0.1532625645411494,MC38,-1.1067784507045515,0.7257832395103028,Saddle / ICS,1.0723938558096169,0.3352940189948381,0.42506649511841066,0.23963948588675127
GGCATAGAGTGAGTAA_E15S,E15S,Tumor,persistent_hypoxia,1.0468429954890703,0.0069382435123228,0.391891231779829,0.9415250420570374,0.9415250420570374,0.2471616837794535,MC38,1.0468429954890703,0.0069382435123228,Hypoxic,0.8501119871520633,0.05867154598866665,0.3612622669761145,0.5800661870352188
GGTACGAAGGTGGCAA_E15S,E15S,Tumor,entering_hypoxia,-0.7732727612841392,1.110451591093997,0.3312537948277799,0.939477562904358,0.939477562904358,0.2269325211693517,MC38,-0.7732727612841392,1.110451591093997,Saddle / ICS,1.0444602634990385,0.22531036429071424,0.48724932883696614,0.2874403068723197
CGTTTCCGTCTAAGCT_E15S,E15S,Tumor,entering_hypoxia,-0.92021304695787,1.0175342741362434,0.4824728808756911,0.9464479088783264,0.9464479088783264,0.1948826446533546,MC38,-0.92021304695787,1.0175342741362434,Saddle / ICS,1.0572992672098682,0.257647938367468,0.47219352841983236,0.2701585332126995
AGCAATCCACCTACCG_E15S,E15S,Tumor,normoxic_stable,-1.6012085492403771,-0.2408294406680922,-0.1833487713766863,0.9452206492424012,0.9452206492424012,0.4062313213325398,MC38,-1.6012085492403771,-0.2408294406680922,Normoxic,1.0601180396414613,0.44632698392942144,0.33191903401806594,0.22175398205251254
CCGGCATGTGAGGACT_E15S,E15S,Tumor,entering_hypoxia,-0.923559482378032,0.4863117475228078,1.082895637848712,0.941820502281189,0.941820502281189,0.2684735806109559,MC38,-0.923559482378032,0.4863117475228078,Saddle / ICS,1.0747778487969777,0.3766972258673662,0.38956508714434107,0.23373768698829273
GCTCCGTTCTGTCATC_E15S,E15S,Tumor,transitional,-0.1202318671668895,-0.073068381986063,0.0888549070830559,0.9409021139144896,0.9409021139144896,0.3494498740634089,MC38,-0.1202318671668895,-0.073068381986063,Saddle / ICS,1.0962793861618887,0.31722049472013764,0.365778926139407,0.3170005791404555
TGGGTCCGTGACGAAC_E15S,E15S,Tumor,persistent_hypoxia,0.4052363817691163,-0.2908577934300042,-0.3441979973267718,0.9436739683151244,0.9436739683151244,0.3743015187989291,MC38,0.4052363817691163,-0.2908577934300042,Hypoxic,1.0432372957112697,0.18817905193310033,0.37077065778987217,0.44105029027702736
CGTCACCTCTAGCTGA_E15S,E15S,Tumor,normoxic_stable,-0.8908432105304017,-0.2031910868891548,0.663180616335226,0.942704141139984,0.942704141139984,0.3493502687441687,MC38,-0.8908432105304017,-0.2031910868891548,Normoxic,1.0620045062877412,0.44950374787190933,0.32090704576403534,0.22958920636405544
CCTCGGTTCACTATCC_E15S,E15S,Tumor,normoxic_stable,-1.1374123521939357,0.2271900645389218,0.4475488043703984,0.9843180775642396,0.9843180775642396,0.3436687445163153,MC38,-1.1374123521939357,0.2271900645389218,Normoxic,1.062376868776982,0.42715184894039226,0.3562329973080765,0.2166151537515312
TGAATGGGTGATGGCG_E15S,E15S,Tumor,entering_hypoxia,-1.092402321811401,0.7105882017134395,0.0224090034249147,0.942291021347046,0.942291021347046,0.2926753341493459,MC38,-1.092402321811401,0.7105882017134395,Saddle / ICS,1.0727882033632319,0.33836704577245685,0.42253873763982974,0.23909421658771354
ACAGATGGTAATCGTC_E15S,E15S,Tumor,reverted_stable,-1.016833202749501,-0.9287251128157544,0.902488192516088,0.9405158758163452,0.9405158758163452,0.3142912974290741,MC38,-1.016833202749501,-0.9287251128157544,Normoxic,1.084880985438311,0.4122489042258148,0.3012216380803636,0.28652945769382154
AACTTTGGTCTCAGTG_E15S,E15S,Tumor,normoxic_stable,-0.6067804373109561,-0.2161088643056471,1.2235980864421034,0.9337884783744812,0.9337884783744812,0.1670842906627825,MC38,-0.6067804373109561,-0.2161088643056471,Normoxic,1.0782414806033584,0.417572555011358,0.32917605874085437,0.25325138624778765
TACATCAGTTTAGCGT_E15S,E15S,Tumor,reverted_stable,-1.3561546077825697,-0.6128323130054723,-0.243957817406266,0.944050908088684,0.944050908088684,0.3479266125602001,MC38,-1.3561546077825697,-0.6128323130054723,Normoxic,1.0645549025413699,0.4514931508666693,0.30764229423518735,0.2408645548981433
TCTCTGGTCGATAGTT_E15S,E15S,Tumor Proliferating,persistent_hypoxia,1.0529105362505624,-0.2957151249145221,0.4406419331786188,0.933428943157196,0.933428943157196,0.0574050013750747,MC38,1.0529105362505624,-0.2957151249145221,Hypoxic,0.8404457641190171,0.05957581745320707,0.3388253911242728,0.6015987914225202
TCAGCATGTCTAGTCG_E15S,E15S,Tumor,normoxic_stable,-0.5848102020639513,0.3596777336072523,0.1712124900054019,0.9449015855789183,0.9449015855789183,0.3141638836958844,MC38,-0.5848102020639513,0.3596777336072523,Saddle / ICS,1.0837246808616285,0.36269539694185254,0.3827320736096681,0.2545725294484793
CACGAAAGTGGACCTC_E15S,E15S,Tumor,entering_hypoxia,-0.0432813885424665,0.902104530602857,2.1137515278694985,0.9412673711776732,0.9412673711776732,0.1503531704014648,MC38,-0.0432813885424665,0.902104530602857,Saddle / ICS,1.0286226938850673,0.17646375683490162,0.46977159996122175,0.35376464320387674
CGCATCAGTAGGTGTA_E15S,E15S,Tumor,transitional,0.0909687643837948,-0.4009482225541809,0.0846263093891457,0.9381737112998962,0.9381737112998962,0.151006310336628,MC38,0.0909687643837948,-0.4009482225541809,Hypoxic,1.0884125230926607,0.2682858808697763,0.3550457004765203,0.37666841865370343
ATCGCCCTCGAATCCA_E15S,E15S,Tumor,entering_hypoxia,-1.357762065345244,0.7520746284930616,-0.1907815866929379,0.946325957775116,0.946325957775116,0.3038011784861957,MC38,-1.357762065345244,0.7520746284930616,Saddle / ICS,1.0691669645946518,0.32839690447406666,0.4344144256257118,0.23718866990022155
TCGACGTAGCAATTAC_E15S,E15S,Tumor,normoxic_stable,-0.7293527876244809,-0.1671842411439227,1.5232265478014473,0.9421009421348572,0.9421009421348572,0.3432852329982051,MC38,-0.7293527876244809,-0.1671842411439227,Normoxic,1.0706620440036807,0.43238773141664794,0.3274976744036097,0.24011459417974235
GCTAAATTCCGCAGTG_E15S,E15S,Tumor,reverted_stable,-1.1849666433150106,-0.5667478287349904,1.2936534009506356e-05,0.940618097782135,0.940618097782135,0.3149725199119806,MC38,-1.1849666433150106,-0.5667478287349904,Normoxic,1.0620145845784212,0.45647177822447005,0.30503496594634383,0.2384932558291862
CCACGAACAATACTTC_E15S,E15S,Tumor,normoxic_stable,-1.2811587609065778,-0.223613611886237,0.8007024722788093,0.9428644180297852,0.9428644180297852,0.3798055757217748,MC38,-1.2811587609065778,-0.223613611886237,Normoxic,1.0527806121489958,0.46281828208360437,0.32011389915253247,0.2170678187638632
ATCACATAGCTAGATT_E15S,E15S,Tumor,normoxic_stable,-1.1327247782776415,0.1360078795990133,1.1197929023318758,0.9447572231292723,0.9447572231292723,0.3505368499540764,MC38,-1.1327247782776415,0.1360078795990133,Normoxic,1.05951530025674,0.4380927972858092,0.34649532180207954,0.21541188091211133
AGGCGAATCACTTCAC_E15S,E15S,Tumor,transitional,-0.0780163304501912,-0.3729694219768554,0.4261380596307476,0.9373436570167542,0.9373436570167542,0.2127893902362076,MC38,-0.0780163304501912,-0.3729694219768554,Saddle / ICS,1.0974892504749978,0.3116377346803479,0.3484074157140024,0.3399548496056496
CGGACAGGTAGCCTGC_E15S,E15S,Tumor,entering_hypoxia,-0.1673128745650296,0.696011837932658,1.5931321392693671,0.938287615776062,0.938287615776062,0.0928636378798065,MC38,-0.1673128745650296,0.696011837932658,Saddle / ICS,1.0658072672258792,0.23464053826176842,0.4429204136493495,0.32243904808888224
TCGGGCATCTCACCGC_E15S,E15S,Hypoxic Tumor,exiting_hypoxia,-0.2855679917808164,-0.8314779137913964,1.9824237624711083,0.9449480772018432,0.9449480772018432,0.2322754812135543,MC38,-0.2855679917808164,-0.8314779137913964,Hypoxic,1.0977743858254918,0.32731575467264434,0.3203972317794785,0.35228701354787717
GTGCATATCTGTGGCG_E15S,E15S,Tumor,normoxic_stable,-1.0368408654720138,-0.1558364403017764,1.3132636538731428,0.9329598546028136,0.9329598546028136,0.2089726322870118,MC38,-1.0368408654720138,-0.1558364403017764,Normoxic,1.0563290095054683,0.456983055267465,0.3221557809888692,0.2208611637436658
AGTGCTCAGATTCGGC_E15S,E15S,Tumor,normoxic_stable,-1.1282365878575575,-0.3912727415339883,0.9477212728855612,0.9452123045921326,0.9452123045921326,0.4008824165312141,MC38,-1.1282365878575575,-0.3912727415339883,Normoxic,1.0564969841404592,0.4626113581178903,0.30989053748400913,0.22749810439810056
GCGCTTAGTGGCTGAG_E15S,E15S,Tumor,reverted_stable,-0.8419099754997549,-0.5839293671642111,-0.2089358510943472,0.9419943690299988,0.9419943690299988,0.3272039557091864,MC38,-0.8419099754997549,-0.5839293671642111,Normoxic,1.0728909434966951,0.4376549043794509,0.30630840848587965,0.25603668713466954
ACCTCTTAGCAAGGCA_E15S,E15S,Tumor,entering_hypoxia,-0.0459026502837566,1.7723961158758392,1.2650728631103454,0.9443275928497314,0.9443275928497314,0.1488234237605881,MC38,-0.0459026502837566,1.7723961158758392,Saddle / ICS,0.8514164037994312,0.05039439512042241,0.5301861873905115,0.41941941748906614
CTTGGCGAGGTAGATA_E15S,E15S,Tumor,persistent_hypoxia,0.9603836376714194,0.1229250665699683,0.0947126753400064,0.9417502880096436,0.9417502880096436,0.3009401955410473,MC38,0.9603836376714194,0.1229250665699683,Hypoxic,0.878023411254921,0.06820674037405615,0.3776357035044494,0.5541575561214944
TGCCACCTCCTCTACG_E15S,E15S,Tumor,normoxic_stable,-0.4494478118665437,0.1122561960080465,1.7339896301058455,0.9329348802566528,0.9329348802566528,0.1742520583516889,MC38,-0.4494478118665437,0.1122561960080465,Normoxic,1.08771510336845,0.3721638786737205,0.3625518589540246,0.26528426237225494
AACGCAAGTTAGTAGG_E15S,E15S,Tumor,entering_hypoxia,-0.6713206659996395,1.2943972321343649,0.5588429302934516,0.9452443718910216,0.9452443718910216,0.1473899063360804,MC38,-0.6713206659996395,1.2943972321343649,Saddle / ICS,1.0102296660760997,0.17441602495758657,0.5135442352626957,0.3120397397797177
GCGCTTAGTGCGGTTC_E15S,E15S,Tumor,entering_hypoxia,-0.1942293428495844,1.6707752050577045,1.4457936939325056,0.9382292628288268,0.9382292628288268,0.1396135988473649,MC38,-0.1942293428495844,1.6707752050577045,Saddle / ICS,0.8887034020407734,0.0707589789356406,0.5359535417782733,0.39328747928608604
CCCAGTGAGTGATACT_E15S,E15S,Tumor Proliferating,entering_deep_hypoxia,2.273130788037624,0.8570382173294364,0.4705687255978344,0.9390051960945128,0.9390051960945128,0.0402650716309965,MC38,2.273130788037624,0.8570382173294364,Hypoxic,0.5098263440780861,0.000831875743438123,0.2020878304196823,0.7970802938368796
GCTCCAAGTAACGTCT_E15S,E15S,Tumor,entering_hypoxia,-0.1264247016585133,1.414460773950563,1.193371124736675,0.9374976754188538,0.9374976754188538,0.1283927492515813,MC38,-0.1264247016585133,1.414460773950563,Saddle / ICS,0.9401889673060679,0.10135390820777407,0.5186926250233076,0.3799534667689183
GTCTCCGCAATCGCAG_E15S,E15S,Tumor,normoxic_stable,-1.8655730018243493,-0.2930354071053956,2.7127650096681384,0.9348640441894532,0.9348640441894532,0.2460505159795208,MC38,-1.8655730018243493,-0.2930354071053956,Normoxic,1.0736277214075356,0.4149384765028253,0.34781658473173116,0.23724493876544356
CCTAGGGTCGATCGGT_E15S,E15S,Tumor Proliferating,transitional,0.2679670260820099,0.2582543789966846,1.9007570143011885,0.9380842447280884,0.9380842447280884,0.066838666847604,MC38,0.2679670260820099,0.2582543789966846,Saddle / ICS,1.053955185316417,0.1990361870262183,0.41133234777937766,0.38963146519440406
ATGCAGGAGGCGTTCG_E15S,E15S,Tumor,entering_deep_hypoxia,0.5699186840525169,1.1612730785694498,1.1354567709897945,0.9403401017189026,0.9403401017189026,0.0803045261625848,MC38,0.5699186840525169,1.1612730785694498,Hypoxic,0.8752713478391481,0.05844466274122297,0.4669319703794028,0.47462336687937423
GTCTTCACAAAGGGAC_E15S,E15S,Tumor,entering_hypoxia,-0.7295738001732326,1.3822452519018849,0.2596510642052698,0.944469690322876,0.944469690322876,0.2743890671315254,MC38,-0.7295738001732326,1.3822452519018849,Saddle / ICS,0.9945529198510354,0.15886953397114975,0.5251148181202078,0.31601564790864245
GCGGGAACAAAGGGAC_E15S,E15S,Tumor,entering_hypoxia,-0.9250085132621008,2.750745671355673,1.3736880661649644,0.9469013810157776,0.9469013810157776,0.1634987988383087,MC38,-0.9250085132621008,2.750745671355673,Saddle / ICS,0.7304717268866188,0.008525207415438132,0.5496525363262476,0.44182225625831434
TCTGTGAAGTGGCGTT_E15S,E15S,Tumor,normoxic_stable,-2.0704405893540456,-0.2968723524520034,-0.3478872063348389,0.945502519607544,0.945502519607544,0.389237158867031,MC38,-2.0704405893540456,-0.2968723524520034,Normoxic,1.0836297362894212,0.37955007060527957,0.3665320155885449,0.2539179138061756
CCAAAGTCAATGTCGG_E15S,E15S,Tumor,exiting_hypoxia,0.4014618890879776,-1.4542889235977634,0.6060053610509634,0.9471893906593324,0.9471893906593324,0.1674278136350747,MC38,0.4014618890879776,-1.4542889235977634,Hypoxic,0.8887792054606729,0.09999317550936551,0.28737261625173594,0.6126342082388985
TCATAGTAGTAATGAG_E15S,E15S,Tumor,entering_hypoxia,-0.7151762620633959,0.6149093667406332,1.0567593936965558,0.940422296524048,0.940422296524048,0.1496389178823975,MC38,-0.7151762620633959,0.6149093667406332,Saddle / ICS,1.0797518781765076,0.3334723959133253,0.4121685833179541,0.2543590207687206
TCAGTAACATTCGTGC_E15S,E15S,Tumor,normoxic_stable,-0.7922183652224782,0.0908219043892279,0.0569272250027398,0.9441405534744264,0.9441405534744264,0.3400520912477653,MC38,-0.7922183652224782,0.0908219043892279,Normoxic,1.0701865659333638,0.4220648017879756,0.3460669660262207,0.23186823218580377
TATGATGCATAGGTAC_E15S,E15S,Tumor,entering_hypoxia,-1.3949994940961303,2.143423822672658,1.4675655786178816,0.9424791932106018,0.9424791932106018,0.1569015821239381,MC38,-1.3949994940961303,2.143423822672658,Saddle / ICS,0.8133423682150753,0.04315081398198577,0.5930385958643964,0.36381059015361783
GCATGAGAGTGGGTCT_E15S,E15S,Tumor,transitional,-0.1848872974680097,0.0297389133860927,0.8351003860515872,0.9447941780090332,0.9447941780090332,0.3887134677694241,MC38,-0.1848872974680097,0.0297389133860927,Saddle / ICS,1.0952014363280935,0.3259201478554348,0.3702959018086273,0.3037839503359379
TCCACTTAGTATGTAC_E15S,E15S,Tumor,reverted_stable,-1.60096376646327,-0.4335469515017607,0.2613557503678224,0.9471594095230104,0.9471594095230104,0.4019192230068415,MC38,-1.60096376646327,-0.4335469515017607,Normoxic,1.0639478930464135,0.445580305328534,0.32288131658966585,0.23153837808180006
TGGGTTGCAAGCGTGC_E15S,E15S,Tumor,entering_hypoxia,-0.5133178309230397,0.5273624149531821,0.1547063660577531,0.9424082636833192,0.9424082636833192,0.292984377073307,MC38,-0.5133178309230397,0.5273624149531821,Saddle / ICS,1.084164956716421,0.32421720204886256,0.40705909170500326,0.2687237062461341
TCGCGGATCGACCGAT_E15S,E15S,Tumor,exiting_hypoxia,0.356157023243385,-1.2916916228323558,0.8695436725793189,0.9428920745849608,0.9428920745849608,0.2859390324599298,MC38,0.356157023243385,-1.2916916228323558,Hypoxic,0.9442854013420017,0.12688970539249345,0.30328716601936667,0.5698231285881398
CGCCACTTCTAAGTCG_E15S,E15S,Tumor,entering_hypoxia,-0.0192429807754177,0.6409706927740992,1.7385959288218993,0.931513249874115,0.931513249874115,0.1829735822944258,MC38,-0.0192429807754177,0.6409706927740992,Saddle / ICS,1.0587197497805458,0.2153766563199691,0.44130097240045596,0.3433223712795749
AGGTTCGCAACATTGA_E15S,E15S,Tumor,exiting_hypoxia,0.9198694906931696,-0.4851612349778477,0.012758797097186,0.9372342824935912,0.9372342824935912,0.1124117297006878,MC38,0.9198694906931696,-0.4851612349778477,Hypoxic,0.8769583386522961,0.077051162327186,0.33646897736198456,0.5864798603108295
CCTCGTTGTTAGCGTT_E15S,E15S,Tumor,normoxic_stable,-0.7966623737185967,0.0141028651509337,0.8943233574165568,0.9449954032897948,0.9449954032897948,0.3298496168922381,MC38,-0.7966623737185967,0.0141028651509337,Normoxic,1.0685242577680838,0.4293166130985327,0.3390365981428189,0.23164678875864844
GTAGGCAAGGCTTAAT_E15S,E15S,Tumor,normoxic_stable,-1.0226586470517915,-0.1158660481613067,0.1051458427151358,0.937834858894348,0.937834858894348,0.2058158573733477,MC38,-1.0226586470517915,-0.1158660481613067,Normoxic,1.0570286165945348,0.45454520685559335,0.3249481347729326,0.22050665837147407
CGTTGCCTCCTTCAAC_E15S,E15S,Tumor,entering_hypoxia,-0.6802383011081231,1.4858323197980514,1.2373183631230376,0.9466533660888672,0.9466533660888672,0.1722035792882529,MC38,-0.6802383011081231,1.4858323197980514,Saddle / ICS,0.9691665290696236,0.1339165415456315,0.5364249986729848,0.32965845978138364
CCCGATTCAAGTTCAA_E15S,E15S,Tumor,normoxic_stable,-0.776296027831485,0.3575194812880237,2.675642749959468,0.9375505447387696,0.9375505447387696,0.1948333103398257,MC38,-0.776296027831485,0.3575194812880237,Normoxic,1.0768396668724227,0.3863755622626319,0.3756818751993954,0.23794256253797272
ATAAGCTTCCATCACT_E15S,E15S,Tumor,normoxic_stable,-2.2021643390751287,-0.2083637559336754,0.2748576147451911,0.9471022486686708,0.9471022486686708,0.3111746900190305,MC38,-2.2021643390751287,-0.2083637559336754,Saddle / ICS,1.086223018577063,0.3511627168831913,0.38579018270170135,0.2630471004151075
GTCTGCCTCATGTCGA_E15S,E15S,Tumor,entering_deep_hypoxia,0.2936538749146152,1.527304271276404,1.0018325145005769,0.9429413080215454,0.9429413080215454,0.2040825044473607,MC38,0.2936538749146152,1.527304271276404,Saddle / ICS,0.8584944559766794,0.051318624443164394,0.5006596290218703,0.4480217465349653
AGTCGTTGTCAGTTAC_E15S,E15S,Tumor,reverted_stable,-0.504257411791305,-0.4313988494870974,-0.1749066699610584,0.9417288303375244,0.9417288303375244,0.3739483157207365,MC38,-0.504257411791305,-0.4313988494870974,Normoxic,1.0870109625865734,0.4003897498754709,0.32287240121824623,0.2767378489062829
TACTGATAGGTACGTC_E15S,E15S,Tumor,entering_hypoxia,-0.4175740679225844,1.713313244673095,0.8452090288591665,0.9378355741500854,0.9378355741500854,0.0709399449316573,MC38,-0.4175740679225844,1.713313244673095,Saddle / ICS,0.897766369962047,0.07875297227532861,0.5475588812960704,0.37368814642860093
TAGTGTTAGCGAGGAC_E15S,E15S,Tumor,entering_hypoxia,-0.3960817736147511,1.063827871720316,1.0053831413492265,0.9411823749542236,0.9411823749542236,0.1069583908985144,MC38,-0.3960817736147511,1.063827871720316,Saddle / ICS,1.0358164155431862,0.1975635957514215,0.4844597130444173,0.317976691204161
TGAGCCACAATGCCCT_E15S,E15S,Tumor,normoxic_stable,-1.60832931977147,0.0001484787029032,-0.0512809142903854,0.9465161561965942,0.9465161561965942,0.4355671358570973,MC38,-1.60832931977147,0.0001484787029032,Normoxic,1.0610340638483549,0.4338391649812272,0.3495737864090341,0.21658704860973885
CTTGCGAGTCTGGGTC_E15S,E15S,Tumor,entering_hypoxia,-1.13355995248135,0.6015539085237627,0.8084624648827132,0.9437722563743592,0.9437722563743592,0.1384599121331481,MC38,-1.13355995248135,0.6015539085237627,Saddle / ICS,1.0723984159902584,0.3629015554825464,0.40592049803995167,0.2311779464775019
CTACTCACACTATCTG_E15S,E15S,Hypoxic Tumor,exiting_hypoxia,1.2458530248914468,-2.024920147604309,0.9426791738771284,0.9158002734184264,0.9158002734184264,0.7467032797447009,MC38,1.2458530248914468,-2.024920147604309,Hypoxic,0.46549980991133233,0.0066961502848064645,0.15214563737684336,0.8411582123383503
ATGGTAAAGTCAGCTA_E15S,E15S,Hypoxic Tumor,exiting_hypoxia,0.9194853497741136,-2.1433779872928262,0.6566565432297102,0.9255412817001344,0.9255412817001344,0.8201467103515501,MC38,0.9194853497741136,-2.1433779872928262,Hypoxic,0.5173737658165961,0.011941318997906797,0.16935452309313942,0.8187041579089538
AACGATGGTTAATCGC_E15S,E15S,Tumor,normoxic_stable,-2.001505581422784,-0.1496705410283456,-0.0045094421441185,0.9443150162696838,0.9443150162696838,0.360171069495524,MC38,-2.001505581422784,-0.1496705410283456,Normoxic,1.0784476234337192,0.38903963665946695,0.3691173725636871,0.24184299077684582
ATGTCCCCAATTCGTT_E15S,E15S,Tumor,persistent_hypoxia,0.7523884771994064,-0.0481244386613751,1.4206279835239948,0.9380220770835876,0.9380220770835876,0.2273798117643669,MC38,0.7523884771994064,-0.0481244386613751,Hypoxic,0.9496399334246146,0.10706258066365365,0.38102763606835693,0.5119097832679893
TGAGCGAAGGTGCTTA_E15S,E15S,Tumor,exiting_hypoxia,0.4230083087623552,-0.6138264568587664,0.2043581775844725,0.943108320236206,0.943108320236206,0.3310029349464005,MC38,0.4230083087623552,-0.6138264568587664,Hypoxic,1.0255205536014051,0.17478430429240657,0.3489287191323755,0.4762869765752179
GCGTACCGTTCGAATC_E15S,E15S,Tumor,transitional,-0.1323058089076062,0.2093946335561835,1.0851050937841682,0.9434021711349488,0.9434021711349488,0.257931208028402,MC38,-0.1323058089076062,0.2093946335561835,Saddle / ICS,1.0914404783687424,0.29807370362016605,0.38986584620460635,0.31206045017522754
CCCTGAGAGCCAGAGA_E15S,E15S,Tumor,exiting_hypoxia,0.3336457884764369,-0.4230442573707085,0.7432865719732707,0.980636477470398,0.980636477470398,0.3405407367639456,MC38,0.3336457884764369,-0.4230442573707085,Hypoxic,1.0546473727813763,0.20460235377632946,0.3609688202740503,0.4344288259496201
AGCATCGCATTCGTGC_E15S,E15S,Tumor,normoxic_stable,-0.6227081676694007,0.1463267876913779,2.334461475875933,0.9345436096191406,0.9345436096191406,0.1394332780335662,MC38,-0.6227081676694007,0.1463267876913779,Normoxic,1.0797616884049699,0.39597030552295764,0.35753231460337964,0.24649737987366277
GCGATAAGTTGCCCAA_E15S,E15S,Tumor,normoxic_stable,-1.2816201989078873,-0.0854310671325474,0.8390005739574488,0.9383392333984376,0.9383392333984376,0.2598560342617876,MC38,-1.2816201989078873,-0.0854310671325474,Normoxic,1.0533083435021409,0.45717983985142924,0.3292505314738973,0.2135696286746733
CTATAGTAGATAGCTT_E15S,E15S,Tumor,entering_hypoxia,-0.2612405722957781,1.3362718675427416,0.2134040901999401,0.9446673393249512,0.9446673393249512,0.2110774831576083,MC38,-0.2612405722957781,1.3362718675427416,Saddle / ICS,0.9724206391972485,0.12795305526166786,0.5153513031618217,0.35669564157651046
ACTATTCCATGTCGTC_E15S,E15S,Tumor,exiting_hypoxia,0.6016434631547326,-0.6178666978304127,0.1072776527797586,0.941368043422699,0.941368043422699,0.1284549142154244,MC38,0.6016434631547326,-0.6178666978304127,Hypoxic,0.9753117735933012,0.13334063721266964,0.3450798999152045,0.5215794628721258
ACTATCCTCGTGCAAC_E15S,E15S,Tumor,normoxic_stable,-1.0119153310787137,0.3301834019578155,0.2975381076764933,0.9448307752609252,0.9448307752609252,0.1560911586461259,MC38,-1.0119153310787137,0.3301834019578155,Normoxic,1.068500821995821,0.40824099065564945,0.3682598250598547,0.22349918428449586
TCTCATATCCGCGTGA_E15S,E15S,Tumor,entering_deep_hypoxia,1.3625319291919882,1.4670725690144055,-0.02188401676806,0.9363665580749512,0.9363665580749512,0.1699450001463174,MC38,1.3625319291919882,1.4670725690144055,Hypoxic,0.689231059332206,0.006473551315127355,0.35935462968572895,0.6341718189991437
TGCACTAAGCCATAGC_E15S,E15S,Tumor,entering_deep_hypoxia,0.5695100485904385,0.8295817570771845,0.2228584556797606,0.937793493270874,0.937793493270874,0.2051061389817666,MC38,0.5695100485904385,0.8295817570771845,Hypoxic,0.9275120580632685,0.0865198789601531,0.45087209730491845,0.46260802373492854
AGCACTATCCATCACT_E15S,E15S,Tumor,transitional,0.0597313855161573,0.2438021074339656,0.4552022829271731,0.9337664842605592,0.9337664842605592,0.1090048110981531,MC38,0.0597313855161573,0.2438021074339656,Saddle / ICS,1.080113669625847,0.250011040349358,0.40295228657840576,0.3470366730722363
GCACTAATCGCGCCTT_E15S,E15S,Tumor,normoxic_stable,-1.440784003654726,0.3165163057016658,-0.0265282200795347,0.945331573486328,0.945331573486328,0.3265831620987959,MC38,-1.440784003654726,0.3165163057016658,Normoxic,1.0646480955450364,0.40944712187708737,0.37419043804534563,0.21636244007756708
GGGTCCATCATAGAGA_E15S,E15S,Tumor,normoxic_stable,-0.6732734081762985,-0.2053297430389785,-0.202815811250384,0.9452979564666748,0.9452979564666748,0.4143506227060084,MC38,-0.6732734081762985,-0.2053297430389785,Normoxic,1.0740902781541268,0.4265585588896782,0.3271147531380418,0.24632668797227986
AACATTGCAACCTGGA_E15S,E15S,Tumor,transitional,-0.3562431733241307,-0.27564174989162,0.0374660193698698,0.9394126534461976,0.9394126534461976,0.3360714417301643,MC38,-0.3562431733241307,-0.27564174989162,Normoxic,1.0927176008654669,0.3747567980582596,0.33827123130161163,0.2869719706401288
CATTTGAGTTTAGTGC_E15S,E15S,Tumor,reverted_stable,-0.5726465418798041,-0.5806590407164001,0.7979452873191982,0.944139003753662,0.944139003753662,0.2543512427310014,MC38,-0.5726465418798041,-0.5806590407164001,Normoxic,1.0866856881685074,0.404261377421711,0.31469183346612073,0.28104678911216824
TGAGCTGCAACCCTTA_E15S,E15S,Tumor,normoxic_stable,-0.8217023892218497,0.2007660697995845,0.5911514479171304,0.9471532106399536,0.9471532106399536,0.4203271774449439,MC38,-0.8217023892218497,0.2007660697995845,Normoxic,1.071377539643279,0.4127763608287161,0.3563461903351002,0.23087744883618375
ATCTACTCATCCTTAG_E15S,E15S,Tumor,normoxic_stable,-1.2741148554103936,-0.3837309308650483,1.260700619071743,0.9388619661331176,0.9388619661331176,0.2425688714208658,MC38,-1.2741148554103936,-0.3837309308650483,Normoxic,1.0551199177172998,0.4635319802887166,0.3121313754100657,0.22433664430121766
CTTATAGGTTCGCAGC_E15S,E15S,Tumor,normoxic_stable,-1.096194469980232,0.1413649054377123,0.8413996553587121,0.944773495197296,0.944773495197296,0.3327087612794923,MC38,-1.096194469980232,0.1413649054377123,Normoxic,1.0603923535846442,0.43659408078880413,0.3468765068781439,0.21652941233305195
AGCACGCCACTCAGCT_E15S,E15S,Tumor,normoxic_stable,-0.8603083838509287,-0.4036525202532899,0.6510701089420009,0.9428548812866212,0.9428548812866212,0.3744175409385288,MC38,-0.8603083838509287,-0.4036525202532899,Normoxic,1.0661022921297028,0.4474494366322099,0.3115275479070886,0.2410230154607015
ATTCACCTCAATTCGG_E15S,E15S,Tumor,normoxic_stable,-1.0463039603539168,-0.0040379110002677,3.333462562629658,0.936236560344696,0.936236560344696,0.1291183721297629,MC38,-1.0463039603539168,-0.0040379110002677,Normoxic,1.05791638654448,0.4485353717552169,0.33344709025418356,0.2180175379905994
ACACGATCAGGGCAGA_E15S,E15S,Tumor,normoxic_stable,-1.4504347557595976,-0.2728378082581892,1.6984629849301214,0.9413925409317015,0.9413925409317015,0.3060663778197693,MC38,-1.4504347557595976,-0.2728378082581892,Normoxic,1.0554936900029968,0.45782755142558457,0.3227265007952742,0.21944594777914136
ACAAGTTTCAGTATGT_E15S,E15S,Tumor,entering_hypoxia,-1.2830687901202458,1.906655412065532,0.3842739655237593,0.949709415435791,0.949709415435791,0.1928615914536499,MC38,-1.2830687901202458,1.906655412065532,Saddle / ICS,0.8709601493892557,0.07243172705368991,0.5846501892436904,0.34291808370261967
ATCCGTCCAACGGTCA_E15S,E15S,Tumor,persistent_hypoxia,2.52531523761125,-0.0229325692643949,-0.2927275548502495,0.9404332041740416,0.9404332041740416,0.2652356189093596,MC38,2.52531523761125,-0.0229325692643949,Hypoxic,0.41507880275050363,0.0005408556176906826,0.14310107064718955,0.8563580737351197
CTAGAAGGTCTAACGT_E15S,E15S,Tumor,normoxic_stable,-0.922740940726389,0.1639107544574481,0.4833572885147127,0.9400069117546082,0.9400069117546082,0.3179924766469639,MC38,-0.922740940726389,0.1639107544574481,Normoxic,1.066277730221659,0.42543011265881203,0.3503735726891102,0.22419631465207776
ACCATCCCAGGACTAT_E15S,E15S,Tumor,exiting_hypoxia,-0.1878736493818837,-0.5997372169580802,0.8789436515625896,0.9446455240249634,0.9446455240249634,0.393252249143313,MC38,-0.1878736493818837,-0.5997372169580802,Hypoxic,1.098500131796078,0.32796844591347785,0.33203246192152464,0.3399990921649975
CTAATTGGTTTACACA_E15S,E15S,Tumor,normoxic_stable,-0.8372670295327734,0.0638149992836872,-0.0155853464628747,0.9457253813743592,0.9457253813743592,0.3994210843056006,MC38,-0.8372670295327734,0.0638149992836872,Normoxic,1.0674515705487129,0.42894792513036134,0.3423574643098178,0.2286946105598209
AGTAACCCATCCTGAC_E15S,E15S,Tumor,entering_hypoxia,-1.6620190440821656,0.4987719812937115,0.5574943590579068,0.9391904473304749,0.9391904473304749,0.2248816754769061,MC38,-1.6620190440821656,0.4987719812937115,Saddle / ICS,1.0703382082381343,0.3618694699018741,0.4103182397614955,0.2278122903366305
CTGCACCTCATCTAGG_E15S,E15S,Tumor Proliferating,entering_hypoxia,-0.5105819470210462,0.6546851922132183,2.0182345789701963,0.9326761960983276,0.9326761960983276,0.0762061428470178,MC38,-0.5105819470210462,0.6546851922132183,Saddle / ICS,1.0801060497940917,0.29965087031900334,0.42452497692045577,0.2758241527605409
TGAGTAAAGGCTACGT_E15S,E15S,Tumor,persistent_hypoxia,0.2936584622408401,0.2378395938319493,0.2901203156406586,0.935000777244568,0.935000777244568,0.1358368154049535,MC38,0.2936584622408401,0.2378395938319493,Saddle / ICS,1.0510087054806825,0.1946823722944862,0.4100750654626118,0.3952425622429021
CATCCCTGTAGCTTAC_E15S,E15S,Tumor,normoxic_stable,-1.0180956933800616,0.0276972697384189,0.8278061552344619,0.9432591795921326,0.9432591795921326,0.246199446024655,MC38,-1.0180956933800616,0.0276972697384189,Normoxic,1.0594304334829758,0.4447136267252778,0.33630030870563765,0.21898606456908462
CCGCAAGTCCGTGAGT_E15S,E15S,Tumor,entering_deep_hypoxia,0.5066096403520461,0.6474290862272776,0.3458163102250237,0.9432210326194764,0.9432210326194764,0.2726297299324229,MC38,0.5066096403520461,0.6474290862272776,Hypoxic,0.9674759133227913,0.11294011646188293,0.44194067052107006,0.44511921301704704
AGTGTCATCTGGGATC_E15S,E15S,Tumor,transitional,-0.3341067802924949,0.3687752976791213,1.3040961492169607,0.9395238757133484,0.9395238757133484,0.1929602757374235,MC38,-0.3341067802924949,0.3687752976791213,Saddle / ICS,1.089018210487355,0.31975650844004994,0.39586261185278093,0.284380879707169
ACTTGAGTCACACCGG_E15S,E15S,Tumor,entering_deep_hypoxia,1.207171531259507,0.6429447600799282,2.196215035988034,0.9289032220840454,0.9289032220840454,0.1035078556048521,MC38,1.207171531259507,0.6429447600799282,Hypoxic,0.7771541230226499,0.02832398224574258,0.3756110906259709,0.5960649271282865
ACCATCAAGTCATCTC_E15S,E15S,Tumor,transitional,-0.2636441736674247,-0.3023473799104271,0.8473205911025605,0.9455875158309937,0.9455875158309937,0.4041233986917704,MC38,-0.2636441736674247,-0.3023473799104271,Normoxic,1.0963189480141704,0.3554467705104639,0.341974127045677,0.3025791024438591
CACCAGACACTTGATT_E15S,E15S,Tumor,reverted_stable,-1.935016868765248,-0.5021009656396911,0.8989646200870285,0.9435550570487976,0.9435550570487976,0.3808511682046709,MC38,-1.935016868765248,-0.5021009656396911,Normoxic,1.0822615546201153,0.40002773942901376,0.3445024390393642,0.25546982153162207
TCCCCAGCAATATGTG_E15S,E15S,Tumor,entering_deep_hypoxia,1.2376717306149836,0.8977555330759626,-0.0896943253893468,0.9408422112464904,0.9408422112464904,0.2590172517426356,MC38,1.2376717306149836,0.8977555330759626,Hypoxic,0.7527564622368335,0.020294822494964972,0.37855927980892634,0.6011458976961087
ATACGGTCAAGTTCCC_E15S,E15S,Tumor,entering_hypoxia,-2.4060176814837715,0.5383400732402515,-0.112457304263217,0.9435219764709472,0.9435219764709472,0.236342414559726,MC38,-2.4060176814837715,0.5383400732402515,Saddle / ICS,1.0493664723283793,0.23472730981422607,0.4818205447203347,0.28345214546543923
GGATCGTTCCTGATGA_E15S,E15S,Tumor,entering_hypoxia,-0.988854147058138,0.6782607298541664,-0.1725300903339279,0.9410641193389891,0.9410641193389891,0.1894682482022382,MC38,-0.988854147058138,0.6782607298541664,Saddle / ICS,1.0745761733148083,0.3416223607834357,0.41731490941030475,0.24106272980625965
GGTTAGCTCCTCTCCT_E15S,E15S,Tumor,normoxic_stable,-0.8326987667616068,0.2703576135200811,-0.2940822236987558,0.9456536173820496,0.9456536173820496,0.3962294166907559,MC38,-0.8326987667616068,0.2703576135200811,Normoxic,1.0726984257823216,0.40465745766947236,0.3638055987259198,0.23153694360460786
ACTGCATGTTCCCAAG_E15S,E15S,Tumor Proliferating,entering_deep_hypoxia,2.2322580010995097,0.8912263881071898,1.3038466148247494,0.9419177174568176,0.9419177174568176,0.0282965463702472,MC38,2.2322580010995097,0.8912263881071898,Hypoxic,0.519971465054989,0.0009327658964080958,0.20909099249796467,0.7899762416056273
ATACTTGGTTCGGTTG_E15S,E15S,Tumor,normoxic_stable,-1.200454107262792,-0.1141400184467434,1.5860497245358445,0.940051019191742,0.940051019191742,0.3090972486410394,MC38,-1.200454107262792,-0.1141400184467434,Normoxic,1.0533240943401638,0.4591324992940527,0.3257134635464483,0.21515403715949902
TACCATGAGCCACAGT_E15S,E15S,Tumor,normoxic_stable,-1.426520637847967,-0.0986596562396533,2.0629827751329444,0.9358654022216796,0.9358654022216796,0.2170980729393676,MC38,-1.426520637847967,-0.0986596562396533,Normoxic,1.0547349813011224,0.45327961159500973,0.33273079787810644,0.2139895905268838
CAGGCCATCGTACTTC_E15S,E15S,Tumor,normoxic_stable,-1.0236791174667994,0.3491221067530816,0.957344548937442,0.9454619884490968,0.9454619884490968,0.3683826355726446,MC38,-1.0236791174667994,0.3491221067530816,Normoxic,1.0687889193079454,0.40583599787462316,0.37055571505217083,0.22360828707320599
AGACGCAAGTATCTCC_E15S,E15S,Tumor,normoxic_stable,-0.5986725224639069,0.0078919932540203,1.112830270095817,0.9428832530975342,0.9428832530975342,0.3378242286591583,MC38,-0.5986725224639069,0.0078919932540203,Normoxic,1.0793764033893207,0.40531028519997525,0.34581729590934857,0.24887241889067613
TACGTAGTCACATTGG_E15S,E15S,Tumor,normoxic_stable,-0.8490158226072503,-0.0908177826467332,1.185578382599223,0.942988097667694,0.942988097667694,0.3547378912393717,MC38,-0.8490158226072503,-0.0908177826467332,Normoxic,1.0644804597162043,0.4413456932299476,0.32933090201741405,0.2293234047526384
CCAGGTTAGTAGCATT_E15S,E15S,Tumor,entering_deep_hypoxia,1.835270708268921,0.6922346542877895,-0.0351686003737372,0.933510959148407,0.933510959148407,0.3055081564901013,MC38,1.835270708268921,0.6922346542877895,Hypoxic,0.614663921650592,0.004567289932218514,0.2737566474642201,0.7216760626035614
TCGTTCCGTTCCCAAG_E15S,E15S,Tumor,entering_hypoxia,0.0856007413132301,2.5118718559547126,1.4620756053769657,0.9418679475784302,0.9418679475784302,0.139174585315508,MC38,0.0856007413132301,2.5118718559547126,Hypoxic,0.7324310092180478,0.0075834574117808725,0.4920310207238274,0.5003855218643917
GCTCATGGTTGCTCAG_E15S,E15S,Tumor,normoxic_stable,-0.7094750593288791,0.2527542777785393,0.979046605461672,0.9426643252372742,0.9426643252372742,0.3211269640222979,MC38,-0.7094750593288791,0.2527542777785393,Normoxic,1.0774685269748334,0.3942516559274134,0.3654357371176212,0.2403126069549653
ACGCCTAGTTGAGTAG_E15S,E15S,Tumor,transitional,0.1872691797253673,-0.0589635294291122,0.5729515138769805,0.9385334253311156,0.9385334253311156,0.2114593166167348,MC38,0.1872691797253673,-0.0589635294291122,Saddle / ICS,1.0777980001448038,0.23987079349721097,0.3824011670814619,0.37772803942132716
ACAGCCCGTTCATCGG_E15S,E15S,Tumor,entering_deep_hypoxia,0.7724428391570344,1.0509120074429807,1.072172003190522,0.9132875204086304,0.9132875204086304,0.1663237676711239,MC38,0.7724428391570344,1.0509120074429807,Hypoxic,0.8476463600654184,0.04689657520097784,0.4436849089310729,0.5094185158679494
CTGTGAATCATCACAG_E15S,E15S,Tumor,normoxic_stable,-0.6843309839517874,-0.1950865861140681,0.5300651518260423,0.9364852905273438,0.9364852905273438,0.1739844738907836,MC38,-0.6843309839517874,-0.1950865861140681,Normoxic,1.0733857404284672,0.42772066942187903,0.3273295433528228,0.24494978722529803
GTCCATGGTTCCGCAA_E15S,E15S,Tumor,persistent_hypoxia,0.7426823709345117,-0.3936489815834919,0.0520669856299053,0.943761706352234,0.943761706352234,0.3657293164014864,MC38,0.7426823709345117,-0.3936489815834919,Hypoxic,0.9457078585542051,0.11017933539382561,0.3558248738086131,0.5339957907975613
GTAGTAAAGCTGGTCG_E15S,E15S,Tumor,entering_hypoxia,-0.3866731675274533,0.4986390963933676,1.3786343230582898,0.9426236152648926,0.9426236152648926,0.2051838327244653,MC38,-0.3866731675274533,0.4986390963933676,Saddle / ICS,1.0855592689413558,0.3088043637229055,0.4089569274704093,0.28223870880668517
CCTGTTGTCTATGCAG_E15S,E15S,Tumor,entering_deep_hypoxia,1.0130902623917466,2.4055241864385346,-0.0669467098446821,0.9346734881401062,0.9346734881401062,0.1511997049551297,MC38,1.0130902623917466,2.4055241864385346,Hypoxic,0.6743907924797685,0.0019150706677316344,0.3746676225958255,0.6234173067364429
TGTGCTGGTAACGAGC_E15S,E15S,Tumor,normoxic_stable,-2.172411427868965,-0.2546727098881733,-0.1472200508598353,0.941268026828766,0.941268026828766,0.2488452429174031,MC38,-2.172411427868965,-0.2546727098881733,Saddle / ICS,1.0863643660359572,0.35844901914047506,0.37959143573980314,0.26195954511972186
CCTGTAAAGGTCACTA_E15S,E15S,Tumor,entering_hypoxia,-0.9439761134932244,1.1120363934578148,0.4369959458143634,0.9445708990097046,0.9445708990097046,0.2390004444962466,MC38,-0.9439761134932244,1.1120363934578148,Saddle / ICS,1.0464081823124516,0.23530235369321711,0.48741153430373246,0.2772861120030505
CATGGGTTCAATTGCG_E15S,E15S,Tumor,transitional,-0.0763129329623143,-0.0119739848777498,0.947092704085456,0.9417791366577148,0.9417791366577148,0.2258167373589011,MC38,-0.0763129329623143,-0.0119739848777498,Saddle / ICS,1.0947933791163393,0.3034697761357329,0.37315403487810933,0.3233761889861578
CGACCGATCCGCACTC_E15S,E15S,Tumor,reverted_stable,-2.3821306586589635,-0.4110390861214032,0.2800040925286494,0.9454753994941713,0.9454753994941713,0.4061056309402442,MC38,-2.3821306586589635,-0.4110390861214032,Saddle / ICS,1.0905707084656462,0.3102037518123383,0.3933289244378441,0.29646732374981777
TGAGCTATCGATACAT_E15S,E15S,Tumor,reverted_stable,-1.2737454892398188,-0.4132097031933816,2.084634237916844,0.9398759603500366,0.9398759603500366,0.2078252396062647,MC38,-1.2737454892398188,-0.4132097031933816,Normoxic,1.055908631587535,0.4629535976200503,0.31098679682683866,0.2260596055531111
GCGTGAGGTCAGGGCA_E15S,E15S,Tumor,exiting_hypoxia,-0.1674279618119931,-1.4802055270957677,1.1589775651432714,0.9415918588638306,0.9415918588638306,0.1485016348098441,MC38,-0.1674279618119931,-1.4802055270957677,Hypoxic,1.0245775253512601,0.1933528122303639,0.3022603748691425,0.5043868129004937
TAGGGTAGTGGGTTGG_E15S,E15S,Tumor,normoxic_stable,-0.5203437187741979,0.1379710478300275,1.0793613845606005,0.9365257024765016,0.9365257024765016,0.1265946686719846,MC38,-0.5203437187741979,0.1379710478300275,Normoxic,1.0846626578374063,0.381512090191168,0.36140400266307693,0.25708390714575513
GTTATCCTCGATTACG_E15S,E15S,Tumor,normoxic_stable,-0.4485882485901939,0.130271138582807,0.1135712155903344,0.9415857195854188,0.9415857195854188,0.3461747282929935,MC38,-0.4485882485901939,0.130271138582807,Normoxic,1.0878081681523755,0.3702273151657629,0.3643225677257299,0.26545011710850724
CGATAAGGTTCCGTGA_E15S,E15S,Hypoxic Tumor,exiting_hypoxia,2.1726038619164583,-1.3246529616093303,0.5201752568411486,0.9310165643692015,0.9310165643692015,0.6534902481105508,MC38,2.1726038619164583,-1.3246529616093303,Hypoxic,0.3698488325748123,0.0010562866470782337,0.11738705427440678,0.8815566590785151
ATGACGGAGCCAGTCG_E15S,E15S,Tumor,normoxic_stable,-0.4816468290080366,-0.3146857795493119,0.1663970903459342,0.9365733861923218,0.9365733861923218,0.1543044198818385,MC38,-0.4816468290080366,-0.3146857795493119,Normoxic,1.0866157814080233,0.3984085923253952,0.3294653574630678,0.27212605021153696
TATCCGCCACAGGCTA_E15S,E15S,Tumor,normoxic_stable,-1.2223052766150744,-0.4067694506216394,0.9741154392218664,0.9446365833282472,0.9446365833282472,0.3881252959464074,MC38,-1.2223052766150744,-0.4067694506216394,Normoxic,1.055809193983831,0.46340245597782914,0.3102861762407861,0.2263113677813848
ACTGGTCAGCCATTGA_E15S,E15S,Tumor,normoxic_stable,-0.4492950577154368,-0.3714481791938497,1.4473597973388936,0.9309648871421814,0.9309648871421814,0.0411858443888492,MC38,-0.4492950577154368,-0.3714481791938497,Normoxic,1.089100477417626,0.3920951897738801,0.3282419068657989,0.27966290336032096
CTTAGCAAGCCGATTA_E15S,E15S,Tumor,normoxic_stable,-1.5173996798961968,0.2444923794015759,0.743799661075774,0.9482886791229248,0.9482886791229248,0.4203315924692892,MC38,-1.5173996798961968,0.2444923794015759,Normoxic,1.0637461610989376,0.4150959600647059,0.3691244174570391,0.21577962247825505
TCCTTTGGTTTACTTC_E15S,E15S,Tumor,normoxic_stable,-0.939990519937726,-0.1966203474213272,0.8254377277769501,0.935446321964264,0.935446321964264,0.2758520653880659,MC38,-0.939990519937726,-0.1966203474213272,Normoxic,1.0597984469017465,0.45294867708668296,0.32048346612019274,0.2265678567931245
GTGGTGAAGCGAGTCT_E15S,E15S,Tumor,entering_hypoxia,-0.30889887881523,0.505368454630463,1.4035793659647957,0.9390170574188232,0.9390170574188232,0.198019414316292,MC38,-0.30889887881523,0.505368454630463,Saddle / ICS,1.084651042999022,0.29379951324836945,0.41345910572962835,0.2927413810220021
TAAGCGCTCCGGAACT_E15S,E15S,Tumor,entering_hypoxia,-1.6662456666857774,0.466305285269226,1.1555226501031075,0.9483480453491212,0.9483480453491212,0.4148523859258619,MC38,-1.6662456666857774,0.466305285269226,Saddle / ICS,1.0702463942646183,0.3673616677435082,0.4060408716814245,0.22659746057506724
TGAGGCGGTTGCTGTG_E15S,E15S,Tumor,normoxic_stable,-1.5807684134788735,0.2896339624406715,0.0855306090475956,0.9442386031150818,0.9442386031150818,0.3162064589290236,MC38,-1.5807684134788735,0.2896339624406715,Normoxic,1.0661116226992087,0.40391180397273935,0.37784802555942026,0.2182401704678404
CCTATAGAGTACGCTA_E15S,E15S,Tumor,entering_hypoxia,-0.2805129768460891,0.8799964441179021,0.7741397168598728,0.9393964409828186,0.9393964409828186,0.1270395863605695,MC38,-0.2805129768460891,0.8799964441179021,Saddle / ICS,1.053655861565207,0.2192441976870307,0.46269009696008523,0.3180657053528841
ATGGCCCGTTTCACTT_E15S,E15S,Tumor,persistent_hypoxia,0.5789624871516429,0.2630912117700447,0.6661973148050951,0.9412381649017334,0.9412381649017334,0.2783371995476444,MC38,0.5789624871516429,0.2630912117700447,Hypoxic,0.987224309379684,0.12931089615064859,0.4109645529886806,0.4597245508606708
ATTCACCTCGACCGCA_E15S,E15S,Tumor Proliferating,entering_deep_hypoxia,0.3970257108146287,1.1961523802187073,1.2699481861736612,0.9374998807907104,0.9374998807907104,0.1035489705451861,MC38,0.3970257108146287,1.1961523802187073,Saddle / ICS,0.9037761119562804,0.07333329147008477,0.4815617942780684,0.4451049142518469
ATGCTCCCAGCACCAA_E15S,E15S,Tumor,entering_hypoxia,-0.4400255988293244,2.6231141472376915,1.605335091843269,0.9469976425170898,0.9469976425170898,0.1646201258405214,MC38,-0.4400255988293244,2.6231141472376915,Saddle / ICS,0.7378797529978283,0.009553489545853498,0.5309868789656443,0.45945963148850216
TGGGTGAAGCAGGCAA_E15S,E15S,Tumor,exiting_hypoxia,-0.1343975915443421,-1.2503176182604705,0.1000008954171747,0.9443261623382568,0.9443261623382568,0.197218308396418,MC38,-0.1343975915443421,-1.2503176182604705,Hypoxic,1.059746832642594,0.23082870875865788,0.31227355365617765,0.4568977375851644
ATTGGCCAGAAGGTGT_E15S,E15S,Tumor,normoxic_stable,-0.5695964197777668,0.3164518886022888,1.2774258744666676,0.94356369972229,0.94356369972229,0.2953259456352401,MC38,-0.5695964197777668,0.3164518886022888,Saddle / ICS,1.084007379703188,0.36690613205007055,0.3782589081183591,0.25483495983157034
CACCGCTTCTGTAAGT_E15S,E15S,Tumor,entering_hypoxia,-0.706142685779078,0.8399507136379788,-0.1699674208387882,0.9432145357131958,0.9432145357131958,0.2091596318445938,MC38,-0.706142685779078,0.8399507136379788,Saddle / ICS,1.0710322527159926,0.2837387278022407,0.446221541170827,0.27003973102693235
CAAGCTCAGTAACCTG_E15S,E15S,Tumor,normoxic_stable,-0.4626974840479784,0.2039551370123896,1.333068584825373,0.9423561692237854,0.9423561692237854,0.213292213780596,MC38,-0.4626974840479784,0.2039551370123896,Saddle / ICS,1.087460252044541,0.3646236694750305,0.37097760589244394,0.2643987246325255
TACACTTCAATAGGAG_E15S,E15S,Tumor,entering_deep_hypoxia,0.5031711915546138,1.5234137483360928,1.259752037663942,0.9312048554420472,0.9312048554420472,0.0523391766319941,MC38,0.5031711915546138,1.5234137483360928,Saddle / ICS,0.8268599716072774,0.03741769333545126,0.48130945329520014,0.4812728533693485
TGTCACCCACCATAGG_E15S,E15S,Tumor,entering_hypoxia,-0.3721859567203754,0.4381812682866995,0.2455204973477876,0.9502389430999756,0.9502389430999756,0.4157987311571366,MC38,-0.3721859567203754,0.4381812682866995,Saddle / ICS,1.0872706552952827,0.31618521872623306,0.402161239465063,0.281653541808704
TGTGCCAGTTAAGTCC_E15S,E15S,Tumor,normoxic_stable,-1.1939998968345469,-0.3578881910239254,1.067237683176338,0.940034806728363,0.940034806728363,0.2110745361175709,MC38,-1.1939998968345469,-0.3578881910239254,Normoxic,1.0548159961739412,0.46407527205256455,0.31185596944987753,0.22406875849755806
GCACCATAGTTAACGT_E15S,E15S,Tumor,entering_hypoxia,-1.0633298584887811,1.601275062564806,0.8476382388217691,0.944995939731598,0.944995939731598,0.1575507368144104,MC38,-1.0633298584887811,1.601275062564806,Saddle / ICS,0.9506705935780296,0.12481155719965727,0.5558658434664984,0.31932259933384444
GCTCTATTCACATGCA_E15S,E15S,Tumor,normoxic_stable,-0.5449841870583532,-0.19580919373529,1.4149536302220684,0.938111424446106,0.938111424446106,0.2977986747183833,MC38,-0.5449841870583532,-0.19580919373529,Normoxic,1.0819554384520407,0.4075814506245459,0.3332497192598032,0.259168830115651
AAATGGGCATGATTGA_E15S,E15S,Tumor,normoxic_stable,-1.326554477412791,-0.1748185855468047,0.6922946473413303,0.9460779428482056,0.9460779428482056,0.3973228268776688,MC38,-1.326554477412791,-0.1748185855468047,Normoxic,1.0529356333942848,0.46046244691878324,0.32420595197746865,0.21533160110374816
AAAGCATGTCTAGAGA_E15S,E15S,Tumor,normoxic_stable,-1.1085149379361667,-0.0103421492137687,0.3686092591945407,0.9346722960472108,0.9346722960472108,0.1324208248265681,MC38,-1.1085149379361667,-0.0103421492137687,Normoxic,1.0562445955223412,0.45113840574787484,0.3329200594255983,0.215941534826527
ACTATGGTCCCTCGAC_E15S,E15S,Tumor,entering_hypoxia,0.0801344732178032,1.0731145595029743,0.3182747650106478,0.9418094754219056,0.9418094754219056,0.286200057553785,MC38,0.0801344732178032,1.0731145595029743,Saddle / ICS,0.98265813908743,0.12934848233447577,0.48628004986507223,0.384371467800452
GGCCGATCATTGCACC_E15S,E15S,Tumor,normoxic_stable,-1.2611121389500677,0.0275737870650553,0.8654521297103772,0.94805508852005,0.94805508852005,0.3912491009789979,MC38,-1.2611121389500677,0.0275737870650553,Normoxic,1.0552931968659922,0.44936821092771423,0.33797627492769344,0.21265551414459222
TGTAGAGGTCCCGTAA_E15S,E15S,Tumor,entering_deep_hypoxia,0.909981934709076,0.4336458373576639,1.2067491569354871,0.947661519050598,0.947661519050598,0.1775833049068521,MC38,0.909981934709076,0.4336458373576639,Hypoxic,0.8785197794733292,0.06463200239963443,0.40165018221377796,0.5337178153865876
GTGGATTCATGGTTGG_E15S,E15S,Tumor,entering_hypoxia,-0.8265412330795471,2.8306732229753315,1.3076351877080707,0.9480972290039062,0.9480972290039062,0.1689616831452395,MC38,-0.8265412330795471,2.8306732229753315,Saddle / ICS,0.7244518254121382,0.0064807424541597925,0.5373410629915161,0.45617819455432423
GTCCCATCAAACCGTG_E15S,E15S,Tumor,entering_hypoxia,0.1763984415536184,1.708034321597592,1.5581119003117931,0.9445203542709352,0.9445203542709352,0.1575741770372125,MC38,0.1763984415536184,1.708034321597592,Saddle / ICS,0.8395647106892175,0.04357220277873823,0.5128836283447958,0.4435441688764659
CTTAGTAGTTGTGCTG_E15S,E15S,Tumor,normoxic_stable,-0.9812329996233784,-0.2637075095579966,1.05037763205093,0.9435631632804872,0.9435631632804872,0.3114058439828889,MC38,-0.9812329996233784,-0.2637075095579966,Normoxic,1.0584738983990125,0.45696914024571145,0.316134277515475,0.2268965822388134
CCCTTACGTTATATCG_E15S,E15S,Tumor,normoxic_stable,-0.7834899668512286,0.3808681893372408,0.4208089805560342,0.9446877241134644,0.9446877241134644,0.3551222414164994,MC38,-0.7834899668512286,0.3808681893372408,Normoxic,1.0770274846450887,0.3833809486111389,0.3784019526710997,0.23821709871776123
TGGGAACGTGGAAGCT_E15S,E15S,Tumor,transitional,-0.3030910112155279,-0.3285378366030234,-0.0753299616014804,0.942215859889984,0.942215859889984,0.3601575876385378,MC38,-0.3030910112155279,-0.3285378366030234,Normoxic,1.0952720051878595,0.3638006237051661,0.3382826246094237,0.2979167516854102
CGACTAATCACCTCAT_E15S,E15S,Tumor,exiting_hypoxia,-0.3872758608668479,-1.4350374628028273,0.0285356679408837,0.9534251689910888,0.9534251689910888,0.1945910598964766,MC38,-0.3872758608668479,-1.4350374628028273,Hypoxic,1.062485556890869,0.239513536662893,0.3045673233318968,0.45591914000521017
TATACCTCAGCTACTC_E15S,E15S,Tumor,entering_hypoxia,-0.0149943644204759,1.0792720276649566,0.1531508293937027,0.9366281032562256,0.9366281032562256,0.1655894622351328,MC38,-0.0149943644204759,1.0792720276649566,Saddle / ICS,0.9952109060531779,0.14205638189353817,0.4880031797487471,0.36994043835771473
TGACCAGCACTTAGCC_E15S,E15S,Tumor,normoxic_stable,-1.7085975219642775,-0.0293621852811415,0.967713318606644,0.9448360800743104,0.9448360800743104,0.3799766541016122,MC38,-1.7085975219642775,-0.0293621852811415,Normoxic,1.0646485275398718,0.4256453679937483,0.3536198832652252,0.2207347487410265
TACCTCACAACATCCC_E15S,E15S,Tumor,entering_deep_hypoxia,0.5837809688721027,1.061816191350579,1.3244712630817763,0.942205011844635,0.942205011844635,0.2524469416846908,MC38,0.5837809688721027,1.061816191350579,Hypoxic,0.8885013471476528,0.06498405651746145,0.4618321521497403,0.47318379133279825
GGCTTCCTCATGCGCG_E15S,E15S,Tumor,entering_hypoxia,-0.6791117503625731,1.4189211242113131,2.0794156985223173,0.937507390975952,0.937507390975952,0.1040056306945033,MC38,-0.6791117503625731,1.4189211242113131,Saddle / ICS,0.9844170505877787,0.1477167128059394,0.5289893322834075,0.3232939549106531
CTTGATGAGGTGCTGT_E15S,E15S,Tumor,entering_deep_hypoxia,1.286170102368238,0.4574103851124349,0.3406055854540583,0.9327917098999025,0.9327917098999025,0.0787658354782514,MC38,1.286170102368238,0.4574103851124349,Hypoxic,0.7633763979499635,0.026960380468532132,0.3566420995202316,0.6163975200112363
AGAGACCGTGGAGCCA_E15S,E15S,Tumor,entering_hypoxia,-0.7003530531188017,1.8620886359114663,1.463063624001643,0.9447186589241028,0.9447186589241028,0.1500777807655497,MC38,-0.7003530531188017,1.8620886359114663,Saddle / ICS,0.8770507433585031,0.07029768913384185,0.5650722697738592,0.364630041092299
CCTATTCAGGTACGAG_E15S,E15S,Tumor,entering_hypoxia,-0.6949546977831432,1.163663710107827,1.40350013147123,0.9362115859985352,0.9362115859985352,0.1449556462696191,MC38,-0.6949546977831432,1.163663710107827,Saddle / ICS,1.0344454584936735,0.2064549387311113,0.4954877354808149,0.2980573257880737
CAAGCGAAGGCAATCC_E15S,E15S,Tumor,entering_hypoxia,-1.0330513731236293,0.62953838133011,-0.0726764334430941,0.941418468952179,0.941418468952179,0.3365468675985785,MC38,-1.0330513731236293,0.62953838133011,Saddle / ICS,1.0740536457194545,0.3540834258106402,0.40972439720850407,0.2361921769808558
ACAGTGAGTAAGCATG_E15S,E15S,Tumor,transitional,-0.1346408265753715,-0.2737468804514517,1.2009836678752357,0.9333896040916444,0.9333896040916444,0.1312579391936723,MC38,-0.1346408265753715,-0.2737468804514517,Saddle / ICS,1.0979030261673133,0.3259765371824538,0.3510751264082148,0.3229483364093314
TCCTCTTCAGCTAGGC_E15S,E15S,Tumor,persistent_hypoxia,0.4668475378560903,-0.0758518796288259,1.5200848452762536,0.9338611364364624,0.9338611364364624,0.189658839375587,MC38,0.4668475378560903,-0.0758518796288259,Hypoxic,1.0294063899394106,0.17014843972132906,0.38667937697155674,0.44317218330711416
CTAAGCCAGGTACTTG_E15S,E15S,Tumor,entering_hypoxia,-0.1680692039404065,2.398599719177305,1.231561192932486,0.9472249746322632,0.9472249746322632,0.1614987568092896,MC38,-0.1680692039404065,2.398599719177305,Saddle / ICS,0.7544053081127711,0.013811880734675602,0.5247203734101317,0.4614677458551927
GGAAGATTCTGGCTAA_E15S,E15S,Tumor,normoxic_stable,-0.6448669737924366,-0.2007763554772453,0.4570972220703549,0.9399738311767578,0.9399738311767578,0.326363958560892,MC38,-0.6448669737924366,-0.2007763554772453,Normoxic,1.0758221907066337,0.42261611678190225,0.3285197619126345,0.24886412130546323
ATCACTTCACAACGGC_E15S,E15S,Tumor,entering_deep_hypoxia,0.5631123474135014,0.9379613154478608,1.5068365322813388,0.9384071230888368,0.9384071230888368,0.1439345380830115,MC38,0.5631123474135014,0.9379613154478608,Hypoxic,0.9127270847053568,0.07789699350831389,0.45740595062061384,0.46469705587107213
CGTACTAAGCATTAGT_E15S,E15S,Tumor,exiting_hypoxia,0.1015983413517716,-0.4086546968748741,0.788357197932258,0.9343677163124084,0.9343677163124084,0.1718251787965694,MC38,0.1015983413517716,-0.4086546968748741,Hypoxic,1.0873866355877853,0.26534467954198715,0.35504170275449826,0.3796136177035146
CCTACCATCATAGAGA_E15S,E15S,Tumor,entering_deep_hypoxia,1.2247977058100872,0.7646572172796361,-0.0113655560458614,0.9366395473480223,0.9366395473480223,0.1059666598642332,MC38,1.2247977058100872,0.7646572172796361,Hypoxic,0.7648845696599201,0.024179122280702632,0.377097588943552,0.5987232887757453
CGCTACTCATTCGGAG_E15S,E15S,Tumor,normoxic_stable,-1.282410276263841,-0.3072072777166602,0.8347714878541176,0.9443603157997132,0.9443603157997132,0.3939789027835242,MC38,-1.282410276263841,-0.3072072777166602,Normoxic,1.053604778915057,0.4639202739757427,0.3156975567685356,0.22038216925572157
ATCCTAAGTTCCGGGT_E15S,E15S,Tumor,normoxic_stable,-0.5364412767782532,0.1948240867712898,0.1762943428323485,0.9465509057044984,0.9465509057044984,0.4174267309632181,MC38,-0.5364412767782532,0.1948240867712898,Normoxic,1.08439612393573,0.3777640590032603,0.36636810312812396,0.25586783786861583
GCGGGAACATTGGAGT_E15S,E15S,Tumor,transitional,0.0889743753845053,0.1960239131712502,0.5507869558499373,0.9307332038879396,0.9307332038879396,0.2702340918420342,MC38,0.0889743753845053,0.1960239131712502,Saddle / ICS,1.0797165208137258,0.2475686037949528,0.3997835515570673,0.35264784464797994
GCATAGCTCGTTGCCC_E15S,E15S,Tumor,normoxic_stable,-0.8191338347152294,0.1593679577348579,0.1754323964930887,0.937345027923584,0.937345027923584,0.2118184449543289,MC38,-0.8191338347152294,0.1593679577348579,Normoxic,1.0704670217888297,0.41744362044668165,0.35207544286523873,0.23048093668807954
TCTGGGTAGTGGGTTC_E15S,E15S,Tumor,normoxic_stable,-1.1201207589197248,-0.1564193866865302,-0.1046165483433871,0.9445518255233764,0.9445518255233764,0.4086118063922129,MC38,-1.1201207589197248,-0.1564193866865302,Normoxic,1.05421573780392,0.4598710365473839,0.3221181769767955,0.2180107864758206
TATGAGGGTGGGTATA_E15S,E15S,Tumor,normoxic_stable,-0.4863512298977022,-0.1713459255848492,1.2672120773586506,0.9348892569541932,0.9348892569541932,0.1541654836781369,MC38,-0.4863512298977022,-0.1713459255848492,Normoxic,1.0853436595856505,0.3970862876650604,0.33773676379384643,0.26517694854109325
CCCGTTGCACTTACAT_E15S,E15S,Tumor,entering_hypoxia,-1.0155652276591105,0.9992755379251832,1.4798427624314647,0.9406391382217408,0.9406391382217408,0.1429577328774351,MC38,-1.0155652276591105,0.9992755379251832,Saddle / ICS,1.0590393735406034,0.2665780490853923,0.4694202497390563,0.26400170117555144
GTACCCAGTTTAGCGT_E15S,E15S,Tumor,entering_hypoxia,-0.2324873767125923,0.6595966512669973,-0.0031457967185029,0.937973976135254,0.937973976135254,0.2401614919360158,MC38,-0.2324873767125923,0.6595966512669973,Saddle / ICS,1.0728807416395896,0.2530617201591519,0.436035808466762,0.31090247137408616
TCGTCATTCACTAGCA_E15S,E15S,Tumor,normoxic_stable,-2.179652996931708,-0.2499072728083281,-0.1531394068949385,0.9441436529159546,0.9441436529159546,0.3872658348956689,MC38,-2.179652996931708,-0.2499072728083281,Saddle / ICS,1.0864661029165985,0.35683955658455274,0.38066260736599894,0.26249783604944826
GCACCAACAACTATCT_E15S,E15S,Tumor,entering_hypoxia,0.1238649458289109,2.083926986114309,1.5645363051774663,0.947497308254242,0.947497308254242,0.183679884713599,MC38,0.1238649458289109,2.083926986114309,Saddle / ICS,0.780244624206193,0.021269245098572313,0.5125450224589193,0.46618573244250844
CTGTAACGTAATTCGC_E15S,E15S,Tumor Proliferating,exiting_hypoxia,0.500965335711448,-0.9972150873564224,1.7046924774524166,0.9457968473434448,0.9457968473434448,0.2804507272377896,MC38,0.500965335711448,-0.9972150873564224,Hypoxic,0.9583513836557309,0.12963585496119787,0.32040502426330125,0.5499591207755009
TACCTCACACTCGCTG_E15S,E15S,Tumor,normoxic_stable,-2.213245873146641,-0.1351889143470598,0.2914300702176034,0.9447134137153624,0.9447134137153624,0.3653926045872828,MC38,-2.213245873146641,-0.1351889143470598,Saddle / ICS,1.0850815754759013,0.3463339281319878,0.3921772633368527,0.26148880853115947
ACCCCGTTCCGTGGAT_E15S,E15S,Hypoxic Tumor,entering_deep_hypoxia,0.9247627064385434,0.9272855535675192,1.2068792474807972,0.9426125288009644,0.9426125288009644,0.2089418122661815,MC38,0.9247627064385434,0.9272855535675192,Hypoxic,0.8268163528305623,0.040133672530693644,0.4225351627184182,0.5373311647508882
ACAGAATGTTCATCCC_E15S,E15S,Tumor,normoxic_stable,-0.8391028139516096,-0.2806321969337372,1.904766773280088,0.9382979869842528,0.9382979869842528,0.2308263120124009,MC38,-0.8391028139516096,-0.2806321969337372,Normoxic,1.0650553222811106,0.4464186945660192,0.31764509866029517,0.2359362067736857
TCAACTGAGAAGCCAG_E15S,E15S,Tumor,normoxic_stable,-1.1932430413779904,-0.2797030007607739,0.5420130281312673,0.921584963798523,0.921584963798523,0.1743340269573373,MC38,-1.1932430413779904,-0.2797030007607739,Normoxic,1.0535482257845659,0.46407711798690227,0.31552988468766013,0.22039299732543777
CGGCCTAAGCGCATTA_E15S,E15S,Tumor,normoxic_stable,-1.4307584746216435,-0.3686650493558994,2.101793295097768,0.9338991045951844,0.9338991045951844,0.1811657823677409,MC38,-1.4307584746216435,-0.3686650493558994,Normoxic,1.0567065433797511,0.45885508725993385,0.31739642356498987,0.2237484891750762
CCAAGGGGTTCTGGCA_E15S,E15S,Tumor,normoxic_stable,-0.6104134065305099,-0.2145142136389559,1.1193354288657371,0.9396530985832214,0.9396530985832214,0.2316111327486155,MC38,-0.6104134065305099,-0.2145142136389559,Normoxic,1.0780088304447144,0.4180677655640481,0.32911631217237614,0.25281592226357574
ACCGACTAGCATGCAC_E15S,E15S,Tumor,reverted_stable,-1.4019904216926902,-0.4068682453493693,0.7272263567351581,0.940458595752716,0.940458595752716,0.2575769522241806,MC38,-1.4019904216926902,-0.4068682453493693,Normoxic,1.0570887730088327,0.4595545073530325,0.31481207927740823,0.22563341336955933
CTACACCCACCTATAT_E15S,E15S,Tumor,reverted_stable,-0.8771688688474688,-0.6872586676118561,1.335385628805422,0.94155353307724,0.94155353307724,0.3256256750271253,MC38,-0.8771688688474688,-0.6872586676118561,Normoxic,1.0759745452441964,0.432468457032245,0.3037359154167026,0.26379562755105246
ACCCGATAGGCGTCCA_E15S,E15S,Tumor,entering_hypoxia,-0.2891918371770198,1.7776429117897243,0.2198939088398419,0.9455106854438782,0.9455106854438782,0.2464451436438089,MC38,-0.2891918371770198,1.7776429117897243,Saddle / ICS,0.8725809044174289,0.06319008114575589,0.5445170918331427,0.39229282702110135
CATAGGCTCGATTGCA_E15S,E15S,Tumor,entering_hypoxia,-0.116876379084116,0.9006334914451134,1.4396804712719284,0.931479036808014,0.931479036808014,0.1553134646984699,MC38,-0.116876379084116,0.9006334914451134,Saddle / ICS,1.0370177712108717,0.18895164372514578,0.4686207833065818,0.3424275729682723
CTAAAGCCAAGGTCCA_E15S,E15S,Tumor,reverted_stable,-1.509210048376697,-0.5601778588173452,0.3491353524802587,0.9447205066680908,0.9447205066680908,0.3938410966101667,MC38,-1.509210048376697,-0.5601778588173452,Normoxic,1.0653923794505609,0.4473396244878786,0.3144421073318539,0.23821826818026745
CTAAACCGTCTAAGGA_E15S,E15S,Tumor,persistent_hypoxia,0.5667362233071644,0.0429591877493743,0.4672740595614546,0.9337008595466614,0.9337008595466614,0.1266846250678813,MC38,0.5667362233071644,0.0429591877493743,Hypoxic,1.001710074040583,0.14299489901832155,0.3946092585804033,0.4623958424012753
GTCACCCTCAGCCAAC_E15S,E15S,Tumor,normoxic_stable,-1.296800545812457,0.0131374142290108,0.8512673050682357,0.9443475604057312,0.9443475604057312,0.282210103107348,MC38,-1.296800545812457,0.0131374142290108,Normoxic,1.0549826926664445,0.4500630770343031,0.3375222480594489,0.21241467490624802
TACCACAAGCATCGCG_E15S,E15S,Tumor,persistent_hypoxia,0.677078106209686,-0.0112325942751646,0.3167353178327624,0.9453563690185548,0.9453563690185548,0.3281079353620381,MC38,0.677078106209686,-0.0112325942751646,Hypoxic,0.9722182253277001,0.12118167588239787,0.3872543830418094,0.4915639410757926
ACGTTCCCATAGGCCA_E15S,E15S,Tumor,persistent_hypoxia,0.6599657426937561,0.0348037886066017,-0.2312535331944903,0.9441974759101868,0.9441974759101868,0.3066632154174528,MC38,0.6599657426937561,0.0348037886066017,Hypoxic,0.9761006073915164,0.12331978640707578,0.39131082684917035,0.48536938674375374
GGCGAGACAGCCATTC_E15S,E15S,Tumor,normoxic_stable,-0.6855054817868436,-0.2948866109798619,1.629727908744552,0.941552996635437,0.941552996635437,0.2886532854916291,MC38,-0.6855054817868436,-0.2948866109798619,Normoxic,1.0739958665734304,0.42946549839061177,0.3215692282044443,0.24896527340494387
CAACCAATCCCGCTGT_E15S,E15S,Tumor,entering_hypoxia,-0.5736480403334443,0.7724513032608279,0.4798263526730881,0.9368131756782532,0.9368131756782532,0.2120037274894684,MC38,-0.5736480403334443,0.7724513032608279,Saddle / ICS,1.0743524296482856,0.283748734052803,0.4393303022914057,0.2769209636557913
CAATCCGGTTGCAGGG_E15S,E15S,Tumor Proliferating,entering_deep_hypoxia,0.452472405213289,0.6549584483310716,1.6415746870676216,0.9545857310295104,0.9545857310295104,0.0580667478484928,MC38,0.452472405213289,0.6549584483310716,Saddle / ICS,0.9790630132554007,0.12172693733978028,0.44432120999933694,0.4339518526608827
TACAGCGCATTACCGC_E15S,E15S,Tumor,entering_hypoxia,-1.530912785322053,0.5827930363164036,2.214143494445654,0.935395121574402,0.935395121574402,0.1597126992873476,MC38,-1.530912785322053,0.5827930363164036,Saddle / ICS,1.0699542753810654,0.3565688305924445,0.4150261322535525,0.22840503715400312
ACACTCCCAAGCGGAG_E15S,E15S,Tumor,entering_deep_hypoxia,0.3163915838170503,1.0259615225954108,0.0647022764017446,0.9386374354362488,0.9386374354362488,0.2021999300165957,MC38,0.3163915838170503,1.0259615225954108,Saddle / ICS,0.9503582411671618,0.10206232783538555,0.47605927143742205,0.42187840072719246
GTCTCACCATCGACAG_E15S,E15S,Tumor,persistent_hypoxia,0.5075708770760159,-0.0693797506399897,1.3021001683466695,0.9394069910049438,0.9394069910049438,0.2774638204810925,MC38,0.5075708770760159,-0.0693797506399897,Hypoxic,1.0195995199196042,0.16027507003668234,0.3869718968175579,0.45275303314575976
TCACATAGTCATCAAC_E15S,E15S,Tumor,transitional,-0.0885200139046624,0.2193965500058852,1.4426876921913852,0.9345401525497437,0.9345401525497437,0.0843887273386987,MC38,-0.0885200139046624,0.2193965500058852,Saddle / ICS,1.089877468364782,0.28712433209648974,0.3932420545098097,0.31963361339370044
GGACGTAAGGGGCTAA_E15S,E15S,Tumor,entering_deep_hypoxia,0.607578746599469,2.686413373499537,1.391602649955136,0.947756826877594,0.947756826877594,0.1730332715131395,MC38,0.607578746599469,2.686413373499537,Hypoxic,0.6908954012193906,0.002011268110419361,0.41168678921239643,0.5863019426771843
GGTATGGAGGGTTGCT_E15S,E15S,Tumor,entering_hypoxia,-0.4671173258487657,1.9767777847136985,1.1038658355639388,0.9487065076828004,0.9487065076828004,0.1771352518951458,MC38,-0.4671173258487657,1.9767777847136985,Saddle / ICS,0.8395641763869193,0.04858596970600293,0.5577950183751124,0.3936190119188847
TCTGACAAGCGGATGA_E15S,E15S,Tumor,entering_hypoxia,-0.3175371978564433,1.8761231518588168,0.3090040130238564,0.947124719619751,0.947124719619751,0.2202491551207576,MC38,-0.3175371978564433,1.8761231518588168,Saddle / ICS,0.8524736232509511,0.053351939916011816,0.5484100818062,0.3982379782777881
GCCAATTGTAAGTACG_E15S,E15S,Tumor,transitional,-0.2490816900469788,0.1554867081859431,0.378782550675719,0.9423658847808838,0.9423658847808838,0.2089329838612359,MC38,-0.2490816900469788,0.1554867081859431,Saddle / ICS,1.0931796810143364,0.3290342274805577,0.37795307093623304,0.2930127015832092
ACACGATCAAGCTACG_E15S,E15S,Tumor,transitional,0.0483281566157126,-0.2755406014901552,0.1712673480711366,0.9376424551010132,0.9376424551010132,0.1399931714259098,MC38,0.0483281566157126,-0.2755406014901552,Saddle / ICS,1.0921667276246556,0.28060353464916066,0.3607932910031147,0.35860317434772465
TGAAACGGTATAGACG_E15S,E15S,Tumor,persistent_hypoxia,0.4689009521471101,-0.2198747769149017,1.3604369375883665,0.9333577156066896,0.9333577156066896,0.0711855348284468,MC38,0.4689009521471101,-0.2198747769149017,Hypoxic,1.0296890487929167,0.17221418174931685,0.3760322942617872,0.451753523988896
CCAGATTGTTTCGTCC_E15S,E15S,Tumor,normoxic_stable,-0.7546964841238228,0.0809795286451512,0.0334435130871541,0.9446057677268982,0.9446057677268982,0.3357444232347822,MC38,-0.7546964841238228,0.0809795286451512,Normoxic,1.071875672500936,0.4190531122668055,0.34628486572182776,0.2346620220113667
TCATAACAGCGCATGT_E15S,E15S,Tumor,entering_deep_hypoxia,1.23129015242839,2.074616621676085,1.4383162120829618,0.938173770904541,0.938173770904541,0.1225234537842808,MC38,1.23129015242839,2.074616621676085,Hypoxic,0.6705280829259151,0.0026134132686196168,0.36022061496265384,0.6371659717687265
TATCCTTGTCATTACA_E15S,E15S,Tumor,entering_hypoxia,-2.2181836838024127,0.8395106348333421,2.73614912337458,0.9390551447868348,0.9390551447868348,0.15564351018919,MC38,-2.2181836838024127,0.8395106348333421,Saddle / ICS,1.0332207865818572,0.21741606206572017,0.5038549991688253,0.2787289387654545
CTGCTGCTCACCTATC_E15S,E15S,Tumor,normoxic_stable,-1.066866852202763,-0.0174772217877721,1.306277173539091,0.940780758857727,0.940780758857727,0.2508265462710878,MC38,-1.066866852202763,-0.0174772217877721,Normoxic,1.0570934830567833,0.4503506752255063,0.3322860098329565,0.21736331494153732
ACAGTCGCAGCATGTG_E15S,E15S,Tumor Proliferating,entering_deep_hypoxia,0.3703677669542162,0.4461461265272576,1.4700582366054182,0.9428114295005798,0.9428114295005798,0.0575760731349718,MC38,0.3703677669542162,0.4461461265272576,Saddle / ICS,1.0203738604067465,0.15856926136262586,0.4286918638752058,0.4127388747621684
GCTTTGAAGAAGCTAA_E15S,E15S,Tumor,normoxic_stable,-1.3189296194537727,0.3364271851124822,0.8265176552724249,0.940096914768219,0.940096914768219,0.2296873255875721,MC38,-1.3189296194537727,0.3364271851124822,Normoxic,1.0646290287362736,0.41099048920515396,0.37241496298901783,0.21659454780582826
CAATGGTCAGGGACGA_E15S,E15S,Tumor,normoxic_stable,-1.1974917720984062,0.2156476991068841,-0.0542508614686805,0.9474151134490968,0.9474151134490968,0.3886686226786899,MC38,-1.1974917720984062,0.2156476991068841,Normoxic,1.0611794721068422,0.4293725839826439,0.3555845186757344,0.21504289734162177
CGTGAGAAGCGATGTC_E15S,E15S,Tumor Proliferating,persistent_hypoxia,1.4186583662204364,0.2402569788412922,1.4591857627883005,0.936049461364746,0.936049461364746,0.0751544469107539,MC38,1.4186583662204364,0.2402569788412922,Hypoxic,0.7273811490820266,0.021658458452301334,0.326442709862448,0.6518988316852506
ACGTTAACAATTGCTT_E15S,E15S,Tumor,entering_deep_hypoxia,0.2933083844427773,0.5119673093475268,0.528564819285253,0.9302561283111572,0.9302561283111572,0.1030128814683201,MC38,0.2933083844427773,0.5119673093475268,Saddle / ICS,1.0285594246928842,0.16796394054405292,0.43433868883028814,0.39769737062565896
TCGCAAATCGAAGCTC_E15S,E15S,Tumor,transitional,-0.1435034747640754,-0.1211420675875169,0.2526552253160631,0.9584088325500488,0.9584088325500488,0.2687243881296696,MC38,-0.1435034747640754,-0.1211420675875169,Saddle / ICS,1.096851564978179,0.3247769771834813,0.3608097999021492,0.3144132229143695
AAGTGGACATAGGCTG_E15S,E15S,Hypoxic Tumor,transitional,-0.2875000700224598,-0.1754338308739552,0.2757675571565632,0.8471428751945496,0.8471428751945496,0.9829939833278842,MC38,-0.2875000700224598,-0.1754338308739552,Normoxic,1.094739993257883,0.3588088359222395,0.34848715099787075,0.2927040130798898
CATGGGTTCTGTGGCG_E15S,E15S,Tumor,normoxic_stable,-1.3446547705542649,-0.0862061177631353,0.7688424808720798,0.946556806564331,0.946556806564331,0.3952204413732371,MC38,-1.3446547705542649,-0.0862061177631353,Normoxic,1.0536483493013917,0.45582167082082503,0.33083938317402656,0.21333894600514836
GCTTCATTCAGGACTC_E15S,E15S,Tumor,transitional,0.2608551303116804,0.3254007480108845,0.5794343800895326,0.9440051913261414,0.9440051913261414,0.2786593177585006,MC38,0.2608551303116804,0.3254007480108845,Saddle / ICS,1.0505451273823727,0.19456785747116923,0.4171426633931744,0.3882894791356564
TGACTAACAATAGACC_E15S,E15S,Tumor,entering_hypoxia,-0.4177721845034913,1.2440317464334782,1.3405454230557616,0.9443319439888,0.9443319439888,0.1722788231209478,MC38,-0.4177721845034913,1.2440317464334782,Saddle / ICS,1.0054360211302478,0.1622099590785296,0.5068176350074362,0.3309724059140342
CGCCATTCAATCGACG_E15S,E15S,Tumor,entering_hypoxia,-0.7183652289334775,0.6115853837353739,0.8225336355361369,0.939755082130432,0.939755082130432,0.1820633253616587,MC38,-0.7183652289334775,0.6115853837353739,Saddle / ICS,1.079749231942487,0.3344860128874915,0.4116005618976424,0.2539134252148662
AAGTAAGTCGCTGGCA_E15S,E15S,Tumor,normoxic_stable,-1.4885282278716976,0.0599913634841125,-0.077280116607227,0.9467626214027404,0.9467626214027404,0.4318435356901175,MC38,-1.4885282278716976,0.0599913634841125,Normoxic,1.0585444624807567,0.4380698598723404,0.3485394099659101,0.2133907301617495
AGTGGTTCATTAGTTC_E15S,E15S,Tumor,transitional,0.2702505640378572,0.1288682749216407,0.2362400260012231,0.9363583922386168,0.9363583922386168,0.1918838989167038,MC38,0.2702505640378572,0.1288682749216407,Saddle / ICS,1.0605623827462343,0.208540780993125,0.40027584026336804,0.39118337874350695
AGAGAATCAGGCTATG_E15S,E15S,Tumor,entering_hypoxia,-0.0385922922946441,2.434057007041329,0.3153155017543377,0.9480198621749878,0.9480198621749878,0.1848621826195358,MC38,-0.0385922922946441,2.434057007041329,Saddle / ICS,0.745224518055859,0.010912210551744614,0.5104445614515413,0.47864322799671416
GGTAAATGTGATTGAG_E15S,E15S,Tumor,normoxic_stable,-1.0497822464580395,-0.123529872362353,-0.0671622929467856,0.9429162740707396,0.9429162740707396,0.3822825234756292,MC38,-1.0497822464580395,-0.123529872362353,Normoxic,1.056136766875493,0.45612364048864823,0.32428978238984274,0.21958657712150903
GGGGATGCAAGCCTAG_E15S,E15S,Tumor,exiting_hypoxia,0.3639256055639944,-1.0007145901430552,0.469901428451803,0.940558910369873,0.940558910369873,0.3418850885061112,MC38,0.3639256055639944,-1.0007145901430552,Hypoxic,0.9977656763682938,0.15823861954783408,0.3241395970382111,0.5176217834139548
GTCTGGACAAATCTAG_E15S,E15S,Tumor,normoxic_stable,-0.5310218375321449,0.1008352594993358,0.9793137051148256,0.943328619003296,0.943328619003296,0.3083571959800629,MC38,-0.5310218375321449,0.1008352594993358,Normoxic,1.0838457416519736,0.38694918102631065,0.3573091622481122,0.2557416567255771
TGAGCCACATCATCGC_E15S,E15S,Tumor,normoxic_stable,-1.4986466813936572,0.0921211738508252,0.8342157468315428,0.9443212747573853,0.9443212747573853,0.3313738901000514,MC38,-1.4986466813936572,0.0921211738508252,Normoxic,1.0594845600761786,0.4343138940730866,0.35206020164444446,0.213625904282469
CCCACGTTCATGCGCG_E15S,E15S,Tumor,transitional,-0.2313967773890801,0.2667343690035876,0.2236244811441092,0.9426637291908264,0.9426637291908264,0.2269568937298153,MC38,-0.2313967773890801,0.2667343690035876,Saddle / ICS,1.0913121823060845,0.3129895015665865,0.390169944682714,0.29684055375069945
TGATTCCTCCATAGGC_E15S,E15S,Tumor,transitional,-0.0927470355167051,-0.2608979732739603,0.91888021412545,0.9379724264144896,0.9379724264144896,0.1725661465578366,MC38,-0.0927470355167051,-0.2608979732739603,Saddle / ICS,1.0974845088690053,0.31583859298218253,0.35424800331626954,0.3299134037015478
ACCATCAAGCATGAGG_E15S,E15S,Tumor,normoxic_stable,-1.5679589695862772,-0.3674934919766787,-0.0124771395712494,0.9411727786064148,0.9411727786064148,0.3580708243140301,MC38,-1.5679589695862772,-0.3674934919766787,Normoxic,1.0608711610738664,0.4497432983562908,0.3237136061358374,0.226543095507872
ATGCACGCAGCTCTCG_E15S,E15S,Tumor,transitional,-0.0603802975957734,0.4052795582198935,1.0214046909749397,0.9354507327079772,0.9354507327079772,0.1625341080320737,MC38,-0.0603802975957734,0.4052795582198935,Saddle / ICS,1.080448741768592,0.25852124104926394,0.41378693693968754,0.3276918220110485
CCAGAGAAGGGTTAGG_E15S,E15S,Tumor,entering_deep_hypoxia,0.3314356960278327,0.8444136108258401,0.3936309968036154,0.9420411586761476,0.9420411586761476,0.2223406531715667,MC38,0.3314356960278327,0.8444136108258401,Saddle / ICS,0.9777686243559314,0.12161407966766365,0.46224737161184526,0.4161385487204911
GCCACAACAAAGGGTA_E15S,E15S,Tumor,entering_deep_hypoxia,1.3585094616662972,0.7854644577987497,1.227011848083239,0.9382097721099854,0.9382097721099854,0.0597153857797305,MC38,1.3585094616662972,0.7854644577987497,Hypoxic,0.7296188099346578,0.016840709077376382,0.3569792815279311,0.6261800093946924
ACAGGGATCCATCCCA_E15S,E15S,Tumor,normoxic_stable,-0.6640669824564079,-0.1029102143756708,0.73394292883884,0.9469391107559204,0.9469391107559204,0.3617996944962651,MC38,-0.6640669824564079,-0.1029102143756708,Normoxic,1.0747290813034174,0.421446878669035,0.3343382728230614,0.24421484850790362
CCACGCAAGAACGATA_E15S,E15S,Tumor,entering_hypoxia,-1.28961720338922,1.355273451722349,1.6866431350543818,0.9424356818199158,0.9424356818199158,0.2016245380345534,MC38,-1.28961720338922,1.355273451722349,Saddle / ICS,1.0042482302941282,0.18068767933657562,0.530346986940469,0.28896533372295546
CGAACTATCGCGACAT_E15S,E15S,Tumor,entering_hypoxia,-1.0057652552962706,2.3847799700706283,1.253673426033522,0.946439266204834,0.946439266204834,0.157588024433509,MC38,-1.0057652552962706,2.3847799700706283,Saddle / ICS,0.7731154665908857,0.023902072675610758,0.5770554588439073,0.39904246848048197
CCCTAACCATCGGTTC_E15S,E15S,Tumor,normoxic_stable,-0.9541655460403774,0.3883085786949302,0.1301309558022791,0.9399783611297609,0.9399783611297609,0.308644661716469,MC38,-0.9541655460403774,0.3883085786949302,Normoxic,1.071759385033571,0.39582197230271293,0.3760754788728896,0.22810254882439748
AGGCAATAGGCGCTTG_E15S,E15S,Tumor,entering_deep_hypoxia,0.5273448504723757,0.7156929501618934,1.2830305940086004,0.9426810145378112,0.9426810145378112,0.2017145183225549,MC38,0.5273448504723757,0.7156929501618934,Hypoxic,0.9535940882320453,0.10315680807753694,0.44586487266896985,0.4509783192534933
TACACAACAAACCCAG_E15S,E15S,Tumor,entering_hypoxia,-0.9161071892116291,1.0768011329430245,0.3458526982786614,0.941409468650818,0.941409468650818,0.2723829993359489,MC38,-0.9161071892116291,1.0768011329430245,Saddle / ICS,1.0506757601493684,0.2426964727704766,0.48172566317480237,0.2755778640547209
CCGCCTTAGTGACCGT_E15S,E15S,Hypoxic Tumor,transitional,-0.1011182768670669,-0.2965081591917204,0.3702900510486917,0.8666019439697266,0.8666019439697266,1.0,MC38,-0.1011182768670669,-0.2965081591917204,Saddle / ICS,1.097749862864911,0.31797856496432053,0.3515814884152153,0.3304399466204643
CTCCAGCTCCCATTAC_E15S,E15S,Tumor,entering_deep_hypoxia,0.3235855152124292,0.426562174337696,0.2710244881857157,0.9366481900215148,0.9366481900215148,0.169050411799765,MC38,0.3235855152124292,0.426562174337696,Saddle / ICS,1.0313200970171286,0.17053964137937727,0.42692896042372946,0.4025313981968933
GGCATTCAGTAGTTAC_E15S,E15S,Tumor,transitional,-0.2084118586200387,-0.1498477024244194,1.0290201760832238,0.9574676752090454,0.9574676752090454,0.3741980441552316,MC38,-0.2084118586200387,-0.1498477024244194,Saddle / ICS,1.0965510152810443,0.34071347937681373,0.3549139315991855,0.3043725890240009
AGACGTTCAGGGACTC_E15S,E15S,Tumor,entering_hypoxia,-0.5537652291278982,1.4557861022222558,0.439874159178814,0.942703366279602,0.942703366279602,0.2622500227379361,MC38,-0.5537652291278982,1.4557861022222558,Saddle / ICS,0.9692920574925263,0.13147521336409296,0.531382032424812,0.337142754211095
GCGCATTAGAAGCGGC_E15S,E15S,Tumor,normoxic_stable,-0.8771016753194576,0.0657887659731533,0.6889984727244457,0.9432922601699828,0.9432922601699828,0.3300529200048896,MC38,-0.8771016753194576,0.0657887659731533,Normoxic,1.0656712734278024,0.43219847965531744,0.3416356916855759,0.22616582865910673
CGCTTCATCATCTAGG_E15S,E15S,Tumor,normoxic_stable,-0.4596686542556983,0.1763398446502252,0.2096882978865981,0.9415107369422911,0.9415107369422911,0.3090180639236274,MC38,-0.4596686542556983,0.1763398446502252,Saddle / ICS,1.0875001368041528,0.3672611658506803,0.36830017861861125,0.26443865553070844
AGGACCAAGAAGCGAT_E15S,E15S,Tumor,transitional,-0.1961161241038937,0.0023763943619058,-0.0164874188342459,0.951065719127655,0.951065719127655,0.229018247896398,MC38,-0.1961161241038937,0.0023763943619058,Saddle / ICS,1.0954342370314631,0.3303294865402874,0.3673260666651849,0.3023444467945277
CTCGAATGTTGCATAC_E15S,E15S,Tumor,entering_hypoxia,-0.5664091963457961,1.2987744432688446,0.8269400022003275,0.9389564990997314,0.9389564990997314,0.1423057419613932,MC38,-0.5664091963457961,1.2987744432688446,Saddle / ICS,1.0042080814107959,0.16492853284422873,0.5137515611859145,0.32131990596985677
TAAGCACCAACATCAA_E15S,E15S,Tumor,entering_hypoxia,-0.2301468644191772,0.4638363930401628,1.2827828215142814,0.9403648972511292,0.9403648972511292,0.2099725752715446,MC38,-0.2301468644191772,0.4638363930401628,Saddle / ICS,1.0848239640462296,0.2854431204837744,0.4122446504399512,0.3023122290762746
GTGTCCCTCCGTTACT_E15S,E15S,Tumor,normoxic_stable,-0.8718111412109968,-0.1062944910489522,-0.3010173966324307,0.943731427192688,0.943731427192688,0.3893575502420366,MC38,-0.8718111412109968,-0.1062944910489522,Normoxic,1.063228303413012,0.4441371095537609,0.3276975308210478,0.2281653596251914
CATTAGGTCCGCTGTC_E15S,E15S,Tumor,entering_deep_hypoxia,0.3540616673209578,0.7229738729290519,1.4113294194003263,0.9429444074630736,0.9429444074630736,0.1976792767218469,MC38,0.3540616673209578,0.7229738729290519,Saddle / ICS,0.9911072772187896,0.13203127180848062,0.4520555999229803,0.41591312826853905
TCCCACGCAGGGCATC_E15S,E15S,Tumor,normoxic_stable,-1.1701731973495966,0.3957066573385437,0.5015971718261099,0.934840738773346,0.934840738773346,0.2069302665706706,MC38,-1.1701731973495966,0.3957066573385437,Normoxic,1.0674973436993502,0.40231511839277184,0.3770838406852986,0.2206010409219296
ACGATATTCGTCTATC_E15S,E15S,Tumor,entering_hypoxia,-0.0366583721335094,0.4206139420909089,1.012209679070836,0.9373393058776855,0.9373393058776855,0.2261037477944181,MC38,-0.0366583721335094,0.4206139420909089,Saddle / ICS,1.0779595700818545,0.2512849382795146,0.41649289451315724,0.33222216720732817
CATAAGCCAGGTTGGC_E15S,E15S,Tumor,normoxic_stable,-1.951286288849619,-0.2604175647755191,-0.1279477570185062,0.9437820911407472,0.9437820911407472,0.345965463004204,MC38,-1.951286288849619,-0.2604175647755191,Normoxic,1.0775100643519517,0.40083865149148407,0.3571889906998808,0.24197235780863519
GGATTAGGTTCAATGC_E15S,E15S,Tumor,reverted_stable,-1.0921538742562236,-0.8541927459182744,0.8237043065932307,0.9455633163452148,0.9455633163452148,0.3823134572007154,MC38,-1.0921538742562236,-0.8541927459182744,Normoxic,1.0792469098815107,0.42614175109746544,0.30128324279488267,0.272575006107652
ACAAGCGAGCCCGTAG_E15S,E15S,Tumor,normoxic_stable,-1.684365958536428,0.1614335190853187,-0.0371080219535403,0.943686842918396,0.943686842918396,0.390270855298714,MC38,-1.684365958536428,0.1614335190853187,Normoxic,1.0662202425738179,0.41059844196856327,0.36989013720683994,0.2195114208245968
TACAACTAGCTTAACG_E15S,E15S,Tumor,persistent_hypoxia,1.161261199348145,0.3699956317948771,0.1511398182895209,0.940325915813446,0.940325915813446,0.3172243087860879,MC38,1.161261199348145,0.3699956317948771,Hypoxic,0.8043862107488973,0.03874002754506575,0.3697162429793767,0.5915437294755576
TCGTTTCAGGGCTATC_E15S,E15S,Tumor,entering_hypoxia,0.0413430006633943,1.267104164494636,-0.2100027554126444,0.9400399923324584,0.9400399923324584,0.259573316821229,MC38,0.0413430006633943,1.267104164494636,Saddle / ICS,0.9500333248844421,0.10544261117008275,0.5027859415354109,0.39177144729450636
TCTGCACCAATCAGTA_E15S,E15S,Tumor,persistent_hypoxia,0.5277370173062337,-0.3767130328694394,0.9542572520024608,0.9421091079711914,0.9421091079711914,0.318121171268344,MC38,0.5277370173062337,-0.3767130328694394,Hypoxic,1.0116287686806533,0.1573870976572234,0.3642985846440859,0.47831431769869065
AACGGTGAGGCGTCTG_E15S,E15S,Tumor,entering_deep_hypoxia,1.408347856216951,2.02536097279767,-0.2461407261214464,0.938434898853302,0.938434898853302,0.1832184567269673,MC38,1.408347856216951,2.02536097279767,Hypoxic,0.6486045153514737,0.0018374985047198906,0.33250326369202277,0.6656592378032573
GGGTAATAGTAAGGGT_E15S,E15S,Tumor,entering_hypoxia,-0.6772743559320121,0.8553147296933333,0.3715061820233978,0.94329035282135,0.94329035282135,0.2963435235037349,MC38,-0.6772743559320121,0.8553147296933333,Saddle / ICS,1.0697647071824525,0.27727735764848066,0.4491696492892832,0.2735529930622361
TGTGCCAGTTCCCGTT_E15S,E15S,Tumor,exiting_hypoxia,-0.1139512508205239,-0.4859545906513419,-0.0951114220682735,0.9398043155670166,0.9398043155670166,0.2224495580953953,MC38,-0.1139512508205239,-0.4859545906513419,Hypoxic,1.0980012604270837,0.3169520960029939,0.34067306941423703,0.342374834582769
TGCCCTCAGCTACTCT_E15S,E15S,Tumor,normoxic_stable,-0.8868038626607849,-0.1507150471270564,0.557294878689577,0.9459089040756226,0.9459089040756226,0.4100234679967801,MC38,-0.8868038626607849,-0.1507150471270564,Normoxic,1.0622474094836807,0.4474007281724597,0.32432113429420895,0.22827813753333137
CCAACTGGTATTGGAG_E15S,E15S,Tumor,normoxic_stable,-0.8218766593307518,-0.2374082048061254,-0.0080233703614193,0.9466357231140136,0.9466357231140136,0.4170660342989846,MC38,-0.8218766593307518,-0.2374082048061254,Normoxic,1.0656138482540625,0.4442123858768425,0.3204362513330641,0.2353513627900934
CCGACCTTCCATCTCG_E15S,E15S,Tumor,entering_deep_hypoxia,0.3441298137766982,0.5917092352117699,1.0889779430573336,0.9366891384124756,0.9366891384124756,0.1747412383877639,MC38,0.3441298137766982,0.5917092352117699,Saddle / ICS,1.0100096507853353,0.14875632144004933,0.44123988081131243,0.41000379774863827
ATACAGCCAACCTTGC_E15S,E15S,Tumor,entering_hypoxia,0.1988784138829528,0.5687076268500185,0.0294943809243273,0.9363571405410768,0.9363571405410768,0.2205102547053145,MC38,0.1988784138829528,0.5687076268500185,Saddle / ICS,1.0384893503554482,0.1809761238880201,0.4387209715350389,0.38030290457694105
CCGTAATGTGCGAGCA_E15S,E15S,Tumor,entering_hypoxia,-1.357402660407433,0.7333722289389366,0.1673019694866768,0.9455896615982056,0.9455896615982056,0.2625200302479757,MC38,-1.357402660407433,0.7333722289389366,Saddle / ICS,1.0695721601086985,0.332690975106506,0.43136672704076545,0.23594229785272852
GGGCAAATCCAGGCCA_E15S,E15S,Tumor,entering_deep_hypoxia,0.4412107429791633,0.7511236722670125,0.6593742961116117,0.9377666115760804,0.9377666115760804,0.1975725779170184,MC38,0.4412107429791633,0.7511236722670125,Saddle / ICS,0.9685520299232286,0.11385302926243009,0.45185882905720626,0.43428814168036367
TGAGTCTGTTAGTTCA_E15S,E15S,Tumor,entering_deep_hypoxia,0.2953306964078471,0.5406117943831712,2.766739868255022,0.9391507506370544,0.9391507506370544,0.1554472265300511,MC38,0.2953306964078471,0.5406117943831712,Saddle / ICS,1.025150669919397,0.1643283066631008,0.4369075670307669,0.3987641263061324
ATACGTTAGAAGGTGT_E15S,E15S,Tumor,entering_hypoxia,0.0244018397202149,0.4519945943161122,1.307569133623154,0.9427804350852966,0.9427804350852966,0.217815940603314,MC38,0.0244018397202149,0.4519945943161122,Saddle / ICS,1.0708602863859162,0.23371260338903088,0.4223221603525387,0.3439652362584303
TCCTTTGGTAATTGGG_E15S,E15S,Tumor,entering_hypoxia,-1.2279371624359507,1.0631946351272463,-0.0124524788962358,0.94565087556839,0.94565087556839,0.2039157620985019,MC38,-1.2279371624359507,1.0631946351272463,Saddle / ICS,1.050905132607142,0.25411450563534504,0.4829122174898554,0.2629732768747996
CGCTGATAGCGCTTGG_E15S,E15S,Tumor,normoxic_stable,-0.5533832255724742,0.2317705581378159,0.2990004655855841,0.9394036531448364,0.9394036531448364,0.2518613993949624,MC38,-0.5533832255724742,0.2317705581378159,Normoxic,1.0839856054470163,0.37588968862326794,0.36948766686616386,0.2546226445105682
CCGACAACATAATCTC_E15S,E15S,Tumor,entering_deep_hypoxia,0.7137155279390835,2.048781316202295,1.2478733973214575,0.933531939983368,0.933531939983368,0.1089442980869912,MC38,0.7137155279390835,2.048781316202295,Hypoxic,0.7320740051291577,0.008855673334787284,0.442897928932734,0.5482463977324787
ATAGCAAAGCCTGGAT_E15S,E15S,Tumor,transitional,0.0973692230393768,0.0291220596921345,0.7242172826840607,0.9417449235916138,0.9417449235916138,0.3479361773370548,MC38,0.0973692230393768,0.0291220596921345,Saddle / ICS,1.0847601144416366,0.25820532059063184,0.38561454809499424,0.3561801313143739
CTTACAAGTTGGATCT_E15S,E15S,Tumor,transitional,-0.2572884598680841,0.1566009198769582,1.5415151370780724,0.9316978454589844,0.9316978454589844,0.1479798968628758,MC38,-0.2572884598680841,0.1566009198769582,Saddle / ICS,1.0930797922094173,0.33064277348924975,0.3775863355568377,0.2917708909539125
ATGGTGGAGTGAGCCT_E15S,E15S,Tumor,reverted_stable,-2.0159418614722173,-0.6367424851447939,0.2605138193796666,0.9431189894676208,0.9431189894676208,0.2427235235810641,MC38,-2.0159418614722173,-0.6367424851447939,Normoxic,1.0899339461068078,0.37791702846582576,0.3475551960650972,0.27452777546907703
GCAGGCTCACCAATCC_E15S,E15S,Tumor,normoxic_stable,-0.6813757013249493,-0.2242456958856943,1.0562530494326317,0.9458931088447572,0.9458931088447572,0.3916989298809073,MC38,-0.6813757013249493,-0.2242456958856943,Normoxic,1.0736736502377995,0.4280569423823834,0.32566233052985105,0.24628072708776555
TCTATGAGTCCATAGT_E15S,E15S,Tumor,entering_hypoxia,-0.6252407910856235,0.8039438443421562,1.4273186829423845,0.9411697387695312,0.9411697387695312,0.1681166616333911,MC38,-0.6252407910856235,0.8039438443421562,Saddle / ICS,1.072837425188958,0.2831161961646331,0.442591519788074,0.2742922840472929
GGGCTAGGTTCGTCCT_E15S,E15S,Tumor,normoxic_stable,-2.2128706762429964,-0.2343771655198289,0.2830164782398328,0.9430387020111084,0.9430387020111084,0.3740444501247186,MC38,-2.2128706762429964,-0.2343771655198289,Saddle / ICS,1.0869272530071288,0.3494114089852545,0.3852336692956377,0.26535492171910785
CCTGGCTTCAATCCAG_E15S,E15S,Tumor,normoxic_stable,-0.5446746708816477,0.0515494249977019,0.0975945237217528,0.9439297318458556,0.9439297318458556,0.2755721087824638,MC38,-0.5446746708816477,0.0515494249977019,Normoxic,1.0827314584976946,0.39358907835625423,0.3521240830035119,0.2542868386402338
TGGACGAAGTGATCGC_E15S,E15S,Tumor,normoxic_stable,-1.5741012087923136,0.0436976379914517,1.6370777452787937,0.9407853484153748,0.9407853484153748,0.3128503486394473,MC38,-1.5741012087923136,0.0436976379914517,Normoxic,1.060560665653452,0.43322073925001153,0.35144121358726516,0.21533804716272342
ATCGAAGGTCCATATA_E15S,E15S,Tumor,normoxic_stable,-0.8858523978311833,0.1137580954441645,0.0055574710280267,0.9443420171737672,0.9443420171737672,0.3327360052421376,MC38,-0.8858523978311833,0.1137580954441645,Normoxic,1.0664226653566093,0.4281902664798373,0.3459942248127488,0.22581550870741385
CCGTTGAGTTTGACTA_E15S,E15S,Tumor,entering_hypoxia,-0.1182840681201512,0.5816005237601655,0.2479858016958737,0.942081868648529,0.942081868648529,0.2681239809457255,MC38,-0.1182840681201512,0.5816005237601655,Saddle / ICS,1.0723504763841256,0.24457131704101073,0.4310794553848478,0.3243492275741414
TGAGTAAAGCGCTGAT_E15S,E15S,Tumor,normoxic_stable,-1.1492732450350558,0.2221758064643399,1.131540622551254,0.942442774772644,0.942442774772644,0.2924618043034551,MC38,-1.1492732450350558,0.2221758064643399,Normoxic,1.0620193103883304,0.4280174428749651,0.35576714311501495,0.2162154140100199
TGTGTTGAGTCAGGAG_E15S,E15S,Tumor,entering_hypoxia,-1.282547275935575,2.607488819369924,0.4985840754779054,0.9543161988258362,0.9543161988258362,0.2139133697724436,MC38,-1.282547275935575,2.607488819369924,Saddle / ICS,0.74189009277361,0.01343419055553614,0.5737633374351484,0.4128024720093154
CCTAGTAAGGAACTGG_E15S,E15S,Tumor,transitional,-0.089146345316754,0.1162913313501752,0.8580568118827818,0.9405588507652284,0.9405588507652284,0.3190113072881559,MC38,-0.089146345316754,0.1162913313501752,Saddle / ICS,1.092680931962537,0.2971370727532774,0.38347352593077094,0.31938940131595167
TGAAACCCATTACGTT_E15S,E15S,Tumor,entering_hypoxia,-0.1178509228663206,0.6535697531208322,0.4940744147391593,0.9351701140403748,0.9351701140403748,0.106508775871713,MC38,-0.1178509228663206,0.6535697531208322,Saddle / ICS,1.06617745666283,0.23264018813044401,0.43954357428410246,0.32781623758545353
ATGGTAGGTTAATGCC_E15S,E15S,Tumor,normoxic_stable,-1.1271157630100603,-0.2714095120371262,0.7042444338653022,0.9424442052841188,0.9424442052841188,0.3822608708789579,MC38,-1.1271157630100603,-0.2714095120371262,Normoxic,1.054404208494995,0.46299569909832017,0.31537528993516156,0.22162901096651816
CCACATGGTCATTACA_E15S,E15S,Tumor,normoxic_stable,-1.1640749392925822,0.1546601177804066,0.6614377051304693,0.9468470811843872,0.9468470811843872,0.4019954144108874,MC38,-1.1640749392925822,0.1546601177804066,Normoxic,1.0595983165278455,0.4365143162231851,0.34865630703722694,0.21482937673958805
ACCCCAAGTCTGTCGA_E15S,E15S,Tumor,reverted_stable,-0.8340652969343664,-0.7710102664737608,-0.1819398977499046,0.9447861313819884,0.9447861313819884,0.3364316171047859,MC38,-0.8340652969343664,-0.7710102664737608,Normoxic,1.0817351293743949,0.4198915962100661,0.30348751712588395,0.2766208866640498
GGTATCTGTCCCGAAC_E15S,E15S,Tumor,entering_deep_hypoxia,0.9787706272654026,0.7323840821742822,0.1997857513100266,0.9352385997772216,0.9352385997772216,0.1499278322899444,MC38,0.9787706272654026,0.7323840821742822,Hypoxic,0.8330805987803067,0.043981437840089975,0.40906690114481786,0.5469516610150922
CGGCCAATCGTTCCGC_E15S,E15S,Tumor,normoxic_stable,-0.9290258318000182,0.0996830267650632,0.1702980053904128,0.9407387375831604,0.9407387375831604,0.1595612672194695,MC38,-0.9290258318000182,0.0996830267650632,Normoxic,1.0643150540335895,0.43282637934063073,0.3438747421440815,0.22329887851528774
GCAAAGGTCACGGCCA_E15S,E15S,Tumor,normoxic_stable,-1.3527590053745142,-0.3543025471033801,0.8225520496923325,0.9467385411262512,0.9467385411262512,0.3709041388679578,MC38,-1.3527590053745142,-0.3543025471033801,Normoxic,1.0550089469156705,0.46217900583016963,0.31536012308339695,0.22246087108643334
CACCTCATCCGGAGTT_E15S,E15S,Tumor,normoxic_stable,-1.1090448033418765,-0.094747237484028,-0.4319763082153745,0.9468609094619752,0.9468609094619752,0.3997837173108221,MC38,-1.1090448033418765,-0.094747237484028,Normoxic,1.0549211659507172,0.45666069682182986,0.3263438140899141,0.21699548908825603
CCTACCATCGATCCTT_E15S,E15S,Tumor,normoxic_stable,-0.6869234408424219,0.374991707428157,0.8295564084862115,0.9481403827667236,0.9481403827667236,0.4211059336338017,MC38,-0.6869234408424219,0.374991707428157,Saddle / ICS,1.0803366205487328,0.3737170205931772,0.38066214574485574,0.24562083366196713
GTAAACCCAAATCATG_E15S,E15S,Tumor,normoxic_stable,-1.7070094900126838,-0.2967415732515284,0.0360644744102005,0.9445089101791382,0.9445089101791382,0.4038015168098782,MC38,-1.7070094900126838,-0.2967415732515284,Normoxic,1.0655581217506775,0.4361339615510567,0.335529459577148,0.22833657887179526
CTTCTGGTCGCGTTCC_E15S,E15S,Tumor,entering_hypoxia,-0.3402066204052292,0.629544230881226,0.8465470737134065,0.9456040859222412,0.9456040859222412,0.2280330881773822,MC38,-0.3402066204052292,0.629544230881226,Saddle / ICS,1.0790300555984418,0.27757527856972014,0.42785275119074145,0.2945719702395384
AGCATAGGTGAGTATG_E15S,E15S,Tumor,entering_hypoxia,-0.0988534605392726,1.7019951030292004,2.0154313611354,0.946983277797699,0.946983277797699,0.1424267147591213,MC38,-0.0988534605392726,1.7019951030292004,Saddle / ICS,0.8720212138985127,0.06088517126962333,0.5319678264094712,0.4071470023209056
CATATGGTCAGCGGTT_E15S,E15S,Tumor,normoxic_stable,-1.0666838954007656,-0.1513383772334403,-0.3592999107277825,0.9431982040405272,0.9431982040405272,0.3815505385394157,MC38,-1.0666838954007656,-0.1513383772334403,Normoxic,1.0554903443623176,0.45802014738404756,0.3223671773531712,0.21961267526278128
GGGACCAGTTTGAGTC_E15S,E15S,Tumor,transitional,-0.0568658440459406,-0.0343849264170044,-0.3769686846763826,0.946999967098236,0.946999967098236,0.4061986996972247,MC38,-0.0568658440459406,-0.0343849264170044,Saddle / ICS,1.094632177752473,0.3000694851394709,0.37245189547864244,0.32747861938188666
TATCATCCATGCTGTC_E15S,E15S,Tumor,entering_deep_hypoxia,0.7938538907737698,1.2463709905830815,0.092469334696325,0.9345526099205016,0.9345526099205016,0.1417628264425121,MC38,0.7938538907737698,1.2463709905830815,Hypoxic,0.816292050757409,0.03444113146086418,0.4457787957386354,0.5197800728005005
GGACATGAGGTTCAAT_E15S,E15S,Tumor,normoxic_stable,-0.6116964473659763,-0.2541118151682306,0.7329107529688371,0.9446461200714112,0.9446461200714112,0.2768265436477413,MC38,-0.6116964473659763,-0.2541118151682306,Normoxic,1.0781710638936706,0.4189706791068623,0.32672607471796333,0.2543032461751744
AGACGCAAGGATGCAG_E15S,E15S,Tumor,normoxic_stable,-0.508587720674875,0.1491493218234535,1.0330644281208368,0.9416673183441162,0.9416673183441162,0.2114225136715636,MC38,-0.508587720674875,0.1491493218234535,Normoxic,1.085286338274468,0.3784287492228344,0.36308701777641306,0.2584842330007526
GGTTCAGCACAATGCG_E15S,E15S,Tumor,exiting_hypoxia,0.5314330628967439,-1.0381721044777927,0.5979312833426766,0.9733684659004213,0.9733684659004213,0.2881211607531536,MC38,0.5314330628967439,-1.0381721044777927,Hypoxic,0.9415031649815369,0.12003949049775667,0.31594981813428624,0.5640106913679571
AACGTAAAGTAGTCCA_E15S,E15S,Tumor,entering_hypoxia,-1.584874825262298,1.1345806050188367,0.4230717197062096,0.9444032907485962,0.9444032907485962,0.28511174611154,MC38,-1.584874825262298,1.1345806050188367,Saddle / ICS,1.032905862754762,0.224402323399597,0.5068129225724282,0.2687847540279749
TCTAGTGAGGTTCAGC_E15S,E15S,Tumor,entering_deep_hypoxia,1.040306073408753,0.8309826916679118,0.4810361410965548,0.938654124736786,0.938654124736786,0.200813112852146,MC38,1.040306073408753,0.8309826916679118,Hypoxic,0.8075105197196044,0.034791452991330095,0.404969676455421,0.560238870553249
CTACTGTTCTATGGAT_E15S,E15S,Tumor,entering_hypoxia,-1.4005242004071892,1.9465715394891832,0.719603372439564,0.9504840970039368,0.9504840970039368,0.1769779486260717,MC38,-1.4005242004071892,1.9465715394891832,Saddle / ICS,0.8581315221605317,0.06595836993560053,0.5892275998971195,0.34481403016728013
CTCAGTTTCATGGCTA_E15S,E15S,Tumor,entering_hypoxia,-0.6883435448859967,0.5089803962487787,-0.0527103416491172,0.941510021686554,0.941510021686554,0.3229906797532877,MC38,-0.6883435448859967,0.5089803962487787,Saddle / ICS,1.0811131304628883,0.3509255581891623,0.39807493751612777,0.2509995042947099
TACACCGGTATGTGTC_E15S,E15S,Tumor,entering_deep_hypoxia,1.6137558358588515,0.4458044226957059,1.452843070424587,0.9329403042793274,0.9329403042793274,0.1462826165348957,MC38,1.6137558358588515,0.4458044226957059,Hypoxic,0.6713072847739521,0.01107190094217973,0.30432082465001836,0.684607274407802
ACAATTCAGTAGCCCG_E15S,E15S,Tumor,entering_hypoxia,0.1452314228668876,0.5963111709307761,0.0496074474734765,0.9475076794624328,0.9475076794624328,0.3556428777449846,MC38,0.1452314228668876,0.5963111709307761,Saddle / ICS,1.0435201234765872,0.18847611060970812,0.4405784857754936,0.37094540361479833
TGTACTGAGGTACGCT_E15S,E15S,Tumor,entering_deep_hypoxia,1.5908162922268851,2.471729267436807,0.1855260537497758,0.9379819631576538,0.9379819631576538,0.2043448627432689,MC38,1.5908162922268851,2.471729267436807,Hypoxic,0.5907046568557515,0.0003459374326416084,0.2745303684091327,0.7251236941582259
TAGTCCCCAGCAGTTG_E15S,E15S,Tumor,normoxic_stable,-0.9417985974144548,0.1089878748237619,-0.3347372454610755,0.9463749527931212,0.9463749527931212,0.4073693177876289,MC38,-0.9417985974144548,0.1089878748237619,Normoxic,1.0640657689536186,0.43273836619178657,0.3445833034718749,0.22267833033633863
TGACTGATCGAACGTC_E15S,E15S,Tumor,normoxic_stable,-0.6457776152308189,0.0783981761118077,0.5863870910078648,0.9465818405151368,0.9465818405151368,0.3874255907065612,MC38,-0.6457776152308189,0.0783981761118077,Normoxic,1.0775936711874583,0.4059648452940106,0.35004011013967684,0.24399504456631269
GGCTCAACATGGAATC_E15S,E15S,Tumor,persistent_hypoxia,0.5837524384985843,0.0521398570069567,0.7110235903002756,0.9426575899124146,0.9426575899124146,0.3181033083914081,MC38,0.5837524384985843,0.0521398570069567,Hypoxic,0.9968744068302623,0.13889538822567624,0.3949275072475092,0.4661771045268145
GCCCTTGCAAGTTCGG_E15S,E15S,Tumor Proliferating,exiting_hypoxia,-0.3909531276465678,-0.6450001645027108,2.5523259052575678,0.9342301487922668,0.9342301487922668,0.0574667721243491,MC38,-0.3909531276465678,-0.6450001645027108,Normoxic,1.09594188790378,0.3676283565522341,0.32075773729565604,0.3116139061521098
CATGCGCGTAAGTACG_E15S,E15S,Tumor,persistent_hypoxia,0.4556646378530099,0.0841589775196736,0.1171260013557371,0.937826693058014,0.937826693058014,0.3126849850684696,MC38,0.4556646378530099,0.0841589775196736,Hypoxic,1.0272771368345972,0.16650453599852832,0.39897618866047213,0.4345192753409996
TGACTAACAAGGGAAC_E15S,E15S,Tumor,transitional,-0.2858395640347863,-0.2530540424676815,0.8022107536720583,0.9425652027130128,0.9425652027130128,0.2631120092314713,MC38,-0.2858395640347863,-0.2530540424676815,Normoxic,1.0952916158318213,0.3599900709786302,0.3436042175615159,0.29640571145985395
ACCTGGGTCGAATCCA_E15S,E15S,Tumor,normoxic_stable,-1.178454556332682,-0.0306497556405067,1.2790607294943552,0.9396452307701112,0.9396452307701112,0.3234078226641491,MC38,-1.178454556332682,-0.0306497556405067,Normoxic,1.054691373712319,0.4539048451780765,0.33176161948603416,0.21433353533588945
TGGTCAATCAATTAGC_E15S,E15S,Tumor,transitional,-0.2593004382772363,0.1655599025762064,1.1309724870691973,0.9074987173080444,0.9074987173080444,0.163622090078084,MC38,-0.2593004382772363,0.1655599025762064,Saddle / ICS,1.0929457653040522,0.3301507438062351,0.3783400461883666,0.2915092100053983
CTCAATAGTGAGTATG_E15S,E15S,Tumor,entering_hypoxia,-0.2363558523986048,2.595847688994727,1.1533804418051388,0.9486134052276612,0.9486134052276612,0.1747614048894774,MC38,-0.2363558523986048,2.595847688994727,Saddle / ICS,0.7359455997090734,0.008646008172601857,0.5166936584855973,0.4746603333418008
GCATAACCATGCTACC_E15S,E15S,Tumor,entering_deep_hypoxia,1.721560523267656,1.3930418802620357,0.293665385593617,0.937208890914917,0.937208890914917,0.1344582549070097,MC38,1.721560523267656,1.3930418802620357,Hypoxic,0.6256580970177177,0.002612360794648532,0.2971553656990443,0.7002322735063071
AATGGGCGTCTAGAGA_E15S,E15S,Tumor Proliferating,entering_deep_hypoxia,0.7310533845888818,1.1425668693609567,1.4942447153808178,0.943137526512146,0.943137526512146,0.0772217664458724,MC38,0.7310533845888818,1.1425668693609567,Hypoxic,0.8439541570278769,0.04498995095651857,0.45075973322221774,0.5042503158212637
GTCATCCCAATACTAG_E15S,E15S,Tumor,normoxic_stable,-0.6933585827340103,-0.190018316145185,0.8582445765917605,0.9478099942207336,0.9478099942207336,0.4115251583642592,MC38,-0.6933585827340103,-0.190018316145185,Normoxic,1.0728271300934167,0.42872665861975817,0.3273111875436292,0.24396215383661254
CGTGTATGTTGTGGCC_E15S,E15S,Tumor,entering_hypoxia,-1.2282696165145084,1.1111722945806992,0.2892507842397668,0.942886233329773,0.942886233329773,0.272441914801743,MC38,-1.2282696165145084,1.1111722945806992,Saddle / ICS,1.0452561707586867,0.24191298012002985,0.49086546020294186,0.26722155967702815
AACAGGCGTTAGGTGA_E15S,E15S,Tumor,entering_hypoxia,-0.0176980150490565,1.602950182136388,1.2264336565620906,0.9481642842292786,0.9481642842292786,0.1777072456463547,MC38,-0.0176980150490565,1.602950182136388,Saddle / ICS,0.8848281048547497,0.06668847454654,0.5240696965853489,0.40924182886811117
CACCATTTCTTGATCC_E15S,E15S,Tumor,normoxic_stable,-0.7675560683815664,0.0718512504471026,-0.3543619113819576,0.9467195868492126,0.9467195868492126,0.4330918845201464,MC38,-0.7675560683815664,0.0718512504471026,Normoxic,1.071045616618712,0.42130621925215617,0.3450336621251936,0.2336601186226503
TCTCTCCTCCTCTCTC_E15S,E15S,Tumor,entering_deep_hypoxia,3.0226540758382785,1.079179085951665,2.001672677264429,0.9289807081222534,0.9289807081222534,0.1062274205338855,MC38,3.0226540758382785,1.079179085951665,Hypoxic,0.3266224253493899,2.641575837210187e-05,0.10056395567446731,0.8994096285671607
GGGCAACAGTTAGCGC_E15S,E15S,Tumor,entering_hypoxia,-0.6328062831979452,0.6453018777424976,0.3874243945415879,0.9419015645980836,0.9419015645980836,0.2579952287960032,MC38,-0.6328062831979452,0.6453018777424976,Saddle / ICS,1.080114921381519,0.31782423076268834,0.41899325367565715,0.2631825155616546
TCTGGCGAGGTTCAGC_E15S,E15S,Tumor,entering_hypoxia,0.1346096354584008,0.5301627955987754,1.4094208619010635,0.936760425567627,0.936760425567627,0.1598695823648937,MC38,0.1346096354584008,0.5301627955987754,Saddle / ICS,1.0517544399822762,0.1994851969332812,0.43376313196985894,0.3667516710968599
TATCGCTTCACTGGCG_E15S,E15S,Tumor,transitional,-0.3409054798593187,-0.1327719206931201,0.6095575920320643,0.944461703300476,0.944461703300476,0.3757788130679179,MC38,-0.3409054798593187,-0.1327719206931201,Normoxic,1.0925283645090849,0.3684106364982372,0.3483417480843497,0.2832476154174131
ACTGCCTCATTCGCGT_E15S,E15S,Hypoxic Tumor,reverted_posthypoxic,-0.6429193958522813,-0.1804244780960928,0.6265574420719908,0.9491244554519652,0.9491244554519652,0.3507537416324355,MC38,-0.6429193958522813,-0.1804244780960928,Normoxic,1.075893116155185,0.42175737526457563,0.3298867356798698,0.24835588905555464
ATCCATGAGGTAGGAT_E15S,E15S,Tumor,entering_hypoxia,-0.8802546145238525,0.4816444810800405,0.8343705272426235,0.9421054124832152,0.9421054124832152,0.2355180176222824,MC38,-0.8802546145238525,0.4816444810800405,Saddle / ICS,1.0758223985440676,0.3744731229886341,0.3895646068360249,0.23596227017534102
TGCCATAAGGGTTGAG_E15S,E15S,Tumor,transitional,-0.1352749450054977,0.0525049264877443,-0.3331327107843723,0.9465054869651794,0.9465054869651794,0.3956697029108851,MC38,-0.1352749450054977,0.0525049264877443,Saddle / ICS,1.0947485201819491,0.3129691035472535,0.37516819683811276,0.3118626996146337
AGCAATTTCTAACTCC_E15S,E15S,Hypoxic Tumor,reverted_stable,-1.6867361632836475,-0.8548747384679464,1.840794377298749,0.9588050842285156,0.9588050842285156,0.3447805858328622,MC38,-1.6867361632836475,-0.8548747384679464,Normoxic,1.086325462104417,0.4033490629616122,0.32007935872673504,0.27657157831165263
GTGTGTTGTTAGACGA_E15S,E15S,Tumor,entering_hypoxia,-0.3066877621602721,2.251354443753294,0.1641844074236971,0.9346439242362976,0.9346439242362976,0.1291200437318627,MC38,-0.3066877621602721,2.251354443753294,Saddle / ICS,0.7801800606985843,0.02288137882154685,0.5433491278488444,0.43376949332960874
CATAGGTCAAATCCTT_E15S,E15S,Tumor Proliferating,exiting_hypoxia,0.412491041231057,-0.4347570958310786,1.9584950044025875,0.9333263039588928,0.9333263039588928,0.0817864932183886,MC38,0.412491041231057,-0.4347570958310786,Hypoxic,1.0378466907891142,0.1843134402955687,0.3608980783256985,0.45478848137873296
TCTCGATTCTATGCGA_E15S,E15S,Tumor,entering_deep_hypoxia,0.3099583226021414,0.7949046233952726,0.1166199774772771,0.9415606260299684,0.9415606260299684,0.2288834845229307,MC38,0.3099583226021414,0.7949046233952726,Saddle / ICS,0.9895507413082683,0.13124485071238415,0.4587722243020996,0.4099829249855162
GCGCTTGAGCGAGCTT_E15S,E15S,Tumor,entering_hypoxia,-1.1485380415041355,1.0889598055567848,1.0877624858823778,0.9437791705131532,0.9437791705131532,0.2551589516347687,MC38,-1.1485380415041355,1.0889598055567848,Saddle / ICS,1.048852128823977,0.24718304846600256,0.48567524754635233,0.26714170398764514
GGCGATGGTTGAGGTA_E15S,E15S,Tumor,normoxic_stable,-1.916173727713979,-0.072181392627511,0.3582743757524699,0.9505603909492492,0.9505603909492492,0.3928547415318096,MC38,-1.916173727713979,-0.072181392627511,Normoxic,1.0740033013248644,0.39970511331944425,0.36692373992107913,0.2333711467594767
TAAGCGCTCCAGGGAA_E15S,E15S,Tumor,entering_deep_hypoxia,0.8916442239270047,1.3176037874331572,1.145747317930015,0.9312566518783568,0.9312566518783568,0.0634696643848865,MC38,0.8916442239270047,1.3176037874331572,Hypoxic,0.7879598944399326,0.025365143387356986,0.43398997126344163,0.5406448853492015
TACTGTGAGTCTCTGT_E15S,E15S,Tumor,exiting_hypoxia,-0.3069257262136888,-0.8792435015614757,1.3894326971377224,0.9403228759765624,0.9403228759765624,0.2539285809292252,MC38,-0.3069257262136888,-0.8792435015614757,Hypoxic,1.0974404439034526,0.3256699709517615,0.3184513910928336,0.3558786379554049
TATCGTTCATCCCTGG_E15S,E15S,Tumor,entering_deep_hypoxia,3.337429117581905,1.1223333641749993,0.280127750183286,0.9408297538757324,0.9408297538757324,0.2297539174060722,MC38,3.337429117581905,1.1223333641749993,Hypoxic,0.2547434725233748,5.339950121013661e-06,0.07040050295642397,0.9295941570934549
GGCGGATAGTGATCTG_E15S,E15S,Tumor,reverted_stable,-1.606271744483296,-0.9876985873689949,0.6989401980322276,0.94543194770813,0.94543194770813,0.3963335314119169,MC38,-1.606271744483296,-0.9876985873689949,Normoxic,1.090695694295301,0.39170903332533363,0.31578955648195206,0.2925014101927143
TCTATAGGTCCATTAA_E15S,E15S,Tumor Proliferating,persistent_hypoxia,1.672166451289801,-0.1859064481301039,1.6130303995451225,0.9371160864830016,0.9371160864830016,0.1122439493073395,MC38,1.672166451289801,-0.1859064481301039,Hypoxic,0.6354442967390572,0.011639726716204135,0.26245074068511337,0.7259095325986825
GCGCTAACATGGTCAG_E15S,E15S,Tumor Proliferating,exiting_hypoxia,-0.2405369473778438,-0.6033712192458446,1.7300604755516538,0.9273762106895448,0.9273762106895448,0.1921678134097174,MC38,-0.2405369473778438,-0.6033712192458446,Normoxic,1.0985227458315474,0.3395636347997869,0.3293143887532944,0.3311219764469187
CTTGAACGTTCCCAGA_E15S,E15S,Tumor,normoxic_stable,-1.72265012872237,-0.3307945774923035,0.1959823243492226,0.9436630606651306,0.9436630606651306,0.3415652297318304,MC38,-1.72265012872237,-0.3307945774923035,Normoxic,1.066932197026963,0.43436209860560115,0.3348947450305922,0.2307431563638066
TATGTCAGTAGCAGGT_E15S,E15S,Tumor,normoxic_stable,-0.9317002277404128,-0.1758324952722891,0.7484488616671354,0.9475795030593872,0.9475795030593872,0.4006861895924028,MC38,-0.9317002277404128,-0.1758324952722891,Normoxic,1.0601559374401308,0.45171516031558867,0.3219025381517604,0.2263823015326509
ATAGCGCTCCGTAGCG_E15S,E15S,Tumor,normoxic_stable,-0.4629014180193167,-0.2019008411134266,0.5840533275120955,0.9430647492408752,0.9430647492408752,0.376599895415803,MC38,-0.4629014180193167,-0.2019008411134266,Normoxic,1.0867969922050629,0.3938382745088871,0.33696598773308045,0.2691957377580325
CTAAGGTCATCGAAGT_E15S,E15S,Tumor,normoxic_stable,-1.380418478186027,0.087270941484056,1.791242177221331,0.94418066740036,0.94418066740036,0.3428814357801242,MC38,-1.380418478186027,0.087270941484056,Normoxic,1.0573199632538697,0.4409809184716446,0.34673254811170523,0.21228653341665008
AGACTCGCAACTGTAA_E15S,E15S,Tumor,normoxic_stable,-0.7055507300869414,0.3843586854082831,1.3231577495048723,0.9378544688224792,0.9378544688224792,0.1890545550165244,MC38,-0.7055507300869414,0.3843586854082831,Saddle / ICS,1.0798018458149634,0.37442461048913145,0.3811953524300673,0.24438003708080125
TACGTCAAGCTTAGGC_E15S,E15S,Tumor,entering_deep_hypoxia,1.3579889971025298,2.026857474299881,0.9192011099864134,0.9392094612121582,0.9392094612121582,0.1261147343166154,MC38,1.3579889971025298,2.026857474299881,Hypoxic,0.6559430000675897,0.0020995166511897896,0.3411222665864252,0.656778216762385
AATTGGGGTTCACTAA_E15S,E15S,Tumor,transitional,-0.281759951894044,-0.2467730092052684,1.326188979327965,0.9410754442214966,0.9410754442214966,0.1812187371101812,MC38,-0.281759951894044,-0.2467730092052684,Normoxic,1.0953816135664796,0.35904617043357356,0.34422327653604373,0.2967305530303828
GGCTGACCATGAAGTC_E15S,E15S,Hypoxic Tumor,entering_hypoxia,-1.4455787761417498,0.7122618313638314,0.8035326623408087,0.9495335221290588,0.9495335221290588,0.3131064073193011,MC38,-1.4455787761417498,0.7122618313638314,Saddle / ICS,1.0692109886746173,0.3339718419118314,0.4312271470610899,0.23480101102707873
AGCAGGATCAATCAGT_E15S,E15S,Tumor,reverted_stable,-1.3601029347130826,-0.6034991827654095,2.247858488003531,0.945873498916626,0.945873498916626,0.2078002243842616,MC38,-1.3601029347130826,-0.6034991827654095,Normoxic,1.0641385766564664,0.4520406265089287,0.30793005872036455,0.24002931477070658
CTTAGCTTCAGTAGTT_E15S,E15S,Tumor,persistent_hypoxia,0.515968906632513,0.2800887314253291,0.498098428884782,0.9395154118537904,0.9395154118537904,0.2427633136628625,MC38,0.515968906632513,0.2800887314253291,Hypoxic,1.0019822414443795,0.14132348476982154,0.41375543080123095,0.4449210844289474
TGCCATAAGTCATTGG_E15S,E15S,Tumor,normoxic_stable,-2.4911438447581697,0.1973860377739336,1.2663518061767751,0.9381032586097716,0.9381032586097716,0.2468837084367886,MC38,-2.4911438447581697,0.1973860377739336,Saddle / ICS,1.0671787624193272,0.25860127638976665,0.4527413502909762,0.28865737331925717
GGATGCAAGGTCCATA_E15S,E15S,Tumor,normoxic_stable,-0.80763209393715,-0.092835757950815,0.4365884937853758,0.938644289970398,0.938644289970398,0.2126560694506054,MC38,-0.80763209393715,-0.092835757950815,Normoxic,1.066595176987212,0.43756094966501774,0.33023609160710515,0.23220295872787708
TGGGTGAAGGATACTT_E15S,E15S,Tumor,normoxic_stable,-1.5478272686123884,-0.1083077922534565,1.339181781146296,0.9358847141265868,0.9358847141265868,0.1638243751599584,MC38,-1.5478272686123884,-0.1083077922534565,Normoxic,1.0579061690726306,0.4460609301615078,0.3375811926687493,0.216357877169743
TGTAGGTCAGGATAGA_E15S,E15S,Hypoxic Tumor,reverted_posthypoxic,-0.4717550237112294,-0.0151465555944768,0.9111786951278734,0.9521806836128236,0.9521806836128236,0.285063711364144,MC38,-0.4717550237112294,-0.0151465555944768,Normoxic,1.0862005131324164,0.3866516284779772,0.35008945766014543,0.26325891386187733
CATCTCACACATTGCC_E15S,E15S,Tumor,entering_hypoxia,-1.2617209152619382,0.932458904886504,0.2267957347507732,0.9465648531913756,0.9465648531913756,0.2431344893654912,MC38,-1.2617209152619382,0.932458904886504,Saddle / ICS,1.0621457972225972,0.2868759263471494,0.46172895262065117,0.25139512103219946
AATGAGGCAATCTATC_E15S,E15S,Hypoxic Tumor,entering_hypoxia,-0.7585889104814937,0.4271062560139159,0.3937209610197363,0.9670923352241516,0.9670923352241516,0.2938186164631147,MC38,-0.7585889104814937,0.4271062560139159,Saddle / ICS,1.0785963072599154,0.37317868909387086,0.3850240597758256,0.2417972511303034
ACGGCCATCGATGCTA_E15S,E15S,Tumor,normoxic_stable,-0.9540341439232196,-0.2969725532885273,-0.2283103698138819,0.9477028250694276,0.9477028250694276,0.4281552353380372,MC38,-0.9540341439232196,-0.2969725532885273,Normoxic,1.0598922932658974,0.4555817819338165,0.3147184104525526,0.2296998076136309
GTTAGCCAGGCTTACA_E15S,E15S,Tumor,entering_hypoxia,-1.9952451740909936,0.6870911124752381,0.047688512654299,0.941390872001648,0.941390872001648,0.2168304295474238,MC38,-1.9952451740909936,0.6870911124752381,Saddle / ICS,1.0616556322408521,0.28285886159025775,0.46333756150993666,0.2538035768998057
CTATTGAGTTCGGGCT_E15S,E15S,Hypoxic Tumor,reverted_stable,-1.3541993902287677,-1.3128875492260168,2.4976611238058126,0.9396286010742188,0.9396286010742188,0.3839581038662367,MC38,-1.3541993902287677,-1.3128875492260168,Hypoxic,1.097213864952351,0.34121640623090665,0.30903283512173113,0.34975075864736227
TCGAGGTTCTAAGCCA_E15S,E15S,Tumor,entering_hypoxia,0.0339474708937968,2.8033071415779784,0.9576098827247445,0.951320469379425,0.951320469379425,0.1762461594720807,MC38,0.0339474708937968,2.8033071415779784,Hypoxic,0.7123928649016705,0.003468980683273497,0.4712940401883032,0.5252369791284233
ACCCTAGGTTGAGTTC_E15S,E15S,Tumor,transitional,-0.3537019902875611,0.2454950277887484,1.0277578370427565,0.9369391202926636,0.9369391202926636,0.2438917136170811,MC38,-0.3537019902875611,0.2454950277887484,Saddle / ICS,1.0905605010984036,0.33995686651447443,0.3811511426468909,0.27889199083863464
GGTTACATCATCACTC_E15S,E15S,Tumor,entering_hypoxia,-0.8116529806778483,1.7539448916828504,-0.0787228007313868,0.9474292397499084,0.9474292397499084,0.2089436481234736,MC38,-0.8116529806778483,1.7539448916828504,Saddle / ICS,0.907932456776039,0.09030249027380077,0.562784024900331,0.3469134848258683
GCGACTTAGGTCAATT_E15S,E15S,Tumor,entering_hypoxia,-0.3260623636979269,0.4586363104154741,0.7423751530398566,0.9362675547599792,0.9362675547599792,0.1529450883343947,MC38,-0.3260623636979269,0.4586363104154741,Saddle / ICS,1.08659471736275,0.3045662823468904,0.40691317500674506,0.28852054264636445
ATCGCCCTCTATCCAC_E15S,E15S,Tumor,entering_hypoxia,-0.6606899682500198,0.589401134640293,0.1891407599846266,0.9461850523948668,0.9461850523948668,0.3777366054834544,MC38,-0.6606899682500198,0.589401134640293,Saddle / ICS,1.0810083222021545,0.3323709563322046,0.4101292749790287,0.2574997686887666
CCATGGGTCAGGTAGG_E15S,E15S,Tumor,normoxic_stable,-0.8542954055862357,0.2551329102909861,0.0080091537988147,0.9422528147697448,0.9422528147697448,0.378849175415602,MC38,-0.8542954055862357,0.2551329102909861,Normoxic,1.0714535170406956,0.40863690594632607,0.36157094810728163,0.22979214594639227
CGCTATGGTGAGCAAC_E15S,E15S,Tumor,entering_hypoxia,-0.8176761908402592,0.6482337233263521,0.1128195120797738,0.9404233694076538,0.9404233694076538,0.3270747001263218,MC38,-0.8176761908402592,0.6482337233263521,Saddle / ICS,1.0776262679104913,0.3365121914609345,0.41469506869939776,0.24879273983966776
TACCGTCCATGGCAGC_E15S,E15S,Tumor,persistent_hypoxia,0.7710491408306216,0.0346633162600855,0.6063389600343253,0.9347915053367616,0.9347915053367616,0.10665191601651,MC38,0.7710491408306216,0.0346633162600855,Hypoxic,0.9422889407521367,0.10154302725425889,0.3859816817186239,0.5124752910271172
ACGCATATCCCGTAGG_E15S,E15S,Tumor,entering_hypoxia,-1.3355329295387608,0.7318944820188475,2.4210084166140518,0.9423226118087769,0.9423226118087769,0.1605852515765417,MC38,-1.3355329295387608,0.7318944820188475,Saddle / ICS,1.0698051735160612,0.33363637777307037,0.43043824133482605,0.23592538089210366
TCACAATAGTTGCGTA_E15S,E15S,Tumor,entering_hypoxia,-0.0701085831382111,2.088562559003392,1.908456749374823,0.9402207732200624,0.9402207732200624,0.1424906575882685,MC38,-0.0701085831382111,2.088562559003392,Saddle / ICS,0.7935270474227831,0.026587088470666806,0.5300326853481534,0.4433802261811799
GGTCACTAGCTGGTCG_E15S,E15S,Tumor,entering_deep_hypoxia,1.704443803697903,1.2652642081051932,0.3456562382137452,0.9361420273780824,0.9361420273780824,0.1502996263567504,MC38,1.704443803697903,1.2652642081051932,Hypoxic,0.6335527340865186,0.0033827254013952344,0.3015209903005008,0.695096284298104
ATCCACTTCCTGTCTG_E15S,E15S,Tumor,entering_hypoxia,-0.7020933779474252,1.500404853144532,0.5581958395681738,0.9438133835792542,0.9438133835792542,0.278210459892575,MC38,-0.7020933779474252,1.500404853144532,Saddle / ICS,0.9667305006420734,0.13224621065724174,0.5383094675517499,0.32944432179100824
CGATTAACAACCAGCA_E15S,E15S,Hypoxic Tumor,exiting_hypoxia,0.0540708765586561,-0.7903809334318663,-0.012805198704624,0.9348966479301452,0.9348966479301452,0.4088078018814349,MC38,0.0540708765586561,-0.7903809334318663,Hypoxic,1.0794629523573878,0.2535439600492724,0.33397409380957593,0.41248194614115175
GCCTTGCTCCGTCACC_E15S,E15S,Tumor,normoxic_stable,-0.5792600303740703,0.1493185404365022,0.8070987941591816,0.9443073868751526,0.9443073868751526,0.3732175062299572,MC38,-0.5792600303740703,0.1493185404365022,Normoxic,1.0819503209742207,0.3894116662643922,0.359738624872121,0.2508497088634868
TAGGTTACAGGTATGT_E15S,E15S,Hypoxic Tumor,reverted_posthypoxic,-0.5203881586558426,0.2898610150703492,0.3649477057360755,0.9834139943122864,0.9834139943122864,0.3150353697389306,MC38,-0.5203881586558426,0.2898610150703492,Saddle / ICS,1.0856290365723913,0.36316752258543333,0.37745054213392504,0.25938193528064163
CTTATCTGTTGTAGTC_E15S,E15S,Tumor,normoxic_stable,-1.5607962548823229,-0.0021172079474974,-0.0546746233268049,0.9462238550186156,0.9462238550186156,0.378623584564223,MC38,-1.5607962548823229,-0.0021172079474974,Normoxic,1.0594113144291644,0.4381270322150489,0.3466626774929588,0.21521029029199235
CACCAAATCCTGATCT_E15S,E15S,Hypoxic Tumor,entering_hypoxia,-1.1686872797880603,1.541168206832435,0.9577762952777356,0.942742109298706,0.942742109298706,0.3122120515365674,MC38,-1.1686872797880603,1.541168206832435,Saddle / ICS,0.964986930826439,0.1385091046642218,0.551657428802953,0.3098334665328252
CGTTGGACAGTTGGAT_E15S,E15S,Tumor,exiting_hypoxia,1.2288879996860778,-0.8178083087046792,-0.111089465838302,0.9374229311943054,0.9374229311943054,0.1921962488579431,MC38,1.2288879996860778,-0.8178083087046792,Hypoxic,0.7228120576416156,0.03308881521655037,0.27519184010165426,0.6917193446817954
GGGGCAACAATACCAA_E15S,E15S,Tumor,normoxic_stable,-0.592435700469623,0.1680721285847096,1.41068894644112,0.9331079125404358,0.9331079125404358,0.1411299577066814,MC38,-0.592435700469623,0.1680721285847096,Normoxic,1.0815376392269953,0.38927433424554947,0.3610368032958518,0.2496888624585987
AGTGAGGTCACACATG_E15S,E15S,Tumor Proliferating,exiting_hypoxia,1.7331600236526976,-0.8447797279187783,0.4115990548870472,0.9389435648918152,0.9389435648918152,0.1350616235303887,MC38,1.7331600236526976,-0.8447797279187783,Hypoxic,0.5516203915009874,0.0077365545934564624,0.2056152190134615,0.7866482263930821
GGCATTATCGCATAGC_E15S,E15S,Tumor,entering_hypoxia,0.1322304523861277,1.8169187235898256,0.1438337368912875,0.9399271607398988,0.9399271607398988,0.2172502959468254,MC38,0.1322304523861277,1.8169187235898256,Saddle / ICS,0.8240539541784401,0.03734750507362932,0.5168668282016539,0.44578566672471687
CTGATAGTCGATCGGT_E15S,E15S,Tumor,entering_deep_hypoxia,0.764672640471063,2.691867368895191,0.8923220651331067,0.9372931122779846,0.9372931122779846,0.1384781824530631,MC38,0.764672640471063,2.691867368895191,Hypoxic,0.6783612563588612,0.0014543983489550725,0.3886102237419464,0.6099353779090986
TCAACATAGGTTAGTT_E15S,E15S,Tumor,normoxic_stable,-1.0727049618459077,-0.1127102773276783,0.8141237807686401,0.9441638588905334,0.9441638588905334,0.3648477419069542,MC38,-1.0727049618459077,-0.1127102773276783,Normoxic,1.0555988061230859,0.4564730002920983,0.32500552695250434,0.21852147275539738
CAAGTCATCCATCGTT_E15S,E15S,Tumor,entering_hypoxia,-0.9728203719495212,2.0603721452865456,-0.0444719484661148,0.9377226829528807,0.9377226829528807,0.1987748512800589,MC38,-0.9728203719495212,2.0603721452865456,Saddle / ICS,0.8358582384070554,0.05122782184865544,0.5804053921462715,0.368366786005073
GTTGCCCTCGTGAGAG_E15S,E15S,Tumor,entering_hypoxia,-0.2413762882969796,1.604810969023251,0.2370605602671811,0.934952199459076,0.934952199459076,0.1583453325834653,MC38,-0.2413762882969796,1.604810969023251,Saddle / ICS,0.9086839145389133,0.08288184087483669,0.534892148675196,0.38222601044996724
GGAAATTGTTATGTCA_E15S,E15S,Hypoxic Tumor,reverted_posthypoxic,-0.819787082676932,-0.0881109833900332,0.2419096057981838,0.9838051199913024,0.9838051199913024,0.3317753896127287,MC38,-0.819787082676932,-0.0881109833900332,Normoxic,1.0659967301420645,0.4384888640465281,0.3302576384355211,0.23125349751795088
TACCCAGGTAGCCATT_E15S,E15S,Hypoxic Tumor,reverted_posthypoxic,-1.2174142833720738,0.3533343286835256,0.3034327162536763,0.9747505784034728,0.9747505784034728,0.3331283516227171,MC38,-1.2174142833720738,0.3533343286835256,Normoxic,1.0656343316776533,0.40952451018771846,0.37227686056651016,0.21819862924577144
TACCCAAAGCAATCCA_E15S,E15S,Tumor,entering_hypoxia,-0.2816287416567367,1.618840140371855,1.1518040965614806,0.9480211734771729,0.9480211734771729,0.2564049617184806,MC38,-0.2816287416567367,1.618840140371855,Saddle / ICS,0.9091833295174931,0.08374294965615856,0.5372536390199978,0.3790034113238437
CGTGAGGGTCAAGGAC_E15S,E15S,Tumor,entering_hypoxia,0.1295116572273675,1.5383069783872754,0.5352479490978682,0.9386830925941468,0.9386830925941468,0.1407790347729509,MC38,0.1295116572273675,1.5383069783872754,Saddle / ICS,0.8798348268440304,0.06269970532888847,0.5129003596042478,0.4243999350668637
GTAAGTTTCGCTATGA_E15S,E15S,Tumor,entering_deep_hypoxia,0.5307955007951298,0.8066301383073863,0.3178312472563858,0.9409761428833008,0.9409761428833008,0.2281352397605235,MC38,0.5307955007951298,0.8066301383073863,Hypoxic,0.9400266412928551,0.09421799190899505,0.4516876897566653,0.45409431833433966
AGTGTTGTCCTTAGCT_E15S,E15S,Tumor,reverted_stable,-1.661600485509148,-0.6486537387166249,0.2798961343376105,0.9455562829971312,0.9455562829971312,0.398234697016279,MC38,-1.661600485509148,-0.6486537387166249,Normoxic,1.0750423733366803,0.42793947608017563,0.32066953984625546,0.251390984073569
CACCCATCAATCCGTC_E15S,E15S,Tumor Proliferating,exiting_hypoxia,0.0380518444303336,-1.1831598147418507,3.821758812670126,0.9358866810798644,0.9358866810798644,0.2065542749811391,MC38,0.0380518444303336,-1.1831598147418507,Hypoxic,1.0425685874408064,0.2062687308053943,0.31604433704601126,0.4776869321485945
GGCGGATAGCAAGCTC_E15S,E15S,Hypoxic Tumor,transitional,-0.1335884634419167,0.1611885458414937,2.092738768589274,0.9403895139694214,0.9403895139694214,0.159703502225663,MC38,-0.1335884634419167,0.1611885458414937,Saddle / ICS,1.092656418815179,0.30323996854080815,0.3851370740047502,0.3116229574544416
GGCATGGGTTCATCCC_E15S,E15S,Hypoxic Tumor,transitional,0.1640519033525782,-0.2744080265724216,0.5591687708896387,0.9716556072235109,0.9716556072235109,0.2726115988670161,MC38,0.1640519033525782,-0.2744080265724216,Hypoxic,1.082232867353706,0.250593133535729,0.36599908347345844,0.3834077829908125
GTGCATTGTTGTAGGA_E15S,E15S,Hypoxic Tumor,reverted_posthypoxic,-0.871995943109304,-0.0974127830325731,0.7036247100887273,0.960092544555664,0.960092544555664,0.3253463795177618,MC38,-0.871995943109304,-0.0974127830325731,Normoxic,1.0632952598800525,0.4436889930773853,0.3283344955764792,0.22797651134613556
AATTCAGCATAGGGCC_E15S,E15S,Hypoxic Tumor,entering_hypoxia,-1.3628847840050682,0.9099975443033492,1.1204349376858211,0.9442019462585448,0.9442019462585448,0.3358341459085948,MC38,-1.3628847840050682,0.9099975443033492,Saddle / ICS,1.0621930731585358,0.2905057068204786,0.46079984182909295,0.24869445135042842
CAAGGCAAGCCGCGTA_E15S,E15S,Tumor,persistent_hypoxia,0.4221852712768664,0.0025511120378686,0.202483884408396,0.9427380561828612,0.9427380561828612,0.2181102255837726,MC38,0.4221852712768664,0.0025511120378686,Hypoxic,1.0374835781793026,0.17822404201129385,0.39255876274523094,0.4292171952434752
TAATGTCAGGATGGGC_E15S,E15S,Hypoxic Tumor,persistent_hypoxia,0.4273618973734708,0.097311848707218,0.4276854656693055,0.9455378651618958,0.9455378651618958,0.3360901531598367,MC38,0.4273618973734708,0.097311848707218,Hypoxic,1.032928683379574,0.172476462686498,0.39999351750072265,0.4275300198127794
GTATTCCTCACAGGCT_E15S,E15S,Tumor,normoxic_stable,-1.1591323570551,0.0780857075678763,0.0373160598450664,0.9458714127540588,0.9458714127540588,0.3940548813701803,MC38,-1.1591323570551,0.0780857075678763,Normoxic,1.0574202858348583,0.4445538854055955,0.3410583067318342,0.21438780786257045
CTCCGTTGTTAGTGCT_E15S,E15S,Tumor,entering_hypoxia,-0.0689943508249117,0.6488511048306065,0.4931021248466174,0.9466061592102052,0.9466061592102052,0.3942626039433252,MC38,-0.0689943508249117,0.6488511048306065,Saddle / ICS,1.0626176061861259,0.22393936449515847,0.4406421407643468,0.3354184947404948
TCGCACCTCTCACTTA_E15S,E15S,Tumor,entering_deep_hypoxia,2.348746779153577,2.220339526659397,1.285420952736043,0.9613435864448548,0.9613435864448548,0.2740980474393738,MC38,2.348746779153577,2.220339526659397,Hypoxic,0.45369167185392956,5.036019772005957e-05,0.1682823719521045,0.8316672678501754
CGAGCCTGTTGGCGCT_E15S,E15S,Tumor,entering_hypoxia,-0.716462433971388,1.7180227608754683,0.0227278183335266,0.9445548057556152,0.9445548057556152,0.2661423364390877,MC38,-0.716462433971388,1.7180227608754683,Saddle / ICS,0.913679219329455,0.0927760926395275,0.5576482718244451,0.3495756355360274
GTCTACTTCTTGATGG_E15S,E15S,Tumor,normoxic_stable,-0.429854845976218,0.3864615723669131,1.3602800735655225,0.9391419887542723,0.9391419887542723,0.2779743990734515,MC38,-0.429854845976218,0.3864615723669131,Saddle / ICS,1.087648217561422,0.3343071569738403,0.39308403609382225,0.27260880693233747
TAAGCAGGTTCCAGTG_E15S,E15S,Hypoxic Tumor,reverted_posthypoxic,-0.7202033946956224,-0.0392413865296686,0.8676575517988413,0.9467682242393494,0.9467682242393494,0.3424180902348465,MC38,-0.7202033946956224,-0.0392413865296686,Normoxic,1.071939551113869,0.4247997589763033,0.33707325115257863,0.23812698987111813
ACTCGCCTCATGTGGC_E15S,E15S,Tumor,exiting_hypoxia,0.1354056725262643,-0.6544267968215896,0.5906104283937764,0.9393048882484436,0.9393048882484436,0.2789883974159949,MC38,0.1354056725262643,-0.6544267968215896,Hypoxic,1.076769426562981,0.2447265051596708,0.34282631537997366,0.4124471794603556
ATCGTTGAGGGCTAAG_E15S,E15S,Hypoxic Tumor,reverted_stable,-0.6166365669335904,-0.4503794833383382,-0.3461971260510781,0.9236932396888732,0.9236932396888732,0.5818422445823337,MC38,-0.6166365669335904,-0.4503794833383382,Normoxic,1.0808824140701299,0.41755969468802195,0.3172323526534419,0.26520795265853603
CGCCATTCATTCCTCT_E15S,E15S,Tumor,transitional,-0.2282625661663755,0.0432152034495511,1.454708428644842,0.93683660030365,0.93683660030365,0.2613197287437193,MC38,-0.2282625661663755,0.0432152034495511,Saddle / ICS,1.0946770125898788,0.3344993748701841,0.36888710664329544,0.29661351848652046
TATGGCGCATTAGAGC_E15S,E15S,Hypoxic Tumor,entering_hypoxia,-0.9535276687983468,1.731068771257989,0.7140979733683013,0.9467729330062866,0.9467729330062866,0.217446715370084,MC38,-0.9535276687983468,1.731068771257989,Saddle / ICS,0.9168891643557653,0.09809099173258004,0.5649557887966067,0.33695321947081325
GTAGGTTCAATCCCTA_E15S,E15S,Hypoxic Tumor,entering_hypoxia,-1.0768927294151762,0.9794765362878608,0.49142340799411,0.9529235363006592,0.9529235363006592,0.2594834839532808,MC38,-1.0768927294151762,0.9794765362878608,Saddle / ICS,1.0604753408694054,0.2734948404523136,0.4665839849575977,0.25992117459008884
ACCCTATTCGCTCCAC_E15S,E15S,Hypoxic Tumor,reverted_stable,-0.6185068814657708,-0.6224819465597743,-0.5384280296034155,0.923169493675232,0.923169493675232,0.6940155742391639,MC38,-0.6185068814657708,-0.6224819465597743,Normoxic,1.0855611941574534,0.4081465315912011,0.31184998114600215,0.2800034872627968
CCCATCGCAGCACTGA_E15S,E15S,Tumor,entering_deep_hypoxia,0.8900345070108601,1.2010634873989556,-0.0029709973544144,0.9437893033027648,0.9437893033027648,0.1959578904103063,MC38,0.8900345070108601,1.2010634873989556,Hypoxic,0.8023609170616623,0.0302872957559798,0.43311483121002425,0.536597873033996
ATACGAAAGTGCAACC_E15S,E15S,Hypoxic Tumor,entering_hypoxia,-1.5911897664995185,2.052661269083396,0.2482157017666552,0.9505136609077454,0.9505136609077454,0.2884921755748081,MC38,-1.5911897664995185,2.052661269083396,Saddle / ICS,0.8263748517620888,0.050264088007888855,0.5959632481433288,0.3537726638487823
ATCTAACAGCTTACTC_E15S,E15S,Hypoxic Tumor,entering_hypoxia,-0.2990663402483758,0.7631355969945157,0.7315674021870295,0.9795041084289552,0.9795041084289552,0.3210912331194764,MC38,-0.2990663402483758,0.7631355969945157,Saddle / ICS,1.0673203727871345,0.24526031713561516,0.4469237265814593,0.3078159562829255
CACTTAGAGCAATCTG_E15S,E15S,Hypoxic Tumor,reverted_stable,-1.0848839730534507,-0.5394952781547948,1.1450356561881634,0.9347652196884156,0.9347652196884156,0.4827185289023293,MC38,-1.0848839730534507,-0.5394952781547948,Normoxic,1.0624085676872508,0.4558764872322628,0.3049993983568398,0.23912411441089737
AGGAATATCAATGGTT_E15S,E15S,Hypoxic Tumor,exiting_hypoxia,-0.265611039980092,-0.5675776085138974,-0.606443307026176,0.9311748147010804,0.9311748147010804,0.4844203544678518,MC38,-0.265611039980092,-0.5675776085138974,Normoxic,1.0981379971295222,0.34743687284741054,0.329399865000845,0.3231632621517445
AGAGGCTGTTTACGAC_E15S,E15S,Tumor,entering_deep_hypoxia,1.259425568595466,0.4909788179415412,2.1855382593401105,0.935294270515442,0.935294270515442,0.1694258792243557,MC38,1.259425568595466,0.4909788179415412,Hypoxic,0.7699320391293892,0.028151377782442387,0.3619954920695701,0.6098531301479875
CGGATCACATCACGCT_E15S,E15S,Tumor,normoxic_stable,-0.6429685094696199,-0.1117476521302999,0.500047711282645,0.9467628598213196,0.9467628598213196,0.3982616527378874,MC38,-0.6429685094696199,-0.1117476521302999,Normoxic,1.0759619708753718,0.41903183909200425,0.3345547481282813,0.24641341277971443
ACCCCTGCAAGGTATC_E15S,E15S,Hypoxic Tumor,entering_hypoxia,0.099658560595471,0.4962684246732212,0.9744187729163852,0.9463181495666504,0.9463181495666504,0.2175440108710264,MC38,0.099658560595471,0.4962684246732212,Saddle / ICS,1.0593068693490664,0.21143711109396432,0.42943158860293723,0.3591313003030984
AAATGTGAGGTGAGAT_E15S,E15S,Hypoxic Tumor,transitional,0.0494838730985239,-0.0346154700754121,-0.1131578006156454,0.9374002814292908,0.9374002814292908,0.1310340673503861,MC38,0.0494838730985239,-0.0346154700754121,Saddle / ICS,1.0897453455599426,0.2738126496347859,0.3781388259531916,0.34804852441202244
ATGCAAGGTTTGGAAG_E15S,E15S,Tumor,persistent_hypoxia,0.4521168073750264,-0.1081104376112388,0.4832218203740655,0.9426100254058838,0.9426100254058838,0.3259420992046831,MC38,0.4521168073750264,-0.1081104376112388,Hypoxic,1.0332285393248306,0.17455753201238292,0.38425994208403513,0.44118252590358187
ACAGATGGTTGGTAGA_E15S,E15S,Tumor,normoxic_stable,-1.7272114571336452,-0.062801322596983,0.4157416286811079,0.9454841017723083,0.9454841017723083,0.3819704513376076,MC38,-1.7272114571336452,-0.062801322596983,Normoxic,1.0652608274698814,0.42569041853133527,0.3522436344749692,0.22206594699369553
ACGGAACGTCTTGCCT_E15S,E15S,Hypoxic Tumor,entering_hypoxia,-1.2471771748719127,0.5179479485923617,0.3098532509853631,0.9704837203025818,0.9704837203025818,0.3103509076833362,MC38,-1.2471771748719127,0.5179479485923617,Saddle / ICS,1.0699017193067692,0.3803296123345663,0.3952351756885182,0.22443521197691552
CATGTCAAGAACCAGG_E15S,E15S,Hypoxic Tumor,exiting_hypoxia,-0.3603924721602116,-1.085478736952174,0.5947111563486651,0.9675573110580444,0.9675573110580444,0.3292289711607705,MC38,-0.3603924721602116,-1.085478736952174,Hypoxic,1.09318125922655,0.3045208097814232,0.31271134131708106,0.38276784890149573
TCACAATAGTGAACGG_E15S,E15S,Tumor,entering_deep_hypoxia,1.9364402209481804,2.9214289344253483,1.6870962328047028,0.9424640536308287,0.9424640536308287,0.246555338728388,MC38,1.9364402209481804,2.9214289344253483,Hypoxic,0.4851791776381349,2.873074015780108e-05,0.1890592682758426,0.8109120009839996
GCTGAGAAGTAATTGC_E15S,E15S,Tumor,entering_hypoxia,-1.5389284212097871,0.5486990180293665,1.0701959756371549,0.943310558795929,0.943310558795929,0.2544270831578205,MC38,-1.5389284212097871,0.5486990180293665,Saddle / ICS,1.069874763601938,0.3628037503261921,0.4103654355844637,0.22683081408934416
TCTCATCAGGGTCTGT_E15S,E15S,Tumor,persistent_hypoxia,0.3881442558591302,-0.2109143410056781,0.5732364263735684,0.937329888343811,0.937329888343811,0.2350090849335849,MC38,0.3881442558591302,-0.2109143410056781,Hypoxic,1.0474407041648839,0.19220898921259294,0.37629499799433225,0.4314960127930747
CAGCCTAGTTAGGGTA_E15S,E15S,Tumor,normoxic_stable,-0.6070974456969201,0.3904976698199359,0.0155145500657728,0.936887800693512,0.936887800693512,0.1534307492268239,MC38,-0.6070974456969201,0.3904976698199359,Saddle / ICS,1.0831459910462173,0.3609915590787241,0.38558814220223697,0.2534202987190388
GGTCCTGAGCAATTAC_E15S,E15S,Tumor,normoxic_stable,-1.0426792000339238,0.3054288157718302,0.9052531653179672,0.93712317943573,0.93712317943573,0.259746492273097,MC38,-1.0426792000339238,0.3054288157718302,Normoxic,1.0669399024089508,0.41334869888374115,0.36511563203742986,0.22153566907882896
CCACGTAGTGAACCTT_E15S,E15S,Tumor,entering_hypoxia,-0.4261209911600856,1.5483026774810484,1.495557988186866,0.9433503746986388,0.9433503746986388,0.1497999992140127,MC38,-0.4261209911600856,1.5483026774810484,Saddle / ICS,0.9384192910003668,0.10516734242275605,0.5371561682294907,0.3576764893477531
TACCCATTCCGTGGAT_E15S,E15S,Tumor,normoxic_stable,-1.738645330262782,0.3366309870752195,0.2023240810836964,0.9426639676094056,0.9426639676094056,0.3065399617053186,MC38,-1.738645330262782,0.3366309870752195,Saddle / ICS,1.0702801222289888,0.3809720208735662,0.39396157066731546,0.22506640845911838
AAGGACTAGGTGAACG_E15S,E15S,Tumor,normoxic_stable,-0.6435551789354146,-0.0512589384630056,1.0462662205940327,0.9431843161582948,0.9431843161582948,0.2995006545114632,MC38,-0.6435551789354146,-0.0512589384630056,Normoxic,1.0762715555308504,0.41576428656666237,0.33906472105509183,0.2451709923782459
TACTGCAAGCAATGAA_E15S,E15S,Tumor,normoxic_stable,-2.486101428451104,0.1676737855826715,-0.4994457202174073,0.9451832175254822,0.9451832175254822,0.4136752449021622,MC38,-2.486101428451104,0.1676737855826715,Saddle / ICS,1.0691463023961316,0.26260435671415205,0.44924825388704964,0.28814738939879836
GTCCGCAAGTGAGTAA_E15S,E15S,Hypoxic Tumor,exiting_hypoxia,0.534191034583901,-1.1789008961461565,0.2471936490531318,0.92309832572937,0.92309832572937,0.827749297449181,MC38,0.534191034583901,-1.1789008961461565,Hypoxic,0.9127737055847314,0.10682058687758525,0.3042825113657097,0.588896901756705
GTCGGATTCCGGGTCA_E15S,E15S,Tumor,entering_hypoxia,-0.1190374519492157,0.5719618446938326,1.6335221934285675,0.9409818649291992,0.9409818649291992,0.1714064827108585,MC38,-0.1190374519492157,0.5719618446938326,Saddle / ICS,1.0731496058304097,0.2462679088501705,0.4299263408325053,0.3238057503173241
TACCTGAAGGAGGTCA_E15S,E15S,Tumor,entering_deep_hypoxia,2.0270187079899373,0.7271662742668157,1.9914166395706296,0.9351890683174132,0.9351890683174132,0.2396093849374989,MC38,2.0270187079899373,0.7271662742668157,Hypoxic,0.568368645845968,0.00232360344295274,0.24132159484572105,0.7563548017113262
TCTCGTTAGGCACGTT_E15S,E15S,Tumor,reverted_stable,-0.4681955050818289,-0.6805041227107369,1.064764862571432,0.9423609375953674,0.9423609375953674,0.266695066459871,MC38,-0.4681955050818289,-0.6805041227107369,Normoxic,1.0939224505624066,0.3789175319422592,0.3164076759857804,0.3046747920719603
TAACGGTCAATATACG_E15S,E15S,Tumor,entering_hypoxia,-0.3140112137254016,0.630349203229885,1.1807212186274787,0.9405445456504822,0.9405445456504822,0.1416437230762029,MC38,-0.3140112137254016,0.630349203229885,Saddle / ICS,1.0782470560368917,0.2728979436864678,0.4290400037690559,0.2980620525444762
TCTACGGGTTTCGGCA_E15S,E15S,Tumor,entering_deep_hypoxia,0.7971758164021797,1.2917099725949184,-0.0603882435411466,0.9311167597770692,0.9311167597770692,0.2428283138753001,MC38,0.7971758164021797,1.2917099725949184,Hypoxic,0.8095360546112139,0.03197633950312357,0.44596904432018647,0.5220546161766899
CTCTGACCAAGCTACG_E15S,E15S,Tumor,normoxic_stable,-1.5897576661531112,-0.202661551858641,0.7004226375831484,0.9437393546104432,0.9437393546104432,0.3221388944077149,MC38,-1.5897576661531112,-0.202661551858641,Normoxic,1.0593915498026996,0.44641654537523645,0.33353878878304466,0.2200446658417189
TCGGTATGTGAGTGCG_E15S,E15S,Hypoxic Tumor,reverted_posthypoxic,-0.8297348940169625,-0.188585446260887,0.1564091297532706,0.9388576149940492,0.9388576149940492,0.3281064605249963,MC38,-0.8297348940169625,-0.188585446260887,Normoxic,1.065040971672548,0.4437565478013837,0.32315735742933277,0.23308609476928366
ATGTTAGCATCACGCT_E15S,E15S,Tumor,entering_deep_hypoxia,0.3785423721211924,0.5977422121809775,0.9762760523629233,0.9434511065483092,0.9434511065483092,0.2017839971698984,MC38,0.3785423721211924,0.5977422121809775,Saddle / ICS,1.0022816437334197,0.1413891608182001,0.44137304631192364,0.4172377928698762
GGACGTTTCCTCATTA_E15S,E15S,Hypoxic Tumor,entering_deep_hypoxia,0.527342255646849,0.5676445732758507,0.5778238180578843,0.9716493487358092,0.9716493487358092,0.3266758665503705,MC38,0.527342255646849,0.5676445732758507,Hypoxic,0.9721484565487151,0.1164645038844585,0.43536678123386935,0.44816871488167215
CCCTAATTCTGGATCA_E15S,E15S,Tumor,normoxic_stable,-0.7766585460516368,-0.0819661643195496,0.350968985085106,0.9470958709716796,0.9470958709716796,0.2159532148595716,MC38,-0.7766585460516368,-0.0819661643195496,Normoxic,1.068362146232417,0.433781933905713,0.33193231460938943,0.2342857514848976
GTTCCTTAGTCGACGT_E15S,E15S,Hypoxic Tumor,reverted_posthypoxic,-1.8330454177596789,0.2764975662766078,-0.0963141953698289,0.9401645660400392,0.9401645660400392,0.3556980538890533,MC38,-1.8330454177596789,0.2764975662766078,Saddle / ICS,1.0719803874458367,0.37758554649910586,0.39403804466110465,0.22837640883978946
GTGAACAGTGAAGCGT_E15S,E15S,Hypoxic Tumor,transitional,-0.4048127846017125,0.059969196837006,0.0577389454372817,0.9582616090774536,0.9582616090774536,0.3025376309882997,MC38,-0.4048127846017125,0.059969196837006,Normoxic,1.0895047596001906,0.36884033843148667,0.36015536666081405,0.27100429490769923
TCGACTAAGGTCAATT_E15S,E15S,Hypoxic Tumor,entering_hypoxia,-0.701143202906222,0.5457370103728834,0.7950658770899468,0.9490736722946168,0.9490736722946168,0.3094816495954831,MC38,-0.701143202906222,0.5457370103728834,Saddle / ICS,1.0807046365321038,0.3455127511926749,0.4027414290345731,0.25174581977275196
GCTCATGGTTCCGGTA_E15S,E15S,Tumor,entering_hypoxia,-0.2174497757094491,1.0512618036730748,1.314543147957427,0.944208800792694,0.944208800792694,0.164579102674649,MC38,-0.2174497757094491,1.0512618036730748,Saddle / ICS,1.0235461550306744,0.17611888518573562,0.48487593821092406,0.3390051766033403
GCCAATTGTTTCCTGC_E15S,E15S,Tumor Proliferating,persistent_hypoxia,0.5283444784151563,-0.2584015282391784,1.855667237080905,0.9436920285224916,0.9436920285224916,0.2240301017116909,MC38,0.5283444784151563,-0.2584015282391784,Hypoxic,1.0145186377005804,0.15807162092588822,0.3728121452533741,0.4691162338207377
TAGCAAGGTTAGTTGC_E15S,E15S,Tumor,entering_deep_hypoxia,0.3424983902936357,1.6612379486879512,0.726385319834736,0.9399981498718262,0.9399981498718262,0.2013898589055743,MC38,0.3424983902936357,1.6612379486879512,Saddle / ICS,0.8268642136976305,0.03764774148075449,0.4979182253878336,0.4644340331314119
TAATCAGCAAAGGTTC_E15S,E15S,Hypoxic Tumor,transitional,0.1167759104460569,0.2608585555156793,-0.3967848006188482,0.9155932664871216,0.9155932664871216,0.7054468104569785,MC38,0.1167759104460569,0.2608585555156793,Saddle / ICS,1.0738387336838007,0.234752743888282,0.4069362478751998,0.3583110082365183
CCTAGGGTCCTGGTAA_E15S,E15S,Hypoxic Tumor,reverted_posthypoxic,-1.19013389017204,0.0936796958334832,0.2291250038673173,0.9357727766036988,0.9357727766036988,0.1720600462206943,MC38,-1.19013389017204,0.0936796958334832,Normoxic,1.057451875333115,0.4433425532144507,0.3428772201729073,0.21378022661264204
CAAGGGATCCACCGCT_E15S,E15S,Tumor,entering_deep_hypoxia,1.7615440652767989,1.6947958668710017,1.8332149297828824,0.936677873134613,0.936677873134613,0.1348478760630403,MC38,1.7615440652767989,1.6947958668710017,Hypoxic,0.6058843319876767,0.0013249918207555785,0.2834933016173218,0.7151817065619227
TCGCAGACAAGCTACG_E15S,E15S,Hypoxic Tumor,exiting_hypoxia,-0.0178055668820269,-0.4802027794217031,0.31208937051244,0.9228439927101136,0.9228439927101136,0.8389221638699665,MC38,-0.0178055668820269,-0.4802027794217031,Hypoxic,1.0948141288572808,0.2935481377690517,0.345729238940229,0.36072262329071936
ACAGCTTGTAAGGTCA_E15S,E15S,Tumor,entering_deep_hypoxia,0.944749079392754,2.350634114162937,-0.299959829829087,0.9409512281417848,0.9409512281417848,0.2647884341730531,MC38,0.944749079392754,2.350634114162937,Hypoxic,0.6852641526919196,0.0025897727987960616,0.38951977540514154,0.6078904517960624
AACATAGAGTCAGGTC_E15S,E15S,Hypoxic Tumor,reverted_posthypoxic,-0.5712499246923555,0.0733057376956136,-0.3722498718819568,0.9308695793151855,0.9308695793151855,0.4828068869564951,MC38,-0.5712499246923555,0.0733057376956136,Normoxic,1.0815227839022548,0.3957734151297949,0.3528341985567513,0.2513923863134539
GGCTATATCTAGCCGG_E15S,E15S,Tumor,entering_hypoxia,-0.8405819293089124,1.008049755158239,0.1487790395860783,0.9287236332893372,0.9287236332893372,0.2296073485257104,MC38,-0.8405819293089124,1.008049755158239,Saddle / ICS,1.0578444135531557,0.2550954627924632,0.47092659423943467,0.2739779429681021
ACTCCCTGTATGTGGA_E15S,E15S,Tumor Proliferating,entering_deep_hypoxia,0.9950338881336488,2.13010390368239,1.6570859135572236,0.9447981715202332,0.9447981715202332,0.1492142739915476,MC38,0.9950338881336488,2.13010390368239,Hypoxic,0.6955759837195608,0.004039459437941332,0.39591863102426034,0.6000419095377983
CCGAAATCAGCCATAG_E15S,E15S,Hypoxic Tumor,entering_hypoxia,-1.2930823641491382,0.672791866070178,0.1089199845761176,0.939232051372528,0.939232051372528,0.4008492488384921,MC38,-1.2930823641491382,0.672791866070178,Saddle / ICS,1.0708613527193214,0.3477615988216862,0.4197868685984028,0.2324515325799109
TAACTCCTCTATCTCA_E15S,E15S,Hypoxic Tumor,entering_deep_hypoxia,0.626199016345355,1.467968844232313,0.4817268909277938,0.9488465189933776,0.9488465189933776,0.3364424742948194,MC38,0.626199016345355,1.467968844232313,Hypoxic,0.8155008911235908,0.03326821314027956,0.4676368693433356,0.4990949175163849
GCCCTTGCAGCTAGTG_E15S,E15S,Hypoxic Tumor,reverted_posthypoxic,-0.7028048481010871,-0.1073659494133202,0.5309357806235528,0.9443040490150452,0.9443040490150452,0.3533495809953618,MC38,-0.7028048481010871,-0.1073659494133202,Normoxic,1.0724024707273307,0.4266355715764253,0.33253991112491493,0.24082451729865964
ATCGTCAAGTTAGCCA_E15S,E15S,Hypoxic Tumor,reverted_posthypoxic,-0.6644070215073304,-0.1643008460516565,0.4176749261937727,0.9431595802307128,0.9431595802307128,0.3433120793526815,MC38,-0.6644070215073304,-0.1643008460516565,Normoxic,1.074562799772968,0.4241313104621106,0.33007407483323853,0.24579461470465075
GGCGTTACAAGCACAT_E15S,E15S,Hypoxic Tumor,exiting_hypoxia,0.4656207368777049,-0.4830383691527151,-0.0544536491342388,0.9298229217529296,0.9298229217529296,0.4221187673109711,MC38,0.4656207368777049,-0.4830383691527151,Hypoxic,1.0230407504130081,0.16983981342601695,0.35749564828610125,0.4726645382878817
CATGCAATCCCCAATT_E15S,E15S,Tumor,entering_hypoxia,-0.8344322703250847,0.6014696258085174,0.552314324876371,0.93781316280365,0.93781316280365,0.2075521947283179,MC38,-0.8344322703250847,0.6014696258085174,Saddle / ICS,1.0777040903407002,0.3476103818699407,0.407444807955976,0.24494481017408326
GGTCTAGCAAATCCTT_E15S,E15S,Tumor,entering_hypoxia,-0.3098008056045126,1.624144729435168,0.8712329474394923,0.945096492767334,0.945096492767334,0.109987760191439,MC38,-0.3098008056045126,1.624144729435168,Saddle / ICS,0.9104728574994103,0.0849270410700758,0.5386277565416407,0.3764452023882836
ATCATTCCAAGGTATC_E15S,E15S,Hypoxic Tumor,entering_deep_hypoxia,0.7923152024411901,0.516505341231499,0.7321356300158008,0.9768397808074952,0.9768397808074952,0.3264204476377229,MC38,0.7923152024411901,0.516505341231499,Hypoxic,0.9064764923184223,0.07682219465046329,0.4167619232197965,0.5064158821297403
TCAACTGAGGTGCAGA_E15S,E15S,Hypoxic Tumor,entering_hypoxia,-0.0029061244540853,1.9100976418937243,0.1812622085808828,0.9442382454872132,0.9442382454872132,0.3060375530639477,MC38,-0.0029061244540853,1.9100976418937243,Saddle / ICS,0.81990088796268,0.036402795690869086,0.527556248447834,0.436040955861297
TGATGAGGTCATGGCC_E15S,E15S,Hypoxic Tumor,reverted_stable,-0.9435119802789173,-0.6595275042657555,0.8448476870205636,0.9630212783813475,0.9630212783813475,0.3393488440381632,MC38,-0.9435119802789173,-0.6595275042657555,Normoxic,1.0721250063063463,0.4400603181395493,0.30326143831599356,0.2566782435444571
GTTCCACCATTCCTAG_E15S,E15S,Hypoxic Tumor,entering_deep_hypoxia,1.4005366994426465,1.372138060156041,0.9871158903614518,0.9723320603370668,0.9723320603370668,0.3249703199262285,MC38,1.4005366994426465,1.372138060156041,Hypoxic,0.6879897117401446,0.0068643521435035595,0.35413464022930996,0.6390010076271865
TGCCGTAGTCATGTGT_E15S,E15S,Tumor,persistent_hypoxia,0.3636975658922443,0.1584521154394513,0.2825519102930522,0.9171220660209656,0.9171220660209656,0.2145906381393897,MC38,0.3636975658922443,0.1584521154394513,Hypoxic,1.042918917449864,0.18392114413517713,0.4044627579247907,0.4116160979400321
AACGGCAAGCTACTGA_E15S,E15S,Tumor,entering_deep_hypoxia,0.6737150801714651,1.2504681588736175,0.8775552291189628,0.9332698583602904,0.9332698583602904,0.0959124332028332,MC38,0.6737150801714651,1.2504681588736175,Hypoxic,0.8398882821153937,0.0429751679953247,0.45947545974823173,0.49754937225644363
GCGTTCCTCGATGCAC_E15S,E15S,Tumor,entering_hypoxia,0.0664969241785034,1.1268118625901622,1.6773134147411357,0.9484243392944336,0.9484243392944336,0.1774515036309804,MC38,0.0664969241785034,1.1268118625901622,Saddle / ICS,0.974547637362463,0.12311049120343372,0.49111599166092396,0.38577351713564234
CAATATCAGGCATCAC_E15S,E15S,Hypoxic Tumor,reverted_posthypoxic,-0.5123511262586968,0.3223218951379435,-0.2585524993376575,0.9248046875,0.9248046875,0.5685264895354206,MC38,-0.5123511262586968,0.3223218951379435,Saddle / ICS,1.0859729414088584,0.3573587716856297,0.38154666715501884,0.26109456115935153
GTCCGTGAGGGTATCC_E15S,E15S,Hypoxic Tumor,transitional,-0.001841069294499,-0.3801251726621042,-0.3854542825908079,0.9334609508514404,0.9334609508514404,0.4362862763742358,MC38,-0.001841069294499,-0.3801251726621042,Hypoxic,1.0947710280418554,0.2925187092449828,0.35194160139699987,0.3555396893580173
GCTCGTTCACTATCGC_E15S,E15S,Hypoxic Tumor,entering_deep_hypoxia,2.2200654674454228,1.5747508981588445,0.107671928336194,0.9661048054695128,0.9661048054695128,0.2839273451417937,MC38,2.2200654674454228,1.5747508981588445,Hypoxic,0.5138878411329761,0.0003463480874297039,0.2076769316436557,0.7919767202689145
ACTGCTGGTGGAAGGA_E15S,E15S,Hypoxic Tumor,reverted_posthypoxic,-1.2182564707207784,0.1033323109618266,0.4654030201637327,0.9537917375564576,0.9537917375564576,0.319679264199355,MC38,-1.2182564707207784,0.1033323109618266,Normoxic,1.0574624455182375,0.44245871626253264,0.34421108289312347,0.21333020084434381
ATGAACGGTAACCCAT_E15S,E15S,Hypoxic Tumor,reverted_posthypoxic,-1.7054232834611238,0.3237801480566313,1.1865923343435607,0.9420225024223328,0.9420225024223328,0.4117400916718869,MC38,-1.7054232834611238,0.3237801480566313,Saddle / ICS,1.0694179084807658,0.38671639763643034,0.389975849881016,0.22330775248255358
CTGCCTATCCAGGGAA_E15S,E15S,Hypoxic Tumor,persistent_hypoxia,0.4444721921450535,-0.2604925526267708,0.1568650322039352,0.9641112685203552,0.9641112685203552,0.2537841953187647,MC38,0.4444721921450535,-0.2604925526267708,Hypoxic,1.0349868858191036,0.17840221491847474,0.37310632935343035,0.44849145572809507
CTAGTTAGTTCCTCGT_E15S,E15S,Hypoxic Tumor,reverted_posthypoxic,-0.969739061112064,0.2825833235827592,2.0652973221153115,0.939856767654419,0.939856767654419,0.2430692839260856,MC38,-0.969739061112064,0.2825833235827592,Normoxic,1.068214456178259,0.41307114260800004,0.3628683791546424,0.22406047823735745
AACGATTTCCAGGTCG_E15S,E15S,Tumor,entering_hypoxia,-1.59501807194824,0.427718707825418,1.8624735562438333,0.9408359527587892,0.9408359527587892,0.1580015452363379,MC38,-1.59501807194824,0.427718707825418,Saddle / ICS,1.069037136265407,0.38076445439522366,0.39634508557101705,0.2228904600337593
GGAATCTCATTGCGTC_E15S,E15S,Tumor,entering_hypoxia,0.2656064083383088,0.417308935320389,1.079763680821169,0.9474799036979676,0.9474799036979676,0.4103931498172483,MC38,0.2656064083383088,0.417308935320389,Saddle / ICS,1.042431200203989,0.1842274847338512,0.4255233084865697,0.390249206779579
GTTGAAGGTTCCTGTC_E15S,E15S,Hypoxic Tumor,reverted_posthypoxic,-1.5705772959470743,0.2899507850732133,0.8438043697941391,0.9725028872489928,0.9725028872489928,0.3265137328210133,MC38,-1.5705772959470743,0.2899507850732133,Normoxic,1.0659153911948978,0.40470962271329436,0.3773083389593047,0.21798203832740087
AAAGCTAAGCTACAGC_E15S,E15S,Hypoxic Tumor,entering_hypoxia,-0.6312535787411934,0.4947063250787793,0.237056322307064,0.930529534816742,0.930529534816742,0.5136161882642836,MC38,-0.6312535787411934,0.4947063250787793,Saddle / ICS,1.0825109681157805,0.34652487079794225,0.3980994287050993,0.2553757004969586
CGGGACTCACCTTAAT_E15S,E15S,Hypoxic Tumor,reverted_posthypoxic,-0.929689738623874,0.1964761731725626,0.6794504503001898,0.935230314731598,0.935230314731598,0.5388997823125906,MC38,-0.929689738623874,0.1964761731725626,Normoxic,1.0669511057615406,0.42201615947447674,0.353697499858233,0.2242863406672902
GCAAGGATCGAAGGGC_E15S,E15S,Tumor Proliferating,entering_hypoxia,0.2853914141907029,0.6156785331868836,1.4033854305309317,0.9288979172706604,0.9288979172706604,0.1579059994479533,MC38,0.2853914141907029,0.6156785331868836,Saddle / ICS,1.018390064491125,0.1576067597926064,0.4436017542359291,0.39879148597146447
CCGCTAGAGGCATCAC_E15S,E15S,Hypoxic Tumor,persistent_hypoxia,0.4684576715708501,0.1086818106551554,0.0477683778717665,0.9710216522216796,0.9710216522216796,0.2278711657982816,MC38,0.4684576715708501,0.1086818106551554,Hypoxic,1.0233078029297324,0.16226702488112588,0.40085754905644444,0.4368754260624296
ATTGCCCCAGTACCGA_E15S,E15S,Hypoxic Tumor,exiting_hypoxia,0.5700154143702157,-0.565596411959417,-0.5465747668873815,0.9330983757972716,0.9330983757972716,0.4600357010459991,MC38,0.5700154143702157,-0.565596411959417,Hypoxic,0.9892191661744238,0.14246806948046997,0.3498840253710918,0.5076479051484382
TGGGATAGTGATAGTG_E15S,E15S,Tumor,persistent_hypoxia,0.7019133516029147,-0.1582476342764391,0.0782601930862474,0.9404383897781372,0.9404383897781372,0.2057371342415362,MC38,0.7019133516029147,-0.1582476342764391,Hypoxic,0.9657500079185795,0.11887840644567502,0.37537229696599866,0.5057492965883263
GCGATTCAGGATTACT_E15S,E15S,Hypoxic Tumor,entering_hypoxia,0.1713483697488121,1.1308779866999172,0.0342834836775289,0.9242217540740968,0.9242217540740968,0.6061389824259905,MC38,0.1713483697488121,1.1308779866999172,Saddle / ICS,0.9570598449732182,0.10842031706177956,0.4886955792134468,0.40288410372477357
GTAAACCCAGCCATCT_E15S,E15S,Tumor Proliferating,exiting_hypoxia,0.6821420492757309,-1.5294282605604423,2.4049812403574333,0.9332478046417236,0.9332478046417236,0.1662979306911504,MC38,0.6821420492757309,-1.5294282605604423,Hypoxic,0.7718000076616545,0.056066823757336175,0.2602044954492328,0.6837286807934311
AGCCCCTTCCCCTGTA_E15S,E15S,Hypoxic Tumor,entering_hypoxia,-0.7920087256847272,0.8270939069689892,0.5478328941846622,0.9634397029876708,0.9634397029876708,0.3140516878518937,MC38,-0.7920087256847272,0.8270939069689892,Saddle / ICS,1.0719423062876439,0.294639852915499,0.44269370530240526,0.26266644178209586
TCCCGTTGTTCAATCA_E15S,E15S,Hypoxic Tumor,entering_hypoxia,-0.6158424296033187,0.99568989746796,-0.1745584777050562,0.934583842754364,0.934583842754364,0.5178119151468883,MC38,-0.6158424296033187,0.99568989746796,Saddle / ICS,1.055291697612162,0.23841758558259749,0.47155975801409805,0.2900226564033044
CGCATATGTCCCGAGT_E15S,E15S,Hypoxic Tumor,entering_hypoxia,-0.9614402423333192,0.7672355352501093,0.0661857447141163,0.9428470730781556,0.9428470730781556,0.32027663647514,MC38,-0.9614402423333192,0.7672355352501093,Saddle / ICS,1.0732430579530834,0.3202339970738679,0.4314577585332982,0.24830824439283397
AGGATTAAGATTGAAG_E15S,E15S,Tumor,entering_deep_hypoxia,2.421825178308837,1.8045377070791868,0.5176038583049604,0.9493034482002258,0.9493034482002258,0.0623455956946186,MC38,2.421825178308837,1.8045377070791868,Hypoxic,0.45853386521674366,0.0001006461362979267,0.1710364065531942,0.8288629473105078
AGAGGCGCATTCGCTA_E15S,E15S,Tumor,entering_hypoxia,-2.138309552229009,1.2147269589421403,-0.3169388948828479,0.9454872012138368,0.9454872012138368,0.367614532993141,MC38,-2.138309552229009,1.2147269589421403,Saddle / ICS,0.9792635028445005,0.1547869271523669,0.5475821391696946,0.2976309336779386
GTTAGGGAGTAGCCCG_E15S,E15S,Hypoxic Tumor,transitional,-0.2068243794349015,-0.3871539628058836,0.737444809667976,0.964410364627838,0.964410364627838,0.2762393450645566,MC38,-0.2068243794349015,-0.3871539628058836,Normoxic,1.0980462175365011,0.34186570032335195,0.34058113243961896,0.31755316723702903
TAGTCCCCATCACGCT_E15S,E15S,Hypoxic Tumor,reverted_posthypoxic,-0.654427759662018,-0.3560917848715568,-0.5442289142776052,0.9222403168678284,0.9222403168678284,0.6096932719362518,MC38,-0.654427759662018,-0.3560917848715568,Normoxic,1.0767457519893473,0.4250949548081983,0.3197269983653368,0.2551780468264648
CGCGCAATCGCGTGTG_E15S,E15S,Tumor,entering_hypoxia,-0.3989142582202399,0.9855876381855262,2.076151302419072,0.9394426941871644,0.9394426941871644,0.1406702513161566,MC38,-0.3989142582202399,0.9855876381855262,Saddle / ICS,1.047421637855968,0.2146062126996571,0.4740300320996091,0.3113637552007338
CCCTAACCACAGCATG_E15S,E15S,Hypoxic Tumor,exiting_hypoxia,0.4939366903816448,-0.5548641122107622,-0.5485891361823884,0.915187120437622,0.915187120437622,0.7214134596591211,MC38,0.4939366903816448,-0.5548641122107622,Hypoxic,1.0114494770163542,0.16046625699803038,0.352230835344765,0.4873029076572046
GTAACCTGTTATCATG_E15S,E15S,Hypoxic Tumor,entering_hypoxia,-0.7699170101607763,1.2051724663106969,0.2673397051068174,0.9506506323814392,0.9506506323814392,0.2649045215711869,MC38,-0.7699170101607763,1.2051724663106969,Saddle / ICS,1.0298523862265867,0.20229724573332747,0.5013599683923645,0.296342785874308
CCATTAAGTTGGGCAG_E15S,E15S,Hypoxic Tumor,entering_hypoxia,-0.6178945725314888,1.2787399301838187,-0.3925167426568155,0.9207244515419006,0.9207244515419006,0.6555363404409391,MC38,-0.6178945725314888,1.2787399301838187,Saddle / ICS,1.0108688323898076,0.17368073108070844,0.5113630985151767,0.3149561704041149
AGTACCATCTGGTAAT_E15S,E15S,Hypoxic Tumor,entering_hypoxia,0.0753055944050518,0.4554231273978549,0.6140740189205081,0.9686107635498048,0.9686107635498048,0.3131920758853851,MC38,0.0753055944050518,0.4554231273978549,Saddle / ICS,1.065480210452591,0.2220628341020402,0.4245051718114677,0.35343199408649206
GTCCCAAGTTGAAGGC_E15S,E15S,Tumor,entering_hypoxia,-0.9801649785858398,0.477311597005794,-0.0192757839158959,0.9410024881362916,0.9410024881362916,0.2753520550502464,MC38,-0.9801649785858398,0.477311597005794,Saddle / ICS,1.0732333195739068,0.38175565502837866,0.3877441980092966,0.23050014696232468
ACTCCCATCTATGACG_E15S,E15S,Hypoxic Tumor,reverted_posthypoxic,-0.9846841302811228,-0.1498932177504833,0.8336208623875254,0.9438745379447936,0.9438745379447936,0.356041634523876,MC38,-0.9846841302811228,-0.1498932177504833,Normoxic,1.0581175034977446,0.4540976301154441,0.3229223000292181,0.22298006985533791
GTGTTACGTAGCTATC_E15S,E15S,Hypoxic Tumor,reverted_posthypoxic,-1.9907555572793072,0.0830004041352037,1.4016683876114455,0.9566096663475036,0.9566096663475036,0.2828251832974781,MC38,-1.9907555572793072,0.0830004041352037,Saddle / ICS,1.0764390224031684,0.37531845516194307,0.38753765444439964,0.23714389039365744
GTCGACTAGGGTCCTG_E15S,E15S,Hypoxic Tumor,reverted_posthypoxic,-0.6641890129583559,-0.2102956690675897,0.9046749178030786,0.9687313437461852,0.9687313437461852,0.2990265509317886,MC38,-0.6641890129583559,-0.2102956690675897,Normoxic,1.0746655659446405,0.42547970424545767,0.32716262176419475,0.24735767399034764
AAATTGCTCCTCAACT_E15S,E15S,Hypoxic Tumor,persistent_hypoxia,0.6205411937057594,-0.2439623729701164,0.8253948836176918,0.9390813112258912,0.9390813112258912,0.4675496225374387,MC38,0.6205411937057594,-0.2439623729701164,Hypoxic,0.9892711271573909,0.1368778431974936,0.371970539622218,0.4911516171802885
TGTGCCAGTAGGTACA_E15S,E15S,Tumor,entering_hypoxia,-0.3674887938944711,0.7566528716252209,-0.0829897338841847,0.9402922987937928,0.9402922987937928,0.2751735393170755,MC38,-0.3674887938944711,0.7566528716252209,Saddle / ICS,1.0708547282164345,0.25760485827429175,0.4437466455059277,0.2986484962197805
CGCACCTTCGCTGAAC_E15S,E15S,Hypoxic Tumor,reverted_stable,-1.114002813481768,-0.5284962203464758,0.8470575687855365,0.9716501832008362,0.9716501832008362,0.3401611439965963,MC38,-1.114002813481768,-0.5284962203464758,Normoxic,1.0613486991742989,0.4573649563592998,0.30536752160073,0.23726752203997015
CTCATGTTCTAGCGCG_E15S,E15S,Tumor,entering_deep_hypoxia,1.868583784904775,2.1196655314093555,1.8007396952740418,0.9479557871818542,0.9479557871818542,0.1575174211451286,MC38,1.868583784904775,2.1196655314093555,Hypoxic,0.5636864117726328,0.0003648648966086362,0.2483702102719638,0.7512649248314276
CCAGAATCACCTAACC_E15S,E15S,Hypoxic Tumor,entering_deep_hypoxia,0.6548800803535183,1.6183285792906497,0.5271336625289805,0.940832257270813,0.940832257270813,0.3763151950161129,MC38,0.6548800803535183,1.6183285792906497,Hypoxic,0.7891988818118658,0.024216456794758097,0.46383871208426547,0.5119448311209764
TCGGCTAGTGCATCTG_E15S,E15S,Tumor,entering_hypoxia,-0.2306625764621463,0.7541707391155675,0.183704032263126,0.9399248361587524,0.9399248361587524,0.1780713009758045,MC38,-0.2306625764621463,0.7541707391155675,Saddle / ICS,1.0643398198810812,0.23538427072159568,0.4480233440778492,0.31659238520055505
CTAACGATCCGCGATG_E15S,E15S,Hypoxic Tumor,entering_hypoxia,-1.2019431031616634,0.9902497934574604,0.2592396722992353,0.942118227481842,0.942118227481842,0.3184860664580999,MC38,-1.2019431031616634,0.9902497934574604,Saddle / ICS,1.0583949963967336,0.2725896936282103,0.4701687891277174,0.25724151724407224
AGCCTCTCACCTCGAT_E15S,E15S,Hypoxic Tumor,reverted_posthypoxic,-2.0796501537708267,-0.2133221748651882,1.053227209038769,0.9603170156478882,0.9603170156478882,0.3306386211174072,MC38,-2.0796501537708267,-0.2133221748651882,Normoxic,1.0825677717013886,0.3764956456795751,0.3725548010525942,0.2509495532678305
GCGTTATGTATGGTCT_E15S,E15S,Hypoxic Tumor,persistent_hypoxia,1.9194917863608705,-0.3424293755292765,-0.043762027204813,0.9231365323066713,0.9231365323066713,0.5890261751983913,MC38,1.9194917863608705,-0.3424293755292765,Hypoxic,0.5512081115475177,0.005209047915001125,0.21452328539570048,0.7802676666892984
GGTGCGAGTGATTCCG_E15S,E15S,Hypoxic Tumor,reverted_posthypoxic,-0.4426816937524641,0.3170975166156888,-0.65978706618844,0.93073970079422,0.93073970079422,0.4840095179003038,MC38,-0.4426816937524641,0.3170975166156888,Saddle / ICS,1.0879855963195166,0.3466373771986985,0.3843423932632685,0.269020229538033
TAGGCCACATCAAGCG_E15S,E15S,Hypoxic Tumor,entering_hypoxia,-0.2345721017288705,2.3166503154107474,0.1898024045166195,0.9509949684143066,0.9509949684143066,0.2765679553109917,MC38,-0.2345721017288705,2.3166503154107474,Saddle / ICS,0.7675738186754696,0.018211775078688874,0.5348740424224732,0.446914182498838
CTAGCCTCAGCCAGGT_E15S,E15S,Hypoxic Tumor,reverted_posthypoxic,-1.6219446043944847,-0.1237932469294401,0.7265049287469898,0.9357041716575624,0.9357041716575624,0.4216408783353921,MC38,-1.6219446043944847,-0.1237932469294401,Normoxic,1.060561426694281,0.440404287152275,0.34066555831627804,0.2189301545314471
GGAAACTAGATTAACC_E15S,E15S,Hypoxic Tumor,entering_hypoxia,-0.6215391593770844,0.7051857530193781,0.309352014151206,0.9458957314491272,0.9458957314491272,0.2584865857593483,MC38,-0.6215391593770844,0.7051857530193781,Saddle / ICS,1.078064669336969,0.30404276917046547,0.4280417419202851,0.26791548890924943
ATACTCCTCTGGCTAA_E15S,E15S,Hypoxic Tumor,transitional,-0.2211759883704798,0.0167303446330333,0.5834175922853182,0.9509382247924804,0.9509382247924804,0.3247478242187634,MC38,-0.2211759883704798,0.0167303446330333,Saddle / ICS,1.0950239655512803,0.33489337370756805,0.3670402399591364,0.2980663863332956
GGTTTACGTTAGTCAC_E15S,E15S,Hypoxic Tumor,entering_hypoxia,-0.7926424883111576,0.8591117858807144,0.246282769076371,0.9519033432006836,0.9519033432006836,0.2778759241077333,MC38,-0.7926424883111576,0.8591117858807144,Saddle / ICS,1.0700326914403278,0.2872330015611497,0.447726997555378,0.2650400008834723
GGAGAAGGTGCGGTTC_E15S,E15S,Hypoxic Tumor,entering_hypoxia,-1.2279377260035906,0.6936179273208666,0.2875399577085834,0.9465200304985046,0.9465200304985046,0.3620340149554873,MC38,-1.2279377260035906,0.6936179273208666,Saddle / ICS,1.0713546365919675,0.34378738567565686,0.42159875539396097,0.23461385893038209
CCTGAGTAGCCATCGG_E15S,E15S,Hypoxic Tumor,persistent_hypoxia,0.4914024963462491,-0.0828619124198259,0.3820860226177462,0.9387511014938354,0.9387511014938354,0.4336620569743107,MC38,0.4914024963462491,-0.0828619124198259,Hypoxic,1.0237397711876204,0.1644629788631075,0.3860709034545082,0.44946611768238426
GCTTATAGTTTGGCGC_E15S,E15S,Tumor,normoxic_stable,-1.6624403366253693,0.0882869721480268,0.1288353675566478,0.9476860761642456,0.9476860761642456,0.3880366142120197,MC38,-1.6624403366253693,0.0882869721480268,Normoxic,1.0642579108307537,0.4207434842671633,0.3610251782405523,0.21823133749228438
GGAAGCATCACTGGCG_E15S,E15S,Tumor,entering_deep_hypoxia,0.6981172311399622,0.6913321083787918,-0.1187220019233103,0.9425235390663148,0.9425235390663148,0.1456331874315131,MC38,0.6981172311399622,0.6913321083787918,Hypoxic,0.913613881281343,0.07922656029305292,0.43416823588383957,0.48660520382310746
GGGACTAAGTTGCCTT_E15S,E15S,Hypoxic Tumor,entering_hypoxia,-0.4964481814398694,1.9736718275352576,0.2066529390839779,0.948586642742157,0.948586642742157,0.3364816118535429,MC38,-0.4964481814398694,1.9736718275352576,Saddle / ICS,0.8417613870291287,0.04989548125624647,0.5592667888005077,0.39083772994324584
ATACGGTCAACGGGCT_E15S,E15S,Hypoxic Tumor,exiting_hypoxia,-0.0973241552584502,-0.532001853213319,-0.2763267748730454,0.9305418729782104,0.9305418729782104,0.4663109978090277,MC38,-0.0973241552584502,-0.532001853213319,Hypoxic,1.097369709958099,0.31074352363839025,0.3393529271625134,0.3499035491990963
GCAAAGGTCCTGATGA_E15S,E15S,Hypoxic Tumor,transitional,0.1517498533208269,0.3406362152452302,0.7554051113155944,0.9556975960731506,0.9556975960731506,0.2908643953703618,MC38,0.1517498533208269,0.3406362152452302,Saddle / ICS,1.064997896871663,0.2182984409174669,0.4157104196701272,0.36599113941240596
CGGGTAAAGCCTGATA_E15S,E15S,Hypoxic Tumor,reverted_stable,-0.9391916631255708,-0.558113572662101,0.0905007469663391,0.9428354501724244,0.9428354501724244,0.380880916643922,MC38,-0.9391916631255708,-0.558113572662101,Normoxic,1.0676822731294875,0.44723095131007595,0.30532376058042376,0.24744528810950037
ATCTACCTCAGTAGGG_E15S,E15S,Hypoxic Tumor,reverted_posthypoxic,-0.5433492792405237,-0.2570477800274537,0.5323332529494721,0.9296429753303528,0.9296429753303528,0.5323509617047341,MC38,-0.5433492792405237,-0.2570477800274537,Normoxic,1.0824099439317114,0.4085107765069198,0.3296303012627496,0.26185892223033064
AGCATGAGTCATGATC_E15S,E15S,Hypoxic Tumor,entering_deep_hypoxia,1.3879219970787535,1.0362938379004931,-0.4253436351806982,0.917654275894165,0.917654275894165,0.7344650220483744,MC38,1.3879219970787535,1.0362938379004931,Hypoxic,0.7095934724376739,0.011630607612686665,0.35652429761972076,0.6318450947675927
CATTCATCAAGCTGGC_E15S,E15S,Hypoxic Tumor,entering_hypoxia,0.1104468158460954,1.0039068789809276,-0.4861253146711742,0.9143550992012024,0.9143550992012024,0.9016073357044958,MC38,0.1104468158460954,1.0039068789809276,Saddle / ICS,0.9905047016237569,0.13530687141047984,0.4797444500696673,0.38494867851985287
TACCATTCAGCACTTC_E15S,E15S,Hypoxic Tumor,entering_hypoxia,-0.4695485922285127,0.5922098889061873,2.007289549304134,0.9428030252456664,0.9428030252456664,0.1914583244040475,MC38,-0.4695485922285127,0.5922098889061873,Saddle / ICS,1.0825050973255632,0.3056197922495996,0.4175391826708481,0.2768410250795523
GGCCGTTGTCAGGGCA_E15S,E15S,Hypoxic Tumor,entering_hypoxia,-1.317251461790589,1.4105551938708605,0.5000846610978761,0.94636070728302,0.94636070728302,0.2831810267138536,MC38,-1.317251461790589,1.4105551938708605,Saddle / ICS,0.9921901800817134,0.16728173598937185,0.5388186027952652,0.29389966121536293
GTCTTAAGTTGAGCGG_E15S,E15S,Tumor,entering_hypoxia,-0.571861547433795,1.1333677703808704,0.5221237012511126,0.9384530782699584,0.9384530782699584,0.1862233846067438,MC38,-0.571861547433795,1.1333677703808704,Saddle / ICS,1.0345245297218408,0.20220963705296233,0.4919558114222333,0.30583455152480427
GGGCAATGTCTTGACG_E15S,E15S,Hypoxic Tumor,entering_hypoxia,-0.1935618856131319,1.598865334960743,0.7844789214124255,0.9446356296539308,0.9446356296539308,0.2882600610546206,MC38,-0.1935618856131319,1.598865334960743,Saddle / ICS,0.9052967029078862,0.08021372151994023,0.5325957307160858,0.3871905477639738
CCATTTGCACATACCC_E15S,E15S,Hypoxic Tumor,entering_hypoxia,-1.6716269193002002,1.3538009662812744,0.7049954475872359,0.9488570690155028,0.9488570690155028,0.2401834954321167,MC38,-1.6716269193002002,1.3538009662812744,Saddle / ICS,0.9894531267627422,0.16712130964049993,0.5431086689445679,0.28977002141493224
ATAGCGAGTTTGCAGT_E15S,E15S,Hypoxic Tumor,entering_hypoxia,-1.249286771201913,0.7856727967135072,0.3736340416981001,0.9673556089401244,0.9673556089401244,0.3013243689082414,MC38,-1.249286771201913,0.7856727967135072,Saddle / ICS,1.0694430244517388,0.32258623185779295,0.43694757196134365,0.2404661961808635
CGAACGGGTTAGACCT_E15S,E15S,Hypoxic Tumor,entering_hypoxia,-0.7681276593950107,0.5229723950680526,-0.196774610278186,0.934714376926422,0.934714376926422,0.4267844691061039,MC38,-0.7681276593950107,0.5229723950680526,Saddle / ICS,1.0791603653558528,0.35693720692857406,0.39769149170499984,0.24537130136642607
TGTCCCTGTTAGGTTC_E15S,E15S,Hypoxic Tumor,entering_hypoxia,-0.5958554009537252,0.6921401776301198,0.3285056082485739,0.9741421341896056,0.9741421341896056,0.3188765716456652,MC38,-0.5958554009537252,0.6921401776301198,Saddle / ICS,1.0786370281668263,0.3035800309379402,0.42693144984852954,0.2694885192135301
ACCGATGCAACTTCCA_E15S,E15S,Hypoxic Tumor,entering_hypoxia,-0.8288298132820593,1.1578273064553597,1.5080423110308332,0.9440934062004088,0.9440934062004088,0.4085976028033837,MC38,-0.8288298132820593,1.1578273064553597,Saddle / ICS,1.0386674152670299,0.21762552943528118,0.4943300073188012,0.2880444632459174
ACTTAGGTCCCGTGCT_E15S,E15S,Hypoxic Tumor,entering_hypoxia,-0.8534728643198303,1.4082344674121436,0.9382511705237736,0.9332088828086852,0.9332088828086852,0.3283915453240484,MC38,-0.8534728643198303,1.4082344674121436,Saddle / ICS,0.9928422214645638,0.15987705118997045,0.5297040683772756,0.3104188804327539
AATATGCTCAGGTTCA_E15S,E15S,Hypoxic Tumor,transitional,-0.4220266919510588,-0.212307784430589,0.1513207212335769,0.930144190788269,0.930144190788269,0.501831478673837,MC38,-0.4220266919510588,-0.212307784430589,Normoxic,1.0890737258578875,0.3866200240635553,0.3384794961517423,0.27490047978470245
CAGTTACGTTCGTAGT_E15S,E15S,Tumor,entering_hypoxia,-1.8332106224986957,0.8124220223389089,0.2383866789507804,0.9311608672142028,0.9311608672142028,0.1434070861570696,MC38,-1.8332106224986957,0.8124220223389089,Saddle / ICS,1.058276242532707,0.2783209600380415,0.4696278166064177,0.25205122335554075
ACATTGGTCTAGGCGT_E15S,E15S,Hypoxic Tumor,reverted_posthypoxic,-0.5760956571637553,-0.2591976448730927,0.2046756381567142,0.9523125886917114,0.9523125886917114,0.320534725652788,MC38,-0.5760956571637553,-0.2591976448730927,Normoxic,1.080418051526534,0.41369732980802865,0.3279980088538208,0.25830466133815067
CCCTTAGTCTGTCTAC_E15S,E15S,Hypoxic Tumor,reverted_stable,-0.7875892600192759,-0.8263680004906161,-0.5754140627825538,0.9250035285949708,0.9250035285949708,0.5865040212398658,MC38,-0.7875892600192759,-0.8263680004906161,Normoxic,1.0860697807506872,0.4085237046914673,0.30393225245507544,0.28754404285345736
ATAATGCTCTAGTCCT_E15S,E15S,Tumor,persistent_hypoxia,1.776006052143277,0.0230375228607097,3.4690645732655105,0.94173002243042,0.94173002243042,0.1288870214996706,MC38,1.776006052143277,0.0230375228607097,Hypoxic,0.616241289835984,0.00820170839265193,0.2581739619645875,0.7336243296427606
TACCCCTGTGAGTGGT_E15S,E15S,Hypoxic Tumor,entering_hypoxia,-0.7756593387196541,1.1480320821107317,0.079919063990444,0.9524850845336914,0.9524850845336914,0.2729435461763975,MC38,-0.7756593387196541,1.1480320821107317,Saddle / ICS,1.039071459651248,0.21640654193478082,0.49291689514988063,0.29067656291533844
ATCCCGCTCCTGGGAT_E15S,E15S,Hypoxic Tumor,reverted_posthypoxic,-0.5653489172154664,-0.2537370244884924,-0.758585160826392,0.9152860045433044,0.9152860045433044,0.8955537142802447,MC38,-0.5653489172154664,-0.2537370244884924,Normoxic,1.0810377542009655,0.4119625499375456,0.32879787810267475,0.25923957195977965
AGACATGGTTAGCCTG_E15S,E15S,Hypoxic Tumor,reverted_stable,-1.3345452464343497,-0.7345755896163532,-0.0635844336951443,0.9278126955032348,0.9278126955032348,0.5588515227416933,MC38,-1.3345452464343497,-0.7345755896163532,Normoxic,1.0710453178770547,0.44131572688105736,0.3054768991734321,0.25320737394551057
GCAATCGCAATGACAC_E15S,E15S,Hypoxic Tumor,reverted_posthypoxic,-0.982112831003132,-0.0386746121277072,-0.1171958003029437,0.9334640502929688,0.9334640502929688,0.41855916785221,MC38,-0.982112831003132,-0.0386746121277072,Normoxic,1.059374918680285,0.4478781564495244,0.33105921572327973,0.22106262782719577
ACACCAATCGTGAACC_E15S,E15S,Hypoxic Tumor,reverted_stable,-1.015830931693549,-0.502070016007605,0.94252286123825,0.93924480676651,0.93924480676651,0.3393383194414522,MC38,-1.015830931693549,-0.502070016007605,Normoxic,1.0627874322951427,0.4548580095548388,0.3061297306707868,0.23901225977437446
GCTAAGTCAAGCTTAA_E15S,E15S,Tumor,entering_hypoxia,-1.8094928821774063,1.4882820176030798,-0.3368721877520756,0.9450600743293762,0.9450600743293762,0.3579127539636,MC38,-1.8094928821774063,1.4882820176030798,Saddle / ICS,0.9499571442605597,0.12993886201728416,0.5649429842193511,0.3051181537633649
CACGAGGGTGCGAGCA_E15S,E15S,Hypoxic Tumor,entering_hypoxia,-0.0258043808793002,1.4503792952835974,-0.4060242473103936,0.9202980399131776,0.9202980399131776,0.6473216833189763,MC38,-0.0258043808793002,1.4503792952835974,Saddle / ICS,0.9196683644766472,0.08660653080522025,0.5172903790963163,0.39610309009846345
CGAACGGGTAGCAGTA_E15S,E15S,Hypoxic Tumor,transitional,-0.2474345908696474,-0.2177308021412479,-0.2598998943425246,0.9188638925552368,0.9188638925552368,0.6204101706234988,MC38,-0.2474345908696474,-0.2177308021412479,Normoxic,1.09618226370419,0.3511554624753891,0.348044136962748,0.3008004005618629
GTCCTCATCCTTCAAC_E15S,E15S,Hypoxic Tumor,transitional,0.0076445072980884,0.2949558310572011,0.1270563193779021,0.9450377225875854,0.9450377225875854,0.3524161352932907,MC38,0.0076445072980884,0.2949558310572011,Saddle / ICS,1.0817200931459543,0.25678382942991634,0.4055474952209847,0.3376686753490989
CTTATGAGTTTCGTCC_E15S,E15S,Hypoxic Tumor,transitional,0.2226620344353958,-0.4067814060097108,-0.8147084363269526,0.9170774817466736,0.9170774817466736,0.875589885968468,MC38,0.2226620344353958,-0.4067814060097108,Hypoxic,1.0734611300467822,0.23379617132779365,0.35951064323787,0.40669318543433625
GGTGCATTCACCTGGG_E15S,E15S,Tumor,normoxic_stable,-1.4610024000113555,-0.3425323054636567,0.1086464341188706,0.9442222714424132,0.9442222714424132,0.3122912857761379,MC38,-1.4610024000113555,-0.3425323054636567,Normoxic,1.0568759412285864,0.4574573853301829,0.3197463726337148,0.2227962420361025
ATGGTTACAGCCAGGT_E15S,E15S,Hypoxic Tumor,reverted_stable,-0.4839377117687539,-0.4524565920975208,-0.0536871204040893,0.9455270767211914,0.9455270767211914,0.268027067517659,MC38,-0.4839377117687539,-0.4524565920975208,Normoxic,1.0885008782371335,0.3961738658815443,0.3229661833214623,0.2808599507969934
GGAGCATGTCAGGCAG_E15S,E15S,Hypoxic Tumor,entering_hypoxia,-0.35032798516386,0.9657151708270384,-0.2707375765656664,0.9152889251708984,0.9152889251708984,0.915522824850993,MC38,-0.35032798516386,0.9657151708270384,Saddle / ICS,1.0471736434943808,0.21212951958445794,0.47231890767261053,0.3155515727429315
GTGGCAGGTTAGTGTC_E15S,E15S,Hypoxic Tumor,entering_deep_hypoxia,1.521410076941401,1.3016345620655865,-0.755437039775785,0.9197733402252196,0.9197733402252196,0.5739381485755134,MC38,1.521410076941401,1.3016345620655865,Hypoxic,0.6686361172097939,0.005496138345664883,0.33373791110113615,0.6607659505531989
TGGTTTAGTCTGTCCT_E15S,E15S,Hypoxic Tumor,entering_hypoxia,-1.5783556832009666,1.2896340676865163,-0.2748319723993613,0.936920702457428,0.936920702457428,0.430745136495078,MC38,-1.5783556832009666,1.2896340676865163,Saddle / ICS,1.0071792342494612,0.1872735337129767,0.5302947428262472,0.28243172346077605
ATTCCAAGTGAGATTG_E15S,E15S,Hypoxic Tumor,transitional,0.137606559824959,-0.1405679461347175,0.397573348392048,0.9391571283340454,0.9391571283340454,0.1744913888969632,MC38,0.137606559824959,-0.1405679461347175,Saddle / ICS,1.0843352296842088,0.25550141573658675,0.3742370087580699,0.3702615755053433
TATGGGTCAAGCTCCT_E15S,E15S,Hypoxic Tumor,exiting_hypoxia,-0.0816396853455847,-0.7809079798718589,1.5128034529398109,0.9365991353988647,0.9365991353988647,0.4046330494388456,MC38,-0.0816396853455847,-0.7809079798718589,Hypoxic,1.0917749082016268,0.28736615200171256,0.3298904638564828,0.3827433841418046
TATCGTAGTCTCAGTG_E15S,E15S,Hypoxic Tumor,reverted_stable,-0.7864086004266392,-0.64853724572003,0.1541630992047621,0.933365285396576,0.933365285396576,0.4703134432451759,MC38,-0.7864086004266392,-0.64853724572003,Normoxic,1.0781664857680622,0.42721769542714627,0.3061975161112429,0.2665847884616109
CGAATCTGTGCGGTGA_E15S,E15S,Hypoxic Tumor,exiting_hypoxia,-0.1327547848844588,-0.8558518410445878,0.2031828409528382,0.9646703004837036,0.9646703004837036,0.3336149391003518,MC38,-0.1327547848844588,-0.8558518410445878,Hypoxic,1.0920618693843083,0.2908544251706745,0.3254460948252525,0.383699480004073
AGTCAACCAATCTCGC_E15S,E15S,Hypoxic Tumor,exiting_hypoxia,0.7941460081497353,-0.67397107804122,-0.5511908538218873,0.92391037940979,0.92391037940979,0.5715429287534101,MC38,0.7941460081497353,-0.67397107804122,Hypoxic,0.9045252384019127,0.09303080829699387,0.33075606450228456,0.5762131272007216
CTAACATAGCTGGTGT_E15S,E15S,Hypoxic Tumor,exiting_hypoxia,0.1042904741064179,-0.7498667269836469,-0.3994553161289466,0.92490816116333,0.92490816116333,0.5896563700235562,MC38,0.1042904741064179,-0.7498667269836469,Hypoxic,1.0757484534115704,0.24491304402676659,0.33721905316299006,0.41786790281024333
TCGGTTAAGGATTAGA_E15S,E15S,Hypoxic Tumor,transitional,0.2009089423719476,-0.0279608531010311,-0.1416069872119655,0.9648333191871644,0.9648333191871644,0.2725960624569979,MC38,0.2009089423719476,-0.0279608531010311,Saddle / ICS,1.0754925508289799,0.23501703915527605,0.38532643098113195,0.379656529863592
CAAGCAAGTGCATTAC_E15S,E15S,Hypoxic Tumor,reverted_stable,-0.555403362687451,-0.5069699359646355,-0.1091426743462053,0.9178518652915956,0.9178518652915956,0.7208797581938773,MC38,-0.555403362687451,-0.5069699359646355,Normoxic,1.0857210363603895,0.4058254480593431,0.31770833150181976,0.2764662204388371
CTGACCTCAATACTGA_E15S,E15S,Hypoxic Tumor,persistent_hypoxia,1.3875517045478418,-0.3242542806261988,0.0182103403475186,0.933361828327179,0.933361828327179,0.4091542449729682,MC38,1.3875517045478418,-0.3242542806261988,Hypoxic,0.7185888978264772,0.026150061275654363,0.2952575349505246,0.6785924037738211
ATTCACCTCTGGCCGA_E15S,E15S,Hypoxic Tumor,exiting_hypoxia,0.3899825817329387,-1.7533190114895645,0.428635047399898,0.9668113589286804,0.9668113589286804,0.3194461594594474,MC38,0.3899825817329387,-1.7533190114895645,Hypoxic,0.7999250367879562,0.06852854544636698,0.2584872453513033,0.6729842092023297
GTACAACCAAGTAAGG_E15S,E15S,Hypoxic Tumor,entering_hypoxia,-1.918931794388016,0.8685741492942431,-0.0713645749233055,0.9336410164833068,0.9336410164833068,0.4625216021220827,MC38,-1.918931794388016,0.8685741492942431,Saddle / ICS,1.0499266900301862,0.25535864303016,0.4845564226776365,0.2600849342922035
GGAATTAAGGATGACG_E15S,E15S,Hypoxic Tumor,entering_hypoxia,-0.3606534567127671,1.9139377575654308,-0.1180829239581056,0.9456905126571656,0.9456905126571656,0.2525282697201294,MC38,-0.3606534567127671,1.9139377575654308,Saddle / ICS,0.8470743664562612,0.05116368978415243,0.5513677067205977,0.39746860349525
AGCTGTTGTGACTCTG_E15S,E15S,Hypoxic Tumor,reverted_posthypoxic,-0.9190396851531856,-0.0286608999490854,0.0776854664884412,0.9455603957176208,0.9455603957176208,0.2691719429336728,MC38,-0.9190396851531856,-0.0286608999490854,Normoxic,1.0620239618787817,0.443109405443506,0.3327097705088288,0.2241808240476653
CCAATCAAGGGTTGCT_E15S,E15S,Hypoxic Tumor,entering_deep_hypoxia,1.4351687149654495,1.680788763811155,0.2407050005543511,0.9439079761505128,0.9439079761505128,0.3878825745060873,MC38,1.4351687149654495,1.680788763811155,Hypoxic,0.6643749178456637,0.003576789215815895,0.3416962561443264,0.6547269546398577
CAATAGCCACTTGGGA_E15S,E15S,Hypoxic Tumor,entering_hypoxia,0.12567984202933,0.5242534928246465,-0.358007532600876,0.936295211315155,0.936295211315155,0.4249158636514017,MC38,0.12567984202933,0.5242534928246465,Saddle / ICS,1.0534989742954264,0.20216653705224258,0.43295724695644133,0.364876215991316
AGTACCATCACTCCGC_E15S,E15S,Hypoxic Tumor,persistent_hypoxia,1.5290358650729394,-0.1654013104317184,-0.1148892431149144,0.924287497997284,0.924287497997284,0.6320990430439574,MC38,1.5290358650729394,-0.1654013104317184,Hypoxic,0.6814188115299525,0.017747302350944558,0.28576713120490377,0.6964855664441516
ATGGTTTAGGATTCGC_E15S,E15S,Hypoxic Tumor,reverted_posthypoxic,-0.6439473000230831,-0.2687244191520187,-0.5174768078073179,0.9340810775756836,0.9340810775756836,0.4632855444366636,MC38,-0.6439473000230831,-0.2687244191520187,Normoxic,1.0762894196501098,0.42372613966402883,0.324571270463157,0.2517025898728141
AACCCTAAGCCTTCGC_E15S,E15S,Hypoxic Tumor,reverted_posthypoxic,-1.4504514518480378,-0.3025103122474362,0.7534602470436585,0.927474856376648,0.927474856376648,0.6555748755199728,MC38,-1.4504514518480378,-0.3025103122474362,Normoxic,1.0558947697390428,0.45806884305109896,0.3212074963718635,0.2207236605770374
GGCGAATGTATGTCCG_E15S,E15S,Hypoxic Tumor,entering_hypoxia,-0.1240301885298478,0.8767753079272913,0.272648069738195,0.93776136636734,0.93776136636734,0.4242116463855443,MC38,-0.1240301885298478,0.8767753079272913,Saddle / ICS,1.0411041226828517,0.19446710767332503,0.46573369148517213,0.3397992008415029
AATGAACGTTTAGTGC_E15S,E15S,Hypoxic Tumor,reverted_posthypoxic,-0.6966921895248364,-0.0327326211337715,-0.1955641442646862,0.9225800037384032,0.9225800037384032,0.6067660041941239,MC38,-0.6966921895248364,-0.0327326211337715,Normoxic,1.0733489943263623,0.42150120284468556,0.3384442062977364,0.24005459085757794
ACCGAGGGTGCAGGAT_E15S,E15S,Hypoxic Tumor,entering_hypoxia,-0.013534106659067,0.6003553566263545,0.4397008877144245,0.9225780963897704,0.9225780963897704,0.637420407781926,MC38,-0.013534106659067,0.6003553566263545,Saddle / ICS,1.0621172190834258,0.2205131258681036,0.43697762617175107,0.34250924796014526
CACCCTTGTGACTCCA_E15S,E15S,Hypoxic Tumor,persistent_hypoxia,1.297762621376471,0.2100543867289837,1.7623234498338405,0.8920043706893921,0.8920043706893921,0.619462503454738,MC38,1.297762621376471,0.2100543867289837,Hypoxic,0.7651445866600712,0.030153687548338866,0.34262487602501634,0.6272214364266447
AGTATTCAGTGGCAGA_E15S,E15S,Hypoxic Tumor,entering_deep_hypoxia,0.7684885842827988,0.4974033996732065,-0.1800270501107881,0.946216881275177,0.946216881275177,0.3680335746295294,MC38,0.7684885842827988,0.4974033996732065,Hypoxic,0.9151234532273873,0.08142498885879118,0.417429007749928,0.5011460033912808
CTCCAGCTCTAACTGG_E15S,E15S,Hypoxic Tumor,entering_hypoxia,-1.6532142597402697,1.68637497291532,0.6303624992834541,0.946806788444519,0.946806788444519,0.3622885241617331,MC38,-1.6532142597402697,1.68637497291532,Saddle / ICS,0.9120981205399977,0.10072399495464057,0.5792603918254533,0.3200156132199062
GGGGTAATCTGGTGTA_E15S,E15S,Hypoxic Tumor,exiting_hypoxia,0.5180275868182352,-0.7847377011613712,0.2336675828634829,0.9201053380966188,0.9201053380966188,0.5639496416362542,MC38,0.5180275868182352,-0.7847377011613712,Hypoxic,0.9834262049212292,0.14250712116692352,0.33552616203726116,0.5219667167958154
GCATTAGTCGATACTG_E15S,E15S,Hypoxic Tumor,reverted_stable,-0.7856201457896854,-0.7956629291667834,-0.2967219324733826,0.9318581223487854,0.9318581223487854,0.4903154972070606,MC38,-0.7856201457896854,-0.7956629291667834,Normoxic,1.0847501096251948,0.4121165497216586,0.30421735563857505,0.28366609463976633
AACACCATCGCGCGTA_E15S,E15S,Hypoxic Tumor,entering_hypoxia,0.0934743238460181,0.5137736964480073,0.309995945635319,0.9549253582954408,0.9549253582954408,0.3115359680607703,MC38,0.0934743238460181,0.5137736964480073,Saddle / ICS,1.058498269822035,0.21046395488551353,0.43103839161602636,0.35849765349846
ACGCGGTCATAGGTGT_E15S,E15S,Hypoxic Tumor,persistent_hypoxia,1.11958987709193,0.14247134127783,0.5983009116180084,0.9272491931915284,0.9272491931915284,0.5595082896103151,MC38,1.11958987709193,0.14247134127783,Hypoxic,0.8242121730559065,0.047745856685572116,0.3619190299398767,0.5903351133745512
GCGTTCCTCAGGTTCA_E15S,E15S,Hypoxic Tumor,transitional,0.0122055701273189,-0.2536100625616941,0.1037201390557654,0.9328528046607972,0.9328528046607972,0.4203283549666556,MC38,0.0122055701273189,-0.2536100625616941,Saddle / ICS,1.0941490127135345,0.2897066656310818,0.3603974942018198,0.34989584016709846
AAATGCTTCGTAGTGC_E15S,E15S,Hypoxic Tumor,entering_hypoxia,-0.590492199023243,1.2082235353743316,0.2526042394590045,0.9491966366767884,0.9491966366767884,0.3387538620349378,MC38,-0.590492199023243,1.2082235353743316,Saddle / ICS,1.0227171058867643,0.18706367592368886,0.5020842589905917,0.3108520650857194
TCACGTCCATTAGACA_E15S,E15S,Hypoxic Tumor,entering_hypoxia,-1.1124424319249084,2.0475068392786606,0.1578985534880892,0.93622088432312,0.93622088432312,0.690264365385573,MC38,-1.1124424319249084,2.0475068392786606,Saddle / ICS,0.8390013461121402,0.05387804882522688,0.5846658723237981,0.36145607885097497
GGGGTAATCAGTTGGC_E15S,E15S,Hypoxic Tumor,entering_hypoxia,-1.2919213817716244,0.6087877290706469,0.7613436011748661,0.9391906261444092,0.9391906261444092,0.4044460759796066,MC38,-1.2919213817716244,0.6087877290706469,Saddle / ICS,1.0708047872787598,0.3615088204670717,0.409805234380937,0.22868594515199123
CATATCTCATAGAGTC_E15S,E15S,Hypoxic Tumor,reverted_posthypoxic,-1.6548816168551848,-0.0727860810560754,1.0020103708927544,0.9369598627090454,0.9369598627090454,0.5053022197899358,MC38,-1.6548816168551848,-0.0727860810560754,Normoxic,1.0621101006618154,0.4343568383203882,0.3465151632704504,0.21912799840916145
TAATCCCTCGCGCTGA_E15S,E15S,Hypoxic Tumor,transitional,-0.097679667957971,-0.2991981325904057,0.9916307732212826,0.9335798621177672,0.9335798621177672,0.6315886205630544,MC38,-0.097679667957971,-0.2991981325904057,Saddle / ICS,1.0977138082069045,0.31714233799589614,0.3516108890537313,0.3312467729503725
CCAACTGGTGATGATG_E15S,E15S,Hypoxic Tumor,exiting_hypoxia,0.2840366102911855,-1.2711881281339994,0.4201789880714903,0.9407724142074584,0.9407724142074584,0.3572541123652304,MC38,0.2840366102911855,-1.2711881281339994,Hypoxic,0.9697334311687333,0.14305007193450264,0.3073346437933571,0.5496152842721402
TCCCAGCTCGATGACC_E15S,E15S,Hypoxic Tumor,persistent_hypoxia,0.3203048412104013,0.1189711149624226,-0.5764442478634996,0.9155837893486024,0.9155837893486024,0.6961061931095945,MC38,0.3203048412104013,0.1189711149624226,Hypoxic,1.052769467749715,0.19694284023171885,0.40056360916194694,0.4024935506063341
CCCAGCAAGTAGTCCA_E15S,E15S,Hypoxic Tumor,entering_deep_hypoxia,0.6765245544436351,0.9085932849233552,0.0227741112771261,0.9592040181159972,0.9592040181159972,0.1658667707427807,MC38,0.6765245544436351,0.9085932849233552,Hypoxic,0.8902963307352219,0.06628163595485433,0.44728856132399775,0.48642980272114805
GCTTGAATCCTGATCT_E15S,E15S,Hypoxic Tumor,reverted_stable,-0.7852044851107001,-0.4099865208720429,-0.4377695253291528,0.9234583377838136,0.9234583377838136,0.5484932763983807,MC38,-0.7852044851107001,-0.4099865208720429,Normoxic,1.0701675604017298,0.4400085303169489,0.31309020905675367,0.24690126062629755
CGTCACCTCCGGGTAT_E15S,E15S,Hypoxic Tumor,reverted_posthypoxic,-0.8468275650690401,0.4049019667515304,0.0737332949241151,0.9266480207443236,0.9266480207443236,0.5123947302818593,MC38,-0.8468275650690401,0.4049019667515304,Normoxic,1.0753887891614566,0.38525008343103007,0.37995111822184136,0.2347987983471286
TAGCTTGAGTGATCGC_E15S,E15S,Hypoxic Tumor,entering_hypoxia,-0.3047058135830717,2.067942047654131,0.4904744424059997,0.9414077997207642,0.9414077997207642,0.3051039515438011,MC38,-0.3047058135830717,2.067942047654131,Saddle / ICS,0.811907097097389,0.03509179720596756,0.5480091689527207,0.4168990338413117
CGTGAGAAGCCACAGT_E15S,E15S,Hypoxic Tumor,entering_hypoxia,-0.7859378861146812,0.5598832669461705,-0.2021568833260845,0.9348680377006532,0.9348680377006532,0.488395507800697,MC38,-0.7859378861146812,0.5598832669461705,Saddle / ICS,1.0787990668366976,0.35158272245438943,0.40245151436693555,0.24596576317867508
CGCTGATAGCCATCGG_E15S,E15S,Hypoxic Tumor,exiting_hypoxia,1.2500780921246155,-1.2935216949003747,0.62711609792002,0.9563099145889282,0.9563099145889282,0.4030624552016155,MC38,1.2500780921246155,-1.2935216949003747,Hypoxic,0.630821563151663,0.020702114352901813,0.22685875482352752,0.7524391308235706
TACGTCAAGTTAGTAC_E15S,E15S,Hypoxic Tumor,entering_hypoxia,-0.6378535301755498,0.4546885162483838,0.0285280290289416,0.921933650970459,0.921933650970459,0.5973052518679409,MC38,-0.6378535301755498,0.4546885162483838,Saddle / ICS,1.0824168947595723,0.3544147596587888,0.39257487159506815,0.2530103687461431
ACCACACAGTAAGGAC_E15S,E15S,Hypoxic Tumor,reverted_stable,-0.8910263109246048,-0.6287601211960824,-0.2778989785876729,0.9469776153564452,0.9469776153564452,0.3531488137239287,MC38,-0.8910263109246048,-0.6287601211960824,Normoxic,1.0726724281122546,0.43865804918943263,0.3044832696992524,0.25685868111131493
TGTGCCAGTTCGGGTC_E15S,E15S,Hypoxic Tumor,reverted_stable,-1.101086094774793,-0.8153342969928097,-0.7727163016870379,0.9154366850852966,0.9154366850852966,0.8001241837178508,MC38,-1.101086094774793,-0.8153342969928097,Normoxic,1.0767679899008296,0.431467006183559,0.3013978907669819,0.26713510304945925
CCCTAGTCAAGCGGAG_E15S,E15S,Hypoxic Tumor,entering_hypoxia,-0.3225752257061361,0.4571345037963897,1.0402103051479543,0.9587798714637756,0.9587798714637756,0.3024648604779356,MC38,-0.3225752257061361,0.4571345037963897,Saddle / ICS,1.0866196901458405,0.3041621031856852,0.40690251826906965,0.28893537854524526
ACGCATATCACGCCGA_E15S,E15S,Hypoxic Tumor,reverted_posthypoxic,-0.4912748103117206,0.296791102610768,-0.3377765347437947,0.9177173376083374,0.9177173376083374,0.7291613813657887,MC38,-0.4912748103117206,0.296791102610768,Saddle / ICS,1.0866255130715754,0.3575635016329217,0.3796294017896262,0.26280709657745216
GGGGACTAGCGGTTCG_E15S,E15S,Hypoxic Tumor,transitional,0.2248893541365296,-0.1039835592116155,-0.2004599008140475,0.9195465445518494,0.9195465445518494,0.6950983177699139,MC38,0.2248893541365296,-0.1039835592116155,Hypoxic,1.0739039432757886,0.23184468150924628,0.38033599904334014,0.38781931944741355
GCGGAGACAGCTACGA_E15S,E15S,Hypoxic Tumor,entering_hypoxia,-1.9705242249168684,0.6671448585187872,1.8252787475393253,0.943737268447876,0.943737268447876,0.4251090809870209,MC38,-1.9705242249168684,0.6671448585187872,Saddle / ICS,1.063700827524841,0.2905290709351879,0.4583187556426818,0.25115217342213036
GTGAGTGAGATAGGTA_E15S,E15S,Hypoxic Tumor,entering_hypoxia,-0.1038629376838072,0.4922133648387475,0.7061535778004976,0.9750637412071228,0.9750637412071228,0.3179984635806295,MC38,-0.1038629376838072,0.4922133648387475,Saddle / ICS,1.0778340464254474,0.2554999200527243,0.421410317905415,0.3230897620418606
AACGGCGGTCATTACA_E15S,E15S,Hypoxic Tumor,reverted_posthypoxic,-1.6244710952798596,-0.0425257172669365,0.6258573154806547,0.9384475946426392,0.9384475946426392,0.3896349587349255,MC38,-1.6244710952798596,-0.0425257172669365,Normoxic,1.0611433402365298,0.4354381965471817,0.34699443694659776,0.21756736650622063
CTCGGTTCAATTGGCG_E15S,E15S,Hypoxic Tumor,entering_deep_hypoxia,3.122714141763952,1.9128491481370975,0.4132821703693893,0.966078281402588,0.966078281402588,0.219667698746325,MC38,3.122714141763952,1.9128491481370975,Hypoxic,0.2876099743814741,3.631703088654302e-06,0.0836360095206249,0.9163603587762865
ACTGCTGGTTAGGCTT_E15S,E15S,Hypoxic Tumor,reverted_posthypoxic,-1.742266760641398,0.3257422682863621,0.9159677403470168,0.9511343240737916,0.9511343240737916,0.3249263127909721,MC38,-1.742266760641398,0.3257422682863621,Saddle / ICS,1.0702453326641614,0.38218828624978884,0.3928740686712804,0.22493764507893085
GTGGGTTTCAAGTTCG_E15S,E15S,Hypoxic Tumor,reverted_posthypoxic,-0.5437462799217393,-0.3589210032153874,-0.6071701642162213,0.9293920993804932,0.9293920993804932,0.4991794686051284,MC38,-0.5437462799217393,-0.3589210032153874,Normoxic,1.0835342074198446,0.40853553369620693,0.32427346281004027,0.26719100349375285
TCATATGGTTAAGTCC_E15S,E15S,Hypoxic Tumor,entering_hypoxia,-1.7963821850135833,1.5844178677185143,0.3708125111981,0.9259136915206908,0.9259136915206908,0.5506019031351763,MC38,-1.7963821850135833,1.5844178677185143,Saddle / ICS,0.9278002545912459,0.11240126749745107,0.5742927276239717,0.3133060048785772
AGACGAACAAGCTGCA_E15S,E15S,Hypoxic Tumor,transitional,-0.133991034992431,0.1564484384608772,0.1031710731261749,0.9224470853805542,0.9224470853805542,0.5820826411018446,MC38,-0.133991034992431,0.1564484384608772,Saddle / ICS,1.0927704574043617,0.30378690077136034,0.3846653434821935,0.3115477557464462
CGCAATATCGACCGCA_E15S,E15S,Hypoxic Tumor,entering_hypoxia,-1.1185346000204457,0.893957190610734,-0.2305445075454066,0.9497882723808287,0.9497882723808287,0.2994543148563183,MC38,-1.1185346000204457,0.893957190610734,Saddle / ICS,1.0662193081530804,0.2956829150147838,0.45275131363883747,0.25156577134637875
CGTAGTCAGTCAATGT_E15S,E15S,Hypoxic Tumor,reverted_posthypoxic,-1.5713017427698242,-0.239747800136595,-0.3187788017682633,0.9285160303115844,0.9285160303115844,0.4748084369533521,MC38,-1.5713017427698242,-0.239747800136595,Normoxic,1.0589447992540435,0.4489148109924446,0.3303062789965931,0.22077891001096225
CAGTTCAAGTTGGATT_E15S,E15S,Hypoxic Tumor,entering_hypoxia,-0.821663532916779,0.764440181962953,-0.0129305020830857,0.9379815459251404,0.9379815459251404,0.3878115000435947,MC38,-0.821663532916779,0.764440181962953,Saddle / ICS,1.074702269263671,0.31144992239907227,0.4324182206895082,0.25613185691141965
TGTACTTCATTAGTGA_E15S,E15S,Hypoxic Tumor,persistent_hypoxia,1.9047001524528515,-0.1556046297601253,-0.5945119181948265,0.9166163206100464,0.9166163206100464,0.7028785405424046,MC38,1.9047001524528515,-0.1556046297601253,Hypoxic,0.5695176243684404,0.005533279789715077,0.22786095094191508,0.7666057692683699
GTTGATTAGTGCAAGG_E15S,E15S,Hypoxic Tumor,transitional,-0.2602314431235836,-0.222091599553049,0.0673312483370873,0.9598100185394288,0.9598100185394288,0.3136450887230246,MC38,-0.2602314431235836,-0.222091599553049,Normoxic,1.0958678541426212,0.35403183591327914,0.3470175237437225,0.29895064034299834
AACGCGCCATCCGGTT_E15S,E15S,Hypoxic Tumor,reverted_posthypoxic,-0.8930887886794197,0.233492345282742,0.4382235974038441,0.9365711808204652,0.9365711808204652,0.4198404242900057,MC38,-0.8930887886794197,0.233492345282742,Normoxic,1.069369461605831,0.41465823362107457,0.3583548176160867,0.22698694876283865
ATGCTTAGTATTGCGT_E15S,E15S,Hypoxic Tumor,exiting_hypoxia,-0.0411883097636946,-0.7359078233245326,-0.5142709261379138,0.9167464375495912,0.9167464375495912,0.6893786305686528,MC38,-0.0411883097636946,-0.7359078233245326,Hypoxic,1.090681046923731,0.28210942710306885,0.33313613682105786,0.38475443607587334
AGCTTACGTTGCATTA_E15S,E15S,Hypoxic Tumor,entering_hypoxia,-0.3447876400096293,1.5946286121040614,0.5119879617948055,0.9206942915916444,0.9206942915916444,0.6018659594861394,MC38,-0.3447876400096293,1.5946286121040614,Saddle / ICS,0.920599127943992,0.09181189284964097,0.5380683224758019,0.370119784674557
GCGGATGGTCTCAGGC_E15S,E15S,Hypoxic Tumor,entering_hypoxia,-0.8624137581888562,0.7381785657754126,0.1151874861873736,0.9424765706062316,0.9424765706062316,0.388685501208914,MC38,-0.8624137581888562,0.7381785657754126,Saddle / ICS,1.0751830001984448,0.3205319842028756,0.42773748819074137,0.251730527606383
GCAAGGATCGTGCTCC_E15S,E15S,Hypoxic Tumor,reverted_posthypoxic,-1.263091211870967,0.0381119192937035,0.2610146808109551,0.951025128364563,0.951025128364563,0.2559872604303679,MC38,-1.263091211870967,0.0381119192937035,Normoxic,1.0555340610110753,0.4484392425893718,0.3389514266778887,0.21260933073273952
ACAGAACAGGCTACCG_E15S,E15S,Hypoxic Tumor,transitional,-0.2768192757477909,0.1949053065244232,0.5299241305441913,0.921440362930298,0.921440362930298,0.6147107981769663,MC38,-0.2768192757477909,0.1949053065244232,Saddle / ICS,1.0923733048443636,0.3306555707815436,0.3802369583568198,0.28910747086163663
AGTCTCAAGCATGATT_E15S,E15S,Hypoxic Tumor,transitional,0.2123258493830531,-0.3747458610380166,-0.3992873775580453,0.9448162913322448,0.9448162913322448,0.3800074348962466,MC38,0.2123258493830531,-0.3747458610380166,Hypoxic,1.0754698964853688,0.23715395399778968,0.36120897050007966,0.4016370755021306
GTGGGATGTAGCCCTA_E15S,E15S,Hypoxic Tumor,exiting_hypoxia,1.9555951314936693,-1.3034107402957888,2.1214646212430464,0.9444060921669006,0.9444060921669006,0.3393786748606255,MC38,1.9555951314936693,-1.3034107402957888,Hypoxic,0.42496164316691487,0.0023778650897201825,0.14200430596222405,0.8556178289480557
TCTGCCTGTGCGCGAA_E15S,E15S,Hypoxic Tumor,exiting_hypoxia,2.201117233101188,-0.4129648740237582,-0.0259775060652064,0.9223578572273254,0.9223578572273254,0.6230419599599286,MC38,2.201117233101188,-0.4129648740237582,Hypoxic,0.46858464961908075,0.001890264542829794,0.16956376701523185,0.8285459684419383
TGGGCAGGTTAACGTC_E15S,E15S,Hypoxic Tumor,exiting_hypoxia,0.8160435857405386,-0.8944644578223336,-0.6078607919766732,0.8502271771430969,0.8502271771430969,0.8391296091675783,MC38,0.8160435857405386,-0.8944644578223336,Hypoxic,0.8661604301072898,0.07958650115350038,0.31052620352709515,0.6098872953194046
GGTCATATCACCAGAC_E15S,E15S,Hypoxic Tumor,exiting_hypoxia,-0.3357594173002106,-0.4872105678933651,0.7903780711027483,0.955475091934204,0.955475091934204,0.344850991691413,MC38,-0.3357594173002106,-0.4872105678933651,Normoxic,1.0956935807370451,0.36655618528240247,0.32896736685612654,0.30447644786147093
CCTAGTTTCGACCAGT_E15S,E15S,Hypoxic Tumor,reverted_stable,-1.4209530076331538,-0.6655981289320926,-0.2517815163901921,0.937444508075714,0.937444508075714,0.3829556190131177,MC38,-1.4209530076331538,-0.6655981289320926,Normoxic,1.0683731456593057,0.44473581619738517,0.30891809898440004,0.2463460848182148
TACTTGCTCCGGTATA_E15S,E15S,Hypoxic Tumor,entering_hypoxia,-1.0155922325242814,1.164788100848981,0.5374317438379002,0.9475604295730592,0.9475604295730592,0.2459551274843727,MC38,-1.0155922325242814,1.164788100848981,Saddle / ICS,1.0394077567739664,0.22496866586636652,0.4962577213091641,0.2787736128244694
AGCCCTAGTTTGGTGT_E15S,E15S,Hypoxic Tumor,reverted_stable,-0.8588848742576909,-0.9814186478237176,0.2791698889553088,0.9638042449951172,0.9638042449951172,0.3100283808819314,MC38,-0.8588848742576909,-0.9814186478237176,Normoxic,1.0908563101178668,0.39280726079894984,0.3023785376582631,0.3048142015427871
TACGAACCAGGCAGCT_E15S,E15S,Hypoxic Tumor,entering_deep_hypoxia,1.3059207401250423,0.5257864786940756,-0.4041976126224586,0.917267084121704,0.917267084121704,0.7293279757022967,MC38,1.3059207401250423,0.5257864786940756,Hypoxic,0.755179490760929,0.024388012451594183,0.35661590828708184,0.6189960792613239
CGTTCCGCACTTAATC_E15S,E15S,Hypoxic Tumor,exiting_hypoxia,-0.2163294324676691,-0.9632464028884395,0.3088475170833466,0.9276256561279296,0.9276256561279296,0.654444061958678,MC38,-0.2163294324676691,-0.9632464028884395,Hypoxic,1.0921717023171644,0.29509289356908835,0.3195208179284931,0.3853862885024186
GTTAGCATCCAGGTCG_E15S,E15S,Hypoxic Tumor,entering_hypoxia,-0.0961721315097135,1.16104346481304,-0.0819205722048922,0.9261458516120912,0.9261458516120912,0.5564543506560943,MC38,-0.0961721315097135,1.16104346481304,Saddle / ICS,0.990169776456078,0.13942336973665237,0.4965733226974779,0.3640033075658698
ATCGGTCAGTTGGTTG_E15S,E15S,Hypoxic Tumor,exiting_hypoxia,1.330439645534965,-1.1825036571901095,1.3440691710135393,0.9394311904907228,0.9394311904907228,0.4615398634898959,MC38,1.330439645534965,-1.1825036571901095,Hypoxic,0.625725963260406,0.01886097464115051,0.22820013595492147,0.7529388894039281
CTAACCAAGTAGCTGC_E15S,E15S,Hypoxic Tumor,reverted_posthypoxic,-0.7808280913887546,0.1039984418423711,0.2367953165236457,0.939212441444397,0.939212441444397,0.4262677481545394,MC38,-0.7808280913887546,0.1039984418423711,Normoxic,1.0710200523663094,0.41959201366831056,0.3476528993996855,0.23275508693200397
GCGCTTGAGTCGAGCT_E15S,E15S,Hypoxic Tumor,reverted_posthypoxic,-1.0860841967664636,-0.1335115359967698,1.0324314010109172,0.9444394707679749,0.9444394707679749,0.3716067120374061,MC38,-1.0860841967664636,-0.1335115359967698,Normoxic,1.0550961469225202,0.457926206859338,0.3235611324472871,0.2185126606933749
AAATGGATCACAGCTA_E15S,E15S,Hypoxic Tumor,reverted_stable,-1.2148914318502195,-0.436959333380644,-0.6367719950595573,0.8825820088386536,0.8825820088386536,0.7462202913071742,MC38,-1.2148914318502195,-0.436959333380644,Normoxic,1.0567414766251417,0.4626145407192779,0.3090842105764691,0.22830124870425297
ACTATTCCACAATCCC_E15S,E15S,Hypoxic Tumor,reverted_posthypoxic,-0.7692171557270651,0.1441499075476184,-0.3277162409324387,0.9319218397140504,0.9319218397140504,0.4514620201178118,MC38,-0.7692171557270651,0.1441499075476184,Normoxic,1.072440740662648,0.4141509702987648,0.35194250480181016,0.233906524899425
GCGATCCGTTGGGATA_E15S,E15S,Hypoxic Tumor,reverted_posthypoxic,-1.0020986194226993,-0.1336816737755178,-0.3964056284966393,0.9197897911071776,0.9197897911071776,0.6387746443630563,MC38,-1.0020986194226993,-0.1336816737755178,Normoxic,1.0575832649508343,0.45435525101027846,0.32385764994751914,0.22178709904220234
CGTCTTGTCACACTTC_E15S,E15S,Hypoxic Tumor,reverted_posthypoxic,-0.494219965875858,-0.0854255341290761,-0.0771596838703154,0.923732578754425,0.923732578754425,0.5760936656344697,MC38,-0.494219965875858,-0.0854255341290761,Normoxic,1.0848263082855683,0.39478733458950205,0.3434017928501454,0.2618108725603525
CGGTTAGCATGTCGTC_E15S,E15S,Hypoxic Tumor,reverted_stable,-1.030067717693481,-0.917026415099734,-0.5237492537514663,0.9117184281349182,0.9117184281349182,0.9044755309677864,MC38,-1.030067717693481,-0.917026415099734,Normoxic,1.0839818623043138,0.4146775402770805,0.301190099726661,0.2841323599962586
TCCAGCTCACTCAGCT_E15S,E15S,Hypoxic Tumor,reverted_posthypoxic,-1.1900244538502072,-0.011617913107915,-0.1192275531238492,0.9287288784980774,0.9287288784980774,0.5654683505884746,MC38,-1.1900244538502072,-0.011617913107915,Normoxic,1.0549146031774441,0.4526125419774739,0.333455258503525,0.2139321995190012
CACGTATGTCCATAGT_E15S,E15S,Hypoxic Tumor,reverted_stable,-1.2544983607299345,-0.4175869162326885,-0.4474428118594346,0.91411554813385,0.91411554813385,0.8650718086523882,MC38,-1.2544983607299345,-0.4175869162326885,Normoxic,1.056022539344809,0.4630363799284783,0.31044059996433354,0.22652302010718822
CTGTTCCGTTATAGGG_E15S,E15S,Hypoxic Tumor,entering_hypoxia,-0.957733835230887,0.8047820888267367,-0.10831597986859,0.9657734036445618,0.9657734036445618,0.1975805152570749,MC38,-0.957733835230887,0.8047820888267367,Saddle / ICS,1.0719892399123085,0.3113139202921526,0.43750082431077253,0.25118525539707476
ACGATGGAGCCGCAAT_E15S,E15S,Hypoxic Tumor,exiting_hypoxia,1.5837244688679268,-0.4649745307031373,-0.4960317623186579,0.9165217876434326,0.9165217876434326,0.732038472300058,MC38,1.5837244688679268,-0.4649745307031373,Hypoxic,0.6414366429185259,0.014662705111269363,0.2564891786595203,0.7288481162292104
CATTCGAAGGCTCCTC_E15S,E15S,Hypoxic Tumor,exiting_hypoxia,1.2100298675449737,-0.9464703176616368,1.4959392282648742,0.9488788843154908,0.9488788843154908,0.4382911702925482,MC38,1.2100298675449737,-0.9464703176616368,Hypoxic,0.7097503039448225,0.031792446476304005,0.26560022719885285,0.702607326324843
TGGTGAGAGCCCTACC_E15S,E15S,Hypoxic Tumor,exiting_hypoxia,0.770779001957256,-2.010559896056628,1.199916178703721,0.9173588752746582,0.9173588752746582,0.8628497751514158,MC38,0.770779001957256,-2.010559896056628,Hypoxic,0.5970643033791474,0.02167303844130862,0.197859521722528,0.7804674398361635
TGTGTTAGTGATGAAT_E15S,E15S,Hypoxic Tumor,exiting_hypoxia,0.5798834596044874,-0.7318787567618121,-0.289047641883055,0.9413972496986388,0.9413972496986388,0.367158550595012,MC38,0.5798834596044874,-0.7318787567618121,Hypoxic,0.9706214978857057,0.13234716156986984,0.33739727073929443,0.5302555676908357
ATTGATGCAGCTCACT_E15S,E15S,Hypoxic Tumor,entering_hypoxia,-0.9527153943746656,0.4610722269689921,-0.1450979855618411,0.9430000185966492,0.9430000185966492,0.4903085340145325,MC38,-0.9527153943746656,0.4610722269689921,Saddle / ICS,1.0735566661098974,0.3831479723685347,0.3857556635431923,0.23109636408827297
CTTGGCCTCGCTGGCA_E15S,E15S,Hypoxic Tumor,entering_deep_hypoxia,0.675360753592557,1.4120177693619271,-0.0146041587122465,0.9501017332077026,0.9501017332077026,0.3347792712963442,MC38,0.675360753592557,1.4120177693619271,Hypoxic,0.8153440146179503,0.03338129724066373,0.4616472025697274,0.5049715001896089
CTCCTAGTCTCACTCG_E15S,E15S,Hypoxic Tumor,entering_hypoxia,-1.2452038735952555,1.3074512711903,-0.5704155682825665,0.9143799543380736,0.9143799543380736,0.9090844480648104,MC38,-1.2452038735952555,1.3074512711903,Saddle / ICS,1.014302019507741,0.19261340741998143,0.5222329586503559,0.28515363392966264
CTTGGGTAGTCATCAG_E15S,E15S,Hypoxic Tumor,reverted_posthypoxic,-1.2244886037306386,0.3699530654876263,1.0461554860798938,0.944335162639618,0.944335162639618,0.4232289169324909,MC38,-1.2244886037306386,0.3699530654876263,Normoxic,1.0661097984097543,0.4068353708387422,0.3745259190026536,0.21863871015860423
GTGTTCAAGCCAACCG_E15S,E15S,Hypoxic Tumor,transitional,-0.0220151363227752,-0.3251676435292763,-0.5626365298642068,0.9150108098983764,0.9150108098983764,0.8003704293306209,MC38,-0.0220151363227752,-0.3251676435292763,Saddle / ICS,1.0957736446035375,0.29833970262972714,0.35413739674408884,0.3475229006261841
GCAGGGACAGGATGCC_E15S,E15S,Hypoxic Tumor,reverted_posthypoxic,-2.1367978388995046,-0.0593418336491744,0.4084047187354285,0.9612008333206176,0.9612008333206176,0.3138775187960904,MC38,-2.1367978388995046,-0.0593418336491744,Saddle / ICS,1.0821832850839024,0.35859654116503176,0.3898111048324643,0.25159235400250396
CTTCGAGGTGCACGCT_E15S,E15S,Hypoxic Tumor,reverted_posthypoxic,-1.189971266280548,-0.1159321875707903,-0.3613035515012822,0.9340158700942992,0.9340158700942992,0.4356406662000288,MC38,-1.189971266280548,-0.1159321875707903,Normoxic,1.0534123273606955,0.45915829950310055,0.32545295835227284,0.21538874214462653
CCGTGCTTCATCGTTC_E15S,E15S,Hypoxic Tumor,entering_hypoxia,-0.9597147100433618,1.023564451702155,-0.2771491678220892,0.9353829026222228,0.9353829026222228,0.483716170739165,MC38,-0.9597147100433618,1.023564451702155,Saddle / ICS,1.0567550469467768,0.25814724815713597,0.4732002505126323,0.26865250133023183
TCACATTCATTCATAC_E15S,E15S,Hypoxic Tumor,reverted_posthypoxic,-1.0603594923266828,-0.3483461067830909,0.2013489905655951,0.957388162612915,0.957388162612915,0.3120742577348858,MC38,-1.0603594923266828,-0.3483461067830909,Normoxic,1.0570856684601166,0.46105087158491365,0.31154641094234553,0.22740271747274077
ATGTCAACACAACTAA_E15S,E15S,Hypoxic Tumor,reverted_stable,-1.0227711318488633,-0.9570996589035036,1.268478786881741,0.934294819831848,0.934294819831848,0.37905449765619,MC38,-1.0227711318488633,-0.9570996589035036,Normoxic,1.0863280745800008,0.4081253204301976,0.3012991657770984,0.290575513792704
ACGGGGTAGTTACCAG_E15S,E15S,Hypoxic Tumor,entering_hypoxia,-0.7834953795149557,1.246108255345264,0.2521213177222063,0.9393832087516784,0.9393832087516784,0.3597384188355903,MC38,-0.7834953795149557,1.246108255345264,Saddle / ICS,1.0231388829977,0.1934860427465668,0.5072670526543015,0.2992469045991318
CCAGATGCAAGGGTCC_E15S,E15S,Hypoxic Tumor,entering_hypoxia,-1.6655738635613224,0.6731549067368486,1.2459991099983507,0.9532644748687744,0.9532644748687744,0.3512791799912608,MC38,-1.6655738635613224,0.6731549067368486,Saddle / ICS,1.068443500919079,0.32669945558454494,0.43650650129870233,0.2367940431167527
ACTTAGGTCATGGCTA_E15S,E15S,Hypoxic Tumor,entering_deep_hypoxia,0.3725457811581608,0.5734550823612465,-0.2272124887891897,0.934976041316986,0.934976041316986,0.439361637768052,MC38,0.3725457811581608,0.5734550823612465,Saddle / ICS,1.0063960738061908,0.145143411783565,0.4394270462630398,0.41542954195339515
AATGGGACAAACCCGA_E15S,E15S,Hypoxic Tumor,exiting_hypoxia,0.7828728280416756,-1.3364495390433675,0.3178506039777277,0.9246534705162048,0.9246534705162048,0.5777022429117414,MC38,0.7828728280416756,-1.3364495390433675,Hypoxic,0.787284344353407,0.058030959304351204,0.2715714814137974,0.6703975592818514
CGAATAGGTAGCTGAA_E15S,E15S,Hypoxic Tumor,entering_hypoxia,-0.2937864967702558,0.5894582209256694,-0.2587290524942646,0.9315224289894104,0.9315224289894104,0.4591449289973284,MC38,-0.2937864967702558,0.5894582209256694,Saddle / ICS,1.080122876064939,0.2766506712668762,0.4246651601813189,0.29868416855180496
TGCCCTCAGGCGTAGA_E15S,E15S,Hypoxic Tumor,entering_hypoxia,-0.6260674641224501,0.6309696712468418,0.1290271334613463,0.95632404088974,0.95632404088974,0.3032054306527961,MC38,-0.6260674641224501,0.6309696712468418,Saddle / ICS,1.0805698977722824,0.31989176128454944,0.4171526915415659,0.2629555471738846
GCATTAACAAAGGCAA_E15S,E15S,Hypoxic Tumor,exiting_hypoxia,0.8529276887139079,-0.7336640598496911,0.5582732904592163,0.9661431312561036,0.9661431312561036,0.3227519267303507,MC38,0.8529276887139079,-0.7336640598496911,Hypoxic,0.8757713378827681,0.08083769638908131,0.3214683153082876,0.597693988302631
TGCCATTTCGAGTCTA_E15S,E15S,Hypoxic Tumor,exiting_hypoxia,-0.427319203311488,-0.9211358345460532,-0.337065747696156,0.9148269295692444,0.9148269295692444,0.9083054255361548,MC38,-0.427319203311488,-0.9211358345460532,Hypoxic,1.0977054713080319,0.3431217936805646,0.3133630277419139,0.34351517857752145
CAAGGTTCATCGAAGT_E15S,E15S,Hypoxic Tumor,transitional,0.1343859264259234,-0.2276763069607286,0.7332751840277456,0.930533766746521,0.930533766746521,0.5243454706762296,MC38,0.1343859264259234,-0.2276763069607286,Hypoxic,1.0852562568059105,0.25803169968323836,0.3679368649030215,0.37403143541374007
AGCGACCCAAGTTCAA_E15S,E15S,Hypoxic Tumor,entering_hypoxia,-0.3843710076956604,0.993769371737284,-0.4788307127929965,0.91520494222641,0.91520494222641,0.8161662694793542,MC38,-0.3843710076956604,0.993769371737284,Saddle / ICS,1.0454330240780498,0.21091708370515175,0.475393706866867,0.31368920942798134
ATCCCTTAGTATGATC_E15S,E15S,Hypoxic Tumor,entering_hypoxia,-1.1531598819583,0.5454741518407971,-0.3009358048407488,0.9469499588012696,0.9469499588012696,0.2859858469654295,MC38,-1.1531598819583,0.5454741518407971,Saddle / ICS,1.0714195761563894,0.3746043168825349,0.39775839540017144,0.22763728771729372
GGTTAGTCAGGCTACA_E15S,E15S,Hypoxic Tumor,entering_hypoxia,0.2006637936253243,1.2868973893106077,-0.5999682648830443,0.9120210409164428,0.9120210409164428,0.9025605128965924,MC38,0.2006637936253243,1.2868973893106077,Saddle / ICS,0.9212070785313349,0.08479736566730948,0.4975711303409502,0.4176315039917405
ACTTTGGAGGAGCCTT_E15S,E15S,Hypoxic Tumor,entering_deep_hypoxia,4.2209471929132105,0.4700829510085382,-0.1409137915578437,0.9555326104164124,0.9555326104164124,0.1888313770084017,MC38,4.2209471929132105,0.4700829510085382,Hypoxic,0.10044718003377934,7.40231884674712e-08,0.02062092178651247,0.9793790041902991
GGAGAAGGTTCCCGTT_E15S,E15S,Hypoxic Tumor,reverted_posthypoxic,-1.8112170439877704,0.3733265462930931,0.3353202657580059,0.9711414575576782,0.9711414575576782,0.3200748898057511,MC38,-1.8112170439877704,0.3733265462930931,Saddle / ICS,1.0718666227365405,0.36620249521973436,0.40417844329267366,0.2296190614875921
CGAACCACACAAGCCA_E15S,E15S,Hypoxic Tumor,reverted_posthypoxic,-0.9208255090148136,-0.1728427436347047,0.9892051176243988,0.9403121471405028,0.9403121471405028,0.3786706650575295,MC38,-0.9208255090148136,-0.1728427436347047,Normoxic,1.060633192985902,0.4508374555605802,0.3222645667403311,0.2268979776990887
GTAGGAACATCCTGTA_E15S,E15S,Hypoxic Tumor,entering_deep_hypoxia,0.658653533579573,2.310192755925544,0.694257034346102,0.955266535282135,0.955266535282135,0.2952962779372326,MC38,0.658653533579573,2.310192755925544,Hypoxic,0.7142799417386995,0.005196230584839672,0.43527772765556877,0.5595260417595916
AGTGGCTTCCTGCATT_E15S,E15S,Hypoxic Tumor,exiting_hypoxia,0.5692617535225596,-0.5413898244670063,-0.3893332614683487,0.9185361266136168,0.9185361266136168,0.6685195620080807,MC38,0.5692617535225596,-0.5413898244670063,Hypoxic,0.9912173708167276,0.14353490679014175,0.35165466589547,0.5048104273143883
AACATTGCACAATCAA_E15S,E15S,Hypoxic Tumor,entering_hypoxia,-0.2982231261518623,1.2926599216868857,1.4436774233249132,0.9447616934776306,0.9447616934776306,0.4093226952876546,MC38,-0.2982231261518623,1.2926599216868857,Saddle / ICS,0.9853917512614446,0.13986754183578198,0.5115429964559427,0.34858946170827537
GCCAATGCATCAATCT_E15S,E15S,Hypoxic Tumor,reverted_stable,-0.7508871557193796,-0.7431951965292006,1.7246890281908718,0.932172417640686,0.932172417640686,0.6114487304657892,MC38,-0.7508871557193796,-0.7431951965292006,Normoxic,1.0838326144295294,0.4142368690087118,0.30558306009195124,0.28018007089933694
AGCCCCAAGTAGTGAA_E15S,E15S,Hypoxic Tumor,exiting_hypoxia,0.8193145679040296,-1.3256875979325702,2.809721278936208,0.9337292313575744,0.9337292313575744,0.3251795164736947,MC38,0.8193145679040296,-1.3256875979325702,Hypoxic,0.7766245451206416,0.05453282950663268,0.2694024288772541,0.6760647416161132
TCGTATAGTTGAAGTG_E15S,E15S,Hypoxic Tumor,entering_hypoxia,0.0745096132491977,1.0021600863037263,0.9854736318708897,0.939247190952301,0.939247190952301,0.1425073943517549,MC38,0.0745096132491977,1.0021600863037263,Saddle / ICS,0.9963277035508225,0.14108875222928396,0.4799856082619264,0.3789256395087896
GGGGTATGTTAGACGA_E15S,E15S,Hypoxic Tumor,exiting_hypoxia,0.0260854519811327,-0.5207889179454559,-0.6200901374827222,0.9140556454658508,0.9140556454658508,0.8280690205412502,MC38,0.0260854519811327,-0.5207889179454559,Hypoxic,1.0916378118355263,0.28066091264548115,0.3456514870825236,0.3736876002719952
AACCTCAAGCCCTTGC_E15S,E15S,Hypoxic Tumor,reverted_posthypoxic,-1.4602147865959978,0.2920070640276403,-0.2736237330119106,0.9223938584327698,0.9223938584327698,0.6708466170145135,MC38,-1.4602147865959978,0.2920070640276403,Normoxic,1.0641648184960057,0.4120355006927696,0.37203173743961643,0.21593276186761384
CATACCTTCAGTGCCG_E15S,E15S,Hypoxic Tumor,exiting_hypoxia,0.5138587645250573,-1.3293710013938538,-0.1706841333678335,0.9238415956497192,0.9238415956497192,0.6102479034830064,MC38,0.5138587645250573,-1.3293710013938538,Hypoxic,0.8845951344769186,0.09571810201916293,0.29225982191116634,0.6120220760696707
CTCCCAATCATGCGCG_E15S,E15S,Tumor,persistent_hypoxia,1.8671374072996971,-0.2705874391890058,0.3470158039165136,0.9444652199745178,0.9444652199745178,0.3949511179257445,MC38,1.8671374072996971,-0.2705874391890058,Hypoxic,0.5718863776748064,0.006255635501748095,0.22691628406970682,0.7668280804285451
CAAGGTGAGTTACGGC_E15S,E15S,Hypoxic Tumor,entering_hypoxia,-0.2868463893780483,0.4967801648081819,-0.3374481781775773,0.9185345768928528,0.9185345768928528,0.6816965325459106,MC38,-0.2868463893780483,0.4967801648081819,Saddle / ICS,1.0846379409523448,0.291116116507389,0.4134538425401688,0.29543004095244213
CTTCAGCCAATCTACT_E15S,E15S,Hypoxic Tumor,entering_hypoxia,-0.6980329131284441,0.4263963799112599,0.0568988937583247,0.9183565974235536,0.9183565974235536,0.6872611347656091,MC38,-0.6980329131284441,0.4263963799112599,Saddle / ICS,1.0805081666703529,0.3666228383659443,0.3867954969776428,0.2465816646564129
GTAACGGAGTTGGCTA_E15S,E15S,Hypoxic Tumor,reverted_posthypoxic,-1.1742736138407417,0.0216913787191037,-0.2361444995722857,0.92765474319458,0.92765474319458,0.5184189782263432,MC38,-1.1742736138407417,0.0216913787191037,Normoxic,1.0558069728890151,0.4498262469522668,0.33610586981684154,0.2140678832308916
AAGCGCAAGTAGCCCG_E15S,E15S,Hypoxic Tumor,exiting_hypoxia,1.4873213126676463,-0.4325087070895021,0.0426884583028281,0.9604843258857728,0.9604843258857728,0.2419602217427904,MC38,1.4873213126676463,-0.4325087070895021,Hypoxic,0.676052426590312,0.01952035499016697,0.2729604260270938,0.7075192189827393
CTGATCAAGGTGGCTT_E15S,E15S,Hypoxic Tumor,exiting_hypoxia,0.0403153392015424,-1.1562875989274957,-0.3986028371891133,0.9201545715332032,0.9201545715332032,0.8490192039466784,MC38,0.0403153392015424,-1.1562875989274957,Hypoxic,1.0461089939802366,0.2099132653189303,0.31735231253066015,0.4727344221504096
GCTCATCCACATGCGA_E15S,E15S,Hypoxic Tumor,reverted_posthypoxic,-1.5616643828619292,0.0947957119153399,0.8910317120841639,0.941293716430664,0.941293716430664,0.4262692618331301,MC38,-1.5616643828619292,0.0947957119153399,Normoxic,1.0611646695585342,0.4294123809898455,0.3555592270182,0.21502839199195453
CAAGTGAGTATGGTCT_E15S,E15S,Hypoxic Tumor,persistent_hypoxia,0.7887318475056044,-0.1797805495348731,-0.4978201786789267,0.9163163304328918,0.9163163304328918,0.7002924591431309,MC38,0.7887318475056044,-0.1797805495348731,Hypoxic,0.9375798004325402,0.10193977639467962,0.3692995988531255,0.5287606247521949
GCACTAATCAGCCAAC_E15S,E15S,Hypoxic Tumor,entering_hypoxia,-0.4786600056542655,0.6022632111002703,0.2268395163308042,0.9222606420516968,0.9222606420516968,0.6146068332926731,MC38,-0.4786600056542655,0.6022632111002703,Saddle / ICS,1.082145375605169,0.3051150247864474,0.41853111369063306,0.27635386152291946
TAGCCAATCTTGAACG_E15S,E15S,Hypoxic Tumor,reverted_posthypoxic,-0.5777079244299644,0.1594254045520703,0.3925068566279857,0.959782063961029,0.959782063961029,0.308103329822904,MC38,-0.5777079244299644,0.1594254045520703,Normoxic,1.082142239217934,0.3880778493478977,0.36082213189176754,0.25110001876033483
ACTGTGATCCAGCTCC_E15S,E15S,Hypoxic Tumor,reverted_posthypoxic,-0.492996754702621,-0.1417002578399674,-0.124563874249191,0.94215327501297,0.94215327501297,0.3740363751450182,MC38,-0.492996754702621,-0.1417002578399674,Normoxic,1.0848964384023752,0.3971689570932743,0.33940670615846485,0.2634243367482609
GCGCAAGGTTGTGGTT_E15S,E15S,Hypoxic Tumor,exiting_hypoxia,0.6085034397423925,-1.7658871596080907,0.5198669197650859,0.9660926461219788,0.9660926461219788,0.3298253956659353,MC38,0.6085034397423925,-1.7658871596080907,Hypoxic,0.7249217378661277,0.04590908795999869,0.24045646652926012,0.7136344455107412
TGCGATGCATGGTATA_E15S,E15S,Hypoxic Tumor,exiting_hypoxia,-0.0300061226387338,-1.8069281685256453,-0.2756369535755767,0.9251471161842346,0.9251471161842346,0.5665683768288335,MC38,-0.0300061226387338,-1.8069281685256453,Hypoxic,0.9015112671134182,0.11232492013579765,0.2759339481486615,0.6117411317155408
GGTATCTGTTAGCGCC_E15S,E15S,Hypoxic Tumor,reverted_posthypoxic,-0.6188399791678002,-0.3211028510668889,-0.5197566534241076,0.9230702519416808,0.9230702519416808,0.5548413568503852,MC38,-0.6188399791678002,-0.3211028510668889,Normoxic,1.0784203236788867,0.42034711788884277,0.32283801787569644,0.2568148642354607
CCTGTTGTCCTGTGCC_E15S,E15S,Tumor,normoxic_stable,-1.788498469699821,-0.2461453541021802,0.4501611544830212,0.9397493600845336,0.9397493600845336,0.088618707413859,MC38,-1.788498469699821,-0.2461453541021802,Normoxic,1.0689244629930543,0.42534812773897107,0.34425221640424675,0.23039965585678207
CTTACGAAGTTGCGTA_E15S,E15S,Hypoxic Tumor,exiting_hypoxia,0.0617201248610435,-0.5654297613997447,-0.3801554232995617,0.930939793586731,0.930939793586731,0.5022302624353617,MC38,0.0617201248610435,-0.5654297613997447,Hypoxic,1.087873469274951,0.2692440027909111,0.34485429242625265,0.3859017047828362
CCCGAATAGTCGATGC_E15S,E15S,Hypoxic Tumor,entering_hypoxia,-0.1116278653921664,2.291605342822877,-0.5573923479798955,0.9123347401618958,0.9123347401618958,0.918474814931784,MC38,-0.1116278653921664,2.291605342822877,Saddle / ICS,0.7654757795844096,0.017113911370367954,0.5257196303844931,0.45716645824513896
ATCATTCCACCTAATT_E15S,E15S,Hypoxic Tumor,entering_hypoxia,-1.1540242765405522,0.958724288475882,-0.4482278466098365,0.9168639183044434,0.9168639183044434,0.6797895956943377,MC38,-1.1540242765405522,0.958724288475882,Saddle / ICS,1.0614948119598835,0.2801678572519075,0.46405435970342157,0.25577778304467097
TGTCGATGTGCGAGTG_E15S,E15S,Hypoxic Tumor,reverted_posthypoxic,-0.778878908519784,-0.0090023768922592,-0.423018485902992,0.9140193462371826,0.9140193462371826,0.903706893866853,MC38,-0.778878908519784,-0.0090023768922592,Normoxic,1.0690947061354246,0.42925963698149805,0.33761091241972074,0.23312945059878118
AACGACTCAGCTATGG_E15S,E15S,Hypoxic Tumor,reverted_stable,-1.2701869045951206,-1.0952315878965948,-0.5560670486973194,0.9167673587799072,0.9167673587799072,0.7523330157317378,MC38,-1.2701869045951206,-1.0952315878965948,Normoxic,1.0918092769965462,0.38900423811268947,0.3048680498180639,0.30612771206924655
CCGCTTGCAGGCATCA_E15S,E15S,Hypoxic Tumor,exiting_hypoxia,0.9309714707699336,-1.873416892837572,0.628092864062136,0.8384252786636353,0.8384252786636353,0.9731728925583564,MC38,0.9309714707699336,-1.873416892837572,Hypoxic,0.5905131541377422,0.019550614514015317,0.19870887315373978,0.7817405123322448
GGAGCAATCCCTTGAT_E15S,E15S,Hypoxic Tumor,reverted_stable,-0.451080739255586,-0.9682819364973382,-0.6613449413507887,0.9115853309631348,0.9115853309631348,0.944143450853846,MC38,-0.451080739255586,-0.9682819364973382,Hypoxic,1.0975268666759797,0.34031982308453945,0.31190250671684633,0.3477776701986143
CTGATTGAGTCGAATT_E15S,E15S,Hypoxic Tumor,reverted_posthypoxic,-1.0572793403926932,0.0393365292269891,-0.4298818300423944,0.9181511402130128,0.9181511402130128,0.7180705236920665,MC38,-1.0572793403926932,0.0393365292269891,Normoxic,1.0585544308432104,0.44541895684685906,0.3371606012848308,0.21742044186831025
CACCGCTTCTCACCGC_E15S,E15S,Hypoxic Tumor,exiting_hypoxia,2.697744392775247,-0.6744883622622828,1.242176777142957,0.922440469264984,0.922440469264984,0.5467811339120706,MC38,2.697744392775247,-0.6744883622622828,Hypoxic,0.32288281672937513,0.00022878036439298813,0.09804221644370611,0.901729003191901
ACCTAACGTTGCTTGG_E15S,E15S,Hypoxic Tumor,exiting_hypoxia,-0.0255531644089305,-1.9605673690462897,0.8754896872422651,0.8928259015083313,0.8928259015083313,0.6065702375692399,MC38,-0.0255531644089305,-1.9605673690462897,Hypoxic,0.8435699281710797,0.0878883665561383,0.260883397923743,0.6512282355201188
TGGGCGAGTTGAAGCA_E15S,E15S,Hypoxic Tumor,persistent_hypoxia,0.6860256389944632,-0.2908307545812931,-0.6794437926051485,0.922064244747162,0.922064244747162,0.5380182811028223,MC38,0.6860256389944632,-0.2908307545812931,Hypoxic,0.9683271549691794,0.12268439319522294,0.3662072603180672,0.5111083464867099
CAATGGCTCCATCTGT_E15S,E15S,Hypoxic Tumor,reverted_posthypoxic,-1.5077391813115066,-0.0303526774075577,-0.0781134184474086,0.9480208158493042,0.9480208158493042,0.3712664712807117,MC38,-1.5077391813115066,-0.0303526774075577,Normoxic,1.057443288447642,0.44419525739497406,0.34157084475717275,0.21423389784785313
CGGTGAGGTGAAGTAT_E15S,E15S,Hypoxic Tumor,reverted_stable,-1.8010416275647896,-0.8704407299299347,0.7819206047375905,0.9380687475204468,0.9380687475204468,0.2463337365259962,MC38,-1.8010416275647896,-0.8704407299299347,Normoxic,1.0907451183680934,0.3874665219750093,0.32720121153449444,0.28533226649049626
CTTCAGCCAACGGCAC_E15S,E15S,Hypoxic Tumor,exiting_hypoxia,-0.1860619350830895,-0.5771256600588011,-0.1239898432322304,0.9178856015205384,0.9178856015205384,0.6262294655452455,MC38,-0.1860619350830895,-0.5771256600588011,Hypoxic,1.0985529628176753,0.32905323904681516,0.3330147839941227,0.3379319769590621
CCAGATTGTGAAGCAC_E15S,E15S,Hypoxic Tumor,reverted_stable,-1.4443069863274456,-0.5927413903682187,0.3942007955850635,0.9357364773750304,0.9357364773750304,0.5670377322500857,MC38,-1.4443069863274456,-0.5927413903682187,Normoxic,1.0651467667792125,0.4491965848084146,0.3110116807277426,0.2397917344638426
GGCCAACCAGGACAGG_E15S,E15S,Hypoxic Tumor,persistent_hypoxia,1.1177541689167427,0.001521196222723,-0.5166246369535215,0.932096779346466,0.932096779346466,0.4590443576651409,MC38,1.1177541689167427,0.001521196222723,Hypoxic,0.825526871923894,0.05007334814536352,0.35305454393506425,0.5968721079195722
CACTTAGAGGATGAAC_E15S,E15S,Hypoxic Tumor,exiting_hypoxia,1.336004832140822,-2.3854647155722786,0.0485328477803313,0.9133193492889404,0.9133193492889404,0.7463489588849231,MC38,1.336004832140822,-2.3854647155722786,Hypoxic,0.36415766272216193,0.0023569049731479736,0.11062495581615263,0.8870181392106995
ATACGGTCATCCTCAA_E15S,E15S,Hypoxic Tumor,reverted_posthypoxic,-0.996066994502875,-0.0563814620660763,-0.5177003057696107,0.9179328083992004,0.9179328083992004,0.6935554772051569,MC38,-0.996066994502875,-0.0563814620660763,Normoxic,1.0586092469257384,0.4498211585895938,0.32953799868437894,0.22064084272602713
TGGTATTAGCGAACCT_E15S,E15S,Tumor,exiting_hypoxia,3.9494196888824993,-1.3684328543463404,0.240007338918891,0.9553022980690002,0.9553022980690002,0.2247800936767633,MC38,3.9494196888824993,-1.3684328543463404,Hypoxic,0.0775800710333643,1.968517997674418e-07,0.014926996176485791,0.9850728069717144
CGTAAAGGTAACTGCT_E15S,E15S,Hypoxic Tumor,transitional,-0.2098024131666512,-0.025855239122538,0.0972990065046077,0.9247257709503174,0.9247257709503174,0.5856106613170979,MC38,-0.2098024131666512,-0.025855239122538,Saddle / ICS,1.0955603875205209,0.335176650637811,0.3641985123800419,0.30062483698214704
AGTGCTTGTTCGTGCA_E15S,E15S,Hypoxic Tumor,entering_hypoxia,-0.0023661211844912,0.4279623331442611,0.2181501251647342,0.9598840475082396,0.9598840475082396,0.3211761305771997,MC38,-0.0023661211844912,0.4279623331442611,Saddle / ICS,1.0748680777230983,0.24277967709778772,0.41873281864732514,0.33848750425488716
AGCCCCTTCTGGTCAA_E15S,E15S,Hypoxic Tumor,entering_deep_hypoxia,0.3511065600545129,0.4364376061063921,-0.2919503345176385,0.9270532131195068,0.9270532131195068,0.5776113902696285,MC38,0.3511065600545129,0.4364376061063921,Saddle / ICS,1.0251334125350924,0.1636191104150675,0.4278772007271702,0.4085036888577622
CGTTGGGTCGACCCAG_E15S,E15S,Hypoxic Tumor,exiting_hypoxia,-0.2404070574263946,-0.8931677515654617,-0.6269656623826821,0.9187275171279908,0.9187275171279908,0.6682734707600057,MC38,-0.2404070574263946,-0.8931677515654617,Hypoxic,1.0956264615972928,0.30994392164932244,0.3205380752191688,0.36951800313150873
TGGTAGCTCAGGAACG_E15S,E15S,Hypoxic Tumor,entering_hypoxia,-1.094208632976924,0.839551923867383,0.0302313183643295,0.9222881197929382,0.9222881197929382,0.6025887023836016,MC38,-1.094208632976924,0.839551923867383,Saddle / ICS,1.0692278658148733,0.30837013708269756,0.4434839971438321,0.24814586577347042
CCACCATCAGGATCAT_E15S,E15S,Hypoxic Tumor,entering_hypoxia,-0.3294915654114431,0.431682632761767,-0.0623334558104346,0.9329667687416076,0.9329667687416076,0.4636213664104816,MC38,-0.3294915654114431,0.431682632761767,Saddle / ICS,1.0874487635398538,0.3094463882108096,0.40349534194429526,0.2870582698448951
GCAATCTGTTGACCTG_E15S,E15S,Hypoxic Tumor,entering_deep_hypoxia,0.7460601679090315,0.7782635384659846,-0.2681274242202944,0.9289585947990416,0.9289585947990416,0.5187477992582511,MC38,0.7460601679090315,0.7782635384659846,Hypoxic,0.8902781833295734,0.06694321882993445,0.4350413723223494,0.4980154088477161
CGGCAAGGTAACTGTC_E15S,E15S,Hypoxic Tumor,persistent_hypoxia,0.7464385981787646,0.2232625796392675,0.944631488821176,0.94386488199234,0.94386488199234,0.3583191228230973,MC38,0.7464385981787646,0.2232625796392675,Hypoxic,0.9423197921051443,0.09925669572603309,0.40076725129224533,0.49997605298172143
GTACATTAGTAAGCCC_E15S,E15S,Hypoxic Tumor,entering_hypoxia,-0.4174530921244503,0.8470724725089627,0.575918850959801,0.9362468719482422,0.9362468719482422,0.4158922394044621,MC38,-0.4174530921244503,0.8470724725089627,Saddle / ICS,1.0645648185968328,0.2466010290324868,0.4545885154837221,0.2988104554837911
CTAGGTCAGTTAGGCC_E15S,E15S,Hypoxic Tumor,transitional,-0.2119401097289159,-0.1677008922696961,-0.1431684951977926,0.92520409822464,0.92520409822464,0.5757027278032425,MC38,-0.2119401097289159,-0.1677008922696961,Saddle / ICS,1.0966155865101381,0.3420670687986585,0.35346289147806387,0.30447003972327763
AGACGTTCATCAATTC_E15S,E15S,Hypoxic Tumor,exiting_hypoxia,0.6084297426311073,-1.234351334638736,-0.7463670431633859,0.915627896785736,0.915627896785736,0.8205207566852055,MC38,0.6084297426311073,-1.234351334638736,Hypoxic,0.8748398027013634,0.0895067847813666,0.2949622561097299,0.6155309591089035
AATCTGGTCACTCAGA_E15S,E15S,Hypoxic Tumor,reverted_posthypoxic,-0.6348713093967335,-0.1720511591041595,-0.4314366165082331,0.929030418395996,0.929030418395996,0.4430268379180026,MC38,-0.6348713093967335,-0.1720511591041595,Normoxic,1.0763772678907528,0.42036669062292137,0.3307614511454204,0.2488718582316583
TGCTCCATCTAGATAC_E15S,E15S,Hypoxic Tumor,reverted_stable,-0.4423783355211563,-0.5777397708016143,-0.4647952242384165,0.9167189598083496,0.9167189598083496,0.6981727691289487,MC38,-0.4423783355211563,-0.5777397708016143,Normoxic,1.0928990752780823,0.3823125362643029,0.3204216317063143,0.2972658320293828
GGTGAACGTGGGTAAC_E15S,E15S,Hypoxic Tumor,exiting_hypoxia,0.7830638742948498,-1.2246509710342046,0.6879039001901813,0.8625273704528809,0.8625273704528809,0.9703207251204188,MC38,0.7830638742948498,-1.2246509710342046,Hypoxic,0.8138953619468632,0.06516828676526763,0.28268628971496995,0.6521454235197626
TGCTACCCAGCTAGAT_E15S,E15S,Hypoxic Tumor,entering_hypoxia,-1.3023759579623946,0.7718176455277844,0.8934792849296415,0.9487459659576416,0.9487459659576416,0.3406316502208567,MC38,-1.3023759579623946,0.7718176455277844,Saddle / ICS,1.0692462841914903,0.32515833680417694,0.43598379139094007,0.23885787180488302
ACATAGCCAGCTCTAC_E15S,E15S,Hypoxic Tumor,exiting_hypoxia,-0.3317399169231997,-2.596063028810072,1.1509853585663763,0.8834609389305115,0.8834609389305115,0.9243027226944134,MC38,-0.3317399169231997,-2.596063028810072,Hypoxic,0.6375499454628283,0.03281424367160976,0.20016012849385548,0.7670256278345348
CTGGACTAGATTACGT_E15S,E15S,Hypoxic Tumor,reverted_posthypoxic,-1.4453174688244128,0.1660215731164723,-0.0308467906407251,0.9110291600227356,0.9110291600227356,0.6945953888285753,MC38,-1.4453174688244128,0.1660215731164723,Normoxic,1.060329164382341,0.42945922320671814,0.3571369217154566,0.21340385507782522
GGATCGCCACTCGCCA_E15S,E15S,Tumor Proliferating,entering_hypoxia,0.0371440900847998,1.1971911704505374,0.7967214432192485,0.9421544075012208,0.9421544075012208,0.1261025409310947,MC38,0.0371440900847998,1.1971911704505374,Saddle / ICS,0.96500149199427,0.11631679439085303,0.4975504405483752,0.38613276506077165
GGCCGATCAGTTAAGC_E15S,E15S,Hypoxic Tumor,entering_deep_hypoxia,0.6775501433489571,1.3587754771928378,1.126386513681996,0.9174034595489502,0.9174034595489502,0.7769107417967973,MC38,0.6775501433489571,1.3587754771928378,Hypoxic,0.8228327457459668,0.0362081176175214,0.4608773391589476,0.5029145432235311
TCGGCAACAAGCGGTC_E15S,E15S,Hypoxic Tumor,reverted_stable,-1.041464252401529,-0.8350751681531267,-0.530163376099963,0.9118258357048036,0.9118258357048036,0.9111239761393608,MC38,-1.041464252401529,-0.8350751681531267,Normoxic,1.079017244061813,0.4266721585602576,0.3012027201203904,0.272125121319352
AACGCCCGTTCCCGTT_E15S,E15S,Hypoxic Tumor,persistent_hypoxia,0.6840048823998367,-0.2790165335988807,-0.5574852879460238,0.9157251715660096,0.9157251715660096,0.6743765324935496,MC38,0.6840048823998367,-0.2790165335988807,Hypoxic,0.9692987544728348,0.1231436049744751,0.367168359835973,0.509688035189552
CTGTACGGTTCCTGAG_E15S,E15S,Hypoxic Tumor,reverted_stable,-1.8626377941503367,-1.8558202482344293,3.2267578769491125,0.9289519786834716,0.9289519786834716,0.6431002266021142,MC38,-1.8626377941503367,-1.8558202482344293,Hypoxic,1.0093143066358918,0.17186317409424054,0.3158223721339844,0.512314453771775
GTCACGTAGTCAGGTC_E15S,E15S,Hypoxic Tumor,entering_deep_hypoxia,0.8640636785411103,1.6708222362798748,-0.476820237449158,0.91793692111969,0.91793692111969,0.787433114737256,MC38,0.8640636785411103,1.6708222362798748,Hypoxic,0.7522102403979893,0.014544990319457354,0.4347978754359164,0.5506571342446261
GTGTTAGTCACCACGG_E15S,E15S,Hypoxic Tumor,transitional,-0.2773720002702485,-0.0875611633353384,-0.4775367923328533,0.8609570860862732,0.8609570860862732,0.5998951392967095,MC38,-0.2773720002702485,-0.0875611633353384,Saddle / ICS,1.094558681760463,0.3532522781680808,0.3553617171513185,0.2913860046806008
AAACGGGTCACTTCCG_E15S,E15S,Hypoxic Tumor,exiting_hypoxia,1.2917516254466568,-1.9877349272765308,0.8203272915965509,0.9423124194145204,0.9423124194145204,0.6289338785215769,MC38,1.2917516254466568,-1.9877349272765308,Hypoxic,0.462810348665502,0.006357298790049995,0.15153670876616357,0.8421059924437864
ATGTGAGGTTATGCTA_E15S,E15S,Hypoxic Tumor,exiting_hypoxia,-0.4238900054101545,-1.0383665443880865,-0.0012966846964827,0.916692852973938,0.916692852973938,0.7943806752044457,MC38,-0.4238900054101545,-1.0383665443880865,Hypoxic,1.0963954844878971,0.324182268933995,0.31174732165738395,0.36407040940862107
TCGATTTCAAGCATAC_E15S,E15S,Hypoxic Tumor,reverted_stable,-1.389145295772284,-0.7617355617857509,-0.4980136125579622,0.9317672252655028,0.9317672252655028,0.506288191856673,MC38,-1.389145295772284,-0.7617355617857509,Normoxic,1.0733304340187084,0.4366351917725732,0.30689450966558424,0.25647029856184245
GTCCTGCTCCTCATAC_E15S,E15S,Hypoxic Tumor,transitional,0.2546380617761684,-0.1874753057050625,-0.4910441879069315,0.9254277348518372,0.9254277348518372,0.5596434213680863,MC38,0.2546380617761684,-0.1874753057050625,Hypoxic,1.07062772600188,0.22616827342260545,0.37517443741507756,0.398657289162317
CTAGAAGGTTGACCAT_E15S,E15S,Hypoxic Tumor,reverted_stable,-0.5561030665399552,-1.5259254599984555,-0.2500836704099435,0.9097560048103333,0.9097560048103333,0.9101951927234012,MC38,-0.5561030665399552,-1.5259254599984555,Hypoxic,1.0636094363457707,0.2430304412654925,0.3018373730081902,0.45513218572631725
GTCTACTTCTGTCTAC_E15S,E15S,Tumor Proliferating,reverted_stable,-1.0933926836093528,-0.5142170075284085,0.5253385464227586,0.9324935674667358,0.9324935674667358,0.2148549133259403,MC38,-1.0933926836093528,-0.5142170075284085,Normoxic,1.061190758508463,0.4574868576563181,0.3056741870030369,0.23683895534064495
CATTCTATCTCATGCT_E15S,E15S,Hypoxic Tumor,exiting_hypoxia,-0.2767194753524857,-1.2161963089948693,1.144075438578242,0.9275776743888856,0.9275776743888856,0.6255328888802196,MC38,-0.2767194753524857,-1.2161963089948693,Hypoxic,1.0791489185066079,0.264970932019135,0.3116433424551965,0.42338572552566844
AGCAAGGTCGTGCTCC_E15S,E15S,Hypoxic Tumor,reverted_posthypoxic,-1.2959435138252593,0.0354204854120664,-0.556350723170681,0.9176931381225586,0.9176931381225586,0.764058966313351,MC38,-1.2959435138252593,0.0354204854120664,Normoxic,1.055475381325544,0.4482020139454136,0.33945554790063404,0.21234243815395243
AAGCTCGCAATGTCGG_E15S,E15S,Hypoxic Tumor,entering_hypoxia,0.1472478932977036,1.974088972220599,-0.6716244720546856,0.9121065139770508,0.9121065139770508,0.8879997401234275,MC38,0.1472478932977036,1.974088972220599,Saddle / ICS,0.7952961249649512,0.026369398496314162,0.5134603776123262,0.46017022389135964
CGCCTAGAGGATCATT_E15S,E15S,Hypoxic Tumor,persistent_hypoxia,0.3000152968218235,0.2658736485972323,-0.542511196908365,0.9179437160491944,0.9179437160491944,0.7165770592861636,MC38,0.3000152968218235,0.2658736485972323,Saddle / ICS,1.0481501586297088,0.19084545966383915,0.41261257899218257,0.39654196134397823
TGTGTTAGTTTACACA_E15S,E15S,Hypoxic Tumor,entering_hypoxia,-0.9791260622906428,1.2064175361659322,-0.4594104834965827,0.9153336882591248,0.9153336882591248,0.823968318464604,MC38,-0.9791260622906428,1.2064175361659322,Saddle / ICS,1.0329457422743833,0.21328181555587702,0.5024212282430507,0.2842969562010722
TAGTCAACAAATGGTC_E15S,E15S,Hypoxic Tumor,transitional,0.0616011072539656,-0.2679148641354872,0.9375930404046108,0.9251699447631836,0.9251699447631836,0.5666498605722661,MC38,0.0616011072539656,-0.2679148641354872,Saddle / ICS,1.0912876846638253,0.2771709850434155,0.36193161811268354,0.36089739684390104
CCAGTCCTCACCTAGA_E15S,E15S,Hypoxic Tumor,entering_hypoxia,-0.47541804563583,0.7430171180882216,0.3009385967002341,0.9271231293678284,0.9271231293678284,0.5681286025720917,MC38,-0.47541804563583,0.7430171180882216,Saddle / ICS,1.0748432515681314,0.27668168494957873,0.43818281908835943,0.285135495962062
CACCCTGCATTCCTTC_E15S,E15S,Hypoxic Tumor,reverted_stable,-0.5985600414790173,-2.301500361194041,-0.0966192587988365,0.9155725836753844,0.9155725836753844,0.7555553344296714,MC38,-0.5985600414790173,-2.301500361194041,Hypoxic,0.8134670415144984,0.07891293477082446,0.24882279720796566,0.6722642680212099
AGACGCGGTTGCGAGG_E15S,E15S,Hypoxic Tumor,exiting_hypoxia,0.2095708334080284,-2.098797930683634,-0.2083434989366877,0.9171389937400818,0.9171389937400818,0.7572067278403605,MC38,0.2095708334080284,-2.098797930683634,Hypoxic,0.7268811396817271,0.05027859690916735,0.2315875829479915,0.7181338201428412
TGCCTTTAGATTCCTC_E15S,E15S,Hypoxic Tumor,reverted_posthypoxic,-1.2162850437671633,-0.0193475922065302,-0.5746697479074719,0.915993332862854,0.915993332862854,0.6845328066399213,MC38,-1.2162850437671633,-0.0193475922065302,Normoxic,1.054525157917393,0.45329328281568515,0.33318107224250193,0.2135256449418128
CATAGCGCAAGGGCAG_E15S,E15S,Hypoxic Tumor,entering_hypoxia,-1.4633329281989125,1.3562223445010595,-0.5448460993963723,0.9231691360473632,0.9231691360473632,0.6024849097840914,MC38,-1.4633329281989125,1.3562223445010595,Saddle / ICS,0.998988146891675,0.17653340336761628,0.5356701856722927,0.28779641096009095
GTATCTTCAGCCAAGC_E15S,E15S,Hypoxic Tumor,transitional,-0.263598986598018,0.3731142127825646,-0.4481754885381356,0.9291154146194458,0.9291154146194458,0.5027430745351167,MC38,-0.263598986598018,0.3731142127825646,Saddle / ICS,1.0887831329499906,0.3055219787307749,0.40004959369596615,0.29442842757325877
TGCTACTTCCAGCGAT_E15S,E15S,Hypoxic Tumor,exiting_hypoxia,0.5932573072758661,-0.5318603785813718,2.005480388044619,0.9444764256477356,0.9444764256477356,0.2691848505991618,MC38,0.5932573072758661,-0.5318603785813718,Hypoxic,0.9847536532976068,0.13848272261989467,0.3516684133298517,0.5098488640502536
TGGCGATTCACAGGGA_E15S,E15S,Hypoxic Tumor,reverted_stable,-0.9273046568346104,-0.8777536787297043,-0.5664851333357613,0.9123706221580504,0.9123706221580504,0.9473712012921912,MC38,-0.9273046568346104,-0.8777536787297043,Normoxic,1.0841553299299287,0.414145521450859,0.3016525776898441,0.284201900859297
GTCGATTGTTCGTTGG_E15S,E15S,Hypoxic Tumor,reverted_stable,-0.8522933350392924,-0.9522999016864532,1.1901975150020618,0.931423544883728,0.931423544883728,0.6341386645304374,MC38,-0.8522933350392924,-0.9522999016864532,Normoxic,1.0897670341968233,0.3969075537929867,0.3024387660209172,0.300653680186096
TCATGGGCACTTCATG_E15S,E15S,Hypoxic Tumor,exiting_hypoxia,-0.2441905468581348,-1.4781237437175092,-0.542237262638848,0.9098636507987976,0.9098636507987976,0.6933941066000406,MC38,-0.2441905468581348,-1.4781237437175092,Hypoxic,1.0371756681447428,0.20685271411362063,0.30287502753927326,0.4902722583471061
CAGTTACGTTTACGAC_E15S,E15S,Hypoxic Tumor,exiting_hypoxia,-0.251183351319192,-0.6222342750416601,-0.7278953585547452,0.9155975580215454,0.9155975580215454,0.9038782927631996,MC38,-0.251183351319192,-0.6222342750416601,Normoxic,1.0984881115546878,0.3405343057142992,0.3281169491446606,0.33134874514104024
ATCCCCATCGTTCCGC_E15S,E15S,Hypoxic Tumor,entering_hypoxia,-1.0475034406913506,0.914430755279046,-0.4388393139250257,0.9156748056411744,0.9156748056411744,0.7051193789289789,MC38,-1.0475034406913506,0.914430755279046,Saddle / ICS,1.0655654051013577,0.28878500899258486,0.45555160921365623,0.2556633817937589
GCCCACTTCGATCATG_E15S,E15S,Hypoxic Tumor,transitional,-0.1610186258541927,-0.4031838773528661,0.2567064684583426,0.9077450633049012,0.9077450633049012,0.7354976403393958,MC38,-0.1610186258541927,-0.4031838773528661,Saddle / ICS,1.098419952101473,0.3309208194810027,0.34228249444196096,0.3267966860770363
ACATTAGCAACCCTGT_E15S,E15S,Hypoxic Tumor,exiting_hypoxia,1.3549608179227226,-1.294777625733881,3.0476682834434103,0.9408178329467772,0.9408178329467772,0.4985852892967068,MC38,1.3549608179227226,-1.294777625733881,Hypoxic,0.5961379128835108,0.01561499176800224,0.21421857147887235,0.7701664367531253
TCGACGTAGGTGACGA_E15S,E15S,Hypoxic Tumor,exiting_hypoxia,2.380658075636206,-0.4907605711119684,-0.3892093841542382,0.9268469214439392,0.9268469214439392,0.5187788644901703,MC38,2.380658075636206,-0.4907605711119684,Hypoxic,0.415545999092218,0.0009271316041144083,0.14183835027019437,0.8572345181256913
CTGCGATAGGCGTTCG_E15S,E15S,Hypoxic Tumor,reverted_posthypoxic,-1.9059006771683749,-0.0106050860169356,1.5269251184473096,0.9367154836654664,0.9367154836654664,0.6179772541094326,MC38,-1.9059006771683749,-0.0106050860169356,Normoxic,1.0734063490878962,0.3972579160090507,0.3710709638956345,0.23167112009531485
ACGCAATCAAGCCAAT_E15S,E15S,Hypoxic Tumor,exiting_hypoxia,0.4028359597576401,-2.044844258983742,2.2614739428276245,0.9302611947059632,0.9302611947059632,0.5712582855178922,MC38,0.4028359597576401,-2.044844258983742,Hypoxic,0.6927532641818483,0.04099636723382328,0.22431875470242696,0.7346848780637497
TGCGACTAGCGGTTCG_E15S,E15S,Hypoxic Tumor,exiting_hypoxia,0.6260536730769469,-1.2870498059197637,-0.3458655807677028,0.9253581166267396,0.9253581166267396,0.5313376285568172,MC38,0.6260536730769469,-1.2870498059197637,Hypoxic,0.8561240734176827,0.08237700367449466,0.2888823164753415,0.6287406798501638
ACCACGTAGCATAGGG_E15S,E15S,Hypoxic Tumor,reverted_stable,-1.3472331655745378,-0.6906864006661815,-0.5524943036092754,0.8429133892059326,0.8429133892059326,0.8365954589354895,MC38,-1.3472331655745378,-0.6906864006661815,Normoxic,1.068629478800357,0.44528884542070757,0.3062495698001836,0.24846158477910885
TGACCAATCGCGCCAA_E15S,E15S,Tumor Proliferating,reverted_stable,-1.240616779913472,-1.1716939166922884,1.9424211998048495,0.9327001571655272,0.9327001571655272,0.3525563332504817,MC38,-1.240616779913472,-1.1716939166922884,Normoxic,1.094767200518387,0.3739435510089888,0.30505211619391975,0.3210043327970915
CTATCGAAGCTGAGAG_E15S,E15S,Hypoxic Tumor,reverted_posthypoxic,-1.00880004988337,-0.2674116988398446,-0.508366023056066,0.9196212291717528,0.9196212291717528,0.8675720431356148,MC38,-1.00880004988337,-0.2674116988398446,Normoxic,1.0575184000863307,0.45853093210593804,0.31570095982726903,0.2257681080667929
CGTTGTAAGGAACTGG_E15S,E15S,Hypoxic Tumor,exiting_hypoxia,-0.2914289147945194,-0.622823767797947,-0.4492697217170943,0.9172493815422058,0.9172493815422058,0.688480343567055,MC38,-0.2914289147945194,-0.622823767797947,Normoxic,1.0980510222218192,0.34916478727366784,0.32614956544291623,0.324685647283416
CCGCGAATCACATGAT_E15S,E15S,Hypoxic Tumor,entering_hypoxia,-0.1739665866671415,0.5711437234962884,-0.6761760223930814,0.9167985916137696,0.9167985916137696,0.717331633359411,MC38,-0.1739665866671415,0.5711437234962884,Saddle / ICS,1.0764610754011454,0.2572524427704116,0.4275678317783081,0.31517972545128026
TCACGGGTCGATCACA_E15S,E15S,Hypoxic Tumor,persistent_hypoxia,0.9397579820505788,0.3464627712874886,-0.5980453780172138,0.9152353405952454,0.9152353405952454,0.7444263146049981,MC38,0.9397579820505788,0.3464627712874886,Hypoxic,0.8751082452974932,0.0641592130871939,0.3936805596736713,0.5421602272391348
CACCAAATCTAATGCG_E15S,E15S,Hypoxic Tumor,reverted_stable,-0.5198613391839173,-2.530709490273753,0.1332117221128928,0.9193183183670044,0.9193183183670044,0.7835217216044505,MC38,-0.5198613391839173,-2.530709490273753,Hypoxic,0.6962093318101044,0.045174245804303514,0.21733944765202737,0.7374863065436691
CTTATGGAGCCTCTCA_E15S,E15S,Hypoxic Tumor,reverted_stable,-1.5982520632346098,-0.8583521795461337,-0.0644248639322277,0.930380880832672,0.930380880832672,0.5031639541893815,MC38,-1.5982520632346098,-0.8583521795461337,Normoxic,1.083789530513428,0.4115711274611664,0.31523808721808483,0.27319078532074864
CGTAGGTTCAATGTCG_E15S,E15S,Hypoxic Tumor,exiting_hypoxia,2.365853317654711,-2.1120528611263696,0.9651735186873084,0.8941282033920288,0.8941282033920288,0.7043680390520953,MC38,2.365853317654711,-2.1120528611263696,Hypoxic,0.22444033422512405,0.0001289571678346514,0.05862390241711314,0.9412471404150521
TCAACCAAGGCTCAGT_E15S,E15S,Hypoxic Tumor,exiting_hypoxia,-0.3804802529799976,-1.0373905774347791,0.6866027214051362,0.852465808391571,0.852465808391571,0.9092484860191252,MC38,-0.3804802529799976,-1.0373905774347791,Hypoxic,1.0955355120026473,0.31643189356975837,0.3129915983256898,0.37057650810455184
ATCGTTAGTAGCGGCA_E15S,E15S,Tumor Proliferating,reverted_stable,-1.1505457769542118,-0.5645569380677942,0.8246600762321264,0.9326823353767396,0.9326823353767396,0.1472379423497729,MC38,-1.1505457769542118,-0.5645569380677942,Normoxic,1.062313082525503,0.456123229469627,0.3047367765920908,0.2391399939382821
AATCGCGCACAGCAGC_E15S,E15S,Hypoxic Tumor,exiting_hypoxia,1.275504566353859,-0.8089226784759622,1.1631687552335908,0.9334508180618286,0.9334508180618286,0.6311872505490045,MC38,1.275504566353859,-0.8089226784759622,Hypoxic,0.7071458980392514,0.029545210997679733,0.270202404353495,0.7002523846488252
AATGTCCGTTAATCGC_E15S,E15S,Hypoxic Tumor,exiting_hypoxia,0.7447478012246405,-0.6191689014185378,1.0121251367943993,0.9135472774505616,0.9135472774505616,0.8308686849330742,MC38,0.7447478012246405,-0.6191689014185378,Hypoxic,0.927879785584616,0.10410565715270563,0.3382908218096948,0.5576035210375997
GTTAGTTAGCTGGTAC_E15S,E15S,Hypoxic Tumor,entering_hypoxia,0.0854517040400199,0.407646259587524,-0.7845646651693551,0.9157240986824036,0.9157240986824036,0.7235475696260605,MC38,0.0854517040400199,0.407646259587524,Saddle / ICS,1.0679751390887917,0.22578180247047094,0.4200179163354095,0.35420028119411967
CAATATCAGCCAACCG_E15S,E15S,Hypoxic Tumor,exiting_hypoxia,0.7697231366988494,-1.9846106989957408,0.7759378435974245,0.8629997968673706,0.8629997968673706,0.9037120566901052,MC38,0.7697231366988494,-1.9846106989957408,Hypoxic,0.6053637394083761,0.022811597296525734,0.2009816385304388,0.7762067641730355
GGAACTGAGCTACGGT_E15S,E15S,Hypoxic Tumor,reverted_posthypoxic,-1.419924470640064,-0.0682378763559438,-0.4277252405902959,0.9208855628967284,0.9208855628967284,0.6318110353269785,MC38,-1.419924470640064,-0.0682378763559438,Normoxic,1.0549217363251933,0.45182674875513285,0.33475722730071866,0.21341602394414838
CGTTCAGGTCTGGCTA_E15S,E15S,Hypoxic Tumor,transitional,-0.10289572472847,0.3751111373219374,-0.7231183243423416,0.912194013595581,0.912194013595581,0.9489280139081356,MC38,-0.10289572472847,0.3751111373219374,Saddle / ICS,1.0843558335854049,0.2717893612718458,0.40852175519807865,0.3196888835300755
ACTACATAGCCCGTGA_E15S,E15S,Hypoxic Tumor,transitional,0.0191887628056711,-0.3589108033853153,-0.5615310772208731,0.9156121015548706,0.9156121015548706,0.7074162196091671,MC38,0.0191887628056711,-0.3589108033853153,Hypoxic,1.093762987163884,0.28754195465353033,0.35421476637179145,0.3582432789746782
ACATATCAGGGTGATG_E15S,E15S,Hypoxic Tumor,transitional,-0.2901507230551402,-0.2495428821386824,-0.121021638981132,0.9236181974411012,0.9236181974411012,0.5791596638300484,MC38,-0.2901507230551402,-0.2495428821386824,Normoxic,1.0951235648080344,0.36086910457848304,0.3435699342942919,0.295560961127225
CTCAACTTCCTCTAGT_E15S,E15S,Hypoxic Tumor,reverted_posthypoxic,-1.0654909643927952,0.2673666580317164,-0.7151657267969708,0.9111837148666382,0.9111837148666382,0.9540605255710224,MC38,-1.0654909643927952,0.2673666580317164,Normoxic,1.065150938856704,0.4197205157095912,0.3605722699031734,0.21970721438723545
ACATTCCTCACATGCA_E15S,E15S,Hypoxic Tumor,reverted_stable,-1.2712646441564732,-0.4837510630142746,-0.1777720674076816,0.9315546154975892,0.9315546154975892,0.5199206989647117,MC38,-1.2712646441564732,-0.4837510630142746,Normoxic,1.0582270399264855,0.4607034645479737,0.3085791277604864,0.23071740769153987
CCACGATAGTCAAGTT_E15S,E15S,Hypoxic Tumor,persistent_hypoxia,0.3978609828643538,-0.3508563393033629,0.5520021392720931,0.9338971376419068,0.9338971376419068,0.4146608848789314,MC38,0.3978609828643538,-0.3508563393033629,Hypoxic,1.0436580073697126,0.18957967815336096,0.36654278692423786,0.44387753492240123
CACATAGTCTATGCTC_E15S,E15S,Hypoxic Tumor,exiting_hypoxia,0.0417097072013405,-1.5943602804411765,-0.3563961074150595,0.925817847251892,0.925817847251892,0.5266565481890513,MC38,0.0417097072013405,-1.5943602804411765,Hypoxic,0.9517243738295356,0.13750714989887172,0.29089250794114546,0.5716003421599828
AGCTACGCATGGTTCC_E15S,E15S,Hypoxic Tumor,exiting_hypoxia,1.511294562612116,-0.6779454473181852,0.0021952192877054,0.848807692527771,0.848807692527771,0.9781609053067816,MC38,1.511294562612116,-0.6779454473181852,Hypoxic,0.642478799088511,0.01669904582897048,0.2500898714698705,0.733211082701159
GTAAGCCTCTGGATAT_E15S,E15S,Hypoxic Tumor,entering_hypoxia,-0.0628763443920357,2.3027048681435254,-0.6406681872643204,0.9153453707695008,0.9153453707695008,0.7934527342081871,MC38,-0.0628763443920357,2.3027048681435254,Saddle / ICS,0.7616379418529243,0.015770742107558095,0.5207378324458996,0.4634914254465423
AACGGCGGTCTCACGA_E15S,E15S,Hypoxic Tumor,reverted_posthypoxic,-1.2167722711828035,-0.0609082386725505,-0.3531255247814623,0.9190611839294434,0.9190611839294434,0.646024555176586,MC38,-1.2167722711828035,-0.0609082386725505,Normoxic,1.053822696727459,0.4561434419816215,0.3298796072518466,0.21397695076653192
ACGGCCATCCAATGAT_E15S,E15S,Hypoxic Tumor,exiting_hypoxia,0.492074573947841,-0.4900778751615673,1.2562609576526118,0.9416235089302064,0.9416235089302064,0.6588171035949987,MC38,0.492074573947841,-0.4900778751615673,Hypoxic,1.0158930630910767,0.16324020335375736,0.3567598390082926,0.4799999576379501
GGTGACTTCTGGTGAC_E15S,E15S,Hypoxic Tumor,reverted_stable,-1.359949142377619,-1.1136414939636368,1.987508240502757,0.9204423427581788,0.9204423427581788,0.4020093761154187,MC38,-1.359949142377619,-1.1136414939636368,Normoxic,1.0930219134105736,0.3837389919813966,0.3072391519503122,0.30902185606829125
ACGTCACAGTGTCATG_E15S,E15S,Hypoxic Tumor,transitional,-0.2046735981917122,-0.0802469217639922,-0.1054605510328045,0.9264973402023317,0.9264973402023317,0.8763573983559648,MC38,-0.2046735981917122,-0.0802469217639922,Saddle / ICS,1.09608669369559,0.3370135966611959,0.3602350814180822,0.3027513219207218
GGGTATGAGGTGCGTT_E15S,E15S,Hypoxic Tumor,entering_hypoxia,-0.5493895158805214,1.2125387779781964,0.3182382353010373,0.9308769702911376,0.9308769702911376,0.4271054875403561,MC38,-0.5493895158805214,1.2125387779781964,Saddle / ICS,1.0198455018115706,0.18223661475617525,0.5027711971295252,0.3149921881142995
TACGGTTGTCTTACCC_E15S,E15S,Hypoxic Tumor,reverted_stable,-1.3473166066241866,-1.9249755664425163,1.1123098116098291,0.934702455997467,0.934702455997467,0.7559563454530516,MC38,-1.3473166066241866,-1.9249755664425163,Hypoxic,1.0120639025176714,0.1823371973652431,0.2994651842279861,0.5181976184067708
AAACTCCGTCATGAAG_E15S,E15S,Hypoxic Tumor,reverted_posthypoxic,-0.5894670040434414,-0.1222288594643841,0.3607662867036318,0.9083887338638306,0.9083887338638306,0.6802864317350541,MC38,-0.5894670040434414,-0.1222288594643841,Normoxic,1.079175437637732,0.41183322835588815,0.33612050102373486,0.25204627062037704
CTTGCTTAGGCGAGAC_E15S,E15S,Hypoxic Tumor,exiting_hypoxia,0.9838490134200548,-2.4946785799375832,0.5278553551398256,0.9128478765487672,0.9128478765487672,0.78437403162837,MC38,0.9838490134200548,-2.4946785799375832,Hypoxic,0.4086737397038936,0.00456076287120881,0.1267488369294303,0.8686904001993608
GCCCTTGCAAACCGTG_E15S,E15S,Hypoxic Tumor,exiting_hypoxia,0.7723011733739714,-2.5091112061517227,1.0826451548971894,0.8926811218261719,0.8926811218261719,0.7932552096715756,MC38,0.7723011733739714,-2.5091112061517227,Hypoxic,0.44804491963829063,0.0071832635550390395,0.14086232779603328,0.8519544086489278
GCGTGAGGTCTAATCA_E15S,E15S,Hypoxic Tumor,entering_hypoxia,-1.2793638748518823,0.6880686614741051,0.1534696265803146,0.927044689655304,0.927044689655304,0.5188037645345653,MC38,-1.2793638748518823,0.6880686614741051,Saddle / ICS,1.0708892229526579,0.3445993138181126,0.4218575886938584,0.23354309748802896
AGCTAAGGTTGTCCTC_E15S,E15S,Hypoxic Tumor,reverted_posthypoxic,-1.7071613381350934,0.0719189355372629,0.1837205983392668,0.9264997839927672,0.9264997839927672,0.5801031364933004,MC38,-1.7071613381350934,0.0719189355372629,Normoxic,1.065651210061725,0.4174433000760267,0.3625143303632834,0.2200423695606899
CAGTTATAGCAAGTAA_E15S,E15S,Hypoxic Tumor,reverted_posthypoxic,-1.5548200209736185,-0.3265633329186032,-0.3903314550007349,0.920762836933136,0.920762836933136,0.5201376761146224,MC38,-1.5548200209736185,-0.3265633329186032,Normoxic,1.0595236434768132,0.45107525471036186,0.32487980964072916,0.2240449356489091
CTACCGCTCACACCGG_E15S,E15S,Hypoxic Tumor,reverted_stable,-0.6896074167973346,-2.439914954939112,0.705205408059892,0.8828350901603699,0.8828350901603699,0.914016174167801,MC38,-0.6896074167973346,-2.439914954939112,Hypoxic,0.7616007158203352,0.06218460369482242,0.23563847603862154,0.7021769202665561
GTCATTTCAGTTAATG_E15S,E15S,Hypoxic Tumor,reverted_stable,-0.9373087588608215,-1.6378052415267723,-0.3608501303190033,0.9144980311393738,0.9144980311393738,0.8671850177025044,MC38,-0.9373087588608215,-1.6378052415267723,Hypoxic,1.0681702670939013,0.2508036938080467,0.30151698729870624,0.44767931889324697
AACGCTATCGATGAGG_E15S,E15S,Hypoxic Tumor,exiting_hypoxia,0.0572125698247989,-0.6274329394359272,1.1241377947083184,0.8951128125190735,0.8951128125190735,0.8169402906523856,MC38,0.0572125698247989,-0.6274329394359272,Hypoxic,1.0864444653074223,0.26649678632155305,0.34161289608995704,0.39189031758848986
CGCAGATTCTAAGCCA_E15S,E15S,Hypoxic Tumor,entering_hypoxia,-1.2277412721695995,1.288051296214809,-0.1894975307673021,0.9279385209083556,0.9279385209083556,0.5491869070326635,MC38,-1.2277412721695995,1.288051296214809,Saddle / ICS,1.0181291967443067,0.19743446397156883,0.5189110446352655,0.2836544913931657
TCACCGCTCAGGCATC_E15S,E15S,Hypoxic Tumor,reverted_posthypoxic,-1.6961425652941209,0.0923646758753996,0.0523850084835935,0.9294626116752625,0.9294626116752625,0.5893496208812614,MC38,-1.6961425652941209,0.0923646758753996,Normoxic,1.0655249947755567,0.4167072690887444,0.3637050197387481,0.21958771117250753
CACGATTGTAAGCATG_E15S,E15S,Hypoxic Tumor,reverted_stable,-1.0560780657880493,-0.9156490130903704,-0.7142437415637196,0.9133442640304564,0.9133442640304564,0.9074547540119602,MC38,-1.0560780657880493,-0.9156490130903704,Normoxic,1.0834527304987247,0.41605853015959776,0.30121183721432165,0.2827296326260806
TGCGAAAGTATTGGCT_E15S,E15S,Hypoxic Tumor,entering_hypoxia,-0.147766540561262,0.6020780975702015,-0.4750902392116042,0.9152219891548156,0.9152219891548156,0.7753192965438103,MC38,-0.147766540561262,0.6020780975702015,Saddle / ICS,1.0726545900876254,0.24703173025967165,0.4323276353940765,0.3206406343462519
CCTGAACAGCAATTCG_E15S,E15S,Hypoxic Tumor,entering_hypoxia,-1.472373188509807,1.013547547725837,-0.293301721762718,0.932276487350464,0.932276487350464,0.4882034094843876,MC38,-1.472373188509807,1.013547547725837,Saddle / ICS,1.0514209623578012,0.2605798468577626,0.4821890431515507,0.25723110999068666
AACATAGAGCCACATA_E15S,E15S,Hypoxic Tumor,exiting_hypoxia,1.208266222325525,-0.8702326861768078,-0.4574823944137702,0.9239842891693116,0.9239842891693116,0.6760247570656656,MC38,1.208266222325525,-0.8702326861768078,Hypoxic,0.7225436016023339,0.03369777857890862,0.27291062300521,0.6933915984158814
GGAGTTAGTGCGGATG_E15S,E15S,Hypoxic Tumor,reverted_posthypoxic,-1.3944902398902457,-0.1587970311131668,-0.5577708243382459,0.91966313123703,0.91966313123703,0.5954290894837309,MC38,-1.3944902398902457,-0.1587970311131668,Normoxic,1.0538099166089079,0.457578776847725,0.32736549708768065,0.21505572606459436
GGTCGGTCATAATCGA_E15S,E15S,Tumor Proliferating,entering_hypoxia,-0.614012331689983,1.4780363871734878,1.043072257817071,0.9148467779159546,0.9148467779159546,0.2643829502865837,MC38,-0.614012331689983,1.4780363871734878,Saddle / ICS,0.9676388947574548,0.1312909293583477,0.5345829519389926,0.3341261187026597
GGCGGTAGTTCGTGGC_E15S,E15S,Hypoxic Tumor,exiting_hypoxia,0.2255785852884567,-0.9951458895177012,-0.4106088935485897,0.913174331188202,0.913174331188202,0.8807314630697914,MC38,0.2255785852884567,-0.9951458895177012,Hypoxic,1.0321541734378183,0.1899858586613763,0.32601096460609325,0.48400317673253046
ACCAGGCCATTCGGGA_E15S,E15S,Hypoxic Tumor,exiting_hypoxia,-0.0282839056767876,-0.8462251042057021,-0.473322036683161,0.9147731065750122,0.9147731065750122,0.8799480712435338,MC38,-0.0282839056767876,-0.8462251042057021,Hypoxic,1.084763671239029,0.26756486287720627,0.3292234654606505,0.4032116716621431
TCGCATTTCAGGTCAC_E15S,E15S,Hypoxic Tumor,persistent_hypoxia,1.23163636467344,0.1138986031165667,-0.368951324529878,0.9117908477783204,0.9117908477783204,0.6941943620191423,MC38,1.23163636467344,0.1138986031165667,Hypoxic,0.7870679542627479,0.03695551110269764,0.34609313613794357,0.6169513527593589
AGAGAGGGTCTAAGTC_E15S,E15S,Hypoxic Tumor,exiting_hypoxia,1.4756146213362398,-0.7627015079627416,0.0373662917626825,0.9232500195503236,0.9232500195503236,0.6485132748612302,MC38,1.4756146213362398,-0.7627015079627416,Hypoxic,0.6437517792625946,0.017669703274155332,0.24789598282042705,0.7344343139054177
TAATGGTTCCTGCATT_E15S,E15S,Hypoxic Tumor,entering_deep_hypoxia,1.5588322542200403,1.65558633613026,-0.7443875736426974,0.9131492376327516,0.9131492376327516,0.9538714107303242,MC38,1.5588322542200403,1.65558633613026,Hypoxic,0.6446672184662465,0.0026464986311603754,0.32062983162757414,0.6767236697412655
CTTCGATTCACCATAG_E15S,E15S,Hypoxic Tumor,entering_hypoxia,-0.2755948688199894,0.5103143100145344,0.1124270930899402,0.9283556938171388,0.9283556938171388,0.5442605913821339,MC38,-0.2755948688199894,0.5103143100145344,Saddle / ICS,1.0837939222896606,0.2867868147596997,0.4156389857031341,0.2975741995371661
TGAGCGCCATCGCTAC_E15S,E15S,Hypoxic Tumor,reverted_posthypoxic,-1.2448256237688256,-0.0890151290075333,-0.4280637554252922,0.8949618935585022,0.8949618935585022,0.6852190113877721,MC38,-1.2448256237688256,-0.0890151290075333,Normoxic,1.053302844127374,0.4577631047782015,0.32823212540504326,0.2140047698167552
AACGATTTCGAATTAC_E15S,E15S,Hypoxic Tumor,transitional,-0.015208074098365,0.3697709612381761,0.777601209323786,0.916882574558258,0.916882574558258,0.6503422564575,MC38,-0.015208074098365,0.3697709612381761,Saddle / ICS,1.0794257748025364,0.253117201356202,0.4120938377351786,0.33478896090861937
GCAGGGACAGGGACGA_E15S,E15S,Hypoxic Tumor,reverted_posthypoxic,-1.6112051069575029,0.0793133957018912,-0.3371474245137912,0.9190574884414672,0.9190574884414672,0.6303986823958384,MC38,-1.6112051069575029,0.0793133957018912,Normoxic,1.0623721629004728,0.4266501179688581,0.3569251884435174,0.21642469358762464
ACGTGAGAGGTGAGCA_E15S,E15S,Hypoxic Tumor,reverted_stable,-1.4047712181869534,-0.5304170667807833,-0.4824237327538694,0.9150314331054688,0.9150314331054688,0.5674918886357224,MC38,-1.4047712181869534,-0.5304170667807833,Normoxic,1.0614971779884077,0.4548577852918364,0.3109878185086624,0.2341543961995012
GGCAACCCAGCCAGAC_E15S,E15S,Hypoxic Tumor,entering_hypoxia,-1.1161533443916425,1.2026153653443958,-0.4907082509828537,0.9180120825767516,0.9180120825767516,0.727067695909699,MC38,-1.1161533443916425,1.2026153653443958,Saddle / ICS,1.0335573537531257,0.21795617398044048,0.503511707098333,0.27853211892122637
GTCCGCAAGTAGCACC_E15S,E15S,Hypoxic Tumor,exiting_hypoxia,1.257965068125107,-0.98792400115463,-0.5725307495027911,0.9132335782051086,0.9132335782051086,0.8954775021064224,MC38,1.257965068125107,-0.98792400115463,Hypoxic,0.6855671076553773,0.027258522794613875,0.2558521742513027,0.7168893029540835
AGCACCACAACCAGAT_E15S,E15S,Hypoxic Tumor,exiting_hypoxia,1.0892254346367063,-0.9708543626641652,-0.5378325259266651,0.9114757776260376,0.9114757776260376,0.8990220048878266,MC38,1.0892254346367063,-0.9708543626641652,Hypoxic,0.7502271577362444,0.04185632128819261,0.2772817638328839,0.6808619148789234
CACCGCTTCACATGCA_E15S,E15S,Hypoxic Tumor,entering_hypoxia,-0.0598592129169929,0.7826560983515809,1.2204378164646588,0.9275707006454468,0.9275707006454468,0.8340059021515169,MC38,-0.0598592129169929,0.7826560983515809,Saddle / ICS,1.0469216068085223,0.19985764721570307,0.4561967308396585,0.34394562194463835
GCCATTCCAGTTAGAC_E15S,E15S,Hypoxic Tumor,transitional,0.2011868237878861,-0.3802537091883192,-0.1961327504600822,0.9210079908370972,0.9210079908370972,0.6063350113795622,MC38,0.2011868237878861,-0.3802537091883192,Hypoxic,1.0768551889149638,0.23996924691740856,0.3605017052060354,0.39952904787655596
CTGGGGTCAAGCGCGT_E15S,E15S,Hypoxic Tumor,entering_hypoxia,-0.8986878319130532,0.8122380007943149,1.2602284880769263,0.8685548305511475,0.8685548305511475,0.8985914740036913,MC38,-0.8986878319130532,0.8122380007943149,Saddle / ICS,1.072172688440135,0.3060871591280131,0.43905918901489244,0.25485365185709435
TCCTTGGTCCAGGTTA_E15S,E15S,Hypoxic Tumor,reverted_posthypoxic,-1.3704068432872778,-0.1459603276439452,-0.6420708711176004,0.911545991897583,0.911545991897583,0.6466901088463554,MC38,-1.3704068432872778,-0.1459603276439452,Normoxic,1.0534880839754068,0.4579809351909546,0.3274072515981948,0.21461181321085068
AAGTACGGTCTAGCCA_E15S,E15S,Hypoxic Tumor,transitional,-0.0803290328725725,-0.3233456032516618,0.643470222415281,0.8848070502281189,0.8848070502281189,0.8675423635801188,MC38,-0.0803290328725725,-0.3233456032516618,Saddle / ICS,1.0974895135228648,0.3128145208006123,0.35112861670653445,0.3360568624928534
TGCACCTCATGGCAAT_E15S,E15S,Hypoxic Tumor,reverted_stable,-1.062034992263329,-0.6241025149977958,0.7866668511879673,0.9142581224441528,0.9142581224441528,0.7330067749205565,MC38,-1.062034992263329,-0.6241025149977958,Normoxic,1.0668288355409183,0.44940679660363153,0.30319641922472335,0.2473967841716451
CATGAACCAAGGTAGA_E15S,E15S,Hypoxic Tumor,reverted_stable,-1.0093318035901242,-0.935952051395189,-0.7376669976960741,0.9166051745414734,0.9166051745414734,0.7483300639599576,MC38,-1.0093318035901242,-0.935952051395189,Normoxic,1.0854193946073365,0.410747297741953,0.30124812050667815,0.2880045817513688
CTGCGTAGTGAGTAGC_E15S,E15S,Hypoxic Tumor,reverted_stable,-0.8212241839713609,-1.5741935889735257,-0.2044285448982316,0.911958396434784,0.911958396434784,0.9069361811931764,MC38,-0.8212241839713609,-1.5741935889735257,Hypoxic,1.072882820338246,0.2592245114061648,0.30165795250700395,0.43911753608683113
CTCACATTCCGCTACC_E15S,E15S,Hypoxic Tumor,exiting_hypoxia,-0.2472202687011101,-1.0426163066526737,1.5369684718897965,0.8953922986984253,0.8953922986984253,0.889170792775557,MC38,-0.2472202687011101,-1.0426163066526737,Hypoxic,1.0899612164247767,0.2894612607457937,0.3166092426927386,0.3939294965614677
CCTAGCCTCTATGCCT_E15S,E15S,Hypoxic Tumor,entering_hypoxia,-0.3390904375252386,0.6138480074236626,-0.1351807024936437,0.9220765829086304,0.9220765829086304,0.6013245727784052,MC38,-0.3390904375252386,0.6138480074236626,Saddle / ICS,1.079916998579343,0.2802647388790408,0.4258552575097259,0.29388000361123345
GTCTCCGCAAGCCACA_E15S,E15S,Hypoxic Tumor,reverted_stable,-1.2386789624311372,-1.2102445240722175,-0.5699325847412774,0.9151213765144348,0.9151213765144348,0.757092932987924,MC38,-1.2386789624311372,-1.2102445240722175,Normoxic,1.0958442812404523,0.3658119406564451,0.30541263724852313,0.32877542209503174
ATGGCCCGTAATGCGA_E15S,E15S,Tumor Proliferating,exiting_hypoxia,2.5319759539632654,-0.8169616732831869,3.097497329837304,0.9355124235153198,0.9355124235153198,0.3594677233823556,MC38,2.5319759539632654,-0.8169616732831869,Hypoxic,0.347246729883453,0.00042229338338746995,0.10860650621465613,0.8909712004019564
TCATGTTCATGGCTTC_E15S,E15S,Hypoxic Tumor,exiting_hypoxia,0.7257207207813459,-1.284927027024017,-0.2415177323199647,0.9304468035697936,0.9304468035697936,0.4308485137518918,MC38,0.7257207207813459,-1.284927027024017,Hypoxic,0.8207661980353019,0.06860584612894993,0.2815481407556748,0.6498460131153753
ATCACAACACATACGG_E15S,E15S,Hypoxic Tumor,persistent_hypoxia,0.4425555602313677,-0.1808072846349537,1.184651633023767,0.8778865337371826,0.8778865337371826,0.8564925731814246,MC38,0.4425555602313677,-0.1808072846349537,Hypoxic,1.0358470075500252,0.178272054577358,0.37886559162335093,0.44286235379929123
TGTGCCTCAATTGGTA_E15S,E15S,Hypoxic Tumor,persistent_hypoxia,1.2105150084260816,0.0981524759574397,0.0917687365765224,0.8099367618560791,0.8099367618560791,0.8838346876403422,MC38,1.2105150084260816,0.0981524759574397,Hypoxic,0.7941214524734443,0.03911982645877505,0.34789287275101494,0.61298730079021
CCAGTTAAGCTAGCCG_E15S,E15S,Hypoxic Tumor,reverted_stable,-1.0626113129244763,-1.3985569869732717,0.870763355138668,0.9275580048561096,0.9275580048561096,0.7431858010924666,MC38,-1.0626113129244763,-1.3985569869732717,Hypoxic,1.0942694689707761,0.318734637424146,0.30440772316770476,0.37685763940814926
TGTGAGGAGTGATCTG_E15S,E15S,Hypoxic Tumor,exiting_hypoxia,0.1056938579177302,-0.7374517245463905,-0.7254612074838133,0.9120495319366456,0.9120495319366456,0.933814900042914,MC38,0.1056938579177302,-0.7374517245463905,Hypoxic,1.0762795678706456,0.24565932035887866,0.3378553021304788,0.4164853775106424
CGTTACCCAGGTTAGT_E15S,E15S,Hypoxic Tumor,exiting_hypoxia,0.0299646068609384,-0.5850388666591051,1.5133891528167998,0.9453258514404296,0.9453258514404296,0.5066446290151411,MC38,0.0299646068609384,-0.5850388666591051,Hypoxic,1.0899847586106104,0.2761519523123328,0.34261514455917164,0.3812329031284955
TACTTAGGTTGAGCAA_E15S,E15S,Hypoxic Tumor,entering_deep_hypoxia,0.6271827322385544,0.6211577200952128,-0.6197763309607449,0.9185437560081482,0.9185437560081482,0.7808245253924433,MC38,0.6271827322385544,0.6211577200952128,Hypoxic,0.9406715067722171,0.09508576373633743,0.43445599163847815,0.47045824462518454
ACTATCAGTTTAGTGC_E15S,E15S,Hypoxic Tumor,reverted_stable,-1.100559179998306,-2.634745123282702,0.1774967327929928,0.8989348411560059,0.8989348411560059,0.7826244792435306,MC38,-1.100559179998306,-2.634745123282702,Hypoxic,0.704668260854772,0.045855270141001964,0.22278668006626443,0.7313580497927336
ATTACGTAGGATTAAG_E15S,E15S,Hypoxic Tumor,reverted_posthypoxic,-1.3945883197205344,0.0470951369360479,0.9027397778659096,0.9418230056762696,0.9418230056762696,0.36349041920344,MC38,-1.3945883197205344,0.0470951369360479,Normoxic,1.0565273662667756,0.44420910517216144,0.3434825911621344,0.21230830366570422
ACTATCCTCCAGCAGT_E15S,E15S,Hypoxic Tumor,exiting_hypoxia,-0.2697024304939031,-0.787745289860456,0.968906949888558,0.9304887056350708,0.9304887056350708,0.7286368186156192,MC38,-0.2697024304939031,-0.787745289860456,Hypoxic,1.0980444490310712,0.3290707741921532,0.32217175257106906,0.34875747323677775
AGTACCATCGTTACAG_E15S,E15S,Hypoxic Tumor,exiting_hypoxia,0.1913726383381139,-1.057778577265985,-0.6684983760522426,0.9128636121749878,0.9128636121749878,0.9188480449907076,MC38,0.1913726383381139,-1.057778577265985,Hypoxic,1.0309357246608677,0.19017867566651192,0.3225461691993864,0.48727515513410186
TCTGGTAAGCGCATAC_E15S,E15S,Hypoxic Tumor,entering_hypoxia,-0.4200957071704172,1.3625632211996146,0.1533016752046732,0.9208447337150574,0.9208447337150574,0.617147243927557,MC38,-0.4200957071704172,1.3625632211996146,Saddle / ICS,0.98089388086203,0.13866546171825023,0.5200138484421346,0.3413206898396152
ACAGTTGTCGCTAGGT_E15S,E15S,Hypoxic Tumor,exiting_hypoxia,0.3732694032787724,-0.9652002540901984,-0.4789115968235537,0.916733980178833,0.916733980178833,0.8569073034998768,MC38,0.3732694032787724,-0.9652002540901984,Hypoxic,1.0005512298569332,0.15974185336469218,0.32634422204417673,0.513913924591131
ATCCACTTCGCGCTGA_E15S,E15S,Hypoxic Tumor,reverted_stable,-1.2327319577960691,-1.139062724814008,-0.7298916473025285,0.91730397939682,0.91730397939682,0.7027379176792586,MC38,-1.2327319577960691,-1.139062724814008,Normoxic,1.093608783842086,0.3805937162159195,0.3045734966581742,0.3148327871259065
ATCAGGCTCGTGACTA_E15S,E15S,Hypoxic Tumor,exiting_hypoxia,0.7439176197092248,-0.9089279934940224,-0.4905550151490822,0.914451777935028,0.914451777935028,0.7877825460050333,MC38,0.7439176197092248,-0.9089279934940224,Hypoxic,0.8903150738628873,0.09056196078672986,0.31458759964704003,0.5948504395662302
TATCTTGTCCCGCTAC_E15S,E15S,Hypoxic Tumor,exiting_hypoxia,0.8555761338575808,-1.1976562388133665,2.378658310234708,0.930671751499176,0.930671751499176,0.4043824405356033,MC38,0.8555761338575808,-1.1976562388133665,Hypoxic,0.7930780415972125,0.057738735402766854,0.27892556796625895,0.6633356966309741
ACGCGGTCAGGATGAA_E15S,E15S,Hypoxic Tumor,reverted_stable,-1.4454022924255665,-0.4248395833128976,-0.0606684322817762,0.9234211444854736,0.9234211444854736,0.5594455576094488,MC38,-1.4454022924255665,-0.4248395833128976,Normoxic,1.0585549184396568,0.45703008014088786,0.31576003131465785,0.22720988854445426
CATTAGTAGTAGCCCG_E15S,E15S,Hypoxic Tumor,exiting_hypoxia,1.167711981353633,-1.8496564061743568,0.2694580405024375,0.8151925206184387,0.8151925206184387,0.9867548748855384,MC38,1.167711981353633,-1.8496564061743568,Hypoxic,0.5284203987105008,0.011439308363444456,0.17787761411897826,0.8106830775175774
ACAACAGGTTCGCTAG_E15S,E15S,Hypoxic Tumor,reverted_stable,-1.247548599621015,-0.8012101862866963,0.6715032800212937,0.913114607334137,0.913114607334137,0.8327295522142473,MC38,-1.247548599621015,-0.8012101862866963,Normoxic,1.0747186648244276,0.4351433718639321,0.3031436557907228,0.26171297234534513
CTACCGCTCCGCACCT_E15S,E15S,Hypoxic Tumor,exiting_hypoxia,0.7714950314811381,-2.029238146666275,1.8397629483377285,0.9178839325904846,0.9178839325904846,0.8438146384155691,MC38,0.7714950314811381,-2.029238146666275,Hypoxic,0.5911097672788859,0.020880016378965076,0.19561581013281365,0.7835041734882212
GTCCCTTGTTGTGCTG_E15S,E15S,Hypoxic Tumor,transitional,0.2223479893859297,-0.2796163141536224,-0.6335774943996848,0.9139544367790222,0.9139544367790222,0.8391380588914154,MC38,0.2223479893859297,-0.2796163141536224,Hypoxic,1.0751225845993542,0.23535555771840788,0.3677502663256435,0.3968941759559487
TGTCAGGCATCGGCTT_E15S,E15S,Hypoxic Tumor,exiting_hypoxia,-0.1432388572016371,-0.5245284140649902,1.2702092346534744,0.9471995830535888,0.9471995830535888,0.4689015345226406,MC38,-0.1432388572016371,-0.5245284140649902,Hypoxic,1.098320288471489,0.3221124679676357,0.3373949508366582,0.340492581195706
GTAGCCACAACGTGGC_E15S,E15S,Hypoxic Tumor,reverted_posthypoxic,-0.4335456434622102,-0.2200117693153188,0.1745860033780496,0.9345200657844543,0.9345200657844543,0.3885438879274906,MC38,-0.4335456434622102,-0.2200117693153188,Normoxic,1.0885072489466476,0.388919220537337,0.3373795081907062,0.27370127127195665
ATGAACCCATGAGTTA_E15S,E15S,Hypoxic Tumor,exiting_hypoxia,-0.2167571695053188,-0.7450534856681271,0.5813866224257935,0.9148509502410888,0.9148509502410888,0.8209461456628163,MC38,-0.2167571695053188,-0.7450534856681271,Hypoxic,1.0978058937991964,0.3221158966574715,0.32564684068784117,0.35223726265468736
CAGGGATGTTTGGAAG_E15S,E15S,Tumor,transitional,-0.2401905559602184,0.1295792686383554,0.0090647491071362,0.9501356482505798,0.9501356482505798,0.1979079145342465,MC38,-0.2401905559602184,0.1295792686383554,Saddle / ICS,1.0935935049538186,0.3296799177999893,0.37599948026153246,0.29432060193847825
CGCCACTTCTATGGTG_E15S,E15S,Tumor,reverted_stable,-1.1648060231249926,-2.337705011986537,0.5768092906402934,0.9393130540847778,0.9393130540847778,0.4202259539965026,MC38,-1.1648060231249926,-2.337705011986537,Hypoxic,0.8482821294012564,0.08998185331531686,0.2614850648072644,0.6485330818774188
AAACGTCCACCTATAT_E15S,E15S,Hypoxic Tumor,entering_deep_hypoxia,1.9820756436751945,1.180827764994156,0.3464166773929573,0.9275452494621276,0.9275452494621276,0.5916251936691167,MC38,1.9820756436751945,1.180827764994156,Hypoxic,0.576453571726756,0.001560462398418829,0.2526837056510168,0.7457558319505644
AGGTAACAGCCGCAAT_E15S,E15S,Hypoxic Tumor,entering_hypoxia,-0.9911903287122802,0.777485402708023,-0.403520555761155,0.920959174633026,0.920959174633026,0.5970327252824669,MC38,-0.9911903287122802,0.777485402708023,Saddle / ICS,1.0726033134757254,0.31935377557930616,0.4330120308218034,0.24763419359889047
CTGTCCATCCCCATAT_E15S,E15S,Hypoxic Tumor,reverted_stable,-1.121387115103298,-1.1723724268715356,-0.6825819475142028,0.9133536219596864,0.9133536219596864,0.9027054910423084,MC38,-1.121387115103298,-1.1723724268715356,Normoxic,1.0949043679351953,0.37230565170078633,0.30334354795240853,0.3243508003468051
TACCTGTTCTCACCTG_E15S,E15S,Hypoxic Tumor,exiting_hypoxia,0.8617612270773595,-1.5870327171145864,1.3053288445423192,0.8924463391304016,0.8924463391304016,0.7883204073847302,MC38,0.8617612270773595,-1.5870327171145864,Hypoxic,0.6931271056055108,0.03593286391395488,0.23758978139396436,0.7264773546920807
TCGCGCAAGGTCACGT_E15S,E15S,Hypoxic Tumor,reverted_stable,-1.0059729760355172,-1.0799265349008913,-0.5351151975665854,0.9127312302589417,0.9127312302589417,0.8139413853542673,MC38,-1.0059729760355172,-1.0799265349008913,Normoxic,1.0924474696179032,0.38594044579013814,0.3019606084108462,0.31209894579901565
CGTTGTCCACTTCGGT_E15S,E15S,Hypoxic Tumor,reverted_stable,-0.5758002181061411,-1.6226695373650302,0.2910508834872664,0.8378248810768127,0.8378248810768127,0.9815627160351093,MC38,-0.5758002181061411,-1.6226695373650302,Hypoxic,1.0478039739762717,0.22216149626390466,0.2989918884924515,0.47884661524364386
ATGACGGAGCCAGTTA_E15S,E15S,Hypoxic Tumor,exiting_hypoxia,0.0569683055045059,-0.9701120785244646,1.4390679903069183,0.9145019054412842,0.9145019054412842,0.9341963523383704,MC38,0.0569683055045059,-0.9701120785244646,Hypoxic,1.0654740826507805,0.23235123206237376,0.32607711921663335,0.4415716487209929
TAGGGTTCATCATCAT_E15S,E15S,Hypoxic Tumor,reverted_stable,-1.3828572075482994,-1.0962729624594152,1.5629110674595512,0.9478742480278016,0.9478742480278016,0.5165076507935502,MC38,-1.3828572075482994,-1.0962729624594152,Normoxic,1.092438996596619,0.38633044885132434,0.3077349785835621,0.3059345725651135
TGATGGCTCCCGCATC_E15S,E15S,Hypoxic Tumor,transitional,-0.0301180648351691,-0.3520521489422906,0.252193608107848,0.9282577633857728,0.9282577633857728,0.6167431594546948,MC38,-0.0301180648351691,-0.3520521489422906,Saddle / ICS,1.0960679544181666,0.3000915526512348,0.35212512096460796,0.34778332638415727
CCCAAATGTTAACTGC_E15S,E15S,Hypoxic Tumor,exiting_hypoxia,0.2985117275847776,-1.1335781048190516,-0.5038582773388348,0.9162658452987672,0.9162658452987672,0.8768948239445349,MC38,0.2985117275847776,-1.1335781048190516,Hypoxic,0.9931062513321027,0.15743671501913611,0.3165552333184802,0.5260080516623837
AAAGGTTGTGATCAGA_E15S,E15S,Hypoxic Tumor,entering_hypoxia,-0.944729929369634,2.328048942237147,-0.7083500290122053,0.9111783504486084,0.9111783504486084,0.8914336905112002,MC38,-0.944729929369634,2.328048942237147,Saddle / ICS,0.7822897231974555,0.027195976512210483,0.5767036796750413,0.39610034381274817
GCGTGAGGTTGAAGGC_E15S,E15S,Hypoxic Tumor,exiting_hypoxia,0.5126546536566642,-1.3974214758510168,0.4505365359970404,0.853450357913971,0.853450357913971,0.9904000881387794,MC38,0.5126546536566642,-1.3974214758510168,Hypoxic,0.8674260613918408,0.08916311295085215,0.28606412485122296,0.624772762197925
CCACCTATCGTTCCTG_E15S,E15S,Hypoxic Tumor,persistent_hypoxia,0.7198827089842178,0.2395799159843726,1.0868888036908178,0.913868248462677,0.913868248462677,0.8667264988950248,MC38,0.7198827089842178,0.2395799159843726,Hypoxic,0.9493081129205145,0.10330142550291174,0.40340507274875925,0.4932935017483291
GTACGTTGTAATCCTA_E15S,E15S,Hypoxic Tumor,entering_deep_hypoxia,2.3488398370688413,1.6867621944972613,-0.9108841229289548,0.8880417943000793,0.8880417943000793,0.7747225138643257,MC38,2.3488398370688413,1.6867621944972613,Hypoxic,0.4803091351211156,0.00017094450918949146,0.18486463034819217,0.8149644251426182
CTTGCAGGTTTAGGAG_E15S,E15S,Hypoxic Tumor,exiting_hypoxia,-0.0293014064016606,-1.360079649636806,0.6675907756571451,0.8766019344329834,0.8766019344329834,0.9029045512020494,MC38,-0.0293014064016606,-1.360079649636806,Hypoxic,1.024437485322631,0.19057753972919894,0.30731484301834777,0.5021076172524533
GCTTCCATCATCGTTC_E15S,E15S,Hypoxic Tumor,entering_hypoxia,-1.3321470888592537,0.8130278114112535,1.1104600385851358,0.9247669577598572,0.9247669577598572,0.5610337060395273,MC38,-1.3321470888592537,0.8130278114112535,Saddle / ICS,1.067586165314033,0.314821298756617,0.443629455113197,0.24154924613018594
AGTGCGGGTGATGGCG_E15S,E15S,Hypoxic Tumor,reverted_stable,-0.7380035902925177,-0.985470079481904,-0.2287852727502534,0.9135816693305968,0.9135816693305968,0.8950911452293085,MC38,-0.7380035902925177,-0.985470079481904,Normoxic,1.0937557611271498,0.37975025614045077,0.30427552560236504,0.3159742182571841
GGACCTTAGTGAGCCT_E15S,E15S,Hypoxic Tumor,reverted_stable,-1.1765370133073887,-0.5499496326205676,0.2854607884087391,0.8787750601768494,0.8787750601768494,0.9290493007451632,MC38,-1.1765370133073887,-0.5499496326205676,Normoxic,1.0613429865900277,0.4573913130948677,0.30532158852997027,0.2372870983751621
CTCAACGGTTCACGAT_E15S,E15S,Hypoxic Tumor,exiting_hypoxia,1.4571569970842124,-1.870486927837646,1.145113885408758,0.8979876637458801,0.8979876637458801,0.902498587434756,MC38,1.4571569970842124,-1.870486927837646,Hypoxic,0.44769181776996675,0.004956622751325057,0.1468647846343895,0.8481785926142854
GTAGCGCCACCATGTC_E15S,E15S,Hypoxic Tumor,persistent_hypoxia,1.4642141549973495,-0.2676691355411007,-0.6652598163480238,0.9149986505508424,0.9149986505508424,0.8868777876870106,MC38,1.4642141549973495,-0.2676691355411007,Hypoxic,0.6964532958303171,0.021306196393039826,0.28840375810117774,0.6902900455057823
ATGGGTAGTGATTGCT_E15S,E15S,Hypoxic Tumor,exiting_hypoxia,0.144799741491121,-1.001987751696936,0.4216447471421543,0.9300399422645568,0.9300399422645568,0.841684263435957,MC38,0.144799741491121,-1.001987751696936,Hypoxic,1.047513523389828,0.20783057249548245,0.32550405963638074,0.46666536786813684
GCCACTTCATCAAGTA_E15S,E15S,Hypoxic Tumor,entering_hypoxia,-1.414540733753406,0.4100448165923157,0.7549340093507618,0.8391390442848206,0.8391390442848206,0.9294328349178952,MC38,-1.414540733753406,0.4100448165923157,Normoxic,1.0670284213202188,0.395636520600711,0.38517096279037344,0.21919251660891553
AAGTCCATCATGTCTC_E15S,E15S,Hypoxic Tumor,exiting_hypoxia,0.0087268621416709,-1.3903776133292287,0.3795571986945359,0.8761053681373596,0.8761053681373596,0.9711905654439572,MC38,0.0087268621416709,-1.3903776133292287,Hypoxic,1.0106678450208841,0.1780709410824848,0.30524228177560203,0.5166867771419131
GGTGTCCGTCTGTGTG_E15S,E15S,Hypoxic Tumor,reverted_stable,-1.3780750432193931,-1.0981157435344058,1.4451068004436156,0.930246353149414,0.930246353149414,0.8040857492615743,MC38,-1.3780750432193931,-1.0981157435344058,Normoxic,1.0924826402712189,0.38614555909267423,0.30761044313770736,0.3062439977696185
CTCGCTATCACAGGTC_E15S,E15S,Hypoxic Tumor,reverted_posthypoxic,-1.7185447792671242,-0.2073346124393698,0.9455783565122766,0.9301164746284484,0.9301164746284484,0.6783932272060205,MC38,-1.7185447792671242,-0.2073346124393698,Normoxic,1.065057017532067,0.43327059521174327,0.34143415392402937,0.22529525086422728
AACGCCACACTCATAT_E15S,E15S,Hypoxic Tumor,reverted_stable,-1.4573470494685887,-1.0191419416564451,0.6562823339495683,0.9324547648429872,0.9324547648429872,0.7902059144360559,MC38,-1.4573470494685887,-1.0191419416564451,Normoxic,1.0895291031385168,0.3969973856969371,0.3095683963260873,0.2934342179769756
TCCTTCTCACTCGGTT_E15S,E15S,Hypoxic Tumor,reverted_stable,-1.1001823127233807,-1.1570899536972714,-0.1871911985906802,0.912302017211914,0.912302017211914,0.8263705336124642,MC38,-1.1001823127233807,-1.1570899536972714,Normoxic,1.0945165778792199,0.37483655891696255,0.30300602241742347,0.322157418665614
TACAGTTAGCCCGTCT_E15S,E15S,Hypoxic Tumor,exiting_hypoxia,0.2782225644144456,-0.701735215677537,-0.5073546661814418,0.9138771295547484,0.9138771295547484,0.7809502391991391,MC38,0.2782225644144456,-0.701735215677537,Hypoxic,1.0509470938959404,0.20515296507981523,0.3430504094763166,0.4517966254438682
CGTGGTTAGCGGGAAC_E15S,E15S,Hypoxic Tumor,entering_hypoxia,-1.2712490294571237,1.2961738734535395,-0.3511954010522121,0.9130052924156188,0.9130052924156188,0.921897577447806,MC38,-1.2712490294571237,1.2961738734535395,Saddle / ICS,1.0159316029506456,0.195210694932111,0.5211863914567508,0.28360291361113826
ACAACCATCACCCTTG_E15S,E15S,Tumor Proliferating,reverted_stable,-1.5489305142158427,-1.2789810739895386,1.6530084557797724,0.9315302968025208,0.9315302968025208,0.2914346769509286,MC38,-1.5489305142158427,-1.2789810739895386,Hypoxic,1.0978427398369908,0.33956138440806655,0.31520894349735046,0.34522967209458294
GTTAAGCCAGTAATTG_E15S,E15S,Hypoxic Tumor,exiting_hypoxia,0.079868551888964,-0.8127914510604894,0.3137914971721909,0.9255600571632384,0.9255600571632384,0.8483327943573636,MC38,0.079868551888964,-0.8127914510604894,Hypoxic,1.0749662380398477,0.2449495743785613,0.333639018421211,0.42141140720022763
GCGGTAGGTTGCACTG_E15S,E15S,Hypoxic Tumor,entering_hypoxia,-1.2390262268385457,0.7853633848977079,-0.4396558725770928,0.9276041984558104,0.9276041984558104,0.56698187523753,MC38,-1.2390262268385457,0.7853633848977079,Saddle / ICS,1.069566591099664,0.32272061822575676,0.43667430925144696,0.2406050725227962
GGACATTCATTCCTTC_E15S,E15S,Hypoxic Tumor,exiting_hypoxia,0.0444346946151405,-0.448393127732596,0.6999601145600206,0.902830958366394,0.902830958366394,0.8303368075165328,MC38,0.0444346946151405,-0.448393127732596,Hypoxic,1.0914591481681197,0.278937214871926,0.3503026343985042,0.3707601507295698
GGGTAATAGGTTAATC_E15S,E15S,Hypoxic Tumor,exiting_hypoxia,1.272622719068444,-2.114223504173264,0.8797605507668128,0.9059206247329712,0.9059206247329712,0.8722653923374066,MC38,1.272622719068444,-2.114223504173264,Hypoxic,0.43820821377597297,0.005189010992146592,0.14086036729597437,0.853950621711879
TCGATTTCATAACCTT_E15S,E15S,Hypoxic Tumor,reverted_stable,-1.0823421120837675,-0.4971485534941199,-0.18070818962223,0.915030837059021,0.915030837059021,0.7607883606766492,MC38,-1.0823421120837675,-0.4971485534941199,Normoxic,1.0607829752150648,0.457925163458639,0.3061326172268711,0.23594221931449
GCTTTGAAGGTTCGCG_E15S,E15S,Hypoxic Tumor,reverted_posthypoxic,-0.926889444087064,0.3878209346238475,-0.1602664889913915,0.9137626886367798,0.9137626886367798,0.6529056974900468,MC38,-0.926889444087064,0.3878209346238475,Normoxic,1.072528735650024,0.3941632040925609,0.3763497572098941,0.22948703869754508
CGTTATGAGCCACACG_E15S,E15S,Hypoxic Tumor,reverted_stable,-1.3492675494507256,-1.5647152225873255,1.0321566790662378,0.9110088348388672,0.9110088348388672,0.699258318048132,MC38,-1.3492675494507256,-1.5647152225873255,Hypoxic,1.0842064185102382,0.2782360569777662,0.30942607432508373,0.4123378686971501
GTAGATGGTGGACCCT_E15S,E15S,Hypoxic Tumor,exiting_hypoxia,-0.0478272280564131,-0.5508795356575823,-0.1436289163031582,0.9194660782814026,0.9194660782814026,0.651819010151955,MC38,-0.0478272280564131,-0.5508795356575823,Hypoxic,1.0953810767739016,0.2976135052696858,0.34084795822187897,0.36153853650843526
CTTGCGGAGCCCTGAG_E15S,E15S,Hypoxic Tumor,exiting_hypoxia,-0.3571643910273798,-1.3953543549665903,1.400270449661038,0.9161476492881776,0.9161476492881776,0.8358194640622558,MC38,-0.3571643910273798,-1.3953543549665903,Hypoxic,1.065332112741405,0.24320749975853104,0.3058746487018658,0.4509178515396032
GTTGCCTCATCCTATG_E15S,E15S,Hypoxic Tumor,transitional,-0.1763702439507974,-0.0841342455470478,0.5782293607952377,0.8543213605880737,0.8543213605880737,0.9201299841464554,MC38,-0.1763702439507974,-0.0841342455470478,Saddle / ICS,1.0964136364407282,0.3307924546918559,0.3616225664077971,0.3075849789003469
ATGGAGTAGCGCCATG_E15S,E15S,Hypoxic Tumor,exiting_hypoxia,1.178028194382076,-1.3787527411735454,2.274356112589188,0.9478546977043152,0.9478546977043152,0.3651128056154243,MC38,1.178028194382076,-1.3787527411735454,Hypoxic,0.6368535951508086,0.02252563712436478,0.22649154711550523,0.7509828157601299
GGAGTATAGCCTGTGG_E15S,E15S,Hypoxic Tumor,entering_hypoxia,-1.12016697273694,0.6867242905534412,-0.6373473200870985,0.914450705051422,0.914450705051422,0.7760235447712229,MC38,-1.12016697273694,0.6867242905534412,Saddle / ICS,1.0726624558351427,0.3443457876775177,0.4189731502518561,0.23668106207062603
CAATATCAGCGCTATA_E15S,E15S,Hypoxic Tumor,exiting_hypoxia,0.0553759810354641,-1.4678615258796326,-0.7206434179502642,0.908649444580078,0.908649444580078,0.7964628818929039,MC38,0.0553759810354641,-1.4678615258796326,Hypoxic,0.9824332647210394,0.15638558357588564,0.29955949856131653,0.5440549178627978
TCAGTAACAGCCATGA_E15S,E15S,Hypoxic Tumor,transitional,0.025842479990693,-0.397881544990268,0.2024582179996772,0.8475584387779236,0.8475584387779236,0.9301516807304409,MC38,0.025842479990693,-0.397881544990268,Hypoxic,1.0931643691813466,0.28511081375905206,0.3522740907215624,0.3626150955193855
GGACAATAGGGTCACT_E15S,E15S,Hypoxic Tumor,reverted_posthypoxic,-1.004164842646779,-0.3691651142855509,-0.0397954874671467,0.9215049147605896,0.9215049147605896,0.5872733416156328,MC38,-1.004164842646779,-0.3691651142855509,Normoxic,1.0592491754398599,0.4582281228485433,0.3108980526964842,0.23087382445497254
TCACACAAGGTTGCTA_E15S,E15S,Hypoxic Tumor,persistent_hypoxia,2.112680984201732,-0.2694506868120916,0.4850112222106894,0.8906035423278809,0.8906035423278809,0.946048131224004,MC38,2.112680984201732,-0.2694506868120916,Hypoxic,0.5041153147222946,0.002679161145936554,0.1899416084252224,0.807379230428841
