source,target,obs_frac,exp_frac,enrichment,log2_enrichment,n_source,n_target,p_perm,sample,label_space
Monocyte,Il1bpos_TAM,0.16934476245823044,0.1614741641337386,1.0487421524472058,0.06866001527262365,1163,850,0.004987531172069825,E14S,cell_type
Monocyte,Resident_Macrophage,0.1300014528548598,0.128419452887538,1.0123190056626952,0.01766398901010958,1163,676,0.5910224438902744,E14S,cell_type
Monocyte,C1qcpos_TAM,0.10254249600464914,0.09973404255319149,1.0281594266066154,0.04006398645941446,1163,525,0.1770573566084788,E14S,cell_type
Monocyte,Neutrophil,0.09135551358419294,0.09403495440729483,0.9715059060751348,-0.041705328475190095,1163,495,0.2169576059850374,E14S,cell_type
Monocyte,Spp1pos_TAM,0.0488159232892634,0.04939209726443769,0.9883346930564714,-0.016928411129156662,1163,260,0.6733167082294265,E14S,cell_type
Monocyte,NK,0.04338224611361325,0.048062310030395135,0.9026250732887753,-0.14780124032659367,1163,253,0.007481296758104738,E14S,cell_type
Monocyte,Hypoxic_Tumor,0.03847159668749092,0.04293313069908815,0.89608179187147,-0.15829767137479475,1163,226,0.0024937655860349127,E14S,cell_type
Monocyte,CD8_exhausted,0.03899462443701874,0.037613981762917935,1.0367055708912456,0.0520062203537489,1163,198,0.2793017456359102,E14S,cell_type
Monocyte,cDC,0.03620514310620369,0.03419452887537994,1.0587992961725345,0.08242914092750228,1163,180,0.06234413965087282,E14S,cell_type
Monocyte,mDC,0.03356094726136859,0.03229483282674772,1.0392048610814366,0.05548008439889308,1163,170,0.2593516209476309,E14S,cell_type
Monocyte,Tumor,0.025657416824059278,0.02944528875379939,0.8713589816893422,-0.19866089339259624,1163,155,0.0024937655860349127,E14S,cell_type
Monocyte,T_helper,0.008019758826093274,0.0077887537993920975,1.0296587917208535,0.04216633639326065,1163,41,0.6384039900249376,E14S,cell_type
Il1bpos_TAM,Monocyte,0.22840194282984314,0.22093465045592706,1.033798647511861,0.0479552199627148,850,1163,0.04738154613466334,E14S,cell_type
Il1bpos_TAM,Resident_Macrophage,0.13249462536826181,0.128419452887538,1.0317332957670564,0.04507008064287214,850,676,0.16957605985037408,E14S,cell_type
Il1bpos_TAM,C1qcpos_TAM,0.09614618998327892,0.09973404255319149,0.9640257982323434,-0.05285634004638515,850,525,0.12219451371571072,E14S,cell_type
Il1bpos_TAM,Neutrophil,0.094553706505295,0.09403495440729483,1.00551658796742,0.007936881922664731,850,495,0.8229426433915212,E14S,cell_type
Il1bpos_TAM,Spp1pos_TAM,0.04626164503543276,0.04939209726443769,0.9366203825635309,-0.0944636608399614,850,260,0.034912718204488775,E14S,cell_type
Il1bpos_TAM,NK,0.045943148339835975,0.048062310030395135,0.9559080350233067,-0.06505626726486322,850,253,0.15211970074812967,E14S,cell_type
Il1bpos_TAM,Hypoxic_Tumor,0.037821482602118005,0.04293313069908815,0.880939311582076,-0.18288546041291323,850,226,0.0024937655860349127,E14S,cell_type
Il1bpos_TAM,CD8_exhausted,0.036348435384982884,0.037613981762917935,0.9663543629623732,-0.049375771311423226,850,198,0.33915211970074816,E14S,cell_type
Il1bpos_TAM,cDC,0.033601401385460625,0.03419452887537994,0.9826543160725819,-0.02524410883852519,850,180,0.6882793017456359,E14S,cell_type
Il1bpos_TAM,mDC,0.03344215303766224,0.03229483282674772,1.0355264328838472,0.05036438031238532,850,170,0.3566084788029925,E14S,cell_type
Il1bpos_TAM,Tumor,0.025479735647742655,0.02944528875379939,0.8653246996755958,-0.2086865116029108,850,155,0.007481296758104738,E14S,cell_type
Il1bpos_TAM,T_helper,0.007564296520423601,0.0077887537993920975,0.9711818752075569,-0.042186597503171504,850,41,0.6932668329177057,E14S,cell_type
Resident_Macrophage,Monocyte,0.2205435053602593,0.22093465045592706,0.9982295891800558,-0.0025564265411948113,676,1163,0.912718204488778,E14S,cell_type
Resident_Macrophage,Il1bpos_TAM,0.1663425579655946,0.1614741641337386,1.0301496766245763,0.0428539704529694,676,850,0.22693266832917705,E14S,cell_type
Resident_Macrophage,C1qcpos_TAM,0.10516080777860883,0.09973404255319149,1.0544123659935178,0.07643919527357665,676,525,0.02743142144638404,E14S,cell_type
Resident_Macrophage,Neutrophil,0.0924956369982548,0.09403495440729483,0.9836303700178047,-0.023811815425435943,676,495,0.57356608478803,E14S,cell_type
Resident_Macrophage,Spp1pos_TAM,0.05006232859636001,0.04939209726443769,1.013569606658612,0.019445168955687722,676,260,0.6957605985037406,E14S,cell_type
Resident_Macrophage,NK,0.04542508102717527,0.048062310030395135,0.9451289586049432,-0.08141690285888917,676,253,0.09476309226932668,E14S,cell_type
Resident_Macrophage,Hypoxic_Tumor,0.04178509099975069,0.04293313069908815,0.9732598186844584,-0.03910310068246598,676,226,0.47381546134663344,E14S,cell_type
Resident_Macrophage,CD8_exhausted,0.03774619795562204,0.037613981762917935,1.003515081001992,0.0050622979394920956,676,198,0.9226932668329177,E14S,cell_type
Resident_Macrophage,cDC,0.033906756419845425,0.03419452887537994,0.9915842544114796,-0.012192732158602759,676,180,0.8503740648379052,E14S,cell_type
Resident_Macrophage,mDC,0.03485415108451757,0.03229483282674772,1.0792485371111795,0.11002713727110477,676,170,0.07481296758104738,E14S,cell_type
Resident_Macrophage,Tumor,0.027773622538020445,0.02944528875379939,0.9432280583234814,-0.08432145990083557,676,155,0.19950124688279303,E14S,cell_type
Resident_Macrophage,T_helper,0.007529294440289205,0.0077887537993920975,0.9666879496020091,-0.04887783725963465,676,41,0.6683291770573566,E14S,cell_type
C1qcpos_TAM,Monocyte,0.22756801955361164,0.22093465045592706,1.0300241228978604,0.04267812534789672,525,1163,0.13466334164588528,E14S,cell_type
C1qcpos_TAM,Il1bpos_TAM,0.15469222358011192,0.1614741641337386,0.9579998410890695,-0.06190267823700317,525,850,0.08728179551122195,E14S,cell_type
C1qcpos_TAM,Resident_Macrophage,0.13893355631311508,0.128419452887538,1.0818731367340795,0.11353133489930325,525,676,0.004987531172069825,E14S,cell_type
C1qcpos_TAM,Neutrophil,0.08863446324049656,0.09403495440729483,0.9425693222181292,-0.08532936813202377,525,495,0.059850374064837904,E14S,cell_type
C1qcpos_TAM,Spp1pos_TAM,0.053708110889560685,0.04939209726443769,1.0873826758563363,0.12085974846361666,525,260,0.0199501246882793,E14S,cell_type
C1qcpos_TAM,NK,0.04470315816556249,0.048062310030395135,0.9301083975633239,-0.10452923295278366,525,253,0.07231920199501247,E14S,cell_type
C1qcpos_TAM,Hypoxic_Tumor,0.03653437962307841,0.04293313069908815,0.8509600634331183,-0.23283666877984904,525,226,0.0024937655860349127,E14S,cell_type
C1qcpos_TAM,CD8_exhausted,0.035247957805364376,0.037613981762917935,0.9370972216537276,-0.09372936298842649,525,198,0.14214463840399003,E14S,cell_type
C1qcpos_TAM,cDC,0.03473338907827877,0.03419452887537994,1.015758667266997,0.022557674851812985,525,180,0.7755610972568578,E14S,cell_type
C1qcpos_TAM,mDC,0.03479771016916447,0.03229483282674772,1.0775008607675398,0.10768902181977022,525,170,0.09226932668329177,E14S,cell_type
C1qcpos_TAM,Tumor,0.02675757380845179,0.02944528875379939,0.9087217324367112,-0.1380895130024887,525,155,0.04239401496259352,E14S,cell_type
C1qcpos_TAM,T_helper,0.008683347269569692,0.0077887537993920975,1.1148570738296306,0.1568587665634038,525,41,0.2518703241895262,E14S,cell_type
Neutrophil,Monocyte,0.21653355177827838,0.22093465045592706,0.980079635907874,-0.02902911539261823,495,1163,0.4089775561097257,E14S,cell_type
Neutrophil,Il1bpos_TAM,0.1652672537374565,0.1614741641337386,1.023490380792907,0.033497543350494145,495,850,0.34663341645885287,E14S,cell_type
Neutrophil,Resident_Macrophage,0.1276537647620998,0.128419452887538,0.9940376001593096,-0.008627671130563697,495,676,0.8104738154613467,E14S,cell_type
Neutrophil,C1qcpos_TAM,0.09570619154891119,0.09973404255319149,0.9596140805970829,-0.059473768166240094,495,525,0.16209476309226933,E14S,cell_type
Neutrophil,Spp1pos_TAM,0.05072018567820329,0.04939209726443769,1.0268886823463927,0.03827979788676338,495,260,0.5311720698254364,E14S,cell_type
Neutrophil,NK,0.04894532049969281,0.048062310030395135,1.018372202017324,0.026264944384216418,495,253,0.6932668329177057,E14S,cell_type
Neutrophil,Hypoxic_Tumor,0.04170933169499624,0.04293313069908815,0.9714952302763726,-0.04172118221983662,495,226,0.49625935162094764,E14S,cell_type
Neutrophil,CD8_exhausted,0.037545224930029354,0.037613981762917935,0.9981720405640127,-0.002639601290966056,495,198,0.972568578553616,E14S,cell_type
Neutrophil,cDC,0.03481466311693631,0.03419452887537994,1.018135481375293,0.025929550905804934,495,180,0.7082294264339152,E14S,cell_type
Neutrophil,mDC,0.034541606935627,0.03229483282674772,1.0695706994655325,0.09703184893322984,495,170,0.14463840399002495,E14S,cell_type
Neutrophil,Tumor,0.031060140623933374,0.02944528875379939,1.0548424531895826,0.07702754018844292,495,155,0.286783042394015,E14S,cell_type
Neutrophil,T_helper,0.007440780940678545,0.0077887537993920975,0.955323679798338,-0.06593846946453569,495,41,0.6034912718204489,E14S,cell_type
Spp1pos_TAM,Monocyte,0.21785389905280914,0.22093465045592706,0.9860558251195075,-0.02025876842291991,260,1163,0.5860349127182045,E14S,cell_type
Spp1pos_TAM,Il1bpos_TAM,0.14960425587128584,0.1614741641337386,0.9264903563605278,-0.11015213526002393,260,850,0.00997506234413965,E14S,cell_type
Spp1pos_TAM,Resident_Macrophage,0.1306604385623459,0.128419452887538,1.0174505156689184,0.02495862983786863,260,676,0.6259351620947631,E14S,cell_type
Spp1pos_TAM,C1qcpos_TAM,0.1080835603996367,0.09973404255319149,1.0837178322736907,0.11598917092533118,260,525,0.02493765586034913,E14S,cell_type
Spp1pos_TAM,Neutrophil,0.09342156481121058,0.09403495440729483,0.9934770043761869,-0.009441520524028872,260,495,0.8753117206982544,E14S,cell_type
Spp1pos_TAM,NK,0.04463474763202284,0.048062310030395135,0.928685025829914,-0.10673872187894362,260,253,0.23940149625935161,E14S,cell_type
Spp1pos_TAM,Hypoxic_Tumor,0.04061243025820682,0.04293313069908815,0.945946163182304,-0.08017001736930117,260,226,0.3541147132169576,E14S,cell_type
Spp1pos_TAM,CD8_exhausted,0.039574412871415596,0.037613981762917935,1.0521197442178367,0.07329891048390723,260,198,0.3566084788029925,E14S,cell_type
Spp1pos_TAM,cDC,0.033086804203970414,0.03419452887537994,0.9676052073872238,-0.047509561357548295,260,180,0.628428927680798,E14S,cell_type
Spp1pos_TAM,mDC,0.03217853899052809,0.03229483282674772,0.9963989955655286,-0.0052045276375582514,260,170,0.940149625935162,E14S,cell_type
Spp1pos_TAM,Tumor,0.03036200856364344,0.02944528875379939,1.0311329876065747,0.0442304124224354,260,155,0.6234413965087282,E14S,cell_type
Spp1pos_TAM,T_helper,0.007655378227585312,0.0077887537993920975,0.9828758778050996,-0.024918857142974052,260,41,0.8927680798004988,E14S,cell_type
NK,Monocyte,0.2072892938496583,0.22093465045592706,0.9382380419816004,-0.09197409707463888,253,1163,0.0199501246882793,E14S,cell_type
NK,Il1bpos_TAM,0.15931930858903925,0.1614741641337386,0.9866551063678854,-0.019382228329864463,253,850,0.6408977556109726,E14S,cell_type
NK,Resident_Macrophage,0.1263566930188932,0.128419452887538,0.9839373255199021,-0.02336167265754392,253,676,0.6084788029925187,E14S,cell_type
NK,C1qcpos_TAM,0.0979498861047836,0.09973404255319149,0.9821108580106302,-0.026042213651503707,253,525,0.6059850374064838,E14S,cell_type
NK,Neutrophil,0.0983518692214927,0.09403495440729483,1.045907554710985,0.06475534082578482,253,495,0.23940149625935161,E14S,cell_type
NK,Spp1pos_TAM,0.04810397963285542,0.04939209726443769,0.973920572259042,-0.03812397625585927,253,260,0.6783042394014963,E14S,cell_type
NK,Hypoxic_Tumor,0.04676403591049176,0.04293313069908815,1.089229579791277,0.12330806674400828,253,226,0.11471321695760599,E14S,cell_type
NK,CD8_exhausted,0.04328018223234624,0.037613981762917935,1.1506408043993464,0.20243753756385893,253,198,0.0199501246882793,E14S,cell_type
NK,cDC,0.03550850864263701,0.03419452887537994,1.0384266083046734,0.05439925607043063,253,180,0.5610972568578554,E14S,cell_type
NK,mDC,0.03550850864263701,0.03229483282674772,1.0995105264402423,0.13686141626240342,253,170,0.10972568578553615,E14S,cell_type
NK,Tumor,0.034302559292509714,0.02944528875379939,1.164959174940459,0.2202793976753065,253,155,0.017456359102244388,E14S,cell_type
NK,T_helper,0.00817365670641833,0.0077887537993920975,1.0494177781118557,0.06958913589434616,253,41,0.6882793017456359,E14S,cell_type
Hypoxic_Tumor,Monocyte,0.20341521869382864,0.22093465045592706,0.9207031050767962,-0.11919208285584382,226,1163,0.004987531172069825,E14S,cell_type
Hypoxic_Tumor,Il1bpos_TAM,0.14739364889155182,0.1614741641337386,0.9128001973707397,-0.13162899131318162,226,850,0.0024937655860349127,E14S,cell_type
Hypoxic_Tumor,Resident_Macrophage,0.13211503894547633,0.128419452887538,1.0287774630310464,0.04093094364797896,226,676,0.4089775561097257,E14S,cell_type
Hypoxic_Tumor,C1qcpos_TAM,0.08942480527261834,0.09973404255319149,0.8966327142001199,-0.1574109569160371,226,525,0.012468827930174564,E14S,cell_type
Hypoxic_Tumor,Neutrophil,0.09526662672258837,0.09403495440729483,1.0130980263994045,0.01877377469002617,226,495,0.7506234413965087,E14S,cell_type
Hypoxic_Tumor,Spp1pos_TAM,0.048981426003594966,0.04939209726443769,0.9916854864727842,-0.0120454531577293,226,260,0.9027431421446384,E14S,cell_type
Hypoxic_Tumor,NK,0.05377471539844218,0.048062310030395135,1.118854157539129,0.16202199350138405,226,253,0.02743142144638404,E14S,cell_type
Hypoxic_Tumor,CD8_exhausted,0.03714799281006591,0.037613981762917935,0.9876112835969036,-0.01798477532009179,226,198,0.8254364089775561,E14S,cell_type
Hypoxic_Tumor,cDC,0.03445176752546435,0.03419452887537994,1.0075228014113573,0.010812488987343069,226,180,0.9226932668329177,E14S,cell_type
Hypoxic_Tumor,mDC,0.03430197723187538,0.03229483282674772,1.062150636168188,0.08698838633188491,226,170,0.3516209476309227,E14S,cell_type
Hypoxic_Tumor,Tumor,0.041491911324146195,0.02944528875379939,1.4091188465181006,0.4947932951475936,226,155,0.0024937655860349127,E14S,cell_type
Hypoxic_Tumor,T_helper,0.010934691431995207,0.0077887537993920975,1.4039076999517748,0.48944808863457623,226,41,0.0024937655860349127,E14S,cell_type
CD8_exhausted,Monocyte,0.22409967571257894,0.22093465045592706,1.0143256173267545,0.02052085854696212,198,1163,0.6184538653366584,E14S,cell_type
CD8_exhausted,Il1bpos_TAM,0.15292712066905614,0.1614741641337386,0.9470686625904842,-0.07845906984016646,198,850,0.11970074812967581,E14S,cell_type
CD8_exhausted,Resident_Macrophage,0.13381123058542413,0.128419452887538,1.0419856772214091,0.059335446960317346,198,676,0.2942643391521197,E14S,cell_type
CD8_exhausted,C1qcpos_TAM,0.10223587642942482,0.09973404255319149,1.0250850543323662,0.035743619362594334,198,525,0.5286783042394015,E14S,cell_type
CD8_exhausted,Neutrophil,0.08892302440689537,0.09403495440729483,0.9456379807634288,-0.08064011356117018,198,495,0.20199501246882792,E14S,cell_type
CD8_exhausted,Spp1pos_TAM,0.053763440860215055,0.04939209726443769,1.088502894954508,0.12234524448611801,198,260,0.15211970074812967,E14S,cell_type
CD8_exhausted,NK,0.05547021676053934,0.048062310030395135,1.1541313084090083,0.20680737234880045,198,253,0.012468827930174564,E14S,cell_type
CD8_exhausted,Hypoxic_Tumor,0.0397678784775559,0.04293313069908815,0.9262748332117444,-0.11048777863361386,198,226,0.256857855361596,E14S,cell_type
CD8_exhausted,cDC,0.032087386926096605,0.03419452887537994,0.9383778043276252,-0.0917592055247436,198,180,0.38403990024937656,E14S,cell_type
CD8_exhausted,mDC,0.03908516811742618,0.03229483282674772,1.21026073511842,0.2753178910865357,198,170,0.00997506234413965,E14S,cell_type
CD8_exhausted,Tumor,0.026284348864994027,0.02944528875379939,0.8926504027440553,-0.16383282545204245,198,155,0.13216957605985039,E14S,cell_type
CD8_exhausted,T_helper,0.010411332991978153,0.0077887537993920975,1.3367135821895852,0.4186903720720961,198,41,0.0199501246882793,E14S,cell_type
cDC,Monocyte,0.23702031602708803,0.22093465045592706,1.0728073461449625,0.10139102137312744,180,1163,0.012468827930174564,E14S,cell_type
cDC,Il1bpos_TAM,0.15782543265613244,0.1614741641337386,0.9774036205904484,-0.032973646126173844,180,850,0.513715710723192,E14S,cell_type
cDC,Resident_Macrophage,0.12358916478555304,0.128419452887538,0.9623866322946023,-0.05531149150078792,180,676,0.3316708229426434,E14S,cell_type
cDC,C1qcpos_TAM,0.1000752445447705,0.09973404255319149,1.0034211186355655,0.004927207406771467,180,525,0.9251870324189526,E14S,cell_type
cDC,Neutrophil,0.09424379232505643,0.09403495440729483,1.00222085413959,0.0032004626873034657,180,495,0.9625935162094763,E14S,cell_type
cDC,Spp1pos_TAM,0.051166290443942816,0.04939209726443769,1.0359205880650577,0.050913412680952064,180,260,0.5685785536159601,E14S,cell_type
cDC,NK,0.04834462001504891,0.048062310030395135,1.0058738330403854,0.008449358958635187,180,253,0.9301745635910225,E14S,cell_type
cDC,Hypoxic_Tumor,0.040443942814145976,0.04293313069908815,0.9420217476710815,-0.08616772836666038,180,226,0.3790523690773067,E14S,cell_type
cDC,CD8_exhausted,0.036493604213694505,0.037613981762917935,0.9702138009135751,-0.04362539343341504,180,198,0.6483790523690773,E14S,cell_type
cDC,mDC,0.03235515425131678,0.03229483282674772,1.0018678351701853,0.0026922030234629423,180,170,0.9875311720698254,E14S,cell_type
cDC,Tumor,0.032919488337095563,0.02944528875379939,1.11798830068691,0.1609050910171584,180,155,0.1396508728179551,E14S,cell_type
cDC,T_helper,0.0071482317531978935,0.0077887537993920975,0.9177632182642368,-0.12380610671543126,180,41,0.655860349127182,E14S,cell_type
mDC,Monocyte,0.22098569157392686,0.22093465045592706,1.000231023598582,0.0003332581062412413,170,1163,0.9875311720698254,E14S,cell_type
mDC,Il1bpos_TAM,0.1573926868044515,0.1614741641337386,0.9747236509866267,-0.03693484408950226,170,850,0.47381546134663344,E14S,cell_type
mDC,Resident_Macrophage,0.13473767885532592,0.128419452887538,1.049199913453307,0.06928959371011167,170,676,0.23690773067331672,E14S,cell_type
mDC,C1qcpos_TAM,0.10254372019077901,0.09973404255319149,1.0281717011128775,0.04008120972572128,170,525,0.49875311720698257,E14S,cell_type
mDC,Neutrophil,0.09558823529411764,0.09403495440729483,1.0165181224004753,0.023635935659022268,170,495,0.7306733167082294,E14S,cell_type
mDC,Spp1pos_TAM,0.047893481717011126,0.04939209726443769,0.9696587990705637,-0.04445090994254066,170,260,0.6209476309226932,E14S,cell_type
mDC,NK,0.04809220985691574,0.048062310030395135,1.0006221054814406,0.0008972294362367797,170,253,0.9975062344139651,E14S,cell_type
mDC,Hypoxic_Tumor,0.04034181240063593,0.04293313069908815,0.9396429224643696,-0.08981547837405916,170,226,0.3940149625935162,E14S,cell_type
mDC,CD8_exhausted,0.042329093799682034,0.037613981762917935,1.12535530182589,0.17038056700218077,170,198,0.06982543640897755,E14S,cell_type
mDC,cDC,0.033585055643879175,0.03419452887537994,0.9821762939409999,-0.025946093191537956,170,180,0.8354114713216958,E14S,cell_type
mDC,Tumor,0.030206677265500796,0.02944528875379939,1.025857736294169,0.036830675025300304,170,155,0.7481296758104738,E14S,cell_type
mDC,T_helper,0.007750397456279809,0.0077887537993920975,0.9950754197526076,-0.007122218899883202,170,41,0.9750623441396509,E14S,cell_type
Tumor,Monocyte,0.2020951549541685,0.22093465045592706,0.9147281992078615,-0.1285849677824155,155,1163,0.007481296758104738,E14S,cell_type
Tumor,Il1bpos_TAM,0.14120471409864688,0.1614741641337386,0.8744724882532672,-0.19351509860199026,155,850,0.0024937655860349127,E14S,cell_type
Tumor,Resident_Macrophage,0.12745525971191618,0.128419452887538,0.992491844857288,-0.010872846971600948,155,676,0.85785536159601,E14S,cell_type
Tumor,C1qcpos_TAM,0.10279353993889132,0.09973404255319149,1.0306765604539503,0.0435916674898647,155,525,0.5062344139650873,E14S,cell_type
Tumor,Neutrophil,0.10061108686163248,0.09403495440729483,1.0699328509891584,0.09752025589293255,155,495,0.18453865336658354,E14S,cell_type
Tumor,Spp1pos_TAM,0.05565255347010039,0.04939209726443769,1.1267501594869556,0.17216765426096975,155,260,0.06733167082294264,E14S,cell_type
Tumor,NK,0.05674378000872981,0.048062310030395135,1.1806294781262994,0.23955626876471087,155,253,0.014962593516209476,E14S,cell_type
Tumor,Hypoxic_Tumor,0.058489742470536885,0.04293313069908815,1.3623451520571068,0.4460922584731511,155,226,0.0024937655860349127,E14S,cell_type
Tumor,CD8_exhausted,0.03208206023570493,0.037613981762917935,0.8529291165694483,-0.22950224481267886,155,198,0.0399002493765586,E14S,cell_type
Tumor,cDC,0.04255783500654736,0.03419452887537994,1.2445802415248073,0.3156592478505025,155,180,0.004987531172069825,E14S,cell_type
Tumor,mDC,0.036665211697948494,0.03229483282674772,1.1353274963411815,0.1831085170716248,155,170,0.0773067331670823,E14S,cell_type
Tumor,T_helper,0.009384548232213007,0.0077887537993920975,1.204884436448031,0.26889478051458054,155,41,0.20448877805486285,E14S,cell_type
T_helper,Monocyte,0.2215815485996705,0.22093465045592706,1.0029280067314406,0.0042180485629649276,41,1163,0.9551122194513716,E14S,cell_type
T_helper,Il1bpos_TAM,0.1515650741350906,0.1614741641337386,0.9386335885260199,-0.091366007488492,41,850,0.36658354114713215,E14S,cell_type
T_helper,Resident_Macrophage,0.12191103789126853,0.128419452887538,0.9493190879580437,-0.07503500317367526,41,676,0.4937655860349127,E14S,cell_type
T_helper,C1qcpos_TAM,0.10955518945634267,0.09973404255319149,1.0984733662822626,0.1354998904272641,41,525,0.2518703241895262,E14S,cell_type
T_helper,Neutrophil,0.09390444810543658,0.09403495440729483,0.9986121511656932,-0.0020036333226707967,41,495,0.9800498753117207,E14S,cell_type
T_helper,Spp1pos_TAM,0.05024711696869852,0.04939209726443769,1.0173108604739578,0.02476059201399135,41,260,0.8902743142144638,E14S,cell_type
T_helper,NK,0.04695222405271829,0.048062310030395135,0.9769031913577434,-0.033712493050008945,41,253,0.8603491271820449,E14S,cell_type
T_helper,Hypoxic_Tumor,0.05354200988467875,0.04293313069908815,1.2471023895263227,0.3185799180928262,41,226,0.0773067331670823,E14S,cell_type
T_helper,CD8_exhausted,0.045304777594728174,0.037613981762917935,1.2044664103972176,0.2683941609246093,41,198,0.1396508728179551,E14S,cell_type
T_helper,cDC,0.032948929159802305,0.03419452887537994,0.9635731283177741,-0.05353393396275301,41,180,0.8129675810473815,E14S,cell_type
T_helper,mDC,0.03871499176276771,0.03229483282674772,1.1987983331718188,0.26158898301949485,41,170,0.2144638403990025,E14S,cell_type
T_helper,Tumor,0.030477759472817133,0.02944528875379939,1.035064037838125,0.049720027834271575,41,155,0.827930174563591,E14S,cell_type
Monocyte,Il1bpos_TAM,0.16996704482487096,0.1614741641337386,1.0525959105389655,0.07395169491138907,1163,850,0.009966777408637873,E14S,hybrid_dynamics
Monocyte,Resident_Macrophage,0.13047916241360202,0.128419452887538,1.0160389215165695,0.022955668648874872,1163,676,0.574750830564784,E14S,hybrid_dynamics
Monocyte,C1qcpos_TAM,0.10291930356674152,0.09973404255319149,1.031937550429195,0.04535566609817978,1163,525,0.23255813953488372,E14S,hybrid_dynamics
Monocyte,Neutrophil,0.09169121292542798,0.09403495440729483,0.975075848160511,-0.03641364883642479,1163,495,0.37209302325581395,E14S,hybrid_dynamics
Monocyte,Spp1pos_TAM,0.04899530461664091,0.04939209726443769,0.9919664750076836,-0.01163673149039115,1163,260,0.7807308970099668,E14S,hybrid_dynamics
Monocyte,NK,0.043541660590860044,0.048062310030395135,0.9059419025703055,-0.14250956068782808,1163,253,0.006644518272425249,E14S,hybrid_dynamics
Monocyte,CD8_exhausted,0.039137915949721484,0.037613981762917935,1.0405150987845146,0.05729789999251453,1163,198,0.24584717607973422,E14S,hybrid_dynamics
Monocyte,cDC,0.036338184257342004,0.03419452887537994,1.062690010725824,0.08772082056626769,1163,180,0.08637873754152824,E14S,hybrid_dynamics
Monocyte,mDC,0.03368427192394062,0.03229483282674772,1.0430235729860202,0.06077176403765874,1163,170,0.2425249169435216,E14S,hybrid_dynamics
Monocyte,entering_hypoxia,0.013823675231123683,0.015387537993920973,0.898368227365865,-0.1546211901144252,1163,81,0.036544850498338874,E14S,hybrid_dynamics
Monocyte,exiting_hypoxia,0.013765347487532446,0.015387537993920973,0.8945776441280344,-0.1607213896508429,1163,81,0.029900332225913623,E14S,hybrid_dynamics
Monocyte,persistent_hypoxia,0.008224211846364723,0.008548632218844984,0.9620500257614202,-0.05581618005894042,1163,45,0.5614617940199336,E14S,hybrid_dynamics
Monocyte,reverted_stable,0.0070868208463355595,0.008548632218844984,0.8290005541135642,-0.27055502885195304,1163,45,0.013289036544850499,E14S,hybrid_dynamics
Monocyte,T_helper,0.008049228615591006,0.0077887537993920975,1.0334424251822207,0.0474580160320258,1163,41,0.6378737541528239,E14S,hybrid_dynamics
Monocyte,transitional,0.005978593718102015,0.006458966565349544,0.925626980355559,-0.11149717787295285,1163,34,0.292358803986711,E14S,hybrid_dynamics
Monocyte,B,0.006095249205284494,0.0060790273556231,1.0026684942692992,0.003844695952823298,1163,32,0.9700996677740864,E14S,hybrid_dynamics
Monocyte,Stromal,0.005716118871941439,0.0056990881458966565,1.0029883247299913,0.0043048123786305365,1163,30,0.9767441860465116,E14S,hybrid_dynamics
Il1bpos_TAM,Monocyte,0.22885750757938408,0.22093465045592706,1.0358606361976592,0.05082991712572735,850,1163,0.10631229235880399,E14S,hybrid_dynamics
Il1bpos_TAM,Resident_Macrophage,0.1327588958034147,0.128419452887538,1.033791164954401,0.04794477780588486,850,676,0.2026578073089701,E14S,hybrid_dynamics
Il1bpos_TAM,C1qcpos_TAM,0.09633796074676879,0.09973404255319149,0.9659486197542684,-0.04998164288337244,850,525,0.24584717607973422,E14S,hybrid_dynamics
Il1bpos_TAM,Neutrophil,0.09474230094143929,0.09403495440729483,1.0075221659711848,0.010811579085677887,850,495,0.8704318936877077,E14S,hybrid_dynamics
Il1bpos_TAM,Spp1pos_TAM,0.04635391734482208,0.04939209726443769,0.9384885419351671,-0.09158896367694867,850,260,0.08637873754152824,E14S,hybrid_dynamics
Il1bpos_TAM,NK,0.04603478538375618,0.048062310030395135,0.9578146650596543,-0.06218157010185067,850,253,0.22259136212624583,E14S,hybrid_dynamics
Il1bpos_TAM,CD8_exhausted,0.036420935056645926,0.037613981762917935,0.968281828980728,-0.0465010741484105,850,198,0.4418604651162791,E14S,hybrid_dynamics
Il1bpos_TAM,cDC,0.03366842189245253,0.03419452887537994,0.9846142935659452,-0.022369411675512325,850,180,0.7375415282392026,E14S,hybrid_dynamics
Il1bpos_TAM,mDC,0.03350885591191958,0.03229483282674772,1.0375918677667333,0.053239077475397904,850,170,0.4186046511627907,E14S,hybrid_dynamics
Il1bpos_TAM,entering_hypoxia,0.01328386787936812,0.015387537993920973,0.8632874137900467,-0.21208713986638542,850,81,0.009966777408637873,E14S,hybrid_dynamics
Il1bpos_TAM,exiting_hypoxia,0.012964735918302219,0.015387537993920973,0.842547776221517,-0.24716959902183078,850,81,0.009966777408637873,E14S,hybrid_dynamics
Il1bpos_TAM,persistent_hypoxia,0.008257539492580183,0.008548632218844984,0.9659486197542686,-0.04998164288337211,850,45,0.6877076411960132,E14S,hybrid_dynamics
Il1bpos_TAM,reverted_stable,0.006661879687250678,0.008548632218844984,0.7792918816375016,-0.3597643079086453,850,45,0.009966777408637873,E14S,hybrid_dynamics
Il1bpos_TAM,T_helper,0.007579384075315143,0.0077887537993920975,0.9731189700599734,-0.039311900340158905,850,41,0.7375415282392026,E14S,hybrid_dynamics
Il1bpos_TAM,transitional,0.007260252114249242,0.006458966565349544,1.1240578567472943,0.16871629489533377,850,34,0.16611295681063123,E14S,hybrid_dynamics
Il1bpos_TAM,B,0.006582096696984203,0.0060790273556231,1.0827549066539013,0.1147067101927927,850,32,0.3521594684385382,E14S,hybrid_dynamics
Il1bpos_TAM,Stromal,0.006422530716451253,0.0056990881458966565,1.1269400563799798,0.1724107784530756,850,30,0.14285714285714285,E14S,hybrid_dynamics
Resident_Macrophage,Monocyte,0.22198243412797994,0.22093465045592706,1.0047425049438403,0.006825815395480026,676,1163,0.9069767441860465,E14S,hybrid_dynamics
Resident_Macrophage,Il1bpos_TAM,0.16742785445420327,0.1614741641337386,1.03687085393756,0.0522362123896445,676,850,0.13953488372093023,E14S,hybrid_dynamics
Resident_Macrophage,C1qcpos_TAM,0.10584692597239649,0.09973404255319149,1.0612918444165622,0.08582143721025162,676,525,0.026578073089700997,E14S,hybrid_dynamics
Resident_Macrophage,Neutrophil,0.093099121706399,0.09403495440729483,0.9900480336615846,-0.014429573488761206,676,495,0.7275747508305648,E14S,hybrid_dynamics
Resident_Macrophage,Spp1pos_TAM,0.05038895859473024,0.04939209726443769,1.0201826078563845,0.02882741089236244,676,260,0.584717607973422,E14S,hybrid_dynamics
Resident_Macrophage,NK,0.04572145545796738,0.048062310030395135,0.9512954210701198,-0.07203466092221422,676,253,0.17275747508305647,E14S,hybrid_dynamics
Resident_Macrophage,CD8_exhausted,0.037992471769134256,0.037613981762917935,1.0100624817814279,0.014444539876167105,676,198,0.8039867109634552,E14S,hybrid_dynamics
Resident_Macrophage,cDC,0.034127979924717694,0.03419452887537994,0.998053812909522,-0.0028104902219276877,676,180,0.9667774086378738,E14S,hybrid_dynamics
Resident_Macrophage,mDC,0.03508155583437892,0.03229483282674772,1.086290058306886,0.11940937920777947,676,170,0.023255813953488372,E14S,hybrid_dynamics
Resident_Macrophage,entering_hypoxia,0.015257214554579674,0.015387537993920973,0.9915305853741654,-0.012270819470994343,676,81,0.9003322259136213,E14S,hybrid_dynamics
Resident_Macrophage,exiting_hypoxia,0.014805520702634882,0.015387537993920973,0.962176061465062,-0.055627188665376,676,81,0.5348837209302325,E14S,hybrid_dynamics
Resident_Macrophage,persistent_hypoxia,0.00943538268506901,0.008548632218844984,1.103730098982295,0.1423874253180079,676,45,0.1760797342192691,E14S,hybrid_dynamics
Resident_Macrophage,reverted_stable,0.00878293601003764,0.008548632218844984,1.0274083368186253,0.03900968547269897,676,45,0.7242524916943521,E14S,hybrid_dynamics
Resident_Macrophage,T_helper,0.007578419071518194,0.0077887537993920975,0.9729950729871163,-0.03949559532295982,676,41,0.7009966777408638,E14S,hybrid_dynamics
Resident_Macrophage,transitional,0.006122961104140527,0.006458966565349544,0.9479784485939922,-0.07707383371740814,676,34,0.5415282392026578,E14S,hybrid_dynamics
Resident_Macrophage,B,0.004065244667503137,0.0060790273556231,0.6687327478042661,-0.5804983271453301,676,32,0.0033222591362126247,E14S,hybrid_dynamics
Resident_Macrophage,Stromal,0.005018820577164366,0.0056990881458966565,0.8806357172731074,-0.18338273586374895,676,30,0.25249169435215946,E14S,hybrid_dynamics
C1qcpos_TAM,Monocyte,0.22874507014935022,0.22093465045592706,1.0353517190594836,0.0501209485408487,525,1163,0.1362126245847176,E14S,hybrid_dynamics
C1qcpos_TAM,Il1bpos_TAM,0.1554923385271869,0.1614741641337386,0.9629549058907199,-0.05445985504405105,525,850,0.18604651162790697,E14S,hybrid_dynamics
C1qcpos_TAM,Resident_Macrophage,0.139652162668908,0.128419452887538,1.0874689116703131,0.12097415809225534,525,676,0.0033222591362126247,E14S,hybrid_dynamics
C1qcpos_TAM,Neutrophil,0.08909290748044223,0.09403495440729483,0.9474445757112079,-0.07788654493907182,525,495,0.132890365448505,E14S,hybrid_dynamics
C1qcpos_TAM,Spp1pos_TAM,0.05398590547617508,0.04939209726443769,1.09300694779456,0.12830257165656883,525,260,0.029900332225913623,E14S,hybrid_dynamics
C1qcpos_TAM,NK,0.04493437641430142,0.048062310030395135,0.9349191993868881,-0.09708640975983138,525,253,0.11627906976744186,E14S,hybrid_dynamics
C1qcpos_TAM,CD8_exhausted,0.035430270899334065,0.037613981762917935,0.9419441717883561,-0.0862865397954742,525,198,0.22591362126245848,E14S,hybrid_dynamics
C1qcpos_TAM,cDC,0.034913040667227,0.03419452887537994,1.0210124781793497,0.030000498044765178,525,180,0.6644518272425249,E14S,hybrid_dynamics
C1qcpos_TAM,mDC,0.03497769444624038,0.03229483282674772,1.0830740209706433,0.11513184501272224,525,170,0.08970099667774087,E14S,hybrid_dynamics
C1qcpos_TAM,entering_hypoxia,0.0112497575483287,0.015387537993920973,0.7310953547457071,-0.45186850971228765,525,81,0.0033222591362126247,E14S,hybrid_dynamics
C1qcpos_TAM,exiting_hypoxia,0.013447986034783733,0.015387537993920973,0.8739530677419947,-0.19437228741992382,525,81,0.07973421926910298,E14S,hybrid_dynamics
C1qcpos_TAM,persistent_hypoxia,0.007823107260619383,0.008548632218844984,0.9151297026644541,-0.12795186173147124,525,45,0.3122923588039867,E14S,hybrid_dynamics
C1qcpos_TAM,reverted_stable,0.009568759293980733,0.008548632218844984,1.1193321983003242,0.1626382666228841,525,45,0.17940199335548174,E14S,hybrid_dynamics
C1qcpos_TAM,T_helper,0.00872826016680675,0.0077887537993920975,1.1206234516602618,0.1643015897563561,525,41,0.1893687707641196,E14S,hybrid_dynamics
C1qcpos_TAM,transitional,0.005301609879097433,0.006458966565349544,0.8208139530461438,-0.2848728393086469,525,34,0.09966777408637874,E14S,hybrid_dynamics
C1qcpos_TAM,B,0.004396456972910067,0.0060790273556231,0.723217172043706,-0.4674991614260518,525,32,0.023255813953488372,E14S,hybrid_dynamics
C1qcpos_TAM,Stromal,0.006659339238378483,0.0056990881458966565,1.1684920583608112,0.22464792889830865,525,30,0.132890365448505,E14S,hybrid_dynamics
Neutrophil,Monocyte,0.21787210660072806,0.22093465045592706,0.986138236583175,-0.020138197519352686,495,1163,0.654485049833887,E14S,hybrid_dynamics
Neutrophil,Il1bpos_TAM,0.16628889346795797,0.1614741641337386,1.0298173355474478,0.042388461223759555,495,850,0.34219269102990035,E14S,hybrid_dynamics
Neutrophil,Resident_Macrophage,0.12844288756095887,0.128419452887538,1.0001824853859282,0.00026324674270213094,495,676,1.0,E14S,hybrid_dynamics
Neutrophil,C1qcpos_TAM,0.09629782265265471,0.09973404255319149,0.9655461684639512,-0.05058285029297457,495,525,0.3222591362126246,E14S,hybrid_dynamics
Neutrophil,Spp1pos_TAM,0.05103372484373927,0.04939209726443769,1.033236644528629,0.04717071576002913,495,260,0.48172757475083056,E14S,hybrid_dynamics
Neutrophil,NK,0.04924788790438904,0.048062310030395135,1.0246675175047586,0.03515586225748207,495,253,0.5448504983388704,E14S,hybrid_dynamics
Neutrophil,CD8_exhausted,0.037777319870870255,0.037613981762917935,1.0043424838397021,0.0062513165822997594,495,198,0.920265780730897,E14S,hybrid_dynamics
Neutrophil,cDC,0.03502987842571605,0.03419452887537994,1.0244293335164962,0.03482046877907071,495,180,0.6345514950166113,E14S,hybrid_dynamics
Neutrophil,mDC,0.03475513428120063,0.03229483282674772,1.0761825109190595,0.10592276680649554,495,170,0.132890365448505,E14S,hybrid_dynamics
Neutrophil,entering_hypoxia,0.01607253245415207,0.015387537993920973,1.04451618319329,0.06283484494866703,495,81,0.5149501661129569,E14S,hybrid_dynamics
Neutrophil,exiting_hypoxia,0.016278590562538636,0.015387537993920973,1.0579074163111528,0.08121337426352165,495,81,0.46511627906976744,E14S,hybrid_dynamics
Neutrophil,persistent_hypoxia,0.009272614877395426,0.008548632218844984,1.0846898825468783,0.11728262897104352,495,45,0.3388704318936877,E14S,hybrid_dynamics
Neutrophil,reverted_stable,0.008036266227076035,0.008548632218844984,0.9400645648739612,-0.08916824849638282,495,45,0.5382059800664452,E14S,hybrid_dynamics
Neutrophil,T_helper,0.007486777938045195,0.0077887537993920975,0.9612292455090221,-0.05704755159127012,495,41,0.6744186046511628,E14S,hybrid_dynamics
Neutrophil,transitional,0.0055635689264372555,0.006458966565349544,0.8613713773166386,-0.21529271011582737,495,34,0.18272425249169436,E14S,hybrid_dynamics
Neutrophil,B,0.006525173432241225,0.0060790273556231,1.0733910296036815,0.10217573658083502,495,32,0.4219269102990033,E14S,hybrid_dynamics
Neutrophil,Stromal,0.005288824781921836,0.0056990881458966565,0.9280124550678848,-0.10778392666372977,495,30,0.5880398671096345,E14S,hybrid_dynamics
Spp1pos_TAM,Monocyte,0.21953451882845187,0.22093465045592706,0.9936626888331648,-0.009171900781695445,260,1163,0.8039867109634552,E14S,hybrid_dynamics
Spp1pos_TAM,Il1bpos_TAM,0.15075836820083682,0.1614741641337386,0.9336377061284765,-0.09906526761879929,260,850,0.03986710963455149,E14S,hybrid_dynamics
Spp1pos_TAM,Resident_Macrophage,0.13166841004184102,0.128419452887538,1.025299571686762,0.036045497479093254,260,676,0.46511627906976744,E14S,hybrid_dynamics
Spp1pos_TAM,C1qcpos_TAM,0.1089173640167364,0.09973404255319149,1.0920781032078104,0.12707603856655567,260,525,0.03322259136212625,E14S,hybrid_dynamics
Spp1pos_TAM,Neutrophil,0.09414225941422594,0.09403495440729483,1.00114111829593,0.0016453471171956476,260,495,0.9767441860465116,E14S,hybrid_dynamics
Spp1pos_TAM,NK,0.04497907949790795,0.048062310030395135,0.935849306233152,-0.09565185423771923,260,253,0.24916943521594684,E14S,hybrid_dynamics
Spp1pos_TAM,CD8_exhausted,0.03987970711297071,0.037613981762917935,1.060236253750898,0.08438577812513183,260,198,0.34219269102990035,E14S,hybrid_dynamics
Spp1pos_TAM,cDC,0.03334205020920502,0.03419452887537994,0.9750697350069735,-0.036422693716323895,260,180,0.6810631229235881,E14S,hybrid_dynamics
Spp1pos_TAM,mDC,0.032426778242677826,0.03229483282674772,1.0040856509968004,0.005882340003666327,260,170,0.9335548172757475,E14S,hybrid_dynamics
Spp1pos_TAM,entering_hypoxia,0.013206066945606694,0.015387537993920973,0.8582313136009091,-0.22056155437833713,260,81,0.11295681063122924,E14S,hybrid_dynamics
Spp1pos_TAM,exiting_hypoxia,0.015167364016736401,0.015387537993920973,0.985691409680252,-0.02079204200255974,260,81,0.8737541528239202,E14S,hybrid_dynamics
Spp1pos_TAM,persistent_hypoxia,0.009152719665271966,0.008548632218844984,1.0706648070664808,0.09850688636978482,260,45,0.5149501661129569,E14S,hybrid_dynamics
Spp1pos_TAM,reverted_stable,0.008629707112970711,0.008548632218844984,1.009483960948396,0.013617988783271652,260,45,0.9501661129568106,E14S,hybrid_dynamics
Spp1pos_TAM,T_helper,0.007714435146443515,0.0077887537993920975,0.9904582100214308,-0.013831989501749523,260,41,0.9501661129568106,E14S,hybrid_dynamics
Spp1pos_TAM,transitional,0.007714435146443515,0.006458966565349544,1.194376076790549,0.25625717386599484,260,34,0.16279069767441862,E14S,hybrid_dynamics
Spp1pos_TAM,B,0.0048378661087866105,0.0060790273556231,0.7958289748953974,-0.32946966861655747,260,32,0.19269102990033224,E14S,hybrid_dynamics
Spp1pos_TAM,Stromal,0.005099372384937239,0.0056990881458966565,0.8947698744769875,-0.16041141099177714,260,30,0.45514950166112955,E14S,hybrid_dynamics
NK,Monocyte,0.20835016835016834,0.22093465045592706,0.9430397989641325,-0.08460943686443187,253,1163,0.046511627906976744,E14S,hybrid_dynamics
NK,Il1bpos_TAM,0.16013468013468013,0.1614741641337386,0.9917046543870073,-0.012017568119657379,253,850,0.8372093023255814,E14S,hybrid_dynamics
NK,Resident_Macrophage,0.127003367003367,0.128419452887538,0.9889729643575796,-0.01599701244733692,253,676,0.7674418604651163,E14S,hybrid_dynamics
NK,C1qcpos_TAM,0.09845117845117846,0.09973404255319149,0.9871371492704827,-0.018677553441296537,253,525,0.7475083056478405,E14S,hybrid_dynamics
NK,Neutrophil,0.09885521885521885,0.09403495440729483,1.05126034758358,0.07212000103599192,253,495,0.23920265780730898,E14S,hybrid_dynamics
NK,Spp1pos_TAM,0.04835016835016835,0.04939209726443769,0.9789049469049469,-0.030759316045652196,253,260,0.7441860465116279,E14S,hybrid_dynamics
NK,CD8_exhausted,0.0435016835016835,0.037613981762917935,1.156529605822535,0.20980219777406606,253,198,0.016611295681063124,E14S,hybrid_dynamics
NK,cDC,0.03569023569023569,0.03419452887537994,1.043741114852226,0.06176391628063783,253,180,0.5348837209302325,E14S,hybrid_dynamics
NK,mDC,0.03569023569023569,0.03229483282674772,1.105137651020004,0.14422607647261074,253,170,0.12956810631229235,E14S,hybrid_dynamics
NK,entering_hypoxia,0.01872053872053872,0.015387537993920973,1.2166038990730348,0.2828595329986336,253,81,0.029900332225913623,E14S,hybrid_dynamics
NK,exiting_hypoxia,0.016835016835016835,0.015387537993920973,1.0940682545620817,0.12970274493721323,253,81,0.31893687707641194,E14S,hybrid_dynamics
NK,persistent_hypoxia,0.0057912457912457915,0.008548632218844984,0.677447063224841,-0.5618198784678257,253,45,0.009966777408637873,E14S,hybrid_dynamics
NK,reverted_stable,0.01292929292929293,0.008548632218844984,1.5124399551066219,0.5968778675512325,253,45,0.0033222591362126247,E14S,hybrid_dynamics
NK,T_helper,0.008215488215488216,0.0077887537993920975,1.0547885357641456,0.0769537961045536,253,41,0.6677740863787376,E14S,hybrid_dynamics
NK,transitional,0.007407407407407408,0.006458966565349544,1.1468409586056645,0.19766533543407117,253,34,0.2956810631229236,E14S,hybrid_dynamics
NK,B,0.00808080808080808,0.0060790273556231,1.3292929292929292,0.4106590587682694,253,32,0.029900332225913623,E14S,hybrid_dynamics
NK,Stromal,0.0065993265993266,0.0056990881458966565,1.1579618406285073,0.21158771166644064,253,30,0.26578073089701,E14S,hybrid_dynamics
CD8_exhausted,Monocyte,0.22502142245072837,0.22093465045592706,1.0184976507142167,0.026442652560199467,198,1163,0.6245847176079734,E14S,hybrid_dynamics
CD8_exhausted,Il1bpos_TAM,0.1535561268209083,0.1614741641337386,0.9509640606885427,-0.07253727582692913,198,850,0.18604651162790697,E14S,hybrid_dynamics
CD8_exhausted,Resident_Macrophage,0.13436161096829477,0.128419452887538,1.0462714794927568,0.06525724097355472,198,676,0.26245847176079734,E14S,hybrid_dynamics
CD8_exhausted,C1qcpos_TAM,0.10265638389031705,0.09973404255319149,1.0293013424735789,0.04166541337583152,198,525,0.5182724252491694,E14S,hybrid_dynamics
CD8_exhausted,Neutrophil,0.08928877463581834,0.09403495440729483,0.9495274943089854,-0.07471831954793255,198,495,0.2823920265780731,E14S,hybrid_dynamics
CD8_exhausted,Spp1pos_TAM,0.05398457583547558,0.04939209726443769,1.092980027684398,0.12826703849935545,198,260,0.10631229235880399,E14S,hybrid_dynamics
CD8_exhausted,NK,0.055698371893744644,0.048062310030395135,1.1588783780579914,0.21272916636203787,198,253,0.013289036544850499,E14S,hybrid_dynamics
CD8_exhausted,cDC,0.03221936589545844,0.03419452887537994,0.9422374559649626,-0.08583741151150608,198,180,0.4750830564784053,E14S,hybrid_dynamics
CD8_exhausted,mDC,0.03924592973436161,0.03229483282674772,1.215238671303997,0.2812396850997731,198,170,0.006644518272425249,E14S,hybrid_dynamics
CD8_exhausted,entering_hypoxia,0.011653813196229648,0.015387537993920973,0.7573539835179366,-0.40096032849375446,198,81,0.036544850498338874,E14S,hybrid_dynamics
CD8_exhausted,exiting_hypoxia,0.013196229648671808,0.015387537993920973,0.8575920107482518,-0.22163662904919246,198,81,0.18604651162790697,E14S,hybrid_dynamics
CD8_exhausted,persistent_hypoxia,0.00805484147386461,0.008548632218844984,0.9422374559649626,-0.08583741151150608,198,45,0.6976744186046512,E14S,hybrid_dynamics
CD8_exhausted,reverted_stable,0.008740359897172237,0.008548632218844984,1.0224278777492146,0.03199907878235205,198,45,0.8637873754152824,E14S,hybrid_dynamics
CD8_exhausted,T_helper,0.010454155955441302,0.0077887537993920975,1.3422116329132443,0.4246121660853336,198,41,0.029900332225913623,E14S,hybrid_dynamics
CD8_exhausted,transitional,0.007540702656383891,0.006458966565349544,1.1674781995060235,0.22339561052748888,198,34,0.3122923588039867,E14S,hybrid_dynamics
CD8_exhausted,B,0.006169665809768638,0.0060790273556231,1.014910025706941,0.021351834582843558,198,32,0.9368770764119602,E14S,hybrid_dynamics
CD8_exhausted,Stromal,0.006855184233076264,0.0056990881458966565,1.202856326763782,0.26646433241937506,198,30,0.3023255813953488,E14S,hybrid_dynamics
cDC,Monocyte,0.23800528900642237,0.22093465045592706,1.0772655557436004,0.1073739311539033,180,1163,0.03986710963455149,E14S,hybrid_dynamics
cDC,Il1bpos_TAM,0.15848129958443521,0.1614741641337386,0.9814653658970199,-0.026990736345397916,180,850,0.6677740863787376,E14S,hybrid_dynamics
cDC,Resident_Macrophage,0.12410275783906309,0.128419452887538,0.9663859722852486,-0.04932858172001193,180,676,0.4019933554817276,E14S,hybrid_dynamics
cDC,C1qcpos_TAM,0.10049112202493389,0.09973404255319149,1.0075909835033372,0.010910117187547686,180,525,0.8538205980066446,E14S,hybrid_dynamics
cDC,Neutrophil,0.09463543634302984,0.09403495440729483,1.0063857311307256,0.009183372468079579,180,495,0.8704318936877077,E14S,hybrid_dynamics
cDC,Spp1pos_TAM,0.05137891953154514,0.04939209726443769,1.0402255092848216,0.05689632246172769,180,260,0.5282392026578073,E14S,hybrid_dynamics
cDC,NK,0.04854552323384964,0.048062310030395135,1.0100538905256304,0.014432268739410864,180,253,0.8870431893687708,E14S,hybrid_dynamics
cDC,CD8_exhausted,0.03664525878352852,0.037613981762917935,0.9742456678610815,-0.03764248365263911,180,198,0.6943521594684385,E14S,hybrid_dynamics
cDC,mDC,0.032489610880241784,0.03229483282674772,1.006031245138781,0.00867511280423925,180,170,0.946843853820598,E14S,hybrid_dynamics
cDC,entering_hypoxia,0.01303362296939932,0.015387537993920973,0.8470245840854076,-0.23952425186661283,180,81,0.19269102990033224,E14S,hybrid_dynamics
cDC,exiting_hypoxia,0.016433698526633924,0.015387537993920973,1.0679875190642096,0.09489478720394648,180,81,0.574750830564784,E14S,hybrid_dynamics
cDC,persistent_hypoxia,0.007933509633547412,0.008548632218844984,0.9280443269109685,-0.10773437931107131,180,45,0.5614617940199336,E14S,hybrid_dynamics
cDC,reverted_stable,0.009255761239138648,0.008548632218844984,1.0827183813961299,0.11465804202537654,180,45,0.6079734219269103,E14S,hybrid_dynamics
cDC,T_helper,0.007177937287495277,0.0077887537993920975,0.9215771190579302,-0.11782319693465546,180,41,0.6013289036544851,E14S,hybrid_dynamics
cDC,transitional,0.00887797506611258,0.006458966565349544,1.3745194337651947,0.4589273046671408,180,34,0.023255813953488372,E14S,hybrid_dynamics
cDC,B,0.006233471854930109,0.0060790273556231,1.025406120136003,0.0361954135982963,180,32,0.8737541528239202,E14S,hybrid_dynamics
cDC,Stromal,0.007744616547034379,0.0056990881458966565,1.3589220501196324,0.44246270324940823,180,30,0.046511627906976744,E14S,hybrid_dynamics
mDC,Monocyte,0.2216464022324098,0.22093465045592706,1.0032215488834095,0.004640242221233862,170,1163,0.9169435215946844,E14S,hybrid_dynamics
mDC,Il1bpos_TAM,0.15786326489934224,0.1614741641337386,0.9776379134472206,-0.03262785997450977,170,850,0.6013289036544851,E14S,hybrid_dynamics
mDC,Resident_Macrophage,0.13514052222443693,0.128419452887538,1.0523368476175088,0.07359657782510434,170,676,0.16279069767441862,E14S,hybrid_dynamics
mDC,C1qcpos_TAM,0.10285030894957145,0.09973404255319149,1.0312457644010364,0.044388193840713804,170,525,0.521594684385382,E14S,hybrid_dynamics
mDC,Neutrophil,0.09587402830376719,0.09403495440729483,1.0195573434162233,0.027942919774014783,170,495,0.7142857142857143,E14S,hybrid_dynamics
mDC,Spp1pos_TAM,0.04803667530396651,0.04939209726443769,0.9725579184618451,-0.040143925827548124,170,260,0.717607973421927,E14S,hybrid_dynamics
mDC,NK,0.04823599760813235,0.048062310030395135,1.003613800036398,0.0052042135512292845,170,253,0.9601328903654485,E14S,hybrid_dynamics
mDC,CD8_exhausted,0.0424556507873231,0.037613981762917935,1.1287199280023676,0.17468755111717327,170,198,0.11960132890365449,E14S,hybrid_dynamics
mDC,cDC,0.03368546940402631,0.03419452887537994,0.9851128385710806,-0.021639109076545645,170,180,0.8372093023255814,E14S,hybrid_dynamics
mDC,entering_hypoxia,0.013952561291608531,0.015387537993920973,0.9067442301114482,-0.14123243496871357,170,81,0.4186046511627907,E14S,hybrid_dynamics
mDC,exiting_hypoxia,0.015547139724935221,0.015387537993920973,1.0103721421241851,0.014886766948568282,170,81,0.946843853820598,E14S,hybrid_dynamics
mDC,persistent_hypoxia,0.007374925254135938,0.008548632218844984,0.8627023675060351,-0.21306517972978006,170,45,0.33222591362126247,E14S,hybrid_dynamics
mDC,reverted_stable,0.009567470599960135,0.008548632218844984,1.119181449737559,0.16244395536242617,170,45,0.45182724252491696,E14S,hybrid_dynamics
mDC,T_helper,0.0077735698624676105,0.0077887537993920975,0.9980505306348658,-0.002815234784890666,170,41,0.9634551495016611,E14S,hybrid_dynamics
mDC,transitional,0.009168825991628464,0.006458966565349544,1.419550000586242,0.5054336657776182,170,34,0.019933554817275746,E14S,hybrid_dynamics
mDC,B,0.006378313733306757,0.0060790273556231,1.0492326091289617,0.0693345509709449,170,32,0.8239202657807309,E14S,hybrid_dynamics
mDC,Stromal,0.005780346820809248,0.0056990881458966565,1.0142581888246627,0.020424950489998123,170,30,0.9966777408637874,E14S,hybrid_dynamics
entering_hypoxia,Monocyte,0.2074105621805792,0.22093465045592706,0.9387869297666113,-0.09113033876568703,81,1163,0.19269102990033224,E14S,hybrid_dynamics
entering_hypoxia,Il1bpos_TAM,0.1520442930153322,0.1614741641337386,0.9416013628620102,-0.08681168637077509,81,850,0.2724252491694352,E14S,hybrid_dynamics
entering_hypoxia,Resident_Macrophage,0.13926746166950596,0.128419452887538,1.0844732518169813,0.11699446984108744,81,676,0.15282392026578073,E14S,hybrid_dynamics
entering_hypoxia,C1qcpos_TAM,0.09071550255536627,0.09973404255319149,0.9095741056218059,-0.13673691170245736,81,525,0.16611295681063123,E14S,hybrid_dynamics
entering_hypoxia,Neutrophil,0.10178875638841567,0.09403495440729483,1.0824565931891315,0.1143091736389658,81,495,0.2059800664451827,E14S,hybrid_dynamics
entering_hypoxia,Spp1pos_TAM,0.05025553662691652,0.04939209726443769,1.0174813261695714,0.025002316958575972,81,260,0.8239202657807309,E14S,hybrid_dynamics
entering_hypoxia,NK,0.0600511073253833,0.048062310030395135,1.2494428022166708,0.3212848583296727,81,253,0.013289036544850499,E14S,hybrid_dynamics
entering_hypoxia,CD8_exhausted,0.030238500851788756,0.037613981762917935,0.8039165074940202,-0.31488241994973837,81,198,0.05647840531561462,E14S,hybrid_dynamics
entering_hypoxia,cDC,0.039182282793867124,0.03419452887537994,1.1458640923717587,0.19643594035252773,81,180,0.18272425249169436,E14S,hybrid_dynamics
entering_hypoxia,mDC,0.030238500851788756,0.03229483282674772,0.9363262851989177,-0.09491673600783045,81,170,0.6245847176079734,E14S,hybrid_dynamics
entering_hypoxia,exiting_hypoxia,0.027257240204429302,0.015387537993920973,1.7713841041495784,0.8248770777405646,81,81,0.0033222591362126247,E14S,hybrid_dynamics
entering_hypoxia,persistent_hypoxia,0.011073253833049404,0.008548632218844984,1.2953246261593792,0.3733137024366068,81,45,0.16611295681063123,E14S,hybrid_dynamics
entering_hypoxia,reverted_stable,0.01192504258943782,0.008548632218844984,1.3949649820177932,0.48022890635311893,81,45,0.05647840531561462,E14S,hybrid_dynamics
entering_hypoxia,T_helper,0.010221465076660987,0.0077887537993920975,1.3123363942327668,0.3921375767282617,81,41,0.14950166112956811,E14S,hybrid_dynamics
entering_hypoxia,transitional,0.008517887563884156,0.006458966565349544,1.3187694157731236,0.39919233426221223,81,34,0.21926910299003322,E14S,hybrid_dynamics
entering_hypoxia,B,0.008091993185689948,0.0060790273556231,1.3311328790459964,0.4126545940687746,81,32,0.20930232558139536,E14S,hybrid_dynamics
entering_hypoxia,Stromal,0.0068143100511073255,0.0056990881458966565,1.1956842703009654,0.2578364850166708,81,30,0.4684385382059801,E14S,hybrid_dynamics
exiting_hypoxia,Monocyte,0.2077479778629204,0.22093465045592706,0.9403141491577067,-0.08878526818728749,81,1163,0.19933554817275748,E14S,hybrid_dynamics
exiting_hypoxia,Il1bpos_TAM,0.140485312899106,0.1614741641337386,0.8700172789422282,-0.20088404105620367,81,850,0.019933554817275746,E14S,hybrid_dynamics
exiting_hypoxia,Resident_Macrophage,0.1336739037888463,0.128419452887538,1.0409163158942114,0.057854088332487105,81,676,0.4717607973421927,E14S,hybrid_dynamics
exiting_hypoxia,C1qcpos_TAM,0.08684546615581099,0.09973404255319149,0.8707705406555981,-0.19963549485894477,81,525,0.03986710963455149,E14S,hybrid_dynamics
exiting_hypoxia,Neutrophil,0.1081311196253725,0.09403495440729483,1.1499034620362847,0.20151274752823872,81,495,0.046511627906976744,E14S,hybrid_dynamics
exiting_hypoxia,Spp1pos_TAM,0.05023414218816517,0.04939209726443769,1.0170481710711594,0.024388012056431152,81,260,0.8637873754152824,E14S,hybrid_dynamics
exiting_hypoxia,NK,0.05449127288207748,0.048062310030395135,1.1337630847875726,0.18111920102873458,81,253,0.14285714285714285,E14S,hybrid_dynamics
exiting_hypoxia,CD8_exhausted,0.037037037037037035,0.037613981762917935,0.9846614291058734,-0.022300348507836906,81,198,0.9102990033222591,E14S,hybrid_dynamics
exiting_hypoxia,cDC,0.038739889314601955,0.03419452887537994,1.132926540844804,0.1800543195920662,81,180,0.2691029900332226,E14S,hybrid_dynamics
exiting_hypoxia,mDC,0.037462750106428265,0.03229483282674772,1.1600230385896375,0.21415345822263998,81,170,0.13953488372093023,E14S,hybrid_dynamics
exiting_hypoxia,entering_hypoxia,0.02724563644103874,0.015387537993920973,1.77063000278553,0.8242627728384199,81,81,0.0033222591362126247,E14S,hybrid_dynamics
exiting_hypoxia,persistent_hypoxia,0.01319710515112814,0.008548632218844984,1.5437680336786341,0.6264559897802453,81,45,0.016611295681063124,E14S,hybrid_dynamics
exiting_hypoxia,reverted_stable,0.01447424435930183,0.008548632218844984,1.693164940163663,0.7597225206437094,81,45,0.009966777408637873,E14S,hybrid_dynamics
exiting_hypoxia,T_helper,0.009791400595998296,0.0077887537993920975,1.2571203106667082,0.3301227271619738,81,41,0.21262458471760798,E14S,hybrid_dynamics
exiting_hypoxia,transitional,0.006385696040868455,0.006458966565349544,0.9886559987979867,-0.016459469918776122,81,34,1.0,E14S,hybrid_dynamics
exiting_hypoxia,B,0.002979991485738612,0.0060790273556231,0.4902085994040017,-1.0285323022193513,81,32,0.07641196013289037,E14S,hybrid_dynamics
exiting_hypoxia,Stromal,0.008088548318433376,0.0056990881458966565,1.4192706116077765,0.5051496935581117,81,30,0.06976744186046512,E14S,hybrid_dynamics
persistent_hypoxia,Monocyte,0.20715917745620716,0.22093465045592706,0.937649105872291,-0.09287996738052445,45,1163,0.27906976744186046,E14S,hybrid_dynamics
persistent_hypoxia,Il1bpos_TAM,0.15613099771515612,0.1614741641337386,0.9669100846736256,-0.048546358677263673,45,850,0.6411960132890365,E14S,hybrid_dynamics
persistent_hypoxia,Resident_Macrophage,0.1447067783701447,0.128419452887538,1.1268291144089373,0.17226874489111788,45,676,0.09302325581395349,E14S,hybrid_dynamics
persistent_hypoxia,C1qcpos_TAM,0.09672505712109672,0.09973404255319149,0.9698299060675298,-0.04419635293896454,45,525,0.7342192691029901,E14S,hybrid_dynamics
persistent_hypoxia,Neutrophil,0.10281797410510282,0.09403495440729483,1.0934016478570936,0.12882345492621375,45,495,0.2857142857142857,E14S,hybrid_dynamics
persistent_hypoxia,Spp1pos_TAM,0.05026656511805026,0.04939209726443769,1.017704610697756,0.025318879172353394,45,260,0.8704318936877077,E14S,hybrid_dynamics
persistent_hypoxia,NK,0.037319116527037316,0.048062310030395135,0.7764736339854721,-0.3649911577367474,45,253,0.08637873754152824,E14S,hybrid_dynamics
persistent_hypoxia,CD8_exhausted,0.035034272658035034,0.037613981762917935,0.9314162185449314,-0.1025020911802422,45,198,0.654485049833887,E14S,hybrid_dynamics
persistent_hypoxia,cDC,0.03274942878903275,0.03419452887537994,0.9577388508081579,-0.06229576878522194,45,180,0.7441860465116279,E14S,hybrid_dynamics
persistent_hypoxia,mDC,0.035034272658035034,0.03229483282674772,1.0848259486582141,0.11746359276166556,45,170,0.5780730897009967,E14S,hybrid_dynamics
persistent_hypoxia,entering_hypoxia,0.020563594821020565,0.015387537993920973,1.3363797918253364,0.41833007212119844,45,81,0.09966777408637874,E14S,hybrid_dynamics
persistent_hypoxia,exiting_hypoxia,0.026656511805026657,0.015387537993920973,1.732344174588399,0.7927255869026962,45,81,0.0033222591362126247,E14S,hybrid_dynamics
persistent_hypoxia,reverted_stable,0.008377760853008377,0.008548632218844984,0.98001184733858,-0.029128904850022824,45,45,1.0,E14S,hybrid_dynamics
persistent_hypoxia,T_helper,0.012185833968012186,0.0077887537993920975,1.5645421953077108,0.6457405682242708,45,41,0.04983388704318937,E14S,hybrid_dynamics
persistent_hypoxia,transitional,0.008377760853008377,0.006458966565349544,1.2970745038304734,0.3752613502293123,45,34,0.3588039867109635,E14S,hybrid_dynamics
persistent_hypoxia,B,0.006092916984006093,0.0060790273556231,1.0022848438690024,0.0032925728423547572,45,32,0.9800664451827242,E14S,hybrid_dynamics
persistent_hypoxia,Stromal,0.007616146230007616,0.0056990881458966565,1.3363797918253364,0.41833007212119844,45,30,0.3488372093023256,E14S,hybrid_dynamics
reverted_stable,Monocyte,0.19741837509491267,0.22093465045592706,0.8935600399824766,-0.1623634249660369,45,1163,0.04318936877076412,E14S,hybrid_dynamics
reverted_stable,Il1bpos_TAM,0.12376613515565679,0.1614741641337386,0.766476394658091,-0.38368673331525943,45,850,0.006644518272425249,E14S,hybrid_dynamics
reverted_stable,Resident_Macrophage,0.13363705391040243,0.128419452887538,1.0406293665449087,0.05745632583383979,45,676,0.5083056478405316,E14S,hybrid_dynamics
reverted_stable,C1qcpos_TAM,0.11845102505694761,0.09973404255319149,1.1876689445709947,0.2481327497874905,45,525,0.03322259136212625,E14S,hybrid_dynamics
reverted_stable,Neutrophil,0.09415337889141989,0.09403495440729483,1.001259366635221,0.001815738898630531,45,495,0.9833887043189369,E14S,hybrid_dynamics
reverted_stable,Spp1pos_TAM,0.05239179954441914,0.04939209726443769,1.060732433853163,0.0850607872284419,45,260,0.6445182724252492,E14S,hybrid_dynamics
reverted_stable,NK,0.0683371298405467,0.048062310030395135,1.4218444722554855,0.5077636651140918,45,253,0.0033222591362126247,E14S,hybrid_dynamics
reverted_stable,CD8_exhausted,0.03492786636294609,0.037613981762917935,0.9285873158310516,-0.10689052054386965,45,198,0.6345514950166113,E14S,hybrid_dynamics
reverted_stable,cDC,0.03644646924829157,0.03419452887537994,1.0658567451278158,0.09201354787020867,45,180,0.6976744186046512,E14S,hybrid_dynamics
reverted_stable,mDC,0.037965072133637055,0.03229483282674772,1.1755772924203851,0.23336939711575017,45,170,0.26578073089701,E14S,hybrid_dynamics
reverted_stable,entering_hypoxia,0.024297646165527716,0.015387537993920973,1.5790470298189863,0.6590541405941024,45,81,0.019933554817275746,E14S,hybrid_dynamics
reverted_stable,exiting_hypoxia,0.025816249050873197,0.015387537993920973,1.677737469182673,0.7465169818444418,45,81,0.006644518272425249,E14S,hybrid_dynamics
reverted_stable,persistent_hypoxia,0.008352315869400152,0.008548632218844984,0.9770353497004978,-0.033517334213650336,45,45,0.9800664451827242,E14S,hybrid_dynamics
reverted_stable,T_helper,0.011389521640091117,0.0077887537993920975,1.4623034613034058,0.548242734469162,45,41,0.12292358803986711,E14S,hybrid_dynamics
reverted_stable,transitional,0.011389521640091117,0.006458966565349544,1.7633659386305776,0.8183318978369063,45,34,0.03322259136212625,E14S,hybrid_dynamics
reverted_stable,B,0.00683371298405467,0.0060790273556231,1.1241457858769932,0.16882914492103954,45,32,0.7408637873754153,E14S,hybrid_dynamics
reverted_stable,Stromal,0.005315110098709187,0.0056990881458966565,0.9326246519868387,-0.10063153007218735,45,30,0.8471760797342193,E14S,hybrid_dynamics
T_helper,Monocyte,0.22231404958677686,0.22093465045592706,1.0062434712165034,0.008979422656690432,41,1163,0.920265780730897,E14S,hybrid_dynamics
T_helper,Il1bpos_TAM,0.15206611570247933,0.1614741641337386,0.9417365094798249,-0.08660463339476675,41,850,0.3953488372093023,E14S,hybrid_dynamics
T_helper,Resident_Macrophage,0.12231404958677686,0.128419452887538,0.9524573328769133,-0.07027362907994998,41,676,0.4983388704318937,E14S,hybrid_dynamics
T_helper,C1qcpos_TAM,0.10991735537190082,0.09973404255319149,1.1021046831955923,0.14026126452098925,41,525,0.2724252491694352,E14S,hybrid_dynamics
T_helper,Neutrophil,0.09421487603305785,0.09403495440729483,1.0019133483596294,0.0027577407710544246,41,495,0.9833887043189369,E14S,hybrid_dynamics
T_helper,Spp1pos_TAM,0.050413223140495865,0.04939209726443769,1.0206738715829624,0.029521966107716274,41,260,0.8571428571428571,E14S,hybrid_dynamics
T_helper,NK,0.047107438016528926,0.048062310030395135,0.9801326233952896,-0.028951118956283786,41,253,0.893687707641196,E14S,hybrid_dynamics
T_helper,CD8_exhausted,0.045454545454545456,0.037613981762917935,1.2084481175390267,0.27315553501833467,41,198,0.15946843853820597,E14S,hybrid_dynamics
T_helper,cDC,0.03305785123966942,0.03419452887537994,0.9667584940312214,-0.04877255986902763,41,180,0.8338870431893688,E14S,hybrid_dynamics
T_helper,mDC,0.03884297520661157,0.03229483282674772,1.2027613028682547,0.26635035711322014,41,170,0.23588039867109634,E14S,hybrid_dynamics
T_helper,entering_hypoxia,0.019834710743801654,0.015387537993920973,1.2890113253749618,0.36626493940981614,41,81,0.22259136212624583,E14S,hybrid_dynamics
T_helper,exiting_hypoxia,0.019008264462809916,0.015387537993920973,1.2353025201510048,0.30486439474567256,41,81,0.3222591362126246,E14S,hybrid_dynamics
T_helper,persistent_hypoxia,0.009917355371900827,0.008548632218844984,1.1601101928374657,0.21426184596476633,41,45,0.6578073089700996,E14S,hybrid_dynamics
T_helper,reverted_stable,0.012396694214876033,0.008548632218844984,1.4501377410468321,0.5361899408521286,41,45,0.1461794019933555,E14S,hybrid_dynamics
T_helper,transitional,0.00909090909090909,0.006458966565349544,1.4074866310160428,0.49312121896024247,41,34,0.19933554817275748,E14S,hybrid_dynamics
T_helper,B,0.006611570247933884,0.0060790273556231,1.087603305785124,0.12115244157328464,41,32,0.8239202657807309,E14S,hybrid_dynamics
T_helper,Stromal,0.004132231404958678,0.0056990881458966565,0.725068870523416,-0.4638100591478716,41,30,0.42857142857142855,E14S,hybrid_dynamics
transitional,Monocyte,0.20079522862823063,0.22093465045592706,0.9088444398099793,-0.13789471479170928,34,1163,0.16943521594684385,E14S,hybrid_dynamics
transitional,Il1bpos_TAM,0.16998011928429424,0.1614741641337386,1.052676879897088,0.0740626677905481,34,850,0.4883720930232558,E14S,hybrid_dynamics
transitional,Resident_Macrophage,0.12027833001988071,0.128419452887538,0.9366052207465266,-0.0944870150778756,34,676,0.4750830564784053,E14S,hybrid_dynamics
transitional,C1qcpos_TAM,0.08548707753479125,0.09973404255319149,0.8571504307488402,-0.22237967392167277,34,525,0.18272425249169436,E14S,hybrid_dynamics
transitional,Neutrophil,0.08449304174950298,0.09403495440729483,0.8985280237765327,-0.1543645948995558,34,495,0.3289036544850498,E14S,hybrid_dynamics
transitional,Spp1pos_TAM,0.05864811133200795,0.04939209726443769,1.1873986848141918,0.24780442026310112,34,260,0.17275747508305647,E14S,hybrid_dynamics
transitional,NK,0.048707753479125246,0.048062310030395135,1.0134293055893886,0.01924545335061251,34,253,0.9534883720930233,E14S,hybrid_dynamics
transitional,CD8_exhausted,0.04473161033797217,0.037613981762917935,1.189228266763058,0.2500256601797795,34,198,0.2059800664451827,E14S,hybrid_dynamics
transitional,cDC,0.04473161033797217,0.03419452887537994,1.3081510934393639,0.3875291839297144,34,180,0.0664451827242525,E14S,hybrid_dynamics
transitional,mDC,0.048707753479125246,0.03229483282674772,1.5082212606712664,0.5928480919072208,34,170,0.009966777408637873,E14S,hybrid_dynamics
transitional,entering_hypoxia,0.019880715705765408,0.015387537993920973,1.2920010799401125,0.3696072759324521,34,81,0.2425249169435216,E14S,hybrid_dynamics
transitional,exiting_hypoxia,0.015904572564612324,0.015387537993920973,1.0336008639520897,0.04767918104508937,34,81,0.8970099667774086,E14S,hybrid_dynamics
transitional,persistent_hypoxia,0.011928429423459244,0.008548632218844984,1.3953611663353214,0.4806385883211958,34,45,0.2757475083056478,E14S,hybrid_dynamics
transitional,reverted_stable,0.014910536779324055,0.008548632218844984,1.7442014579191518,0.8025666832085583,34,45,0.03986710963455149,E14S,hybrid_dynamics
transitional,T_helper,0.010934393638170975,0.0077887537993920975,1.403869466130049,0.489408797948928,34,41,0.2591362126245847,E14S,hybrid_dynamics
transitional,B,0.005964214711729622,0.0060790273556231,0.9811133200795228,-0.02750831534912954,34,32,0.8604651162790697,E14S,hybrid_dynamics
transitional,Stromal,0.009940357852882704,0.0056990881458966565,1.7442014579191518,0.8025666832085583,34,30,0.10631229235880399,E14S,hybrid_dynamics
B,Monocyte,0.2320855614973262,0.22093465045592706,1.0504715354444756,0.07103706993150337,32,1163,0.4186046511627907,E14S,hybrid_dynamics
B,Il1bpos_TAM,0.18181818181818182,0.1614741641337386,1.1259893048128342,0.1711931240728801,32,850,0.06976744186046512,E14S,hybrid_dynamics
B,Resident_Macrophage,0.08983957219251337,0.128419452887538,0.6995791538777963,-0.5154407945431817,32,676,0.0033222591362126247,E14S,hybrid_dynamics
B,C1qcpos_TAM,0.09518716577540107,0.09973404255319149,0.9544099821746881,-0.06731896262684471,32,525,0.6046511627906976,E14S,hybrid_dynamics
B,Neutrophil,0.10053475935828877,0.09403495440729483,1.0691211581051154,0.09642535567090801,32,495,0.48172757475083056,E14S,hybrid_dynamics
B,Spp1pos_TAM,0.047058823529411764,0.04939209726443769,0.9527601809954751,-0.0698149754309148,32,260,0.7109634551495017,E14S,hybrid_dynamics
B,NK,0.06310160427807486,0.048062310030395135,1.3129124305129884,0.3927706936277735,32,253,0.03986710963455149,E14S,hybrid_dynamics
B,CD8_exhausted,0.033155080213903745,0.037613981762917935,0.881456273969643,-0.1820390907324919,32,198,0.53156146179402,E14S,hybrid_dynamics
B,cDC,0.0427807486631016,0.03419452887537994,1.2510992275698158,0.32319621751793015,32,180,0.11627906976744186,E14S,hybrid_dynamics
B,mDC,0.03208556149732621,0.03229483282674772,0.9935199748348538,-0.009379121568940699,32,170,1.0,E14S,hybrid_dynamics
B,entering_hypoxia,0.0213903743315508,0.015387537993920973,1.3901102528553508,0.47519931096298,32,81,0.12624584717607973,E14S,hybrid_dynamics
B,exiting_hypoxia,0.0074866310160427805,0.015387537993920973,0.48653858849937276,-1.0393738618667783,32,81,0.06976744186046512,E14S,hybrid_dynamics
B,persistent_hypoxia,0.0074866310160427805,0.008548632218844984,0.8757694592988711,-0.19137695531182813,32,45,0.7308970099667774,E14S,hybrid_dynamics
B,reverted_stable,0.011764705882352941,0.008548632218844984,1.3762091503267975,0.4606997412678651,32,45,0.26578073089701,E14S,hybrid_dynamics
B,T_helper,0.009625668449197862,0.0077887537993920975,1.2358419199165254,0.3054942157844711,32,41,0.42857142857142855,E14S,hybrid_dynamics
B,transitional,0.006417112299465241,0.006458966565349544,0.9935199748348538,-0.009379121568940699,32,34,0.9833887043189369,E14S,hybrid_dynamics
B,Stromal,0.009625668449197862,0.0056990881458966565,1.6889839572192515,0.7561556247940365,32,30,0.09634551495016612,E14S,hybrid_dynamics
Stromal,Monocyte,0.2149321266968326,0.22093465045592706,0.9728312252210892,-0.03973855879846053,30,1163,0.717607973421927,E14S,hybrid_dynamics
Stromal,Il1bpos_TAM,0.17760180995475114,0.1614741641337386,1.0998775618844823,0.13734293221037278,30,850,0.25249169435215946,E14S,hybrid_dynamics
Stromal,Resident_Macrophage,0.11990950226244344,0.128419452887538,0.9337331655466009,-0.09891776737517534,30,676,0.5083056478405316,E14S,hybrid_dynamics
Stromal,C1qcpos_TAM,0.1074660633484163,0.09973404255319149,1.0775263951734542,0.10772321012127299,30,525,0.43853820598006643,E14S,hybrid_dynamics
Stromal,Neutrophil,0.09049773755656108,0.09403495440729483,0.9623840212075506,-0.055315405735799704,30,495,0.7275747508305648,E14S,hybrid_dynamics
Stromal,Spp1pos_TAM,0.04751131221719457,0.04939209726443769,0.96192133658197,-0.056009175905884424,30,260,0.7774086378737541,E14S,hybrid_dynamics
Stromal,NK,0.04638009049773756,0.048062310030395135,0.9649991951782234,-0.05140035573241637,30,253,0.8006644518272426,E14S,hybrid_dynamics
Stromal,CD8_exhausted,0.04524886877828054,0.037613981762917935,1.2029800265094381,0.2666126891515625,30,198,0.2691029900332226,E14S,hybrid_dynamics
Stromal,cDC,0.0418552036199095,0.03419452887537994,1.2240321769733535,0.29164148364308506,30,180,0.2026578073089701,E14S,hybrid_dynamics
Stromal,mDC,0.03506787330316742,0.03229483282674772,1.085866382752196,0.11884658859298342,30,170,0.654485049833887,E14S,hybrid_dynamics
Stromal,entering_hypoxia,0.00904977375565611,0.015387537993920973,0.5881235685157254,-0.7658087885408147,30,81,0.14950166112956811,E14S,hybrid_dynamics
Stromal,exiting_hypoxia,0.01583710407239819,0.015387537993920973,1.0292162449025193,0.04154613351678911,30,81,0.9833887043189369,E14S,hybrid_dynamics
Stromal,persistent_hypoxia,0.00904977375565611,0.008548632218844984,1.058622423328306,0.08218811801413552,30,45,0.9568106312292359,E14S,hybrid_dynamics
Stromal,reverted_stable,0.005656108597285068,0.008548632218844984,0.661639014580191,-0.5958837870985025,30,45,0.2823920265780731,E14S,hybrid_dynamics
Stromal,T_helper,0.004524886877828055,0.0077887537993920975,0.5809513298752897,-0.7835107902742737,30,41,0.2425249169435216,E14S,hybrid_dynamics
Stromal,transitional,0.011312217194570135,0.006458966565349544,1.7513973915357999,0.8085064679808329,30,34,0.08305647840531562,E14S,hybrid_dynamics
Stromal,B,0.011312217194570135,0.0060790273556231,1.8608597285067874,0.8959693092311724,30,32,0.059800664451827246,E14S,hybrid_dynamics
Tumor,Neutrophil,0.14743864665237075,0.1423116973273169,1.0360261975743417,0.05106048433018808,1418,1230,0.034912718204488775,E15S,cell_type
Tumor,C1qcpos_TAM,0.1253037884203002,0.13201434687029967,0.9491679608384352,-0.07526469170023291,1418,1141,0.0024937655860349127,E15S,cell_type
Tumor,Stromal,0.13178460805337144,0.13108874233483744,1.0053083560505642,0.007638084003163987,1418,1133,0.8403990024937655,E15S,cell_type
Tumor,Resident_Macrophage,0.08429830831546342,0.08608122179798681,0.9792880091002021,-0.03019487530981838,1418,744,0.3790523690773067,E15S,cell_type
Tumor,Monocyte,0.0808911126995473,0.0824945042230707,0.9805636564687058,-0.02831680420403933,1418,713,0.34663341645885287,E15S,cell_type
Tumor,Hypoxic_Tumor,0.0793900405051227,0.06953604072659957,1.1417106823390606,0.1911971077621166,1418,601,0.0024937655860349127,E15S,cell_type
Tumor,Spp1pos_TAM,0.05456278294019538,0.05738748119865787,0.9507784938550577,-0.07281882429481425,1418,496,0.03740648379052369,E15S,cell_type
Tumor,Il1bpos_TAM,0.04312604241124613,0.04628022677311119,0.9318459614010008,-0.10183660469640209,1418,400,0.017456359102244388,E15S,cell_type
Tumor,CAF,0.0486538003335716,0.04477611940298507,1.0866015407830991,0.11982299784114599,1418,387,0.0024937655860349127,E15S,cell_type
Tumor,NK,0.02377888968310698,0.022908712252690037,1.0379845632883518,0.053784988365405684,1418,198,0.2518703241895262,E15S,cell_type
Tumor,cDC,0.0062425542053847986,0.007173435149832234,0.8702321935022712,-0.20052770574167023,1418,62,0.02493765586034913,E15S,cell_type
Neutrophil,Tumor,0.16737194987909432,0.16406340391067917,1.0201662643194727,0.028804298433532168,1230,1418,0.3516209476309227,E15S,cell_type
Neutrophil,C1qcpos_TAM,0.11807540118707409,0.13201434687029967,0.894413402681754,-0.1609862879253709,1230,1141,0.0024937655860349127,E15S,cell_type
Neutrophil,Stromal,0.1276104638382062,0.13108874233483744,0.9734662303209323,-0.03879716236557678,1230,1133,0.18952618453865336,E15S,cell_type
Neutrophil,Resident_Macrophage,0.0822158716201363,0.08608122179798681,0.9550964763613414,-0.06628162463102238,1230,744,0.057356608478802994,E15S,cell_type
Neutrophil,Monocyte,0.08309518575511102,0.0824945042230707,1.007281473325981,0.010466884366556689,1230,713,0.8129675810473815,E15S,cell_type
Neutrophil,Hypoxic_Tumor,0.07655528687623654,0.06953604072659957,1.1009440007842135,0.13874108847943964,1230,601,0.0024937655860349127,E15S,cell_type
Neutrophil,Spp1pos_TAM,0.05690811167289514,0.05738748119865787,0.9916467927194208,-0.012101745576991074,1230,496,0.7281795511221946,E15S,cell_type
Neutrophil,Il1bpos_TAM,0.04143767861068367,0.04628022677311119,0.8953646405803474,-0.1594527499166881,1230,400,0.0024937655860349127,E15S,cell_type
Neutrophil,CAF,0.0463563420531985,0.04477611940298507,1.0352916391881,0.050037228732527715,1230,387,0.1970074812967581,E15S,cell_type
Neutrophil,NK,0.022120246207957793,0.022908712252690037,0.9655822625019153,-0.050528920488257904,1230,198,0.4014962593516209,E15S,cell_type
Neutrophil,cDC,0.006072763244669158,0.007173435149832234,0.8465627858657344,-0.24031102440607136,1230,62,0.017456359102244388,E15S,cell_type
C1qcpos_TAM,Tumor,0.15554764869833362,0.16406340391067917,0.948094730394709,-0.07689687938958027,1141,1418,0.0024937655860349127,E15S,cell_type
C1qcpos_TAM,Neutrophil,0.12726086698689437,0.1423116973273169,0.8942403848518113,-0.1612653938851288,1141,1230,0.0024937655860349127,E15S,cell_type
C1qcpos_TAM,Stromal,0.13357646919290755,0.13108874233483744,1.018977425626037,0.02712209046533719,1141,1133,0.4314214463840399,E15S,cell_type
C1qcpos_TAM,Resident_Macrophage,0.09031607661744648,0.08608122179798681,1.0491960352212228,0.06928426096421236,1141,744,0.03740648379052369,E15S,cell_type
C1qcpos_TAM,Monocyte,0.08349641226353555,0.0824945042230707,1.0121451489393236,0.017416197778360887,1141,713,0.600997506234414,E15S,cell_type
C1qcpos_TAM,Hypoxic_Tumor,0.06102117061021171,0.06953604072659957,0.8775473836673207,-0.18845106823226532,1141,601,0.0024937655860349127,E15S,cell_type
C1qcpos_TAM,Spp1pos_TAM,0.05980549131234063,0.05738748119865787,1.042134801235,0.05954190381103795,1141,496,0.14214463840399003,E15S,cell_type
C1qcpos_TAM,Il1bpos_TAM,0.04960564549605646,0.04628022677311119,1.07185398505604,0.10010838584857996,1141,400,0.012468827930174564,E15S,cell_type
C1qcpos_TAM,CAF,0.04364585186502995,0.04477611940298507,0.9747573583190022,-0.036884954502445534,1141,387,0.3915211970074813,E15S,cell_type
C1qcpos_TAM,NK,0.02149676807211054,0.022908712252690037,0.9383664972083404,-0.09177658959236083,1141,198,0.10473815461346633,E15S,cell_type
C1qcpos_TAM,cDC,0.007590582933048686,0.007173435149832234,1.0581517466183838,0.0815465351980766,1141,62,0.371571072319202,E15S,cell_type
Stromal,Tumor,0.16354095232415994,0.16406340391067917,0.9968155507318155,-0.00460151971497986,1133,1418,0.9077306733167082,E15S,cell_type
Stromal,Neutrophil,0.13751155371358717,0.1423116973273169,0.9662702103630356,-0.04950141034084949,1133,1230,0.08728179551122195,E15S,cell_type
Stromal,C1qcpos_TAM,0.13294970034884762,0.13201434687029967,1.0070852411175197,0.010185800259203936,1133,1141,0.7605985037406484,E15S,cell_type
Stromal,Resident_Macrophage,0.08044366260174722,0.08608122179798681,0.9345088385307811,-0.09771978592578297,1133,744,0.00997506234413965,E15S,cell_type
Stromal,Monocyte,0.07925102119920092,0.0824945042230707,0.960682435097747,-0.05786848493373273,1133,713,0.08478802992518704,E15S,cell_type
Stromal,Hypoxic_Tumor,0.07489788007990697,0.06953604072659957,1.0771087812489781,0.10716396041442226,1133,601,0.0024937655860349127,E15S,cell_type
Stromal,Spp1pos_TAM,0.06052655117922419,0.05738748119865787,1.0546995601653926,0.07683209391964452,1133,496,0.0399002493765586,E15S,cell_type
Stromal,Il1bpos_TAM,0.04314380273711202,0.04628022677311119,0.932229717642148,-0.10124259100901903,1133,400,0.017456359102244388,E15S,cell_type
Stromal,CAF,0.04487313277080414,0.04477611940298507,1.0021666318812925,0.0031224077366351776,1133,387,0.9625935162094763,E15S,cell_type
Stromal,NK,0.02283908285876144,0.022908712252690037,0.9969605714559351,-0.004391645920671543,1133,198,0.9351620947630923,E15S,cell_type
Stromal,cDC,0.007931065326932824,0.007173435149832234,1.1056160906561354,0.14485051734829524,1133,62,0.14214463840399003,E15S,cell_type
Resident_Macrophage,Tumor,0.16132259971801519,0.16406340391067917,0.9832942379145312,-0.024304906132869626,744,1418,0.46633416458852867,E15S,cell_type
Resident_Macrophage,Neutrophil,0.1363987810979215,0.1423116973273169,0.9584509471783216,-0.0612234971864041,744,1230,0.06982543640897755,E15S,cell_type
Resident_Macrophage,C1qcpos_TAM,0.13976440624005093,0.13201434687029967,1.0587061903004034,0.08230227147573844,744,1141,0.007481296758104738,E15S,cell_type
Resident_Macrophage,Stromal,0.12643834993405195,0.13108874233483744,0.9645248530273707,-0.05210968203818792,744,1133,0.1172069825436409,E15S,cell_type
Resident_Macrophage,Monocyte,0.08500477554918816,0.0824945042230707,1.0304295583052359,0.043245883472727675,744,713,0.24438902743142144,E15S,cell_type
Resident_Macrophage,Hypoxic_Tumor,0.06699413289671169,0.06953604072659957,0.9634447431385675,-0.053726169503878526,744,601,0.19451371571072318,E15S,cell_type
Resident_Macrophage,Spp1pos_TAM,0.05908036567062355,0.05738748119865787,1.0294991945387084,0.04194270123246382,744,496,0.34663341645885287,E15S,cell_type
Resident_Macrophage,Il1bpos_TAM,0.054122890799108564,0.04628022677311119,1.1694603629417384,0.22584296459203912,744,400,0.0024937655860349127,E15S,cell_type
Resident_Macrophage,CAF,0.04520853231454951,0.04477611940298507,1.0096572216916058,0.01386558158933389,744,387,0.7830423940149626,E15S,cell_type
Resident_Macrophage,NK,0.024832855778414518,0.022908712252690037,1.083991780266852,0.11635381701170074,744,198,0.06483790523690773,E15S,cell_type
Resident_Macrophage,cDC,0.006640287442579706,0.007173435149832234,0.9256774897776839,-0.11141845533540004,744,62,0.35910224438902744,E15S,cell_type
Monocyte,Tumor,0.16000758329778664,0.16406340391067917,0.9752789438947601,-0.036113185340368,713,1418,0.24937655860349128,E15S,cell_type
Monocyte,Neutrophil,0.1457415043366984,0.1423116973273169,1.0241006682781173,0.034357538079325095,713,1230,0.33915211970074816,E15S,cell_type
Monocyte,C1qcpos_TAM,0.1375894592160766,0.13201434687029967,1.0422311095570114,0.059675223529942964,713,1141,0.04738154613466334,E15S,cell_type
Monocyte,Stromal,0.12763638087113133,0.13108874233483744,0.9736639363364413,-0.038504188126880966,713,1133,0.2593516209476309,E15S,cell_type
Monocyte,Resident_Macrophage,0.09066780416133466,0.08608122179798681,1.0532820314064724,0.07489179043004386,713,744,0.06733167082294264,E15S,cell_type
Monocyte,Hypoxic_Tumor,0.06441063557514574,0.06953604072659957,0.9262913864825035,-0.11046199675183127,713,601,0.012468827930174564,E15S,cell_type
Monocyte,Spp1pos_TAM,0.05782264562301531,0.05738748119865787,1.0075829155639544,0.010898565255336575,713,496,0.8428927680798005,E15S,cell_type
Monocyte,Il1bpos_TAM,0.05028674344755676,0.04628022677311119,1.0865708090430826,0.11978219433200299,713,400,0.012468827930174564,E15S,cell_type
Monocyte,CAF,0.04436229205175601,0.04477611940298507,0.9907578558225508,-0.013395593369042835,713,387,0.7680798004987531,E15S,cell_type
Monocyte,NK,0.02270249774870847,0.022908712252690037,0.9909984244549864,-0.013045331151466352,713,198,0.8678304239401496,E15S,cell_type
Monocyte,cDC,0.006824968007962463,0.007173435149832234,0.9514225563357995,-0.07184186575259975,713,62,0.5187032418952618,E15S,cell_type
Hypoxic_Tumor,Tumor,0.18178242301640818,0.16406340391067917,1.1080010452262452,0.14795924234559343,601,1418,0.0024937655860349127,E15S,cell_type
Hypoxic_Tumor,Neutrophil,0.1548662620813666,0.1423116973273169,1.088218783064432,0.12196863518292894,601,1230,0.0024937655860349127,E15S,cell_type
Hypoxic_Tumor,C1qcpos_TAM,0.11199145875477635,0.13201434687029967,0.8483279386656722,-0.23730601874438378,601,1141,0.0024937655860349127,E15S,cell_type
Hypoxic_Tumor,Stromal,0.1431782423016408,0.13108874233483744,1.0922237848306102,0.12726847914102438,601,1133,0.0024937655860349127,E15S,cell_type
Hypoxic_Tumor,Resident_Macrophage,0.08024275118004046,0.08608122179798681,0.9321748635068409,-0.10132748437369198,601,744,0.017456359102244388,E15S,cell_type
Hypoxic_Tumor,Monocyte,0.07529781973477186,0.0824945042230707,0.9127616493234686,-0.13168991839351357,601,713,0.007481296758104738,E15S,cell_type
Hypoxic_Tumor,Spp1pos_TAM,0.05619240278714318,0.05738748119865787,0.9791752767929002,-0.0303609630195483,601,496,0.5286783042394015,E15S,cell_type
Hypoxic_Tumor,Il1bpos_TAM,0.03939087435378737,0.04628022677311119,0.8511383175994606,-0.23253449305886162,601,400,0.004987531172069825,E15S,cell_type
Hypoxic_Tumor,CAF,0.04708923353562598,0.04477611940298507,1.0516595489623137,0.0726677402601813,601,387,0.17955112219451372,E15S,cell_type
Hypoxic_Tumor,NK,0.023207462351090134,0.022908712252690037,1.0130408944468285,0.018692414045075875,601,198,0.8204488778054863,E15S,cell_type
Hypoxic_Tumor,cDC,0.006967857945605754,0.007173435149832234,0.971341874578557,-0.041948937294760055,601,62,0.7406483790523691,E15S,cell_type
Spp1pos_TAM,Tumor,0.15483476132190943,0.16406340391067917,0.943749536040383,-0.0835240648098629,496,1418,0.02493765586034913,E15S,cell_type
Spp1pos_TAM,Neutrophil,0.13899088807289542,0.1423116973273169,0.9766652403366138,-0.03406394299595021,496,1230,0.3192019950124688,E15S,cell_type
Spp1pos_TAM,C1qcpos_TAM,0.13695090439276486,0.13201434687029967,1.037394098743792,0.05296406801113372,496,1141,0.16209476309226933,E15S,cell_type
Spp1pos_TAM,Stromal,0.13899088807289542,0.13108874233483744,1.060280887567551,0.08444651141013655,496,1133,0.022443890274314215,E15S,cell_type
Spp1pos_TAM,Resident_Macrophage,0.08826329389364886,0.08608122179798681,1.025348990756461,0.03611503318413785,496,744,0.4139650872817955,E15S,cell_type
Spp1pos_TAM,Monocyte,0.08146334829321365,0.0824945042230707,0.9875003075711719,-0.018146897362071746,496,713,0.7107231920199502,E15S,cell_type
Spp1pos_TAM,Hypoxic_Tumor,0.06888344893240854,0.06953604072659957,0.990615056776717,-0.013603545617016734,496,601,0.7531172069825436,E15S,cell_type
Spp1pos_TAM,Il1bpos_TAM,0.052427580579355364,0.04628022677311119,1.132828947368421,0.17993003643334027,496,400,0.007481296758104738,E15S,cell_type
Spp1pos_TAM,CAF,0.04705562355501156,0.04477611940298507,1.0509089260619249,0.07163764778534513,496,387,0.2194513715710723,E15S,cell_type
Spp1pos_TAM,NK,0.023255813953488372,0.022908712252690037,1.0151515151515151,0.021695071099318976,496,198,0.7855361596009975,E15S,cell_type
Spp1pos_TAM,cDC,0.007139942880456956,0.007173435149832234,0.9953310696095077,-0.0067516164277217575,496,62,0.9675810473815462,E15S,cell_type
Il1bpos_TAM,Tumor,0.15753887762001353,0.16406340391067917,0.9602316779053434,-0.05854556380327703,400,1418,0.15211970074812967,E15S,cell_type
Il1bpos_TAM,Neutrophil,0.126605814739689,0.1423116973273169,0.8896374445488877,-0.16871058298589228,400,1230,0.0024937655860349127,E15S,cell_type
Il1bpos_TAM,C1qcpos_TAM,0.1352265043948614,0.13201434687029967,1.0243318821076135,0.03468322226800186,400,1141,0.3740648379052369,E15S,cell_type
Il1bpos_TAM,Stromal,0.12254901960784313,0.13108874233483744,0.9348554072997247,-0.09718485213626016,400,1133,0.02493765586034913,E15S,cell_type
Il1bpos_TAM,Resident_Macrophage,0.09778566599053415,0.08608122179798681,1.1359697730593905,0.18392444678141723,400,744,0.0024937655860349127,E15S,cell_type
Il1bpos_TAM,Monocyte,0.08688302907369845,0.0824945042230707,1.053197784409503,0.07477639153194893,400,713,0.10224438902743142,E15S,cell_type
Il1bpos_TAM,Hypoxic_Tumor,0.06093644354293441,0.06953604072659957,0.8763289210342464,-0.19045562268840424,400,601,0.004987531172069825,E15S,cell_type
Il1bpos_TAM,Spp1pos_TAM,0.06381000676132521,0.05738748119865787,1.1119150976575278,0.1530466326075247,400,496,0.007481296758104738,E15S,cell_type
Il1bpos_TAM,CAF,0.044455713319810686,0.04477611940298507,0.9928442641424388,-0.010360658070148854,400,387,0.8728179551122195,E15S,cell_type
Il1bpos_TAM,NK,0.025693035835023664,0.022908712252690037,1.1215399430409574,0.16548100214593492,400,198,0.06982543640897755,E15S,cell_type
Il1bpos_TAM,cDC,0.006338742393509128,0.007173435149832234,0.8836411372112806,-0.1784675111090354,400,62,0.27680798004987534,E15S,cell_type
CAF,Tumor,0.17472248929289397,0.16406340391067917,1.0649693053303826,0.09081184952548142,387,1418,0.007481296758104738,E15S,cell_type
CAF,Neutrophil,0.1448299973778516,0.1423116973273169,1.0176956645014401,0.025306197015219765,387,1230,0.516209476309227,E15S,cell_type
CAF,C1qcpos_TAM,0.1275238178480902,0.13201434687029967,0.9659845378273826,-0.049927998350420805,387,1141,0.23940149625935161,E15S,cell_type
CAF,Stromal,0.12944672668473037,0.13108874233483744,0.9874740147715133,-0.018185310511297702,387,1133,0.6608478802992519,E15S,cell_type
CAF,Resident_Macrophage,0.08513241849488681,0.08608122179798681,0.9889778132410036,-0.01598993900531915,387,744,0.7506234413965087,E15S,cell_type
CAF,Monocyte,0.07910147714360632,0.0824945042230707,0.9588696591194803,-0.06059337445295039,387,713,0.22693266832917705,E15S,cell_type
CAF,Hypoxic_Tumor,0.07167205663840573,0.06953604072659957,1.0307181123556417,0.04364982881463045,387,601,0.43640897755610975,E15S,cell_type
CAF,Spp1pos_TAM,0.060047198671444806,0.05738748119865787,1.0463466494300353,0.06536088845159517,387,496,0.256857855361596,E15S,cell_type
CAF,Il1bpos_TAM,0.04553797744952364,0.04628022677311119,0.9839618477405822,-0.023325717475846355,387,400,0.6907730673316709,E15S,cell_type
CAF,NK,0.023162310986801854,0.022908712252690037,1.011069968984487,0.015882839391322175,387,198,0.85785536159601,E15S,cell_type
CAF,cDC,0.006118346298400489,0.007173435149832234,0.8529172105979909,-0.2295223834215386,387,62,0.16458852867830423,E15S,cell_type
NK,Tumor,0.16638166894664844,0.16406340391067917,1.0141302995104953,0.020243027470184565,198,1418,0.6733167082294265,E15S,cell_type
NK,Neutrophil,0.13919288645690833,0.1423116973273169,0.9780846484935436,-0.03196876603176622,198,1230,0.5610972568578554,E15S,cell_type
NK,C1qcpos_TAM,0.12243502051983585,0.13201434687029967,0.9274372325617364,-0.10867844909583599,198,1141,0.04239401496259352,E15S,cell_type
NK,Stromal,0.1320109439124487,0.13108874233483744,1.0070349410726338,0.010113741376153966,198,1133,0.8428927680798005,E15S,cell_type
NK,Resident_Macrophage,0.09216826265389877,0.08608122179798681,1.0707127609108158,0.09857150157306309,198,744,0.13466334164588528,E15S,cell_type
NK,Monocyte,0.08276333789329686,0.0824945042230707,1.003258807029123,0.0046938207592957205,198,713,0.9476309226932669,E15S,cell_type
NK,Hypoxic_Tumor,0.07489740082079344,0.06953604072659957,1.0771018890085151,0.10715472881857704,198,601,0.13466334164588528,E15S,cell_type
NK,Spp1pos_TAM,0.05574555403556772,0.05738748119865787,0.9713887571157496,-0.04187930622720839,198,496,0.5885286783042394,E15S,cell_type
NK,Il1bpos_TAM,0.050444596443228455,0.04628022677311119,1.089981617647059,0.12430380440306825,198,400,0.16458852867830423,E15S,cell_type
NK,CAF,0.04582763337893297,0.04477611940298507,1.023483812129503,0.03348828424195125,198,387,0.6907730673316709,E15S,cell_type
NK,cDC,0.008036935704514364,0.007173435149832234,1.1203747628083491,0.16398139121935135,198,62,0.4463840399002494,E15S,cell_type
cDC,Tumor,0.16058791507893305,0.16406340391067917,0.9788161847864727,-0.030890138220635445,62,1418,0.6957605985037406,E15S,cell_type
cDC,Neutrophil,0.1317365269461078,0.1423116973273169,0.925690083248138,-0.11139882818233052,62,1230,0.20947630922693267,E15S,cell_type
cDC,C1qcpos_TAM,0.14262384322264562,0.13201434687029967,1.0803662374875775,0.11152046001844558,62,1141,0.19950124688279303,E15S,cell_type
cDC,Stromal,0.15187806205770277,0.13108874233483744,1.1585896649291483,0.2123697007783489,62,1133,0.0199501246882793,E15S,cell_type
cDC,Resident_Macrophage,0.08165487207403375,0.08608122179798681,0.9485793808277873,-0.07615958584247341,62,744,0.49625935162094764,E15S,cell_type
cDC,Monocyte,0.08328796951551443,0.0824945042230707,1.0096184018549665,0.013810111018440686,62,713,0.9027431421446384,E15S,cell_type
cDC,Hypoxic_Tumor,0.06804572672836146,0.06953604072659957,0.9785677472765857,-0.031256361279421545,62,601,0.8154613466334164,E15S,cell_type
cDC,Spp1pos_TAM,0.06369080021774633,0.05738748119865787,1.1098378755685112,0.15034894396620657,62,496,0.256857855361596,E15S,cell_type
cDC,Il1bpos_TAM,0.0391943385955362,0.04628022677311119,0.8468916712030484,-0.2397506535627353,62,400,0.12718204488778054,E15S,cell_type
cDC,CAF,0.043549265106151334,0.04477611940298507,0.9726002540373798,-0.04008112648737083,62,387,0.773067331670823,E15S,cell_type
cDC,NK,0.025040827436037017,0.022908712252690037,1.0930700582306463,0.12838587074708052,62,198,0.5586034912718204,E15S,cell_type
Neutrophil,C1qcpos_TAM,0.11692198851731926,0.13201434687029967,0.8856763775242684,-0.1751484546059842,1230,1141,0.0033222591362126247,E15S,hybrid_dynamics
Neutrophil,Stromal,0.12636390846507578,0.13108874233483744,0.9639569822274051,-0.05295932904619009,1230,1133,0.013289036544850499,E15S,hybrid_dynamics
Neutrophil,Resident_Macrophage,0.08141275067345106,0.08608122179798681,0.9457666721379536,-0.08044379131163577,1230,744,0.006644518272425249,E15S,hybrid_dynamics
Neutrophil,Monocyte,0.08228347527958423,0.0824945042230707,0.9974419030034312,-0.0036952823140565458,1230,713,0.867109634551495,E15S,hybrid_dynamics
Neutrophil,Spp1pos_TAM,0.05635220810318087,0.05738748119865787,0.9819599488624844,-0.026263912257604227,1230,496,0.4318936877076412,E15S,hybrid_dynamics
Neutrophil,exiting_hypoxia,0.05450191831514789,0.05310656022214509,1.026274684091118,0.037416922307658834,1230,459,0.2724252491694352,E15S,hybrid_dynamics
Neutrophil,Il1bpos_TAM,0.04103289706402547,0.04628022677311119,0.8866183233109304,-0.17361491659730127,1230,400,0.0033222591362126247,E15S,hybrid_dynamics
Neutrophil,entering_hypoxia,0.04606677369323284,0.04477611940298507,1.0288246124822,0.04099706165999044,1230,387,0.23588039867109634,E15S,hybrid_dynamics
Neutrophil,CAF,0.04590351282958287,0.04477611940298507,1.0251784531940173,0.03587506205191439,1230,387,0.33554817275747506,E15S,hybrid_dynamics
Neutrophil,transitional,0.030339310494952518,0.031007751937984496,0.9784427634622187,-0.03144063574134634,1230,268,0.4119601328903654,E15S,hybrid_dynamics
Neutrophil,normoxic_stable,0.02938695545699437,0.030429249103320608,0.9657469810448758,-0.05028283233271237,1230,263,0.2757475083056478,E15S,hybrid_dynamics
Neutrophil,persistent_hypoxia,0.03243449157846045,0.03031354853638783,1.0699668347810445,0.09756607883347025,1230,262,0.019933554817275746,E15S,hybrid_dynamics
Neutrophil,entering_deep_hypoxia,0.028244129411444586,0.023255813953488372,1.2144975646921172,0.28035959708771124,1230,201,0.0033222591362126247,E15S,hybrid_dynamics
Neutrophil,NK,0.02190416587303747,0.022908712252690037,0.9561500284881962,-0.06469108716887122,1230,198,0.23920265780730898,E15S,hybrid_dynamics
Neutrophil,reverted_stable,0.01480231830426383,0.013884068031933356,1.0661369758646024,0.09239280555058005,1230,120,0.15282392026578073,E15S,hybrid_dynamics
Neutrophil,cDC,0.006013441811107181,0.007173435149832234,0.8382931866677317,-0.2544731910866846,1230,62,0.006644518272425249,E15S,hybrid_dynamics
Neutrophil,B,0.003673369432124296,0.004512322110378341,0.8140751795346228,-0.2967660619026584,1230,39,0.019933554817275746,E15S,hybrid_dynamics
Neutrophil,CD8_exhausted,0.005115507061032353,0.004049519842647229,1.2632379293857894,0.33712639464143,1230,35,0.0033222591362126247,E15S,hybrid_dynamics
Neutrophil,mDC,0.003455688280591004,0.003933819275714451,0.8784562885043543,-0.18695759456941471,1230,34,0.19601328903654486,E15S,hybrid_dynamics
Neutrophil,Hypoxic_Tumor,0.0032924274169410356,0.003702418141848895,0.8892640676444179,-0.16931620281664636,1230,32,0.22591362126245848,E15S,hybrid_dynamics
C1qcpos_TAM,Neutrophil,0.12589833093778416,0.1423116973273169,0.8846660766628198,-0.17679509217873313,1141,1230,0.0033222591362126247,E15S,hybrid_dynamics
C1qcpos_TAM,Stromal,0.13214631427649526,0.13108874233483744,1.008067603081861,0.01159239217173257,1141,1133,0.5382059800664452,E15S,hybrid_dynamics
C1qcpos_TAM,Resident_Macrophage,0.08934909506907981,0.08608122179798681,1.0379626729597538,0.05375456267060814,1141,744,0.04983388704318937,E15S,hybrid_dynamics
C1qcpos_TAM,Monocyte,0.08260244639347629,0.0824945042230707,1.0013084771091383,0.0018864994847567335,1141,713,0.946843853820598,E15S,hybrid_dynamics
C1qcpos_TAM,Spp1pos_TAM,0.05916517555953184,0.05738748119865787,1.030977041050471,0.044012205517433504,1141,496,0.17275747508305647,E15S,hybrid_dynamics
C1qcpos_TAM,exiting_hypoxia,0.04983720043413217,0.05310656022214509,0.9384377415080705,-0.09166705893824018,1141,459,0.013289036544850499,E15S,hybrid_dynamics
C1qcpos_TAM,Il1bpos_TAM,0.04907453580123786,0.04628022677311119,1.0603780323252472,0.08457868755497545,1141,400,0.029900332225913623,E15S,hybrid_dynamics
C1qcpos_TAM,entering_hypoxia,0.041653222258073976,0.04477611940298507,0.9302552970969855,-0.10430139446101849,1141,387,0.006644518272425249,E15S,hybrid_dynamics
C1qcpos_TAM,CAF,0.0431785515238626,0.04477611940298507,0.9643209840329315,-0.05241465279604991,1141,387,0.1362126245847176,E15S,hybrid_dynamics
C1qcpos_TAM,transitional,0.02780792584553108,0.031007751937984496,0.8968056085183773,-0.15713279426816587,1141,268,0.0033222591362126247,E15S,hybrid_dynamics
C1qcpos_TAM,normoxic_stable,0.0296265876624329,0.030429249103320608,0.9736220424578234,-0.038566264361797935,1141,263,0.39867109634551495,E15S,hybrid_dynamics
C1qcpos_TAM,persistent_hypoxia,0.027455926784195242,0.03031354853638783,0.9057312030374025,-0.14284513466269846,1141,262,0.006644518272425249,E15S,hybrid_dynamics
C1qcpos_TAM,entering_deep_hypoxia,0.019007949312135168,0.023255813953488372,0.8173418204218122,-0.2909885410029564,1141,201,0.0033222591362126247,E15S,hybrid_dynamics
C1qcpos_TAM,NK,0.021266609955706783,0.022908712252690037,0.9283197467028976,-0.10730628788596547,1141,198,0.029900332225913623,E15S,hybrid_dynamics
C1qcpos_TAM,reverted_stable,0.012671966208090111,0.013884068031933356,0.9126983661376903,-0.1317899461537026,1141,120,0.06976744186046512,E15S,hybrid_dynamics
C1qcpos_TAM,cDC,0.007509313308497844,0.007173435149832234,1.0468224987959172,0.06601683690447216,1141,62,0.4584717607973422,E15S,hybrid_dynamics
C1qcpos_TAM,B,0.005103986389369628,0.004512322110378341,1.1311219067518383,0.17775442427782726,1141,39,0.09302325581395349,E15S,hybrid_dynamics
C1qcpos_TAM,CD8_exhausted,0.003461324103135725,0.004049519842647229,0.8547492635257735,-0.2264268202917777,1141,35,0.07973421926910298,E15S,hybrid_dynamics
C1qcpos_TAM,mDC,0.004634654307588513,0.003933819275714451,1.1781563876613976,0.23653105421811096,1141,34,0.04318936877076412,E15S,hybrid_dynamics
C1qcpos_TAM,Hypoxic_Tumor,0.0036959901440262828,0.003702418141848895,0.9982638379630988,-0.0025069292087360542,1141,32,0.973421926910299,E15S,hybrid_dynamics
Stromal,Neutrophil,0.13638917640100548,0.1423116973273169,0.9583834566129189,-0.061325090004084,1133,1230,0.0033222591362126247,E15S,hybrid_dynamics
Stromal,C1qcpos_TAM,0.13186455714919415,0.13201434687029967,0.9988653527085758,-0.001637879404030794,1133,1141,0.920265780730897,E15S,hybrid_dynamics
Stromal,Resident_Macrophage,0.07978707674109123,0.08608122179798681,0.9268813229479186,-0.10954346558901762,1133,744,0.0033222591362126247,E15S,hybrid_dynamics
Stromal,Monocyte,0.07860416974715363,0.0824945042230707,0.9528412890948791,-0.06969216459696727,1133,713,0.013289036544850499,E15S,hybrid_dynamics
Stromal,Spp1pos_TAM,0.06003252994233328,0.05738748119865787,1.0460910409104567,0.0650084142564096,1133,496,0.05647840531561462,E15S,hybrid_dynamics
Stromal,exiting_hypoxia,0.05462073044506876,0.05310656022214509,1.0285119242630267,0.040558520139376636,1133,459,0.23255813953488372,E15S,hybrid_dynamics
Stromal,Il1bpos_TAM,0.04279166050569274,0.04628022677311119,0.9246208043767559,-0.11306627067225371,1133,400,0.0033222591362126247,E15S,hybrid_dynamics
Stromal,entering_hypoxia,0.04699098033417123,0.04477611940298507,1.0494652274631575,0.06965436577485537,1133,387,0.05647840531561462,E15S,hybrid_dynamics
Stromal,CAF,0.04450687564690226,0.04477611940298507,0.9939868894474839,-0.008701271926599415,1133,387,0.7674418604651163,E15S,hybrid_dynamics
Stromal,transitional,0.030400709744196362,0.031007751937984496,0.9804228892503327,-0.02852392869314789,1133,268,0.5116279069767442,E15S,hybrid_dynamics
Stromal,normoxic_stable,0.02770959633298832,0.030429249103320608,0.9106237304411332,-0.13507303906236914,1133,263,0.009966777408637873,E15S,hybrid_dynamics
Stromal,persistent_hypoxia,0.030193701020257282,0.03031354853638783,0.9960464042674949,-0.005715138088902526,1133,262,0.8803986710963455,E15S,hybrid_dynamics
Stromal,entering_deep_hypoxia,0.024308738725417715,0.023255813953488372,1.0452757651929618,0.06388360507350087,1133,201,0.17940199335548174,E15S,hybrid_dynamics
Stromal,NK,0.022652668933905072,0.022908712252690037,0.9888233211906139,-0.01621532558390602,1133,198,0.7906976744186046,E15S,hybrid_dynamics
Stromal,reverted_stable,0.01422445660209966,0.013884068031933356,1.024516486766228,0.034943200732269766,1133,120,0.5813953488372093,E15S,hybrid_dynamics
Stromal,cDC,0.007866331509685052,0.007173435149832234,1.0965919877130308,0.13302683768506107,1133,62,0.1893687707641196,E15S,hybrid_dynamics
Stromal,B,0.004435901227266006,0.004512322110378341,0.9830639565964125,-0.024642815795621154,1133,39,0.8106312292358804,E15S,hybrid_dynamics
Stromal,CD8_exhausted,0.003607866331509685,0.004049519842647229,0.8909368200925203,-0.1666049668113337,1133,35,0.21262458471760798,E15S,hybrid_dynamics
Stromal,mDC,0.0038148750554487655,0.003933819275714451,0.9697636795365788,-0.04429487325633884,1133,34,0.7308970099667774,E15S,hybrid_dynamics
Stromal,Hypoxic_Tumor,0.004347183202720686,0.003702418141848895,1.1741470131598404,0.23161305740711088,1133,32,0.04983388704318937,E15S,hybrid_dynamics
Resident_Macrophage,Neutrophil,0.134834996852801,0.1423116973273169,0.9474625022754138,-0.07785924801714743,744,1230,0.006644518272425249,E15S,hybrid_dynamics
Resident_Macrophage,C1qcpos_TAM,0.13816203578814854,0.13201434687029967,1.0465683394539596,0.06566652064499522,744,1141,0.013289036544850499,E15S,hybrid_dynamics
Resident_Macrophage,Stromal,0.1249887600035968,0.13108874233483744,0.9534667720309683,-0.06874543286893127,744,1133,0.013289036544850499,E15S,hybrid_dynamics
Resident_Macrophage,Monocyte,0.0840302131103318,0.0824945042230707,1.018615893285551,0.026610132641984637,744,713,0.4219269102990033,E15S,hybrid_dynamics
Resident_Macrophage,Spp1pos_TAM,0.05840302131103318,0.05738748119865787,1.0176961959501205,0.02530695040172051,744,496,0.5415282392026578,E15S,hybrid_dynamics
Resident_Macrophage,exiting_hypoxia,0.05233342325330456,0.05310656022214509,0.9854417803449048,-0.021157455164809415,744,459,0.6112956810631229,E15S,hybrid_dynamics
Resident_Macrophage,Il1bpos_TAM,0.053502382879237476,0.04628022677311119,1.1560527380631238,0.2092072137612958,744,400,0.0033222591362126247,E15S,hybrid_dynamics
Resident_Macrophage,entering_hypoxia,0.04226238647603633,0.04477611940298507,0.943859964631478,-0.08335526423869585,744,387,0.09302325581395349,E15S,hybrid_dynamics
Resident_Macrophage,CAF,0.04469022569912778,0.04477611940298507,0.9980817072805204,-0.0027701692414094357,744,387,0.9667774086378738,E15S,hybrid_dynamics
Resident_Macrophage,transitional,0.030797590144771153,0.031007751937984496,0.9932222821688697,-0.009811467269168797,744,268,0.8737541528239202,E15S,hybrid_dynamics
Resident_Macrophage,normoxic_stable,0.028684470820969338,0.030429249103320608,0.9426611456488136,-0.08518883018671829,744,263,0.1362126245847176,E15S,hybrid_dynamics
Resident_Macrophage,persistent_hypoxia,0.030213110331804693,0.03031354853638783,0.9966866893045342,-0.0047880334179754,744,262,0.920265780730897,E15S,hybrid_dynamics
Resident_Macrophage,entering_deep_hypoxia,0.022974552648143153,0.023255813953488372,0.9879057638701556,-0.01755466490059256,744,201,0.7408637873754153,E15S,hybrid_dynamics
Resident_Macrophage,NK,0.024548152144591315,0.022908712252690037,1.071564035281327,0.09971806618095753,744,198,0.10299003322259136,E15S,hybrid_dynamics
Resident_Macrophage,reverted_stable,0.013353115727002967,0.013884068031933356,0.9617581602373887,-0.056253929467038125,744,120,0.5282392026578073,E15S,hybrid_dynamics
Resident_Macrophage,cDC,0.006564157899469472,0.007173435149832234,0.9150647858889459,-0.12805420616614338,744,62,0.31893687707641194,E15S,hybrid_dynamics
Resident_Macrophage,B,0.005215358331085334,0.004512322110378341,1.1558036424505267,0.20889632160603838,744,39,0.15614617940199335,E15S,hybrid_dynamics
Resident_Macrophage,CD8_exhausted,0.003551838863411564,0.004049519842647229,0.87710123704189,-0.18918472342714862,744,35,0.2558139534883721,E15S,hybrid_dynamics
Resident_Macrophage,mDC,0.004630878518118874,0.003933819275714451,1.177196559767689,0.23535523127359348,744,34,0.09302325581395349,E15S,hybrid_dynamics
Resident_Macrophage,Hypoxic_Tumor,0.0031471989928963224,0.003702418141848895,0.8500387779875911,-0.23439943771431881,744,32,0.19601328903654486,E15S,hybrid_dynamics
Monocyte,Neutrophil,0.14433231635766253,0.1423116973273169,1.0141985449425017,0.020340109702807196,713,1230,0.4584717607973422,E15S,hybrid_dynamics
Monocyte,C1qcpos_TAM,0.136259094109364,0.13201434687029967,1.0321536813209753,0.04565779515342463,713,1141,0.08305647840531562,E15S,hybrid_dynamics
Monocyte,Stromal,0.12640225299225533,0.13108874233483744,0.9642494903901702,-0.05252161650339904,713,1133,0.03986710963455149,E15S,hybrid_dynamics
Monocyte,Resident_Macrophage,0.0897911288429946,0.08608122179798681,1.043097750793014,0.060874362053525886,713,744,0.07308970099667775,E15S,hybrid_dynamics
Monocyte,Spp1pos_TAM,0.05726355315653602,0.05738748119865787,0.9978405038950421,-0.003118863121181638,713,496,0.9302325581395349,E15S,hybrid_dynamics
Monocyte,exiting_hypoxia,0.047125088007509974,0.05310656022214509,0.8873684872525244,-0.17239477464759112,713,459,0.0033222591362126247,E15S,hybrid_dynamics
Monocyte,Il1bpos_TAM,0.049800516310725185,0.04628022677311119,1.0760646561839944,0.10576476595548502,713,400,0.013289036544850499,E15S,hybrid_dynamics
Monocyte,entering_hypoxia,0.04552921849331143,0.04477611940298507,1.0168192130172886,0.024063195745524665,713,387,0.5548172757475083,E15S,hybrid_dynamics
Monocyte,CAF,0.043933348979112885,0.04477611940298507,0.9811781272001878,-0.027413021745560772,713,387,0.5780730897009967,E15S,hybrid_dynamics
Monocyte,transitional,0.030180708753813658,0.031007751937984496,0.9733278573104904,-0.03900224831438031,713,268,0.4684385382059801,E15S,hybrid_dynamics
Monocyte,normoxic_stable,0.03266838770241727,0.030429249103320608,1.073585075710998,0.10243652137187068,713,263,0.08637873754152824,E15S,hybrid_dynamics
Monocyte,persistent_hypoxia,0.027646092466557148,0.03031354853638783,0.9120044930857001,-0.13288716289154462,713,262,0.04318936877076412,E15S,hybrid_dynamics
Monocyte,entering_deep_hypoxia,0.021215677071110068,0.023255813953488372,0.912274114057733,-0.13246071394829595,713,201,0.06976744186046512,E15S,hybrid_dynamics
Monocyte,NK,0.022482985214738325,0.022908712252690037,0.9814163697524412,-0.02706275952798436,713,198,0.6976744186046512,E15S,hybrid_dynamics
Monocyte,reverted_stable,0.012250645388406478,0.013884068031933356,0.8823527340999766,-0.180572584223189,713,120,0.03986710963455149,E15S,hybrid_dynamics
Monocyte,cDC,0.006758976766017367,0.007173435149832234,0.942223164333679,-0.08585929412911798,713,62,0.5448504983388704,E15S,hybrid_dynamics
Monocyte,B,0.00436517249471955,0.004512322110378341,0.9673893813297709,-0.047831392938772026,713,39,0.6843853820598007,E15S,hybrid_dynamics
Monocyte,CD8_exhausted,0.0036611124149260738,0.004049519842647229,0.9040855600630302,-0.1454687832672731,713,35,0.4019933554817276,E15S,hybrid_dynamics
Monocyte,mDC,0.004130485801455057,0.003933819275714451,1.0499937877051781,0.07038079220240255,713,34,0.6810631229235881,E15S,hybrid_dynamics
Monocyte,Hypoxic_Tumor,0.0031448016897441915,0.003702418141848895,0.8493912813893453,-0.2354987947267826,713,32,0.2026578073089701,E15S,hybrid_dynamics
Spp1pos_TAM,Neutrophil,0.13786591123701605,0.1423116973273169,0.9687602201801054,-0.045788469457894984,496,1230,0.132890365448505,E15S,hybrid_dynamics
Spp1pos_TAM,C1qcpos_TAM,0.13584243895858628,0.13201434687029967,1.0289975459413332,0.04123954154918907,496,1141,0.2059800664451827,E15S,hybrid_dynamics
Spp1pos_TAM,Stromal,0.13786591123701605,0.13108874233483744,1.0516990916341833,0.07272198494819158,496,1133,0.019933554817275746,E15S,hybrid_dynamics
Spp1pos_TAM,Resident_Macrophage,0.08754890058006205,0.08608122179798681,1.0170499297224143,0.024390506722192878,496,744,0.5415282392026578,E15S,hybrid_dynamics
Spp1pos_TAM,Monocyte,0.0808039929852961,0.0824945042230707,0.9795075895819273,-0.02987142382401653,496,713,0.5116279069767442,E15S,hybrid_dynamics
Spp1pos_TAM,exiting_hypoxia,0.052138135707540806,0.05310656022214509,0.9817645030942814,-0.02655108965787464,496,459,0.6212624584717608,E15S,hybrid_dynamics
Spp1pos_TAM,Il1bpos_TAM,0.05200323755564549,0.04628022677311119,1.12365995548361,0.1682055099713957,496,400,0.006644518272425249,E15S,hybrid_dynamics
Spp1pos_TAM,entering_hypoxia,0.03939026035343316,0.04477611940298507,0.8797158145600074,-0.18489054743330682,496,387,0.0033222591362126247,E15S,hybrid_dynamics
Spp1pos_TAM,CAF,0.04667476055578038,0.04477611940298507,1.042402985745762,0.05991312132340031,496,387,0.292358803986711,E15S,hybrid_dynamics
Spp1pos_TAM,transitional,0.03075677863213274,0.031007751937984496,0.9919061108862809,-0.011724526461944738,496,268,0.8803986710963455,E15S,hybrid_dynamics
Spp1pos_TAM,normoxic_stable,0.027451773910697422,0.030429249103320608,0.9021508817876723,-0.14855935519496938,496,263,0.046511627906976744,E15S,hybrid_dynamics
Spp1pos_TAM,persistent_hypoxia,0.030149736948603803,0.03031354853638783,0.9945960933083308,-0.007817330523046655,496,262,0.8837209302325582,E15S,hybrid_dynamics
Spp1pos_TAM,entering_deep_hypoxia,0.02225819506272764,0.023255813953488372,0.9571023876972885,-0.06325482710202691,496,201,0.42857142857142855,E15S,hybrid_dynamics
Spp1pos_TAM,NK,0.023067583974099554,0.022908712252690037,1.006934991354255,0.009970544637374347,496,198,0.9102990033222591,E15S,hybrid_dynamics
Spp1pos_TAM,reverted_stable,0.013489815189531903,0.013884068031933356,0.9716039390260353,-0.04155975600270799,496,120,0.6777408637873754,E15S,hybrid_dynamics
Spp1pos_TAM,cDC,0.007082152974504249,0.007173435149832234,0.9872749703006488,-0.018476142889666602,496,62,0.9235880398671097,E15S,hybrid_dynamics
Spp1pos_TAM,B,0.004046944556859571,0.004512322110378341,0.896865174485571,-0.15703697342264394,496,39,0.4219269102990033,E15S,hybrid_dynamics
Spp1pos_TAM,CD8_exhausted,0.0033724537973829757,0.004049519842647229,0.8328033763080304,-0.26395217733915566,496,35,0.18272425249169436,E15S,hybrid_dynamics
Spp1pos_TAM,mDC,0.0029003102657493593,0.003933819275714451,0.7372759302021091,-0.4397234367171556,496,34,0.03322259136212625,E15S,hybrid_dynamics
Spp1pos_TAM,Hypoxic_Tumor,0.004046944556859571,0.003702418141848895,1.0930544314042898,0.12836524543960456,496,32,0.44518272425249167,E15S,hybrid_dynamics
exiting_hypoxia,Neutrophil,0.14937577571731037,0.1423116973273169,1.04963807278432,0.06989195588127475,459,1230,0.04983388704318937,E15S,hybrid_dynamics
exiting_hypoxia,C1qcpos_TAM,0.1221435350806746,0.13201434687029967,0.9252292495199567,-0.11211721988778084,459,1141,0.0033222591362126247,E15S,hybrid_dynamics
exiting_hypoxia,Stromal,0.13638022924728044,0.13108874233483744,1.0403656852464649,0.05709072025169445,459,1133,0.05647840531561462,E15S,hybrid_dynamics
exiting_hypoxia,Resident_Macrophage,0.08155070453383953,0.08608122179798681,0.9473692732338374,-0.07800121426216844,459,744,0.07973421926910298,E15S,hybrid_dynamics
exiting_hypoxia,Monocyte,0.07454187048258742,0.0824945042230707,0.9035980176451656,-0.14624698920353862,459,713,0.0033222591362126247,E15S,hybrid_dynamics
exiting_hypoxia,Spp1pos_TAM,0.05796889829889757,0.05738748119865787,1.0101314274140558,0.014543013118630752,459,496,0.770764119601329,E15S,hybrid_dynamics
exiting_hypoxia,Il1bpos_TAM,0.04358618675622399,0.04628022677311119,0.9417885303351099,-0.08652494214737147,459,400,0.10963455149501661,E15S,hybrid_dynamics
exiting_hypoxia,entering_hypoxia,0.04643352558954516,0.04477611940298507,1.0370154048331752,0.052437325502493345,459,387,0.3787375415282392,E15S,hybrid_dynamics
exiting_hypoxia,CAF,0.047893699350222675,0.04477611940298507,1.0696259521549731,0.09710637483622162,459,387,0.07973421926910298,E15S,hybrid_dynamics
exiting_hypoxia,transitional,0.030955683726363436,0.031007751937984496,0.9983208001752208,-0.0024246095320250793,459,268,0.9667774086378738,E15S,hybrid_dynamics
exiting_hypoxia,normoxic_stable,0.030955683726363436,0.030429249103320608,1.0173002830682858,0.024745591633444877,459,263,0.7342192691029901,E15S,hybrid_dynamics
exiting_hypoxia,persistent_hypoxia,0.03256187486310871,0.03031354853638783,1.0741690245872082,0.10322102474540247,459,262,0.11960132890365449,E15S,hybrid_dynamics
exiting_hypoxia,entering_deep_hypoxia,0.027670292764839014,0.023255813953488372,1.1898225888880776,0.2507464733547111,459,201,0.0033222591362126247,E15S,hybrid_dynamics
exiting_hypoxia,NK,0.021829597722128932,0.022908712252690037,0.9528950157189918,-0.06961081951895633,459,198,0.4186046511627907,E15S,hybrid_dynamics
exiting_hypoxia,reverted_stable,0.01598890267941885,0.013884068031933356,1.1516007154851426,0.20364059035520296,459,120,0.053156146179401995,E15S,hybrid_dynamics
exiting_hypoxia,cDC,0.007008834051252099,0.007173435149832234,0.9770540758866435,-0.03348968330317072,459,62,0.8338870431893688,E15S,hybrid_dynamics
exiting_hypoxia,B,0.003942469153829306,0.004512322110378341,0.8737118178601715,-0.19477059033623165,459,39,0.33222591362126247,E15S,hybrid_dynamics
exiting_hypoxia,CD8_exhausted,0.0038694604657954295,0.004049519842647229,0.9555356230248543,-0.06561843601921903,459,35,0.7242524916943521,E15S,hybrid_dynamics
exiting_hypoxia,mDC,0.0033583996495582975,0.003933819275714451,0.8537249462097755,-0.22815675883077832,459,34,0.31893687707641194,E15S,hybrid_dynamics
exiting_hypoxia,Hypoxic_Tumor,0.0038694604657954295,0.003702418141848895,1.0451170876834344,0.06366458092574741,459,32,0.7873754152823921,E15S,hybrid_dynamics
Il1bpos_TAM,Neutrophil,0.12531370252635102,0.1423116973273169,0.880557992630286,-0.18351007331243,400,1230,0.0033222591362126247,E15S,hybrid_dynamics
Il1bpos_TAM,C1qcpos_TAM,0.13384641124309854,0.13201434687029967,1.0138777671990364,0.01988373194146404,400,1141,0.5614617940199336,E15S,hybrid_dynamics
Il1bpos_TAM,Stromal,0.12129831018905805,0.13108874233483744,0.9253144704007314,-0.1119843424627977,400,1133,0.0033222591362126247,E15S,hybrid_dynamics
Il1bpos_TAM,Resident_Macrophage,0.09678768613016564,0.08608122179798681,1.124376305407287,0.16912495645487968,400,744,0.0033222591362126247,E15S,hybrid_dynamics
Il1bpos_TAM,Monocyte,0.08599631922369082,0.0824945042230707,1.0424490701968578,0.05997690120541107,400,713,0.17275747508305647,E15S,hybrid_dynamics
Il1bpos_TAM,Spp1pos_TAM,0.06315877530533713,0.05738748119865787,1.1005671269436066,0.13824714228098747,400,496,0.013289036544850499,E15S,hybrid_dynamics
Il1bpos_TAM,exiting_hypoxia,0.049188556131838715,0.05310656022214509,0.9262237269008322,-0.11056738012202247,400,459,0.059800664451827246,E15S,hybrid_dynamics
Il1bpos_TAM,entering_hypoxia,0.0411577714572528,0.04477611940298507,0.9191902292119792,-0.12156463234974926,400,387,0.03986710963455149,E15S,hybrid_dynamics
Il1bpos_TAM,CAF,0.044002007696168646,0.04477611940298507,0.9827115052144332,-0.02516014839668666,400,387,0.6843853820598007,E15S,hybrid_dynamics
Il1bpos_TAM,transitional,0.02802409235402376,0.031007751937984496,0.9037769784172662,-0.1459612866572164,400,268,0.05647840531561462,E15S,hybrid_dynamics
Il1bpos_TAM,normoxic_stable,0.029529864480508615,0.030429249103320608,0.9704434171294143,-0.043283997565700956,400,263,0.6146179401993356,E15S,hybrid_dynamics
Il1bpos_TAM,persistent_hypoxia,0.031286598628074286,0.03031354853638783,1.03209951123071,0.045582076805607566,400,262,0.584717607973422,E15S,hybrid_dynamics
Il1bpos_TAM,entering_deep_hypoxia,0.019742345658357037,0.023255813953488372,0.8489208633093526,-0.23629802336166608,400,201,0.016611295681063124,E15S,hybrid_dynamics
Il1bpos_TAM,NK,0.025430818136188724,0.022908712252690037,1.1100937431872684,0.1506815118193971,400,198,0.07308970099667775,E15S,hybrid_dynamics
Il1bpos_TAM,reverted_stable,0.011962523004851932,0.013884068031933356,0.8616007194244605,-0.21490864037470783,400,120,0.09634551495016612,E15S,hybrid_dynamics
Il1bpos_TAM,cDC,0.006274050527020244,0.007173435149832234,0.8746228823392899,-0.19326700143557313,400,62,0.2292358803986711,E15S,hybrid_dynamics
Il1bpos_TAM,B,0.005521164463777815,0.004512322110378341,1.2235749861649141,0.29110251895162614,400,39,0.08970099667774087,E15S,hybrid_dynamics
Il1bpos_TAM,CD8_exhausted,0.0030115442529697173,0.004049519842647229,0.7436793422404934,-0.4272473970472328,400,35,0.05647840531561462,E15S,hybrid_dynamics
Il1bpos_TAM,mDC,0.0034298142881044004,0.003933819275714451,0.8718789674143038,-0.19780021817683457,400,34,0.38870431893687707,E15S,hybrid_dynamics
Il1bpos_TAM,Hypoxic_Tumor,0.0035971223021582736,0.003702418141848895,0.9715602517985612,-0.0416246268424808,400,32,0.8637873754152824,E15S,hybrid_dynamics
entering_hypoxia,Neutrophil,0.14617249740214755,0.1423116973273169,1.0271291829648466,0.03861764212562747,387,1230,0.2724252491694352,E15S,hybrid_dynamics
entering_hypoxia,C1qcpos_TAM,0.12062694838933148,0.13201434687029967,0.9137412050210271,-0.1301424800423843,387,1141,0.0033222591362126247,E15S,hybrid_dynamics
entering_hypoxia,Stromal,0.1375129892622099,0.13108874233483744,1.0490068545395235,0.06902410496748662,387,1133,0.03322259136212625,E15S,hybrid_dynamics
entering_hypoxia,Resident_Macrophage,0.08165916175961205,0.08608122179798681,0.9486292138283964,-0.07608379678789035,387,744,0.11960132890365449,E15S,hybrid_dynamics
entering_hypoxia,Monocyte,0.0840838240387946,0.0824945042230707,1.0192657660130457,0.027530272620348656,387,713,0.5714285714285714,E15S,hybrid_dynamics
entering_hypoxia,Spp1pos_TAM,0.04944579147904399,0.05738748119865787,0.8616128543414863,-0.21488832137898786,387,496,0.0033222591362126247,E15S,hybrid_dynamics
entering_hypoxia,exiting_hypoxia,0.05386214063041219,0.05310656022214509,1.01422762847201,0.020381480361839222,387,459,0.6976744186046512,E15S,hybrid_dynamics
entering_hypoxia,Il1bpos_TAM,0.04035330793210946,0.04628022677311119,0.8719341011430551,-0.19770899147539972,387,400,0.0033222591362126247,E15S,hybrid_dynamics
entering_hypoxia,CAF,0.049792171804641495,0.04477611940298507,1.11202517030366,0.15318944333237192,387,387,0.016611295681063124,E15S,hybrid_dynamics
entering_hypoxia,transitional,0.03221337028056807,0.031007751937984496,1.0388811915483203,0.05503067429530387,387,268,0.45182724252491696,E15S,hybrid_dynamics
entering_hypoxia,normoxic_stable,0.03299272601316245,0.030429249103320608,1.0842438438470077,0.11668925184606402,387,263,0.09302325581395349,E15S,hybrid_dynamics
entering_hypoxia,persistent_hypoxia,0.03082784897817804,0.03031354853638783,1.0169660256427207,0.02427148307399219,387,262,0.770764119601329,E15S,hybrid_dynamics
entering_hypoxia,entering_deep_hypoxia,0.02658468998960859,0.023255813953488372,1.1431416695531695,0.1930042078362956,387,201,0.026578073089700997,E15S,hybrid_dynamics
entering_hypoxia,NK,0.023207481815032908,0.022908712252690037,1.0130417440774213,0.018693624023207536,387,198,0.8205980066445183,E15S,hybrid_dynamics
entering_hypoxia,reverted_stable,0.014547973675095255,0.013884068031933356,1.0478178039487358,0.06738788081528652,387,120,0.5448504983388704,E15S,hybrid_dynamics
entering_hypoxia,cDC,0.007533772081745757,0.007173435149832234,1.0502321306859448,0.07070823910689773,387,62,0.5946843853820598,E15S,hybrid_dynamics
entering_hypoxia,B,0.004502944232767579,0.004512322110378341,0.9979217180464149,-0.003001447076111581,387,39,0.9966777408637874,E15S,hybrid_dynamics
entering_hypoxia,CD8_exhausted,0.005282299965361967,0.004049519842647229,1.3044262457320996,0.38341537426296457,387,35,0.03322259136212625,E15S,hybrid_dynamics
entering_hypoxia,mDC,0.003550398337374437,0.003933819275714451,0.9025321420566841,-0.14794978298721115,387,34,0.5016611295681063,E15S,hybrid_dynamics
entering_hypoxia,Hypoxic_Tumor,0.0048493245583650845,0.003702418141848895,1.3097722549359196,0.38931597570264875,387,32,0.046511627906976744,E15S,hybrid_dynamics
CAF,Neutrophil,0.14352533564313555,0.1423116973273169,1.0085280292387158,0.012251180214398335,387,1230,0.7375415282392026,E15S,hybrid_dynamics
CAF,C1qcpos_TAM,0.1263750541359896,0.13201434687029967,0.9572827282185434,-0.06298301515124191,387,1141,0.07641196013289037,E15S,hybrid_dynamics
CAF,Stromal,0.12828064097011693,0.13108874233483744,0.9785786230403536,-0.03124032731211898,387,1133,0.4053156146179402,E15S,hybrid_dynamics
CAF,Resident_Macrophage,0.08436552620181897,0.08608122179798681,0.9800688749493567,-0.0290449558061402,387,744,0.5182724252491694,E15S,hybrid_dynamics
CAF,Monocyte,0.07838891294932872,0.0824945042230707,0.9502319419650043,-0.07364839125377146,387,713,0.12956810631229235,E15S,hybrid_dynamics
CAF,Spp1pos_TAM,0.059506279774794286,0.05738748119865787,1.0369209195434417,0.052305871650774126,387,496,0.39867109634551495,E15S,hybrid_dynamics
CAF,exiting_hypoxia,0.056041576440017324,0.05310656022214509,1.0552665472136595,0.07760745179824856,387,459,0.1362126245847176,E15S,hybrid_dynamics
CAF,Il1bpos_TAM,0.0451277609354699,0.04628022677311119,0.9750980944131659,-0.0363807342766675,387,400,0.5548172757475083,E15S,hybrid_dynamics
CAF,entering_hypoxia,0.047899523603291465,0.04477611940298507,1.069756027140176,0.0972818073098456,387,387,0.11960132890365449,E15S,hybrid_dynamics
CAF,transitional,0.03404071026418363,0.031007751937984496,1.097812906019922,0.13463220502038295,387,268,0.036544850498338874,E15S,hybrid_dynamics
CAF,normoxic_stable,0.03204850584668688,0.030429249103320608,1.053213825220208,0.07479836444355874,387,263,0.30564784053156147,E15S,hybrid_dynamics
CAF,persistent_hypoxia,0.03057600692940667,0.03031354853638783,1.0086581217208468,0.012437264953279074,387,262,0.9069767441860465,E15S,hybrid_dynamics
CAF,entering_deep_hypoxia,0.021567778258986574,0.023255813953488372,0.9274144651364227,-0.10871386589129872,387,201,0.24584717607973422,E15S,hybrid_dynamics
CAF,NK,0.022953659592897357,0.022908712252690037,1.0019620195020802,0.002827822590500977,387,198,0.9700996677740864,E15S,hybrid_dynamics
CAF,reverted_stable,0.013165872672152447,0.013884068031933356,0.94827197921178,-0.07662718894538409,387,120,0.5481727574750831,E15S,hybrid_dynamics
CAF,cDC,0.006063230835859679,0.007173435149832234,0.8452339373279872,-0.2425774002223598,387,62,0.1760797342192691,E15S,hybrid_dynamics
CAF,B,0.004850584668687744,0.004512322110378341,1.0749641869607223,0.10428859641490476,387,39,0.5913621262458472,E15S,hybrid_dynamics
CAF,CD8_exhausted,0.00519705500216544,0.004049519842647229,1.2833756109633114,0.3599434718831012,387,35,0.053156146179401995,E15S,hybrid_dynamics
CAF,mDC,0.003118233001299264,0.003933819275714451,0.7926731714773393,-0.33520194658847813,387,34,0.18604651162790697,E15S,hybrid_dynamics
CAF,Hypoxic_Tumor,0.0046773495019488956,0.003702418141848895,1.2633228670420096,0.3372233953830176,387,32,0.06976744186046512,E15S,hybrid_dynamics
transitional,Neutrophil,0.14148231471066117,0.1423116973273169,0.9941720699546702,-0.008432521785775783,268,1230,0.8338870431893688,E15S,hybrid_dynamics
transitional,C1qcpos_TAM,0.12398450193725784,0.13201434687029967,0.9391744524484833,-0.09053493029286235,268,1141,0.046511627906976744,E15S,hybrid_dynamics
transitional,Stromal,0.12910886139232597,0.13108874233483744,0.9848966363758811,-0.021955771346511874,268,1133,0.5946843853820598,E15S,hybrid_dynamics
transitional,Resident_Macrophage,0.08361454818147732,0.08608122179798681,0.9713448117372425,-0.04194457485762625,268,744,0.3787375415282392,E15S,hybrid_dynamics
transitional,Monocyte,0.0817397825271841,0.0824945042230707,0.9908512487832428,-0.013259605336861437,268,713,0.8039867109634552,E15S,hybrid_dynamics
transitional,Spp1pos_TAM,0.05849268841394826,0.05738748119865787,1.0192586813745057,0.027520244805473684,268,496,0.6611295681063123,E15S,hybrid_dynamics
transitional,exiting_hypoxia,0.05311836020497438,0.05310656022214509,1.0002221944479162,0.0003205232202002726,268,459,0.9933554817275747,E15S,hybrid_dynamics
transitional,Il1bpos_TAM,0.03824521934758155,0.04628022677311119,0.8263835770528684,-0.27511651147312877,268,400,0.006644518272425249,E15S,hybrid_dynamics
transitional,entering_hypoxia,0.0477440319960005,0.04477611940298507,1.0662833812440111,0.09259090750028255,268,387,0.17275747508305647,E15S,hybrid_dynamics
transitional,CAF,0.05074365704286964,0.04477611940298507,1.1332750072907554,0.18049799664971022,268,387,0.006644518272425249,E15S,hybrid_dynamics
transitional,normoxic_stable,0.03524559430071241,0.030429249103320608,1.1582801199279749,0.21198419871543553,268,263,0.013289036544850499,E15S,hybrid_dynamics
transitional,persistent_hypoxia,0.03574553180852393,0.03031354853638783,1.1791932496987494,0.23780017084988325,268,262,0.006644518272425249,E15S,hybrid_dynamics
transitional,entering_deep_hypoxia,0.025121859767529058,0.023255813953488372,1.0802399700037495,0.11135183560894418,268,201,0.23920265780730898,E15S,hybrid_dynamics
transitional,NK,0.02524684414448194,0.022908712252690037,1.1020629997007951,0.14020669828112955,268,198,0.14950166112956811,E15S,hybrid_dynamics
transitional,reverted_stable,0.013498312710911136,0.013884068031933356,0.9722159730033746,-0.040651257836105736,268,120,0.7873754152823921,E15S,hybrid_dynamics
transitional,cDC,0.004999375078115236,0.007173435149832234,0.6969290129056449,-0.5209163798905685,268,62,0.03322259136212625,E15S,hybrid_dynamics
transitional,B,0.0054993125859267595,0.004512322110378341,1.218732273850384,0.2853812353839931,268,39,0.19601328903654486,E15S,hybrid_dynamics
transitional,CD8_exhausted,0.004624421947256593,0.004049519842647229,1.1419679682896782,0.19152218429292767,268,35,0.46511627906976744,E15S,hybrid_dynamics
transitional,mDC,0.0028746406699162604,0.003933819275714451,0.7307505679437128,-0.45254904958438247,268,34,0.14285714285714285,E15S,hybrid_dynamics
transitional,Hypoxic_Tumor,0.0038745156855393074,0.003702418141848895,1.0464824709411324,0.06554814599581957,268,32,0.813953488372093,E15S,hybrid_dynamics
normoxic_stable,Neutrophil,0.14141800561081358,0.1423116973273169,0.9937201808896436,-0.009088430700455107,263,1230,0.8571428571428571,E15S,hybrid_dynamics
normoxic_stable,C1qcpos_TAM,0.12892119357306808,0.13201434687029967,0.9765695670920486,-0.034205275021230025,263,1141,0.4418604651162791,E15S,hybrid_dynamics
normoxic_stable,Stromal,0.12433052792654935,0.13108874233483744,0.9484455012084431,-0.07636321781910549,263,1133,0.0664451827242525,E15S,hybrid_dynamics
normoxic_stable,Resident_Macrophage,0.08505483295077786,0.08608122179798681,0.9880765069806088,-0.0173053405590095,263,744,0.7441860465116279,E15S,hybrid_dynamics
normoxic_stable,Monocyte,0.08811527671512369,0.0824945042230707,1.0681351145144657,0.0950941533088076,263,713,0.10631229235880399,E15S,hybrid_dynamics
normoxic_stable,Spp1pos_TAM,0.05215506248406019,0.05738748119865787,0.9088229940518795,-0.13792875808068916,263,496,0.05647840531561462,E15S,hybrid_dynamics
normoxic_stable,exiting_hypoxia,0.05355776587605203,0.05310656022214509,1.0084962319536332,0.012205693616751803,263,459,0.8837209302325582,E15S,hybrid_dynamics
normoxic_stable,Il1bpos_TAM,0.04386636062229023,0.04628022677311119,0.9478423871461362,-0.07728091570818955,263,400,0.3388704318936877,E15S,hybrid_dynamics
normoxic_stable,entering_hypoxia,0.051644988523335884,0.04477611940298507,1.1534047436878347,0.20589886099201393,263,387,0.0033222591362126247,E15S,hybrid_dynamics
normoxic_stable,CAF,0.04794695230808467,0.04477611940298507,1.070815268213891,0.09870961489766414,263,387,0.17940199335548174,E15S,hybrid_dynamics
normoxic_stable,transitional,0.0354501402703392,0.031007751937984496,1.1432670237184392,0.19316240163017226,263,268,0.026578073089700997,E15S,hybrid_dynamics
normoxic_stable,persistent_hypoxia,0.030476919153277226,0.03031354853638783,1.0053893597014316,0.007754325807735583,263,262,0.9534883720930233,E15S,hybrid_dynamics
normoxic_stable,entering_deep_hypoxia,0.02142310635042081,0.023255813953488372,0.9211935730680949,-0.11842374903573112,263,201,0.2724252491694352,E15S,hybrid_dynamics
normoxic_stable,NK,0.025121142565672022,0.022908712252690037,1.0965759353288045,0.1330057187412038,263,198,0.16611295681063123,E15S,hybrid_dynamics
normoxic_stable,reverted_stable,0.015302218821729151,0.013884068031933356,1.102142310635042,0.14031051936443717,263,120,0.25249169435215946,E15S,hybrid_dynamics
normoxic_stable,cDC,0.005865850548329507,0.007173435149832234,0.8177184885356763,-0.2903238349654253,263,62,0.16943521594684385,E15S,hybrid_dynamics
normoxic_stable,B,0.005865850548329507,0.004512322110378341,1.2999627253644084,0.3784702565592014,263,39,0.04983388704318937,E15S,hybrid_dynamics
normoxic_stable,CD8_exhausted,0.0026778882938026014,0.004049519842647229,0.6612853863810253,-0.5966550748017689,263,35,0.06976744186046512,E15S,hybrid_dynamics
normoxic_stable,mDC,0.0026778882938026014,0.003933819275714451,0.6807349565687024,-0.554834899107142,263,34,0.08637873754152824,E15S,hybrid_dynamics
normoxic_stable,Hypoxic_Tumor,0.00408059168579444,0.003702418141848895,1.102142310635042,0.14031051936443717,263,32,0.5780730897009967,E15S,hybrid_dynamics
persistent_hypoxia,Neutrophil,0.15223231418702826,0.1423116973273169,1.0697104809093376,0.0972203814159375,262,1230,0.013289036544850499,E15S,hybrid_dynamics
persistent_hypoxia,C1qcpos_TAM,0.1178201356018933,0.13201434687029967,0.8924797826530796,-0.16410860675011224,262,1141,0.0033222591362126247,E15S,hybrid_dynamics
persistent_hypoxia,Stromal,0.13291544070615324,0.13108874233483744,1.0139348226154303,0.01996491653093005,262,1133,0.6312292358803987,E15S,hybrid_dynamics
persistent_hypoxia,Resident_Macrophage,0.08289625175898682,0.08608122179798681,0.963000408538875,-0.054391684776172906,262,744,0.26245847176079734,E15S,hybrid_dynamics
persistent_hypoxia,Monocyte,0.073045925546885,0.0824945042230707,0.8854641437611879,-0.17549420763381146,262,713,0.0033222591362126247,E15S,hybrid_dynamics
persistent_hypoxia,Spp1pos_TAM,0.05705513624152488,0.05738748119865787,0.9942087551118943,-0.008379287019336433,262,496,0.9136212624584718,E15S,hybrid_dynamics
persistent_hypoxia,exiting_hypoxia,0.05782269412818217,0.05310656022214509,1.0888051096947242,0.12274574244861354,262,459,0.04983388704318937,E15S,hybrid_dynamics
persistent_hypoxia,Il1bpos_TAM,0.046053473199437124,0.04628022677311119,0.9951004221568377,-0.007085969997815994,262,400,0.9235880398671097,E15S,hybrid_dynamics
persistent_hypoxia,entering_hypoxia,0.046181399513880006,0.04477611940298507,1.0313845891433202,0.04458239418999476,262,387,0.5116279069767442,E15S,hybrid_dynamics
persistent_hypoxia,CAF,0.04464628374056544,0.04477611940298507,0.9971003368726281,-0.004189406487524012,262,387,0.9568106312292359,E15S,hybrid_dynamics
persistent_hypoxia,transitional,0.03645899961622106,0.031007751937984496,1.1758027376231293,0.23364604204156575,262,268,0.0033222591362126247,E15S,hybrid_dynamics
persistent_hypoxia,normoxic_stable,0.031086094409620058,0.030429249103320608,1.0215859847237496,0.030810637760712398,262,263,0.7342192691029901,E15S,hybrid_dynamics
persistent_hypoxia,entering_deep_hypoxia,0.02673659971856211,0.023255813953488372,1.1496737878981707,0.2012245643491881,262,201,0.023255813953488372,E15S,hybrid_dynamics
persistent_hypoxia,NK,0.025841115517461943,0.022908712252690037,1.1280038455425434,0.17377198611941927,262,198,0.06976744186046512,E15S,hybrid_dynamics
persistent_hypoxia,reverted_stable,0.01560701036203147,0.013884068031933356,1.1240949213253166,0.1687638654016017,262,120,0.21926910299003322,E15S,hybrid_dynamics
persistent_hypoxia,cDC,0.0060125367788154025,0.007173435149832234,0.8381670222467988,-0.25469033526200374,262,62,0.18604651162790697,E15S,hybrid_dynamics
persistent_hypoxia,B,0.0031981578610720224,0.004512322110378341,0.708760984442192,-0.4966289056402898,262,39,0.08305647840531562,E15S,hybrid_dynamics
persistent_hypoxia,CD8_exhausted,0.003709863118843546,0.004049519842647229,0.9161241981761363,-0.1263848983701603,262,35,0.6511627906976745,E15S,hybrid_dynamics
persistent_hypoxia,mDC,0.0031981578610720224,0.003933819275714451,0.8129905409778084,-0.298689528028381,262,34,0.29900332225913623,E15S,hybrid_dynamics
persistent_hypoxia,Hypoxic_Tumor,0.004733273634386593,0.003702418141848895,1.278427625687604,0.35437048907618374,262,32,0.11295681063122924,E15S,hybrid_dynamics
entering_deep_hypoxia,Neutrophil,0.16911274182788524,0.1423116973273169,1.1883263639174082,0.24893111470990506,201,1230,0.0033222591362126247,E15S,hybrid_dynamics
entering_deep_hypoxia,C1qcpos_TAM,0.10657104736490994,0.13201434687029967,0.8072686786809085,-0.3088791774085204,201,1141,0.0033222591362126247,E15S,hybrid_dynamics
entering_deep_hypoxia,Stromal,0.13525683789192794,0.13108874233483744,1.0317959840246542,0.04515773632992426,201,1133,0.32558139534883723,E15S,hybrid_dynamics
entering_deep_hypoxia,Resident_Macrophage,0.08388925950633756,0.08608122179798681,0.9745361154748327,-0.037212443369337385,201,744,0.5813953488372093,E15S,hybrid_dynamics
entering_deep_hypoxia,Monocyte,0.07521681120747165,0.0824945042230707,0.9117796623649052,-0.13324286525534035,201,713,0.03322259136212625,E15S,hybrid_dynamics
entering_deep_hypoxia,Spp1pos_TAM,0.0518679119412942,0.05738748119865787,0.9038192800576729,-0.1458937623231057,201,496,0.07308970099667775,E15S,hybrid_dynamics
entering_deep_hypoxia,exiting_hypoxia,0.06237491661107405,0.05310656022214509,1.1745237565784596,0.23207589440699558,201,459,0.0033222591362126247,E15S,hybrid_dynamics
entering_deep_hypoxia,Il1bpos_TAM,0.039693128752501666,0.04628022677311119,0.8576692795196798,-0.2215066485336143,201,400,0.013289036544850499,E15S,hybrid_dynamics
entering_deep_hypoxia,entering_hypoxia,0.04869913275517011,0.04477611940298507,1.087613964865466,0.12116658066877395,201,387,0.16611295681063123,E15S,hybrid_dynamics
entering_deep_hypoxia,CAF,0.04169446297531688,0.04477611940298507,0.931176339782077,-0.10287369354915615,201,387,0.2691029900332226,E15S,hybrid_dynamics
entering_deep_hypoxia,transitional,0.031187458305537024,0.031007751937984496,1.005795530353569,0.008337047363031206,201,268,0.9235880398671097,E15S,hybrid_dynamics
entering_deep_hypoxia,normoxic_stable,0.0266844563042028,0.030429249103320608,0.8769344328411589,-0.1894591164717732,201,263,0.11295681063122924,E15S,hybrid_dynamics
entering_deep_hypoxia,persistent_hypoxia,0.03318879252835223,0.03031354853638783,1.0948501290936958,0.13073339693936523,201,262,0.18272425249169436,E15S,hybrid_dynamics
entering_deep_hypoxia,NK,0.021514342895263508,0.022908712252690037,0.9391336648674874,-0.09059758672318857,201,198,0.48172757475083056,E15S,hybrid_dynamics
entering_deep_hypoxia,reverted_stable,0.017011340893929285,0.013884068031933356,1.2252418278852568,0.293066524296144,201,120,0.03986710963455149,E15S,hybrid_dynamics
entering_deep_hypoxia,cDC,0.005503669112741828,0.007173435149832234,0.7672292280875422,-0.3822704130952548,201,62,0.11295681063122924,E15S,hybrid_dynamics
entering_deep_hypoxia,B,0.005003335557038025,0.004512322110378341,1.1088161338328115,0.14902015467943702,201,39,0.5116279069767442,E15S,hybrid_dynamics
entering_deep_hypoxia,CD8_exhausted,0.004169446297531688,0.004049519842647229,1.0296149814161824,0.04210495076292539,201,35,0.8770764119601329,E15S,hybrid_dynamics
entering_deep_hypoxia,mDC,0.00266844563042028,0.003933819275714451,0.6783345759918377,-0.5599310633171726,201,34,0.15946843853820597,E15S,hybrid_dynamics
entering_deep_hypoxia,Hypoxic_Tumor,0.004169446297531688,0.003702418141848895,1.1261413859239493,0.17138796770789166,201,32,0.5714285714285714,E15S,hybrid_dynamics
NK,Neutrophil,0.13747677757135618,0.1423116973273169,0.9660258443489687,-0.04986630850195266,198,1230,0.34219269102990035,E15S,hybrid_dynamics
NK,C1qcpos_TAM,0.12092551933794968,0.13201434687029967,0.9160028603311998,-0.1265759915660226,198,1141,0.023255813953488372,E15S,hybrid_dynamics
NK,Stromal,0.13038338118561055,0.13108874233483744,0.9946192088148561,-0.007783801094032461,198,1133,0.867109634551495,E15S,hybrid_dynamics
NK,Resident_Macrophage,0.09103192028373586,0.08608122179798681,1.0575119449090442,0.08067395910287654,198,744,0.17940199335548174,E15S,hybrid_dynamics
NK,Monocyte,0.08174294882621179,0.0824945042230707,0.9908896307222278,-0.013203721710891052,198,713,0.8305647840531561,E15S,hybrid_dynamics
NK,Spp1pos_TAM,0.0550582671845972,0.05738748119865787,0.9594125066057936,-0.05977684869739486,198,496,0.45514950166112955,E15S,hybrid_dynamics
NK,exiting_hypoxia,0.050836007431177166,0.05310656022214509,0.9572453425439308,-0.0630393591957033,198,459,0.4119601328903654,E15S,hybrid_dynamics
NK,Il1bpos_TAM,0.049822665090356356,0.04628022677311119,1.076543235939875,0.10640626193288154,198,400,0.2159468438538206,E15S,hybrid_dynamics
NK,entering_hypoxia,0.044924843776389126,0.04477611940298507,1.0033215110060238,0.004783986815182084,198,387,0.9568106312292359,E15S,hybrid_dynamics
NK,CAF,0.045262624556662724,0.04477611940298507,1.0108652817654675,0.015590741771764761,198,387,0.8438538205980066,E15S,hybrid_dynamics
NK,transitional,0.031075831785171423,0.031007751937984496,1.0021955750717784,0.003164073057643023,198,268,0.9667774086378738,E15S,hybrid_dynamics
NK,normoxic_stable,0.03327140685694984,0.030429249103320608,1.0934021652647052,0.12882413762247663,198,263,0.18604651162790697,E15S,hybrid_dynamics
NK,persistent_hypoxia,0.034453639587907446,0.03031354853638783,1.13657559907742,0.1846936478924478,198,262,0.0664451827242525,E15S,hybrid_dynamics
NK,entering_deep_hypoxia,0.02482688735010978,0.023255813953488372,1.0675561560547207,0.09431196111583866,198,201,0.4584717607973422,E15S,hybrid_dynamics
NK,reverted_stable,0.013680121601080899,0.013884068031933356,0.9853107583178518,-0.02134928526549109,198,120,0.8438538205980066,E15S,hybrid_dynamics
NK,cDC,0.007937848336429658,0.007173435149832234,1.10656166406067,0.146083848749165,198,62,0.5016611295681063,E15S,hybrid_dynamics
NK,B,0.006248944435061645,0.004512322110378341,1.3848622244163538,0.4697424542251041,198,39,0.04983388704318937,E15S,hybrid_dynamics
NK,CD8_exhausted,0.005911163654788043,0.004049519842647229,1.459719641952373,0.5456913074584028,198,35,0.016611295681063124,E15S,hybrid_dynamics
NK,mDC,0.0021955750717784156,0.003933819275714451,0.5581280983935543,-0.8413318156508448,198,34,0.026578073089700997,E15S,hybrid_dynamics
NK,Hypoxic_Tumor,0.003208917412599223,0.003702418141848895,0.8667085374092214,-0.2063811790980119,198,32,0.5548172757475083,E15S,hybrid_dynamics
reverted_stable,Neutrophil,0.15363128491620112,0.1423116973273169,1.0795408093745742,0.11041778191482751,120,1230,0.059800664451827246,E15S,hybrid_dynamics
reverted_stable,C1qcpos_TAM,0.11871508379888268,0.13201434687029967,0.8992589564187055,-0.1531914715342099,120,1141,0.026578073089700997,E15S,hybrid_dynamics
reverted_stable,Stromal,0.13770949720670392,0.13108874233483744,1.0505058996977423,0.07108426428680387,120,1133,0.23255813953488372,E15S,hybrid_dynamics
reverted_stable,Resident_Macrophage,0.08575418994413408,0.08608122179798681,0.9962008920526221,-0.005491392008444244,120,744,0.973421926910299,E15S,hybrid_dynamics
reverted_stable,Monocyte,0.06955307262569832,0.0824945042230707,0.8431237120671957,-0.24618376064639952,120,713,0.009966777408637873,E15S,hybrid_dynamics
reverted_stable,Spp1pos_TAM,0.05391061452513966,0.05738748119865787,0.9394141962515768,-0.09016669938938703,120,496,0.3754152823920266,E15S,hybrid_dynamics
reverted_stable,exiting_hypoxia,0.06005586592178771,0.05310656022214509,1.1308558805272575,0.17741507990506017,120,459,0.0664451827242525,E15S,hybrid_dynamics
reverted_stable,Il1bpos_TAM,0.0388268156424581,0.04628022677311119,0.8389504189944135,-0.2533425433218094,120,400,0.03322259136212625,E15S,hybrid_dynamics
reverted_stable,entering_hypoxia,0.047206703910614524,0.04477611940298507,1.0542830540037245,0.0762622538671819,120,387,0.47840531561461797,E15S,hybrid_dynamics
reverted_stable,CAF,0.044972067039106146,0.04477611940298507,1.0043761638733706,0.006299695699614472,120,387,0.9435215946843853,E15S,hybrid_dynamics
reverted_stable,transitional,0.030446927374301675,0.031007751937984496,0.981913407821229,-0.0263322919514383,120,268,0.8637873754152824,E15S,hybrid_dynamics
reverted_stable,normoxic_stable,0.03128491620111732,0.030429249103320608,1.0281198886929923,0.04000850649470951,120,263,0.7308970099667774,E15S,hybrid_dynamics
reverted_stable,persistent_hypoxia,0.034636871508379886,0.03031354853638783,1.1426201543775854,0.19234588257883264,120,262,0.16279069767441862,E15S,hybrid_dynamics
reverted_stable,entering_deep_hypoxia,0.030726256983240222,0.023255813953488372,1.3212290502793296,0.4018805960751387,120,201,0.009966777408637873,E15S,hybrid_dynamics
reverted_stable,NK,0.023743016759776536,0.022908712252690037,1.0364186558320636,0.05160688978749985,120,198,0.7109634551495017,E15S,hybrid_dynamics
reverted_stable,cDC,0.005865921787709497,0.007173435149832234,0.8177284195350514,-0.2903063138787071,120,62,0.3953488372093023,E15S,hybrid_dynamics
reverted_stable,B,0.0036312849162011174,0.004512322110378341,0.8047486033519553,-0.3133899269917484,120,39,0.42524916943521596,E15S,hybrid_dynamics
reverted_stable,CD8_exhausted,0.004469273743016759,0.004049519842647229,1.10365522745411,0.14228955678444122,120,35,0.7209302325581395,E15S,hybrid_dynamics
reverted_stable,mDC,0.0022346368715083797,0.003933819275714451,0.5680578376602037,-0.8158902675209317,120,34,0.09302325581395349,E15S,hybrid_dynamics
reverted_stable,Hypoxic_Tumor,0.0033519553072625698,0.003702418141848895,0.9053421787709497,-0.14346492554943607,120,32,0.7906976744186046,E15S,hybrid_dynamics
cDC,Neutrophil,0.13088155759870201,0.1423116973273169,0.9196823596142939,-0.1207924264751769,62,1230,0.18272425249169436,E15S,hybrid_dynamics
cDC,C1qcpos_TAM,0.1416982152514873,0.13201434687029967,1.073354666449259,0.10212686172559918,62,1141,0.19269102990033224,E15S,hybrid_dynamics
cDC,Stromal,0.1508923742563548,0.13108874233483744,1.151070424269792,0.20297610248550252,62,1133,0.006644518272425249,E15S,hybrid_dynamics
cDC,Resident_Macrophage,0.08112493239588967,0.08608122179798681,0.942423105776444,-0.08555318413532009,62,744,0.4418604651162791,E15S,hybrid_dynamics
cDC,Monocyte,0.08274743104380747,0.0824945042230707,1.0030659838872762,0.004416512725594401,62,713,0.973421926910299,E15S,hybrid_dynamics
cDC,Spp1pos_TAM,0.06327744726879395,0.05738748119865787,1.1026350337584396,0.14095534567336002,62,496,0.2757475083056478,E15S,hybrid_dynamics
cDC,exiting_hypoxia,0.05191995673336939,0.05310656022214509,0.97765617875057,-0.03260090621582112,62,459,0.840531561461794,E15S,hybrid_dynamics
cDC,Il1bpos_TAM,0.038939967550027044,0.04628022677311119,0.8413953488372093,-0.2491442518555816,62,400,0.12956810631229235,E15S,hybrid_dynamics
cDC,entering_hypoxia,0.05029745808545159,0.04477611940298507,1.1233098972417523,0.1677559914404518,62,387,0.21926910299003322,E15S,hybrid_dynamics
cDC,CAF,0.04326663061114116,0.04477611940298507,0.9662880836488192,-0.04947472478021719,62,387,0.7840531561461794,E15S,hybrid_dynamics
cDC,transitional,0.024337479718766902,0.031007751937984496,0.7848837209302326,-0.34944915765126694,62,268,0.10963455149501661,E15S,hybrid_dynamics
cDC,normoxic_stable,0.029745808545159545,0.030429249103320608,0.9775400123795207,-0.032772339290812115,62,263,0.8704318936877077,E15S,hybrid_dynamics
cDC,persistent_hypoxia,0.028123309897241752,0.03031354853638783,0.9277472039765666,-0.1081963469195275,62,262,0.5581395348837209,E15S,hybrid_dynamics
cDC,entering_deep_hypoxia,0.020010816657652784,0.023255813953488372,0.8604651162790697,-0.2168113890731482,62,201,0.3388704318936877,E15S,hybrid_dynamics
cDC,NK,0.024878312601406164,0.022908712252690037,1.0859760394644116,0.11899227245423394,62,198,0.5249169435215947,E15S,hybrid_dynamics
cDC,reverted_stable,0.011898323418063819,0.013884068031933356,0.8569767441860465,-0.22267204049439057,62,120,0.5016611295681063,E15S,hybrid_dynamics
cDC,B,0.003244997295835587,0.004512322110378341,0.7191413237924865,-0.4756527816642616,62,39,0.4584717607973422,E15S,hybrid_dynamics
cDC,CD8_exhausted,0.0037858301784748512,0.004049519842647229,0.9348837209302326,-0.09714115841053154,62,35,0.9501661129568106,E15S,hybrid_dynamics
cDC,mDC,0.004326663061114116,0.003933819275714451,1.0998632010943914,0.13732409522649147,62,34,0.7475083056478405,E15S,hybrid_dynamics
cDC,Hypoxic_Tumor,0.005949161709031909,0.003702418141848895,1.6068313953488373,0.6842185551141281,62,32,0.09634551495016612,E15S,hybrid_dynamics
B,Neutrophil,0.11273666092943202,0.1423116973273169,0.792181268628521,-0.33609750621265433,39,1230,0.0033222591362126247,E15S,hybrid_dynamics
B,C1qcpos_TAM,0.14457831325301204,0.13201434687029967,1.0951712194967425,0.13115643896657633,39,1141,0.21262458471760798,E15S,hybrid_dynamics
B,Stromal,0.13080895008605853,0.13108874233483744,0.9978656271789972,-0.0030825399004324257,39,1133,0.9833887043189369,E15S,hybrid_dynamics
B,Resident_Macrophage,0.0981067125645439,0.08608122179798681,1.1396993503969797,0.18865329553320803,39,744,0.15614617940199335,E15S,hybrid_dynamics
B,Monocyte,0.07228915662650602,0.0824945042230707,0.8762905760489362,-0.19051875118863018,39,713,0.19269102990033224,E15S,hybrid_dynamics
B,Spp1pos_TAM,0.04905335628227195,0.05738748119865787,0.8547745127977348,-0.22638420374563578,39,496,0.24584717607973422,E15S,hybrid_dynamics
B,exiting_hypoxia,0.04561101549053356,0.05310656022214509,0.8588584027988705,-0.2195077963741112,39,459,0.2823920265780731,E15S,hybrid_dynamics
B,Il1bpos_TAM,0.06454388984509467,0.04628022677311119,1.3946320998278832,0.4798845931976541,39,400,0.006644518272425249,E15S,hybrid_dynamics
B,entering_hypoxia,0.047332185886402756,0.04477611940298507,1.0570854847963282,0.08009204985674709,39,387,0.6843853820598007,E15S,hybrid_dynamics
B,CAF,0.04388984509466437,0.04477611940298507,0.9802065404475043,-0.028842321696416987,39,387,0.867109634551495,E15S,hybrid_dynamics
B,transitional,0.04216867469879518,0.031007751937984496,1.3599397590361444,0.4435427461339333,39,268,0.019933554817275746,E15S,hybrid_dynamics
B,normoxic_stable,0.04130808950086059,0.030429249103320608,1.3575126142811333,0.44096560390535167,39,263,0.026578073089700997,E15S,hybrid_dynamics
B,persistent_hypoxia,0.024096385542168676,0.03031354853638783,0.7949048100800147,-0.3311459870033486,39,262,0.22591362126245848,E15S,hybrid_dynamics
B,entering_deep_hypoxia,0.025817555938037865,0.023255813953488372,1.110154905335628,0.15076099690608744,39,201,0.584717607973422,E15S,hybrid_dynamics
B,NK,0.03098106712564544,0.022908712252690037,1.35237052104522,0.43549047383920053,39,198,0.0664451827242525,E15S,hybrid_dynamics
B,reverted_stable,0.010327022375215147,0.013884068031933356,0.743803786574871,-0.42700600241086445,39,120,0.3488372093023256,E15S,hybrid_dynamics
B,cDC,0.004302925989672977,0.007173435149832234,0.5998417633668314,-0.7373461230230152,39,62,0.2757475083056478,E15S,hybrid_dynamics
B,CD8_exhausted,0.0025817555938037868,0.004049519842647229,0.6375461027784609,-0.6493984237473123,39,35,0.5415282392026578,E15S,hybrid_dynamics
B,mDC,0.004302925989672977,0.003933819275714451,1.0938290979042218,0.12938734611352043,39,34,0.8372093023255814,E15S,hybrid_dynamics
B,Hypoxic_Tumor,0.0051635111876075735,0.003702418141848895,1.3946320998278832,0.4798845931976541,39,32,0.3754152823920266,E15S,hybrid_dynamics
CD8_exhausted,Neutrophil,0.16603053435114504,0.1423116973273169,1.1666682182088997,0.22239433996570238,35,1230,0.029900332225913623,E15S,hybrid_dynamics
CD8_exhausted,C1qcpos_TAM,0.11450381679389313,0.13201434687029967,0.86735888567013,-0.2052990363365869,35,1141,0.07641196013289037,E15S,hybrid_dynamics
CD8_exhausted,Stromal,0.12404580152671756,0.13108874233483744,0.9462734886102558,-0.07967088844848483,35,1133,0.4850498338870432,E15S,hybrid_dynamics
CD8_exhausted,Resident_Macrophage,0.08301526717557252,0.08608122179798681,0.9643830029549372,-0.05232187091572686,35,744,0.7142857142857143,E15S,hybrid_dynamics
CD8_exhausted,Monocyte,0.07061068702290077,0.0824945042230707,0.8559441345567059,-0.22441145647136196,35,713,0.19933554817275748,E15S,hybrid_dynamics
CD8_exhausted,Spp1pos_TAM,0.05438931297709924,0.05738748119865787,0.9477557098005418,-0.07741285187855716,35,496,0.654485049833887,E15S,hybrid_dynamics
CD8_exhausted,exiting_hypoxia,0.04484732824427481,0.05310656022214509,0.8444781220376191,-0.24386804739259438,35,459,0.22259136212624583,E15S,hybrid_dynamics
CD8_exhausted,Il1bpos_TAM,0.04389312977099236,0.04628022677311119,0.9484208015267175,-0.07640078937413566,35,400,0.717607973421927,E15S,hybrid_dynamics
CD8_exhausted,entering_hypoxia,0.060114503816793896,0.04477611940298507,1.342557251908397,0.42498361169908255,35,387,0.019933554817275746,E15S,hybrid_dynamics
CD8_exhausted,CAF,0.05725190839694656,0.04477611940298507,1.2786259541984732,0.3545942838076845,35,387,0.053156146179401995,E15S,hybrid_dynamics
CD8_exhausted,transitional,0.039122137404580155,0.031007751937984496,1.26168893129771,0.3353562585038876,35,268,0.17275747508305647,E15S,hybrid_dynamics
CD8_exhausted,normoxic_stable,0.02099236641221374,0.030429249103320608,0.6898746117899748,-0.5355939263114288,35,263,0.06976744186046512,E15S,hybrid_dynamics
CD8_exhausted,persistent_hypoxia,0.02194656488549618,0.03031354853638783,0.7239853446768836,-0.46596760113686125,35,262,0.11295681063122924,E15S,hybrid_dynamics
CD8_exhausted,entering_deep_hypoxia,0.02480916030534351,0.023255813953488372,1.066793893129771,0.0932814713057397,35,201,0.7873754152823921,E15S,hybrid_dynamics
CD8_exhausted,NK,0.03244274809160305,0.022908712252690037,1.4161751098774,0.5019996655143062,35,198,0.046511627906976744,E15S,hybrid_dynamics
CD8_exhausted,reverted_stable,0.01431297709923664,0.013884068031933356,1.030892175572519,0.04389344434357631,35,120,0.9933554817275747,E15S,hybrid_dynamics
CD8_exhausted,cDC,0.009541984732824428,0.007173435149832234,1.3301834523516376,0.4116252288440635,35,62,0.48172757475083056,E15S,hybrid_dynamics
CD8_exhausted,B,0.003816793893129771,0.004512322110378341,0.8458602466236054,-0.24150877451867211,35,39,0.6710963455149501,E15S,hybrid_dynamics
CD8_exhausted,mDC,0.0019083969465648854,0.003933819275714451,0.4851257296811854,-1.0435693969067632,35,34,0.23588039867109634,E15S,hybrid_dynamics
CD8_exhausted,Hypoxic_Tumor,0.006679389312977099,0.003702418141848895,1.8040613072519085,0.8512483664011805,35,32,0.09634551495016612,E15S,hybrid_dynamics
mDC,Neutrophil,0.12598425196850394,0.1423116973273169,0.8852698290762435,-0.17581084111774153,34,1230,0.15614617940199335,E15S,hybrid_dynamics
mDC,C1qcpos_TAM,0.16830708661417323,0.13201434687029967,1.2749151179722167,0.3504011977060769,34,1141,0.0033222591362126247,E15S,hybrid_dynamics
mDC,Stromal,0.140748031496063,0.13108874233483744,1.0736851158168335,0.10257095006673432,34,1133,0.3853820598006645,E15S,hybrid_dynamics
mDC,Resident_Macrophage,0.10433070866141732,0.08608122179798681,1.2120031115062229,0.27739340256402834,34,744,0.03986710963455149,E15S,hybrid_dynamics
mDC,Monocyte,0.08759842519685039,0.0824945042230707,1.0618698302613996,0.08660692363137028,34,713,0.584717607973422,E15S,hybrid_dynamics
mDC,Spp1pos_TAM,0.04822834645669291,0.05738748119865787,0.8403983839217678,-0.2508547071628064,34,496,0.2026578073089701,E15S,hybrid_dynamics
mDC,exiting_hypoxia,0.04822834645669291,0.05310656022214509,0.9081429159590344,-0.13900874018973924,34,459,0.5083056478405316,E15S,hybrid_dynamics
mDC,Il1bpos_TAM,0.05019685039370079,0.04628022677311119,1.08462844488189,0.1172009113056318,34,400,0.5448504983388704,E15S,hybrid_dynamics
mDC,entering_hypoxia,0.04133858267716536,0.04477611940298507,0.923228346456693,-0.1152405742567891,34,387,0.6079734219269103,E15S,hybrid_dynamics
mDC,CAF,0.03543307086614173,0.04477611940298507,0.7913385826771654,-0.3376329955932372,34,387,0.15614617940199335,E15S,hybrid_dynamics
mDC,transitional,0.028543307086614175,0.031007751937984496,0.9205216535433072,-0.11947643622133948,34,268,0.6013289036544851,E15S,hybrid_dynamics
mDC,normoxic_stable,0.023622047244094488,0.030429249103320608,0.7762941229304512,-0.36532472946228545,34,263,0.21926910299003322,E15S,hybrid_dynamics
mDC,persistent_hypoxia,0.0265748031496063,0.03031354853638783,0.8766642122978903,-0.189903740265121,34,262,0.5083056478405316,E15S,hybrid_dynamics
mDC,entering_deep_hypoxia,0.02066929133858268,0.023255813953488372,0.8887795275590552,-0.1701025092913075,34,201,0.574750830564784,E15S,hybrid_dynamics
mDC,NK,0.012795275590551181,0.022908712252690037,0.5585331663087569,-0.8402851428296566,34,198,0.016611295681063124,E15S,hybrid_dynamics
mDC,reverted_stable,0.010826771653543307,0.013884068031933356,0.7797982283464567,-0.3588272178623605,34,120,0.3853820598006645,E15S,hybrid_dynamics
mDC,cDC,0.005905511811023622,0.007173435149832234,0.823247396494793,-0.2806020505568584,34,62,0.6378737541528239,E15S,hybrid_dynamics
mDC,B,0.003937007874015748,0.004512322110378341,0.8725015142337976,-0.19677045975338775,34,39,0.7375415282392026,E15S,hybrid_dynamics
mDC,CD8_exhausted,0.001968503937007874,0.004049519842647229,0.48610798650168735,-1.0406512578361056,34,35,0.2691029900332226,E15S,hybrid_dynamics
mDC,Hypoxic_Tumor,0.002952755905511811,0.003702418141848895,0.7975209153543308,-0.32640574016998297,34,32,0.6744186046511628,E15S,hybrid_dynamics
Hypoxic_Tumor,Neutrophil,0.12197686645636173,0.1423116973273169,0.8571106152701905,-0.22244669007856707,32,1230,0.08970099667774087,E15S,hybrid_dynamics
Hypoxic_Tumor,C1qcpos_TAM,0.12197686645636173,0.13201434687029967,0.9239667456462177,-0.11408716614064637,32,1141,0.38205980066445183,E15S,hybrid_dynamics
Hypoxic_Tumor,Stromal,0.15562565720294427,0.13108874233483744,1.187177895150086,0.24753613482889736,32,1133,0.026578073089700997,E15S,hybrid_dynamics
Hypoxic_Tumor,Resident_Macrophage,0.0694006309148265,0.08608122179798681,0.8062226518774803,-0.31074977672911497,32,744,0.07973421926910298,E15S,hybrid_dynamics
Hypoxic_Tumor,Monocyte,0.07045215562565721,0.0824945042230707,0.854022413846501,-0.2276541609656525,32,713,0.19601328903654486,E15S,hybrid_dynamics
Hypoxic_Tumor,Spp1pos_TAM,0.06519453207150368,0.05738748119865787,1.1360410094637223,0.18401491502046302,32,496,0.2857142857142857,E15S,hybrid_dynamics
Hypoxic_Tumor,exiting_hypoxia,0.054679284963196635,0.05310656022214509,1.0296145096664673,0.042104289747747214,32,459,0.8073089700996677,E15S,hybrid_dynamics
Hypoxic_Tumor,Il1bpos_TAM,0.04206098843322818,0.04628022677311119,0.908832807570978,-0.1379131798668992,32,400,0.5514950166112956,E15S,hybrid_dynamics
Hypoxic_Tumor,entering_hypoxia,0.058885383806519455,0.04477611940298507,1.315106905012268,0.39518008093365703,32,387,0.03322259136212625,E15S,hybrid_dynamics
Hypoxic_Tumor,CAF,0.05783385909568875,0.04477611940298507,1.2916228531370488,0.36918487240071257,32,387,0.0664451827242525,E15S,hybrid_dynamics
Hypoxic_Tumor,transitional,0.028391167192429023,0.031007751937984496,0.915615141955836,-0.12718677327384065,32,268,0.6478405315614618,E15S,hybrid_dynamics
Hypoxic_Tumor,normoxic_stable,0.029442691903259727,0.030429249103320608,0.9675786544481894,-0.04754915221423522,32,263,0.8604651162790697,E15S,hybrid_dynamics
Hypoxic_Tumor,persistent_hypoxia,0.03890641430073607,0.03031354853638783,1.2834661786307704,0.36004527911196266,32,262,0.08970099667774087,E15S,hybrid_dynamics
Hypoxic_Tumor,entering_deep_hypoxia,0.024185068349106203,0.023255813953488372,1.0399579390115667,0.056525179898547336,32,201,0.840531561461794,E15S,hybrid_dynamics
Hypoxic_Tumor,NK,0.01892744479495268,0.022908712252690037,0.8262116432463437,-0.27541670361683396,32,198,0.4584717607973422,E15S,hybrid_dynamics
Hypoxic_Tumor,reverted_stable,0.014721345951629864,0.013884068031933356,1.060304942166141,0.08447924146954885,32,120,0.7906976744186046,E15S,hybrid_dynamics
Hypoxic_Tumor,cDC,0.00946372239747634,0.007173435149832234,1.319273430344968,0.39974360607590037,32,62,0.3787375415282392,E15S,hybrid_dynamics
Hypoxic_Tumor,B,0.005257623554153523,0.004512322110378341,1.1651702661166383,0.22054079104557708,32,39,0.654485049833887,E15S,hybrid_dynamics
Hypoxic_Tumor,CD8_exhausted,0.006309148264984227,0.004049519842647229,1.5579990986931052,0.639694398796653,32,35,0.19933554817275748,E15S,hybrid_dynamics
Hypoxic_Tumor,mDC,0.004206098843322818,0.003933819275714451,1.0692150677305623,0.09655207377012376,32,34,0.8272425249169435,E15S,hybrid_dynamics
